,Latitude in degrees,Longitude in degrees,Frequency(MHz),EIRP,HDI,popdens
0,-34.9788888888889,138.708611111111,91.9,32800.0,0.951,3.3698685
1,-34.98,138.707777777778,92.7,32800.0,0.951,
2,-34.98,138.707777777778,93.7,10332.0,0.951,
3,-34.9788888888889,138.708611111111,101.5,32800.0,0.951,
4,-34.9825,138.708333333333,102.3,32800.0,0.951,
5,-34.98,138.707777777778,103.1,32800.0,0.951,
6,-34.9788888888889,138.708611111111,103.9,52480.0,0.951,
7,-34.9811111111111,138.708055555556,104.7,32800.0,0.951,
8,-34.9277777777778,138.596944444444,104.7,1131.6,0.951,
9,-34.9825,138.708333333333,104.7,32800.0,0.951,
10,-34.9788888888889,138.708611111111,105.5,52480.0,0.951,
11,-34.9788888888889,138.708611111111,106.3,52480.0,0.951,
12,-34.9811111111111,138.708055555556,107.1,32800.0,0.951,
13,-34.9277777777778,138.596944444444,107.1,1131.6,0.951,
14,-34.9825,138.708333333333,107.1,32800.0,0.951,
15,-34.9825,138.708333333333,107.1,32800.0,0.951,
16,-34.9788888888889,138.708611111111,107.9,32800.0,0.951,
17,-34.9247222222222,138.602777777778,90.3,3280.0,0.951,
18,-34.9247222222222,138.602777777778,90.3,3280.0,0.951,
19,-34.9247222222222,138.602777777778,95.1,3280.0,0.951,
20,-34.9247222222222,138.602777777778,95.9,3280.0,0.951,
21,-34.9247222222222,138.602777777778,96.7,3280.0,0.951,
22,-34.9247222222222,138.602777777778,97.5,3280.0,0.951,
23,-34.9247222222222,138.602777777778,98.3,3280.0,0.951,
24,-34.9247222222222,138.602777777778,99.1,3280.0,0.951,
25,-34.935,138.604444444444,99.9,4100.0,0.951,
26,-34.9988888888889,138.6225,99.9,656.0,0.951,
27,-13.2447222222222,131.109166666667,98.1,82.0,0.951,
28,-13.2444444444444,131.109166666667,98.9,82.0,0.951,
29,-13.2444444444444,131.109166666667,100.5,82.0,0.951,
30,-13.2447222222222,131.109166666667,101.3,82.0,0.951,
31,-13.2447222222222,131.109166666667,102.1,82.0,0.951,
32,-35.055,138.539166666667,88.7,984.0,0.951,
33,-35.3047222222222,148.094722222222,94.1,32.8,0.951,
34,-24.2161111111111,151.895833333333,98.3,410.0,0.951,
35,-20.2730555555556,148.710277777778,89.9,262.4,0.951,
36,-20.2730555555556,148.710277777778,90.7,410.0,0.951,
37,-20.2730555555556,148.710277777778,91.5,410.0,0.951,
38,-20.2730555555556,148.710277777778,92.3,410.0,0.951,
39,-20.2730555555556,148.710277777778,93.1,262.4,0.951,
40,-20.2730555555556,148.710277777778,93.9,410.0,0.951,
41,-20.2730555555556,148.710277777778,94.7,410.0,0.951,
42,-20.2730555555556,148.710277777778,95.5,262.4,0.951,
43,-34.6569444444444,117.646944444444,93.7,8200.0,0.951,
44,-34.6558333333333,117.6475,95.3,82000.0,0.951,
45,-35.0247222222222,117.894722222222,100.9,13120.0,0.951,
46,-35.0177777777778,117.870833333333,104.9,164.0,0.951,
47,-35.0177777777778,117.870833333333,106.5,164.0,0.951,
48,-36.08,146.913611111111,99.3,16.4,0.951,
49,-36.02,146.961944444444,101.7,3280.0,0.951,
50,-36.2536111111111,146.855,104.9,164000.0,0.951,
51,-36.2536111111111,146.855,105.7,164000.0,0.951,
52,-36.02,146.961944444444,107.3,3280.0,0.951,
53,-37.0766666666667,145.573055555556,102.9,4920.0,0.951,
54,-37.0766666666667,145.573055555556,104.5,4920.0,0.951,
55,-37.2091666666667,145.841666666667,93.7,1640.0,0.951,
56,-37.2091666666667,145.841666666667,106.9,1640.0,0.951,
57,-37.1911111111111,145.710277777778,106.9,656.0,0.951,
58,-19.0561111111111,136.708611111111,105.5,32.8,0.951,
59,-21.0025,134.407222222222,103.7,32.8,0.951,
60,-21.0025,134.407222222222,106.1,32.8,0.951,
61,-23.7225,133.856944444444,94.9,656.0,0.951,
62,-23.7225,133.856944444444,95.9,1640.0,0.951,
63,-23.7225,133.856944444444,96.9,656.0,0.951,
64,-23.7225,133.856944444444,97.9,1312.0,0.951,
65,-23.7225,133.8575,98.7,1640.0,0.951,
66,-23.7225,133.856944444444,99.7,656.0,0.951,
67,-23.7225,133.8575,100.5,1312.0,0.951,
68,-23.7225,133.856944444444,102.1,656.0,0.951,
69,-23.7225,133.856944444444,104.1,1640.0,0.951,
70,-23.6511111111111,146.630833333333,95.9,164.0,0.951,
71,-23.6511111111111,146.630833333333,100.7,41.0,0.951,
72,-23.6511111111111,146.630833333333,102.3,49.2,0.951,
73,-23.6177777777778,146.63,105.7,82.0,0.951,
74,-23.6177777777778,146.63,107.3,82.0,0.951,
75,-13.8505555555556,136.425277777778,98.1,820.0,0.951,
76,-13.8502777777778,136.425277777778,102.1,328.0,0.951,
77,-13.8502777777778,136.425277777778,106.1,262.4,0.951,
78,-13.8502777777778,136.425277777778,107.7,262.4,0.951,
79,-26.15,131.146111111111,106.1,16.4,0.951,
80,-12.9286111111111,141.633888888889,93.3,82.0,0.951,
81,-12.9286111111111,141.633888888889,94.1,82.0,0.951,
82,-12.9286111111111,141.633888888889,94.9,82.0,0.951,
83,-12.9286111111111,141.633888888889,97.3,82.0,0.951,
84,-12.9286111111111,141.633888888889,98.1,82.0,0.951,
85,-12.9286111111111,141.633888888889,98.9,82.0,0.951,
86,-12.9286111111111,141.633888888889,99.7,82.0,0.951,
87,-30.4733333333333,137.166666666667,105.9,82.0,0.951,
88,-30.4733333333333,137.166666666667,107.5,82.0,0.951,
89,-34.4952777777778,139.061944444444,90.7,164.0,0.951,
90,-34.4952777777778,139.061944444444,92.3,164.0,0.951,
91,-34.4952777777778,139.061944444444,94.7,164.0,0.951,
92,-38.7591666666667,143.664166666667,88.7,164.0,0.951,
93,-38.78,143.651388888889,89.5,328.0,0.951,
94,-38.6730555555555,143.722777777778,95.9,410.0,0.951,
95,-38.78,143.651388888889,97.9,410.0,0.951,
96,-22.9680555555556,145.243055555556,98.1,82.0,0.951,
97,-22.9680555555556,145.243055555556,99.7,49.2,0.951,
98,-22.9655555555556,145.247777777778,107.9,82.0,0.951,
99,-37.2702777777778,142.891944444444,92.9,82.0,0.951,
100,-37.2702777777778,142.891944444444,98.5,1640.0,0.951,
101,-16.7097222222222,128.395555555556,102.7,131.2,0.951,
102,-16.7097222222222,128.395555555556,104.3,82.0,0.951,
103,-16.7097222222222,128.395555555556,105.9,82.0,0.951,
104,-16.7097222222222,128.395555555556,107.5,82.0,0.951,
105,-34.3477777777778,147.22,106.9,82.0,0.951,
106,-32.0925,116.034722222222,107.3,328.0,0.951,
107,-30.5441666666667,151.651666666667,92.1,3280.0,0.951,
108,-30.3761111111111,151.601388888889,100.3,16400.0,0.951,
109,-30.3772222222222,151.601944444444,101.1,16400.0,0.951,
110,-30.3772222222222,151.601944444444,101.9,16400.0,0.951,
111,-30.3772222222222,151.601944444444,102.7,6560.0,0.951,
112,-30.3772222222222,151.601944444444,103.5,16400.0,0.951,
113,-30.3761111111111,151.601388888889,104.3,16400.0,0.951,
114,-30.5233333333333,151.663333333333,106.9,16.4,0.951,
115,-33.9483333333333,137.670555555556,89.3,8200.0,0.951,
116,-29.3297222222222,151.118888888889,107.9,82.0,0.951,
117,-17.2230555555556,145.447222222222,88.7,3280.0,0.951,
118,-17.2225,145.4475,97.9,8200.0,0.951,
119,-17.2230555555556,145.447222222222,99.1,3280.0,0.951,
120,-25.7952777777778,146.5875,104.5,164.0,0.951,
121,-25.7952777777778,146.5875,106.1,164.0,0.951,
122,-25.7952777777778,146.5875,106.1,164.0,0.951,
123,-25.8063888888889,146.588888888889,107.7,164.0,0.951,
124,-34.3141666666667,115.156111111111,97.1,328.0,0.951,
125,-34.3275,115.162222222222,98.3,65.6,0.951,
126,-34.3275,115.162222222222,99.1,65.6,0.951,
127,-34.3238888888889,115.159722222222,101.5,131.2,0.951,
128,-34.3275,115.162222222222,101.5,131.2,0.951,
129,-13.3555555555556,141.729722222222,107.7,16.4,0.951,
130,-19.7455555555556,147.495833333333,92.3,1640.0,0.951,
131,-19.7455555555556,147.495833333333,93.1,1640.0,0.951,
132,-19.7455555555556,147.495833333333,97.1,164.0,0.951,
133,-15.9205555555556,145.346944444444,103.9,8.2,0.951,
134,-15.9205555555556,145.346944444444,107.1,49.2,0.951,
135,-17.3830555555556,146.003055555556,94.1,656.0,0.951,
136,-17.3830555555556,146.003055555556,94.9,656.0,0.951,
137,-17.3830555555556,146.003055555556,95.7,656.0,0.951,
138,-17.3830555555556,146.003055555556,102.5,656.0,0.951,
139,-37.6891666666667,144.376944444444,98.5,656.0,0.951,
140,-37.6533333333333,144.4225,98.5,656.0,0.951,
141,-30.3911111111111,115.499166666667,100.3,16.4,0.951,
142,-10.1586111111111,142.167777777778,107.5,16.4,0.951,
143,-37.7055555555556,147.560555555556,97.5,3280.0,0.951,
144,-37.7061111111111,147.560555555556,98.3,8200.0,0.951,
145,-37.7061111111111,147.560555555556,99.9,8200.0,0.951,
146,-37.7055555555556,147.560555555556,105.5,524.8,0.951,
147,-37.7055555555556,147.560555555556,106.3,3280.0,0.951,
148,-37.7055555555556,147.560555555556,107.9,3280.0,0.951,
149,-20.1419444444444,127.982777777778,106.1,32.8,0.951,
150,-37.2825,143.247777777778,105.5,164000.0,0.951,
151,-37.2825,143.247777777778,107.1,164000.0,0.951,
152,-37.2825,143.247777777778,107.9,164000.0,0.951,
153,-37.5752777777778,143.960277777778,94.3,8200.0,0.951,
154,-37.5766666666667,143.9575,95.9,1640.0,0.951,
155,-37.5766666666667,143.9575,99.9,4920.0,0.951,
156,-37.5752777777778,143.960277777778,102.3,32800.0,0.951,
157,-37.5752777777778,143.960277777778,103.1,32800.0,0.951,
158,-37.5766666666667,143.9575,103.9,4920.0,0.951,
159,-27.3997222222222,141.804722222222,102.7,65.6,0.951,
160,-27.3891666666667,141.809722222222,104.3,65.6,0.951,
161,-27.3997222222222,141.804722222222,105.9,65.6,0.951,
162,-28.8630555555556,153.583333333333,101.9,1640.0,0.951,
163,-34.6397222222222,143.565555555556,93.1,82.0,0.951,
164,-34.64,143.562777777778,97.1,41.0,0.951,
165,-24.4486111111111,150.316111111111,88.9,820.0,0.951,
166,-24.4486111111111,150.316111111111,89.7,820.0,0.951,
167,-33.9191666666667,151.010833333333,100.9,278.8,0.951,
168,-23.5566666666667,145.293055555556,97.7,164.0,0.951,
169,-23.5566666666667,145.293055555556,100.9,164.0,0.951,
170,-23.5283333333333,145.259166666667,103.3,82.0,0.951,
171,-23.5566666666667,145.293055555556,105.7,164.0,0.951,
172,-23.5283333333333,145.259166666667,107.3,164.0,0.951,
173,-35.625,144.125277777778,94.9,16.4,0.951,
174,-34.5716666666667,139.005833333333,89.1,1640.0,0.951,
175,-34.5716666666667,139.005833333333,90.5,1640.0,0.951,
176,-41.4905555555556,146.184444444444,94.9,820.0,0.951,
177,-41.4905555555556,146.184444444444,97.3,820.0,0.951,
178,-41.4905555555556,146.184444444444,97.3,820.0,0.951,
179,-31.9625,151.946388888889,93.7,328.0,0.951,
180,-31.9625,151.946388888889,97.7,328.0,0.951,
181,-20.8177777777778,115.438333333333,99.1,32.8,0.951,
182,-20.8177777777778,115.438333333333,100.7,32.8,0.951,
183,-20.8177777777778,115.438333333333,102.3,32.8,0.951,
184,-20.8177777777778,115.438333333333,103.9,32.8,0.951,
185,-20.8177777777778,115.438333333333,105.5,32.8,0.951,
186,-20.8177777777778,115.438333333333,107.1,32.8,0.951,
187,-14.5247222222222,132.866944444444,101.7,32.8,0.951,
188,-14.5247222222222,132.866944444444,102.5,49.2,0.951,
189,-14.5247222222222,132.866944444444,106.1,16.4,0.951,
190,-13.0455555555556,131.026666666667,92.1,32.8,0.951,
191,-13.0455555555556,131.026666666667,92.9,32.8,0.951,
192,-13.0455555555556,131.026666666667,93.7,16.4,0.951,
193,-35.73,150.186388888889,96.3,164.0,0.951,
194,-35.7961111111111,150.005555555556,100.5,90200.0,0.951,
195,-35.7961111111111,150.005555555556,101.9,90200.0,0.951,
196,-35.7961111111111,150.005555555556,103.5,90200.0,0.951,
197,-35.7961111111111,150.005555555556,104.3,32800.0,0.951,
198,-35.7961111111111,150.005555555556,105.1,90200.0,0.951,
199,-35.7961111111111,150.005555555556,105.9,32800.0,0.951,
200,-33.4313888888889,149.805833333333,95.1,13120.0,0.951,
201,-33.4313888888889,149.805833333333,99.3,16400.0,0.951,
202,-33.4152777777778,149.581111111111,99.3,164.0,0.951,
203,-33.4316666666667,149.808611111111,100.1,16400.0,0.951,
204,-33.4316666666667,149.808611111111,100.9,16400.0,0.951,
205,-33.4502777777778,149.5475,91.1,328.0,0.951,
206,-33.4502777777778,149.5475,92.3,1640.0,0.951,
207,-33.4505555555556,149.547222222222,95.9,328.0,0.951,
208,-33.4505555555556,149.547222222222,96.7,328.0,0.951,
209,-33.4505555555556,149.547222222222,97.5,328.0,0.951,
210,-33.4505555555556,149.547222222222,98.3,328.0,0.951,
211,-11.7758333333333,130.567777777778,91.3,246.0,0.951,
212,-11.7758333333333,130.567777777778,92.9,246.0,0.951,
213,-11.7758333333333,130.567777777778,95.3,123.0,0.951,
214,-11.7605555555556,130.638611111111,98.9,41.0,0.951,
215,-35.5458333333333,148.199166666667,92.5,164.0,0.951,
216,-30.4613888888889,117.893055555556,94.1,164.0,0.951,
217,-16.9861111111111,122.664166666667,106.1,32.8,0.951,
218,-27.9263888888889,153.040555555556,89.7,8200.0,0.951,
219,-27.9263888888889,153.040555555556,90.5,328.0,0.951,
220,-27.9263888888889,153.040555555556,92.1,328.0,0.951,
221,-27.9963888888889,153.026388888889,101.5,1640.0,0.951,
222,-24.3616666666667,139.468333333333,99.7,41.0,0.951,
223,-24.3616666666667,139.468333333333,102.9,41.0,0.951,
224,-24.3583333333333,139.471666666667,106.1,82.0,0.951,
225,-24.3583333333333,139.471666666667,107.7,82.0,0.951,
226,-38.6327777777778,143.563333333333,90.9,410.0,0.951,
227,-36.6591666666667,149.905277777778,93.7,1640.0,0.951,
228,-36.545,149.866111111111,94.5,8200.0,0.951,
229,-36.545,149.866111111111,102.5,8200.0,0.951,
230,-36.5980555555556,149.383055555556,89.7,180400.0,0.951,
231,-36.5980555555556,149.383055555556,99.3,180400.0,0.951,
232,-36.5980555555556,149.383055555556,100.1,180400.0,0.951,
233,-36.5980555555556,149.383055555556,100.9,180400.0,0.951,
234,-30.4513888888889,152.886388888889,107.3,328.0,0.951,
235,-37.7561111111111,148.968333333333,104.5,49.2,0.951,
236,-36.5533333333333,145.980277777778,99.3,16.4,0.951,
237,-36.9922222222222,144.308333333333,88.7,10824.0,0.951,
238,-36.9922222222222,144.308333333333,89.5,16400.0,0.951,
239,-36.9922222222222,144.308333333333,90.3,410000.0,0.951,
240,-36.9922222222222,144.308333333333,91.1,410000.0,0.951,
241,-36.9922222222222,144.308333333333,91.9,196800.0,0.951,
242,-36.9922222222222,144.308333333333,92.7,410000.0,0.951,
243,-36.9922222222222,144.308333333333,93.5,196800.0,0.951,
244,-36.9922222222222,144.308333333333,101.5,1640.0,0.951,
245,-36.8611111111111,144.241666666667,96.5,1640.0,0.951,
246,-36.7663888888889,144.244444444444,98.3,410.0,0.951,
247,-36.7663888888889,144.244444444444,105.1,246.0,0.951,
248,-36.7663888888889,144.244444444444,106.7,246.0,0.951,
249,-14.555,133.113888888889,104.1,49.2,0.951,
250,-14.555,133.113888888889,105.7,16.4,0.951,
251,-41.8813888888889,148.296388888889,89.7,82.0,0.951,
252,-41.8813888888889,148.296388888889,91.3,82.0,0.951,
253,-41.8813888888889,148.296111111111,98.5,328.0,0.951,
254,-24.3927777777778,150.510833333333,90.1,16.4,0.951,
255,-24.3922222222222,150.531111111111,94.9,16.4,0.951,
256,-36.1502777777778,142.863611111111,106.5,8200.0,0.951,
257,-25.8966666666667,139.3525,102.9,32.8,0.951,
258,-25.8966666666667,139.3525,104.5,41.0,0.951,
259,-25.8963888888889,139.355277777778,106.1,82.0,0.951,
260,-25.8963888888889,139.355277777778,107.7,82.0,0.951,
261,-24.4202777777778,145.465277777778,95.1,164.0,0.951,
262,-24.4202777777778,145.465277777778,98.3,41.0,0.951,
263,-24.4202777777778,145.465277777778,100.7,164.0,0.951,
264,-24.4313888888889,145.496111111111,107.9,82.0,0.951,
265,-33.8619444444444,150.850555555556,99.9,328.0,0.951,
266,-23.5736111111111,149.0325,90.3,1640.0,0.951,
267,-23.5741666666667,149.032777777778,94.3,1476.0,0.951,
268,-23.5741666666667,149.032777777778,97.5,1640.0,0.951,
269,-23.7244444444444,148.803888888889,103.7,27.88,0.951,
270,-23.7855555555556,148.862222222222,105.3,410.0,0.951,
271,-23.7855555555556,148.862222222222,106.9,410.0,0.951,
272,-23.7122222222222,148.803888888889,98.7,164.0,0.951,
273,-23.7122222222222,148.803888888889,100.3,164.0,0.951,
274,-23.7122222222222,148.803888888889,102.7,164.0,0.951,
275,-22.6919444444444,147.538611111111,88.1,328.0,0.951,
276,-22.6911111111111,147.520555555556,97.5,82.0,0.951,
277,-33.5205555555556,149.251388888889,89.3,1640.0,0.951,
278,-32.7897222222222,116.475277777778,94.9,82.0,0.951,
279,-32.9658333333333,116.449722222222,95.3,16.4,0.951,
280,-32.7525,116.344166666667,95.9,82.0,0.951,
281,-32.7525,116.344166666667,96.7,82.0,0.951,
282,-32.7525,116.344166666667,98.3,82.0,0.951,
283,-28.6047222222222,150.361944444444,107.9,164.0,0.951,
284,-28.0325,147.481111111111,96.3,49.2,0.951,
285,-28.0325,147.481111111111,99.5,49.2,0.951,
286,-36.8511111111111,149.216388888889,91.7,1640.0,0.951,
287,-36.8511111111111,149.216388888889,92.5,1640.0,0.951,
288,-36.8511111111111,149.216388888889,94.1,3280.0,0.951,
289,-36.9030555555556,149.23,103.7,164.0,0.951,
290,-36.8511111111111,149.216388888889,104.5,492.0,0.951,
291,-28.7611111111111,152.637777777778,91.3,82.0,0.951,
292,-28.7611111111111,152.637777777778,92.1,82.0,0.951,
293,-27.9677777777778,152.663055555556,100.1,1640.0,0.951,
294,-36.325,140.779722222222,106.1,2624.0,0.951,
295,-16.0536111111111,136.306388888889,102.9,82.0,0.951,
296,-16.0536111111111,136.306388888889,106.1,82.0,0.951,
297,-16.0536111111111,136.306388888889,107.7,82.0,0.951,
298,-25.2169444444444,148.801388888889,91.7,164.0,0.951,
299,-25.2169444444444,148.801388888889,94.9,164.0,0.951,
300,-22.9127777777778,139.904722222222,101.3,49.2,0.951,
301,-22.9127777777778,139.904722222222,104.5,49.2,0.951,
302,-22.9069444444444,139.910833333333,106.1,82.0,0.951,
303,-22.9069444444444,139.910833333333,107.7,82.0,0.951,
304,-30.0858333333333,145.948611111111,94.5,16.4,0.951,
305,-30.0891666666667,145.938333333333,96.1,16.4,0.951,
306,-30.0827777777778,145.946111111111,99.3,49.2,0.951,
307,-30.1988888888889,146.24,101.1,32800.0,0.951,
308,-30.1988888888889,146.24,102.5,4920.0,0.951,
309,-30.1983333333333,146.239722222222,104.9,4920.0,0.951,
310,-30.1988888888889,146.24,106.5,16400.0,0.951,
311,-30.1983333333333,146.239722222222,107.3,1640.0,0.951,
312,-19.9947222222222,148.105277777778,98.3,3280.0,0.951,
313,-19.9947222222222,148.105277777778,107.9,3280.0,0.951,
314,-20.0063888888889,148.238611111111,92.7,164.0,0.951,
315,-20.0047222222222,148.235833333333,93.5,164.0,0.951,
316,-20.0063888888889,148.238611111111,95.1,164.0,0.951,
317,-20.0063888888889,148.238611111111,96.7,164.0,0.951,
318,-34.4644444444444,150.428333333333,102.9,3280.0,0.951,
319,-34.4644444444444,150.428333333333,107.1,524.8,0.951,
320,-35.4552777777778,149.771388888889,88.9,3280.0,0.951,
321,-35.4552777777778,149.771388888889,100.3,328.0,0.951,
322,-34.4413888888889,119.372222222222,103.5,32.8,0.951,
323,-34.4413888888889,119.372222222222,105.1,41.0,0.951,
324,-29.9633333333333,146.865277777778,89.7,164.0,0.951,
325,-29.9622222222222,146.856388888889,96.1,16.4,0.951,
326,-33.9369444444444,116.1575,97.3,65.6,0.951,
327,-34.055,116.176944444444,100.5,8200.0,0.951,
328,-36.7158333333333,146.972777777778,88.1,82.0,0.951,
329,-36.7158333333333,146.972777777778,88.9,82.0,0.951,
330,-36.7158333333333,146.972777777778,89.7,82.0,0.951,
331,-36.7161111111111,146.973333333333,92.1,82.0,0.951,
332,-36.7158333333333,146.972777777778,92.9,82.0,0.951,
333,-27.4644444444444,152.9475,93.3,157440.0,0.951,
334,-27.4630555555556,152.947222222222,96.5,19680.0,0.951,
335,-27.4630555555556,152.948055555556,97.3,19680.0,0.951,
336,-27.4644444444444,152.9475,97.3,19680.0,0.951,
337,-27.4630555555556,152.947222222222,98.1,19680.0,0.951,
338,-27.4630555555556,152.947222222222,98.9,19680.0,0.951,
339,-27.4630555555556,152.947222222222,102.1,19680.0,0.951,
340,-27.4630555555556,152.947222222222,103.7,19680.0,0.951,
341,-27.4663888888889,152.943333333333,104.5,19680.0,0.951,
342,-27.4630555555556,152.948055555556,104.5,19680.0,0.951,
343,-27.4630555555556,152.948055555556,105.3,19680.0,0.951,
344,-27.4663888888889,152.943333333333,105.3,19680.0,0.951,
345,-27.4663888888889,152.943333333333,105.3,19680.0,0.951,
346,-27.4630555555556,152.948055555556,105.3,19680.0,0.951,
347,-27.4644444444444,152.9475,106.1,157440.0,0.951,
348,-27.4644444444444,152.9475,106.9,19680.0,0.951,
349,-27.4644444444444,152.9475,107.7,157440.0,0.951,
350,-22.4066666666667,117.346111111111,101.3,328.0,0.951,
351,-22.4066666666667,117.346111111111,102.9,328.0,0.951,
352,-22.4066666666667,117.346111111111,104.5,328.0,0.951,
353,-22.4066666666667,117.346111111111,106.1,328.0,0.951,
354,-22.4066666666667,117.346111111111,107.7,328.0,0.951,
355,-22.5933333333333,117.231388888889,100.5,246.0,0.951,
356,-22.5933333333333,117.231388888889,102.1,246.0,0.951,
357,-22.5933333333333,117.231388888889,103.7,246.0,0.951,
358,-22.5933333333333,117.231388888889,105.3,246.0,0.951,
359,-22.5933333333333,117.231388888889,106.9,246.0,0.951,
360,-31.9397222222222,141.443333333333,94.9,6560.0,0.951,
361,-31.9397222222222,141.443333333333,96.5,6560.0,0.951,
362,-31.9513888888889,141.440555555556,100.5,6560.0,0.951,
363,-31.9513888888889,141.440555555556,102.1,6560.0,0.951,
364,-31.9513888888889,141.440555555556,102.9,6560.0,0.951,
365,-31.9513888888889,141.440555555556,103.7,6560.0,0.951,
366,-31.9513888888889,141.440555555556,104.5,6560.0,0.951,
367,-31.9555555555556,141.450277777778,107.7,820.0,0.951,
368,-17.9688888888889,122.218333333333,91.7,164.0,0.951,
369,-17.9675,122.22,94.9,164.0,0.951,
370,-17.9641666666667,122.221388888889,99.7,3280.0,0.951,
371,-17.9641666666667,122.221388888889,101.3,3280.0,0.951,
372,-17.9641666666667,122.221388888889,102.9,3280.0,0.951,
373,-17.9636111111111,122.237222222222,104.5,410.0,0.951,
374,-17.8886111111111,122.263333333333,106.9,3280.0,0.951,
375,-17.8886111111111,122.263333333333,107.7,2624.0,0.951,
376,-32.6711111111111,151.098055555556,89.3,65.6,0.951,
377,-32.6711111111111,151.098055555556,90.1,65.6,0.951,
378,-32.6711111111111,151.098055555556,90.9,65.6,0.951,
379,-13.6652777777778,134.331388888889,104.5,82.0,0.951,
380,-13.6652777777778,134.331388888889,106.1,16.4,0.951,
381,-33.3969444444444,115.915277777778,93.3,164000.0,0.951,
382,-33.3969444444444,115.915277777778,94.1,164000.0,0.951,
383,-33.3397222222222,115.753611111111,95.7,3280.0,0.951,
384,-33.3969444444444,115.915277777778,95.7,90200.0,0.951,
385,-24.8430555555556,152.426944444444,93.1,4920.0,0.951,
386,-24.845,152.426111111111,93.9,4920.0,0.951,
387,-24.845,152.426111111111,94.7,4920.0,0.951,
388,-24.845,152.426111111111,95.5,4920.0,0.951,
389,-24.845,152.426111111111,97.1,32.8,0.951,
390,-35.7555555555556,144.7075,93.9,4920.0,0.951,
391,-17.7402777777778,139.546111111111,96.3,16.4,0.951,
392,-17.7402777777778,139.546111111111,97.9,16.4,0.951,
393,-17.7402777777778,139.546111111111,101.1,49.2,0.951,
394,-41.07,145.951666666667,90.5,1640.0,0.951,
395,-41.07,145.951666666667,97.7,1640.0,0.951,
396,-41.07,145.951666666667,102.5,1640.0,0.951,
397,-41.0513888888889,145.906944444444,95.3,164.0,0.951,
398,-41.0513888888889,145.906944444444,107.3,164.0,0.951,
399,-40.9622222222222,145.723055555556,100.9,32800.0,0.951,
400,-40.9622222222222,145.723055555556,101.7,32800.0,0.951,
401,-33.8486111111111,149.451666666667,88.1,3280.0,0.951,
402,-21.6122222222222,148.1825,95.5,82.0,0.951,
403,-21.6122222222222,148.1825,97.9,82.0,0.951,
404,-21.6122222222222,148.1825,105.9,82.0,0.951,
405,-21.6194444444444,148.1275,92.1,32.8,0.951,
406,-33.8813888888889,151.104444444444,88.1,164.0,0.951,
407,-21.2894444444444,147.865277777778,89.3,123.0,0.951,
408,-21.2894444444444,147.865277777778,90.9,123.0,0.951,
409,-28.6613888888889,153.560833333333,99.9,4920.0,0.951,
410,-27.0544444444444,152.786111111111,101.5,4920.0,0.951,
411,-33.4558333333333,148.986388888889,88.9,16.4,0.951,
412,-33.4558333333333,148.986388888889,89.7,16.4,0.951,
413,-33.4558333333333,148.986388888889,90.5,16.4,0.951,
414,-33.4558333333333,148.986388888889,92.9,16.4,0.951,
415,-17.2641666666667,145.853611111111,101.1,164000.0,0.951,
416,-17.2641666666667,145.853611111111,105.1,164000.0,0.951,
417,-17.2641666666667,145.853611111111,105.9,164000.0,0.951,
418,-17.2641666666667,145.853611111111,106.7,164000.0,0.951,
419,-17.2641666666667,145.853611111111,107.5,164000.0,0.951,
420,-16.9047222222222,145.843333333333,89.1,3280.0,0.951,
421,-16.9047222222222,145.843333333333,90.5,1640.0,0.951,
422,-16.9047222222222,145.843333333333,98.7,16400.0,0.951,
423,-16.9044444444444,145.842777777778,99.5,16400.0,0.951,
424,-16.9044444444444,145.842777777778,102.7,16400.0,0.951,
425,-16.9044444444444,145.842777777778,103.5,16400.0,0.951,
426,-16.9047222222222,145.843333333333,104.3,16400.0,0.951,
427,-16.7369444444444,145.661666666667,93.9,8200.0,0.951,
428,-16.7369444444444,145.661666666667,94.7,16400.0,0.951,
429,-16.7369444444444,145.661666666667,95.5,8200.0,0.951,
430,-16.7369444444444,145.661666666667,96.3,16400.0,0.951,
431,-16.7369444444444,145.661666666667,97.1,16400.0,0.951,
432,-17.9902777777778,124.191666666667,102.1,1640.0,0.951,
433,-37.8286111111111,145.112222222222,94.1,164.0,0.951,
434,-37.8197222222222,145.126666666667,94.1,164.0,0.951,
435,-34.1386111111111,150.665277777778,88.3,164.0,0.951,
436,-19.9205555555556,138.175833333333,106.1,262.4,0.951,
437,-19.9205555555556,138.175833333333,107.7,262.4,0.951,
438,-34.1472222222222,150.670833333333,91.3,1640.0,0.951,
439,-34.1386111111111,150.664722222222,100.3,328.0,0.951,
440,-35.2755555555556,149.097777777778,91.1,32800.0,0.951,
441,-35.2755555555556,149.097777777778,91.9,32800.0,0.951,
442,-35.2755555555556,149.097777777778,92.7,32800.0,0.951,
443,-35.2755555555556,149.097777777778,98.3,32800.0,0.951,
444,-35.2755555555556,149.097777777778,101.5,131200.0,0.951,
445,-35.2755555555556,149.097777777778,102.3,131200.0,0.951,
446,-35.2755555555556,149.097777777778,103.9,131200.0,0.951,
447,-35.2755555555556,149.097777777778,104.7,32800.0,0.951,
448,-35.2755555555556,149.097777777778,105.5,131200.0,0.951,
449,-35.2755555555556,149.097777777778,106.3,32800.0,0.951,
450,-37.5938888888889,148.994722222222,106.1,328.0,0.951,
451,-37.5938888888889,148.994722222222,107.7,328.0,0.951,
452,-21.8347222222222,140.911666666667,99.9,16.4,0.951,
453,-27.9972222222222,153.1825,88.9,82.0,0.951,
454,-27.9972222222222,153.1825,93.7,82.0,0.951,
455,-20.64,117.156944444444,88.5,45.92,0.951,
456,-20.64,117.156944444444,90.1,45.92,0.951,
457,-23.1183333333333,148.040277777778,107.3,82.0,0.951,
458,-35.5975,149.441666666667,88.5,328.0,0.951,
459,-18.2483333333333,145.991666666667,91.9,82.0,0.951,
460,-18.2483333333333,145.991666666667,94.7,492.0,0.951,
461,-21.9263888888889,149.41,89.7,82.0,0.951,
462,-21.9263888888889,149.41,92.9,410.0,0.951,
463,-21.9263888888889,149.41,94.5,410.0,0.951,
464,-24.8836111111111,113.657222222222,96.5,410.0,0.951,
465,-24.9113888888889,113.721111111111,99.7,8200.0,0.951,
466,-24.8686111111111,113.704722222222,101.3,164.0,0.951,
467,-24.9058333333333,113.720555555556,106.1,459.2,0.951,
468,-24.9058333333333,113.720555555556,107.7,459.2,0.951,
469,-28.8441666666667,153.035833333333,107.9,1640.0,0.951,
470,-37.5958333333333,141.392222222222,104.5,82.0,0.951,
471,-25.3480555555556,148.887222222222,90.1,164.0,0.951,
472,-25.3480555555556,148.887222222222,93.3,164.0,0.951,
473,-37.0494444444444,144.196944444444,94.9,1640.0,0.951,
474,-37.0544444444444,144.224722222222,106.3,164.0,0.951,
475,-22.1544444444444,148.059444444444,95.7,164.0,0.951,
476,-32.1525,133.755833333333,102.9,328.0,0.951,
477,-32.125,133.672777777778,94.5,492.0,0.951,
478,-32.1388888888889,133.789444444444,102.1,410.0,0.951,
479,-32.1525,133.755833333333,106.1,4920.0,0.951,
480,-32.1388888888889,133.789444444444,107.7,820.0,0.951,
481,-31.9844444444444,117.189722222222,98.1,131200.0,0.951,
482,-31.9844444444444,117.189722222222,98.9,131200.0,0.951,
483,-31.9844444444444,117.189722222222,99.7,131200.0,0.951,
484,-33.3430555555556,148.983611111111,91.9,8200.0,0.951,
485,-33.3430555555556,148.983611111111,101.9,131200.0,0.951,
486,-33.3430555555556,148.983611111111,102.7,131200.0,0.951,
487,-33.3430555555556,148.983611111111,104.3,131200.0,0.951,
488,-31.3427777777778,149.023333333333,102.3,360800.0,0.951,
489,-31.3427777777778,149.023333333333,105.5,360800.0,0.951,
490,-31.3427777777778,149.023333333333,106.3,360800.0,0.951,
491,-31.3427777777778,149.023333333333,107.1,360800.0,0.951,
492,-31.3427777777778,149.023333333333,107.9,360800.0,0.951,
493,-18.7305555555556,138.616944444444,100.5,82.0,0.951,
494,-18.7305555555556,138.616944444444,101.7,82.0,0.951,
495,-18.7305555555556,138.616944444444,104.9,82.0,0.951,
496,-30.5013888888889,115.071111111111,97.5,32.8,0.951,
497,-30.5013888888889,115.071111111111,99.9,32.8,0.951,
498,-30.5013888888889,115.071111111111,101.5,32.8,0.951,
499,-32.855,151.281666666667,96.5,3280.0,0.951,
500,-23.2919444444444,117.786111111111,92.5,32.8,0.951,
501,-23.2919444444444,117.786111111111,100.9,32.8,0.951,
502,-23.2919444444444,117.786111111111,105.7,32.8,0.951,
503,-13.1658333333333,130.128611111111,96.1,49.2,0.951,
504,-26.4044444444444,146.244444444444,101.7,3280.0,0.951,
505,-26.4161111111111,146.355555555556,104.1,41.0,0.951,
506,-26.4044444444444,146.244444444444,105.7,164.0,0.951,
507,-26.4161111111111,146.355555555556,107.3,984.0,0.951,
508,-36.4377777777778,148.324444444444,91.7,82.0,0.951,
509,-36.4377777777778,148.324444444444,92.5,82.0,0.951,
510,-20.0891666666667,146.2525,95.9,2460.0,0.951,
511,-20.0766666666667,146.266666666667,96.7,82.0,0.951,
512,-20.0894444444444,146.252777777778,97.5,82.0,0.951,
513,-20.0894444444444,146.252777777778,99.1,82.0,0.951,
514,-33.7986111111111,151.179444444444,99.3,328.0,0.951,
515,-25.4227777777778,152.118055555556,102.5,1640.0,0.951,
516,-25.4227777777778,152.118055555556,106.7,1640.0,0.951,
517,-26.7422222222222,150.625555555556,95.5,295.2,0.951,
518,-26.7422222222222,150.625555555556,97.1,295.2,0.951,
519,-22.3438888888889,119.681388888889,90.9,492.0,0.951,
520,-22.3438888888889,119.681388888889,92.5,492.0,0.951,
521,-22.3438888888889,119.681388888889,94.1,492.0,0.951,
522,-22.3438888888889,119.681388888889,95.1,492.0,0.951,
523,-10.4319444444444,105.670277777778,95.7,164.0,0.951,
524,-10.4319444444444,105.670277777778,97.3,164.0,0.951,
525,-10.4319444444444,105.670277777778,98.9,164.0,0.951,
526,-10.4319444444444,105.670277777778,100.5,164.0,0.951,
527,-10.4327777777778,105.683888888889,89.3,32.8,0.951,
528,-10.4327777777778,105.683888888889,90.9,32.8,0.951,
529,-10.4327777777778,105.683888888889,92.5,32.8,0.951,
530,-10.4327777777778,105.683888888889,94.1,32.8,0.951,
531,-10.4327777777778,105.683888888889,103.7,32.8,0.951,
532,-10.4166666666667,105.676111111111,90.1,32.8,0.951,
533,-10.4166666666667,105.676111111111,91.7,32.8,0.951,
534,-10.4166666666667,105.676111111111,93.3,32.8,0.951,
535,-22.3302777777778,149.486388888889,93.3,410.0,0.951,
536,-22.1052777777778,149.527222222222,100.1,672.4,0.951,
537,-22.8386111111111,147.6275,101.3,328.0,0.951,
538,-22.8386111111111,147.6275,102.1,328.0,0.951,
539,-22.8386111111111,147.6275,102.9,328.0,0.951,
540,-22.8386111111111,147.6275,103.7,82.0,0.951,
541,-22.8561111111111,147.644166666667,104.5,164.0,0.951,
542,-22.8561111111111,147.644166666667,106.1,131.2,0.951,
543,-22.8561111111111,147.644166666667,107.7,164.0,0.951,
544,-22.7222222222222,147.648333333333,91.9,164.0,0.951,
545,-22.7061111111111,147.65,92.7,164.0,0.951,
546,-22.7222222222222,147.648333333333,93.5,164.0,0.951,
547,-22.7222222222222,147.648333333333,94.3,164.0,0.951,
548,-33.6586111111111,136.518888888889,97.1,1640.0,0.951,
549,-33.6586111111111,136.518888888889,99.5,1640.0,0.951,
550,-20.7227777777778,140.539166666667,103.7,82.0,0.951,
551,-20.7152777777778,140.500555555556,104.5,82.0,0.951,
552,-20.7152777777778,140.500555555556,105.3,41.0,0.951,
553,-20.7152777777778,140.500555555556,106.1,82.0,0.951,
554,-20.7227777777778,140.539166666667,107.7,82.0,0.951,
555,-22.3347222222222,119.402777777778,95.5,164.0,0.951,
556,-22.3347222222222,119.402777777778,97.1,164.0,0.951,
557,-22.3347222222222,119.402777777778,97.9,164.0,0.951,
558,-22.3347222222222,119.402777777778,99.5,164.0,0.951,
559,-22.3347222222222,119.402777777778,100.3,164.0,0.951,
560,-22.3347222222222,119.402777777778,101.9,164.0,0.951,
561,-22.2847222222222,119.302777777778,89.1,164.0,0.951,
562,-22.2847222222222,119.302777777778,98.7,164.0,0.951,
563,-22.2847222222222,119.302777777778,101.1,164.0,0.951,
564,-22.2847222222222,119.302777777778,103.5,164.0,0.951,
565,-22.2847222222222,119.302777777778,105.1,164.0,0.951,
566,-22.2847222222222,119.302777777778,106.7,164.0,0.951,
567,-31.5161111111111,145.856666666667,101.3,164.0,0.951,
568,-31.5161111111111,145.856666666667,103.7,164.0,0.951,
569,-31.5172222222222,145.856388888889,104.5,164.0,0.951,
570,-31.5161111111111,145.856666666667,105.3,164.0,0.951,
571,-31.5172222222222,145.856388888889,106.1,82.0,0.951,
572,-31.5161111111111,145.856666666667,106.9,164.0,0.951,
573,-31.5172222222222,145.856388888889,107.7,82.0,0.951,
574,-35.9038888888889,145.636944444444,88.5,164.0,0.951,
575,-10.0508333333333,143.063055555556,105.7,16.4,0.951,
576,-12.1883333333333,96.8288888888889,98.9,164.0,0.951,
577,-12.1883333333333,96.8288888888889,100.5,164.0,0.951,
578,-12.1883333333333,96.8288888888889,102.1,164.0,0.951,
579,-13.9377777777778,143.2025,105.9,82.0,0.951,
580,-13.9377777777778,143.2025,107.5,82.0,0.951,
581,-30.2563888888889,153.109166666667,104.1,8200.0,0.951,
582,-30.2563888888889,153.109166666667,105.5,24600.0,0.951,
583,-30.2563888888889,153.109166666667,106.3,24600.0,0.951,
584,-30.2563888888889,153.109166666667,107.1,328.0,0.951,
585,-30.2630555555556,153.118611111111,107.9,1640.0,0.951,
586,-38.2238888888889,143.529444444444,98.3,820.0,0.951,
587,-38.2238888888889,143.529444444444,104.7,16400.0,0.951,
588,-38.2238888888889,143.529444444444,106.3,16400.0,0.951,
589,-29.5441666666667,148.577222222222,97.1,41.0,0.951,
590,-29.5891666666667,148.4925,101.9,1640.0,0.951,
591,-29.5702777777778,148.544444444444,103.5,1640.0,0.951,
592,-33.3694444444444,116.193611111111,96.7,131.2,0.951,
593,-20.5216666666667,147.833055555556,90.1,410.0,0.951,
594,-20.5216666666667,147.833055555556,94.9,410.0,0.951,
595,-20.5241666666667,147.838611111111,103.7,41.0,0.951,
596,-20.5241666666667,147.838611111111,106.1,82.0,0.951,
597,-20.5241666666667,147.838611111111,107.7,82.0,0.951,
598,-20.5444444444444,147.791944444444,96.5,164.0,0.951,
599,-33.0780555555556,147.156388888889,88.9,82.0,0.951,
600,-33.0780555555556,147.156666666667,90.5,164.0,0.951,
601,-33.0780555555556,147.156388888889,92.1,164.0,0.951,
602,-29.0122222222222,134.755277777778,93.3,246.0,0.951,
603,-29.0116666666667,134.759166666667,98.1,41.0,0.951,
604,-29.0105555555556,134.759444444444,99.7,410.0,0.951,
605,-29.0122222222222,134.755277777778,101.3,246.0,0.951,
606,-29.0105555555556,134.759444444444,102.9,1312.0,0.951,
607,-29.0122222222222,134.755277777778,104.5,164.0,0.951,
608,-29.0116666666667,134.759166666667,106.1,82.0,0.951,
609,-29.0116666666667,134.759166666667,107.7,82.0,0.951,
610,-26.6952777777778,141.288055555556,105.1,41.0,0.951,
611,-15.4830555555556,145.195833333333,92.1,328.0,0.951,
612,-15.4830555555556,145.195833333333,93.7,328.0,0.951,
613,-15.4830555555556,145.195833333333,95.3,328.0,0.951,
614,-15.4730555555556,145.250833333333,103.3,164.0,0.951,
615,-15.4730555555556,145.250833333333,105.7,82.0,0.951,
616,-15.4730555555556,145.250833333333,107.3,82.0,0.951,
617,-31.6816666666667,149.838888888889,95.3,3280.0,0.951,
618,-31.8236111111111,149.719444444444,95.3,164.0,0.951,
619,-34.8191666666667,147.201944444444,99.1,32.8,0.951,
620,-34.8058333333333,147.196944444444,103.1,246.0,0.951,
621,-30.9391666666667,121.165555555556,92.3,246.0,0.951,
622,-35.9825,149.025555555556,96.1,73800.0,0.951,
623,-35.9825,149.025555555556,96.9,1640.0,0.951,
624,-35.9825,149.025555555556,97.7,82000.0,0.951,
625,-36.2188888888889,149.130833333333,90.5,246.0,0.951,
626,-36.2347222222222,149.140833333333,95.3,82.0,0.951,
627,-36.2358333333333,149.1275,106.5,246.0,0.951,
628,-31.2783333333333,149.279166666667,92.5,246.0,0.951,
629,-31.3216666666667,149.190277777778,99.5,492.0,0.951,
630,-31.2402777777778,149.304166666667,103.3,820.0,0.951,
631,-31.2402777777778,149.304166666667,104.1,820.0,0.951,
632,-35.6738888888889,139.651111111111,97.7,4920.0,0.951,
633,-30.9602777777778,148.391666666667,91.1,1640.0,0.951,
634,-30.9533333333333,148.390833333333,91.9,164.0,0.951,
635,-29.8813888888889,116.024722222222,101.9,32.8,0.951,
636,-29.8813888888889,116.024722222222,107.1,164.0,0.951,
637,-34.6433333333333,148.049444444444,102.9,246.0,0.951,
638,-34.6433333333333,148.049444444444,105.3,164.0,0.951,
639,-34.6433333333333,148.049444444444,107.7,164.0,0.951,
640,-29.1108333333333,153.258055555556,88.9,1640.0,0.951,
641,-23.1430555555556,113.767777777778,99.7,32.8,0.951,
642,-23.1413888888889,113.773888888889,102.1,32.8,0.951,
643,-21.8572222222222,143.259722222222,107.3,524.8,0.951,
644,-35.9944444444444,146.381111111111,90.9,246.0,0.951,
645,-35.9972222222222,146.388888888889,94.9,16.4,0.951,
646,-36.1855555555555,147.976666666667,95.7,328.0,0.951,
647,-36.1855555555555,147.976666666667,96.5,328.0,0.951,
648,-36.1855555555555,147.976666666667,98.1,328.0,0.951,
649,-36.1922222222222,147.910277777778,98.9,164.0,0.951,
650,-36.1855555555555,147.976666666667,99.7,328.0,0.951,
651,-21.4438888888889,119.673888888889,95.5,82.0,0.951,
652,-21.4438888888889,119.673888888889,97.9,82.0,0.951,
653,-21.4438888888889,119.673888888889,99.5,82.0,0.951,
654,-16.2438888888889,145.436944444444,99.1,49.2,0.951,
655,-33.6822222222222,136.921666666667,89.9,164.0,0.951,
656,-33.6822222222222,136.921666666667,93.9,164.0,0.951,
657,-33.8288888888889,148.697777777778,95.9,164.0,0.951,
658,-33.8291666666667,148.694722222222,99.5,82.0,0.951,
659,-33.8291666666667,148.694722222222,100.7,82.0,0.951,
660,-34.4530555555556,149.483888888889,103.7,164.0,0.951,
661,-34.4552777777778,149.441666666667,104.5,10.004,0.951,
662,-34.4530555555556,149.483888888889,106.1,164.0,0.951,
663,-34.4552777777778,149.441666666667,106.9,10.004,0.951,
664,-18.2038888888889,142.250277777778,105.9,82.0,0.951,
665,-18.2038888888889,142.250277777778,107.5,82.0,0.951,
666,-27.4288888888889,117.900555555556,102.9,32.8,0.951,
667,-27.4288888888889,117.900555555556,104.5,82.0,0.951,
668,-27.4288888888889,117.900555555556,106.1,82.0,0.951,
669,-27.4288888888889,117.900555555556,107.7,82.0,0.951,
670,-35.6677777777778,147.036388888889,91.1,164.0,0.951,
671,-35.6669444444444,147.036944444444,92.5,16.4,0.951,
672,-28.1116666666667,145.691944444444,96.5,164.0,0.951,
673,-28.0658333333333,145.687222222222,99.7,164.0,0.951,
674,-28.0658333333333,145.687222222222,101.3,164.0,0.951,
675,-28.0672222222222,145.685277777778,102.9,41.0,0.951,
676,-28.0658333333333,145.687222222222,104.5,49.2,0.951,
677,-28.0477777777778,145.701944444444,106.1,164.0,0.951,
678,-28.0477777777778,145.701944444444,107.7,164.0,0.951,
679,-23.4955555555556,148.843888888889,105.9,410.0,0.951,
680,-39.9155555555556,143.854444444444,97.3,328.0,0.951,
681,-39.9155555555556,143.854444444444,98.1,328.0,0.951,
682,-39.9155555555556,143.854444444444,98.9,328.0,0.951,
683,-39.9155555555556,143.854444444444,99.7,328.0,0.951,
684,-28.1338888888889,153.454444444444,104.1,1640.0,0.951,
685,-17.4002777777778,130.804444444444,106.1,16.4,0.951,
686,-16.2491666666667,145.322777777778,90.5,49.2,0.951,
687,-21.6955555555556,139.513055555556,96.5,49.2,0.951,
688,-27.1886111111111,151.268888888889,89.9,3280.0,0.951,
689,-27.1833333333333,151.263888888889,94.3,32.8,0.951,
690,-27.2066666666667,151.292777777778,95.9,246.0,0.951,
691,-27.0694444444444,151.269444444444,97.5,984.0,0.951,
692,-30.2772222222222,116.669166666667,104.5,410.0,0.951,
693,-30.2772222222222,116.669166666667,106.1,410.0,0.951,
694,-13.7511111111111,130.689444444444,106.1,82.0,0.951,
695,-13.7511111111111,130.689444444444,107.7,82.0,0.951,
696,-20.6552777777778,116.728055555556,99.3,82.0,0.951,
697,-20.6552777777778,116.728055555556,107.9,82.0,0.951,
698,-26.8922222222222,151.608055555556,104.1,164000.0,0.951,
699,-26.8922222222222,151.608055555556,105.7,164000.0,0.951,
700,-26.8922222222222,151.608055555556,107.3,164000.0,0.951,
701,-27.8986111111111,121.290277777778,101.9,32.8,0.951,
702,-9.58944444444444,143.768055555556,106.1,16.4,0.951,
703,-12.4144444444444,130.969166666667,94.5,24600.0,0.951,
704,-12.4558333333333,130.9325,97.7,24600.0,0.951,
705,-12.4144444444444,130.969166666667,100.1,27880.0,0.951,
706,-12.4144444444444,130.969166666667,100.9,29520.0,0.951,
707,-12.4144444444444,130.969166666667,102.5,31160.0,0.951,
708,-12.4144444444444,130.969166666667,103.3,31160.0,0.951,
709,-12.3738888888889,130.867777777778,104.1,24600.0,0.951,
710,-12.4144444444444,130.969166666667,104.9,27880.0,0.951,
711,-12.4144444444444,130.969166666667,105.7,31160.0,0.951,
712,-12.4144444444444,130.969166666667,107.3,31160.0,0.951,
713,-12.4575,130.835555555556,92.3,164.0,0.951,
714,-12.4813888888889,130.986666666667,90.7,164.0,0.951,
715,-12.3738888888889,130.867777777778,91.5,164.0,0.951,
716,-24.6194444444444,150.0525,90.5,164.0,0.951,
717,-24.6194444444444,150.0525,91.3,164.0,0.951,
718,-24.6194444444444,150.0525,92.1,164.0,0.951,
719,-29.4422222222222,151.850833333333,91.1,8200.0,0.951,
720,-25.9194444444444,113.534166666667,100.5,164.0,0.951,
721,-25.9194444444444,113.534166666667,103.7,164.0,0.951,
722,-25.9241666666667,113.543888888889,105.3,164.0,0.951,
723,-25.9241666666667,113.543888888889,107.5,164.0,0.951,
724,-35.5133333333333,145.005,99.3,3280.0,0.951,
725,-35.5133333333333,145.005,100.9,3280.0,0.951,
726,-35.6680555555556,144.909722222222,102.5,82000.0,0.951,
727,-35.6680555555556,144.909722222222,106.1,1640.0,0.951,
728,-17.3138888888889,123.641666666667,97.9,3280.0,0.951,
729,-17.3283333333333,123.651111111111,101.1,164.0,0.951,
730,-17.3130555555556,123.655555555556,102.7,164.0,0.951,
731,-17.3130555555556,123.655555555556,104.3,164.0,0.951,
732,-17.3022222222222,123.627222222222,105.9,328.0,0.951,
733,-17.3130555555556,123.655555555556,107.5,65.6,0.951,
734,-41.2105555555556,146.327777777778,96.1,5248.0,0.951,
735,-41.1627777777778,146.311944444444,98.9,11480.0,0.951,
736,-41.1627777777778,146.311944444444,98.9,11480.0,0.951,
737,-41.1630555555556,146.310833333333,101.3,3280.0,0.951,
738,-41.1933333333333,146.279444444445,104.7,3280.0,0.951,
739,-41.1627777777778,146.311944444444,107.7,11480.0,0.951,
740,-41.1627777777778,146.311944444444,107.7,11480.0,0.951,
741,-41.2108333333333,146.3275,100.5,1968.0,0.951,
742,-41.2108333333333,146.3275,102.1,1968.0,0.951,
743,-17.1269444444444,145.068888888889,91.7,164.0,0.951,
744,-17.1269444444444,145.068888888889,93.3,164.0,0.951,
745,-28.5847222222222,148.225,95.3,49.2,0.951,
746,-28.5847222222222,148.225,96.9,49.2,0.951,
747,-28.5847222222222,148.225,98.1,164.0,0.951,
748,-28.5577777777778,148.250277777778,107.3,82.0,0.951,
749,-21.7911111111111,146.970555555556,101.3,164.0,0.951,
750,-29.2711111111111,114.931666666667,105.1,164.0,0.951,
751,-29.2711111111111,114.931666666667,106.7,164.0,0.951,
752,-17.9413888888889,138.824166666667,107.7,16.4,0.951,
753,-30.3966666666667,152.688333333333,93.3,5248.0,0.951,
754,-32.3447222222222,148.381388888889,92.7,16400.0,0.951,
755,-32.2802777777778,148.553611111111,93.5,16400.0,0.951,
756,-32.2497222222222,148.602222222222,93.5,492.0,0.951,
757,-32.2530555555556,148.646666666667,94.3,3280.0,0.951,
758,-32.2461111111111,148.604722222222,90.3,164.0,0.951,
759,-32.2461111111111,148.604722222222,91.1,164.0,0.951,
760,-32.2366666666667,148.6775,95.9,1640.0,0.951,
761,-32.2372222222222,148.580555555556,100.5,32.8,0.951,
762,-20.2313888888889,140.141111111111,89.7,32.8,0.951,
763,-20.2313888888889,140.141111111111,91.3,32.8,0.951,
764,-20.2313888888889,140.141111111111,92.9,32.8,0.951,
765,-20.2313888888889,140.141111111111,94.5,32.8,0.951,
766,-28.1419444444444,140.867222222222,105.3,41.0,0.951,
767,-28.1419444444444,140.867222222222,106.9,41.0,0.951,
768,-32.0286111111111,149.398333333333,96.1,1640.0,0.951,
769,-22.5916666666667,148.340277777778,90.9,82.0,0.951,
770,-22.58,148.318333333333,91.7,262.4,0.951,
771,-22.58,148.318333333333,93.3,262.4,0.951,
772,-27.9261111111111,153.2,88.9,82.0,0.951,
773,-27.9261111111111,153.2,91.3,82.0,0.951,
774,-17.6083333333333,145.846388888889,103.3,82.0,0.951,
775,-21.2055555555556,148.003888888889,104.1,82.0,0.951,
776,-36.1377777777778,144.761388888889,104.7,8200.0,0.951,
777,-37.0111111111111,149.889722222222,103.9,1640.0,0.951,
778,-37.0111111111111,149.889722222222,104.7,492.0,0.951,
779,-37.0111111111111,149.889722222222,105.5,1640.0,0.951,
780,-37.0111111111111,149.889722222222,106.3,82.0,0.951,
781,-37.0111111111111,149.889722222222,107.1,1640.0,0.951,
782,-37.0111111111111,149.889722222222,107.9,82.0,0.951,
783,-25.385,151.123055555556,102.7,82.0,0.951,
784,-25.385,151.123888888889,104.3,82.0,0.951,
785,-19.7544444444444,120.672777777778,88.9,16.4,0.951,
786,-37.2766666666667,145.850277777778,97.3,164.0,0.951,
787,-37.2766666666667,145.850277777778,98.1,164.0,0.951,
788,-18.5147222222222,144.089722222222,93.7,16.4,0.951,
789,-18.5147222222222,144.089722222222,95.3,32.8,0.951,
790,-18.5147222222222,144.089722222222,96.9,32.8,0.951,
791,-17.5552777777778,133.544444444444,102.9,1312.0,0.951,
792,-33.585,134.969166666667,89.9,164.0,0.951,
793,-33.585,134.969166666667,93.9,164.0,0.951,
794,-23.4744444444444,148.151111111111,89.1,13120.0,0.951,
795,-23.4744444444444,148.151111111111,90.7,13120.0,0.951,
796,-23.5305555555556,148.154444444444,92.3,16.4,0.951,
797,-23.505,148.174722222222,93.1,410.0,0.951,
798,-23.4744444444444,148.151111111111,93.9,13120.0,0.951,
799,-23.4761111111111,148.150277777778,94.7,8200.0,0.951,
800,-23.4744444444444,148.151111111111,95.5,7380.0,0.951,
801,-29.4558333333333,151.605277777778,93.1,82.0,0.951,
802,-29.8322222222222,115.335,102.1,98.4,0.951,
803,-29.8322222222222,115.335,103.7,49.2,0.951,
804,-29.8180555555556,115.2775,107.7,82.0,0.951,
805,-26.2797222222222,132.131666666667,102.9,32.8,0.951,
806,-26.2797222222222,132.131666666667,106.1,16.4,0.951,
807,-20.44,140.713888888889,89.3,8.2,0.951,
808,-20.44,140.713888888889,90.5,8.2,0.951,
809,-20.4425,140.718055555556,100.5,82.0,0.951,
810,-26.6688888888889,143.269444444444,89.3,49.2,0.951,
811,-33.8625,121.892222222222,89.5,1968.0,0.951,
812,-33.875,121.894722222222,102.3,8200.0,0.951,
813,-33.8752777777778,121.894444444444,102.3,4100.0,0.951,
814,-33.875,121.894722222222,103.1,8200.0,0.951,
815,-33.8752777777778,121.894444444444,103.9,2296.0,0.951,
816,-33.875,121.894722222222,104.7,3280.0,0.951,
817,-33.875,121.894722222222,105.5,820.0,0.951,
818,-33.875,121.894722222222,106.3,3280.0,0.951,
819,-28.1602777777778,145.048055555556,104.9,49.2,0.951,
820,-36.7527777777778,145.588611111111,99.3,16.4,0.951,
821,-21.9294444444444,114.125277777778,95.7,82.0,0.951,
822,-21.9441666666667,114.130833333333,98.1,164.0,0.951,
823,-21.945,114.128888888889,98.9,164.0,0.951,
824,-21.945,114.128888888889,99.7,82.0,0.951,
825,-21.945,114.128888888889,102.9,82.0,0.951,
826,-21.9186111111111,114.121111111111,107.7,82.0,0.951,
827,-29.5719444444444,117.145277777778,102.5,41.0,0.951,
828,-29.5719444444444,117.145277777778,104.1,41.0,0.951,
829,-36.8708333333333,147.275833333333,94.1,1640.0,0.951,
830,-36.8708333333333,147.275833333333,100.5,1640.0,0.951,
831,-25.585,134.573333333333,102.9,65.6,0.951,
832,-25.585,134.573333333333,106.1,65.6,0.951,
833,-18.1902777777778,125.568055555556,102.9,82.0,0.951,
834,-18.1897222222222,125.565555555556,106.1,164.0,0.951,
835,-18.1897222222222,125.565555555556,107.7,164.0,0.951,
836,-37.3425,145.281944444444,97.3,164.0,0.951,
837,-37.3425,145.281944444444,98.1,164.0,0.951,
838,-37.3425,145.281944444444,98.9,164.0,0.951,
839,-18.5875,143.6025,103.7,16.4,0.951,
840,-18.5875,143.6025,105.3,16.4,0.951,
841,-18.5875,143.6025,106.9,32.8,0.951,
842,-32.1580555555556,152.376111111111,100.3,2624.0,0.951,
843,-32.2575,152.120555555556,101.5,16400.0,0.951,
844,-25.3180555555556,118.3425,102.1,49.2,0.951,
845,-38.6916666666667,146.145555555556,89.5,1640.0,0.951,
846,-38.1797222222222,145.120833333333,98.3,16.4,0.951,
847,-26.7638888888889,132.028055555556,106.1,16.4,0.951,
848,-32.0333333333333,115.770555555556,91.3,328.0,0.951,
849,-32.0333333333333,115.770555555556,107.9,1640.0,0.951,
850,-34.2341666666667,118.988888888889,104.9,164.0,0.951,
851,-12.0216666666667,135.573611111111,105.9,82.0,0.951,
852,-12.0241666666667,135.565833333333,106.7,49.2,0.951,
853,-12.0216666666667,135.573611111111,107.5,82.0,0.951,
854,-27.8927777777778,122.365,103.3,32.8,0.951,
855,-27.8927777777778,122.365,104.9,32.8,0.951,
856,-27.8927777777778,122.365,106.5,32.8,0.951,
857,-25.6047222222222,151.540277777778,91.5,1640.0,0.951,
858,-38.1736111111111,144.300277777778,89.3,410.0,0.951,
859,-38.1633333333333,144.603888888889,93.9,91840.0,0.951,
860,-38.1633333333333,144.603888888889,94.7,91840.0,0.951,
861,-38.1633333333333,144.603888888889,95.5,91840.0,0.951,
862,-38.1633333333333,144.603888888889,96.3,91840.0,0.951,
863,-38.1736111111111,144.300277777778,99.5,1312.0,0.951,
864,-43.1480555555556,146.938333333333,95.3,410.0,0.951,
865,-37.4105555555556,149.5475,96.9,164.0,0.951,
866,-41.1030555555556,146.862222222222,95.3,328.0,0.951,
867,-18.3022222222222,143.545,104.5,16.4,0.951,
868,-18.3022222222222,143.545,106.1,65.6,0.951,
869,-18.3022222222222,143.545,107.7,65.6,0.951,
870,-28.6819444444444,114.676944444444,94.9,16400.0,0.951,
871,-28.6838888888889,114.676111111111,96.5,49200.0,0.951,
872,-28.6838888888889,114.676111111111,98.1,49200.0,0.951,
873,-28.6819444444444,114.676944444444,98.9,16400.0,0.951,
874,-28.6819444444444,114.676944444444,99.7,16400.0,0.951,
875,-28.6819444444444,114.676944444444,101.3,16400.0,0.951,
876,-31.7119444444444,148.663611111111,98.9,164.0,0.951,
877,-31.7102777777778,148.6475,101.3,16.4,0.951,
878,-31.7102777777778,148.6475,103.7,164.0,0.951,
879,-24.9916666666667,151.961111111111,104.9,164.0,0.951,
880,-23.8686111111111,151.255555555556,91.9,1640.0,0.951,
881,-23.8686111111111,151.255277777778,93.5,1640.0,0.951,
882,-23.8686111111111,151.255277777778,94.3,328.0,0.951,
883,-23.8686111111111,151.255277777778,95.1,1640.0,0.951,
884,-23.8686111111111,151.255277777778,95.9,328.0,0.951,
885,-23.8686111111111,151.255277777778,96.7,328.0,0.951,
886,-23.8686111111111,151.255277777778,99.1,328.0,0.951,
887,-29.7438888888889,151.751111111111,89.1,49.2,0.951,
888,-29.7169444444444,151.691666666667,105.1,4920.0,0.951,
889,-29.7163888888889,151.6925,105.9,4920.0,0.951,
890,-29.7461111111111,151.751111111111,105.9,4920.0,0.951,
891,-29.7438888888889,151.751111111111,106.7,328.0,0.951,
892,-29.7172222222222,151.691111111111,107.5,4920.0,0.951,
893,-32.4169444444444,151.0775,99.1,16.4,0.951,
894,-32.4169444444444,151.0775,100.9,16.4,0.951,
895,-21.3580555555556,148.109444444444,91.7,410.0,0.951,
896,-21.3580555555556,148.109444444444,92.5,32.8,0.951,
897,-21.3580555555556,148.109444444444,93.3,32.8,0.951,
898,-21.3580555555556,148.109444444444,94.1,82.0,0.951,
899,-32.0077777777778,151.958333333333,99.3,164.0,0.951,
900,-31.9625,151.946666666667,100.1,131.2,0.951,
901,-31.9625,151.946944444444,100.9,328.0,0.951,
902,-31.9625,151.946944444444,102.5,328.0,0.951,
903,-31.9625,151.946666666667,103.3,131.2,0.951,
904,-28.0336111111111,153.242222222222,88.5,42640.0,0.951,
905,-27.9697222222222,153.213611111111,89.3,41000.0,0.951,
906,-28.0336111111111,153.242222222222,90.1,42640.0,0.951,
907,-27.9697222222222,153.213611111111,90.9,41000.0,0.951,
908,-28.0336111111111,153.242222222222,91.7,42640.0,0.951,
909,-27.9697222222222,153.213611111111,92.5,41000.0,0.951,
910,-28.0336111111111,153.242222222222,95.7,42640.0,0.951,
911,-28.0336111111111,153.242222222222,97.7,42640.0,0.951,
912,-27.9697222222222,153.213333333333,102.9,41000.0,0.951,
913,-27.9697222222222,153.213333333333,105.7,16400.0,0.951,
914,-27.9697222222222,153.213333333333,107.3,16400.0,0.951,
915,-28.7847222222222,116.9375,107.9,16.4,0.951,
916,-28.7847222222222,116.9375,101.5,41.0,0.951,
917,-28.7847222222222,116.9375,103.1,41.0,0.951,
918,-28.7847222222222,116.9375,106.3,41.0,0.951,
919,-29.115,147.452222222222,97.7,164.0,0.951,
920,-29.1327777777778,147.481944444444,99.3,82.0,0.951,
921,-29.1327777777778,147.481944444444,100.9,164.0,0.951,
922,-35.4816666666667,138.662777777778,91.5,820.0,0.951,
923,-28.6027777777778,150.359444444444,88.7,984.0,0.951,
924,-28.6027777777778,150.359444444444,89.5,984.0,0.951,
925,-28.5194444444444,150.337777777778,90.3,262.4,0.951,
926,-28.5194444444444,150.337777777778,92.7,328.0,0.951,
927,-28.5194444444444,150.337777777778,94.3,328.0,0.951,
928,-28.5261111111111,150.3025,96.3,820.0,0.951,
929,-28.5261111111111,150.3025,98.7,820.0,0.951,
930,-21.7644444444444,147.978888888889,89.7,410.0,0.951,
931,-21.8111111111111,147.975555555556,93.7,410.0,0.951,
932,-21.7644444444444,147.978888888889,96.1,410.0,0.951,
933,-21.7644444444444,147.978888888889,100.9,410.0,0.951,
934,-21.7644444444444,147.978888888889,102.5,410.0,0.951,
935,-33.4066666666667,151.292777777778,92.5,328.0,0.951,
936,-33.4066666666667,151.296666666667,93.3,3280.0,0.951,
937,-33.4066666666667,151.296666666667,94.1,3280.0,0.951,
938,-33.4066666666667,151.296666666667,94.9,3280.0,0.951,
939,-33.4066666666667,151.296666666667,96.3,3280.0,0.951,
940,-33.4066666666667,151.292777777778,98.1,328.0,0.951,
941,-33.4066666666667,151.296666666667,101.3,26240.0,0.951,
942,-33.3980555555556,151.295833333333,104.5,26240.0,0.951,
943,-33.4105555555556,151.2975,107.7,16400.0,0.951,
944,-34.7583333333333,149.763055555556,93.5,65600.0,0.951,
945,-34.7572222222222,149.763611111111,94.3,1640.0,0.951,
946,-34.7486111111111,149.718055555556,103.3,328.0,0.951,
947,-34.7583333333333,149.763055555556,107.7,57400.0,0.951,
948,-34.7583333333333,149.763055555556,107.7,57400.0,0.951,
949,-34.7572222222222,149.763611111111,88.7,328.0,0.951,
950,-34.7572222222222,149.763611111111,89.5,328.0,0.951,
951,-34.7572222222222,149.763611111111,90.3,328.0,0.951,
952,-34.7572222222222,149.763611111111,99.9,328.0,0.951,
953,-34.7583333333333,149.763055555556,100.7,328.0,0.951,
954,-36.3580555555556,145.695,94.5,164000.0,0.951,
955,-36.3580555555556,145.695,96.1,164000.0,0.951,
956,-36.3580555555556,145.695,97.7,164000.0,0.951,
957,-36.3580555555556,145.695,107.7,8200.0,0.951,
958,-29.7616666666667,152.9325,101.5,1640.0,0.951,
959,-29.7291666666667,152.923055555556,103.1,1640.0,0.951,
960,-29.4894444444444,153.171388888889,104.7,32800.0,0.951,
961,-30.3175,152.859722222222,90.7,32800.0,0.951,
962,-30.3175,152.859722222222,91.5,164000.0,0.951,
963,-30.3175,152.859722222222,92.3,42640.0,0.951,
964,-30.3175,152.859722222222,97.9,164000.0,0.951,
965,-30.3175,152.859722222222,99.5,164000.0,0.951,
966,-28.8122222222222,122.405833333333,89.7,164.0,0.951,
967,-28.8122222222222,122.405833333333,91.3,164.0,0.951,
968,-28.8122222222222,122.405833333333,92.9,164.0,0.951,
969,-32.2577777777778,152.120833333333,93.1,1640.0,0.951,
970,-32.2577777777778,152.120833333333,94.1,1640.0,0.951,
971,-30.0738888888889,114.968333333333,100.1,164.0,0.951,
972,-30.0738888888889,114.968333333333,102.1,24.6,0.951,
973,-30.0738888888889,114.968333333333,105.3,16.4,0.951,
974,-30.0738888888889,114.968333333333,106.1,16.4,0.951,
975,-19.0022222222222,144.989166666667,101.9,82.0,0.951,
976,-19.0022222222222,144.989166666667,105.9,82.0,0.951,
977,-33.9008333333333,148.162222222222,99.5,41.0,0.951,
978,-33.9008333333333,148.162222222222,100.7,41.0,0.951,
979,-34.2916666666667,146.068055555556,90.3,1640.0,0.951,
980,-34.2772222222222,146.0575,95.1,5740.0,0.951,
981,-34.1216666666667,146.235,99.7,82000.0,0.951,
982,-13.8502777777778,136.425277777778,103.7,262.4,0.951,
983,-28.0452777777778,123.741944444444,104.1,164.0,0.951,
984,-28.0452777777778,123.741944444444,105.7,164.0,0.951,
985,-32.3672222222222,149.542222222222,104.7,164.0,0.951,
986,-35.0605555555556,148.109166666667,94.3,32.8,0.951,
987,-35.0605555555556,148.109166666667,95.1,164.0,0.951,
988,-35.0605555555556,148.109166666667,99.1,32.8,0.951,
989,-35.0605555555556,148.109166666667,100.7,32.8,0.951,
990,-30.2844444444444,150.1675,95.9,32800.0,0.951,
991,-30.2844444444444,150.1675,97.5,32800.0,0.951,
992,-16.6638888888889,139.179166666667,107.7,16.4,0.951,
993,-26.1147222222222,152.614722222222,91.5,1640.0,0.951,
994,-26.4227777777778,152.854166666667,93.7,32800.0,0.951,
995,-26.4227777777778,152.854166666667,94.5,32800.0,0.951,
996,-26.4227777777778,152.854166666667,95.3,32800.0,0.951,
997,-26.1847222222222,152.859444444444,96.1,8200.0,0.951,
998,-26.4227777777778,152.854166666667,96.9,32800.0,0.951,
999,-23.4461111111111,131.878888888889,105.9,16.4,0.951,
1000,-21.4891666666667,148.366111111111,95.1,246.0,0.951,
1001,-21.4891666666667,148.366111111111,105.5,820.0,0.951,
1002,-21.4891666666667,148.366111111111,107.9,820.0,0.951,
1003,-33.4252777777778,138.973611111111,107.5,820.0,0.951,
1004,-18.2252777777778,127.671388888889,98.1,98.4,0.951,
1005,-18.2227777777778,127.673055555556,101.3,164.0,0.951,
1006,-18.2186111111111,127.675,102.9,32.8,0.951,
1007,-18.2186111111111,127.675,106.1,164.0,0.951,
1008,-18.2186111111111,127.675,107.7,164.0,0.951,
1009,-37.6833333333333,142.019722222222,88.9,32800.0,0.951,
1010,-37.7455555555556,142.020555555556,102.1,1640.0,0.951,
1011,-36.8563888888889,147.056666666667,94.5,82.0,0.951,
1012,-33.0494444444444,115.934722222222,96.5,1033.2,0.951,
1013,-31.8838888888889,138.681944444444,88.7,1640.0,0.951,
1014,-31.9208333333333,138.445277777778,107.5,82.0,0.951,
1015,-34.4522222222222,144.986388888889,88.1,9840.0,0.951,
1016,-34.4522222222222,144.986388888889,88.9,9840.0,0.951,
1017,-34.4991666666667,144.843055555556,92.1,155.8,0.951,
1018,-17.3769444444444,145.38,93.1,65.6,0.951,
1019,-23.9425,132.776944444444,103.7,738.0,0.951,
1020,-23.9425,132.776944444444,106.1,738.0,0.951,
1021,-25.3105555555556,152.835,107.5,820.0,0.951,
1022,-18.4858333333333,146.176944444444,97.7,82.0,0.951,
1023,-42.8975,147.236388888889,92.9,91840.0,0.951,
1024,-42.8975,147.236388888889,93.9,91840.0,0.951,
1025,-42.7872222222222,147.194166666667,96.1,4920.0,0.951,
1026,-42.8975,147.236388888889,100.9,59040.0,0.951,
1027,-42.8975,147.236388888889,101.7,59040.0,0.951,
1028,-42.8975,147.236388888889,105.7,91840.0,0.951,
1029,-42.8975,147.236388888889,106.5,29520.0,0.951,
1030,-42.8975,147.236388888889,107.3,59040.0,0.951,
1031,-42.92,147.420555555556,92.1,164.0,0.951,
1032,-42.8938888888889,147.468333333333,99.3,164.0,0.951,
1033,-35.7252777777778,147.3125,93.7,246.0,0.951,
1034,-35.7233333333333,147.316388888889,99.3,16.4,0.951,
1035,-22.9555555555556,119.099444444444,101.3,246.0,0.951,
1036,-22.9555555555556,119.099444444444,102.9,246.0,0.951,
1037,-22.9555555555556,119.099444444444,104.5,246.0,0.951,
1038,-22.9555555555556,119.099444444444,106.1,246.0,0.951,
1039,-22.9555555555556,119.099444444444,107.7,246.0,0.951,
1040,-23.1547222222222,119.533055555556,89.5,246.0,0.951,
1041,-23.1547222222222,119.533055555556,91.1,246.0,0.951,
1042,-23.1547222222222,119.533055555556,94.3,246.0,0.951,
1043,-23.1547222222222,119.533055555556,95.9,246.0,0.951,
1044,-23.1547222222222,119.533055555556,99.1,246.0,0.951,
1045,-23.0411111111111,119.032222222222,88.5,246.0,0.951,
1046,-23.0411111111111,119.032222222222,90.1,246.0,0.951,
1047,-23.0411111111111,119.032222222222,91.7,246.0,0.951,
1048,-23.0411111111111,119.032222222222,93.3,246.0,0.951,
1049,-23.0411111111111,119.032222222222,94.9,246.0,0.951,
1050,-15.2975,145.105833333333,107.7,16.4,0.951,
1051,-35.8530555555556,142.290277777778,88.3,820.0,0.951,
1052,-33.9330555555556,120.133611111111,94.1,492.0,0.951,
1053,-33.9330555555556,120.133611111111,95.7,492.0,0.951,
1054,-33.9330555555556,120.133611111111,97.3,41.0,0.951,
1055,-33.9330555555556,120.133611111111,103.7,41.0,0.951,
1056,-33.9330555555556,120.133611111111,105.3,41.0,0.951,
1057,-33.9330555555556,120.133611111111,106.9,41.0,0.951,
1058,-33.71,151.1025,100.1,328.0,0.951,
1059,-36.6405555555556,142.255555555556,89.3,32800.0,0.951,
1060,-36.7130555555556,142.200555555556,96.5,820.0,0.951,
1061,-36.7130555555556,142.200555555556,99.7,328.0,0.951,
1062,-36.8844444444444,142.401666666667,101.3,32800.0,0.951,
1063,-36.6813888888889,142.233333333333,102.9,3280.0,0.951,
1064,-20.8452777777778,144.186944444444,104.3,164.0,0.951,
1065,-20.8452777777778,144.186944444444,105.9,164.0,0.951,
1066,-20.8477777777778,144.185277777778,107.5,82.0,0.951,
1067,-28.9972222222222,144.409166666667,106.1,82.0,0.951,
1068,-43.0075,147.141111111111,98.5,410.0,0.951,
1069,-34.6236111111111,150.694444444444,90.9,246000.0,0.951,
1070,-34.6236111111111,150.694444444444,95.7,246000.0,0.951,
1071,-34.6236111111111,150.694444444444,97.3,246000.0,0.951,
1072,-34.6236111111111,150.694444444444,98.9,246000.0,0.951,
1073,-25.1272222222222,132.571388888889,106.1,16.4,0.951,
1074,-26.9663888888889,133.309444444444,106.1,16.4,0.951,
1075,-18.6897222222222,146.214722222222,96.9,492.0,0.951,
1076,-28.535,151.0925,98.1,1640.0,0.951,
1077,-25.8441666666667,148.5625,101.9,164.0,0.951,
1078,-25.8863888888889,148.521944444444,102.7,164.0,0.951,
1079,-25.8863888888889,148.521944444444,105.9,328.0,0.951,
1080,-25.8863888888889,148.521944444444,107.5,328.0,0.951,
1081,-17.5258333333333,146.029166666667,97.3,41.0,0.951,
1082,-17.6991666666667,146.056111111111,98.3,32800.0,0.951,
1083,-29.7813888888889,151.143611111111,91.9,1640.0,0.951,
1084,-29.7708333333333,151.149444444444,92.7,1640.0,0.951,
1085,-29.7769444444444,151.074444444444,93.5,16400.0,0.951,
1086,-29.7769444444444,151.074444444444,95.1,16400.0,0.951,
1087,-27.5022222222222,152.591666666667,94.9,82000.0,0.951,
1088,-24.2530555555556,144.435555555556,107.7,131.2,0.951,
1089,-32.9208333333333,144.277222222222,106.1,82.0,0.951,
1090,-32.9208333333333,144.277222222222,107.7,82.0,0.951,
1091,-12.6691666666667,132.834722222222,100.5,410.0,0.951,
1092,-12.6725,132.83,102.1,246.0,0.951,
1093,-12.6694444444444,132.834444444444,103.7,41.0,0.951,
1094,-12.6694444444444,132.834444444444,105.3,82.0,0.951,
1095,-12.6694444444444,132.834444444444,107.7,65.6,0.951,
1096,-30.8705555555556,132.216944444444,100.5,41.0,0.951,
1097,-30.8705555555556,132.216944444444,103.7,41.0,0.951,
1098,-30.8705555555556,132.216944444444,105.3,41.0,0.951,
1099,-26.0213888888889,117.268611111111,88.5,49.2,0.951,
1100,-26.0213888888889,117.268611111111,91.9,49.2,0.951,
1101,-26.0213888888889,117.268611111111,94.3,49.2,0.951,
1102,-26.0213888888889,117.268611111111,96.7,49.2,0.951,
1103,-27.6355555555556,142.400277777778,102.9,32.8,0.951,
1104,-27.6355555555556,142.400277777778,106.1,13.12,0.951,
1105,-27.6355555555556,142.400277777778,107.7,16.4,0.951,
1106,-23.3872222222222,148.953888888889,103.3,492.0,0.951,
1107,-23.3872222222222,148.953888888889,104.9,410.0,0.951,
1108,-23.3872222222222,148.953888888889,106.5,410.0,0.951,
1109,-23.2363888888889,148.915555555556,96.7,492.0,0.951,
1110,-23.6025,146.129444444444,101.7,49.2,0.951,
1111,-23.625,146.256111111111,107.7,524.8,0.951,
1112,-35.3427777777778,145.660833333333,94.1,3280.0,0.951,
1113,-23.3588888888889,120.780277777778,106.1,32.8,0.951,
1114,-12.9477777777778,132.560555555556,105.9,32.8,0.951,
1115,-23.3794444444444,120.0525,89.3,123.0,0.951,
1116,-23.3794444444444,120.0525,90.9,123.0,0.951,
1117,-23.3794444444444,120.0525,92.5,123.0,0.951,
1118,-23.3794444444444,120.0525,94.1,123.0,0.951,
1119,-23.3794444444444,120.0525,95.7,123.0,0.951,
1120,-23.3794444444444,120.0525,97.3,123.0,0.951,
1121,-36.3355555555556,148.663611111111,93.9,164.0,0.951,
1122,-36.4011111111111,148.665,94.7,3280.0,0.951,
1123,-36.4011111111111,148.665,95.5,82.0,0.951,
1124,-36.4011111111111,148.665,97.1,82.0,0.951,
1125,-36.4011111111111,148.665,102.7,3280.0,0.951,
1126,-36.4011111111111,148.665,107.3,3280.0,0.951,
1127,-20.6572222222222,141.740555555556,99.5,164.0,0.951,
1128,-20.6525,141.739444444444,107.5,82.0,0.951,
1129,-24.8313888888889,143.061388888889,100.9,49.2,0.951,
1130,-26.3947222222222,120.6375,102.5,41.0,0.951,
1131,-26.3947222222222,120.6375,104.1,41.0,0.951,
1132,-26.3947222222222,120.6375,105.7,41.0,0.951,
1133,-26.3947222222222,120.6375,107.3,41.0,0.951,
1134,-34.8752777777778,147.576666666667,97.9,32.8,0.951,
1135,-34.8752777777778,147.576666666667,98.7,246.0,0.951,
1136,-34.8752777777778,147.576388888889,99.5,49.2,0.951,
1137,-30.2944444444444,115.050555555556,96.7,164.0,0.951,
1138,-30.2944444444444,115.050555555556,98.3,164.0,0.951,
1139,-30.2944444444444,115.050555555556,100.7,164.0,0.951,
1140,-30.2944444444444,115.050555555556,103.1,246.0,0.951,
1141,-30.2944444444444,115.050555555556,104.7,246.0,0.951,
1142,-30.2822222222222,115.068055555556,107.9,328.0,0.951,
1143,-31.9783333333333,116.061944444444,102.5,328.0,0.951,
1144,-27.7055555555556,114.175,102.9,82.0,0.951,
1145,-27.7055555555556,114.175,104.5,82.0,0.951,
1146,-27.7055555555556,114.175,105.3,32.8,0.951,
1147,-27.7055555555556,114.175,106.1,82.0,0.951,
1148,-27.7055555555556,114.175,107.7,82.0,0.951,
1149,-30.7172222222222,121.440277777778,95.5,9840.0,0.951,
1150,-30.7702777777778,121.507777777778,96.3,9840.0,0.951,
1151,-30.7172222222222,121.440277777778,97.1,9840.0,0.951,
1152,-30.7355555555556,121.501111111111,97.9,9840.0,0.951,
1153,-30.7355555555556,121.501111111111,97.9,6560.0,0.951,
1154,-30.7172222222222,121.440277777778,98.7,9840.0,0.951,
1155,-30.7172222222222,121.440277777778,100.3,9840.0,0.951,
1156,-30.7436111111111,121.4775,104.3,164.0,0.951,
1157,-30.7811111111111,121.512777777778,91.9,16.4,0.951,
1158,-30.7811111111111,121.512777777778,92.7,16.4,0.951,
1159,-30.7811111111111,121.512777777778,93.5,16.4,0.951,
1160,-30.7811111111111,121.512777777778,94.3,16.4,0.951,
1161,-17.4455555555556,130.836944444444,98.1,49.2,0.951,
1162,-14.2955555555556,126.6425,106.1,32.8,0.951,
1163,-31.21,121.673055555556,93.9,820.0,0.951,
1164,-31.2111111111111,121.673333333333,94.7,32.8,0.951,
1165,-31.21,121.673055555556,94.7,32.8,0.951,
1166,-31.21,121.673055555556,106.7,164.0,0.951,
1167,-32.8719444444444,149.989722222222,96.3,82.0,0.951,
1168,-32.8066666666667,149.750555555556,97.9,410.0,0.951,
1169,-32.8719444444444,149.990277777778,98.7,1640.0,0.951,
1170,-32.8719444444444,149.989722222222,100.3,82.0,0.951,
1171,-35.7736111111111,137.516111111111,90.7,4920.0,0.951,
1172,-34.3155555555556,139.126944444444,99.5,1640.0,0.951,
1173,-29.1813888888889,116.704444444444,100.5,49.2,0.951,
1174,-29.1813888888889,116.704444444444,102.1,49.2,0.951,
1175,-29.1813888888889,116.704444444444,103.7,49.2,0.951,
1176,-29.1813888888889,116.704444444444,105.3,49.2,0.951,
1177,-29.1813888888889,116.704444444444,106.9,49.2,0.951,
1178,-23.7619444444444,120.096666666667,105.3,16.4,0.951,
1179,-34.9772222222222,139.837777777778,95.3,3280.0,0.951,
1180,-20.7355555555556,116.859166666667,100.9,164.0,0.951,
1181,-20.7491666666667,116.831944444444,101.7,1640.0,0.951,
1182,-20.7355555555556,116.859166666667,102.5,1640.0,0.951,
1183,-20.7355555555556,116.859166666667,103.3,82.0,0.951,
1184,-20.7355555555556,116.859166666667,104.1,164.0,0.951,
1185,-20.7355555555556,116.859166666667,106.5,1640.0,0.951,
1186,-17.4977777777778,140.838333333333,98.1,82.0,0.951,
1187,-17.4977777777778,140.838333333333,104.5,164.0,0.951,
1188,-17.4977777777778,140.838333333333,106.1,65.6,0.951,
1189,-17.4977777777778,140.838333333333,107.7,65.6,0.951,
1190,-33.6494444444444,117.500555555556,94.9,8200.0,0.951,
1191,-33.6811111111111,117.568055555556,97.3,16.4,0.951,
1192,-14.4455555555556,132.295833333333,94.9,164.0,0.951,
1193,-14.4444444444444,132.273888888889,98.1,1640.0,0.951,
1194,-14.4455555555556,132.295833333333,99.7,164.0,0.951,
1195,-14.4455555555556,132.295833333333,101.3,1640.0,0.951,
1196,-14.4722222222222,132.279166666667,103.7,1640.0,0.951,
1197,-14.4741666666667,132.285555555556,104.5,328.0,0.951,
1198,-14.4722222222222,132.279166666667,105.3,1640.0,0.951,
1199,-14.4722222222222,132.279166666667,106.1,3280.0,0.951,
1200,-14.4444444444444,132.273888888889,106.9,1640.0,0.951,
1201,-33.7108333333333,150.312777777778,89.1,328.0,0.951,
1202,-33.7230555555556,150.385277777778,96.1,8200.0,0.951,
1203,-33.7230555555556,150.385277777778,99.5,1640.0,0.951,
1204,-33.7230555555556,150.385277777778,101.1,1640.0,0.951,
1205,-36.0077777777778,140.336666666667,96.9,3280.0,0.951,
1206,-36.085,140.3975,99.1,410.0,0.951,
1207,-36.0330555555556,140.329166666667,104.5,2624.0,0.951,
1208,-31.0577777777778,152.797777777778,101.5,1640.0,0.951,
1209,-31.0577777777778,152.797777777778,103.1,1640.0,0.951,
1210,-30.8136111111111,152.919444444444,105.1,16400.0,0.951,
1211,-30.8136111111111,152.919444444444,106.7,16400.0,0.951,
1212,-35.7644444444444,143.960555555556,98.7,1640.0,0.951,
1213,-36.2113888888889,148.128055555556,88.1,59.04,0.951,
1214,-36.2113888888889,148.128055555556,89.7,59.04,0.951,
1215,-36.2113888888889,148.128055555556,91.3,59.04,0.951,
1216,-33.1386111111111,136.419166666667,89.9,164.0,0.951,
1217,-33.1386111111111,136.419166666667,93.9,164.0,0.951,
1218,-40.0363888888889,144.016666666667,88.5,2624.0,0.951,
1219,-26.6002777777778,151.868611111111,89.1,24600.0,0.951,
1220,-26.54,151.838333333333,93.1,41.0,0.951,
1221,-26.5319444444444,151.849722222222,96.3,82.0,0.951,
1222,-37.51,145.316111111111,94.5,820.0,0.951,
1223,-37.5252777777778,145.336388888889,94.5,492.0,0.951,
1224,-35.6466666666667,137.625,95.5,4920.0,0.951,
1225,-37.0327777777778,139.811388888889,92.9,3280.0,0.951,
1226,-37.0508333333333,139.824444444444,107.3,3280.0,0.951,
1227,-23.2730555555556,129.390833333333,102.9,65.6,0.951,
1228,-23.2730555555556,129.390833333333,106.1,65.6,0.951,
1229,-23.2752777777778,129.388611111111,107.7,65.6,0.951,
1230,-22.8180555555556,127.763888888889,106.1,32.8,0.951,
1231,-11.3180555555556,132.125555555556,104.5,16.4,0.951,
1232,-26.9272222222222,150.780833333333,92.5,41.0,0.951,
1233,-22.5136111111111,119.022222222222,89.7,32.8,0.951,
1234,-22.5136111111111,119.022222222222,91.3,32.8,0.951,
1235,-22.5136111111111,119.022222222222,92.9,32.8,0.951,
1236,-22.5136111111111,119.022222222222,94.5,32.8,0.951,
1237,-22.5136111111111,119.022222222222,96.1,32.8,0.951,
1238,-28.0933333333333,152.823333333333,102.5,164.0,0.951,
1239,-28.0933333333333,152.823333333333,103.3,164.0,0.951,
1240,-30.8261111111111,117.484444444444,102.3,328.0,0.951,
1241,-15.4772222222222,141.7475,101.3,32.8,0.951,
1242,-32.6719444444444,118.154166666667,95.1,65.6,0.951,
1243,-15.7630555555556,128.740555555556,102.5,164.0,0.951,
1244,-15.7630555555556,128.740555555556,104.1,164.0,0.951,
1245,-15.7727777777778,128.741388888889,105.7,328.0,0.951,
1246,-15.7630555555556,128.740555555556,107.3,82.0,0.951,
1247,-15.7836111111111,128.733611111111,96.9,410.0,0.951,
1248,-15.7836111111111,128.733611111111,100.1,410.0,0.951,
1249,-37.3833333333333,144.576666666667,100.7,1640.0,0.951,
1250,-28.5711111111111,153.070833333333,104.3,1640.0,0.951,
1251,-19.9058333333333,139.107777777778,95.7,16.4,0.951,
1252,-19.9058333333333,139.107777777778,98.1,16.4,0.951,
1253,-19.9058333333333,139.107777777778,100.5,16.4,0.951,
1254,-18.685,121.778888888889,102.1,3.28,0.951,
1255,-18.685,121.778888888889,106.1,32.8,0.951,
1256,-18.3363888888889,130.635277777778,102.9,65.6,0.951,
1257,-18.3363888888889,130.635277777778,106.1,65.6,0.951,
1258,-33.3658333333333,146.216111111111,101.5,8200.0,0.951,
1259,-33.1797222222222,151.595277777778,97.3,1640.0,0.951,
1260,-22.4594444444444,148.412222222222,97.5,82.0,0.951,
1261,-22.4594444444444,148.412222222222,99.1,82.0,0.951,
1262,-22.4594444444444,148.412222222222,100.7,82.0,0.951,
1263,-22.4594444444444,148.412222222222,103.1,164.0,0.951,
1264,-15.9005555555556,144.846944444444,106.1,32.8,0.951,
1265,-15.9005555555556,144.846944444444,107.7,32.8,0.951,
1266,-37.8669444444444,148.023611111111,89.9,262.4,0.951,
1267,-37.8583333333333,148.006944444444,90.7,262.4,0.951,
1268,-35.3305555555556,140.517222222222,107.5,164.0,0.951,
1269,-30.985,115.385555555556,102.3,246.0,0.951,
1270,-30.985,115.385555555556,103.9,246.0,0.951,
1271,-38.2408333333333,146.286111111111,91.9,1640.0,0.951,
1272,-38.3991666666667,146.564722222222,95.1,328000.0,0.951,
1273,-38.3991666666667,146.564722222222,96.7,328000.0,0.951,
1274,-38.3991666666667,146.564722222222,100.7,328000.0,0.951,
1275,-38.3991666666667,146.564722222222,101.5,328000.0,0.951,
1276,-38.3991666666667,146.564722222222,103.9,16400.0,0.951,
1277,-38.2016666666667,146.313333333333,104.7,6560.0,0.951,
1278,-41.3916666666667,147.426111111111,89.3,8200.0,0.951,
1279,-41.3916666666667,147.426111111111,90.1,8200.0,0.951,
1280,-41.4405555555556,147.146666666667,102.7,328.0,0.951,
1281,-41.4363888888889,147.098055555556,103.7,3280.0,0.951,
1282,-41.4363888888889,147.098055555556,105.3,5248.0,0.951,
1283,-41.4544444444445,147.125555555556,106.9,5248.0,0.951,
1284,-41.4397222222222,147.137777777778,100.3,328.0,0.951,
1285,-41.4397222222222,147.137777777778,101.1,328.0,0.951,
1286,-15.5591666666667,144.445,106.1,82.0,0.951,
1287,-15.5591666666667,144.445,107.7,82.0,0.951,
1288,-28.6283333333333,122.399444444444,94.9,246.0,0.951,
1289,-28.6238888888889,122.401111111111,98.1,32.8,0.951,
1290,-28.6238888888889,122.401111111111,98.9,32.8,0.951,
1291,-28.6191666666667,122.398888888889,102.1,65.6,0.951,
1292,-28.6191666666667,122.398888888889,104.5,82.0,0.951,
1293,-28.6280555555556,122.399166666667,106.1,82.0,0.951,
1294,-28.6280555555556,122.399166666667,107.7,82.0,0.951,
1295,-29.9516666666667,114.976666666667,102.5,49.2,0.951,
1296,-29.9516666666667,114.976666666667,104.1,24.6,0.951,
1297,-29.9619444444444,114.979444444444,107.3,164.0,0.951,
1298,-30.5991666666667,138.404444444444,97.7,328.0,0.951,
1299,-30.5577777777778,138.423333333333,103.3,328.0,0.951,
1300,-30.5997222222222,138.404166666667,106.1,82.0,0.951,
1301,-27.9144444444444,120.705,99.7,164.0,0.951,
1302,-27.9144444444444,120.705,101.3,196.8,0.951,
1303,-27.9144444444444,120.705,102.9,39.36,0.951,
1304,-27.9144444444444,120.705,104.5,164.0,0.951,
1305,-27.9144444444444,120.705,106.1,164.0,0.951,
1306,-27.9144444444444,120.705,107.7,164.0,0.951,
1307,-38.4866666666667,145.765833333333,88.1,3280.0,0.951,
1308,-38.4747222222222,145.945555555556,91.3,820.0,0.951,
1309,-28.8819444444444,121.334166666667,93.7,49.2,0.951,
1310,-28.8819444444444,121.334166666667,95.3,246.0,0.951,
1311,-28.8819444444444,121.334166666667,96.9,49.2,0.951,
1312,-28.8819444444444,121.334166666667,98.5,164.0,0.951,
1313,-28.8819444444444,121.334166666667,100.1,164.0,0.951,
1314,-28.8819444444444,121.334166666667,101.7,65.6,0.951,
1315,-28.8858333333333,121.365,105.7,164.0,0.951,
1316,-28.8858333333333,121.365,107.3,164.0,0.951,
1317,-32.4083333333333,151.033611111111,89.3,82.0,0.951,
1318,-32.4083333333333,151.033611111111,90.1,82.0,0.951,
1319,-32.4083333333333,151.033611111111,90.9,82.0,0.951,
1320,-29.4375,147.982222222222,88.9,164.0,0.951,
1321,-29.4375,147.982222222222,89.7,41.0,0.951,
1322,-29.4375,147.982222222222,90.5,41.0,0.951,
1323,-29.4047222222222,147.971388888889,91.3,1640.0,0.951,
1324,-29.4061111111111,147.972222222222,92.1,82.0,0.951,
1325,-29.4047222222222,147.971388888889,92.9,1640.0,0.951,
1326,-29.4061111111111,147.972222222222,93.7,82.0,0.951,
1327,-29.4375,147.982222222222,94.5,164.0,0.951,
1328,-29.4375,147.982222222222,96.1,164.0,0.951,
1329,-29.4277777777778,147.976944444444,98.5,16.4,0.951,
1330,-40.8513888888889,145.126666666667,88.9,820.0,0.951,
1331,-40.9591666666667,145.192777777778,89.7,6560.0,0.951,
1332,-40.9591666666667,145.192777777778,91.3,6560.0,0.951,
1333,-28.8572222222222,153.228888888889,92.9,9840.0,0.951,
1334,-28.8191666666667,153.276388888889,98.9,1640.0,0.951,
1335,-28.5427777777778,153.290277777778,100.9,52480.0,0.951,
1336,-33.4711111111111,149.988055555556,107.9,16400.0,0.951,
1337,-33.4938888888889,150.146111111111,89.7,164.0,0.951,
1338,-33.4938888888889,150.146111111111,91.3,164.0,0.951,
1339,-33.4938888888889,150.146111111111,92.1,65.6,0.951,
1340,-17.1608333333333,145.746666666667,93.5,820.0,0.951,
1341,-33.9080555555556,150.899166666667,89.3,131.2,0.951,
1342,-33.5683333333333,135.756111111111,89.9,164.0,0.951,
1343,-33.5683333333333,135.756111111111,93.9,164.0,0.951,
1344,-12.7858333333333,143.3425,107.7,16.4,0.951,
1345,-27.6233333333333,153.147222222222,101.1,6560.0,0.951,
1346,-31.4461111111111,152.476944444444,107.9,41.0,0.951,
1347,-23.4561111111111,144.351666666667,99.1,1640.0,0.951,
1348,-23.4411111111111,144.259444444444,101.3,246.0,0.951,
1349,-23.4411111111111,144.259444444444,102.1,82.0,0.951,
1350,-23.4411111111111,144.259444444444,103.7,41.0,0.951,
1351,-23.3933333333333,144.221111111111,104.5,1640.0,0.951,
1352,-23.4411111111111,144.259444444444,106.1,82.0,0.951,
1353,-23.4411111111111,144.259444444444,106.9,82.0,0.951,
1354,-31.5225,159.068888888889,104.1,32.8,0.951,
1355,-38.5258333333333,143.972777777778,88.7,82.0,0.951,
1356,-38.5480555555556,143.975833333333,92.7,164.0,0.951,
1357,-9.95361111111111,142.191944444444,106.3,32.8,0.951,
1358,-21.1166666666667,149.17,93.9,32.8,0.951,
1359,-21.0325,148.943333333333,97.9,147600.0,0.951,
1360,-21.0325,148.943333333333,98.7,147600.0,0.951,
1361,-21.0325,148.943333333333,99.5,147600.0,0.951,
1362,-21.0325,148.943333333333,100.3,147600.0,0.951,
1363,-21.0325,148.943333333333,101.1,147600.0,0.951,
1364,-21.0325,148.943333333333,101.9,147600.0,0.951,
1365,-21.0325,148.943333333333,102.7,147600.0,0.951,
1366,-21.0325,148.943333333333,103.5,73800.0,0.951,
1367,-21.0325,148.943333333333,104.3,147600.0,0.951,
1368,-21.0686111111111,149.098333333333,105.9,1640.0,0.951,
1369,-21.0686111111111,149.098333333333,107.5,1640.0,0.951,
1370,-29.4894444444444,153.171388888889,103.9,8200.0,0.951,
1371,-34.3636111111111,137.731111111111,90.9,6560.0,0.951,
1372,-37.5463888888889,149.751111111111,101.7,262.4,0.951,
1373,-37.5463888888889,149.751111111111,103.3,164.0,0.951,
1374,-37.5463888888889,149.751111111111,104.9,164.0,0.951,
1375,-32.6502777777778,115.989722222222,91.7,8200.0,0.951,
1376,-32.6502777777778,115.989722222222,97.3,8200.0,0.951,
1377,-32.2866666666667,150.701666666667,88.9,147.6,0.951,
1378,-32.2866666666667,150.701666666667,89.7,147.6,0.951,
1379,-32.2866666666667,150.701666666667,90.5,147.6,0.951,
1380,-12.0516666666667,134.222777777778,102.9,410.0,0.951,
1381,-12.0516666666667,134.222777777778,106.1,16.4,0.951,
1382,-33.6713888888889,151.277777777778,88.7,328.0,0.951,
1383,-33.8088888888889,151.266111111111,90.3,82.0,0.951,
1384,-31.7022222222222,152.678611111111,94.7,8200.0,0.951,
1385,-31.7022222222222,152.678611111111,95.5,42640.0,0.951,
1386,-31.7022222222222,152.678611111111,96.3,164000.0,0.951,
1387,-31.7022222222222,152.678611111111,97.1,164000.0,0.951,
1388,-31.7022222222222,152.678611111111,98.7,164000.0,0.951,
1389,-37.0433333333333,145.984722222222,91.3,574.0,0.951,
1390,-37.0433333333333,145.984722222222,93.7,574.0,0.951,
1391,-37.0433333333333,145.984722222222,99.7,1640.0,0.951,
1392,-37.0536111111111,146.088888888889,99.7,820.0,0.951,
1393,-37.0433333333333,145.984722222222,103.7,492.0,0.951,
1394,-37.0433333333333,145.984722222222,105.3,492.0,0.951,
1395,-22.6336111111111,118.111944444444,101.3,164.0,0.951,
1396,-22.6336111111111,118.111944444444,102.9,164.0,0.951,
1397,-22.6336111111111,118.111944444444,104.5,164.0,0.951,
1398,-22.6336111111111,118.111944444444,106.1,164.0,0.951,
1399,-22.6336111111111,118.111944444444,107.7,164.0,0.951,
1400,-22.6597222222222,118.165277777778,100.5,32.8,0.951,
1401,-22.6597222222222,118.165277777778,102.1,32.8,0.951,
1402,-22.6597222222222,118.165277777778,103.7,32.8,0.951,
1403,-22.6597222222222,118.165277777778,105.3,32.8,0.951,
1404,-22.6597222222222,118.165277777778,106.9,32.8,0.951,
1405,-21.1711111111111,119.748888888889,105.9,82.0,0.951,
1406,-21.1711111111111,119.748888888889,107.5,82.0,0.951,
1407,-16.9933333333333,145.423055555556,92.3,492.0,0.951,
1408,-33.9508333333333,115.076944444444,100.3,41.0,0.951,
1409,-27.2819444444444,133.600833333333,104.5,16.4,0.951,
1410,-29.6538888888889,138.055,105.7,82.0,0.951,
1411,-29.6538888888889,138.055,107.3,82.0,0.951,
1412,-31.4694444444444,119.490833333333,102.9,32.8,0.951,
1413,-31.4694444444444,119.490833333333,103.7,32.8,0.951,
1414,-25.3594444444444,152.89,92.3,16400.0,0.951,
1415,-25.3097222222222,152.808888888889,101.9,16400.0,0.951,
1416,-25.3097222222222,152.808888888889,103.5,16400.0,0.951,
1417,-25.3097222222222,152.808888888889,105.1,16400.0,0.951,
1418,-37.0752777777778,143.738055555556,99.1,820.0,0.951,
1419,-37.0513888888889,143.741111111111,104.5,164.0,0.951,
1420,-37.5122222222222,145.754166666667,89.3,410.0,0.951,
1421,-37.5158333333333,145.712222222222,98.5,164.0,0.951,
1422,-14.9355555555556,133.059444444444,106.1,82.0,0.951,
1423,-14.9355555555556,133.059444444444,107.7,82.0,0.951,
1424,-42.6611111111111,146.7375,89.7,1640.0,0.951,
1425,-16.4319444444444,136.096666666667,103.7,16.4,0.951,
1426,-16.4319444444444,136.096666666667,105.3,16.4,0.951,
1427,-16.4319444444444,136.096666666667,106.9,16.4,0.951,
1428,-27.3225,149.8825,96.3,82.0,0.951,
1429,-27.4913888888889,149.642222222222,97.9,328.0,0.951,
1430,-27.4916666666667,149.6425,104.3,3280.0,0.951,
1431,-26.5919444444444,118.496944444444,98.3,1640.0,0.951,
1432,-26.5969444444444,118.497777777778,101.5,82.0,0.951,
1433,-26.5969444444444,118.497777777778,103.1,82.0,0.951,
1434,-26.5919444444444,118.496944444444,104.7,82.0,0.951,
1435,-26.5969444444444,118.497777777778,106.3,82.0,0.951,
1436,-26.5969444444444,118.497777777778,107.9,82.0,0.951,
1437,-37.8283333333333,145.353333333333,89.9,91840.0,0.951,
1438,-37.8283333333333,145.353333333333,90.7,57400.0,0.951,
1439,-37.835,145.348611111111,91.5,91840.0,0.951,
1440,-37.8283333333333,145.353333333333,91.5,91840.0,0.951,
1441,-37.835,145.348611111111,92.3,26240.0,0.951,
1442,-37.835,145.348611111111,92.3,91840.0,0.951,
1443,-37.835,145.348611111111,93.1,164000.0,0.951,
1444,-37.8283333333333,145.353333333333,100.3,91840.0,0.951,
1445,-37.835,145.348611111111,100.3,91840.0,0.951,
1446,-37.835,145.348611111111,101.1,91840.0,0.951,
1447,-37.8375,145.346666666667,101.1,91840.0,0.951,
1448,-37.8375,145.346666666667,101.9,91840.0,0.951,
1449,-37.835,145.348611111111,101.9,91840.0,0.951,
1450,-37.815,144.970555555556,101.9,410.0,0.951,
1451,-37.8375,145.346666666667,102.7,91840.0,0.951,
1452,-37.835,145.348611111111,103.5,26240.0,0.951,
1453,-37.835,145.348611111111,103.5,91840.0,0.951,
1454,-37.835,145.348611111111,104.3,91840.0,0.951,
1455,-37.8375,145.346666666667,104.3,91840.0,0.951,
1456,-37.815,144.970555555556,105.1,410.0,0.951,
1457,-37.8375,145.346666666667,105.1,91840.0,0.951,
1458,-37.835,145.348611111111,105.1,91840.0,0.951,
1459,-37.835,145.348611111111,105.9,164000.0,0.951,
1460,-37.835,145.348611111111,106.7,26240.0,0.951,
1461,-37.835,145.348611111111,106.7,91840.0,0.951,
1462,-37.835,145.348611111111,107.5,164000.0,0.951,
1463,-37.8102777777778,144.962222222222,94.9,410.0,0.951,
1464,-37.7566666666667,145.056944444444,96.5,328.0,0.951,
1465,-37.7091666666667,144.942222222222,98.9,164.0,0.951,
1466,-38.0038888888889,145.328611111111,97.7,656.0,0.951,
1467,-38.0038888888889,145.328611111111,97.7,656.0,0.951,
1468,-37.9386111111111,145.050277777778,88.3,328.0,0.951,
1469,-37.6541666666667,144.661944444444,97.9,328.0,0.951,
1470,-32.3383333333333,142.414166666667,95.7,164.0,0.951,
1471,-32.3383333333333,142.414166666667,97.3,164.0,0.951,
1472,-29.6944444444444,121.029444444444,98.1,246.0,0.951,
1473,-29.6944444444444,121.029444444444,102.1,49.2,0.951,
1474,-29.6938888888889,121.03,106.1,82.0,0.951,
1475,-29.6938888888889,121.03,107.7,82.0,0.951,
1476,-23.9955555555556,131.551666666667,96.3,13.12,0.951,
1477,-23.9955555555556,131.551666666667,104.3,13.12,0.951,
1478,-34.4180555555556,141.426388888889,96.9,8200.0,0.951,
1479,-31.4772222222222,118.278333333333,95.9,82.0,0.951,
1480,-31.5033333333333,118.205833333333,105.1,9840.0,0.951,
1481,-31.4816666666667,118.280277777778,107.3,82.0,0.951,
1482,-32.1269444444444,150.312777777778,101.9,82.0,0.951,
1483,-32.1475,150.362777777778,102.7,82.0,0.951,
1484,-32.1269444444444,150.312777777778,103.5,82.0,0.951,
1485,-21.6658333333333,115.913333333333,96.9,246.0,0.951,
1486,-21.6658333333333,115.913333333333,98.5,246.0,0.951,
1487,-21.6658333333333,115.913333333333,100.1,246.0,0.951,
1488,-21.6658333333333,115.913333333333,103.3,246.0,0.951,
1489,-21.6658333333333,115.913333333333,104.9,246.0,0.951,
1490,-21.7447222222222,116.252777777778,92.5,164.0,0.951,
1491,-21.7447222222222,116.252777777778,94.1,164.0,0.951,
1492,-21.7447222222222,116.252777777778,95.7,41.0,0.951,
1493,-21.7447222222222,116.252777777778,99.3,164.0,0.951,
1494,-22.8136111111111,148.678611111111,94.1,82.0,0.951,
1495,-22.8097222222222,148.675,104.5,410.0,0.951,
1496,-22.8136111111111,148.678611111111,106.1,82.0,0.951,
1497,-22.8136111111111,148.678611111111,107.7,82.0,0.951,
1498,-34.1991666666667,142.1725,89.1,98.4,0.951,
1499,-34.1891666666667,142.161388888889,98.7,164.0,0.951,
1500,-34.1991666666667,142.1725,106.7,1640.0,0.951,
1501,-34.1991666666667,142.1725,107.5,1640.0,0.951,
1502,-34.2125,142.145555555556,97.9,410.0,0.951,
1503,-34.2108333333333,142.263888888889,97.9,19680.0,0.951,
1504,-34.2108333333333,142.263888888889,99.5,32800.0,0.951,
1505,-34.3797222222222,142.188333333333,100.3,246000.0,0.951,
1506,-34.3797222222222,142.188333333333,101.1,328000.0,0.951,
1507,-34.3797222222222,142.188333333333,102.7,328000.0,0.951,
1508,-34.3797222222222,142.188333333333,104.3,328000.0,0.951,
1509,-34.3797222222222,142.188333333333,105.9,328000.0,0.951,
1510,-26.6494444444444,150.270555555556,92.1,1066.0,0.951,
1511,-26.6505555555555,150.270277777778,94.5,820.0,0.951,
1512,-26.6505555555555,150.270277777778,101.3,820.0,0.951,
1513,-11.4241666666667,130.675833333333,99.3,41.0,0.951,
1514,-12.1044444444444,134.922777777778,106.1,16.4,0.951,
1515,-37.6022222222222,140.4825,107.7,328.0,0.951,
1516,-23.9158333333333,148.056388888889,104.9,41.0,0.951,
1517,-23.9158333333333,148.056388888889,106.5,41.0,0.951,
1518,-11.1505555555556,132.578055555556,102.9,16.4,0.951,
1519,-11.1505555555556,132.578055555556,106.1,16.4,0.951,
1520,-34.7944444444444,137.673611111111,98.9,16400.0,0.951,
1521,-33.1425,135.112777777778,106.9,3280.0,0.951,
1522,-24.3122222222222,151.624166666667,88.3,82.0,0.951,
1523,-24.3122222222222,151.624166666667,89.9,82.0,0.951,
1524,-17.9358333333333,146.144166666667,88.5,1640.0,0.951,
1525,-17.9358333333333,146.144166666667,89.3,1640.0,0.951,
1526,-17.9358333333333,146.144166666667,90.9,1640.0,0.951,
1527,-26.4863888888889,147.975277777778,102.1,41.0,0.951,
1528,-26.4863888888889,147.975277777778,103.7,41.0,0.951,
1529,-26.5419444444444,148.1125,104.5,410.0,0.951,
1530,-26.5427777777778,148.111388888889,106.1,984.0,0.951,
1531,-26.5427777777778,148.111388888889,107.7,984.0,0.951,
1532,-35.9783333333333,144.7775,92.5,16.4,0.951,
1533,-36.1033333333333,144.753333333333,99.7,246.0,0.951,
1534,-36.5197222222222,149.343888888889,93.3,3280.0,0.951,
1535,-24.8272222222222,151.179722222222,100.5,1476.0,0.951,
1536,-24.9891666666667,151.186388888889,101.9,3280.0,0.951,
1537,-24.8272222222222,151.179722222222,105.1,1476.0,0.951,
1538,-24.8272222222222,151.179722222222,107.3,410.0,0.951,
1539,-28.1180555555556,140.211666666667,104.5,32.8,0.951,
1540,-28.1183333333333,140.21,106.1,32.8,0.951,
1541,-24.785,150.972777777778,90.7,410.0,0.951,
1542,-27.7172222222222,150.370833333333,93.1,49.2,0.951,
1543,-30.635,116.159722222222,90.9,984.0,0.951,
1544,-30.6455555555556,116.008055555556,103.5,49.2,0.951,
1545,-30.6455555555556,116.008055555556,105.1,49.2,0.951,
1546,-30.6455555555556,116.008055555556,106.7,49.2,0.951,
1547,-21.9225,148.3125,90.5,3280.0,0.951,
1548,-21.9258333333333,148.318611111111,91.3,8200.0,0.951,
1549,-21.9252777777778,148.318611111111,96.9,6560.0,0.951,
1550,-21.9258333333333,148.318611111111,104.9,16400.0,0.951,
1551,-21.9258333333333,148.318611111111,106.5,16400.0,0.951,
1552,-22.0005555555556,148.060555555556,92.9,82.0,0.951,
1553,-29.3186111111111,115.882222222222,93.5,984.0,0.951,
1554,-29.3186111111111,115.882222222222,103.1,164.0,0.951,
1555,-29.3169444444444,115.879444444444,104.7,164.0,0.951,
1556,-29.3186111111111,115.882222222222,106.3,820.0,0.951,
1557,-30.2844444444444,150.1675,98.3,164000.0,0.951,
1558,-29.4994444444444,149.855277777778,103.7,1640.0,0.951,
1559,-38.3561111111111,144.951388888889,98.7,1312.0,0.951,
1560,-35.9230555555555,150.076666666667,98.5,164.0,0.951,
1561,-35.7961111111111,150.005555555556,107.5,2624.0,0.951,
1562,-26.4180555555556,147.110555555556,104.3,492.0,0.951,
1563,-26.4130555555556,147.120277777778,105.9,656.0,0.951,
1564,-26.4130555555556,147.104722222222,105.9,656.0,0.951,
1565,-26.5055555555556,147.133888888889,107.5,656.0,0.951,
1566,-38.2469444444444,146.413888888889,90.9,328.0,0.951,
1567,-34.4644444444444,150.428333333333,92.5,328.0,0.951,
1568,-16.4336111111111,145.386111111111,88.5,1640.0,0.951,
1569,-16.4336111111111,145.386111111111,90.1,1640.0,0.951,
1570,-16.4819444444444,145.467222222222,90.9,1640.0,0.951,
1571,-16.4705555555556,145.363611111111,92.5,1640.0,0.951,
1572,-16.4705555555556,145.363611111111,95.1,49.2,0.951,
1573,-35.0497222222222,138.853333333333,88.9,820.0,0.951,
1574,-35.0666666666667,138.921388888889,94.3,1640.0,0.951,
1575,-35.0666666666667,138.921388888889,100.3,1640.0,0.951,
1576,-36.7408333333333,147.175555555556,90.1,16.4,0.951,
1577,-36.7408333333333,147.175555555556,93.3,16.4,0.951,
1578,-36.785,147.1975,96.5,164.0,0.951,
1579,-36.7230555555556,146.819444444444,99.1,328.0,0.951,
1580,-37.1475,146.436666666667,90.5,328.0,0.951,
1581,-37.7261111111111,140.570555555556,96.1,32800.0,0.951,
1582,-37.78,140.698333333333,100.1,1640.0,0.951,
1583,-37.6022222222222,140.4825,102.5,393600.0,0.951,
1584,-37.6022222222222,140.4825,103.3,393600.0,0.951,
1585,-37.6022222222222,140.4825,104.1,311600.0,0.951,
1586,-37.7261111111111,140.570555555556,104.9,32800.0,0.951,
1587,-37.6022222222222,140.4825,105.7,393600.0,0.951,
1588,-17.6852777777778,145.120277777778,95.7,82.0,0.951,
1589,-17.6852777777778,145.120277777778,97.3,82.0,0.951,
1590,-36.975,147.128333333333,89.3,328.0,0.951,
1591,-20.7341666666667,139.493611111111,100.9,984.0,0.951,
1592,-20.7344444444444,139.5125,101.7,1640.0,0.951,
1593,-20.7233333333333,139.497777777778,102.5,984.0,0.951,
1594,-20.7344444444444,139.5125,103.3,984.0,0.951,
1595,-20.7344444444444,139.5125,104.1,1640.0,0.951,
1596,-20.7344444444444,139.5125,104.9,1640.0,0.951,
1597,-20.7344444444444,139.5125,106.5,1640.0,0.951,
1598,-20.7344444444444,139.5125,107.3,1640.0,0.951,
1599,-27.2155555555556,120.556666666667,97.7,32.8,0.951,
1600,-27.2155555555556,120.556666666667,98.5,32.8,0.951,
1601,-27.2155555555556,120.556666666667,99.3,32.8,0.951,
1602,-27.2825,120.551388888889,100.9,32.8,0.951,
1603,-27.2825,120.551388888889,102.9,32.8,0.951,
1604,-27.2825,120.551388888889,105.3,32.8,0.951,
1605,-27.2825,120.551388888889,107.7,32.8,0.951,
1606,-23.2661111111111,131.272222222222,100.1,32.8,0.951,
1607,-23.2661111111111,131.272222222222,102.5,32.8,0.951,
1608,-23.2661111111111,131.272222222222,104.9,32.8,0.951,
1609,-23.2661111111111,131.272222222222,107.3,32.8,0.951,
1610,-28.0563888888889,117.8425,100.9,82.0,0.951,
1611,-28.0563888888889,117.8425,102.5,16.4,0.951,
1612,-28.0644444444444,117.848611111111,104.1,82.0,0.951,
1613,-28.0563888888889,117.8425,105.7,82.0,0.951,
1614,-28.0563888888889,117.8425,107.3,82.0,0.951,
1615,-16.6591666666667,145.323333333333,95.7,82.0,0.951,
1616,-16.6591666666667,145.323333333333,97.3,82.0,0.951,
1617,-24.3063888888889,150.595555555556,101.1,164.0,0.951,
1618,-24.3063888888889,150.595555555556,102.7,164.0,0.951,
1619,-25.2727777777778,151.763888888889,101.5,492.0,0.951,
1620,-25.2727777777778,151.763888888889,107.9,492.0,0.951,
1621,-35.9061111111111,148.455277777778,90.3,164.0,0.951,
1622,-18.1469444444444,144.317777777778,103.7,16.4,0.951,
1623,-18.1469444444444,144.317777777778,105.3,16.4,0.951,
1624,-18.1469444444444,144.317777777778,106.9,16.4,0.951,
1625,-27.97,153.213611111111,99.4,3280.0,0.951,
1626,-27.97,153.213611111111,100.6,3280.0,0.951,
1627,-21.5519444444444,119.283611111111,90.5,49.2,0.951,
1628,-21.5519444444444,119.283611111111,92.1,49.2,0.951,
1629,-21.5519444444444,119.283611111111,93.7,49.2,0.951,
1630,-37.9030555555556,145.402222222222,97.1,656.0,0.951,
1631,-24.5636111111111,149.975277777778,96.1,82.0,0.951,
1632,-24.5636111111111,149.975277777778,96.9,82.0,0.951,
1633,-31.0797222222222,121.437222222222,102.9,41.0,0.951,
1634,-37.5675,145.525555555556,106.3,39.36,0.951,
1635,-23.3647222222222,119.6825,102.5,32.8,0.951,
1636,-23.3647222222222,119.6825,104.1,32.8,0.951,
1637,-23.3647222222222,119.6825,105.7,32.8,0.951,
1638,-32.4433333333333,149.561944444444,93.1,16400.0,0.951,
1639,-32.6172222222222,149.553888888889,89.9,164.0,0.951,
1640,-32.61,149.565277777778,90.9,1640.0,0.951,
1641,-32.61,149.565277777778,99.5,82.0,0.951,
1642,-32.61,149.565277777778,101.1,82.0,0.951,
1643,-30.9125,118.203611111111,90.7,164.0,0.951,
1644,-28.5511111111111,115.503888888889,107.5,164.0,0.951,
1645,-28.5216666666667,153.522777777778,103.5,410.0,0.951,
1646,-35.995,146.001666666667,92.5,16.4,0.951,
1647,-26.4438888888889,147.544166666667,107.1,164.0,0.951,
1648,-26.4438888888889,147.544166666667,107.1,164.0,0.951,
1649,-29.0991666666667,149.005277777778,105.5,1640.0,0.951,
1650,-29.0991666666667,149.005277777778,107.1,1640.0,0.951,
1651,-35.1519444444444,139.214166666667,96.3,32800.0,0.951,
1652,-35.1519444444444,139.214166666667,98.7,32800.0,0.951,
1653,-18.1241666666667,145.800555555556,92.3,164.0,0.951,
1654,-35.4727777777778,143.455833333333,95.9,32800.0,0.951,
1655,-35.4727777777778,143.455833333333,102.1,328000.0,0.951,
1656,-35.4727777777778,143.455833333333,103.7,328000.0,0.951,
1657,-35.4727777777778,143.455833333333,105.3,328000.0,0.951,
1658,-35.3227777777778,141.174444444444,103.5,7872.0,0.951,
1659,-28.7094444444444,121.871944444444,94.1,32.8,0.951,
1660,-28.7916666666667,121.895,105.3,492.0,0.951,
1661,-34.1216666666667,146.235,96.5,164000.0,0.951,
1662,-34.1216666666667,146.235,97.3,164000.0,0.951,
1663,-34.1216666666667,146.235,98.1,164000.0,0.951,
1664,-34.1216666666667,146.235,98.9,164000.0,0.951,
1665,-34.1216666666667,146.235,100.5,164000.0,0.951,
1666,-31.7275,150.843888888889,96.9,131.2,0.951,
1667,-31.7675,150.838611111111,98.5,82.0,0.951,
1668,-31.7280555555556,150.843888888889,100.1,164.0,0.951,
1669,-31.7275,150.843888888889,104.1,131.2,0.951,
1670,-32.3633333333333,150.858333333333,98.1,32800.0,0.951,
1671,-32.1416666666667,150.782777777778,103.3,1640.0,0.951,
1672,-32.1416666666667,150.782777777778,104.9,26240.0,0.951,
1673,-32.1416666666667,150.782777777778,105.7,26240.0,0.951,
1674,-32.1433333333333,150.781666666667,107.7,164.0,0.951,
1675,-25.3513888888889,131.071388888889,91.7,16.4,0.951,
1676,-22.5944444444444,144.548333333333,97.3,82.0,0.951,
1677,-22.5944444444444,144.548333333333,100.5,49.2,0.951,
1678,-22.5983333333333,144.535833333333,107.7,82.0,0.951,
1679,-36.5608333333333,146.735,90.1,82.0,0.951,
1680,-36.5608333333333,146.735,91.7,82.0,0.951,
1681,-36.445,146.803055555556,97.3,164.0,0.951,
1682,-26.6322222222222,152.911111111111,88.7,32800.0,0.951,
1683,-26.6322222222222,152.911111111111,89.5,32800.0,0.951,
1684,-26.6322222222222,152.911111111111,90.3,32800.0,0.951,
1685,-26.79,152.918333333333,91.1,16400.0,0.951,
1686,-26.79,152.918333333333,91.9,16400.0,0.951,
1687,-26.7902777777778,152.918611111111,92.7,16400.0,0.951,
1688,-26.6322222222222,152.911111111111,94.5,32800.0,0.951,
1689,-26.7902777777778,152.918611111111,104.9,4920.0,0.951,
1690,-26.7786111111111,152.913888888889,106.5,3280.0,0.951,
1691,-30.8138888888889,152.919444444444,105.9,3280.0,0.951,
1692,-22.4108333333333,117.416388888889,89.7,213.2,0.951,
1693,-22.4108333333333,117.416388888889,91.3,213.2,0.951,
1694,-22.4108333333333,117.416388888889,92.9,213.2,0.951,
1695,-22.4108333333333,117.416388888889,94.5,213.2,0.951,
1696,-22.4108333333333,117.416388888889,97.7,213.2,0.951,
1697,-33.9855555555556,115.769166666667,98.1,13.12,0.951,
1698,-33.9855555555556,115.769166666667,98.9,13.12,0.951,
1699,-33.9816666666667,115.760555555556,101.3,16.4,0.951,
1700,-33.9816666666667,115.760555555556,102.1,16.4,0.951,
1701,-36.9508333333333,140.769444444444,89.7,2460.0,0.951,
1702,-36.9808333333333,140.771111111111,99.3,164.0,0.951,
1703,-36.9508333333333,140.769444444444,100.9,164.0,0.951,
1704,-32.0625,118.39,107.7,82.0,0.951,
1705,-36.2058333333333,150.118333333333,102.9,164.0,0.951,
1706,-36.1955555555555,150.083611111111,106.9,164.0,0.951,
1707,-30.2844444444444,150.1675,91.3,16400.0,0.951,
1708,-34.7511111111111,146.5675,91.1,246.0,0.951,
1709,-34.7511111111111,146.5675,93.5,164.0,0.951,
1710,-34.8355555555556,117.791388888889,104.1,8.2,0.951,
1711,-32.8825,117.196666666667,92.5,3280.0,0.951,
1712,-32.9605555555556,117.216111111111,100.5,8200.0,0.951,
1713,-32.2327777777778,148.242777777778,94.9,16.4,0.951,
1714,-33.9677777777778,151.090833333333,90.1,328.0,0.951,
1715,-41.3916666666667,147.426111111111,90.9,311600.0,0.951,
1716,-41.3916666666667,147.426111111111,91.7,311600.0,0.951,
1717,-41.3916666666667,147.426111111111,92.5,311600.0,0.951,
1718,-41.3916666666667,147.426111111111,93.3,311600.0,0.951,
1719,-41.3916666666667,147.426111111111,94.1,311600.0,0.951,
1720,-21.6336111111111,148.706388888889,89.9,410.0,0.951,
1721,-21.6336111111111,148.706388888889,92.3,410.0,0.951,
1722,-21.6963888888889,148.696388888889,94.7,82.0,0.951,
1723,-32.9447222222222,151.515833333333,99.7,16400.0,0.951,
1724,-32.8919444444444,151.538333333333,100.5,6560.0,0.951,
1725,-32.8919444444444,151.538333333333,102.1,131200.0,0.951,
1726,-32.8902777777778,151.538888888889,102.9,6560.0,0.951,
1727,-32.8902777777778,151.538888888889,102.9,13120.0,0.951,
1728,-32.8902777777778,151.538888888889,103.7,16400.0,0.951,
1729,-32.8902777777778,151.538888888889,105.3,32800.0,0.951,
1730,-32.8919444444444,151.538333333333,106.1,131200.0,0.951,
1731,-32.8919444444444,151.538333333333,106.9,32800.0,0.951,
1732,-17.425,133.448055555556,106.1,82.0,0.951,
1733,-17.425,133.448055555556,107.7,82.0,0.951,
1734,-21.2127777777778,147.888888888889,88.9,32.8,0.951,
1735,-21.2127777777778,147.888888888889,107.3,82.0,0.951,
1736,-23.3491666666667,119.725,88.9,164.0,0.951,
1737,-23.3491666666667,119.725,90.5,410.0,0.951,
1738,-23.3491666666667,119.725,93.7,82.0,0.951,
1739,-23.3627777777778,119.726111111111,96.9,410.0,0.951,
1740,-22.9058333333333,118.9225,91.1,32.8,0.951,
1741,-22.9058333333333,118.9225,92.7,32.8,0.951,
1742,-22.9058333333333,118.9225,94.3,32.8,0.951,
1743,-22.9058333333333,118.9225,96.7,32.8,0.951,
1744,-22.9058333333333,118.9225,98.3,32.8,0.951,
1745,-22.9058333333333,118.9225,99.9,32.8,0.951,
1746,-22.9058333333333,118.9225,101.7,32.8,0.951,
1747,-22.9058333333333,118.9225,103.3,32.8,0.951,
1748,-22.9058333333333,118.9225,104.9,32.8,0.951,
1749,-22.9058333333333,118.9225,106.5,32.8,0.951,
1750,-14.7344444444444,134.732222222222,98.1,328.0,0.951,
1751,-14.7344444444444,134.732222222222,99.7,328.0,0.951,
1752,-14.73,134.733333333333,101.3,328.0,0.951,
1753,-14.7344444444444,134.732222222222,102.9,328.0,0.951,
1754,-14.7344444444444,134.732222222222,104.5,328.0,0.951,
1755,-36.4038888888889,141.473888888889,94.5,3280.0,0.951,
1756,-36.4038888888889,141.474444444444,95.7,65600.0,0.951,
1757,-12.1813888888889,136.776944444444,98.1,164.0,0.951,
1758,-12.1813888888889,136.776944444444,99.7,164.0,0.951,
1759,-12.1813888888889,136.776944444444,103.7,164.0,0.951,
1760,-12.1813888888889,136.776944444444,106.9,820.0,0.951,
1761,-12.1813888888889,136.776944444444,107.7,164.0,0.951,
1762,-28.5966666666667,153.221944444444,102.3,1640.0,0.951,
1763,-28.6016666666667,153.224166666667,106.3,246.0,0.951,
1764,-26.4166666666667,153.002222222222,97.9,328.0,0.951,
1765,-26.4563888888889,152.979722222222,100.5,328.0,0.951,
1766,-26.4166666666667,153.002222222222,101.3,820.0,0.951,
1767,-26.3908333333333,153.096388888889,102.5,328.0,0.951,
1768,-26.3908333333333,153.096388888889,103.3,328.0,0.951,
1769,-26.4563888888889,152.979722222222,107.1,328.0,0.951,
1770,-17.6705555555556,141.076666666667,96.9,492.0,0.951,
1771,-17.6705555555556,141.076666666667,100.1,164.0,0.951,
1772,-17.6794444444444,141.085833333333,101.7,164.0,0.951,
1773,-17.6794444444444,141.085833333333,103.3,82.0,0.951,
1774,-17.6794444444444,141.085833333333,105.7,82.0,0.951,
1775,-17.6794444444444,141.085833333333,107.3,82.0,0.951,
1776,-32.1425,121.7275,105.7,164.0,0.951,
1777,-32.1425,121.7275,107.3,164.0,0.951,
1778,-31.5791666666667,152.798888888889,90.3,328.0,0.951,
1779,-21.2577777777778,119.033888888889,98.7,246.0,0.951,
1780,-21.2577777777778,119.033888888889,100.3,246.0,0.951,
1781,-21.2577777777778,119.033888888889,101.9,246.0,0.951,
1782,-21.2577777777778,119.033888888889,103.5,246.0,0.951,
1783,-31.675,116.611388888889,96.5,16400.0,0.951,
1784,-34.6322222222222,116.123055555556,102.7,164.0,0.951,
1785,-34.6322222222222,116.123055555556,105.9,164.0,0.951,
1786,-34.6322222222222,116.123055555556,107.5,164.0,0.951,
1787,-34.7994444444444,150.577777777778,91.7,16400.0,0.951,
1788,-34.6180555555556,150.6975,94.9,82000.0,0.951,
1789,-34.7994444444444,150.577777777778,101.1,16400.0,0.951,
1790,-34.7994444444444,150.577777777778,103.7,3280.0,0.951,
1791,-21.8091666666667,120.418055555556,105.5,164.0,0.951,
1792,-14.2788888888889,135.740555555556,97.3,82.0,0.951,
1793,-14.2788888888889,135.740555555556,104.5,49.2,0.951,
1794,-14.2788888888889,135.740555555556,106.1,16.4,0.951,
1795,-31.5872222222222,147.180833333333,95.1,82.0,0.951,
1796,-31.5644444444444,147.191666666667,100.7,820.0,0.951,
1797,-42.2894444444444,147.398333333333,97.1,3280.0,0.951,
1798,-33.7027777777778,149.839444444444,105.5,164.0,0.951,
1799,-33.7027777777778,149.839444444444,107.1,164.0,0.951,
1800,-12.3258333333333,133.055555555556,102.9,16.4,0.951,
1801,-12.3258333333333,133.055555555556,106.1,16.4,0.951,
1802,-37.0525,147.567222222222,90.1,328.0,0.951,
1803,-37.0525,147.567222222222,97.3,1640.0,0.951,
1804,-37.1408333333333,147.555555555556,99.7,82.0,0.951,
1805,-37.0988888888889,147.601111111111,90.9,82.0,0.951,
1806,-21.6458333333333,115.115,98.7,164.0,0.951,
1807,-21.6458333333333,115.115,100.3,164.0,0.951,
1808,-21.6458333333333,115.115,101.9,82.0,0.951,
1809,-21.6458333333333,115.115,105.1,82.0,0.951,
1810,-21.645,115.115555555556,107.5,82.0,0.951,
1811,-33.3416666666667,148.982777777778,94.7,1640.0,0.951,
1812,-33.2861111111111,149.125277777778,100.5,164.0,0.951,
1813,-33.3430555555556,148.983055555556,103.5,2460.0,0.951,
1814,-33.3002777777778,149.121944444444,105.1,492.0,0.951,
1815,-33.3419444444444,148.983055555556,105.1,8200.0,0.951,
1816,-33.3002777777778,149.121944444444,105.9,492.0,0.951,
1817,-33.3419444444444,148.983055555556,105.9,8200.0,0.951,
1818,-33.3419444444444,148.983055555556,106.7,8200.0,0.951,
1819,-33.3430555555556,148.983055555556,107.5,8200.0,0.951,
1820,-37.7116666666667,148.6,95.5,328.0,0.951,
1821,-37.7116666666667,148.6,97.1,328.0,0.951,
1822,-37.7116666666667,148.6,98.7,328.0,0.951,
1823,-42.5225,147.950277777778,88.9,82.0,0.951,
1824,-42.5225,147.950277777778,90.5,82.0,0.951,
1825,-22.1269444444444,140.568888888889,107.1,32.8,0.951,
1826,-35.0736111111111,142.311388888889,90.7,164.0,0.951,
1827,-36.5866666666667,140.583055555556,100.3,8200.0,0.951,
1828,-18.7352777777778,146.579722222222,97.3,16.4,0.951,
1829,-18.7213888888889,146.5875,96.5,49.2,0.951,
1830,-18.7586111111111,146.585555555556,96.5,49.2,0.951,
1831,-14.3511111111111,129.882222222222,104.3,32.8,0.951,
1832,-14.3511111111111,129.882222222222,106.1,16.4,0.951,
1833,-21.65,116.325277777778,101.3,82.0,0.951,
1834,-21.65,116.325277777778,102.9,82.0,0.951,
1835,-21.65,116.325277777778,106.1,82.0,0.951,
1836,-21.65,116.325277777778,107.7,82.0,0.951,
1837,-23.2108333333333,131.912777777778,102.9,65.6,0.951,
1838,-23.2108333333333,131.91,106.1,65.6,0.951,
1839,-23.2330555555556,117.665833333333,94.9,82.0,0.951,
1840,-23.2008333333333,117.670555555556,98.1,82.0,0.951,
1841,-23.2330555555556,117.665833333333,101.3,246.0,0.951,
1842,-23.2330555555556,117.665833333333,104.5,246.0,0.951,
1843,-23.2330555555556,117.665833333333,106.1,246.0,0.951,
1844,-23.2330555555556,117.665833333333,107.7,82.0,0.951,
1845,-33.1172222222222,148.173888888889,101.3,164.0,0.951,
1846,-33.2497222222222,148.336944444444,95.5,16400.0,0.951,
1847,-33.2497222222222,148.336944444444,97.9,6888.0,0.951,
1848,-33.2497222222222,148.336944444444,99.9,16400.0,0.951,
1849,-33.7658333333333,150.980833333333,90.5,328.0,0.951,
1850,-22.1911111111111,148.136666666667,99.7,164.0,0.951,
1851,-22.2288888888889,148.181666666667,98.1,164.0,0.951,
1852,-22.3388888888889,148.244166666667,106.9,164.0,0.951,
1853,-22.2755555555556,148.226944444444,101.3,164.0,0.951,
1854,-32.7211111111111,148.197777777778,100.9,164.0,0.951,
1855,-34.4663888888889,116.011388888889,97.3,82.0,0.951,
1856,-31.9252777777778,132.919166666667,101.5,410.0,0.951,
1857,-31.9252777777778,132.919166666667,105.5,32.8,0.951,
1858,-33.7683333333333,150.773333333333,100.7,328.0,0.951,
1859,-33.7655555555556,150.741111111111,100.7,328.0,0.951,
1860,-20.4855555555556,145.408611111111,106.1,82.0,0.951,
1861,-20.4855555555556,145.408611111111,107.7,82.0,0.951,
1862,-14.1511111111111,130.076666666667,102.1,410.0,0.951,
1863,-14.1511111111111,130.076666666667,106.1,16.4,0.951,
1864,-29.5805555555556,116.541111111111,100.1,984.0,0.951,
1865,-29.5805555555556,116.541111111111,101.7,984.0,0.951,
1866,-36.4005555555556,148.393055555556,98.7,393.6,0.951,
1867,-36.4005555555556,148.393055555556,101.9,393.6,0.951,
1868,-32.0041666666667,116.082222222222,90.5,8200.0,0.951,
1869,-32.0083333333333,116.084166666667,92.1,26240.0,0.951,
1870,-32.0127777777778,116.061666666667,92.9,65600.0,0.951,
1871,-32.0072222222222,116.083888888889,92.9,65600.0,0.951,
1872,-32.0108333333333,116.084444444444,93.7,65600.0,0.951,
1873,-32.0127777777778,116.061666666667,93.7,65600.0,0.951,
1874,-32.0127777777778,116.061666666667,94.5,65600.0,0.951,
1875,-32.0072222222222,116.083888888889,94.5,65600.0,0.951,
1876,-32.0083333333333,116.084166666667,95.3,26240.0,0.951,
1877,-32.0072222222222,116.083888888889,96.1,65600.0,0.951,
1878,-32.0108333333333,116.084444444444,96.9,164000.0,0.951,
1879,-32.0108333333333,116.084444444444,97.7,164000.0,0.951,
1880,-32.0083333333333,116.084166666667,98.5,26240.0,0.951,
1881,-32.0108333333333,116.084444444444,99.3,164000.0,0.951,
1882,-32.0083333333333,116.084166666667,100.1,10660.0,0.951,
1883,-32.0083333333333,116.084166666667,100.9,26240.0,0.951,
1884,-32.0305555555556,115.828333333333,101.7,13120.0,0.951,
1885,-31.8816666666667,115.854722222222,103.3,82.0,0.951,
1886,-31.9227777777778,115.858333333333,104.9,82.0,0.951,
1887,-38.4822222222222,145.545277777778,89.1,1312.0,0.951,
1888,-13.8230555555556,131.836666666667,103.7,41.0,0.951,
1889,-13.8230555555556,131.836666666667,106.1,82.0,0.951,
1890,-13.8230555555556,131.836666666667,107.7,82.0,0.951,
1891,-35.3675,140.950833333333,96.5,6560.0,0.951,
1892,-37.6391666666667,145.130555555556,88.6,656.0,0.951,
1893,-25.3047222222222,119.442777777778,107.5,16.4,0.951,
1894,-22.1302777777778,133.412777777778,106.1,16.4,0.951,
1895,-22.0880555555556,148.239166666667,97.5,131.2,0.951,
1896,-22.0880555555556,148.239166666667,99.1,131.2,0.951,
1897,-22.0880555555556,148.239166666667,100.7,131.2,0.951,
1898,-22.0880555555556,148.239166666667,102.3,131.2,0.951,
1899,-14.8991666666667,141.620277777778,107.7,16.4,0.951,
1900,-34.8422222222222,138.488055555556,100.5,328.0,0.951,
1901,-32.1519444444444,137.978888888889,89.1,6560.0,0.951,
1902,-11.2186111111111,132.269166666667,103.7,16.4,0.951,
1903,-16.4819444444444,145.467222222222,105.5,410.0,0.951,
1904,-16.4819444444444,145.467222222222,106.3,164.0,0.951,
1905,-20.3761111111111,118.5775,91.7,8200.0,0.951,
1906,-20.3080555555556,118.612222222222,92.5,328.0,0.951,
1907,-20.3761111111111,118.5775,94.1,8200.0,0.951,
1908,-20.3672222222222,118.559166666667,94.9,3280.0,0.951,
1909,-20.3672222222222,118.559166666667,95.7,2624.0,0.951,
1910,-20.3672222222222,118.559166666667,97.3,328.0,0.951,
1911,-20.3672222222222,118.559166666667,98.9,328.0,0.951,
1912,-34.7016666666667,135.828055555556,89.9,9840.0,0.951,
1913,-34.7016666666667,135.828055555556,92.3,16.4,0.951,
1914,-34.6991666666667,135.828611111111,93.1,82.0,0.951,
1915,-34.7016666666667,135.828055555556,93.9,9840.0,0.951,
1916,-31.3413888888889,152.6825,92.7,4920.0,0.951,
1917,-31.3411111111111,152.6825,93.5,4920.0,0.951,
1918,-31.3411111111111,152.6825,99.9,4920.0,0.951,
1919,-31.3413888888889,152.6825,100.7,32800.0,0.951,
1920,-31.3413888888889,152.6825,102.3,32800.0,0.951,
1921,-31.3411111111111,152.6825,103.9,4920.0,0.951,
1922,-31.3413888888889,152.682222222222,107.7,410.0,0.951,
1923,-33.1058333333333,138.164444444444,105.1,8200.0,0.951,
1924,-32.7319444444444,152.131388888889,95.1,410.0,0.951,
1925,-32.7319444444444,152.131388888889,95.9,410.0,0.951,
1926,-32.7319444444444,152.131388888889,97.5,410.0,0.951,
1927,-32.7319444444444,152.131388888889,98.3,410.0,0.951,
1928,-32.7319444444444,152.131388888889,100.9,1640.0,0.951,
1929,-38.2163888888889,141.703611111111,92.9,1640.0,0.951,
1930,-38.2163888888889,141.703611111111,92.9,1640.0,0.951,
1931,-38.2163888888889,141.703611111111,93.7,3280.0,0.951,
1932,-38.2163888888889,141.703611111111,93.7,3280.0,0.951,
1933,-38.2166666666667,141.703333333333,96.9,4264.0,0.951,
1934,-38.2166666666667,141.703333333333,97.7,4264.0,0.951,
1935,-38.2166666666667,141.703333333333,98.5,4264.0,0.951,
1936,-38.2166666666667,141.703333333333,99.3,3280.0,0.951,
1937,-38.3625,141.623611111111,105.3,1640.0,0.951,
1938,-33.405,149.9475,92.5,328.0,0.951,
1939,-33.405,149.9475,94.1,328.0,0.951,
1940,-37.82,145.730277777778,89.5,82.0,0.951,
1941,-29.725,135.570277777778,89.7,32.8,0.951,
1942,-29.725,135.570277777778,91.3,32.8,0.951,
1943,-29.725,135.570277777778,92.9,410.0,0.951,
1944,-20.4016666666667,148.575555555556,96.3,32.8,0.951,
1945,-11.4036111111111,130.418055555556,98.5,41.0,0.951,
1946,-35.3752777777778,149.212777777778,97.5,820.0,0.951,
1947,-42.0919444444445,145.606388888889,93.7,164.0,0.951,
1948,-42.0919444444445,145.606388888889,88.9,820.0,0.951,
1949,-42.0919444444445,145.606388888889,90.5,820.0,0.951,
1950,-42.0847222222222,145.606944444444,92.1,1640.0,0.951,
1951,-42.0847222222222,145.606944444444,95.3,1640.0,0.951,
1952,-26.6191666666667,144.264722222222,98.1,49.2,0.951,
1953,-26.6186111111111,144.270833333333,104.5,82.0,0.951,
1954,-26.6186111111111,144.270833333333,104.5,82.0,0.951,
1955,-26.6191666666667,144.264722222222,106.1,82.0,0.951,
1956,-26.6191666666667,144.264722222222,107.7,82.0,0.951,
1957,-31.5147222222222,150.666388888889,96.3,246.0,0.951,
1958,-32.3616666666667,138.0525,99.1,164.0,0.951,
1959,-32.3616666666667,138.0525,100.7,164.0,0.951,
1960,-32.2997222222222,138.056388888889,107.9,82.0,0.951,
1961,-12.3288888888889,134.927222222222,105.7,16.4,0.951,
1962,-17.5969444444444,145.483888888889,91.3,410.0,0.951,
1963,-33.5811111111111,120.046666666667,89.1,410.0,0.951,
1964,-33.5811111111111,120.046666666667,90.7,492.0,0.951,
1965,-33.5863888888889,120.045,93.1,82.0,0.951,
1966,-33.5811111111111,120.046666666667,94.7,492.0,0.951,
1967,-33.5863888888889,120.045,105.9,82.0,0.951,
1968,-33.5863888888889,120.045,107.5,82.0,0.951,
1969,-32.4347222222222,151.004166666667,91.7,82.0,0.951,
1970,-32.4347222222222,151.004166666667,93.3,82.0,0.951,
1971,-32.4347222222222,151.004166666667,94.9,82.0,0.951,
1972,-27.245,153.100555555556,99.7,3280.0,0.951,
1973,-26.3322222222222,149.393611111111,99.7,492.0,0.951,
1974,-34.4644444444444,140.533333333333,91.5,16400.0,0.951,
1975,-34.4644444444444,140.533333333333,93.1,16400.0,0.951,
1976,-34.4644444444444,140.533333333333,93.9,246000.0,0.951,
1977,-34.4644444444444,140.533333333333,95.5,8200.0,0.951,
1978,-34.4644444444444,140.533333333333,100.7,8200.0,0.951,
1979,-34.4644444444444,140.533333333333,101.9,246000.0,0.951,
1980,-34.4644444444444,140.533333333333,105.1,246000.0,0.951,
1981,-20.7347222222222,143.145833333333,99.7,164.0,0.951,
1982,-20.7347222222222,143.145833333333,101.3,49.2,0.951,
1983,-20.7347222222222,143.145833333333,104.5,164.0,0.951,
1984,-20.7347222222222,143.145833333333,106.1,164.0,0.951,
1985,-20.75,143.1575,107.7,82.0,0.951,
1986,-33.6675,150.639722222222,99.1,164.0,0.951,
1987,-28.5455555555556,153.2875,94.5,164000.0,0.951,
1988,-28.5455555555556,153.2875,95.3,164000.0,0.951,
1989,-28.5455555555556,153.2875,96.1,164000.0,0.951,
1990,-28.5455555555556,153.2875,96.9,164000.0,0.951,
1991,-28.5455555555556,153.2875,98.5,164000.0,0.951,
1992,-34.5902777777778,142.77,90.7,98.4,0.951,
1993,-23.3375,150.576944444444,92.7,32.8,0.951,
1994,-23.3386111111111,150.578333333333,98.5,1640.0,0.951,
1995,-23.3372222222222,150.576944444444,99.9,1640.0,0.951,
1996,-23.3388888888889,150.578055555556,100.7,1640.0,0.951,
1997,-23.3388888888889,150.578055555556,101.5,16400.0,0.951,
1998,-23.7297222222222,150.536111111111,103.1,131200.0,0.951,
1999,-23.7297222222222,150.536111111111,104.7,131200.0,0.951,
2000,-23.7297222222222,150.536111111111,105.5,131200.0,0.951,
2001,-23.7297222222222,150.536111111111,106.3,131200.0,0.951,
2002,-23.3388888888889,150.578055555556,107.9,16400.0,0.951,
2003,-32.2588888888889,115.751666666667,105.7,820.0,0.951,
2004,-20.7719444444444,117.141944444444,94.5,820.0,0.951,
2005,-20.7719444444444,117.141944444444,95.3,820.0,0.951,
2006,-20.7747222222222,117.144722222222,97.7,82.0,0.951,
2007,-20.7719444444444,117.141944444444,107.5,2132.0,0.951,
2008,-24.4411111111111,148.416666666667,98.5,1640.0,0.951,
2009,-24.4411111111111,148.416666666667,100.1,1640.0,0.951,
2010,-24.4411111111111,148.416666666667,101.7,1640.0,0.951,
2011,-24.4411111111111,148.416666666667,103.3,1640.0,0.951,
2012,-26.5744444444444,148.848055555556,94.3,164.0,0.951,
2013,-26.5744444444444,148.848055555556,95.1,1640.0,0.951,
2014,-26.5725,148.778888888889,95.9,164.0,0.951,
2015,-26.5725,148.85,97.7,1640.0,0.951,
2016,-26.5725,148.85,105.7,1640.0,0.951,
2017,-26.5725,148.85,107.3,1640.0,0.951,
2018,-41.8444444444445,145.541388888889,101.5,164.0,0.951,
2019,-41.8444444444445,145.541388888889,102.7,656.0,0.951,
2020,-41.8444444444445,145.541388888889,105.5,820.0,0.951,
2021,-41.8441666666667,145.542222222222,106.3,656.0,0.951,
2022,-41.8444444444445,145.541388888889,107.1,820.0,0.951,
2023,-41.8441666666667,145.542222222222,107.9,656.0,0.951,
2024,-26.5241666666667,119.951111111111,95.1,49.2,0.951,
2025,-30.5544444444444,136.893888888889,92.3,492.0,0.951,
2026,-30.5544444444444,136.893888888889,93.9,492.0,0.951,
2027,-30.5463888888889,136.894722222222,95.5,820.0,0.951,
2028,-30.5527777777778,136.894444444444,96.3,820.0,0.951,
2029,-30.5463888888889,136.894722222222,97.9,2132.0,0.951,
2030,-30.5530555555556,136.894444444444,100.3,820.0,0.951,
2031,-30.5463888888889,136.894722222222,101.9,2132.0,0.951,
2032,-30.5463888888889,136.894722222222,102.7,2132.0,0.951,
2033,-30.5463888888889,136.894722222222,103.5,2132.0,0.951,
2034,-30.5544444444444,136.893888888889,105.5,164.0,0.951,
2035,-22.5005555555556,120.001666666667,96.5,82.0,0.951,
2036,-22.5005555555556,120.001666666667,98.1,82.0,0.951,
2037,-22.5005555555556,120.001666666667,99.7,82.0,0.951,
2038,-22.5005555555556,120.001666666667,101.3,82.0,0.951,
2039,-22.5005555555556,120.001666666667,102.9,82.0,0.951,
2040,-33.8,151.120277777778,88.5,164.0,0.951,
2041,-38.1772222222222,147.094722222222,90.3,820.0,0.951,
2042,-38.3936111111111,146.559166666667,99.5,32800.0,0.951,
2043,-38.3936111111111,146.559166666667,99.5,32800.0,0.951,
2044,-34.8177777777778,138.666944444444,89.7,820.0,0.951,
2045,-17.3483333333333,128.065833333333,105.3,49.2,0.951,
2046,-17.3483333333333,128.065833333333,107.7,49.2,0.951,
2047,-33.12,121.625277777778,100.7,1640.0,0.951,
2048,-35.0847222222222,150.678611111111,92.7,164.0,0.951,
2049,-27.9902777777778,119.298055555556,104.7,65.6,0.951,
2050,-27.9902777777778,119.298055555556,106.3,65.6,0.951,
2051,-24.1319444444444,134.375277777778,103.7,65.6,0.951,
2052,-24.1319444444444,134.375277777778,106.1,65.6,0.951,
2053,-23.4591666666667,147.719722222222,103.5,1640.0,0.951,
2054,-22.4197222222222,148.280555555556,92.1,82.0,0.951,
2055,-22.3475,148.276666666667,93.7,328.0,0.951,
2056,-22.3475,148.276666666667,95.3,328.0,0.951,
2057,-22.3475,148.276666666667,98.5,328.0,0.951,
2058,-22.3475,148.276666666667,100.1,328.0,0.951,
2059,-22.4675,148.329166666667,94.5,328.0,0.951,
2060,-22.4675,148.329166666667,102.1,328.0,0.951,
2061,-22.4675,148.329166666667,104.1,328.0,0.951,
2062,-22.4675,148.329166666667,107.3,328.0,0.951,
2063,-21.3941666666667,149.237777777778,93.5,32.8,0.951,
2064,-41.45,145.377777777778,104.1,524.8,0.951,
2065,-41.0666666666667,147.734444444444,95.7,8200.0,0.951,
2066,-41.0666666666667,147.734444444444,99.7,8200.0,0.951,
2067,-37.0147222222222,145.111388888889,99.3,16.4,0.951,
2068,-37.0236111111111,145.13,103.9,820.0,0.951,
2069,-36.3622222222222,145.6975,95.3,164000.0,0.951,
2070,-36.3622222222222,145.6975,96.9,164000.0,0.951,
2071,-36.3622222222222,145.698333333333,98.5,16400.0,0.951,
2072,-36.3622222222222,145.698333333333,100.1,16400.0,0.951,
2073,-34.8002777777778,150.719444444444,92.3,328.0,0.951,
2074,-22.3222222222222,117.306944444444,88.7,82.0,0.951,
2075,-22.3222222222222,117.306944444444,90.3,82.0,0.951,
2076,-22.3222222222222,117.306944444444,91.9,82.0,0.951,
2077,-22.3222222222222,117.306944444444,93.5,82.0,0.951,
2078,-22.3222222222222,117.306944444444,95.1,82.0,0.951,
2079,-40.8430555555556,145.130555555556,94.5,164.0,0.951,
2080,-40.8430555555556,145.130555555556,95.3,164.0,0.951,
2081,-33.0322222222222,149.582777777778,90.1,410.0,0.951,
2082,-22.2280555555556,117.894166666667,97.1,41.0,0.951,
2083,-22.1488888888889,117.849722222222,102.7,82.0,0.951,
2084,-22.1488888888889,117.849722222222,104.3,82.0,0.951,
2085,-22.1488888888889,117.849722222222,105.9,82.0,0.951,
2086,-22.1488888888889,117.849722222222,107.5,82.0,0.951,
2087,-22.125,117.920833333333,96.3,82.0,0.951,
2088,-22.125,117.920833333333,97.9,82.0,0.951,
2089,-22.125,117.920833333333,99.5,82.0,0.951,
2090,-22.125,117.920833333333,101.1,82.0,0.951,
2091,-22.9788888888889,118.903055555556,89.5,49.2,0.951,
2092,-22.9788888888889,118.903055555556,92.1,49.2,0.951,
2093,-22.9788888888889,118.903055555556,93.7,49.2,0.951,
2094,-22.9788888888889,118.903055555556,95.9,49.2,0.951,
2095,-22.9788888888889,118.903055555556,99.1,49.2,0.951,
2096,-22.9788888888889,118.903055555556,100.7,49.2,0.951,
2097,-22.9788888888889,118.903055555556,102.3,49.2,0.951,
2098,-22.9788888888889,118.903055555556,103.9,49.2,0.951,
2099,-22.9788888888889,118.903055555556,105.5,49.2,0.951,
2100,-22.9788888888889,118.903055555556,107.1,49.2,0.951,
2101,-21.7844444444444,148.474166666667,102.3,246.0,0.951,
2102,-34.6558333333333,117.6475,92.1,131200.0,0.951,
2103,-34.6558333333333,117.6475,92.9,131200.0,0.951,
2104,-34.6558333333333,117.6475,94.5,131200.0,0.951,
2105,-34.6558333333333,117.6475,96.9,131200.0,0.951,
2106,-31.2330555555556,119.328055555556,88.7,82.0,0.951,
2107,-31.2341666666667,119.324166666667,102.3,410.0,0.951,
2108,-31.2341666666667,119.324166666667,103.9,164.0,0.951,
2109,-31.2761111111111,119.509166666667,106.3,1640.0,0.951,
2110,-31.2761111111111,119.509166666667,107.9,1640.0,0.951,
2111,-28.5358333333333,151.832777777778,101.7,131200.0,0.951,
2112,-28.5358333333333,151.832777777778,103.3,131200.0,0.951,
2113,-28.5358333333333,151.832777777778,104.9,131200.0,0.951,
2114,-28.5358333333333,151.832777777778,106.5,131200.0,0.951,
2115,-35.4763888888889,142.367777777778,95.3,8200.0,0.951,
2116,-33.1038888888889,138.164166666667,97.9,32800.0,0.951,
2117,-33.1038888888889,138.164166666667,102.7,114800.0,0.951,
2118,-33.1038888888889,138.164166666667,103.5,114800.0,0.951,
2119,-33.1038888888889,138.164166666667,104.3,114800.0,0.951,
2120,-33.1038888888889,138.164166666667,105.9,32800.0,0.951,
2121,-33.1038888888889,138.164166666667,106.7,114800.0,0.951,
2122,-25.9533333333333,149.064444444444,105.1,32.8,0.951,
2123,-25.9533333333333,149.064444444444,106.7,32.8,0.951,
2124,-24.1422222222222,148.154166666667,99.3,492.0,0.951,
2125,-24.1416666666667,148.150277777778,100.9,1312.0,0.951,
2126,-36.5986111111111,143.237222222222,106.1,82.0,0.951,
2127,-28.045,148.599444444444,102.1,164.0,0.951,
2128,-28.0375,148.581388888889,102.9,164.0,0.951,
2129,-27.9947222222222,148.566944444444,103.7,164.0,0.951,
2130,-28.0375,148.581388888889,105.3,16.4,0.951,
2131,-27.9947222222222,148.566944444444,107.7,164.0,0.951,
2132,-35.0341666666667,150.657222222222,91.7,1640.0,0.951,
2133,-41.3575,148.237222222222,90.5,164.0,0.951,
2134,-41.3575,148.237222222222,92.1,164.0,0.951,
2135,-41.3575,148.237222222222,93.7,328.0,0.951,
2136,-41.3336111111111,148.286944444444,96.1,164.0,0.951,
2137,-22.3463888888889,149.526666666667,94.9,49.2,0.951,
2138,-22.3463888888889,149.526666666667,95.7,49.2,0.951,
2139,-22.3463888888889,149.526666666667,97.3,49.2,0.951,
2140,-41.5344444444444,148.171666666667,100.3,328.0,0.951,
2141,-41.5341666666667,148.171666666667,101.1,492.0,0.951,
2142,-41.5341666666667,148.171666666667,102.7,492.0,0.951,
2143,-41.5341666666667,148.171666666667,103.5,492.0,0.951,
2144,-41.5341666666667,148.171666666667,105.1,492.0,0.951,
2145,-10.1863888888889,142.331111111111,106.7,16.4,0.951,
2146,-40.7613888888889,145.300555555556,105.7,164.0,0.951,
2147,-40.7613888888889,145.300555555556,107.3,164.0,0.951,
2148,-28.6536111111111,151.946944444444,90.1,164.0,0.951,
2149,-28.6538888888889,151.946388888889,91.5,164.0,0.951,
2150,-28.655,151.934722222222,93.1,41.0,0.951,
2151,-28.6536111111111,151.946944444444,97.1,164.0,0.951,
2152,-28.6536111111111,151.946944444444,97.9,164.0,0.951,
2153,-28.6536111111111,151.946944444444,98.7,164.0,0.951,
2154,-28.6538888888889,151.946388888889,99.5,164.0,0.951,
2155,-28.6536111111111,151.946944444444,100.3,164.0,0.951,
2156,-37.0544444444444,142.788888888889,93.7,82.0,0.951,
2157,-24.3547222222222,143.2875,100.3,49.2,0.951,
2158,-42.1527777777778,145.2925,94.7,164.0,0.951,
2159,-42.1527777777778,145.2925,101.9,164.0,0.951,
2160,-42.1527777777778,145.2925,103.5,41.0,0.951,
2161,-42.1527777777778,145.2925,105.1,41.0,0.951,
2162,-42.1491666666667,145.3025,105.9,82.0,0.951,
2163,-42.1491666666667,145.3025,107.5,82.0,0.951,
2164,-35.2688888888889,138.921666666667,94.7,164.0,0.951,
2165,-32.8136111111111,134.483888888889,99.3,6560.0,0.951,
2166,-32.7563888888889,134.1925,100.9,3280.0,0.951,
2167,-32.7563888888889,134.1925,103.3,3280.0,0.951,
2168,-10.2055555555556,142.827777777778,105.9,16.4,0.951,
2169,-37.5958333333333,144.730277777778,99.3,656.0,0.951,
2170,-29.0811111111111,122.408333333333,96.1,164.0,0.951,
2171,-29.0811111111111,122.408333333333,97.7,164.0,0.951,
2172,-27.1577777777778,149.069722222222,94.7,41.0,0.951,
2173,-27.1433333333333,149.135555555556,107.5,164.0,0.951,
2174,-34.0305555555555,151.059722222222,99.7,328.0,0.951,
2175,-34.8202777777778,147.901388888889,88.3,131200.0,0.951,
2176,-34.8202777777778,147.901388888889,89.1,131200.0,0.951,
2177,-34.8202777777778,147.901388888889,89.9,131200.0,0.951,
2178,-34.8202777777778,147.901388888889,90.7,131200.0,0.951,
2179,-34.8202777777778,147.901388888889,91.5,131200.0,0.951,
2180,-35.4083333333333,143.581944444444,106.9,16400.0,0.951,
2181,-35.4083333333333,143.581944444444,107.7,16400.0,0.951,
2182,-35.3455555555556,143.559166666667,99.1,1640.0,0.951,
2183,-42.125,148.073333333333,106.1,328.0,0.951,
2184,-42.125,148.073333333333,107.7,328.0,0.951,
2185,-37.2777777777778,147.715277777778,91.7,82.0,0.951,
2186,-37.2816666666667,147.718055555556,103.5,82.0,0.951,
2187,-33.8730555555556,151.205277777778,88.9,328.0,0.951,
2188,-33.8630555555556,151.211666666667,92.1,9840.0,0.951,
2189,-33.8055555555555,151.180833333333,92.1,24600.0,0.951,
2190,-33.82,151.185,92.9,246000.0,0.951,
2191,-33.8055555555555,151.180833333333,93.7,82000.0,0.951,
2192,-33.8922222222222,151.199722222222,93.7,3280.0,0.951,
2193,-33.82,151.185,94.5,246000.0,0.951,
2194,-33.82,151.185,95.3,246000.0,0.951,
2195,-33.82,151.185,96.9,246000.0,0.951,
2196,-33.82,151.185,97.7,246000.0,0.951,
2197,-33.8394444444444,151.206944444444,98.5,41000.0,0.951,
2198,-33.82,151.185,101.7,246000.0,0.951,
2199,-33.8055555555555,151.180833333333,101.7,246000.0,0.951,
2200,-33.8638888888889,151.211388888889,102.5,82000.0,0.951,
2201,-33.8055555555555,151.180833333333,103.2,82000.0,0.951,
2202,-33.8055555555555,151.180833333333,104.1,246000.0,0.951,
2203,-33.82,151.185,104.1,246000.0,0.951,
2204,-33.82,151.185,104.9,246000.0,0.951,
2205,-33.8055555555555,151.180833333333,104.9,246000.0,0.951,
2206,-33.82,151.185,105.7,246000.0,0.951,
2207,-33.82,151.185,106.5,246000.0,0.951,
2208,-33.8055555555555,151.180833333333,106.5,246000.0,0.951,
2209,-33.8827777777778,151.199722222222,107.3,22960.0,0.951,
2210,-33.8758333333333,151.2225,100.5,1640.0,0.951,
2211,-35.5944444444444,148.288611111111,88.9,6.56,0.951,
2212,-35.5944444444444,148.288611111111,91.3,6.56,0.951,
2213,-35.5827777777778,148.297222222222,94.3,16.4,0.951,
2214,-41.3925,147.166388888889,96.5,820.0,0.951,
2215,-41.2747222222222,147.286666666667,98.1,820.0,0.951,
2216,-24.8822222222222,146.254166666667,98.7,164.0,0.951,
2217,-24.8822222222222,146.254166666667,98.7,164.0,0.951,
2218,-24.8822222222222,146.254166666667,100.3,164.0,0.951,
2219,-24.8822222222222,146.254166666667,101.9,164.0,0.951,
2220,-24.8822222222222,146.254166666667,103.5,131.2,0.951,
2221,-24.8486111111111,146.267222222222,105.9,131.2,0.951,
2222,-24.8486111111111,146.267222222222,107.5,131.2,0.951,
2223,-31.0758333333333,150.958888888889,88.9,1640.0,0.951,
2224,-31.0755555555556,150.958611111111,89.7,1640.0,0.951,
2225,-31.0758333333333,150.9575,90.5,1640.0,0.951,
2226,-31.3213888888889,150.749722222222,91.7,16400.0,0.951,
2227,-31.3213888888889,150.750277777778,92.9,32800.0,0.951,
2228,-31.3213888888889,150.749722222222,93.9,16400.0,0.951,
2229,-31.3213888888889,150.749722222222,94.7,16400.0,0.951,
2230,-31.0927777777778,150.930833333333,97.1,164.0,0.951,
2231,-31.3213888888889,150.749722222222,103.1,16400.0,0.951,
2232,-27.2780555555556,150.46,90.3,49.2,0.951,
2233,-27.2780555555556,150.46,93.5,49.2,0.951,
2234,-26.9055555555556,143.291944444444,102.9,41.0,0.951,
2235,-26.9055555555556,143.291944444444,104.5,41.0,0.951,
2236,-26.9055555555556,143.291944444444,106.9,41.0,0.951,
2237,-31.8575,152.406944444444,103.3,4920.0,0.951,
2238,-31.8572222222222,152.406944444444,104.7,8200.0,0.951,
2239,-31.8572222222222,152.406944444444,105.7,8200.0,0.951,
2240,-31.9222222222222,152.181666666667,107.3,16400.0,0.951,
2241,-26.8025,151.91,91.7,82.0,0.951,
2242,-26.8025,151.91,92.5,41.0,0.951,
2243,-26.8025,151.91,93.3,82.0,0.951,
2244,-26.8025,151.91,95.7,82.0,0.951,
2245,-26.8025,151.91,96.5,82.0,0.951,
2246,-26.8025,151.91,97.3,82.0,0.951,
2247,-25.6447222222222,149.803888888889,92.5,164.0,0.951,
2248,-25.6447222222222,149.803888888889,94.1,49.2,0.951,
2249,-25.6447222222222,149.803888888889,95.7,49.2,0.951,
2250,-25.6447222222222,149.803888888889,97.3,49.2,0.951,
2251,-25.6438888888889,149.805,106.1,82.0,0.951,
2252,-25.6438888888889,149.805,107.7,82.0,0.951,
2253,-43.1044444444444,147.808888888889,97.7,1640.0,0.951,
2254,-21.7213888888889,122.222777777778,98.9,262.4,0.951,
2255,-21.7213888888889,122.222777777778,100.5,262.4,0.951,
2256,-21.7213888888889,122.222777777778,104.5,262.4,0.951,
2257,-21.7213888888889,122.222777777778,106.9,262.4,0.951,
2258,-21.7158333333333,122.179166666667,90.1,82.0,0.951,
2259,-21.7158333333333,122.179166666667,91.7,82.0,0.951,
2260,-21.7158333333333,122.179166666667,93.3,82.0,0.951,
2261,-21.7158333333333,122.179166666667,94.9,82.0,0.951,
2262,-34.4463888888889,147.551944444444,102.5,246.0,0.951,
2263,-34.4463888888889,147.550833333333,104.1,82.0,0.951,
2264,-34.4463888888889,147.550833333333,104.9,82.0,0.951,
2265,-19.6338888888889,134.221388888889,100.5,820.0,0.951,
2266,-19.6338888888889,134.221388888889,102.1,410.0,0.951,
2267,-19.6341666666667,134.223611111111,103.7,410.0,0.951,
2268,-19.6402777777778,134.191944444444,104.5,410.0,0.951,
2269,-19.6341666666667,134.223611111111,106.1,328.0,0.951,
2270,-29.0863888888889,151.966388888889,88.9,131.2,0.951,
2271,-29.0866666666667,151.971666666667,89.7,6560.0,0.951,
2272,-29.0863888888889,151.966388888889,90.5,131.2,0.951,
2273,-29.0866666666667,151.971666666667,93.7,6560.0,0.951,
2274,-29.0866666666667,151.971666666667,102.5,6560.0,0.951,
2275,-38.2391666666667,142.918055555556,90.5,328.0,0.951,
2276,-28.6377777777778,148.863055555556,89.3,24.6,0.951,
2277,-28.6377777777778,148.863055555556,90.9,24.6,0.951,
2278,-28.6377777777778,148.863055555556,92.5,24.6,0.951,
2279,-27.9930555555556,143.823333333333,104.5,82.0,0.951,
2280,-27.9930555555556,143.823333333333,105.3,82.0,0.951,
2281,-27.9930555555556,143.823333333333,106.1,65.6,0.951,
2282,-27.9930555555556,143.823333333333,107.7,82.0,0.951,
2283,-24.9927777777778,150.096666666667,94.7,164.0,0.951,
2284,-24.9927777777778,150.096666666667,99.5,49.2,0.951,
2285,-24.9927777777778,150.096666666667,101.1,49.2,0.951,
2286,-24.9927777777778,150.096666666667,102.7,49.2,0.951,
2287,-24.9519444444444,150.061666666667,105.9,82.0,0.951,
2288,-24.9519444444444,150.061666666667,107.5,82.0,0.951,
2289,-36.4936111111111,148.287777777778,88.9,65.6,0.951,
2290,-36.4936111111111,148.287777777778,90.5,65.6,0.951,
2291,-36.4936111111111,148.287777777778,92.1,229.6,0.951,
2292,-36.4936111111111,148.287777777778,92.9,1640.0,0.951,
2293,-36.4930555555556,148.2875,106.9,229.6,0.951,
2294,-29.5436111111111,115.674166666667,101.1,820.0,0.951,
2295,-28.1811111111111,121.000277777778,91.5,41.0,0.951,
2296,-28.1811111111111,121.000277777778,93.1,41.0,0.951,
2297,-10.5822222222222,142.212222222222,103.7,41.0,0.951,
2298,-10.5825,142.2125,107.7,82.0,0.951,
2299,-21.8316666666667,117.605833333333,103.7,32.8,0.951,
2300,-21.8316666666667,117.605833333333,105.3,32.8,0.951,
2301,-21.8316666666667,117.605833333333,106.9,32.8,0.951,
2302,-23.0316666666667,148.367777777778,92.1,82.0,0.951,
2303,-15.6558333333333,130.481666666667,105.3,32.8,0.951,
2304,-27.6888888888889,140.101944444444,107.7,82.0,0.951,
2305,-26.0008333333333,125.473333333333,102.9,1.64,0.951,
2306,-26.0008333333333,125.473333333333,106.1,1.64,0.951,
2307,-24.3480555555556,128.718055555556,106.1,32.8,0.951,
2308,-27.1391666666667,134.756666666667,104.5,164.0,0.951,
2309,-27.1391666666667,134.756666666667,106.1,32.8,0.951,
2310,-36.9069444444444,146.258888888889,88.7,164.0,0.951,
2311,-22.6991666666667,117.792222222222,96.1,123.0,0.951,
2312,-22.72,117.761388888889,100.9,114.8,0.951,
2313,-22.72,117.761388888889,102.5,114.8,0.951,
2314,-22.72,117.761388888889,104.1,164.0,0.951,
2315,-22.72,117.761388888889,105.7,114.8,0.951,
2316,-22.6991666666667,117.792222222222,107.3,82.0,0.951,
2317,-22.7638888888889,117.752222222222,98.5,32.8,0.951,
2318,-22.7638888888889,117.752222222222,100.1,32.8,0.951,
2319,-22.7638888888889,117.752222222222,103.3,32.8,0.951,
2320,-27.5061111111111,151.956388888889,91.5,1640.0,0.951,
2321,-27.6105555555556,151.924166666667,92.9,820.0,0.951,
2322,-27.58,151.987777777778,93.7,32.8,0.951,
2323,-27.5061111111111,151.955833333333,95.5,820.0,0.951,
2324,-27.5061111111111,151.956388888889,96.7,4100.0,0.951,
2325,-27.5597222222222,151.954722222222,99.1,32.8,0.951,
2326,-27.5061111111111,151.956388888889,100.7,16400.0,0.951,
2327,-27.6027777777778,151.931944444444,102.7,6560.0,0.951,
2328,-32.2180555555556,147.333333333333,99.3,82.0,0.951,
2329,-19.3436111111111,146.780555555556,94.3,150880.0,0.951,
2330,-19.3430555555556,146.781388888889,98.9,164.0,0.951,
2331,-19.3427777777778,146.782222222222,99.9,32800.0,0.951,
2332,-19.3427777777778,146.782222222222,100.7,164000.0,0.951,
2333,-19.3436111111111,146.780555555556,101.5,164000.0,0.951,
2334,-19.3425,146.7825,102.3,164000.0,0.951,
2335,-19.3425,146.7825,103.1,164000.0,0.951,
2336,-19.3436111111111,146.780277777778,103.9,32800.0,0.951,
2337,-19.3436111111111,146.780555555556,104.7,164000.0,0.951,
2338,-19.3436111111111,146.780555555556,105.5,164000.0,0.951,
2339,-19.3427777777778,146.782222222222,106.3,164000.0,0.951,
2340,-19.3436111111111,146.780555555556,107.1,26240.0,0.951,
2341,-19.2497222222222,146.799722222222,93.5,82.0,0.951,
2342,-19.2497222222222,146.799722222222,95.9,82.0,0.951,
2343,-19.2497222222222,146.799722222222,96.7,82.0,0.951,
2344,-19.2497222222222,146.799722222222,97.5,82.0,0.951,
2345,-38.1308333333333,146.471388888889,97.9,820.0,0.951,
2346,-29.2419444444444,124.551666666667,102.9,147.6,0.951,
2347,-29.2419444444444,124.551666666667,104.5,147.6,0.951,
2348,-29.2419444444444,124.551666666667,106.1,147.6,0.951,
2349,-29.2419444444444,124.551666666667,107.7,147.6,0.951,
2350,-35.4533333333333,149.107777777778,88.7,164.0,0.951,
2351,-35.4019444444444,149.098888888889,89.5,164.0,0.951,
2352,-35.3727777777778,149.075277777778,90.3,164.0,0.951,
2353,-35.3811111111111,149.125277777778,94.3,164.0,0.951,
2354,-35.4533333333333,149.107777777778,95.9,164.0,0.951,
2355,-35.4533333333333,149.107777777778,99.1,164.0,0.951,
2356,-35.4533333333333,149.107777777778,99.9,164.0,0.951,
2357,-35.4533333333333,149.107777777778,100.7,328.0,0.951,
2358,-35.4533333333333,149.107777777778,107.1,164.0,0.951,
2359,-35.4533333333333,149.107777777778,107.9,164.0,0.951,
2360,-17.9958333333333,145.938055555556,90.3,492.0,0.951,
2361,-17.9958333333333,145.938055555556,92.7,492.0,0.951,
2362,-17.9341666666667,145.922777777778,93.9,41.0,0.951,
2363,-17.8688888888889,146.0075,95.5,82.0,0.951,
2364,-17.8688888888889,146.0075,96.3,82.0,0.951,
2365,-35.8980555555556,147.949166666667,97.3,410.0,0.951,
2366,-35.8980555555556,147.949166666667,100.5,820.0,0.951,
2367,-35.8980555555556,147.949166666667,104.5,820.0,0.951,
2368,-35.8980555555556,147.949166666667,106.1,820.0,0.951,
2369,-35.8980555555556,147.949166666667,107.7,1640.0,0.951,
2370,-34.3502777777778,135.955,91.5,3280.0,0.951,
2371,-34.3925,135.954166666667,100.3,98.4,0.951,
2372,-34.3502777777778,135.955,101.9,3280.0,0.951,
2373,-35.2933333333333,148.247777777778,94.7,164.0,0.951,
2374,-35.3605555555556,148.216388888889,96.3,32.8,0.951,
2375,-35.2933333333333,148.247777777778,97.9,16.4,0.951,
2376,-35.2933333333333,148.247777777778,99.5,16.4,0.951,
2377,-35.2933333333333,148.247777777778,103.1,32.8,0.951,
2378,-35.2933333333333,148.247777777778,107.9,16.4,0.951,
2379,-35.3613888888889,150.468611111111,99.7,328.0,0.951,
2380,-35.2819444444444,150.3425,106.7,2624.0,0.951,
2381,-13.8588888888889,136.813333333333,95.1,328.0,0.951,
2382,-13.8588888888889,136.813333333333,106.3,16.4,0.951,
2383,-36.2536111111111,146.855,100.9,3280.0,0.951,
2384,-36.2536111111111,146.855,103.3,131200.0,0.951,
2385,-36.2536111111111,146.855,104.1,131200.0,0.951,
2386,-36.2536111111111,146.855,106.5,131200.0,0.951,
2387,-30.2844444444444,150.1675,96.7,328000.0,0.951,
2388,-30.2844444444444,150.1675,99.1,328000.0,0.951,
2389,-30.2844444444444,150.1675,99.9,328000.0,0.951,
2390,-30.2844444444444,150.1675,100.7,328000.0,0.951,
2391,-30.2844444444444,150.1675,101.5,32800.0,0.951,
2392,-35.2794444444444,146.379722222222,88.7,6560.0,0.951,
2393,-26.1269444444444,113.4175,100.3,52.48,0.951,
2394,-26.1269444444444,113.4175,102.7,32.8,0.951,
2395,-35.5058333333333,138.646388888889,89.3,1640.0,0.951,
2396,-35.5058333333333,138.646388888889,90.1,1640.0,0.951,
2397,-35.4819444444444,138.662777777778,97.1,1640.0,0.951,
2398,-35.4819444444444,138.662777777778,99.7,1640.0,0.951,
2399,-14.2383333333333,129.519722222222,100.5,410.0,0.951,
2400,-14.24,129.520277777778,106.1,16.4,0.951,
2401,-35.1283333333333,147.374444444444,89.5,820.0,0.951,
2402,-35.0497222222222,147.559444444444,93.1,131200.0,0.951,
2403,-35.0497222222222,147.559444444444,95.5,16400.0,0.951,
2404,-35.1325,147.371944444444,101.1,820.0,0.951,
2405,-35.1325,147.371944444444,102.7,820.0,0.951,
2406,-35.1283333333333,147.374444444444,103.5,65.6,0.951,
2407,-35.1325,147.371944444444,104.3,820.0,0.951,
2408,-35.1325,147.371944444444,105.1,820.0,0.951,
2409,-35.1325,147.371944444444,105.9,820.0,0.951,
2410,-35.1283333333333,147.374444444444,107.1,820.0,0.951,
2411,-35.1522222222222,147.357777777778,107.9,32.8,0.951,
2412,-33.3141666666667,117.278611111111,96.3,8200.0,0.951,
2413,-34.1794444444444,139.987777777778,88.5,164.0,0.951,
2414,-34.1961111111111,139.941111111111,89.9,3280.0,0.951,
2415,-34.1961111111111,139.941111111111,97.1,3280.0,0.951,
2416,-30.9658333333333,151.630555555556,88.5,164.0,0.951,
2417,-30.9658333333333,151.630555555556,90.1,164.0,0.951,
2418,-30.9847222222222,151.594166666667,90.9,164.0,0.951,
2419,-30.0208333333333,148.119166666667,97.9,41.0,0.951,
2420,-30.0247222222222,148.145555555556,99.5,41.0,0.951,
2421,-30.0280555555556,148.116944444444,100.3,82.0,0.951,
2422,-30.0086111111111,148.135,102.7,164.0,0.951,
2423,-30.0080555555556,148.132777777778,104.3,328.0,0.951,
2424,-29.9958333333333,148.156388888889,105.1,1640.0,0.951,
2425,-30.0080555555556,148.132777777778,105.9,328.0,0.951,
2426,-29.9958333333333,148.156388888889,106.7,1640.0,0.951,
2427,-30.0080555555556,148.132777777778,107.5,328.0,0.951,
2428,-34.9608333333333,116.739444444444,102.9,164.0,0.951,
2429,-34.9608333333333,116.739444444444,106.1,164.0,0.951,
2430,-34.9608333333333,116.739444444444,107.7,164.0,0.951,
2431,-35.9322222222222,147.741944444444,88.7,1640.0,0.951,
2432,-26.0480555555556,149.96,98.1,82.0,0.951,
2433,-26.0480555555556,149.96,98.9,82.0,0.951,
2434,-26.1225,149.959166666667,103.7,164.0,0.951,
2435,-36.3569444444445,146.2875,99.3,16.4,0.951,
2436,-36.445,146.803055555556,101.3,1640.0,0.951,
2437,-36.4511111111111,146.803055555556,102.1,41000.0,0.951,
2438,-31.7561111111111,115.816111111111,89.7,3280.0,0.951,
2439,-31.7552777777778,115.819444444444,105.7,6560.0,0.951,
2440,-41.3352777777778,145.733611111111,103.3,164.0,0.951,
2441,-41.3352777777778,145.733611111111,104.9,164.0,0.951,
2442,-26.1341666666667,126.58,100.5,49.2,0.951,
2443,-26.1341666666667,126.58,102.1,49.2,0.951,
2444,-26.1341666666667,126.58,106.1,49.2,0.951,
2445,-29.5630555555556,150.458611111111,102.9,3280.0,0.951,
2446,-17.0327777777778,128.214722222222,102.1,656.0,0.951,
2447,-17.0327777777778,128.214722222222,106.1,32.8,0.951,
2448,-17.0327777777778,128.214722222222,106.9,164.0,0.951,
2449,-36.2444444444444,142.399722222222,100.5,82.0,0.951,
2450,-38.2619444444444,146.046388888889,93.5,1640.0,0.951,
2451,-38.2619444444444,146.046388888889,94.3,11480.0,0.951,
2452,-38.2686111111111,145.983888888889,103.1,1640.0,0.951,
2453,-38.3172222222222,142.377777777778,89.7,5248.0,0.951,
2454,-38.3172222222222,142.377777777778,91.3,5248.0,0.951,
2455,-38.3172222222222,142.377777777778,92.1,5248.0,0.951,
2456,-38.3047222222222,142.7375,94.5,32800.0,0.951,
2457,-38.3047222222222,142.7375,95.3,32800.0,0.951,
2458,-38.3047222222222,142.7375,95.3,32800.0,0.951,
2459,-38.3744444444444,142.472222222222,100.9,164.0,0.951,
2460,-38.3172222222222,142.377777777778,101.7,5248.0,0.951,
2461,-38.3047222222222,142.7375,103.7,8200.0,0.951,
2462,-11.6513888888889,133.388333333333,100.1,164.0,0.951,
2463,-11.6513888888889,133.388333333333,106.1,16.4,0.951,
2464,-28.2244444444444,152.006111111111,89.3,3280.0,0.951,
2465,-28.1602777777778,152.034722222222,91.9,3280.0,0.951,
2466,-28.2161111111111,152.033333333333,95.1,41.0,0.951,
2467,-28.1602777777778,152.034722222222,96.3,3280.0,0.951,
2468,-33.8969444444444,151.255555555556,89.7,328.0,0.951,
2469,-37.8775,145.038611111111,95.7,164.0,0.951,
2470,-29.2497222222222,146.919722222222,100.5,32.8,0.951,
2471,-12.6297222222222,141.88,96.1,1640.0,0.951,
2472,-12.6297222222222,141.88,97.7,410.0,0.951,
2473,-12.6297222222222,141.88,99.3,820.0,0.951,
2474,-12.6297222222222,141.88,102.5,820.0,0.951,
2475,-12.6255555555556,141.887777777778,103.3,82.0,0.951,
2476,-12.6255555555556,141.887777777778,107.3,82.0,0.951,
2477,-41.2358333333333,147.947222222222,94.5,410.0,0.951,
2478,-41.2336111111111,147.945277777778,97.3,82.0,0.951,
2479,-41.2336111111111,147.945277777778,98.9,82.0,0.951,
2480,-32.5588888888889,148.961388888889,89.5,164.0,0.951,
2481,-32.5633333333333,148.901666666667,91.5,1640.0,0.951,
2482,-34.1055555555556,141.913888888889,90.7,98.4,0.951,
2483,-37.8866666666667,144.703611111111,88.9,656.0,0.951,
2484,-23.1544444444444,118.78,95.7,410.0,0.951,
2485,-23.1544444444444,118.78,97.3,410.0,0.951,
2486,-23.1544444444444,118.78,98.9,410.0,0.951,
2487,-23.1544444444444,118.78,99.7,410.0,0.951,
2488,-23.1544444444444,118.78,100.5,410.0,0.951,
2489,-23.1136111111111,118.781944444444,88.3,106.6,0.951,
2490,-23.1136111111111,118.781944444444,89.9,106.6,0.951,
2491,-23.1136111111111,118.781944444444,91.5,106.6,0.951,
2492,-23.1136111111111,118.781944444444,93.1,106.6,0.951,
2493,-23.1136111111111,118.781944444444,94.7,106.6,0.951,
2494,-23.1938888888889,118.783611111111,101.3,32.8,0.951,
2495,-23.1938888888889,118.783611111111,102.9,32.8,0.951,
2496,-23.1938888888889,118.783611111111,104.5,32.8,0.951,
2497,-23.1938888888889,118.783611111111,106.1,32.8,0.951,
2498,-23.1938888888889,118.783611111111,107.7,32.8,0.951,
2499,-23.1913888888889,118.851666666667,88.7,32.8,0.951,
2500,-23.1913888888889,118.851666666667,90.3,32.8,0.951,
2501,-23.1913888888889,118.851666666667,91.9,32.8,0.951,
2502,-23.1913888888889,118.851666666667,93.5,32.8,0.951,
2503,-23.1913888888889,118.851666666667,95.1,32.8,0.951,
2504,-23.145,118.657222222222,90.9,32.8,0.951,
2505,-23.145,118.657222222222,91.7,32.8,0.951,
2506,-23.145,118.657222222222,92.5,32.8,0.951,
2507,-23.145,118.657222222222,93.3,32.8,0.951,
2508,-23.145,118.657222222222,94.1,32.8,0.951,
2509,-23.1780555555556,118.646388888889,102.5,32.8,0.951,
2510,-23.1780555555556,118.646388888889,103.3,32.8,0.951,
2511,-23.1780555555556,118.646388888889,104.1,32.8,0.951,
2512,-23.1780555555556,118.646388888889,104.9,32.8,0.951,
2513,-23.1780555555556,118.646388888889,105.7,32.8,0.951,
2514,-22.6666666666667,117.581111111111,88.9,32.8,0.951,
2515,-22.6666666666667,117.581111111111,90.5,32.8,0.951,
2516,-22.6666666666667,117.581111111111,92.1,32.8,0.951,
2517,-22.6666666666667,117.581111111111,93.7,32.8,0.951,
2518,-22.6666666666667,117.581111111111,95.3,32.8,0.951,
2519,-22.6891666666667,117.481666666667,96.3,24.6,0.951,
2520,-22.6891666666667,117.481666666667,97.9,24.6,0.951,
2521,-22.6891666666667,117.481666666667,99.5,24.6,0.951,
2522,-37.4588888888889,141.916111111111,91.7,131200.0,0.951,
2523,-37.4588888888889,141.916111111111,92.5,131200.0,0.951,
2524,-37.4588888888889,141.916111111111,93.3,131200.0,0.951,
2525,-37.4588888888889,141.916111111111,94.1,131200.0,0.951,
2526,-37.4588888888889,141.916111111111,94.9,131200.0,0.951,
2527,-31.3022222222222,118.6975,97.9,164.0,0.951,
2528,-31.3022222222222,118.6975,99.5,41.0,0.951,
2529,-31.3022222222222,118.6975,101.9,49.2,0.951,
2530,-32.9972222222222,137.524166666667,107.7,328.0,0.951,
2531,-20.6327777777778,117.152777777778,104.9,82.0,0.951,
2532,-25.4269444444444,152.116944444444,97.7,16400.0,0.951,
2533,-25.4269444444444,152.116944444444,98.5,131200.0,0.951,
2534,-25.4269444444444,152.116944444444,99.3,131200.0,0.951,
2535,-25.4269444444444,152.116944444444,100.1,131200.0,0.951,
2536,-25.4269444444444,152.116944444444,100.9,131200.0,0.951,
2537,-31.5513888888889,143.381111111111,98.3,41.0,0.951,
2538,-31.5525,143.380833333333,99.9,82.0,0.951,
2539,-21.2463888888889,132.617222222222,102.9,65.6,0.951,
2540,-23.7380555555556,147.537777777778,99.7,410.0,0.951,
2541,-32.3983333333333,138.418888888889,101.3,164.0,0.951,
2542,-32.3416666666667,149.875555555556,94.1,65.6,0.951,
2543,-32.3416666666667,149.875555555556,95.7,65.6,0.951,
2544,-26.595,120.228055555556,98.9,164.0,0.951,
2545,-26.595,120.228055555556,102.1,164.0,0.951,
2546,-26.595,120.228055555556,104.5,164.0,0.951,
2547,-26.595,120.228055555556,106.1,164.0,0.951,
2548,-26.595,120.228055555556,107.7,164.0,0.951,
2549,-25.4197222222222,142.659444444444,100.3,49.2,0.951,
2550,-26.0661111111111,128.930555555556,106.1,32.8,0.951,
2551,-22.3863888888889,143.0375,95.9,164.0,0.951,
2552,-22.3875,143.037777777778,96.7,3.28,0.951,
2553,-22.3863888888889,143.0375,98.3,41.0,0.951,
2554,-22.3863888888889,143.0375,100.7,164.0,0.951,
2555,-22.2411111111111,143.051111111111,107.9,3280.0,0.951,
2556,-20.7325,121.759444444444,105.5,164.0,0.951,
2557,-32.4077777777778,134.612777777778,107.3,2624.0,0.951,
2558,-21.1858333333333,118.676388888889,105.3,49.2,0.951,
2559,-21.1858333333333,118.676388888889,106.9,49.2,0.951,
2560,-36.1227777777778,146.89,89.5,164.0,0.951,
2561,-36.0916666666667,146.871388888889,98.5,328.0,0.951,
2562,-21.3558333333333,147.88,103.3,82.0,0.951,
2563,-34.3669444444444,150.875555555556,93.3,820.0,0.951,
2564,-34.6183333333333,150.697222222222,96.5,65600.0,0.951,
2565,-34.6183333333333,150.697222222222,98.1,65600.0,0.951,
2566,-34.3669444444444,150.875555555556,105.3,3280.0,0.951,
2567,-34.3669444444444,150.875555555556,106.9,3280.0,0.951,
2568,-34.6986111111111,150.792222222222,94.1,6560.0,0.951,
2569,-26.3347222222222,151.764444444444,90.7,8200.0,0.951,
2570,-26.3347222222222,151.764444444444,98.9,3280.0,0.951,
2571,-30.8905555555556,116.724722222222,103.1,49.2,0.951,
2572,-30.8905555555556,116.724722222222,104.7,49.2,0.951,
2573,-30.8905555555556,116.724722222222,106.3,49.2,0.951,
2574,-30.8905555555556,116.724722222222,107.9,49.2,0.951,
2575,-21.6530555555556,121.222777777778,90.3,164.0,0.951,
2576,-21.6530555555556,121.222777777778,91.9,164.0,0.951,
2577,-30.1566666666667,153.183333333333,100.5,82.0,0.951,
2578,-31.2008333333333,136.824722222222,101.7,410.0,0.951,
2579,-31.1966666666667,136.816388888889,105.7,82.0,0.951,
2580,-24.1447222222222,149.505277777778,99.7,1640.0,0.951,
2581,-33.0477777777778,135.457777777778,89.9,16.4,0.951,
2582,-33.0477777777778,135.457777777778,93.9,16.4,0.951,
2583,-33.1405555555556,135.108888888889,107.7,6560.0,0.951,
2584,-32.9761111111111,135.480833333333,100.5,164.0,0.951,
2585,-32.9761111111111,135.480833333333,105.3,3280.0,0.951,
2586,-15.9461111111111,145.319722222222,107.7,16.4,0.951,
2587,-33.9297222222222,147.205277777778,96.1,246.0,0.951,
2588,-27.2486111111111,145.978611111111,92.3,49.2,0.951,
2589,-27.2486111111111,145.978611111111,93.9,32.8,0.951,
2590,-27.2486111111111,145.978611111111,93.9,32.8,0.951,
2591,-15.4638888888889,128.103611111111,98.9,1640.0,0.951,
2592,-15.4638888888889,128.103611111111,100.5,1640.0,0.951,
2593,-15.4638888888889,128.103611111111,102.1,1640.0,0.951,
2594,-15.4638888888889,128.103611111111,102.9,328.0,0.951,
2595,-15.4638888888889,128.103611111111,107.7,82.0,0.951,
2596,-27.6152777777778,153.213611111111,100.3,4920.0,0.951,
2597,-40.9522222222222,145.720833333333,106.1,16400.0,0.951,
2598,-27.4233333333333,120.583333333333,95.5,164.0,0.951,
2599,-28.3422222222222,116.678888888889,104.5,82.0,0.951,
2600,-28.3422222222222,116.680833333333,106.1,82.0,0.951,
2601,-28.3422222222222,116.680833333333,107.7,82.0,0.951,
2602,-9.89916666666667,142.768055555556,106.1,16.4,0.951,
2603,-29.4333333333333,153.362222222222,100.3,1640.0,0.951,
2604,-22.7125,119.095833333333,96.3,82.0,0.951,
2605,-22.7125,119.095833333333,97.1,82.0,0.951,
2606,-22.7125,119.095833333333,97.9,82.0,0.951,
2607,-22.7125,119.095833333333,98.7,82.0,0.951,
2608,-22.7308333333333,119.016111111111,89.9,82.0,0.951,
2609,-22.7308333333333,119.016111111111,91.5,82.0,0.951,
2610,-22.7308333333333,119.016111111111,93.1,82.0,0.951,
2611,-22.7308333333333,119.016111111111,94.7,82.0,0.951,
2612,-22.8127777777778,119.274722222222,101.5,32.8,0.951,
2613,-22.8127777777778,119.274722222222,103.1,32.8,0.951,
2614,-22.8127777777778,119.274722222222,104.7,32.8,0.951,
2615,-22.8127777777778,119.274722222222,106.3,32.8,0.951,
2616,-22.8127777777778,119.274722222222,107.9,32.8,0.951,
2617,-22.7961111111111,119.159722222222,89.1,32.8,0.951,
2618,-22.7961111111111,119.159722222222,90.7,32.8,0.951,
2619,-22.7961111111111,119.159722222222,92.3,32.8,0.951,
2620,-22.7961111111111,119.159722222222,93.9,32.8,0.951,
2621,-22.7961111111111,119.159722222222,95.5,32.8,0.951,
2622,-22.77,119.231666666667,102.5,32.8,0.951,
2623,-22.77,119.231666666667,104.1,32.8,0.951,
2624,-22.77,119.231666666667,105.7,32.8,0.951,
2625,-22.8011111111111,119.247222222222,97.7,82.0,0.951,
2626,-22.8011111111111,119.247222222222,99.3,82.0,0.951,
2627,-22.8011111111111,119.247222222222,100.9,82.0,0.951,
2628,-35.4427777777778,138.338611111111,94.7,164.0,0.951,
2629,-37.725,145.697222222222,96.1,328.0,0.951,
2630,-37.7311111111111,145.476111111111,99.1,328.0,0.951,
2631,-37.7311111111111,145.476111111111,99.1,656.0,0.951,
2632,-23.2847222222222,149.0325,100.1,492.0,0.951,
2633,-23.2744444444444,149.017777777778,101.7,492.0,0.951,
2634,-16.4469444444444,130.884166666667,106.1,49.2,0.951,
2635,-38.5544444444444,146.677777777778,92.7,49.2,0.951,
2636,-26.8322222222222,151.980277777778,99.7,820.0,0.951,
2637,-34.8511111111111,148.971666666667,100.3,2460.0,0.951,
2638,-34.8511111111111,148.971666666667,107.9,164.0,0.951,
2639,-37.1205555555556,145.413055555556,88.9,410.0,0.951,
2640,-37.1205555555556,145.413055555556,93.7,1640.0,0.951,
2641,-23.1175,150.744166666667,91.3,328.0,0.951,
2642,-23.1175,150.744166666667,96.1,328.0,0.951,
2643,-12.2519444444444,136.888611111111,105.3,32.8,0.951,
2644,-18.7163888888889,126.755555555556,102.9,32.8,0.951,
2645,-31.8511111111111,116.761388888889,101.3,164.0,0.951,
2646,-34.2988888888889,148.306666666667,92.3,820.0,0.951,
2647,-34.3416666666667,148.336111111111,93.9,65600.0,0.951,
2648,-34.2988888888889,148.306666666667,96.3,82.0,0.951,
2649,-34.2988888888889,148.306666666667,97.1,82.0,0.951,
2650,-34.2988888888889,148.306666666667,98.7,82.0,0.951,
2651,-27.9702777777778,144.634722222222,102.5,49.2,0.951,
2652,-27.9702777777778,144.634722222222,104.1,49.2,0.951,
2653,-22.2583333333333,132.205277777778,105.9,16.4,0.951,
2654,-22.2558333333333,131.805277777778,102.9,32.8,0.951,
2655,-22.2544444444444,131.795,106.1,32.8,0.951,
2656,-25.2347222222222,130.991944444444,95.7,328.0,0.951,
2657,-25.2347222222222,130.991944444444,97.3,656.0,0.951,
2658,-25.2347222222222,130.991944444444,98.1,328.0,0.951,
2659,-25.2347222222222,130.991944444444,98.9,328.0,0.951,
2660,-25.2347222222222,130.991944444444,99.7,524.8,0.951,
2661,-25.2347222222222,130.991944444444,100.5,524.8,0.951,
2662,-25.2347222222222,130.991944444444,102.1,328.0,0.951,
2663,-25.2347222222222,130.991944444444,105.3,656.0,0.951,
2664,-26.6113888888889,149.383333333333,89.5,32.8,0.951,
