,Latitude in degrees,Longitude in degrees,Frequency(MHz),EIRP
0,-15.713861048008212,-58.7109375,87.31141256639548,5.0
1,-29.313198964168336,-50.9765625,86.5907884703692,7497.1908576620435
2,-22.993394314297802,-45.0,87.85894844428482,5.0
3,-21.06181760164931,-48.515625,97.42174283360698,5.0
4,-6.880079227870652,-36.5625,87.62219699836506,389.19090521897743
5,-6.880079227870652,-36.5625,87.60604974150293,5.0
6,-3.882372003029573,-68.203125,87.58833849640254,8259.366480206667
7,-26.61009781073392,-48.8671875,87.82688946361881,5.0
8,-21.06181760164931,-47.109375,87.718898746544,5.0
9,-22.669609871750396,-46.7578125,95.69466601058934,5.0
10,-1.7907846593289634,-45.3515625,87.80657936457312,5.0
11,-30.000000000000014,-52.3828125,87.80960369376321,5.0
12,-25.282603043311994,-50.2734375,87.31021952093934,5.0
13,-8.385538647081319,-41.8359375,97.48663294439669,8342.60723442241
14,-7.481631264246957,-36.5625,87.46109660948447,14685.660314476921
15,-7.481631264246957,-35.859375,87.22233392475755,5.0
16,-12.024699180565818,-40.4296875,90.40459574540334,5.0
17,-19.788049410669586,-42.890625,89.08369531491782,5.0
18,-16.957763300004146,-49.5703125,87.68439854653349,29918.256097945792
19,-11.4151577427305,-39.72656250000006,87.69392502601343,112918.19183513166
20,-21.381942579838892,-56.6015625,93.41962606997855,5.0
21,-6.579592944977634,-43.94531250000006,87.38774057382601,1908.4711835878895
22,-11.4151577427305,-37.6171875,94.3591662417042,5.0
23,-15.094787099543197,-43.2421875,90.18927718556405,5.0
24,-17.896089316234637,-49.92187500000006,87.68956848702334,5.0
25,-23.969482317759685,-48.1640625,87.74237329026175,5.0
26,-8.084013907099305,-42.890625,87.47011981484796,5.0
27,-19.788049410669586,-49.92187500000006,92.63663423879422,5.0
28,-20.74237995448715,-41.1328125,87.81652138757266,21.61367877840842
29,-3.2843691083657944,-42.890625,87.55692360823964,5.0
30,-21.06181760164931,-42.890625,89.10489757846422,5.0
31,-7.180755781458288,-36.21093750000006,97.60777571950683,5.0
32,-3.882372003029573,-40.07812500000006,87.71159480693781,5.0
33,-29.313198964168336,-51.67968750000006,96.74320583795632,5.0
34,-29.656013541178424,-49.92187500000006,87.58958933145348,5.0
35,-24.296477994805656,-51.328125,87.1115470296983,5.0
36,-12.024699180565818,-39.0234375,87.3992718112031,5.0
37,-5.379378991112077,-43.2421875,87.68919720600395,5.0
38,-22.346587898361136,-48.515625,87.42008182221666,5.0
39,-17.27000469497446,-53.43750000000006,50.018,5.0
40,-5.979156796301311,-35.5078125,96.58943053168241,2633.0194556873544
41,-19.155010073563744,-45.70312500000006,94.96460194885175,5.0
42,-2.6867241856916024,-43.59375,92.42995937700263,5.0
43,-27.95318688338115,-49.5703125,87.35002438352592,5.0
44,-10.199918091116302,-63.6328125,87.2858739488258,5.0
45,-22.02431283704216,-50.9765625,87.21454773266206,5.0
46,-12.635625093021133,-60.1171875,91.87624595637904,5.0
47,-19.788049410669586,-44.296875,96.96256550955432,5.0
48,-20.105509787916006,-43.94531250000006,87.70520496776064,19243.841305645095
49,-7.481631264246957,-35.859375,87.28422066849899,5.0
50,-30.000000000000014,-52.3828125,87.81586986356375,5.0
51,-23.969482317759685,-53.78906250000006,87.59474703393552,5.0
52,-28.971532223711293,-49.92187500000006,87.62988776120685,29891.565204780512
53,-27.6158819838447,-50.625,89.75282440027935,2738.830336032222
54,-21.06181760164931,-49.21875000000006,91.72209520510236,5.0
55,-28.630989836924357,-54.4921875,87.27267914719114,4523.001381707435
56,-4.780191847199163,-42.5390625,86.88507735645008,5.0
57,-7.782714385390946,-36.21093750000006,97.59468578384094,4418.2135236094355
58,-3.2843691083657944,-45.70312500000006,87.43778320387896,4379.250733415812
59,-12.941631985423356,-38.671875,87.10087354810541,5.0
60,-16.024100308155866,-56.25,87.37984894066787,475.980568828881
61,-10.806922874860348,-62.9296875,86.9249187430449,5.0
62,-25.282603043311994,-53.0859375,87.65285159611268,5.0
63,-14.785930226053424,-49.92187500000006,93.89786779875628,5.0
64,-11.110881800003284,-48.515625,87.58448932576471,1595.6777634345324
65,-20.105509787916006,-43.94531250000006,87.7236555423255,5.0
66,-6.579592944977634,-40.4296875,90.65254416998384,5.0
67,-23.969482317759685,-46.7578125,87.81113979920356,686.1016248031749
68,-4.181528273111482,-39.0234375,95.32858258347126,5.0
69,-30.34518296958825,-51.328125,95.41933050049471,5.0
70,-23.64331425576559,-46.40625,86.5812694302433,5.0
71,-8.084013907099305,-50.625,93.21891858302841,5.0
72,0.0,-50.9765625,87.74603023756379,5.0
73,-24.62431835216408,-53.0859375,97.54350844824383,5.0
74,-22.669609871750396,-47.46093750000006,87.77644659129336,49515.0464948509
75,-22.993394314297802,-47.109375,97.52538029460736,698.4175602318537
76,-23.64331425576559,-46.40625,92.68829250079877,5.0
77,-4.181528273111482,-39.0234375,87.45924716142187,5.0
78,-14.785930226053424,-44.296875,87.85102294971996,5.0
79,-5.979156796301311,-39.72656250000006,97.5742264218291,5.0
80,-26.61009781073392,-50.9765625,95.25117821582666,5.0
81,-21.381942579838892,-47.46093750000006,87.25478405462842,5.0
82,-13.248014905676953,-39.72656250000006,91.39146009412293,4625.64900981366
83,-3.882372003029573,-42.890625,87.59035012431961,5.0
84,-12.32998415024295,-38.671875,85.98889128379378,5.0
85,-12.941631985423356,-38.671875,87.6686287143974,6374.094269203945
86,-22.993394314297802,-47.109375,87.44052231155258,5.0
87,-21.702769403954832,-52.03125,94.32340128360613,5.0
88,-27.27961273597809,-48.8671875,87.5791980886357,5.0
89,-18.524391073865786,-50.625,94.54563183860446,5.0
90,-5.979156796301311,-36.21093750000006,50.018,2549.7523399816837
91,-22.669609871750396,-43.94531250000006,87.53930067579999,5.0
92,-23.64331425576559,-49.21875000000006,87.44918925139594,4031.8776784233055
93,-20.423615363810953,-45.70312500000006,87.43891748918995,49311.16601836015
94,-23.64331425576559,-46.40625,87.21533438029752,21945.69841903857
95,-19.155010073563744,-47.81250000000006,87.37612970317514,14651.011440821261
96,-19.788049410669586,-44.296875,88.06882138984363,5.0
97,-16.957763300004146,-53.78906250000006,87.51705051513937,5.0
98,-2.0893716714986112,-47.109375,87.68743920956226,5.0
99,-5.6791898455823855,-39.375,87.63264834183114,172.3467261017576
100,-2.6867241856916024,-54.84375,95.61445381585658,12645.582592047775
101,-21.702769403954832,-56.25,96.3283835215379,5.0
102,-12.635625093021133,-39.72656250000006,87.78959396513574,14747.082277365585
103,-19.47122063449069,-43.2421875,87.56949845585638,4327.284147578639
104,-27.95318688338115,-50.2734375,87.26753790129212,49621.01481244381
105,-9.594068226860458,-35.5078125,97.21314707354615,9564.836006729882
106,-16.334822780685997,-48.1640625,87.17654793508346,5.0
107,-23.64331425576559,-52.03125,87.52555307677403,5.0
108,-8.98929934516282,-37.6171875,87.52611537617601,5.0
109,-4.181528273111482,-39.0234375,87.5563108372416,5.0
110,-11.4151577427305,-43.2421875,87.3452551108955,5.0
111,-7.180755781458288,-43.94531250000006,93.36521384655977,2862.328646737889
112,-28.630989836924357,-49.5703125,87.28875935277811,14543.248031622232
113,-24.296477994805656,-52.03125,89.98231289458822,5.0
114,-21.381942579838892,-42.5390625,87.2905819765096,5.0
115,-26.944358180475746,-49.92187500000006,87.21851008687966,5.0
116,-24.296477994805656,-54.140625,96.4388396932533,5.0
117,-7.481631264246957,-35.15625,87.38019156993494,5.0
118,-27.6158819838447,-53.43750000000006,94.38492529996077,5.0
119,-20.105509787916006,-44.6484375,87.85945343605644,5.0
120,-24.296477994805656,-52.03125,87.22840740350814,5.0
121,-27.6158819838447,-49.92187500000006,97.23221413570144,5.0
122,-12.941631985423356,-60.46875,87.45702497102025,5.0
123,-5.6791898455823855,-36.5625,95.29298834462907,5.0
124,-8.98929934516282,-42.5390625,87.35137010789288,5.0
125,-16.646039912392965,-39.375,95.18024588369414,5.0
126,-24.62431835216408,-50.9765625,86.62052521731742,49328.84802066454
127,-26.276811557199977,-48.515625,87.81504199036536,5.0
128,-0.5968418305070315,-51.67968750000006,93.00125204513867,5.0
129,-19.47122063449069,-41.1328125,97.03968321278538,2551.457770000935
130,-16.646039912392965,-49.92187500000006,96.4326948170781,5.0
131,-8.687297481032445,-37.265625,94.3429265885514,29338.280636731924
132,-5.979156796301311,-36.21093750000006,95.90129330860364,5.0
133,-13.554784037179004,-42.890625,87.39248185254337,5.0
134,-29.313198964168336,-56.6015625,87.50734801816773,5.0
135,-12.941631985423356,-39.375,87.51381595894395,5.0
136,-19.788049410669586,-45.0,87.63290122113575,5.0
137,-22.669609871750396,-48.8671875,87.65489270656656,5.0
138,-15.094787099543197,-50.9765625,87.859351302576,5.0
139,-30.000000000000014,-51.67968750000006,87.33929704940206,5.0
140,-29.656013541178424,-51.328125,91.00740384256048,5.0
141,-9.896853442815868,-50.625,87.34968902883116,432.368292481551
142,-19.155010073563744,-43.59375,87.54266607736233,5.0
143,-12.024699180565818,-62.2265625,87.80363802404776,5.0
144,-11.110881800003284,-37.265625,93.74382485888057,5.0
145,-2.9855060057465437,-57.3046875,92.34515444961458,1105.2010367732971
146,-21.06181760164931,-42.18750000000006,90.1412349725546,5.0
147,-19.47122063449069,-50.2734375,87.33374534699466,5.0
148,-3.583321698471977,-57.3046875,87.89239739695527,5.0
149,-11.110881800003284,-55.54687500000006,87.2413723836843,5.0
150,-27.95318688338115,-50.2734375,87.6333192996599,29692.925034599313
151,-9.291553238770263,-35.859375,87.6821960860815,5.0
152,-6.579592944977634,-36.9140625,86.9350173817285,5.0
153,-19.155010073563744,-57.65625000000006,87.49356347931123,5.0
154,-30.34518296958825,-51.328125,97.23409049423543,14452.578307297967
155,-9.594068226860458,-48.8671875,97.2152886766215,5.0
156,-22.02431283704216,-44.6484375,87.59947222611969,59607.16761286798
157,-23.64331425576559,-48.515625,86.97392477819369,29883.27080789829
158,-9.291553238770263,-36.5625,87.36527461332872,5.0
159,-22.993394314297802,-47.109375,87.65340169464079,29588.947077649005
160,-15.094787099543197,-40.4296875,97.16072595316186,5.0
161,-21.381942579838892,-43.2421875,87.31404205954533,4526.369581731398
162,-21.381942579838892,-42.5390625,92.87654275264562,5.0
163,-20.105509787916006,-45.3515625,87.2700820101143,5.0
164,-4.780191847199163,-39.0234375,97.47281759996149,5.0
165,-25.61308321640182,-52.734375,87.63906949172129,2726.503040996103
166,-12.941631985423356,-40.07812500000006,93.13850054344869,5.0
167,-7.481631264246957,-35.15625,87.58630987876408,5.0
168,-2.9855060057465437,-40.4296875,89.87408217192495,5.0
169,-20.74237995448715,-41.8359375,87.38274309145302,5.0
170,-22.346587898361136,-55.54687500000006,87.3205610039594,5.0
171,-1.7907846593289634,-48.8671875,97.07015436758586,5.0
172,-19.47122063449069,-40.4296875,96.66093480177226,5.0
173,-8.98929934516282,-48.8671875,95.88325845186475,5.0
174,-21.702769403954832,-47.81250000000006,89.84065454464671,5.0
175,-7.481631264246957,-46.40625,94.0494611272355,5.0
176,-22.346587898361136,-45.0,87.21648394916225,5.0
177,-15.713861048008212,-43.2421875,87.5757620692008,49308.73571394545
178,-28.971532223711293,-52.03125,87.54725539502935,5.0
179,-6.279288322550272,-35.15625,89.99335854485115,29823.565166073913
180,-13.861949672048638,-58.0078125,87.60438070266842,2539.370042399261
181,-5.979156796301311,-46.7578125,87.32392157949599,5.0
182,-28.630989836924357,-52.3828125,89.11782707795902,5.0
183,-26.944358180475746,-48.515625,94.20749612692234,4405.137358483156
184,-10.199918091116302,-67.8515625,87.63975491371082,5.0
185,-22.02431283704216,-51.67968750000006,87.30196885772216,5.0
186,-24.62431835216408,-50.9765625,87.38905945843679,415.6084342425862
187,-20.423615363810953,-50.625,87.44421156968203,5.0
188,-20.105509787916006,-50.2734375,87.52859128887602,4445.936327244373
189,-9.594068226860458,-48.8671875,90.1002728527746,5.0
190,-5.079715792733481,-42.890625,89.23956239643017,213.22326983575815
191,-27.6158819838447,-49.92187500000006,91.11692612899705,5.0
192,-27.6158819838447,-48.515625,87.61322801489298,5.0
193,-21.381942579838892,-42.5390625,94.45530830149612,5.0
194,-13.554784037179004,-39.375,87.39906301215836,5.0
195,-14.477512185929939,-56.6015625,87.75726091532871,14454.420966256692
196,-22.993394314297802,-47.81250000000006,93.86006104088275,5.0
197,-27.6158819838447,-49.92187500000006,87.36671267213862,4391.623033312255
198,-27.27961273597809,-48.8671875,87.27167806346954,5.0
199,-23.969482317759685,-51.67968750000006,95.78876711125979,5.0
200,-21.702769403954832,-48.515625,87.58676761499626,5.0
201,-4.480798785982216,-39.375,90.84024838143694,5.0
202,-7.180755781458288,-43.94531250000006,86.76391132744425,5.0
203,-27.6158819838447,-49.21875000000006,90.98021642991948,5.0
204,-21.06181760164931,-43.59375,87.55049757458391,742.2265795688172
205,-1.1937484371410818,-53.0859375,87.12347415155125,2582.425782655596
206,-5.379378991112077,-36.9140625,89.46282485390319,5.0
207,-22.02431283704216,-50.2734375,87.44870066644826,5.0
208,0.2984168674869352,-52.734375,87.6460870104206,5.0
209,-7.180755781458288,-46.7578125,87.23209045524453,5.0
210,-20.105509787916006,-43.2421875,87.32210522086432,5.0
211,-22.346587898361136,-44.296875,87.52599510085341,5.0
212,-21.702769403954832,-45.0,87.24449939502558,29778.369178883622
213,-8.687297481032445,-35.859375,96.47658881822524,2861.7942323241596
214,-22.669609871750396,-44.6484375,84.04454375422256,5.0
215,-9.291553238770263,-36.5625,87.777295796353,5.0
216,-12.941631985423356,-38.671875,87.28977275397594,5.0
217,-23.31795706533424,-47.46093750000006,87.53911132380807,2801.721682099291
218,-21.702769403954832,-45.70312500000006,96.8882867117731,5.0
219,-25.944479772370016,-49.5703125,87.34175051748014,5.0
220,-21.702769403954832,-42.18750000000006,97.32901834646732,2564.9966562861387
221,-20.423615363810953,-42.890625,87.40137037170386,5.0
222,-5.079715792733481,-40.78125,92.40883578200257,5.0
223,-15.094787099543197,-40.4296875,87.88476139536833,5.0
224,-10.503271450113203,-63.28125000000006,95.80860818771274,5.0
225,-9.594068226860458,-38.32031250000006,88.03653494150578,5.0
226,-30.000000000000014,-51.67968750000006,87.84583727230542,5.0
227,-16.024100308155866,-48.515625,87.38739631885224,5.0
228,-27.6158819838447,-53.43750000000006,87.34788125940786,5.0
229,-21.381942579838892,-43.94531250000006,96.62963504979284,2717.493304516683
230,-23.969482317759685,-46.7578125,87.56636501919242,5.0
231,-19.47122063449069,-50.2734375,87.62617986545429,5.0
232,-20.74237995448715,-50.2734375,92.79885246440358,5.0
233,-19.155010073563744,-48.515625,87.58121634851838,2724.0394370312506
234,-7.782714385390946,-36.21093750000006,97.20065112489475,4163.28286414343
235,-22.993394314297802,-49.92187500000006,92.29834074543638,5.0
236,-11.110881800003284,-49.21875000000006,89.147662913945,5.0
237,-2.0893716714986112,-48.515625,95.71914490821335,2556.966313064639
238,-21.702769403954832,-47.81250000000006,87.05089320461238,454.69295684790245
239,-7.481631264246957,-39.375,87.47068152129553,5.0
240,-28.971532223711293,-49.92187500000006,87.75184723071688,14587.984192796817
241,-29.656013541178424,-56.953125,87.43000986666384,5.0
242,-28.291548862929403,-52.734375,92.46389889901072,53567.7750036681
243,-15.40409369872549,-51.328125,96.70311600934066,4631.131831240009
244,-1.7907846593289634,-55.1953125,87.69605821676957,70.9288192980254
245,-28.630989836924357,-49.5703125,87.58569004246114,29686.374400943798
246,-16.957763300004146,-51.67968750000006,97.28910399878262,1252.0454597566722
247,-30.000000000000014,-55.1953125,87.7245600182667,5.0
248,-29.656013541178424,-50.625,87.78430985227709,5.0
249,-25.944479772370016,-48.8671875,87.5985567238933,5.0
250,-11.719760305788782,-61.171875,96.44205498059557,5.0
251,-15.713861048008212,-47.46093750000006,88.34693314872683,2576.880041550849
252,-25.944479772370016,-49.5703125,92.84832027834395,5.0
253,-12.635625093021133,-38.32031250000006,94.1408990835716,5.0
254,-7.180755781458288,-36.21093750000006,87.58530669176257,5.0
255,-20.423615363810953,-49.92187500000006,87.70947505127084,6962.779131956133
256,-28.971532223711293,-52.734375,95.07207751375411,5.0
257,-22.346587898361136,-42.18750000000006,87.61424651418699,5.0
258,-20.423615363810953,-42.18750000000006,93.6733474352729,5.0
259,-5.379378991112077,-43.2421875,97.09745183900117,389.7171291278838
260,-21.381942579838892,-50.2734375,89.80015317562946,5.0
261,-30.69158768492234,-52.3828125,92.410693765363,5.0
262,-6.579592944977634,-41.8359375,93.9675224651689,5.0
263,-19.788049410669586,-45.0,94.99432274277848,5.0
264,-26.944358180475746,-48.515625,87.6572351508979,29642.607414990074
265,-23.31795706533424,-50.2734375,87.07050325880543,5.0
266,-22.346587898361136,-41.48437500000006,87.66645927605802,5.0
267,-22.669609871750396,-48.8671875,90.61106328100372,5.0
268,-14.785930226053424,-41.48437500000006,87.73199286325304,5.0
269,-11.719760305788782,-61.875,92.57032764546675,5.0
270,-24.296477994805656,-50.625,87.60576596537663,5.0
271,-24.296477994805656,-49.92187500000006,89.97988266859947,5.0
272,-26.61009781073392,-48.8671875,87.375177315382,5.0
273,-28.291548862929403,-53.43750000000006,92.57887663682573,5.0
274,-19.47122063449069,-41.1328125,87.86440396265043,2762.542426801138
275,-19.47122063449069,-55.1953125,87.39903154923066,5.0
276,-23.969482317759685,-46.7578125,87.51779421246962,5.0
277,-21.702769403954832,-45.70312500000006,92.56286953570293,5.0
278,-22.669609871750396,-49.5703125,87.77559373977552,5.0
279,-23.969482317759685,-46.7578125,87.41521016008357,5.0
280,-27.6158819838447,-54.140625,97.34243196522263,5.0
281,-13.554784037179004,-42.18750000000006,91.6258703837466,5.0
282,-15.713861048008212,-56.6015625,97.24793755092624,5.0
283,-5.079715792733481,-39.375,87.70056680095875,5.0
284,-20.74237995448715,-50.2734375,87.76545305831765,29799.519970487887
285,-2.9855060057465437,-60.1171875,96.1450469504719,5.0
286,-18.209956864283015,-48.1640625,87.8329805861197,5.0
287,-20.105509787916006,-43.94531250000006,91.41574772938597,4341.3011104589405
288,-11.4151577427305,-62.2265625,87.46407083638442,5.0
289,-20.74237995448715,-41.8359375,87.72709358271821,5.0
290,-2.6867241856916024,-66.09375,87.29004639489392,5.0
291,-2.9855060057465437,-55.1953125,87.40162136943759,5.0
292,-24.953020787727496,-53.43750000000006,74.98078569489479,5.0
293,-14.785930226053424,-40.78125,86.92855320932424,2590.537101330396
294,-6.279288322550272,-42.890625,97.43577297473006,5.0
295,-19.788049410669586,-44.296875,87.45079599373192,5.0
296,-23.64331425576559,-46.40625,90.40705501840918,551.8761798529731
297,-8.385538647081319,-36.21093750000006,94.8421642342367,2763.7064543676443
298,-21.381942579838892,-47.46093750000006,87.96739457006679,5.0
299,-4.480798785982216,-37.96875000000006,87.33019144803615,430.2647297175875
300,-3.583321698471977,-55.1953125,92.00037419768786,5.0
301,-20.105509787916006,-48.8671875,89.22208682139787,5.0
302,-20.105509787916006,-43.94531250000006,92.09555724592335,5.0
303,-21.702769403954832,-52.03125,93.00764967164172,5.0
304,-22.993394314297802,-47.81250000000006,97.41830801518496,29856.22228111846
305,-30.000000000000014,-50.9765625,88.44252398386152,5.0
306,-19.788049410669586,-46.40625,87.5850255860996,5.0
307,-12.941631985423356,-39.375,90.18505194808625,5.0
308,-23.969482317759685,-46.7578125,87.21567789136654,5.0
309,-10.806922874860348,-62.9296875,96.13111910378616,5.0
310,-16.957763300004146,-39.72656250000006,87.28454559035436,5.0
311,-4.480798785982216,-59.765625,87.56637129084191,4358.89028916859
312,-2.0893716714986112,-47.109375,94.24267738030672,5.0
313,-29.656013541178424,-51.328125,89.1440390713078,5.0
314,-25.61308321640182,-52.734375,87.65531836143538,5.0
315,-22.346587898361136,-42.18750000000006,87.76320252647717,5.0
316,-16.334822780685997,-48.1640625,95.19219757230394,5.0
317,-7.481631264246957,-55.54687500000006,87.5828128470248,4464.757684960969
318,-6.880079227870652,-36.5625,95.49078249235326,49472.05717614134
319,-9.896853442815868,-63.28125000000006,87.24230241545725,5.0
320,-20.105509787916006,-42.5390625,93.18322886198656,5.0
321,-22.669609871750396,-43.2421875,95.05380646730062,4538.785792306653
322,-22.02431283704216,-51.67968750000006,87.36895553014047,5.0
323,-11.110881800003284,-54.84375,87.70494906299142,5.0
324,-29.656013541178424,-54.140625,87.34689490866874,5.0
325,-23.31795706533424,-51.67968750000006,91.39767670894179,2585.5254097299157
326,-20.423615363810953,-50.625,87.84690333486132,5.0
327,-21.06181760164931,-40.78125,89.988543863586,2883.784745290389
328,-16.646039912392965,-49.21875000000006,87.3887874091741,2754.973168828405
329,-9.594068226860458,-36.21093750000006,87.409416360145,5.0
330,-14.785930226053424,-53.43750000000006,86.95496266277357,692.04489254436
331,-23.64331425576559,-50.625,87.55856348855447,2842.912947065265
332,-1.492246289620354,-47.81250000000006,88.15585046625274,5.0
333,-5.979156796301311,-39.72656250000006,95.25917168801467,5.0
334,-3.2843691083657944,-44.296875,90.46113818405631,5.0
335,-2.9855060057465437,-41.1328125,87.71177602463338,5.0
336,-26.276811557199977,-52.734375,97.21051104664504,5.0
337,-22.669609871750396,-48.8671875,91.73621086431491,5.0
338,-18.524391073865786,-48.515625,96.99651791847471,5.0
339,-5.379378991112077,-43.2421875,87.83641263909028,4627.206185305147
340,-19.155010073563744,-49.92187500000006,87.47317121121121,5.0
341,-18.524391073865786,-49.21875000000006,87.08899739448837,5.0
342,-7.481631264246957,-55.54687500000006,91.93867567972065,5.0
343,-16.957763300004146,-49.5703125,87.2871439808982,5.0
344,-16.024100308155866,-45.0,87.53248151380915,5.0
345,-21.381942579838892,-49.5703125,87.84301402261539,5.0
346,-21.381942579838892,-41.8359375,88.25277170115014,5.0
347,-3.2843691083657944,-45.70312500000006,89.23044063235758,827.230484240648
348,-15.713861048008212,-58.0078125,87.34791636671699,2706.5299376762364
349,-21.381942579838892,-46.7578125,87.63652908865267,5.0
350,-19.47122063449069,-49.5703125,89.64867718948732,668.9614130645408
351,-26.276811557199977,-51.328125,97.36618221076169,2551.0846663337393
352,-22.02431283704216,-55.8984375,91.98563582554051,5.0
353,-7.180755781458288,-41.1328125,96.79488953868675,49458.813098333805
354,-4.181528273111482,-44.6484375,92.84910873907874,4366.736679216672
355,-21.702769403954832,-48.515625,88.97053105187253,5.0
356,-2.388015463268786,-60.1171875,87.38275293944353,5.0
357,-20.74237995448715,-44.6484375,90.45752247569656,5.0
358,-28.971532223711293,-49.92187500000006,89.80441315541675,5.0
359,-20.74237995448715,-51.67968750000006,89.27792613113884,2606.731361850534
360,-15.713861048008212,-39.72656250000006,87.78530685642501,5.0
361,-21.702769403954832,-48.515625,87.83785735252007,2764.9927118825
362,-17.896089316234637,-46.40625,87.57529360564502,2598.052365377444
363,-20.105509787916006,-43.94531250000006,87.82522504278612,5.0
364,-28.971532223711293,-49.21875000000006,87.39023253900515,5.0
365,-15.713861048008212,-43.94531250000006,93.96951441369038,5.0
366,-29.656013541178424,-51.328125,87.37430822726972,5.0
367,-27.95318688338115,-52.3828125,87.23801931194647,5.0
368,-7.782714385390946,-36.21093750000006,87.71292476315853,5.0
369,-4.181528273111482,-46.05468750000006,90.33223824056496,5.0
370,-5.379378991112077,-38.32031250000006,87.71491317919579,4574.769484213203
371,-1.7907846593289634,-48.8671875,87.49730296032094,5.0
372,-5.079715792733481,-37.96875000000006,88.12320796242872,5.0
373,-22.346587898361136,-49.21875000000006,87.59227358144727,74.18836842233614
374,-4.181528273111482,-43.94531250000006,97.02171138100171,2808.3329551561073
375,-12.941631985423356,-52.03125,96.79600795015914,5.0
376,-25.944479772370016,-53.0859375,87.80232217665365,5.0
377,-2.0893716714986112,-49.21875000000006,87.56642693103295,29577.368850315605
378,-24.62431835216408,-53.78906250000006,92.2741861042219,5.0
379,-11.110881800003284,-44.296875,86.89835987912087,5.0
380,-5.979156796301311,-37.6171875,87.76500511722054,5.0
381,-22.346587898361136,-41.48437500000006,87.57783640550186,2699.1511220878538
382,-21.381942579838892,-45.3515625,96.73900284210448,5.0
383,-27.27961273597809,-53.78906250000006,86.60602326522036,5.0
384,-23.31795706533424,-54.4921875,88.01208891795693,5.0
385,-24.296477994805656,-54.140625,92.38142635554202,59720.797903022794
386,-11.110881800003284,-43.59375,87.77886101800021,5.0
387,-7.481631264246957,-39.375,87.23860975402155,5.0
388,-23.31795706533424,-46.05468750000006,97.39081668929491,20722.919457588432
389,-24.296477994805656,-52.03125,87.82346447731643,5.0
390,-30.69158768492234,-51.67968750000006,89.5729414669289,49518.63987378416
391,-16.334822780685997,-44.6484375,87.44303062886524,29845.705641278568
392,-15.40409369872549,-49.21875000000006,87.77680621703016,13112.080436261582
393,-23.969482317759685,-53.0859375,87.70333074869983,5.0
394,-13.861949672048638,-58.7109375,87.22440477600425,5.0
395,-28.630989836924357,-49.5703125,87.26667219259859,2664.6686024532346
396,-26.276811557199977,-49.92187500000006,94.80048220774793,59491.48827634476
397,-16.957763300004146,-50.2734375,87.44737055182739,5.0
398,-23.31795706533424,-45.3515625,87.38672072063308,2688.0371905590537
399,-23.64331425576559,-52.03125,87.80575557918958,5.0
400,-5.6791898455823855,-48.515625,92.98661855395255,5.0
401,-27.95318688338115,-53.78906250000006,87.19689176556435,5.0
402,-19.47122063449069,-46.05468750000006,88.50983550547429,2814.6103770685568
403,-24.953020787727496,-47.81250000000006,87.28431499376447,5.0
404,-12.941631985423356,-40.78125,86.89537980238092,5.0
405,-27.6158819838447,-49.92187500000006,87.08801858758315,74833.23233981471
406,-16.024100308155866,-56.25,94.71573352507961,5.0
407,-1.1937484371410818,-46.7578125,87.28264136014042,5.0
408,-27.95318688338115,-52.3828125,86.99819264990462,5.0
409,-5.079715792733481,-47.81250000000006,87.71516066640362,5.0
410,-12.941631985423356,-47.81250000000006,94.96752374236853,393.9879463506663
411,-29.313198964168336,-51.67968750000006,87.47790850979223,29670.62060054402
412,-29.313198964168336,-50.9765625,87.69327661849738,5.0
413,-20.423615363810953,-40.78125,86.9363316956123,2698.8422367042053
414,-21.381942579838892,-43.2421875,87.73027338240863,5.0
415,-17.582776008425412,-50.9765625,88.53318366121468,5.0
416,-11.719760305788782,-62.578125,88.3874193640287,5.0
417,-13.248014905676953,-49.5703125,87.5725683388444,5.0
418,-22.02431283704216,-44.6484375,87.54972950166162,5.0
419,-23.64331425576559,-53.43750000000006,87.26729849476128,5.0
420,-23.969482317759685,-46.7578125,87.61903635858411,5.0
421,-23.969482317759685,-46.7578125,87.2576606566079,5.0
422,-5.079715792733481,-47.81250000000006,92.94135367689977,5.0
423,-19.155010073563744,-47.109375,97.33313860896804,5.0
424,-3.583321698471977,-40.4296875,97.36856492256544,21915.755638766615
425,-20.105509787916006,-42.5390625,95.40026003378314,5.0
426,-17.27000469497446,-49.92187500000006,89.23570168551466,5.0
427,-27.27961273597809,-48.8671875,91.24399866565055,29533.042901714478
428,-14.477512185929939,-47.46093750000006,87.50872902361016,2773.8624372184645
429,-5.979156796301311,-39.0234375,89.92046133090182,5.0
430,-6.579592944977634,-37.6171875,87.7391569591211,5.0
431,-23.64331425576559,-48.515625,87.77480435368307,5.0
432,-21.381942579838892,-48.8671875,92.75577780062459,5.0
433,-5.379378991112077,-37.6171875,87.50428462679962,2795.666287645558
434,-4.480798785982216,-39.375,87.55311801980348,2564.1454937404433
435,-22.669609871750396,-50.9765625,96.84996982904994,5.0
436,-4.181528273111482,-41.1328125,87.12919361983262,59505.87793724683
437,-24.953020787727496,-54.140625,87.77969422689496,5.0
438,-22.669609871750396,-47.46093750000006,96.529952991259,5.0
439,-4.480798785982216,-44.296875,89.47667908833394,4415.559997852865
440,-4.480798785982216,-38.671875,87.87915616695396,5.0
441,-30.34518296958825,-51.328125,87.46078740746378,2739.3593794165668
442,-15.40409369872549,-40.78125,87.58723514779274,49342.759988524114
443,-15.40409369872549,-49.92187500000006,95.14279070176381,411.2016440903446
444,-24.296477994805656,-47.109375,88.14492737140957,5.0
445,-29.313198964168336,-52.3828125,87.81904605034744,5.0
446,-30.34518296958825,-51.328125,87.2577756310052,5.0
447,-23.64331425576559,-52.734375,86.65364352526852,5.0
448,-15.713861048008212,-55.8984375,97.30900209481052,5.0
449,-4.480798785982216,-40.07812500000006,87.63280960936815,2620.8920681846735
450,-23.969482317759685,-53.0859375,89.29665601585371,5.0
451,-20.423615363810953,-48.515625,87.23092003698561,5.0
452,-16.646039912392965,-46.40625,90.82312074884717,5.0
453,-27.95318688338115,-51.67968750000006,97.01890553460835,2804.6163340880803
454,-5.6791898455823855,-35.859375,88.4861303673082,5.0
455,-19.155010073563744,-48.515625,87.29364990435177,5.0
456,-1.492246289620354,-52.734375,88.66058246578618,2711.2952813403185
457,-18.209956864283015,-42.5390625,92.93611991179358,5.0
458,-3.583321698471977,-41.8359375,87.67259739486984,5.0
459,-5.979156796301311,-36.9140625,95.69274674183306,14501.953644470346
460,-5.979156796301311,-38.32031250000006,90.18831775609213,5.0
461,-21.702769403954832,-45.70312500000006,96.17734405312291,77290.46836497984
462,-23.31795706533424,-47.46093750000006,89.80757920085036,5.0
463,-20.74237995448715,-46.05468750000006,87.30064296216638,5.0
464,-29.656013541178424,-51.328125,87.5418322464312,14443.913639065095
465,-15.713861048008212,-56.6015625,87.39596342586628,5.0
466,-11.4151577427305,-62.9296875,96.42254274074962,2460.8648829756294
467,-26.944358180475746,-53.43750000000006,92.81098115446096,3456.8443517718415
468,-8.687297481032445,-35.859375,90.67093526043905,4622.62728014234
469,-29.656013541178424,-50.625,87.53003613198285,59717.59628455984
470,-1.492246289620354,-48.515625,87.37196643838507,5.0
471,-30.000000000000014,-52.3828125,92.72788745248234,611.6647202117263
472,-3.2843691083657944,-60.46875,87.76417900693563,5.0
473,-27.6158819838447,-53.43750000000006,87.42840243958652,5.0
474,-19.788049410669586,-40.78125,89.63426896618593,4548.365683180459
475,-31.03924001039789,-53.43750000000006,86.94119791088698,5.0
476,-4.181528273111482,-39.72656250000006,87.56411007545823,5.0
477,-20.423615363810953,-51.328125,87.75660691545845,5.0
478,-30.000000000000014,-52.3828125,87.32318011707532,5.0
479,-19.788049410669586,-43.59375,97.50448460502864,49544.74200453868
480,-21.381942579838892,-45.3515625,87.40583577819838,5.0
481,-22.346587898361136,-42.18750000000006,87.29937912170683,5.0
482,-17.896089316234637,-52.734375,87.39831568272234,4649.881246820778
483,-21.381942579838892,-46.05468750000006,92.99322572248536,5.0
484,-20.74237995448715,-45.3515625,87.69840454366587,5.0
485,-27.95318688338115,-54.4921875,88.27350371147136,5.0
486,-3.2843691083657944,-45.0,86.71257245148344,5.0
487,-11.110881800003284,-48.515625,86.87136644790098,5.0
488,-29.313198964168336,-50.9765625,87.7258756038805,4555.531264146045
489,-27.6158819838447,-54.140625,94.26618898316232,5.0
490,-17.896089316234637,-50.625,95.82758526008249,29586.447608464063
491,-21.381942579838892,-48.1640625,87.2403720447787,2870.0485539972588
492,-11.110881800003284,-63.28125000000006,87.85097985401076,328.5231632411553
493,-7.782714385390946,-43.94531250000006,96.54154414132219,5.0
494,-18.209956864283015,-49.5703125,87.647662700986,5.0
495,-14.477512185929939,-41.1328125,94.59794348891957,5.0
496,-20.74237995448715,-46.05468750000006,87.30389797910954,14667.50583766952
497,-4.181528273111482,-39.0234375,97.04526702561088,5.0
498,-30.000000000000014,-50.9765625,92.62209402374172,5.0
499,-30.34518296958825,-51.328125,97.1006407284342,5.0
500,-22.669609871750396,-55.1953125,90.67589482492465,5.0
501,-20.105509787916006,-45.3515625,87.61444738431499,5.0
502,-12.32998415024295,-40.07812500000006,97.07124538675383,5.0
503,-24.296477994805656,-47.109375,87.49569773915833,5.0
504,-22.346587898361136,-48.515625,87.5722247187619,5.0
505,-7.180755781458288,-41.1328125,91.24246469918789,5.0
506,-27.95318688338115,-48.8671875,92.91442761633073,1130.425685734232
507,-24.953020787727496,-53.43750000000006,96.97866023029133,5.0
508,-29.313198964168336,-51.67968750000006,87.40002930095595,5.0
509,-22.993394314297802,-47.81250000000006,93.78407126968852,5.0
510,-21.381942579838892,-51.67968750000006,92.31711781607083,5.0
511,-16.646039912392965,-49.92187500000006,87.2093966199108,29638.842505336528
512,-28.971532223711293,-56.25,87.64664927677683,5.0
513,-26.61009781073392,-48.8671875,87.50542984828743,5.0
514,-3.2843691083657944,-45.70312500000006,87.53480047324588,14457.51234761085
515,-2.388015463268786,-65.7421875,97.48856582246621,2860.3459983179873
516,-15.713861048008212,-55.1953125,90.10000881708979,5.0
517,-24.296477994805656,-49.21875000000006,91.69419112179294,5.0
518,-30.34518296958825,-50.625,97.42956257412193,713.0989745771815
519,-6.880079227870652,-44.296875,87.63310110588601,5.0
520,-21.06181760164931,-52.03125,93.88335517600417,3643.7317210235415
521,-15.713861048008212,-48.1640625,87.71060611876112,899.8225461495995
522,-30.000000000000014,-52.3828125,95.48848881849331,2441.9806241523365
523,-25.61308321640182,-49.21875000000006,87.36738714110308,5.0
524,-25.61308321640182,-50.625,97.1598541209628,723.7215980292532
525,-18.209956864283015,-42.5390625,87.41891480935406,5.0
526,-16.646039912392965,-56.25,87.56417801377404,4433.419178416709
527,-10.806922874860348,-48.8671875,92.72244069631788,5.0
528,-3.583321698471977,-41.1328125,87.65548008098773,5.0
529,-26.61009781073392,-49.5703125,89.42250479834426,5.0
530,-24.296477994805656,-47.109375,87.72418292218431,5.0
531,-32.44286613851179,-53.43750000000006,92.43159444412146,5.0
532,-31.738394244764436,-52.734375,87.43183863918347,14737.997664111499
533,-20.423615363810953,-50.625,87.15561985547951,5.0
534,-23.64331425576559,-47.109375,87.52863428628993,4527.995831935411
535,-29.313198964168336,-53.0859375,87.76438276838901,5.0
536,-25.944479772370016,-49.5703125,87.35030214629975,5.0
537,-9.594068226860458,-36.21093750000006,87.6028118103236,5.0
538,-17.582776008425412,-48.8671875,87.66389973148458,5.0
539,-6.279288322550272,-39.375,87.14300658749929,14639.439102676239
540,-29.656013541178424,-56.953125,88.70975407028254,5.0
541,-21.06181760164931,-43.59375,95.80523045038173,5.0
542,-8.98929934516282,-39.0234375,87.32829660099627,5.0
543,-22.02431283704216,-45.3515625,89.15940821639819,29681.231970225705
544,-21.381942579838892,-48.8671875,90.42841613295013,5.0
545,-14.785930226053424,-47.109375,87.6900618150876,5.0
546,-5.979156796301311,-46.7578125,91.25020879788015,5.0
547,-22.02431283704216,-45.3515625,87.67843098016998,5.0
548,-19.788049410669586,-44.296875,87.80538492976346,5.0
549,-23.64331425576559,-46.40625,86.26195923227516,5695.566866461603
550,-19.788049410669586,-44.296875,91.01813242579932,5.0
551,-25.944479772370016,-49.5703125,90.37762592399598,5.0
552,-20.423615363810953,-56.25,86.91832938691,5.0
553,-20.423615363810953,-45.70312500000006,87.62099907197022,5.0
554,-26.944358180475746,-49.21875000000006,97.45206856170977,5.0
555,-16.334822780685997,-50.9765625,87.6919570609716,128755.810406484
556,-6.279288322550272,-35.859375,87.80174569383641,4462.455821612366
557,-2.388015463268786,-47.46093750000006,96.45237047503693,14480.931349755198
558,-23.64331425576559,-52.03125,91.6830964466628,4381.531506528887
559,-21.381942579838892,-48.1640625,88.67139231440868,5.0
560,-22.669609871750396,-48.8671875,93.77907484526567,5.0
561,-8.385538647081319,-39.0234375,95.3863248982204,5.0
562,-6.279288322550272,-35.859375,87.74083135399623,5.0
563,-1.492246289620354,-47.109375,87.76546390652486,5.0
564,-14.477512185929939,-48.1640625,87.64506453745993,5.0
565,-20.74237995448715,-42.5390625,97.33716438263156,5.0
566,-16.024100308155866,-49.21875000000006,91.14492575181264,7806.4591523525
567,-16.957763300004146,-43.2421875,87.23566259636333,2611.534705423491
568,-27.95318688338115,-53.0859375,95.35851438831743,29683.37498649788
569,-14.169522214770055,-40.07812500000006,87.77283405300909,5.0
570,-19.788049410669586,-50.625,87.21610131188467,5.0
571,-23.969482317759685,-49.5703125,87.94782737340923,5.0
572,-16.024100308155866,-47.81250000000006,87.68712758527053,5.0
573,-21.381942579838892,-48.1640625,95.65092072343381,5.0
574,-26.61009781073392,-51.67968750000006,87.39893720491285,5.0
575,-29.313198964168336,-51.67968750000006,94.51850219787185,5.0
576,-6.579592944977634,-35.5078125,88.11319843224108,5.0
577,-28.630989836924357,-51.67968750000006,87.11009890311426,5.0
578,-19.155010073563744,-48.515625,97.38507331065111,5.0
579,-10.199918091116302,-67.14843750000006,87.81617056428868,5.0
580,-17.896089316234637,-42.890625,87.51639588570372,5.0
581,-30.34518296958825,-53.43750000000006,87.75775584925726,5.0
582,-19.155010073563744,-48.515625,95.25764675400127,5.0
583,-13.248014905676953,-49.5703125,87.53535841460743,5.0
584,-21.381942579838892,-42.5390625,87.38363578640646,2577.8060394072922
585,-9.291553238770263,-35.859375,87.2976461060652,2645.6140767512543
586,-4.181528273111482,-39.0234375,87.52583579338983,5.0
587,-6.279288322550272,-39.375,93.27617056536083,5.0
588,-6.279288322550272,-40.78125,87.76075648823581,5.0
589,-6.880079227870652,-40.07812500000006,87.43068997404421,5.0
590,-6.579592944977634,-48.1640625,87.34782128451234,5.0
591,-21.702769403954832,-49.92187500000006,87.57297768193136,5.0
592,-7.481631264246957,-36.5625,97.08749606573213,5.0
593,-14.169522214770055,-50.625,87.58689881952904,5.0
594,-27.6158819838447,-49.92187500000006,97.53682932595433,690.113041528564
595,-18.524391073865786,-49.21875000000006,87.77914826009116,5.0
596,-22.02431283704216,-46.7578125,87.36536786802479,2613.3943293870907
597,-7.180755781458288,-35.5078125,95.9749082675863,5.0
598,-7.782714385390946,-37.6171875,87.74551890116663,5.0
599,-2.9855060057465437,-40.4296875,91.47981823206274,49585.494568027105
600,-7.180755781458288,-36.21093750000006,97.49569463787961,49341.28449772479
601,-11.110881800003284,-56.953125,87.0576301249665,5.0
602,-7.481631264246957,-40.07812500000006,87.25387510643067,5.0
603,-4.780191847199163,-42.5390625,91.76865652908367,5.0
604,-5.979156796301311,-35.5078125,87.50415842106557,5.0
605,-17.896089316234637,-40.78125,87.37231337716696,4428.394683435288
606,-8.084013907099305,-35.859375,86.9296987583184,34697.77040512544
607,-15.094787099543197,-49.5703125,86.72248134759317,5.0
608,-19.47122063449069,-48.8671875,93.11708058417493,5.0
609,-22.346587898361136,-45.70312500000006,87.30489539617886,5.0
610,-2.9855060057465437,-44.6484375,87.75547619049861,5.0
611,-23.969482317759685,-46.7578125,89.36422820370623,14657.022218822516
612,-21.381942579838892,-45.3515625,87.70225232614959,5985.884004349356
613,-4.480798785982216,-42.890625,86.78471033850334,5.0
614,-26.944358180475746,-49.21875000000006,93.37494007596321,5.0
615,-28.630989836924357,-55.8984375,86.58839779526487,5.0
616,-3.882372003029573,-45.70312500000006,92.842329824296,5.0
617,-10.806922874860348,-36.9140625,96.02894227833116,4331.6032306175075
618,-24.296477994805656,-52.734375,87.70831994879994,5.0
619,-23.31795706533424,-46.7578125,87.84716656235054,5.0
620,-7.481631264246957,-35.859375,87.76799881183457,5.0
621,-8.385538647081319,-70.6640625,87.64933350233531,4351.270718378018
622,-15.40409369872549,-51.328125,95.88214989081928,5.0
623,-18.83940454727545,-46.7578125,96.04464560194579,4613.6576435417555
624,-21.381942579838892,-48.8671875,87.57715093717093,14524.508951809914
625,-15.40409369872549,-57.65625000000006,89.59518668895467,29831.66052303842
626,-18.209956864283015,-50.9765625,96.91120498185006,5.0
627,-23.31795706533424,-46.7578125,97.2938375655652,5.0
628,-2.9855060057465437,-58.7109375,87.81122763454164,5.0
629,-9.896853442815868,-48.515625,87.73533810406491,5.0
630,-22.669609871750396,-43.94531250000006,87.49992595234548,5.0
631,-27.6158819838447,-50.625,97.26413080708723,5.0
632,-19.47122063449069,-41.1328125,87.3162257514744,5.0
633,-20.105509787916006,-48.1640625,88.60191495479006,4667.897429863639
634,-5.6791898455823855,-40.78125,87.50513892719044,5.0
635,-17.27000469497446,-40.07812500000006,87.5003504236365,5.0
636,-20.105509787916006,-48.1640625,87.67063986958232,2674.0325815321908
637,-9.594068226860458,-48.1640625,97.63628789683703,2658.2743893455463
638,-10.503271450113203,-39.375,87.11431068974188,14401.4642402461
639,-15.713861048008212,-50.9765625,88.56198287912667,2325.6209664520634
640,-1.7907846593289634,-46.05468750000006,87.23478261437914,26826.8781586649
641,-12.941631985423356,-39.375,87.33205214908843,5.0
642,-8.385538647081319,-43.94531250000006,87.71740899907827,5.0
643,-13.248014905676953,-60.1171875,87.8132570036989,5.0
644,-5.979156796301311,-36.21093750000006,87.47301997568225,5.0
645,-27.6158819838447,-53.43750000000006,87.55097861724227,5.0
646,-20.74237995448715,-40.4296875,87.24072415842294,5.0
647,-22.346587898361136,-54.140625,87.53308265681076,5.0
648,-23.969482317759685,-46.7578125,97.33578746939463,5.0
649,-19.155010073563744,-42.18750000000006,97.13208482447943,5.0
650,-4.780191847199163,-45.3515625,87.57588272654104,14651.432207487378
651,-20.105509787916006,-44.6484375,88.38631741793122,5.0
652,-20.74237995448715,-43.94531250000006,96.44332299794048,2551.752588319174
653,-23.31795706533424,-47.46093750000006,84.2460099407851,5.0
654,-16.957763300004146,-49.5703125,94.11187600827688,14682.911740105643
655,-6.279288322550272,-42.18750000000006,97.16622477104481,14473.79591611508
656,-11.110881800003284,-37.96875000000006,87.24661683272448,5.0
657,-15.094787099543197,-53.0859375,87.34141677036541,5.0
658,-21.702769403954832,-47.109375,97.2816048474036,5.0
659,-20.423615363810953,-41.48437500000006,87.84986727216068,59444.515893155534
660,-14.785930226053424,-52.734375,86.6319752634115,8769.220368692784
661,-30.34518296958825,-51.328125,87.47145118366853,14498.655712610556
662,-21.06181760164931,-43.59375,87.73144301794733,5.0
663,-9.291553238770263,-36.5625,91.045071061338,5.0
664,-5.379378991112077,-36.9140625,92.15355683171667,14482.971482849276
665,-6.880079227870652,-38.671875,97.6048583995085,5.0
666,-9.594068226860458,-36.21093750000006,87.51184575750617,5.0
667,-7.180755781458288,-46.7578125,87.8507865277727,5.0
668,-7.481631264246957,-35.15625,87.84416673178232,16274.883364940608
669,-11.110881800003284,-37.265625,87.67155468254151,5.0
670,-7.481631264246957,-49.92187500000006,87.35184583575175,5.0
671,-27.6158819838447,-49.92187500000006,97.43738331308352,5.0
672,-4.480798785982216,-45.0,95.16787536150571,2679.2398833566704
673,-19.788049410669586,-42.890625,87.79686201489365,5.0
674,-16.334822780685997,-48.1640625,89.2974707985224,5.0
675,-30.34518296958825,-51.328125,87.430391805804,5.0
676,-5.6791898455823855,-35.859375,87.85831267694661,2647.642479168329
677,-16.024100308155866,-47.109375,91.09177921753435,59458.15473353393
678,-30.000000000000014,-52.3828125,87.8196203968315,3222.0739046447206
679,-26.61009781073392,-49.5703125,97.55697575080876,5.0
680,-24.62431835216408,-50.9765625,89.50131973654325,14591.85264628239
681,-10.199918091116302,-67.8515625,87.62468119428114,5.0
682,-7.180755781458288,-35.5078125,93.05826375975151,5.0
683,-22.02431283704216,-46.7578125,87.35360417928875,5.0
684,-28.630989836924357,-49.5703125,87.64298916076,5.0
685,-20.423615363810953,-49.92187500000006,87.59221492793755,2729.7497487940655
686,-20.423615363810953,-41.48437500000006,87.70692364089317,5.0
687,-11.110881800003284,-54.84375,93.32569921320399,5.0
688,-23.64331425576559,-47.109375,87.77771869789137,5.0
689,-7.481631264246957,-35.15625,93.67561593809388,5.0
690,-12.941631985423356,-38.671875,88.50321736340088,5.0
691,-16.646039912392965,-43.59375,87.58560464721775,5.0
692,-19.47122063449069,-44.6484375,94.09366270352089,5.0
693,-9.594068226860458,-48.1640625,87.44530171886126,5.0
694,-5.979156796301311,-42.5390625,87.42650085288058,5.0
695,-21.06181760164931,-41.48437500000006,87.8052032792079,2624.9053389988712
696,-11.4151577427305,-50.2734375,87.47580067518165,5.0
697,-20.74237995448715,-48.1640625,86.57152491588725,14487.33976701535
698,-6.880079227870652,-37.265625,90.18255425825757,29642.428419971962
699,-18.83940454727545,-49.5703125,87.814113708097,2876.2130667621614
700,-20.105509787916006,-48.1640625,87.72545956739332,5.0
701,-3.583321698471977,-53.0859375,97.33961032372343,5.0
702,-13.554784037179004,-45.0,88.39347973786064,57044.43506369823
703,-6.279288322550272,-35.859375,95.367845322538,5.0
704,-3.882372003029573,-43.59375,87.31167776822139,5.0
705,-30.69158768492234,-52.3828125,88.35213983959457,5.0
706,-12.941631985423356,-39.375,95.45776404908976,5.0
707,-24.296477994805656,-49.92187500000006,88.70350603997737,49616.38914936215
708,-9.896853442815868,-38.671875,91.70324347367325,5.0
709,-22.346587898361136,-49.92187500000006,87.62612756315261,5.0
710,-23.64331425576559,-49.21875000000006,87.24813610775368,5.0
711,-21.06181760164931,-50.625,87.74219980869418,5.0
712,-18.524391073865786,-51.328125,87.65645921497212,5.0
713,-16.334822780685997,-45.3515625,95.43958586624122,5.0
714,-14.477512185929939,-57.3046875,87.45301533101373,700.0695762428691
715,-28.630989836924357,-49.5703125,97.33742622356881,5.0
716,-25.282603043311994,-50.9765625,97.25729052011243,2648.3023878782083
717,-29.656013541178424,-49.92187500000006,87.45793140743552,5.0
718,-5.979156796301311,-35.5078125,87.59369259381513,5.0
719,-22.993394314297802,-46.40625,96.08514436533912,5.0
720,-28.971532223711293,-52.03125,97.33638206136315,5.0
721,-7.481631264246957,-37.265625,87.72264929570674,4541.895625467445
722,-3.882372003029573,-38.671875,87.55711626210706,4413.122730300423
723,-23.31795706533424,-50.2734375,87.83439291041243,5.0
724,-20.74237995448715,-55.8984375,90.9286032006448,5.0
725,-25.61308321640182,-49.21875000000006,87.49286914980387,1141.6416104066943
726,-6.579592944977634,-43.2421875,92.25416524708353,5.0
727,-23.969482317759685,-46.7578125,87.07516336321959,5.0
728,-8.084013907099305,-38.671875,87.04720892754405,49534.527355002334
729,-7.180755781458288,-39.72656250000006,87.64538463313175,5.0
730,-7.180755781458288,-39.0234375,87.60102172367516,49653.763599583865
731,-24.62431835216408,-53.78906250000006,87.54986474153263,5.0
732,-22.02431283704216,-48.1640625,87.78697499508841,504.16275529989275
733,-19.788049410669586,-43.59375,87.55676007825043,5.0
734,-14.785930226053424,-42.890625,87.38307003361284,5.0
735,-26.944358180475746,-48.515625,87.54153189903914,5.0
736,-16.024100308155866,-49.21875000000006,97.41359003466918,5.0
737,-24.62431835216408,-51.67968750000006,87.67894724623893,5.0
738,-16.957763300004146,-39.72656250000006,87.72437121323702,5.0
739,-15.713861048008212,-51.67968750000006,88.5043809097608,5.0
740,-18.209956864283015,-50.9765625,97.49223778212877,524.9117466650022
741,-12.024699180565818,-61.52343750000006,87.44977877666642,5.0
742,-23.31795706533424,-46.7578125,90.78160289149503,5.0
743,-19.47122063449069,-50.2734375,91.64889287171013,5.0
744,-8.98929934516282,-35.5078125,89.40017270438746,5.0
745,-27.6158819838447,-48.515625,87.24290254868603,5.0
746,-15.713861048008212,-48.1640625,90.68167418971977,5.0
747,-20.105509787916006,-43.94531250000006,87.20980240802682,2634.5880731246684
748,-27.95318688338115,-51.67968750000006,89.10776695819915,5.0
749,-21.381942579838892,-46.7578125,92.34855414736278,5.0
750,-5.979156796301311,-39.0234375,87.40836730144616,14450.884008669611
751,-28.971532223711293,-49.92187500000006,94.9067760121426,838.7895138974617
752,-21.381942579838892,-46.05468750000006,86.82312656631561,5.0
753,-13.554784037179004,-56.953125,94.96289725786411,4367.371492647989
754,-6.579592944977634,-43.94531250000006,87.74548331501214,5.0
755,-23.969482317759685,-46.7578125,87.41731443778292,4540.351641548274
756,-21.381942579838892,-48.1640625,87.30400950058075,5.0
757,-20.105509787916006,-47.46093750000006,97.21225481711566,5.0
758,-27.6158819838447,-52.03125,87.22138962917941,74608.75491058639
759,-23.969482317759685,-46.7578125,87.39231114994219,5.0
760,-6.880079227870652,-40.78125,87.59338217991832,5.0
761,-12.635625093021133,-60.1171875,89.72523470589013,5.0
762,-9.594068226860458,-36.21093750000006,87.85968355361894,5.0
763,-23.31795706533424,-48.1640625,87.29301202348859,5.0
764,-2.6867241856916024,-44.296875,87.51484269375041,5.0
765,-20.423615363810953,-42.18750000000006,87.44592644622044,5.0
766,-23.64331425576559,-47.81250000000006,87.41184576729822,5.0
767,-26.944358180475746,-49.21875000000006,87.67898904720413,5.0
768,-13.861949672048638,-48.8671875,91.32877916118515,5.0
769,-24.62431835216408,-47.46093750000006,87.41713191686618,5.0
770,-5.6791898455823855,-35.859375,87.61887488284505,19919.015474732285
771,-25.944479772370016,-51.67968750000006,87.65164369063662,5.0
772,-6.279288322550272,-42.18750000000006,97.42806067423089,5.0
773,-16.024100308155866,-47.81250000000006,97.22492562044137,2750.8129844986606
774,-23.969482317759685,-46.7578125,93.83935895074885,2769.50358705346
775,-6.880079227870652,-47.81250000000006,87.44985670781097,5.0
776,-8.98929934516282,-36.9140625,87.21513252954719,4615.653000285203
777,-22.993394314297802,-50.625,87.55158293900055,5.0
778,-22.993394314297802,-52.03125,87.48383830654697,14429.648612473155
779,-21.702769403954832,-49.92187500000006,87.80712690742247,5.0
780,-22.346587898361136,-42.890625,93.20981227720122,5.0
781,-20.105509787916006,-43.94531250000006,95.26684326403905,5.0
782,-9.896853442815868,-50.625,94.9898254864433,2822.5566954272203
783,-14.169522214770055,-50.625,87.60940688974038,5.0
784,-7.481631264246957,-37.265625,90.91648298315214,5.0
785,-27.95318688338115,-50.2734375,87.54608066663832,5.0
786,-20.74237995448715,-46.05468750000006,87.1845762560915,14566.379136036843
787,-16.024100308155866,-40.07812500000006,91.26273345265274,4453.605602860365
788,-18.209956864283015,-51.67968750000006,86.58028578789119,5.0
789,-29.313198964168336,-52.3828125,87.67633690075928,5.0
790,-6.880079227870652,-38.671875,87.56844843785395,5.0
791,-20.74237995448715,-43.94531250000006,91.0556903566709,5.0
792,-19.47122063449069,-45.3515625,92.93397911003011,14717.853820197297
793,-21.06181760164931,-40.78125,87.53426539524114,5.0
794,-1.7907846593289634,-48.8671875,94.13625538573852,5.0
795,-26.944358180475746,-49.92187500000006,87.52050562478205,5.0
796,-28.630989836924357,-48.8671875,87.72655266392724,5.0
797,-20.423615363810953,-44.296875,91.96703106347914,5.0
798,-22.346587898361136,-42.18750000000006,91.0453275364919,5.0
799,-28.630989836924357,-53.78906250000006,97.52978534380354,5.0
800,-22.669609871750396,-47.46093750000006,87.42755271410725,5.0
801,-6.880079227870652,-39.375,90.39220916856594,5.0
802,-20.74237995448715,-50.9765625,89.45953019838305,5.0
803,-21.06181760164931,-42.890625,96.5920498217567,5.0
804,-16.646039912392965,-46.40625,87.33454147269937,2672.6839257020342
805,-23.31795706533424,-52.3828125,92.62998146606022,5.0
806,-28.971532223711293,-53.43750000000006,88.33268378074412,5.0
807,-28.630989836924357,-52.3828125,87.49447977702283,2033.0698726946127
808,-17.582776008425412,-47.46093750000006,87.76455344851787,5.0
809,-5.979156796301311,-47.46093750000006,87.57439331514364,5.0
810,-30.34518296958825,-51.328125,88.58590894113051,5.0
811,-25.61308321640182,-49.92187500000006,95.92149640671803,5.0
812,-5.979156796301311,-35.5078125,88.35418370832846,5.0
813,-28.291548862929403,-49.21875000000006,89.93469710758836,5.0
814,-26.944358180475746,-52.734375,87.82446141143396,4556.190196007772
815,-19.788049410669586,-45.0,87.06934440543986,7870.376603622708
816,-20.74237995448715,-41.8359375,87.43795923586667,5.0
817,-16.024100308155866,-43.59375,87.78830254495915,5.0
818,-3.583321698471977,-43.94531250000006,87.54256711833766,5.0
819,-13.554784037179004,-56.953125,87.36888245148644,5.0
820,-23.969482317759685,-46.05468750000006,87.80470295423686,5.0
821,0.5968418305070173,-51.67968750000006,87.55956696940903,14429.104719282206
822,-13.248014905676953,-39.0234375,87.472094221395,5.0
823,-16.024100308155866,-45.70312500000006,87.75042646528115,29478.972747123833
824,-20.105509787916006,-44.6484375,87.30334180027712,718.8606053030148
825,-28.291548862929403,-49.21875000000006,96.9338575467178,2672.6881637187703
826,-14.169522214770055,-47.81250000000006,95.4522770726638,5.0
827,-14.169522214770055,-42.890625,91.42489792384167,5.0
828,-23.31795706533424,-51.67968750000006,87.26674448573404,5.0
829,-17.582776008425412,-42.5390625,93.15688254859359,5.0
830,-8.687297481032445,-35.15625,94.04142765014875,5.0
831,-17.582776008425412,-42.5390625,92.96594468101,5.0
832,-6.579592944977634,-40.4296875,87.27722472398037,5.0
833,-7.481631264246957,-40.78125,90.11691448647986,5.0
834,-19.155010073563744,-42.18750000000006,94.71984971733274,2790.560708184195
835,-16.646039912392965,-49.92187500000006,88.52513126363603,5.0
836,-28.291548862929403,-52.734375,90.15428972573693,5.0
837,-15.094787099543197,-57.3046875,87.74282600122903,5.0
838,-20.74237995448715,-48.8671875,87.83792591683617,49584.259095782036
839,-21.381942579838892,-43.2421875,86.87072226144281,5.0
840,-1.492246289620354,-48.515625,90.04297002404427,5.0
841,-22.02431283704216,-50.2734375,87.23326176781217,5.0
842,-7.481631264246957,-38.671875,87.71125995384297,14619.689476483114
843,-29.656013541178424,-51.328125,87.51879994552722,2770.1248498731816
844,-6.579592944977634,-35.5078125,87.86053103084063,5.0
845,-16.334822780685997,-39.72656250000006,87.30352035967073,5.0
846,-4.480798785982216,-37.96875000000006,91.01639409608649,5.0
847,-31.738394244764436,-52.734375,93.70413314383384,5.0
848,-19.47122063449069,-51.67968750000006,87.3439945805439,5.0
849,-21.06181760164931,-51.328125,87.26417481886749,1486.0645153362887
850,-3.882372003029573,-38.671875,87.31987755422041,49444.14607681139
851,-23.31795706533424,-46.05468750000006,95.63862636860867,5.0
852,-8.385538647081319,-49.5703125,87.83722553875185,5.0
853,-27.6158819838447,-49.21875000000006,87.7548548166943,5.0
854,-8.084013907099305,-36.5625,87.26741773517047,560.1942199488637
855,-7.782714385390946,-38.32031250000006,90.2013730263995,2799.0063531269125
856,-2.9855060057465437,-59.41406250000006,95.45815877706261,5.0
857,-18.524391073865786,-50.625,94.5625942061313,5.0
858,-20.423615363810953,-44.296875,89.84994458550109,5.0
859,-3.882372003029573,-38.671875,87.22492239555184,5.0
860,-23.969482317759685,-53.78906250000006,87.2751037358849,4632.90954428994
861,-17.582776008425412,-41.1328125,87.04738040638766,5.0
862,-19.788049410669586,-43.59375,87.47124463280367,2840.747577806241
863,-17.27000469497446,-50.625,87.30655561944376,5.0
864,-16.024100308155866,-40.07812500000006,87.47471750151816,2720.1890505568585
865,-20.423615363810953,-47.81250000000006,87.64372223375274,5.0
866,-6.880079227870652,-36.5625,97.11600756645824,4436.750633001956
867,-7.481631264246957,-36.5625,89.47700771384663,5.0
868,-26.61009781073392,-52.3828125,94.73647432507128,5.0
869,-29.313198964168336,-52.3828125,91.49803317882414,5.0
870,-15.40409369872549,-46.40625,87.27524718013849,5.0
871,-10.806922874860348,-63.6328125,92.23737787801193,5.0
872,-21.702769403954832,-47.81250000000006,87.49506517842588,5.0
873,-16.334822780685997,-48.1640625,90.04513567599957,49469.13773778473
874,-2.0893716714986112,-47.109375,87.58410743796192,5.0
875,-6.880079227870652,-36.5625,97.62584062395113,2784.9807286010837
876,-22.669609871750396,-42.5390625,87.47945390451099,59415.81294803178
877,-22.02431283704216,-55.1953125,87.5005156029638,5.0
878,-2.388015463268786,-55.1953125,97.00124482814884,444.47196524672785
879,-8.687297481032445,-37.265625,86.75558012417774,5.0
880,-8.98929934516282,-36.21093750000006,91.13214432087334,5.0
881,-22.02431283704216,-45.3515625,91.9156415047027,5.0
882,-1.7907846593289634,-47.46093750000006,94.772459646592,29621.890836456627
883,-5.6791898455823855,-46.40625,97.40925550654526,5.0
884,-23.969482317759685,-46.7578125,97.4200937201145,5.0
885,-7.481631264246957,-38.671875,87.21140045164432,5.0
886,-21.702769403954832,-44.296875,94.40002027120066,7361.973191836897
887,-9.291553238770263,-35.859375,90.15283262581,5.0
888,-5.379378991112077,-42.5390625,90.16826771759392,5.0
889,-9.594068226860458,-41.1328125,87.29667093182466,5.0
890,-22.993394314297802,-50.625,90.2108111207323,5.0
891,-26.276811557199977,-52.734375,97.4842374770784,29751.816955519753
892,-25.282603043311994,-51.67968750000006,96.50340703544305,4380.5955066891065
893,-16.024100308155866,-47.81250000000006,87.71682458566961,5.0
894,-22.02431283704216,-46.7578125,86.93663267820413,5.0
895,-8.084013907099305,-36.5625,87.61294614497795,5.0
896,-11.719760305788782,-62.578125,94.51659897373813,5.0
897,-27.6158819838447,-49.92187500000006,91.26096154428615,5.0
898,-1.492246289620354,-48.515625,87.7441511303408,5.0
899,-4.480798785982216,-37.96875000000006,87.11591054093303,5.0
900,-8.084013907099305,-35.15625,87.70028246646845,49626.207247025304
901,-2.388015463268786,-60.1171875,87.75723954429664,5.0
902,-7.481631264246957,-37.265625,96.95574334861938,16423.956221734763
903,-20.74237995448715,-46.05468750000006,90.07471768610162,5.0
904,-16.646039912392965,-49.21875000000006,87.54448365814015,5.0
905,-27.6158819838447,-53.43750000000006,87.83334415269591,4428.433272330944
906,-24.62431835216408,-50.9765625,87.21245299673043,5.0
907,-13.861949672048638,-50.2734375,97.39181273882514,5.0
908,-10.199918091116302,-59.41406250000006,87.60992649129504,5.0
909,-15.713861048008212,-48.1640625,87.76919386657076,5.0
910,-20.74237995448715,-41.8359375,87.60346977358286,21735.09743211484
911,-10.503271450113203,-47.81250000000006,90.80946658637409,4419.984980374136
912,-21.381942579838892,-46.7578125,90.39092682152142,5.0
913,-16.334822780685997,-48.1640625,91.63115392669646,5.0
914,-20.423615363810953,-56.25,87.48566162711468,5.0
915,-16.957763300004146,-46.7578125,87.54991241840509,5.0
916,-11.719760305788782,-61.171875,87.29248171382942,5.0
917,-29.313198964168336,-51.67968750000006,90.29040609548244,5.0
918,-23.64331425576559,-47.109375,86.93484805886357,5.0
919,-6.579592944977634,-41.8359375,89.15551107179269,5.0
920,-26.944358180475746,-53.43750000000006,95.49169590572426,5.0
921,-18.83940454727545,-41.1328125,95.96722049856804,5.0
922,-27.6158819838447,-51.328125,87.73021828619012,5.0
923,-23.969482317759685,-46.7578125,87.74409709725809,49613.5107809948
924,-16.646039912392965,-44.296875,87.227207786949,7675.985392711634
925,-2.0893716714986112,-49.92187500000006,90.54328133756336,5.0
926,-10.503271450113203,-40.07812500000006,94.38516473624992,5.0
927,-20.105509787916006,-43.94531250000006,87.45390726957014,4532.552934724691
928,-21.381942579838892,-42.5390625,87.6927199805831,14672.20170488261
929,-10.199918091116302,-67.8515625,94.83549476762855,4364.009159778092
930,-6.579592944977634,-43.94531250000006,95.63848610963292,5.0
931,-25.61308321640182,-53.43750000000006,87.4519130730011,99633.70988679418
932,-30.34518296958825,-51.328125,87.96553111598986,5.0
933,-19.788049410669586,-42.18750000000006,87.38338805092826,1391.9099426222747
934,-7.180755781458288,-35.5078125,87.260883785416,14637.774247507004
935,-10.806922874860348,-55.8984375,96.48454091466058,5.0
936,-1.7907846593289634,-48.1640625,94.36573460014178,14640.18113466678
937,-28.291548862929403,-52.734375,92.80329740895817,5.0
938,-5.979156796301311,-38.32031250000006,87.04096023842864,49589.76181668583
939,-20.74237995448715,-50.9765625,94.96074368588829,5.0
940,-10.806922874860348,-45.3515625,87.71535559945039,40268.24574966262
941,-20.423615363810953,-51.328125,87.58604495530749,5.0
942,-21.702769403954832,-45.0,87.88059355334676,597.1853669753266
943,-25.282603043311994,-52.3828125,87.24665402212942,5.0
944,-8.084013907099305,-35.859375,92.73200031483434,5.0
945,-1.1937484371410818,-46.7578125,88.68270891553028,5.0
946,-6.279288322550272,-35.859375,87.37540753819253,542.3849373987417
947,-27.6158819838447,-48.515625,87.37762754559901,5.0
948,-26.944358180475746,-49.21875000000006,87.37224206913332,5.0
949,-21.06181760164931,-49.21875000000006,87.13839903289687,5.0
950,-21.06181760164931,-47.109375,88.84902170235064,49323.751793154006
951,-22.02431283704216,-48.1640625,94.87414542386985,5.0
952,-7.481631264246957,-41.48437500000006,86.67103539489537,5.0
953,-28.291548862929403,-52.734375,87.04377981343163,5.0
954,-16.646039912392965,-49.92187500000006,88.4260727696023,5.0
955,-15.713861048008212,-48.1640625,94.33958836277493,5.0
956,-19.788049410669586,-45.0,87.56487883185736,5.0
957,-3.2843691083657944,-42.18750000000006,87.5958049071022,7033.457815021725
958,-7.180755781458288,-37.6171875,89.11408807802405,638.7961449098643
959,-23.31795706533424,-51.67968750000006,87.49386737908415,5.0
960,-4.480798785982216,-41.48437500000006,86.77881524293373,5.0
961,-21.06181760164931,-45.70312500000006,92.21636548468659,369.4120475292392
962,-9.594068226860458,-36.9140625,89.84389143718796,5.0
963,-16.024100308155866,-56.25,88.63064240057184,2780.6184774384465
964,-11.4151577427305,-48.8671875,92.41242002210423,5.0
965,-14.785930226053424,-56.25,90.64447851099312,5.0
966,-22.993394314297802,-52.734375,87.40148881585783,5.0
967,-11.719760305788782,-41.48437500000006,87.59968041338676,4621.464436635015
968,-20.423615363810953,-43.59375,87.29364290041477,5.0
969,-18.524391073865786,-45.0,87.29870840698756,5.0
970,-22.02431283704216,-49.5703125,90.66634374849508,5.0
971,-28.971532223711293,-52.03125,95.27232310896609,530.4602482419394
972,-22.993394314297802,-45.0,97.30012160375195,14605.958202842956
973,-8.385538647081319,-36.9140625,89.88422429110942,5.0
974,-2.6867241856916024,-54.84375,87.37204289177238,5.0
975,-10.199918091116302,-44.6484375,87.26598269758647,25669.123451344327
976,-21.06181760164931,-51.328125,94.16788345115408,5.0
977,-3.583321698471977,-58.0078125,88.5686392126792,5.0
978,-19.155010073563744,-44.296875,89.676141463548,5.0
979,-21.06181760164931,-49.92187500000006,93.31661176202908,138.51633360869707
980,-13.248014905676953,-39.0234375,91.30858064604946,5.0
981,-23.64331425576559,-46.40625,94.72326837135806,4367.266473528138
982,-5.6791898455823855,-40.78125,87.1290707056395,5.0
983,-4.181528273111482,-39.0234375,92.53997452664355,5.0
984,-22.993394314297802,-47.109375,95.11915153483126,2779.7777662288677
985,-19.155010073563744,-45.0,87.50998529031216,5.0
986,-22.346587898361136,-47.109375,90.06516489933352,5.0
987,-16.957763300004146,-48.8671875,87.5478758483267,5.0
988,-9.594068226860458,-36.21093750000006,97.25573319487918,9549.785072211975
989,-24.62431835216408,-48.8671875,86.8594441828587,14419.536928090196
990,-23.969482317759685,-46.7578125,88.60077592575126,49349.878277310825
991,-22.346587898361136,-42.890625,87.34825193820485,4681.411641251207
992,-10.806922874860348,-55.8984375,91.5480780095616,5.0
993,-20.74237995448715,-42.5390625,87.36094214435117,5.0
994,-14.785930226053424,-40.07812500000006,87.44137245915655,4349.953251497625
995,-5.079715792733481,-47.81250000000006,87.79150537636643,5.0
996,-28.291548862929403,-50.625,96.5849282998646,5.0
997,-6.279288322550272,-35.859375,87.40937378801308,5.0
998,-29.313198964168336,-51.67968750000006,87.3181532199174,5.0
999,-17.27000469497446,-42.18750000000006,92.78103369411457,14599.456713032212
1000,-7.481631264246957,-35.859375,87.79995320723962,5.0
1001,-20.105509787916006,-43.94531250000006,96.50250281601976,5.0
1002,-26.944358180475746,-49.21875000000006,87.32136342532709,99561.2443638264
1003,-22.993394314297802,-45.0,90.1471197521736,5.0
1004,-24.296477994805656,-52.734375,87.43798707111665,5.0
1005,-22.02431283704216,-55.8984375,87.33507992866771,5.0
1006,-22.346587898361136,-44.296875,90.83026171384036,4201.385996725304
1007,-25.944479772370016,-49.5703125,89.03154593104225,2737.3484949314266
1008,-9.896853442815868,-68.203125,92.69372333408253,2790.696898778384
1009,-19.155010073563744,-57.65625000000006,87.54152247251791,578.5783800701445
1010,-8.687297481032445,-40.78125,87.72877698872036,5.0
1011,-30.34518296958825,-50.625,87.6713200103989,4643.512080543473
1012,-29.313198964168336,-53.0859375,97.49921736482334,14480.76360682439
1013,-2.9855060057465437,-43.2421875,87.51825087161076,5.0
1014,-22.669609871750396,-47.46093750000006,87.52172300737314,5.0
1015,-28.630989836924357,-52.3828125,87.60247507059562,49579.4210491492
1016,-7.481631264246957,-37.265625,88.25645388459837,4816.763663417574
1017,-20.423615363810953,-42.890625,87.46427344569489,14478.532763062314
1018,-28.291548862929403,-52.03125,96.5972249553416,14404.718399154617
1019,-2.6867241856916024,-44.296875,87.48233903755485,5.0
1020,-22.669609871750396,-55.8984375,96.0916349985822,5.0
1021,-11.719760305788782,-40.78125,87.26304186986823,5.0
1022,-28.630989836924357,-52.3828125,90.3061481817553,5.0
1023,-30.000000000000014,-51.67968750000006,96.37278808921117,2594.6306171848073
1024,-29.313198964168336,-53.0859375,87.35128822505436,5.0
1025,-18.524391073865786,-48.515625,97.35227419295748,5.0
1026,-26.61009781073392,-52.3828125,87.73541726647625,5.0
1027,-25.944479772370016,-53.0859375,97.1414791801599,5.0
1028,-12.941631985423356,-49.92187500000006,90.6804905862427,5.0
1029,-25.282603043311994,-53.0859375,87.53087507218365,5.0
1030,-2.9855060057465437,-57.3046875,87.37772262024382,5.0
1031,-21.06181760164931,-49.92187500000006,87.53377925524235,5.0
1032,-8.98929934516282,-36.21093750000006,87.24890385802688,49545.80378857386
1033,-5.979156796301311,-35.5078125,87.31765022807829,5.0
1034,-4.181528273111482,-39.0234375,87.26464441564039,5.0
1035,-22.346587898361136,-42.18750000000006,87.69494074400522,5.0
1036,-13.861949672048638,-60.8203125,93.720345048353,5.0
1037,-22.993394314297802,-48.515625,87.31429147794363,5.0
1038,-3.882372003029573,-39.375,87.29933491784128,2814.0711037940755
1039,-12.635625093021133,-39.0234375,90.10975161070036,2775.3183446352605
1040,-20.105509787916006,-44.6484375,87.38972837242629,5.0
1041,-23.969482317759685,-46.7578125,87.25511276861319,5.0
1042,-12.941631985423356,-52.03125,87.34871839601566,29672.462492384584
1043,-21.381942579838892,-46.7578125,96.82536531609064,4398.01639337053
1044,-27.27961273597809,-48.8671875,94.39059174439815,426.13101408002655
1045,-21.381942579838892,-49.5703125,87.60182121464298,5.0
1046,-9.291553238770263,-68.90625,90.29505359931244,5.0
1047,-2.0893716714986112,-47.81250000000006,87.84950972739367,5.0
1048,-26.944358180475746,-52.03125,90.6873843355442,5.0
1049,-2.0893716714986112,-59.765625,90.81307916353215,5.0
1050,-26.944358180475746,-49.21875000000006,89.89000979241298,5.0
1051,-20.105509787916006,-52.3828125,87.48290117481902,5.0
1052,-28.971532223711293,-50.625,86.92549341435068,2755.9384603949934
1053,-23.969482317759685,-46.7578125,87.73904506336112,4497.651261446434
1054,-31.738394244764436,-52.03125,95.97075892915414,5.0
1055,-14.477512185929939,-47.46093750000006,88.35817252194606,4485.566635457135
1056,-23.64331425576559,-47.109375,94.67031443051275,5.0
1057,-16.334822780685997,-52.3828125,97.56945994991214,4479.309640238912
1058,-18.83940454727545,-51.67968750000006,87.3443484540419,5.0
1059,-21.381942579838892,-46.05468750000006,91.0194359665629,5.0
1060,-26.944358180475746,-49.21875000000006,90.62323971924235,5.0
1061,-30.34518296958825,-51.328125,97.4606787215928,5.0
1062,-23.64331425576559,-47.109375,97.51330591364786,14636.221768781623
1063,-16.646039912392965,-49.92187500000006,90.9038898691953,5.0
1064,-16.646039912392965,-49.21875000000006,87.45250090780532,5.0
1065,-23.31795706533424,-51.67968750000006,93.79848535910935,5.0
1066,-9.291553238770263,-35.859375,87.26784672283819,5.0
1067,-5.6791898455823855,-35.859375,93.2947957196439,5.0
1068,-14.477512185929939,-39.72656250000006,96.45955852166914,365.6732963861596
1069,-11.4151577427305,-58.7109375,87.64071464890561,2658.6169456858865
1070,-11.719760305788782,-45.0,89.91844072611912,4582.158675841382
1071,-9.291553238770263,-48.515625,87.70467353937964,49544.25858884996
1072,-3.2843691083657944,-61.171875,87.71497838283112,5.0
1073,-1.7907846593289634,-48.8671875,87.54275044723373,698.8711580227684
1074,-30.34518296958825,-50.625,92.8473740965869,5.0
1075,-16.957763300004146,-53.0859375,97.05255777766672,5.0
1076,-15.713861048008212,-48.1640625,97.09520083945414,5.0
1077,-22.346587898361136,-52.03125,87.35944285646426,74645.5224956119
1078,-8.687297481032445,-63.984375,95.59149443230756,2298.89103321535
1079,-29.313198964168336,-51.67968750000006,92.2832674589376,39650.952935910864
1080,-23.969482317759685,-47.46093750000006,87.46496922491893,4460.704633423599
1081,-4.780191847199163,-41.1328125,87.2141149306033,14582.5313746876
1082,-16.646039912392965,-49.92187500000006,87.48546429579211,4283.127629494498
1083,-27.27961273597809,-53.0859375,96.51393825546857,5.0
1084,-29.313198964168336,-53.0859375,89.95647335077852,5.0
1085,-18.209956864283015,-44.6484375,91.78591063467285,5.0
1086,-21.381942579838892,-51.67968750000006,87.47080273383752,5.0
1087,-7.180755781458288,-36.9140625,91.74003926996284,5.0
1088,-30.69158768492234,-51.67968750000006,86.79671681243839,5.0
1089,-8.98929934516282,-35.5078125,87.63055888799104,5.0
1090,-28.971532223711293,-49.21875000000006,89.86039174523656,49559.28663467697
1091,-21.702769403954832,-45.70312500000006,87.32066313715849,14674.56570934984
1092,-21.06181760164931,-42.890625,94.42984388898151,5.0
1093,-19.47122063449069,-40.4296875,87.44089662986433,5.0
1094,-8.98929934516282,-36.21093750000006,90.2421231068245,5.0
1095,-7.481631264246957,-40.78125,87.6709488601067,5.0
1096,-8.687297481032445,-42.890625,89.10469539103637,2835.819916591501
1097,-7.481631264246957,-35.15625,87.26841645084443,5.0
1098,-23.969482317759685,-51.67968750000006,86.66410951282182,5.0
1099,-14.477512185929939,-49.5703125,96.4424861663442,4582.358172693261
1100,-3.583321698471977,-39.0234375,87.48767164776854,2869.6464365473507
1101,-30.000000000000014,-52.3828125,94.34427375448449,5.0
1102,-27.27961273597809,-49.5703125,97.6414838308846,666.390918218038
1103,-28.630989836924357,-50.2734375,87.40899103763284,5.0
1104,-31.388166464348544,-52.3828125,87.48164303221198,5.0
1105,-7.481631264246957,-48.515625,90.4003121239947,5.0
1106,-16.024100308155866,-47.81250000000006,97.32544150939442,5.0
1107,-23.64331425576559,-50.625,96.6113976992865,5.0
1108,-22.346587898361136,-42.18750000000006,87.80300314368743,5.0
1109,-6.880079227870652,-37.96875000000006,93.70695732015393,379.54297411938654
1110,-24.62431835216408,-53.0859375,87.30666970328785,2703.782540980275
1111,-8.687297481032445,-35.859375,97.43721197827435,5.0
1112,-8.687297481032445,-35.859375,97.31522983015954,5.0
1113,-20.105509787916006,-45.3515625,87.34450088915455,4553.631269880799
1114,-20.74237995448715,-41.1328125,87.52794984131403,5.0
1115,-20.74237995448715,-48.8671875,87.25855337439155,29656.4812271687
1116,-5.079715792733481,-47.81250000000006,87.49049392252618,5.0
1117,-27.27961273597809,-53.78906250000006,94.24811451775967,5.0
1118,-10.503271450113203,-62.578125,87.63460691840643,5.0
1119,-6.279288322550272,-39.375,87.2426573458599,5.0
1120,-27.6158819838447,-54.84375,87.58581567006311,5.0
1121,-29.656013541178424,-52.734375,97.47398994609246,5.0
1122,-26.61009781073392,-52.3828125,89.90420941202952,5.0
1123,-24.296477994805656,-50.625,87.6857711503351,5.0
1124,-21.702769403954832,-42.890625,87.34829921037834,5.0
1125,-20.105509787916006,-41.1328125,97.51867616280053,5.0
1126,-4.780191847199163,-44.6484375,94.37455937311158,5.0
1127,-16.334822780685997,-48.1640625,87.50368835402405,5.0
1128,-15.40409369872549,-48.515625,87.21787881437152,5.0
1129,-10.199918091116302,-56.6015625,87.13394085277783,5.0
1130,-22.993394314297802,-49.21875000000006,87.2858936508945,2565.600183819708
1131,-19.155010073563744,-44.296875,88.6310326350829,5.0
1132,-4.480798785982216,-44.296875,96.96136177714304,2825.826157293694
1133,-8.687297481032445,-44.296875,87.79471298731315,5.0
1134,-22.346587898361136,-49.21875000000006,94.94067831193121,5.0
1135,-4.181528273111482,-39.0234375,87.7259581662616,5.0
1136,-25.944479772370016,-49.5703125,91.45068647012052,653.2263761411912
1137,-19.155010073563744,-45.70312500000006,92.11445165088126,5.0
1138,-18.83940454727545,-50.2734375,87.35833754730436,5.0
1139,-20.74237995448715,-41.1328125,87.61148953415282,5.0
1140,-24.953020787727496,-50.625,90.01813414663805,5.0
1141,-14.169522214770055,-40.07812500000006,87.21872770777665,5.0
1142,-22.346587898361136,-54.84375,87.6119277334337,5.0
1143,-20.423615363810953,-44.296875,87.84616206948954,5.0
1144,-10.503271450113203,-52.03125,97.61234404053683,5.0
1145,-27.27961273597809,-53.78906250000006,87.76468681430529,5.0
1146,-23.969482317759685,-46.7578125,94.25072360676586,2568.657349524966
1147,-21.702769403954832,-41.48437500000006,87.70727539938356,547.4655657717594
1148,-25.944479772370016,-49.5703125,93.7425369803111,5.0
1149,-26.61009781073392,-48.8671875,89.08519712588573,5.0
1150,-22.669609871750396,-46.7578125,95.86145167159685,7456.992291945368
1151,-25.61308321640182,-52.03125,87.678716249279,5.0
1152,-22.669609871750396,-55.8984375,89.324134486043,5.0
1153,-22.346587898361136,-52.03125,89.90922013639982,2679.9345137731784
1154,-21.381942579838892,-48.1640625,87.68742320200182,5.0
1155,-23.64331425576559,-52.734375,87.31825058935623,5.0
1156,-6.880079227870652,-35.859375,87.24963660065802,14466.43656410808
1157,-27.27961273597809,-53.0859375,86.66125535462513,5.0
1158,-26.944358180475746,-49.92187500000006,95.56758387252745,2607.798914397867
1159,-2.388015463268786,-46.05468750000006,87.4428482934949,2655.1229119380782
1160,-24.953020787727496,-48.515625,87.40909309652785,40004.42203345141
1161,-6.279288322550272,-39.375,92.2408702052412,5.0
1162,-13.554784037179004,-56.953125,87.55579011041492,5.0
1163,-23.31795706533424,-48.1640625,87.80728764138776,5.0
1164,-7.180755781458288,-46.7578125,87.34285438420136,5.0
1165,-24.62431835216408,-50.9765625,97.27227710401021,5.0
1166,-25.282603043311994,-50.2734375,95.13355740954829,5.0
1167,-19.47122063449069,-44.6484375,95.37492417473455,5.0
1168,-0.2984168674869352,-51.328125,87.67308032032061,5.0
1169,-11.4151577427305,-58.7109375,92.85224723964738,5.0
1170,-21.381942579838892,-49.5703125,87.31766129909207,2560.268060307935
1171,-30.34518296958825,-51.328125,86.56598774635627,2693.7373121341575
1172,-21.381942579838892,-43.2421875,86.70031314909674,14609.133196216872
1173,-10.199918091116302,-56.6015625,88.81191286777126,5.0
1174,-21.381942579838892,-41.8359375,87.73881269811679,39973.29294589175
1175,-20.105509787916006,-44.6484375,87.82347112547377,4666.0663762325485
1176,-23.969482317759685,-51.67968750000006,86.34304082936895,5.0
1177,-5.6791898455823855,-40.78125,87.69459340074732,5.0
1178,-23.64331425576559,-48.515625,91.70468916711748,5.0
1179,-20.105509787916006,-43.94531250000006,87.72164156625614,5.0
1180,-29.656013541178424,-51.328125,92.12497378824709,5.0
1181,-13.861949672048638,-50.2734375,87.43817609553179,5.0
1182,-21.381942579838892,-43.2421875,94.17540398359955,2615.0384248123933
1183,-28.630989836924357,-48.8671875,88.86864391740465,5.0
1184,-5.6791898455823855,-60.46875,87.40808773432852,5.0
1185,-28.971532223711293,-52.03125,87.44318027819922,4617.94118424005
1186,-22.346587898361136,-47.109375,89.8794891967289,5.0
1187,-4.181528273111482,-62.2265625,94.60751781777515,49524.3109561434
1188,-12.024699180565818,-62.2265625,87.68505034966616,5.0
1189,-22.669609871750396,-46.7578125,87.47235485442063,49357.39725523165
1190,-3.882372003029573,-38.671875,95.43862548865698,5.0
1191,-20.74237995448715,-46.7578125,90.50936472508802,5.0
1192,-14.169522214770055,-49.92187500000006,87.7289308800774,5.0
1193,-21.381942579838892,-48.1640625,87.78275755979412,535.1903087733369
1194,-3.2843691083657944,-45.0,87.39929122703103,4564.054715510536
1195,-26.944358180475746,-49.92187500000006,89.86112868022572,5.0
1196,-30.000000000000014,-51.67968750000006,87.60814547096705,28894.700307562674
1197,-30.000000000000014,-53.0859375,97.60694346549614,5.0
1198,-23.31795706533424,-46.05468750000006,87.7723251521569,5.0
1199,-6.279288322550272,-37.96875000000006,87.78003397730039,4531.156667721999
1200,-23.64331425576559,-50.625,88.28254556898797,5.0
1201,-2.0893716714986112,-47.81250000000006,96.6368470421207,5.0
1202,-2.0893716714986112,-52.734375,93.85694407668201,14615.360621015112
1203,-12.941631985423356,-38.671875,87.73304694110462,14561.682774652132
1204,-18.83940454727545,-39.72656250000006,91.72159046536103,49590.651685506076
1205,-23.64331425576559,-46.40625,88.80055617636974,14571.096265391607
1206,-22.346587898361136,-49.21875000000006,87.7887964308693,5.0
1207,-17.27000469497446,-42.18750000000006,87.38314824857179,4384.888552450569
1208,-10.806922874860348,-48.8671875,87.75036001255634,5.0
1209,-31.738394244764436,-52.734375,87.45548028341221,59685.38885532925
1210,-16.646039912392965,-42.18750000000006,96.58512288449123,5.0
1211,-17.582776008425412,-43.94531250000006,87.57659725288116,5.0
1212,-7.180755781458288,-39.72656250000006,97.2025302061622,5.0
1213,-23.969482317759685,-46.7578125,87.84380406618664,5.0
1214,-22.346587898361136,-43.59375,89.93203477815608,5.0
1215,-8.687297481032445,-42.18750000000006,87.85716809838299,14504.520226531537
1216,-4.480798785982216,-42.18750000000006,87.29806435255425,2854.8438848393753
1217,-22.346587898361136,-51.328125,87.63123468138171,5.0
1218,-21.702769403954832,-43.59375,87.2571894326516,2736.929517628973
1219,-10.806922874860348,-50.9765625,89.79369926462209,5.0
1220,-29.313198964168336,-50.9765625,87.72729329853387,5.0
1221,-6.880079227870652,-42.18750000000006,93.21716437210793,5.0
1222,-16.957763300004146,-49.5703125,87.42121143019179,4627.632524208687
1223,-29.313198964168336,-54.4921875,87.34563259011311,461.77636642958737
1224,-16.646039912392965,-49.21875000000006,87.67248341962527,5.0
1225,-21.702769403954832,-51.328125,96.90249771368245,5.0
1226,-16.024100308155866,-47.109375,91.4999162305919,5.0
1227,-10.806922874860348,-45.3515625,87.68950609684528,5.0
1228,-30.34518296958825,-51.328125,87.82246639962447,5.0
1229,-16.334822780685997,-48.1640625,87.2370009322062,5.0
1230,-27.6158819838447,-52.03125,97.50375204546587,5.0
1231,-8.98929934516282,-36.21093750000006,90.45336018974066,14672.436730199766
1232,-8.385538647081319,-38.32031250000006,87.50899706497825,5.0
1233,-2.6867241856916024,-54.84375,88.78731209332778,5.0
1234,-21.702769403954832,-45.0,87.2711633194462,5.0
1235,-15.40409369872549,-59.765625,97.32905889008747,6339.6459401110205
1236,-26.61009781073392,-49.5703125,87.35944786267073,2607.4459338129827
1237,-18.524391073865786,-49.21875000000006,90.1785585245427,4992.760252244918
1238,-30.000000000000014,-53.78906250000006,87.45498801276791,5.0
1239,-7.481631264246957,-35.859375,91.69111738658724,2623.6371140746846
1240,-26.944358180475746,-53.43750000000006,93.18388467301561,5.0
1241,-23.969482317759685,-53.0859375,90.60343803026274,5.0
1242,-23.64331425576559,-46.40625,89.58082769395773,5.0
1243,-25.944479772370016,-53.0859375,96.00808663144439,5.0
1244,-23.64331425576559,-48.515625,87.22944864798465,29368.326258714704
1245,-21.381942579838892,-46.05468750000006,87.5705243208955,7738.627306925379
1246,-6.279288322550272,-37.96875000000006,87.45881805225113,5.0
1247,-2.6867241856916024,-46.40625,97.5358028085759,5.0
1248,-28.630989836924357,-55.8984375,87.64957841930075,5.0
1249,-21.381942579838892,-49.5703125,92.13692402430105,5.0
1250,-23.969482317759685,-46.7578125,90.85962392273383,5.0
1251,-18.83940454727545,-49.5703125,87.40986976408773,14581.186708063784
1252,-5.979156796301311,-39.0234375,87.44625889803048,49409.089584303736
1253,-6.279288322550272,-49.92187500000006,87.50342778461521,5.0
1254,-22.346587898361136,-47.81250000000006,87.67896598569186,4482.2094128879025
1255,-16.957763300004146,-49.5703125,87.43994185239397,5.0
1256,-8.084013907099305,-40.78125,86.69651015946351,5.0
1257,-19.155010073563744,-49.92187500000006,95.68341709531778,5.0
1258,-3.882372003029573,-41.48437500000006,97.32694423804628,5.0
1259,-20.74237995448715,-46.7578125,87.58492996999219,2580.7693751814068
1260,-10.503271450113203,-39.375,87.58078832357502,5.0
1261,-23.969482317759685,-46.7578125,86.06957153121755,5.0
1262,-12.32998415024295,-39.375,90.75823043231408,5.0
1263,-17.896089316234637,-50.625,94.49225300177518,49372.60189926179
1264,-1.492246289620354,-52.03125,87.32135496657459,5.0
1265,-4.181528273111482,-41.1328125,87.33900852871298,2638.282107223419
1266,-16.024100308155866,-49.21875000000006,93.56318153111665,2618.7905466085595
1267,-18.83940454727545,-51.67968750000006,89.62592918143187,5.0
1268,-21.06181760164931,-47.81250000000006,86.99475219021313,5.0
1269,-11.4151577427305,-38.32031250000006,89.78345036701917,14490.011467242346
1270,-22.346587898361136,-42.18750000000006,87.54078586883989,5.0
1271,-26.276811557199977,-49.21875000000006,87.62164130349491,29802.625163750792
1272,-23.969482317759685,-51.67968750000006,93.00732974005965,5.0
1273,-2.9855060057465437,-43.2421875,94.11837813790596,5.0
1274,-18.83940454727545,-50.2734375,87.66440482391326,14459.354631925702
1275,-5.6791898455823855,-42.890625,97.15488307492339,4546.407150211324
1276,-9.594068226860458,-48.8671875,87.67265982883885,68576.6576740572
1277,-30.34518296958825,-51.328125,93.05161470561828,5.0
1278,-6.579592944977634,-38.32031250000006,87.77731884093822,29648.73009339456
1279,-19.155010073563744,-41.48437500000006,96.13448956573107,4406.629890260869
1280,-21.381942579838892,-48.8671875,96.39375298439367,4524.462702235857
1281,-22.669609871750396,-48.8671875,87.24133223958489,5.0
1282,-20.423615363810953,-47.81250000000006,97.05551078368869,5.0
1283,-1.1937484371410818,-48.8671875,94.49468514460322,29609.846302745544
1284,-12.941631985423356,-38.671875,93.59828766027624,5.0
1285,-19.788049410669586,-45.70312500000006,87.39476884934618,5.0
1286,-4.780191847199163,-43.94531250000006,93.96808829438996,5.0
1287,-14.477512185929939,-48.1640625,95.10491608586287,5.0
1288,-2.6867241856916024,-45.70312500000006,87.5140617526217,5.0
1289,-4.480798785982216,-59.765625,97.20249351189942,5.0
1290,-16.024100308155866,-47.81250000000006,87.05390102907992,10962.298213191872
1291,-6.279288322550272,-36.5625,87.32581762228044,5.0
1292,-20.423615363810953,-43.59375,87.84992269371595,5.0
1293,-22.346587898361136,-46.40625,88.48876956505842,5.0
1294,-23.969482317759685,-46.7578125,90.13548871542962,5.0
1295,-8.084013907099305,-41.48437500000006,86.66477593128005,5.0
1296,-7.180755781458288,-36.9140625,97.27806676293876,527.3327576832196
1297,-5.6791898455823855,-42.890625,86.99152872867988,5.0
1298,-21.702769403954832,-56.25,87.3165605544589,14646.948249130464
1299,-22.669609871750396,-47.46093750000006,86.62982068503185,5.0
1300,-2.6867241856916024,-52.03125,88.30342889479627,5.0
1301,-28.971532223711293,-52.734375,97.01611047074785,5.0
1302,-3.583321698471977,-53.0859375,90.44647947202817,5.0
1303,-20.105509787916006,-43.94531250000006,94.42097799502602,2714.342049515247
1304,-22.669609871750396,-46.7578125,86.62114503637378,7962.384446743559
1305,-26.944358180475746,-50.625,87.85591736616726,5.0
1306,-22.669609871750396,-43.2421875,87.74444763811098,5.0
1307,-23.969482317759685,-46.7578125,87.79772037648777,5.0
1308,-13.554784037179004,-39.375,87.22077801322082,5.0
1309,-24.62431835216408,-53.78906250000006,90.85305686961689,48901.84821957218
1310,-4.480798785982216,-45.0,87.80346941714505,5.0
1311,-27.6158819838447,-50.625,92.91090417104652,2531.5616918528085
1312,-20.105509787916006,-43.2421875,87.77922961690746,5.0
1313,-24.62431835216408,-50.9765625,87.32510432124631,5.0
1314,-17.582776008425412,-42.5390625,90.18194754351667,5.0
1315,-21.702769403954832,-48.515625,87.3562050896348,5.0
1316,-19.788049410669586,-41.48437500000006,95.54505103393394,2836.6910789154053
1317,-22.993394314297802,-45.70312500000006,89.54600061447864,5.0
1318,-4.480798785982216,-43.59375,87.3356794484522,1559.4383304266755
1319,-3.882372003029573,-49.92187500000006,97.29644370091746,5.0
1320,-9.594068226860458,-36.21093750000006,87.82394445550842,49317.06280820135
1321,-6.880079227870652,-35.15625,87.22170444529168,5.0
1322,-26.944358180475746,-49.92187500000006,89.8615813900207,11830.530613445384
1323,-8.687297481032445,-49.21875000000006,87.46545795599388,3043.378547564163
1324,-30.000000000000014,-50.9765625,93.93124555530852,49480.33125171683
1325,-13.554784037179004,-44.296875,94.29634084660876,5.0
1326,-7.481631264246957,-36.5625,97.4512809657337,1993.2514177350226
1327,-23.969482317759685,-46.7578125,87.80164311738967,5.0
1328,-22.02431283704216,-55.8984375,87.7382205184784,5.0
1329,-19.155010073563744,-42.18750000000006,92.66527789164903,5.0
1330,-20.423615363810953,-50.625,87.30224186805376,5.0
1331,-22.993394314297802,-52.734375,87.88970397686263,49661.80973385051
1332,-8.98929934516282,-40.4296875,87.87584780474614,5.0
1333,-31.738394244764436,-53.43750000000006,87.24411223248714,5.0
1334,-30.000000000000014,-50.9765625,87.68823590593408,5.0
1335,-21.702769403954832,-45.70312500000006,95.16723502172715,5.0
1336,-8.084013907099305,-45.0,95.22395405721159,5.0
1337,-22.346587898361136,-51.328125,87.25731320537253,5.0
1338,-4.181528273111482,-41.8359375,87.24579911600071,5.0
1339,-2.6867241856916024,-66.09375,87.47829664945513,5.0
1340,-10.199918091116302,-67.8515625,95.59193755401115,29712.41143809704
1341,-18.209956864283015,-50.9765625,87.29741808711857,2670.040020503607
1342,-26.944358180475746,-53.43750000000006,91.75633913936478,49539.881486277816
1343,-22.993394314297802,-47.81250000000006,87.25991966426709,5.0
1344,-23.31795706533424,-48.8671875,89.7983272665461,5.0
1345,-16.646039912392965,-43.59375,87.6045287736276,5.0
1346,-14.169522214770055,-49.92187500000006,93.52973930451715,5.0
1347,-15.40409369872549,-49.92187500000006,87.43908389516385,5.0
1348,-30.34518296958825,-50.625,90.04654104888368,5.0
1349,-2.9855060057465437,-42.5390625,87.44177705472869,5.0
1350,-26.61009781073392,-48.8671875,91.58664400962319,5.0
1351,-20.74237995448715,-49.5703125,95.57042633175668,14420.232115072748
1352,-16.957763300004146,-41.1328125,87.29457797254786,365.9210707663853
1353,-22.993394314297802,-48.515625,95.43040243615162,5.0
1354,-18.83940454727545,-41.8359375,89.02815461704759,5.0
1355,-26.944358180475746,-49.21875000000006,87.29499530202912,5.0
1356,-27.6158819838447,-48.515625,87.70115733729862,5.0
1357,-16.646039912392965,-49.21875000000006,87.34062265703065,5.0
1358,-10.806922874860348,-36.9140625,91.2301315009465,5.0
1359,-20.74237995448715,-41.1328125,92.7787465024945,4577.987913006072
1360,-28.291548862929403,-54.140625,87.26618031564831,2644.921133001318
1361,-8.385538647081319,-48.1640625,87.80741629138477,5.0
1362,-21.381942579838892,-47.46093750000006,94.21372726434574,5.0
1363,-21.381942579838892,-43.94531250000006,97.0524317154604,5.0
1364,-22.993394314297802,-44.296875,87.81739084649384,2734.124030621199
1365,-6.279288322550272,-37.96875000000006,97.18402734164141,5.0
1366,-22.669609871750396,-42.5390625,87.84736461645612,5.0
1367,-27.95318688338115,-49.5703125,87.65606864761376,5.0
1368,-7.481631264246957,-37.96875000000006,95.06676616083355,5.0
1369,-9.291553238770263,-36.5625,87.7896287621827,2738.7178573785845
1370,-30.000000000000014,-51.67968750000006,87.76112981731681,5.0
1371,-7.481631264246957,-37.265625,87.78601881147928,5.0
1372,-26.276811557199977,-53.43750000000006,95.03872861174874,5.0
1373,-19.155010073563744,-48.515625,94.65879998164019,5.0
1374,-9.594068226860458,-36.21093750000006,87.66868147130234,8523.542642515164
1375,-26.944358180475746,-51.328125,87.57374880004292,4681.694337357398
1376,-17.27000469497446,-42.890625,87.78820290046144,5.0
1377,-19.788049410669586,-48.515625,88.4261190952416,5.0
1378,-14.785930226053424,-42.18750000000006,87.44536598969268,5.0
1379,-20.74237995448715,-41.1328125,93.67391805196473,5.0
1380,-7.180755781458288,-39.72656250000006,87.78084129492417,5.0
1381,-16.024100308155866,-50.625,87.57475691841773,5.0
1382,-30.000000000000014,-52.3828125,87.2675653305386,5.0
1383,-10.199918091116302,-67.14843750000006,87.44605270199725,5.0
1384,-21.702769403954832,-42.18750000000006,97.17472317863803,5.0
1385,-12.941631985423356,-38.671875,87.5356241531683,2617.482484650261
1386,-23.64331425576559,-46.40625,87.35143673582367,5.0
1387,-6.279288322550272,-37.96875000000006,87.74594802863939,606.4785431210157
1388,-30.000000000000014,-52.3828125,87.53831186552542,5.0
1389,-17.582776008425412,-39.72656250000006,86.87997853744687,5.0
1390,-9.291553238770263,-37.265625,87.56002043879408,534.018276810493
1391,-4.181528273111482,-39.72656250000006,87.85874739468525,5.0
1392,-7.180755781458288,-36.21093750000006,87.98921697826361,2821.214994111715
1393,-19.788049410669586,-44.296875,87.60519341200813,5.0
1394,-13.554784037179004,-44.296875,87.72787268287837,5.0
1395,-25.282603043311994,-53.0859375,97.32608739389636,5.0
1396,-16.957763300004146,-49.5703125,87.633299426882,5.0
1397,-9.594068226860458,-36.21093750000006,87.47225533095487,5.0
1398,-21.381942579838892,-48.8671875,87.45230116303452,5.0
1399,-22.669609871750396,-47.46093750000006,87.74201637561906,433.82722032760455
1400,-7.180755781458288,-36.9140625,92.79246606842538,5.0
1401,-7.180755781458288,-36.9140625,87.4016323853806,5.0
1402,-2.9855060057465437,-58.7109375,91.46976975207699,5.0
1403,-23.31795706533424,-52.3828125,86.71423663876418,5.0
1404,-22.02431283704216,-48.8671875,87.6895187417005,5.0
1405,-18.524391073865786,-47.109375,93.1565339291152,2610.1714631577606
1406,-25.944479772370016,-53.0859375,87.58109396286862,2816.097744184061
1407,-24.296477994805656,-53.43750000000006,88.23867544869815,5.0
1408,-20.74237995448715,-44.6484375,87.40026835423292,49367.54062274753
1409,-26.944358180475746,-53.43750000000006,92.4218729390788,5.0
1410,-8.084013907099305,-36.5625,87.082519080813,14734.014644272547
1411,-5.6791898455823855,-35.859375,95.15256202332243,559.8182345477735
1412,-10.503271450113203,-38.671875,87.39109842383927,1261.074708607716
1413,-3.583321698471977,-40.4296875,95.58466127677683,5.0
1414,-20.105509787916006,-49.5703125,87.59974556876169,5.0
1415,-28.971532223711293,-52.03125,91.83538014316505,5.0
1416,-2.9855060057465437,-43.94531250000006,87.55472098385151,699.380341745382
1417,-5.979156796301311,-35.5078125,96.34376609312409,5.0
1418,-17.582776008425412,-42.5390625,87.29435534543285,2781.916205262665
1419,-28.971532223711293,-54.140625,87.36449705098082,5.0
1420,-12.635625093021133,-39.0234375,87.78969286351705,4355.287372042647
1421,-19.47122063449069,-44.6484375,87.23392587094925,5.0
1422,-3.2843691083657944,-68.203125,87.38810227527587,5.0
1423,-6.579592944977634,-35.5078125,97.12331252240043,5.0
1424,-30.34518296958825,-51.328125,97.42836953879718,5.0
1425,-29.656013541178424,-49.92187500000006,87.63182697566681,5.0
1426,0.2984168674869352,-60.46875,96.81332853145,2677.21012694031
1427,-29.313198964168336,-50.2734375,87.85971544617387,5.0
1428,-21.702769403954832,-51.328125,87.48782368185249,5.0
1429,-26.944358180475746,-53.43750000000006,91.2850538029765,4476.012111636861
1430,-17.896089316234637,-52.03125,90.34112615366224,5.0
1431,-19.788049410669586,-47.81250000000006,97.54616323927871,29751.981497000943
1432,-19.155010073563744,-57.65625000000006,87.48147613140844,59503.22420479536
1433,-22.02431283704216,-46.7578125,90.57261473362009,5.0
1434,-6.579592944977634,-43.94531250000006,87.0794981219797,5.0
1435,-2.388015463268786,-44.6484375,87.27679231145083,5.0
1436,-12.32998415024295,-45.0,80.61649194567528,2735.214100378248
1437,-22.669609871750396,-48.1640625,97.64251283451068,5.0
1438,-8.084013907099305,-38.671875,93.8945579166928,5.0
1439,-22.02431283704216,-43.94531250000006,93.46707702664683,2649.277518675915
1440,-30.000000000000014,-52.3828125,87.81226461163249,5.0
1441,-5.079715792733481,-40.07812500000006,87.52882042729267,4448.838008624101
1442,-22.02431283704216,-44.6484375,87.32764952900324,542.7429135150774
1443,-17.27000469497446,-47.109375,87.50801106272742,5.0
1444,-26.944358180475746,-53.43750000000006,87.63143747476141,14440.862327791663
1445,-7.481631264246957,-39.375,92.72492074540034,463.53677002789914
1446,-22.346587898361136,-43.59375,87.85273558705688,5.0
1447,-25.61308321640182,-51.328125,87.22790327837554,5.0
1448,-29.313198964168336,-53.0859375,86.67731509262197,5.0
1449,-22.346587898361136,-49.21875000000006,87.26149677108002,5.0
1450,-19.155010073563744,-43.59375,87.67811621069505,49311.16424452335
1451,-21.381942579838892,-48.8671875,97.02474325182337,5.0
1452,-26.944358180475746,-52.734375,90.01963435922708,421.12584503072503
1453,-20.423615363810953,-42.18750000000006,93.88298646414415,5.0
1454,-2.388015463268786,-43.2421875,87.7536564643215,5.0
1455,-28.630989836924357,-49.5703125,87.61209793518682,20020.289711515274
1456,-22.346587898361136,-46.40625,87.26970054067512,4574.42446910922
1457,-22.02431283704216,-41.8359375,95.61500932069947,5.0
1458,-8.385538647081319,-36.21093750000006,93.36517375159883,5.0
1459,-22.02431283704216,-55.1953125,87.35043469677872,5.0
1460,-16.024100308155866,-48.515625,87.81569106161396,5.0
1461,-21.702769403954832,-45.0,87.7820472731068,5.0
1462,-5.6791898455823855,-40.78125,89.83554195471612,5.0
1463,-21.702769403954832,-41.48437500000006,97.14587731803039,49461.771974186035
1464,-32.089951256280315,-52.3828125,88.60011226906967,5.0
1465,-3.2843691083657944,-40.78125,87.85348655400345,14442.96838158571
1466,-30.000000000000014,-50.9765625,87.05937613662763,5.0
1467,-16.334822780685997,-48.1640625,87.20819734993933,5.0
1468,-26.944358180475746,-51.328125,87.37643053577429,4593.105019017528
1469,-23.969482317759685,-50.2734375,86.8481718442243,5.0
1470,-20.423615363810953,-43.59375,92.45227767713897,4940.335003299688
1471,-23.31795706533424,-50.9765625,91.8550210817116,5.0
1472,-27.27961273597809,-53.78906250000006,87.30708931697772,5.0
1473,-16.334822780685997,-50.2734375,94.76478309273945,4597.870982209923
1474,-13.248014905676953,-61.52343750000006,87.33241068736586,5.0
1475,-22.02431283704216,-46.7578125,87.53031904671558,14433.944019657018
1476,-24.296477994805656,-52.03125,87.4597500988773,29669.529422869993
1477,-23.64331425576559,-47.81250000000006,87.6264838381719,5.0
1478,-23.969482317759685,-46.7578125,87.46743834197633,5.0
1479,-16.957763300004146,-47.46093750000006,87.78417807428282,5.0
1480,-24.62431835216408,-50.9765625,87.67393762315942,5.0
1481,-5.979156796301311,-35.5078125,97.52233697889328,2813.4965929451314
1482,-20.105509787916006,-43.94531250000006,87.12566871304476,5.0
1483,-0.2984168674869352,-51.328125,87.31537007730128,5.0
1484,-12.941631985423356,-38.671875,87.08898801914542,589.0845789851013
1485,-15.094787099543197,-42.5390625,89.84675178771217,5.0
1486,-16.024100308155866,-47.81250000000006,87.10890369306321,4211.575818583519
1487,-22.346587898361136,-42.18750000000006,94.7740263279639,5.0
1488,-16.024100308155866,-57.65625000000006,87.81525583061985,30292.582056057865
1489,-17.582776008425412,-50.2734375,87.8356280485541,5.0
1490,-9.291553238770263,-36.5625,88.19422636909412,5.0
1491,-15.40409369872549,-46.40625,87.35407896980986,5.0
1492,-8.98929934516282,-48.1640625,87.39041423486849,5.0
1493,-4.181528273111482,-40.4296875,87.55416943051634,49501.653657441566
1494,-21.06181760164931,-45.0,89.025709911583,5.0
1495,-22.02431283704216,-46.7578125,87.40721530244237,2631.045154575535
1496,-21.381942579838892,-48.1640625,87.28042317297333,5.0
1497,-18.209956864283015,-50.2734375,97.3689604664684,5.0
1498,-15.713861048008212,-48.1640625,86.72407971407856,5.0
1499,-26.61009781073392,-50.2734375,93.90550688736587,5.0
1500,-19.788049410669586,-45.0,93.50460477688168,5.0
1501,-18.83940454727545,-55.1953125,87.52496341415402,5.0
1502,-2.0893716714986112,-46.40625,87.30650850314056,14661.30554321078
1503,-13.861949672048638,-57.3046875,87.32003054386368,5.0
1504,-15.713861048008212,-48.1640625,91.15203230290653,5.0
1505,-16.024100308155866,-44.296875,90.10044512664042,5.0
1506,-20.74237995448715,-48.8671875,93.35332298590758,5.0
1507,-20.105509787916006,-47.46093750000006,97.06471975861562,29566.097155727926
1508,-21.06181760164931,-42.890625,91.02282877794883,5.0
1509,-23.64331425576559,-47.109375,87.33385117059221,5.0
1510,-24.296477994805656,-47.109375,87.45226813904434,5.0
1511,-22.993394314297802,-52.734375,94.9214213488579,5.0
1512,-29.656013541178424,-53.43750000000006,87.4061179410945,5.0
1513,-1.7907846593289634,-48.8671875,87.22119593738753,377.6087436466487
1514,-7.782714385390946,-36.21093750000006,91.30865633602515,5.0
1515,-0.5968418305070315,-48.1640625,87.66733814416123,5.0
1516,-21.702769403954832,-47.109375,96.72560237835994,4354.591758369916
1517,-27.6158819838447,-49.21875000000006,90.21182653804273,5.0
1518,-9.594068226860458,-39.72656250000006,87.24539096177332,4599.027177896614
1519,-28.630989836924357,-51.67968750000006,97.16144255355532,5.0
1520,-3.882372003029573,-49.92187500000006,87.47270207658421,4457.230223997243
1521,-28.971532223711293,-53.43750000000006,87.57903840082861,5.0
1522,-14.477512185929939,-43.94531250000006,87.66697860957797,5.0
1523,-5.379378991112077,-36.9140625,87.07003993420457,5.0
1524,-18.83940454727545,-43.2421875,87.79440473957098,5.0
1525,-9.896853442815868,-35.859375,87.28986878550927,5.0
1526,-11.110881800003284,-37.265625,87.66523450286486,5.0
1527,-12.32998415024295,-48.515625,87.59728579609421,5.0
1528,-23.969482317759685,-46.05468750000006,93.07274170459584,5.0
1529,-20.105509787916006,-44.6484375,93.91773234608483,5.0
1530,-12.32998415024295,-37.96875000000006,87.33055428200146,2796.551496630853
1531,-21.06181760164931,-41.48437500000006,87.61870225182102,5.0
1532,-22.669609871750396,-42.5390625,87.62789804090667,5.0
1533,-10.806922874860348,-55.1953125,87.32784712631235,5.0
1534,-16.334822780685997,-42.5390625,93.79584098754508,5.0
1535,-5.979156796301311,-35.5078125,91.41439307633162,5.0
1536,-7.481631264246957,-37.265625,87.38053363511689,4509.223635397046
1537,-22.346587898361136,-50.625,87.61893305487345,5.0
1538,-7.481631264246957,-37.265625,87.26619181324622,5.0
1539,-19.788049410669586,-42.890625,89.88212300779402,5.0
1540,-22.669609871750396,-46.7578125,87.28723716472761,5.0
1541,-5.6791898455823855,-40.78125,97.51641429977379,14444.949175952774
1542,-20.423615363810953,-43.59375,93.29430294729839,4623.031389433798
1543,-9.896853442815868,-35.859375,87.65072589642118,5.0
1544,-29.656013541178424,-51.328125,88.56266861437804,5.0
1545,-18.83940454727545,-47.46093750000006,96.49052221064731,5.0
1546,-24.296477994805656,-52.734375,88.03873447603365,5.0
1547,-20.105509787916006,-41.8359375,87.35906053285044,5.0
1548,-3.2843691083657944,-59.0625,87.63513112694253,709.3689838662685
1549,-21.381942579838892,-42.5390625,94.94578572100448,5.0
1550,-29.313198964168336,-50.2734375,90.12147620823285,5.0
1551,-21.06181760164931,-46.40625,90.21884444921707,5.0
1552,-24.62431835216408,-48.8671875,95.4348666332879,2615.781646744817
1553,-27.27961273597809,-49.5703125,96.0456328824126,5.0
1554,-8.98929934516282,-41.8359375,96.71891391671288,4457.361886517699
1555,-8.385538647081319,-41.8359375,87.25138030090761,5.0
1556,-21.06181760164931,-41.48437500000006,87.85877088854868,5.0
1557,-16.334822780685997,-48.1640625,92.37674761439604,7164.312972867655
1558,-25.61308321640182,-49.92187500000006,92.73789824738876,4653.88751655805
1559,-27.6158819838447,-48.515625,89.38485892362826,5.0
1560,-14.477512185929939,-41.1328125,87.34863559976546,5.0
1561,-9.291553238770263,-36.5625,93.76914867498016,2729.546341700839
1562,-23.969482317759685,-51.67968750000006,91.75940633323466,5.0
1563,-10.806922874860348,-40.4296875,87.23960036874414,5.0
1564,-24.953020787727496,-53.43750000000006,87.75018907623445,14598.933915314572
1565,-16.646039912392965,-47.109375,87.35835606011162,5.0
1566,-22.02431283704216,-46.7578125,87.57939606096168,5.0
1567,-5.379378991112077,-49.5703125,86.67793127601462,5.0
1568,-21.381942579838892,-46.7578125,87.66436864840266,5.0
1569,-17.582776008425412,-43.2421875,87.95113971691069,5.0
1570,-20.74237995448715,-43.94531250000006,89.70881204229055,5.0
1571,-7.180755781458288,-36.9140625,90.40974121336413,5.0
1572,-23.31795706533424,-51.67968750000006,94.77022427310769,5.0
1573,-26.61009781073392,-50.9765625,87.41444154336992,5.0
1574,-8.385538647081319,-35.5078125,87.28603380939464,5.0
1575,-5.379378991112077,-48.8671875,95.13268298268582,29389.986601796874
1576,-2.0893716714986112,-48.515625,87.33488036526698,5.0
1577,-21.702769403954832,-48.515625,97.41224583499572,131188.0541733484
1578,-21.06181760164931,-42.890625,94.93024606640301,5.0
1579,-20.105509787916006,-43.94531250000006,87.80030075257253,2713.1631982489403
1580,-8.98929934516282,-35.5078125,97.47434503976885,5.0
1581,-16.024100308155866,-50.625,87.25479735128368,5.0
1582,-21.06181760164931,-52.03125,87.5328744290151,7938.892402880456
1583,-19.155010073563744,-44.296875,90.03192520918942,4621.042010489865
1584,-30.34518296958825,-50.625,87.59633549843501,5.0
1585,-6.279288322550272,-35.859375,96.95079807210956,494.6886752801622
1586,-22.346587898361136,-42.18750000000006,87.21187272201571,5.0
1587,-16.334822780685997,-50.2734375,87.94149123250733,4581.970873751668
1588,-16.957763300004146,-51.67968750000006,88.9441516539836,5.0
1589,-22.993394314297802,-54.84375,90.24880751914095,5.0
1590,-22.346587898361136,-43.59375,87.4687935938008,5.0
1591,-30.69158768492234,-51.67968750000006,87.6160189963448,5.0
1592,-6.279288322550272,-40.07812500000006,94.95950737365207,14459.367452091123
1593,-5.6791898455823855,-46.40625,87.38669976230696,5.0
1594,-22.993394314297802,-48.515625,94.5288315850138,5.0
1595,-20.74237995448715,-49.5703125,88.21623553631373,5.0
1596,-10.806922874860348,-45.3515625,92.84859222305589,5.0
1597,-4.480798785982216,-49.21875000000006,91.58522687021708,5.0
1598,-4.780191847199163,-70.6640625,87.40369179477989,5.0
1599,-27.6158819838447,-52.03125,88.34397180056705,29829.03026420152
1600,-7.782714385390946,-38.32031250000006,95.45269334534423,5.0
1601,-12.941631985423356,-38.671875,87.70734157868037,5.0
1602,-8.98929934516282,-48.8671875,97.33608886799387,2570.2640762048413
1603,-14.785930226053424,-59.765625,87.73451382562014,5.0
1604,-4.181528273111482,-46.05468750000006,87.31618699462211,29664.03018029737
1605,-19.788049410669586,-45.0,87.6496391214923,2554.3677542957635
1606,-4.181528273111482,-63.6328125,97.19729471295953,5.0
1607,-23.969482317759685,-46.7578125,87.55539093463365,5.0
1608,-9.291553238770263,-48.515625,95.46010754820219,310.3275542069732
1609,-20.105509787916006,-44.6484375,95.72802044658003,5.0
1610,-27.27961273597809,-53.0859375,87.59657838049685,9370.582284403336
1611,-21.702769403954832,-45.70312500000006,87.235709362097,5.0
1612,-20.105509787916006,-48.1640625,91.89230300077699,5.0
1613,-12.941631985423356,-38.671875,87.54429355299843,5.0
1614,-13.248014905676953,-39.0234375,93.35841216416718,5.0
1615,-22.02431283704216,-46.7578125,87.72158903878204,5.0
1616,-31.03924001039789,-51.328125,87.77919731698674,5798.881970727645
1617,-22.02431283704216,-50.9765625,93.2150031782337,5.0
1618,-20.423615363810953,-49.21875000000006,87.64007915589647,5.0
1619,-22.993394314297802,-46.40625,87.7222278215166,5.0
1620,-18.209956864283015,-48.1640625,87.63173388104079,4556.776057580416
1621,-3.882372003029573,-49.92187500000006,87.61976936752016,5.0
1622,-20.423615363810953,-45.0,87.83419358685605,5991.498047589144
1623,-29.656013541178424,-52.03125,94.06318863549212,5.0
1624,-7.481631264246957,-41.48437500000006,87.61223614122301,24491.644665631822
1625,-22.346587898361136,-45.70312500000006,87.83190631626687,438.95000798362435
1626,-8.084013907099305,-40.07812500000006,90.54242703976026,5.0
1627,-20.105509787916006,-45.3515625,87.48741402074559,5.0
1628,-5.379378991112077,-45.3515625,87.49834215198722,5.0
1629,-17.582776008425412,-48.8671875,97.02679612060568,5.0
1630,-23.64331425576559,-51.328125,91.86122466663636,5.0
1631,-14.169522214770055,-41.48437500000006,88.51996128917258,5.0
1632,-22.02431283704216,-48.1640625,90.17391897372238,5.0
1633,-23.969482317759685,-46.7578125,86.81065267770083,29867.22871494833
1634,-28.630989836924357,-51.67968750000006,89.67155762709322,5.0
1635,-9.291553238770263,-46.40625,87.81197096974687,8446.860758987508
1636,-16.024100308155866,-43.59375,87.86551822103014,5.0
1637,-6.880079227870652,-39.375,87.60906656258021,5.0
1638,-31.03924001039789,-55.54687500000006,87.2332978438109,5.0
1639,-28.630989836924357,-51.67968750000006,87.38453189549394,5.0
1640,-20.105509787916006,-44.6484375,97.18836678663419,49382.99992828612
1641,-25.61308321640182,-49.21875000000006,87.67568388474149,5.0
1642,-19.788049410669586,-44.296875,87.75407361749228,7949.043959003315
1643,-21.381942579838892,-47.46093750000006,87.08761442216283,18074.759654531135
1644,-4.780191847199163,-41.1328125,86.90845488533668,5.0
1645,-23.64331425576559,-52.03125,91.68094252307083,29549.755866317122
1646,-6.279288322550272,-42.18750000000006,87.85061694477707,5.0
1647,-24.953020787727496,-48.515625,87.81088552038271,39935.23134620461
1648,-23.969482317759685,-50.2734375,87.45183810872251,500.4536220725952
1649,-22.669609871750396,-46.7578125,92.48169068850095,5.0
1650,-2.9855060057465437,-60.1171875,87.35059487543263,14625.270086355567
1651,-12.024699180565818,-46.05468750000006,87.37992926497331,5.0
1652,-10.199918091116302,-39.72656250000006,87.74600126720986,5.0
1653,-14.785930226053424,-40.78125,87.51018107627932,5.0
1654,-4.780191847199163,-43.94531250000006,87.4577033885147,5.0
1655,-28.971532223711293,-52.03125,90.13679806926689,5.0
1656,-20.423615363810953,-51.328125,90.22254337899078,4434.799449791898
1657,-12.32998415024295,-63.984375,94.4686137762423,5.0
1658,-16.024100308155866,-47.81250000000006,87.68786342429027,5.0
1659,-17.27000469497446,-40.07812500000006,87.22195676827725,5.0
1660,-21.06181760164931,-47.109375,87.49312854391086,5.0
1661,-19.788049410669586,-47.81250000000006,97.46114498545673,2179.7450120464646
1662,-28.291548862929403,-49.21875000000006,89.11136169703765,2837.0754779321137
1663,-19.155010073563744,-43.59375,91.4815788165305,29803.944268659
1664,-30.69158768492234,-50.9765625,86.26548326295205,5.0
1665,-25.944479772370016,-49.5703125,87.82372851024509,5.0
1666,-8.084013907099305,-35.15625,86.90801038059924,18188.731687820513
1667,-28.630989836924357,-49.5703125,88.35263252259229,2730.3185977760845
1668,-5.979156796301311,-39.72656250000006,96.74535303769059,5.0
1669,-24.62431835216408,-50.9765625,97.35313343532225,393.97993060990785
1670,-15.713861048008212,-48.1640625,87.85394000281043,19182.111970498416
1671,-27.27961273597809,-53.78906250000006,87.74261148492644,643.724413561851
1672,-26.944358180475746,-53.43750000000006,97.13497206553386,5.0
1673,-24.296477994805656,-52.734375,90.60774584581256,653.1778683752705
1674,-23.969482317759685,-46.7578125,87.21089012794891,5.0
1675,-12.024699180565818,-39.0234375,87.75277903928998,5.0
1676,-4.480798785982216,-44.296875,87.44794521145604,5.0
1677,-16.334822780685997,-50.9765625,87.7582932134785,5.0
1678,-7.481631264246957,-49.92187500000006,87.73890823459473,5.0
1679,-22.346587898361136,-42.18750000000006,88.67370780843508,5.0
1680,-14.169522214770055,-49.92187500000006,87.6054794386212,5.0
1681,-30.000000000000014,-50.9765625,87.34523294761078,2853.0825286645313
1682,-21.702769403954832,-49.92187500000006,87.804144056659,59579.86150502391
1683,-24.953020787727496,-53.43750000000006,94.614262316551,5.0
1684,-6.279288322550272,-37.265625,90.41754522952073,5.0
1685,-26.61009781073392,-52.3828125,87.58060038711808,29657.074070211
1686,-28.630989836924357,-53.78906250000006,97.04646525276115,5.0
1687,-18.83940454727545,-41.1328125,96.51392026866654,722.0079436543455
1688,-21.06181760164931,-43.59375,87.40617515955167,2637.7576359250443
1689,-23.64331425576559,-47.109375,86.93035779329142,5.0
1690,-7.481631264246957,-44.296875,92.40101863478833,4637.884490448429
1691,-19.47122063449069,-50.2734375,94.54784935988789,4016.2183146613233
1692,-16.024100308155866,-44.296875,97.34796360478464,5.0
1693,-6.579592944977634,-36.21093750000006,95.94236162607234,5.0
1694,-15.094787099543197,-41.1328125,89.22922128073662,5.0
1695,-4.181528273111482,-55.1953125,87.83974428819295,5.0
1696,-2.0893716714986112,-45.70312500000006,86.79339882184559,5.0
1697,-6.279288322550272,-35.859375,87.45661301085308,5.0
1698,-29.656013541178424,-50.625,87.74451763321824,5.0
1699,-20.105509787916006,-42.5390625,89.88656875063893,14676.103200685626
1700,-30.000000000000014,-57.3046875,88.10413561748209,5.0
1701,-16.957763300004146,-49.5703125,92.43719267422378,5.0
1702,-12.635625093021133,-60.1171875,87.5013760521889,5.0
1703,-19.47122063449069,-44.6484375,88.26389167673061,5.0
1704,-16.957763300004146,-39.72656250000006,87.24231297729062,5.0
1705,-5.6791898455823855,-42.890625,87.68239751451536,5.0
1706,-21.702769403954832,-49.92187500000006,92.59552905359689,5.0
1707,-8.385538647081319,-36.21093750000006,91.0562186823029,4354.14626593363
1708,-21.381942579838892,-48.1640625,97.56030910247196,94866.37662343367
1709,-21.702769403954832,-45.70312500000006,87.49884009614134,5.0
1710,-6.880079227870652,-40.07812500000006,87.79666770325075,5.0
1711,-3.882372003029573,-45.0,87.56865277452978,5.0
1712,-23.969482317759685,-51.67968750000006,87.71881523871485,824.1914635117499
1713,-17.896089316234637,-42.18750000000006,95.2397016832167,5.0
1714,-3.882372003029573,-64.6875,90.84792913676206,14604.359078606522
1715,-31.388166464348544,-52.3828125,95.75774136359452,5.0
1716,-3.583321698471977,-39.0234375,87.39828355336657,5.0
1717,-22.346587898361136,-42.18750000000006,95.56416062349588,5.0
1718,-30.34518296958825,-51.328125,87.17105053621466,39820.232275453935
1719,-9.291553238770263,-35.859375,95.91147724669841,2817.8708857303977
1720,-6.579592944977634,-38.32031250000006,87.5680354371144,5.0
1721,-5.979156796301311,-35.5078125,87.5484511884077,5.0
1722,-12.024699180565818,-45.3515625,87.81545854706872,5.0
1723,-5.379378991112077,-37.6171875,97.0946352399544,5.0
1724,-22.346587898361136,-44.296875,87.02930750139517,461.7659546246846
1725,-3.882372003029573,-44.296875,87.599342333836,4402.04614035041
1726,-19.47122063449069,-42.5390625,95.23222551610772,2530.1926050933816
1727,-31.738394244764436,-52.734375,87.6585886210642,59625.7546748531
1728,-24.62431835216408,-54.4921875,87.39239696726717,5.0
1729,-21.381942579838892,-50.2734375,87.69744267562382,7951.930683890612
1730,-12.32998415024295,-58.359375,87.64439068959693,2690.7532817591405
1731,-21.381942579838892,-46.7578125,96.60063731118986,5.0
1732,-19.788049410669586,-40.78125,92.84326579307638,2542.8428564431692
1733,-16.646039912392965,-42.890625,87.80603151408332,5.0
1734,-6.279288322550272,-37.96875000000006,97.53912719280558,2794.118229314506
1735,-27.27961273597809,-48.8671875,87.7521733121396,5.0
1736,-17.582776008425412,-49.5703125,87.153015241979,5.0
1737,-7.782714385390946,-36.9140625,87.47772727731855,5.0
1738,-15.094787099543197,-40.4296875,87.7126874371498,5.0
1739,-16.334822780685997,-40.4296875,87.33527216695663,5.0
1740,-25.282603043311994,-54.4921875,97.15872564671297,5.0
1741,-22.993394314297802,-44.296875,92.94667627000351,5.0
1742,-23.64331425576559,-47.109375,87.48585626551298,5.0
1743,-1.1937484371410818,-46.7578125,88.94223734853679,8344.933844425987
1744,-16.646039912392965,-51.328125,91.79789134007983,28236.93886871483
1745,-18.83940454727545,-49.5703125,97.10012367616034,5.0
1746,-1.7907846593289634,-47.46093750000006,95.73762361989527,2632.4086610421145
1747,-10.199918091116302,-56.6015625,87.81965446241617,5.0
1748,-23.64331425576559,-49.21875000000006,93.12185734933637,2597.266174763422
1749,-6.279288322550272,-35.15625,88.20564147453655,5.0
1750,-20.105509787916006,-46.05468750000006,88.00978646979368,5.0
1751,-8.385538647081319,-36.21093750000006,87.27827391758349,5.0
1752,-1.492246289620354,-49.21875000000006,87.2936801005642,5.0
1753,-9.594068226860458,-59.41406250000006,87.83904300963943,1263.1343555865424
1754,-30.000000000000014,-50.9765625,87.48663273887577,4464.520306315842
1755,-23.969482317759685,-46.7578125,86.71290070099602,5.0
1756,-29.656013541178424,-52.03125,91.84010655180214,5.0
1757,-18.83940454727545,-40.4296875,86.84835906567874,4570.685353391953
1758,-5.6791898455823855,-37.265625,89.08091910902839,2731.860966885999
1759,-20.105509787916006,-43.2421875,87.85210289109662,5.0
1760,-17.896089316234637,-53.43750000000006,97.35682097461965,5.0
1761,-25.944479772370016,-53.0859375,87.77777291997836,5.0
1762,-5.379378991112077,-43.2421875,87.20913553544668,5.0
1763,-18.83940454727545,-40.4296875,87.9887107017764,5.0
1764,-6.880079227870652,-47.109375,94.89330610731315,5.0
1765,-12.941631985423356,-38.671875,97.61816854702785,14551.13514229733
1766,-23.31795706533424,-51.67968750000006,87.70494452228849,84.93240449384122
1767,-18.524391073865786,-45.0,87.55617220546124,59489.31057309866
1768,-15.713861048008212,-56.6015625,96.36380940896545,2692.5276941442376
1769,-16.024100308155866,-48.515625,87.38169675793124,29745.243450768314
1770,-17.896089316234637,-42.890625,89.60422973243512,5.0
1771,-23.969482317759685,-48.8671875,87.67164818838789,2712.88291456887
1772,-27.6158819838447,-53.43750000000006,86.95005337201239,5.0
1773,-29.656013541178424,-53.43750000000006,87.59266042106886,5.0
1774,-23.969482317759685,-47.46093750000006,87.48172114848421,5.0
1775,-12.635625093021133,-39.0234375,90.89057782978877,5.0
1776,-22.346587898361136,-47.109375,97.17014895591724,4645.671331650324
1777,-16.957763300004146,-43.2421875,87.48553178478278,4590.813599385855
1778,-9.896853442815868,-38.671875,94.13209306669731,5.0
1779,-25.61308321640182,-49.21875000000006,87.11896620572085,5.0
1780,-2.9855060057465437,-46.05468750000006,87.85065256260272,5.0
1781,-27.95318688338115,-54.4921875,87.21852958997324,5.0
1782,-18.209956864283015,-53.78906250000006,97.03257469479685,4440.958460371631
1783,-21.702769403954832,-53.43750000000006,92.93620549839206,5.0
1784,-22.02431283704216,-54.4921875,90.32689191395954,29764.85789664586
1785,-27.6158819838447,-50.625,94.45271414990283,5.0
1786,-21.702769403954832,-56.25,90.17092438779527,5.0
1787,-21.381942579838892,-51.67968750000006,97.35803014156802,5.0
1788,-3.882372003029573,-38.671875,91.59461561906794,5.0
1789,-19.788049410669586,-45.0,96.85042436773405,5.0
1790,-6.880079227870652,-44.296875,87.82227675399953,4459.551359953797
1791,-23.31795706533424,-51.67968750000006,87.28141371261283,2668.827546940632
1792,-19.47122063449069,-40.4296875,87.83720993703436,5.0
1793,-22.346587898361136,-51.328125,87.29467399866482,5.0
1794,-3.2843691083657944,-64.6875,88.99460985485096,5.0
1795,-4.480798785982216,-38.671875,87.77544749461697,5.0
1796,-22.669609871750396,-42.5390625,89.78416561470353,5.0
1797,-4.181528273111482,-42.5390625,86.5828817894221,5.0
1798,-4.181528273111482,-43.94531250000006,87.3865614905842,4517.087050871419
1799,-1.492246289620354,-49.21875000000006,87.78739499801434,753.4682283114665
1800,-29.656013541178424,-52.03125,97.18611869300886,29775.535423321035
1801,-23.31795706533424,-51.67968750000006,87.64176326708396,353.662996032941
1802,-14.477512185929939,-41.1328125,87.69687195143491,29716.524802659293
1803,-11.719760305788782,-43.59375,91.61438340429005,5.0
1804,-14.477512185929939,-50.2734375,89.31125172226922,5.0
1805,-23.969482317759685,-53.78906250000006,87.52727796653187,49596.89870064129
1806,-22.02431283704216,-51.67968750000006,87.6785456941983,5.0
1807,-7.481631264246957,-35.859375,87.41746566316831,5.0
1808,-7.481631264246957,-48.515625,97.33078156539116,1362.2097539159186
1809,-5.379378991112077,-43.2421875,87.29975935393585,14610.160864112817
1810,-22.02431283704216,-51.67968750000006,87.62584800677503,2822.54947357703
1811,-23.64331425576559,-47.109375,86.76971274362968,5.0
1812,-10.503271450113203,-63.28125000000006,87.42298112073696,5.0
1813,-1.7907846593289634,-45.3515625,93.28827005736905,59660.62775258499
1814,-4.480798785982216,-42.890625,87.39512561355104,5.0
1815,-30.000000000000014,-54.4921875,87.23139095371097,5.0
1816,-11.719760305788782,-54.84375,87.76457814245362,5.0
1817,-23.64331425576559,-47.109375,86.58196199285824,5.0
1818,-21.381942579838892,-46.7578125,87.23774874290261,5.0
1819,-15.713861048008212,-48.1640625,94.03286248667516,5.0
1820,-8.084013907099305,-36.5625,93.04398304100863,5.0
1821,-5.979156796301311,-35.5078125,96.59314075854861,5.0
1822,-21.381942579838892,-50.2734375,95.19156574995847,5.0
1823,-23.969482317759685,-53.78906250000006,90.82450932304752,5.0
1824,-21.702769403954832,-48.515625,87.08315503083146,4462.565426323396
1825,-20.105509787916006,-50.2734375,93.35626723116604,5.0
1826,-3.2843691083657944,-61.171875,95.00639208637516,5.0
1827,-30.000000000000014,-53.0859375,93.81208558465615,29730.015716306112
1828,-23.969482317759685,-46.7578125,87.81057870145044,5.0
1829,-11.4151577427305,-37.6171875,87.43801774977449,5.0
1830,-30.34518296958825,-53.43750000000006,95.00175979038859,5.0
1831,-21.06181760164931,-46.40625,91.97141287700309,2639.3970167122793
1832,-20.74237995448715,-46.7578125,97.46818997021977,14569.1063320461
1833,-23.31795706533424,-46.7578125,87.3336362965401,14717.811922695479
1834,-24.296477994805656,-48.515625,87.42823349017104,2736.346047921389
1835,-21.702769403954832,-42.18750000000006,87.40948704960552,5.0
1836,-6.279288322550272,-40.78125,93.63343923474477,5.0
1837,-13.554784037179004,-40.78125,87.3758363696695,5.0
1838,-28.630989836924357,-49.5703125,87.2132702678791,5.0
1839,-8.687297481032445,-35.15625,97.63412391288942,613.8158428111456
1840,-15.40409369872549,-49.21875000000006,86.75762455674162,5.0
1841,-16.957763300004146,-49.5703125,94.74339771002883,5.0
1842,-16.957763300004146,-39.72656250000006,87.61710109971425,4471.65526418041
1843,-21.381942579838892,-53.0859375,94.90660828325981,5.0
1844,-29.313198964168336,-55.8984375,88.04954723099581,5.0
1845,-9.594068226860458,-63.6328125,96.23681813841077,5.0
1846,-5.979156796301311,-35.5078125,96.89189272401073,5.0
1847,-7.782714385390946,-35.5078125,86.57165678522315,5.0
1848,-27.27961273597809,-48.8671875,87.22510282317698,5.0
1849,-21.702769403954832,-47.109375,87.46161823622195,5.0
1850,-11.4151577427305,-62.2265625,90.51043258855245,2682.6756679657447
1851,-24.62431835216408,-52.3828125,95.90331163957144,14714.619821024293
1852,-26.61009781073392,-53.78906250000006,87.74495998396904,5.0
1853,-25.944479772370016,-51.67968750000006,89.39132757447362,5.0
1854,-28.291548862929403,-49.21875000000006,87.37798939363103,498.1315889302806
1855,-9.896853442815868,-49.21875000000006,93.9641508014156,29759.80430927352
1856,-23.64331425576559,-52.03125,97.34296260108376,5.0
1857,-17.896089316234637,-41.48437500000006,87.48627770586933,5.0
1858,-25.61308321640182,-49.21875000000006,87.79212069432559,2824.3381269260303
1859,-22.993394314297802,-47.109375,87.23957378839984,5.0
1860,-23.969482317759685,-53.0859375,88.1432371292123,5.0
1861,-21.702769403954832,-42.18750000000006,87.80287866042366,5.0
1862,-7.481631264246957,-39.375,87.31841882409988,5.0
1863,-20.105509787916006,-43.94531250000006,87.72079324554703,5.0
1864,-30.34518296958825,-51.328125,87.57483682241032,5.0
1865,-28.971532223711293,-52.03125,87.82862944830572,8233.692332932349
1866,-3.2843691083657944,-60.46875,88.78253488529549,5.0
1867,-7.180755781458288,-38.32031250000006,86.56452754918618,5.0
1868,-6.279288322550272,-37.265625,92.82373072128364,5.0
1869,-22.993394314297802,-47.81250000000006,91.56934404411591,7724.106649129671
1870,-24.62431835216408,-50.9765625,87.6183442592944,5.0
1871,-8.385538647081319,-38.32031250000006,87.09028989350475,5.0
1872,-19.47122063449069,-45.3515625,92.69593443820914,5.0
1873,-25.61308321640182,-49.21875000000006,97.22966885256571,2721.162578140218
1874,-22.993394314297802,-44.296875,87.44781891089697,5.0
1875,-20.105509787916006,-43.94531250000006,87.56053335607108,5.0
1876,-20.74237995448715,-41.8359375,87.37165294949192,5.0
1877,-19.47122063449069,-43.2421875,88.51249514956413,4576.9689030790105
1878,-11.719760305788782,-40.78125,87.33248552991641,5.0
1879,-20.423615363810953,-44.296875,87.60469998785447,730.9872045805661
1880,-22.346587898361136,-46.40625,91.14082189920946,14519.448093379364
1881,-26.944358180475746,-49.21875000000006,88.1635537029723,14570.056367925654
1882,-21.702769403954832,-56.953125,87.64562103042512,5.0
1883,-23.64331425576559,-48.515625,87.69129872433572,39629.26829971295
1884,-7.180755781458288,-50.2734375,88.2049388010267,5.0
1885,-18.209956864283015,-53.78906250000006,83.77600658914437,5.0
1886,-1.1937484371410818,-52.3828125,87.22929068510895,14506.108765618299
1887,-9.594068226860458,-36.21093750000006,95.7282048391225,5.0
1888,-22.993394314297802,-47.81250000000006,87.22843778066522,5.0
1889,-30.69158768492234,-51.67968750000006,91.40301853974738,5.0
1890,-5.379378991112077,-42.5390625,96.72555134111114,5.0
1891,-16.334822780685997,-56.6015625,87.48909603469093,5.0
1892,-23.969482317759685,-46.7578125,87.62402919174394,1858.7035643787751
1893,-8.084013907099305,-37.265625,88.34622619682438,14496.551143135017
1894,-20.423615363810953,-50.625,95.73946154506264,5.0
1895,-22.993394314297802,-44.296875,97.10596558851975,5.0
1896,-21.381942579838892,-49.5703125,92.34800964684685,29575.59390593038
1897,-7.782714385390946,-46.05468750000006,87.24025468818166,5.0
1898,-14.785930226053424,-57.65625000000006,90.50677835062,5.0
1899,-23.969482317759685,-49.5703125,87.67785259548789,5.0
1900,-20.423615363810953,-51.328125,87.7595054590085,5.0
1901,0.2984168674869352,-51.328125,87.04548042769163,5.0
1902,-23.64331425576559,-48.515625,87.38145342449934,5.0
1903,-2.9855060057465437,-60.1171875,93.57548998493994,5.0
1904,-23.31795706533424,-47.46093750000006,87.73687122969334,5.0
1905,-8.084013907099305,-37.96875000000006,87.53097696948893,5.0
1906,-29.656013541178424,-52.03125,87.6423176036319,4337.835769587524
1907,-15.094787099543197,-40.4296875,95.18927386362171,2666.7539561592603
1908,-12.941631985423356,-38.671875,92.57108234275412,5.0
1909,-6.579592944977634,-35.5078125,87.49130210368155,5.0
1910,-12.32998415024295,-63.28125000000006,87.28200508340572,49453.86829985971
1911,-26.944358180475746,-49.21875000000006,87.46383471398016,5.0
1912,-31.738394244764436,-53.43750000000006,96.74496389892862,9498.437801480317
1913,-15.094787099543197,-39.0234375,88.65646789399919,5.0
1914,-17.582776008425412,-50.2734375,87.84437852626017,29842.18374616533
1915,-22.993394314297802,-50.625,89.11554866974205,5.0
1916,-27.27961273597809,-48.8671875,87.61799529862061,5.0
1917,-20.74237995448715,-41.1328125,94.01945499230989,565.1150722638024
1918,-16.024100308155866,-49.92187500000006,87.83059701139591,5.0
1919,-16.334822780685997,-44.6484375,87.28098581310726,5.0
1920,-22.346587898361136,-42.18750000000006,87.29763782941492,5.0
1921,0.5968418305070173,-60.8203125,87.84894661201609,2527.287882304115
1922,-21.381942579838892,-48.1640625,97.0562275470008,5.0
1923,-14.785930226053424,-56.953125,87.54002121591571,5.0
1924,-23.969482317759685,-46.7578125,95.48863704132017,5.0
1925,-5.079715792733481,-42.890625,92.88874159720797,5.0
1926,-20.74237995448715,-43.2421875,87.45817583607324,5.0
1927,-18.83940454727545,-49.5703125,86.89395653457477,5.0
1928,-21.702769403954832,-48.515625,87.26084120099136,5.0
1929,-3.882372003029573,-40.07812500000006,92.01183862842153,5.0
1930,-20.74237995448715,-48.8671875,87.39309029141023,5.0
1931,-20.423615363810953,-45.70312500000006,87.62508299843743,5.0
1932,-20.423615363810953,-45.70312500000006,87.80141279588979,5.0
1933,-21.06181760164931,-45.0,91.91994724193856,5.0
1934,-22.02431283704216,-41.8359375,87.27623151020867,48759.6589040793
1935,-24.296477994805656,-53.43750000000006,87.67252962088934,5.0
1936,-10.503271450113203,-37.96875000000006,87.77893526815866,585.3530266407317
1937,-24.953020787727496,-49.92187500000006,87.85431095683967,5.0
1938,-19.155010073563744,-42.18750000000006,94.31025788556364,5.0
1939,-4.181528273111482,-39.0234375,87.35524769766717,5.0
1940,-3.882372003029573,-61.875,94.03817490271156,5.0
1941,-13.248014905676953,-39.0234375,91.04438029635287,35771.15509977181
1942,-23.969482317759685,-48.8671875,88.07548574894946,29797.47582461157
1943,-22.669609871750396,-46.7578125,91.20817100050098,2749.8570497909627
1944,-23.969482317759685,-46.7578125,87.68016982580261,5.0
1945,-19.788049410669586,-45.70312500000006,87.3102546592746,5.0
1946,-17.27000469497446,-52.03125,90.44375903053734,5.0
1947,-6.579592944977634,-35.5078125,87.83247086331411,29838.59129298085
1948,-13.248014905676953,-52.3828125,90.0491275861521,5.0
1949,-16.957763300004146,-49.5703125,87.58010141034482,5.0
1950,-4.780191847199163,-42.5390625,96.36957356476017,5.0
1951,-8.687297481032445,-42.18750000000006,88.83573184288271,5.0
1952,-21.06181760164931,-48.515625,87.23860901604127,29803.922700963558
1953,-23.31795706533424,-53.0859375,87.73125417561084,5.0
1954,-32.089951256280315,-53.0859375,92.72588778027236,5.0
1955,-28.971532223711293,-56.25,93.67905118953719,5.0
1956,-21.702769403954832,-48.515625,87.79181123922733,4473.883852681124
1957,-16.646039912392965,-49.21875000000006,96.06496850666159,5.0
1958,-21.381942579838892,-41.1328125,87.4850197412217,4454.105604023888
1959,-23.969482317759685,-47.46093750000006,87.67825138139712,5.0
1960,-5.979156796301311,-37.6171875,96.1610667662564,14406.738443322853
1961,-16.334822780685997,-48.1640625,96.1026441288174,2475.6934931235323
1962,-25.61308321640182,-49.92187500000006,90.88200346448393,5.0
1963,-15.713861048008212,-48.1640625,95.27984472830943,5.0
1964,-20.423615363810953,-41.48437500000006,87.2431660766868,5.0
1965,-20.74237995448715,-43.2421875,95.39875501517379,5.0
1966,-7.481631264246957,-35.859375,87.55660639663111,4623.9474292097675
1967,-15.094787099543197,-57.3046875,87.3642425139539,5.0
1968,-13.554784037179004,-57.65625000000006,87.44676202689539,5.0
1969,-2.0893716714986112,-45.0,87.68821484626116,5.0
1970,-2.0893716714986112,-48.515625,87.4627447653517,5.0
1971,-25.282603043311994,-50.2734375,87.55653566295622,6608.717791487541
1972,-10.806922874860348,-51.67968750000006,87.3056322771372,5.0
1973,-19.788049410669586,-45.70312500000006,87.52356099236668,35808.93743999317
1974,-11.719760305788782,-39.375,88.41598089158086,29824.375870230255
1975,-28.971532223711293,-49.92187500000006,87.72050595372441,5.0
1976,-10.199918091116302,-60.1171875,87.59189020914263,5.0
1977,-16.957763300004146,-50.2734375,92.51749117856548,4647.489783032354
1978,-26.944358180475746,-49.92187500000006,96.03407199968356,5.0
1979,-25.61308321640182,-49.21875000000006,92.73500242564512,5.0
1980,-7.481631264246957,-35.15625,87.57199243030462,5.0
1981,-23.969482317759685,-46.05468750000006,92.47519794547398,5.0
1982,-17.896089316234637,-46.40625,87.32861737266975,2839.3244691828563
1983,-18.83940454727545,-48.8671875,87.299331612264,5.0
1984,-6.279288322550272,-36.5625,87.59041427495157,5.0
1985,-4.480798785982216,-45.0,94.03483929665315,16349.096769265627
1986,-22.993394314297802,-47.81250000000006,87.45619634670743,2620.324290915712
1987,-19.155010073563744,-44.296875,87.20866502681824,5.0
1988,-16.957763300004146,-43.94531250000006,87.30121288590992,2702.423519151116
1989,-22.993394314297802,-47.109375,95.27518714275452,5.0
1990,-23.64331425576559,-47.109375,89.96551443010502,2653.5827550154695
1991,-6.880079227870652,-35.859375,87.46546100642979,5.0
1992,-21.06181760164931,-41.48437500000006,88.06355734381481,5.0
1993,-6.279288322550272,-35.859375,87.83640134933381,2321.4935784356217
1994,-23.64331425576559,-54.140625,90.28929962947524,5.0
1995,-21.702769403954832,-42.18750000000006,87.43840401736581,49653.2695286991
1996,-29.656013541178424,-52.03125,95.38705089789183,5.0
1997,-4.181528273111482,-49.5703125,87.54139537171946,16127.24913853918
1998,-3.583321698471977,-40.4296875,91.07277892884846,29580.71753774192
1999,-11.110881800003284,-43.59375,86.65478507246755,5.0
2000,-10.199918091116302,-48.1640625,87.6269570558535,2834.5692866183504
2001,-9.594068226860458,-36.21093750000006,87.59863776614336,5.0
2002,-27.95318688338115,-51.67968750000006,87.85790352654648,14739.889633955094
2003,-9.594068226860458,-35.5078125,87.22148517571249,5.0
2004,-10.806922874860348,-62.2265625,93.56455789594483,2589.1718698792583
2005,-23.64331425576559,-49.92187500000006,87.4175751733953,5.0
2006,-17.582776008425412,-49.5703125,90.68542537404069,5.0
2007,-23.969482317759685,-53.0859375,93.91880762460146,5.0
2008,-3.882372003029573,-39.375,88.20008589204949,5.0
2009,-18.83940454727545,-41.1328125,92.38809630622504,2640.105787594959
2010,-2.6867241856916024,-44.296875,90.3853663924103,5.0
2011,-3.882372003029573,-44.296875,87.60380210884244,108.02804436984243
2012,-27.95318688338115,-51.67968750000006,94.06471568717495,5.0
2013,-6.579592944977634,-44.6484375,87.52156636137808,5.0
2014,-20.105509787916006,-48.1640625,88.39376465153954,5.0
2015,-16.334822780685997,-48.1640625,92.49530490252525,4343.142679856341
2016,-14.169522214770055,-42.18750000000006,87.63547256246738,59648.45665581436
2017,-27.6158819838447,-48.515625,87.53247134641414,5.0
2018,-2.0893716714986112,-55.54687500000006,87.74415431356552,5.0
2019,-22.02431283704216,-48.8671875,94.29999527682061,5.0
2020,-29.656013541178424,-50.625,96.99266734384062,5.0
2021,-20.423615363810953,-46.40625,87.86006524061837,5.0
2022,-28.971532223711293,-52.03125,90.3794730850834,2787.433371432353
2023,-3.583321698471977,-52.3828125,96.27782025717597,5.0
2024,-16.646039912392965,-49.92187500000006,87.25637927418873,2677.14132424471
2025,-10.199918091116302,-56.6015625,87.4369047592055,75.26387613427885
2026,-22.993394314297802,-46.40625,91.45916143855068,5.0
2027,-30.34518296958825,-51.328125,94.44882255544937,5.0
2028,-9.896853442815868,-35.859375,95.24126157169817,5.0
2029,-21.702769403954832,-43.59375,87.6843465281544,5.0
2030,-7.782714385390946,-34.8046875,87.24393212773333,9683.019647571617
2031,-20.423615363810953,-44.296875,87.71500058463909,5.0
2032,-18.209956864283015,-49.5703125,87.43508778259282,4491.698876622054
2033,-30.000000000000014,-51.67968750000006,87.51682796341777,5.0
2034,-21.06181760164931,-42.18750000000006,93.06069470455758,5.0
2035,-14.477512185929939,-50.2734375,87.22525817344474,5.0
2036,-5.979156796301311,-43.2421875,94.54710536850183,5.0
2037,-6.880079227870652,-41.48437500000006,87.70132934392143,5.0
2038,-8.687297481032445,-35.15625,89.10532597825265,5.0
2039,-9.896853442815868,-59.765625,87.24435437445749,5.0
2040,-25.944479772370016,-49.5703125,87.5792365774092,5.0
2041,-20.423615363810953,-45.70312500000006,87.2444201969042,5.0
2042,-19.788049410669586,-43.59375,97.28903865622125,5.0
2043,-5.979156796301311,-42.5390625,94.0234507339683,5.0
2044,-26.276811557199977,-49.21875000000006,87.74454197149672,21747.28710457697
2045,-22.993394314297802,-49.21875000000006,87.425445764517,5.0
2046,-4.181528273111482,-63.6328125,97.02718745524312,2650.862751554947
2047,-22.669609871750396,-46.7578125,87.58902119091032,5.0
2048,-20.105509787916006,-43.94531250000006,87.34079048313288,519.8739766172926
2049,-4.480798785982216,-42.890625,88.22679425771338,5.0
2050,-17.896089316234637,-46.40625,97.12338465978341,29743.97536341241
2051,-18.83940454727545,-46.05468750000006,80.52999728830466,5.0
2052,-7.180755781458288,-37.6171875,87.44507888396724,4436.126652310236
2053,-29.313198964168336,-52.3828125,97.0737294867834,5.0
2054,-25.944479772370016,-49.5703125,87.35444704689024,5.0
2055,-22.02431283704216,-46.7578125,87.27624804211771,5.0
2056,-18.209956864283015,-50.9765625,88.37248599894426,5.0
2057,-16.334822780685997,-46.05468750000006,95.33645408993189,5.0
2058,-21.702769403954832,-45.70312500000006,87.7681697296293,5.0
2059,-20.105509787916006,-43.94531250000006,97.59686677887481,5.0
2060,-3.882372003029573,-44.296875,90.7337800942699,49628.22878919289
2061,-19.47122063449069,-40.4296875,87.22329493001224,5.0
2062,-24.296477994805656,-52.734375,97.58071934797891,4342.912375396796
2063,-17.896089316234637,-42.890625,87.67459514142426,5.0
2064,-3.583321698471977,-53.0859375,87.5116988493554,5.0
2065,-23.969482317759685,-47.46093750000006,88.11715028339418,29534.36314329837
2066,-8.084013907099305,-39.375,87.5345532965441,14443.34298476366
2067,-10.199918091116302,-63.6328125,87.24003533256558,2778.038220831408
2068,-7.180755781458288,-38.32031250000006,76.40931245105241,5.0
2069,-13.248014905676953,-41.8359375,87.73095588887362,5.0
2070,-23.64331425576559,-51.328125,94.78487949236528,5.0
2071,-19.788049410669586,-44.296875,88.41663169904358,5.0
2072,-8.084013907099305,-36.5625,97.64015072426685,5.0
2073,-27.27961273597809,-53.78906250000006,87.5109473276813,4438.256929011388
2074,-27.27961273597809,-53.0859375,87.5023063606967,14508.578380747073
2075,-26.944358180475746,-51.328125,87.33912088874858,5.0
2076,-9.291553238770263,-35.859375,87.34495328585731,5.0
2077,-17.582776008425412,-44.6484375,87.5087030575452,4641.420387446131
2078,-30.34518296958825,-51.328125,93.642027334364,5.0
2079,-23.64331425576559,-46.40625,96.33981222918838,5.0
2080,-2.388015463268786,-55.1953125,97.41529505884945,5.0
2081,-3.882372003029573,-39.375,87.43719011939562,5.0
2082,-18.209956864283015,-49.5703125,95.7291903984755,59488.74124905872
2083,-27.95318688338115,-49.5703125,87.56692862567445,5.0
2084,-20.105509787916006,-44.6484375,87.27570334007785,5.0
2085,-19.155010073563744,-42.890625,95.49820131458826,5.0
2086,-5.6791898455823855,-42.890625,90.00024186563056,14606.065760267544
2087,-21.702769403954832,-42.18750000000006,87.34585543900316,5291.625804923517
2088,-24.953020787727496,-53.43750000000006,87.70425244768998,5.0
2089,-15.713861048008212,-48.1640625,87.511503037276,5.0
2090,-23.969482317759685,-53.78906250000006,92.26392586787304,5.0
2091,-29.656013541178424,-49.92187500000006,87.73613766945044,5.0
2092,-8.084013907099305,-37.96875000000006,97.54760471296457,5.0
2093,-19.788049410669586,-43.59375,87.11169225600031,5.0
2094,-11.4151577427305,-58.7109375,87.60310649916494,5.0
2095,-23.969482317759685,-46.7578125,87.77464594449377,5.0
2096,-20.74237995448715,-50.2734375,87.8033519883964,5.0
2097,-21.381942579838892,-41.8359375,87.55027384489878,4613.19707767388
2098,-23.969482317759685,-46.7578125,92.03450394912,5.0
2099,-16.024100308155866,-47.81250000000006,95.59156212433419,5.0
2100,-28.291548862929403,-52.03125,97.07626200399845,112825.46150931026
2101,-20.105509787916006,-48.1640625,93.96742077526503,5.0
2102,-6.880079227870652,-35.859375,95.11376279565597,503.17836839163226
2103,-22.346587898361136,-42.18750000000006,87.96500555229099,5.0
2104,-23.969482317759685,-46.7578125,94.5037374967982,5.0
2105,-12.635625093021133,-39.0234375,87.53346677420083,1720.5161955916744
2106,-26.276811557199977,-50.625,87.66186608311888,5.0
2107,-27.95318688338115,-51.67968750000006,87.5515949388595,4419.7639813895485
2108,-10.806922874860348,-36.9140625,87.75502561871541,5.0
2109,-30.34518296958825,-51.328125,87.50923439320057,5.0
2110,-6.579592944977634,-40.4296875,97.28966995817676,5.0
2111,-8.084013907099305,-38.671875,87.54609476791425,5.0
2112,-7.481631264246957,-35.859375,87.25570018199932,5.0
2113,-27.6158819838447,-52.03125,87.83537056204045,5.0
2114,-21.702769403954832,-43.59375,87.13954295779264,5.0
2115,-6.880079227870652,-40.07812500000006,87.27259744662214,5.0
2116,-17.27000469497446,-51.328125,87.41974987025176,2665.6658745673576
2117,-21.381942579838892,-50.2734375,87.75091969303494,5.0
2118,-4.480798785982216,-40.07812500000006,87.70887560705106,29714.968997212596
2119,-27.27961273597809,-50.9765625,93.8278411572668,5.0
2120,-24.296477994805656,-54.140625,92.34531907262884,5.0
2121,-19.47122063449069,-46.05468750000006,87.69950316854447,2783.301156528219
2122,-30.000000000000014,-55.1953125,87.57429544964836,5.0
2123,-16.646039912392965,-49.92187500000006,87.55099437153007,5.0
2124,-30.34518296958825,-51.328125,93.10305157220584,5.0
2125,-22.02431283704216,-46.7578125,87.08007370161981,5.0
2126,-21.381942579838892,-41.8359375,86.61570817273119,5.0
2127,-7.180755781458288,-37.6171875,93.71937307851954,124880.73583148427
2128,-27.27961273597809,-51.67968750000006,87.76821915386829,5.0
2129,-16.957763300004146,-54.4921875,87.3000929520073,13050.78176989261
2130,-7.180755781458288,-41.8359375,87.44161941976994,5.0
2131,-1.492246289620354,-48.515625,97.01832050647738,5.0
2132,-20.423615363810953,-47.109375,95.29017357619107,5.0
2133,-19.788049410669586,-40.78125,91.48286335430417,4498.233088611167
2134,-22.993394314297802,-52.734375,87.77508540707197,12097.48847985639
2135,-27.6158819838447,-54.140625,87.8265917537103,5.0
2136,-4.480798785982216,-49.21875000000006,97.41676207177552,5.0
2137,-22.993394314297802,-45.70312500000006,97.3284415198798,5.0
2138,-7.782714385390946,-63.6328125,87.41417945629578,5.0
2139,-26.276811557199977,-49.92187500000006,94.12275489291672,5.0
2140,-24.62431835216408,-48.8671875,87.3898090612577,4594.53763808347
2141,-20.105509787916006,-43.94531250000006,87.41183849850523,5.0
2142,-22.669609871750396,-45.3515625,90.66401624719713,2569.7477310541362
2143,-12.635625093021133,-39.72656250000006,87.67068382244922,5.0
2144,-18.524391073865786,-52.03125,97.00937530762852,5.0
2145,-24.953020787727496,-54.140625,87.24348576467897,5.0
2146,-17.896089316234637,-42.890625,87.81469749741314,597.9581480993775
2147,-14.785930226053424,-47.81250000000006,96.68456251498132,4592.819198127562
2148,-19.155010073563744,-47.109375,96.29879170121973,5.0
2149,-25.282603043311994,-53.78906250000006,87.33476734196108,5.0
2150,-13.554784037179004,-56.953125,87.6188192109187,5.0
2151,-7.481631264246957,-48.515625,89.69720001828384,5.0
2152,-22.669609871750396,-44.6484375,87.33864152770794,5.0
2153,-24.953020787727496,-48.515625,97.34943285989849,2644.579867006884
2154,-5.379378991112077,-38.32031250000006,96.58261428337148,5.0
2155,-9.291553238770263,-35.859375,87.34885575317713,4483.413671670657
2156,-6.579592944977634,-38.32031250000006,87.28694452161555,5.0
2157,-14.169522214770055,-40.07812500000006,87.23861712561411,176.05382476168933
2158,-17.582776008425412,-48.8671875,96.43922239355071,49525.64649600952
2159,-23.31795706533424,-46.7578125,87.3849166224416,5.0
2160,-21.702769403954832,-45.0,87.68593876544969,14564.486170548878
2161,-21.381942579838892,-48.1640625,87.72996629366551,5.0
2162,-14.477512185929939,-42.5390625,89.19085658740914,5.0
2163,-25.61308321640182,-49.21875000000006,87.22013200506468,4571.740376466034
2164,-18.524391073865786,-51.328125,87.42971254752038,14618.613704029705
2165,-30.34518296958825,-54.84375,97.00887171392432,5.0
2166,-21.381942579838892,-41.8359375,96.41128929433695,5.0
2167,-6.279288322550272,-47.109375,93.31170844880057,580.4201149235585
2168,-22.02431283704216,-41.8359375,86.69354966885587,4445.798772178223
2169,-12.941631985423356,-38.671875,87.5652409839396,5.0
2170,-22.346587898361136,-47.81250000000006,89.87841658829164,3264.694296229618
2171,-4.181528273111482,-46.05468750000006,87.49518865044021,5.0
2172,-7.481631264246957,-43.59375,96.44308797666723,5.0
2173,-26.276811557199977,-52.734375,89.96710215721058,5.0
2174,-8.98929934516282,-48.1640625,87.22036369005438,5.0
2175,-25.61308321640182,-52.03125,96.42738289094306,29801.402815578796
2176,-11.110881800003284,-55.54687500000006,97.25382763437139,5.0
2177,-21.702769403954832,-48.515625,87.2282125888166,40058.409533452665
2178,-22.346587898361136,-42.890625,87.8428644004873,5.0
2179,-19.47122063449069,-40.4296875,87.533278008425,1386.818751626656
2180,-12.024699180565818,-37.6171875,87.65424162554356,3766.5167070845573
2181,-8.385538647081319,-40.4296875,87.36602666283515,5.0
2182,-2.6867241856916024,-45.70312500000006,88.54741745242892,5.0
2183,-12.024699180565818,-41.1328125,97.2558104468028,5.0
2184,-21.702769403954832,-44.296875,87.80326958223897,4635.734434470608
2185,-28.971532223711293,-52.03125,87.23524554663236,4370.880678152442
2186,-26.944358180475746,-50.625,89.71935519624017,5.0
2187,-23.64331425576559,-47.109375,87.58310839016596,4552.518538806223
2188,-23.969482317759685,-46.7578125,95.21943775778789,5.0
2189,-22.02431283704216,-48.1640625,87.71080510252611,5.0
2190,-10.199918091116302,-55.8984375,87.38385643814578,5583.968558648314
2191,-27.95318688338115,-50.9765625,87.38151221091749,5.0
2192,-22.02431283704216,-46.05468750000006,92.98697730344686,2880.7359756301253
2193,-20.423615363810953,-45.70312500000006,87.48220659367031,5.0
2194,-5.6791898455823855,-35.859375,92.95476677187568,5.0
2195,-17.27000469497446,-40.78125,87.40149601162214,5.0
2196,-17.896089316234637,-41.48437500000006,87.55804817831245,5.0
2197,-26.61009781073392,-49.5703125,87.75245646183501,2635.014182131069
2198,-20.105509787916006,-43.94531250000006,97.1179938332736,5.0
2199,-15.713861048008212,-48.1640625,97.01111874677507,5.0
2200,-30.000000000000014,-50.9765625,87.4028270736605,5.0
2201,-5.6791898455823855,-35.859375,87.60743777735931,5.0
2202,-16.646039912392965,-48.515625,87.32512832100679,2758.4208789970353
2203,-3.2843691083657944,-61.171875,87.81261476682431,5.0
2204,-23.31795706533424,-50.9765625,87.74582602921974,5.0
2205,-28.291548862929403,-49.92187500000006,96.21507206458541,14738.825697301367
2206,-11.110881800003284,-54.84375,96.994927128942,5.0
2207,-26.276811557199977,-49.92187500000006,87.64170696010041,3458.1268244044127
2208,-11.4151577427305,-37.6171875,87.78794592431603,5.0
2209,-27.95318688338115,-48.8671875,96.10213316473319,5.0
2210,-23.64331425576559,-52.03125,94.00913900860182,14492.55049939023
2211,-24.296477994805656,-53.43750000000006,80.3591581977736,684.1452682057551
2212,-1.7907846593289634,-48.8671875,87.55584885323525,5.0
2213,-29.656013541178424,-51.328125,87.69335993035769,5.0
2214,-22.993394314297802,-47.81250000000006,87.43371110392631,5.0
2215,-12.024699180565818,-39.0234375,87.39295763718464,5.0
2216,-25.282603043311994,-52.3828125,86.91103726455815,2771.853281922397
2217,-11.110881800003284,-45.0,90.10886599342633,5.0
2218,-26.944358180475746,-49.92187500000006,87.47804629033068,5.0
2219,-5.979156796301311,-47.46093750000006,87.08332446041616,14548.728436246694
2220,-22.669609871750396,-48.8671875,87.4354186272229,5.0
2221,-20.105509787916006,-43.94531250000006,93.88526182560632,5.0
2222,-5.379378991112077,-47.46093750000006,95.13173417532988,7123.040770175895
2223,-9.594068226860458,-48.8671875,87.77622239989617,2828.955070491371
2224,-1.492246289620354,-48.515625,87.6856491035477,5.0
2225,-18.209956864283015,-42.5390625,97.44108549067239,5.0
2226,-12.024699180565818,-61.52343750000006,87.3943001622828,5.0
2227,-21.06181760164931,-48.515625,87.41430145045433,5.0
2228,-11.719760305788782,-40.78125,87.51773473235394,5.0
2229,-12.024699180565818,-63.6328125,87.35670659624569,4470.8422579635335
2230,-23.31795706533424,-48.8671875,87.63602643230475,33850.06263045544
2231,-3.2843691083657944,-40.78125,96.4768040089325,2868.320954454692
2232,-27.95318688338115,-53.78906250000006,89.60218842136153,5.0
2233,-25.944479772370016,-49.5703125,87.68007358148009,2791.1732621562783
2234,-22.02431283704216,-46.7578125,97.03609670096841,5.0
2235,-20.74237995448715,-40.4296875,87.0373863332723,5.0
2236,-27.6158819838447,-53.43750000000006,87.40742945073292,5.0
2237,-7.481631264246957,-35.859375,88.28330936870259,5.0
2238,-4.480798785982216,-55.54687500000006,89.60734448658513,14589.614920808885
2239,-9.291553238770263,-35.859375,86.9320131676072,5.0
2240,-23.969482317759685,-46.7578125,87.6680308761232,5.0
2241,-2.9855060057465437,-67.8515625,90.19536106192812,49505.41843293407
2242,-20.74237995448715,-46.7578125,91.1691431423025,5.0
2243,-31.388166464348544,-51.67968750000006,90.03066144473911,2777.954863736408
2244,-26.276811557199977,-52.734375,87.55652976630522,5.0
2245,-19.788049410669586,-44.296875,87.24958349238497,5.0
2246,-3.882372003029573,-42.890625,87.700576806669,14742.879036006816
2247,-25.282603043311994,-50.9765625,87.29721780185986,5.0
2248,-21.06181760164931,-48.515625,97.15927130282832,5.0
2249,-5.979156796301311,-42.5390625,87.76554840359555,5.0
2250,-5.079715792733481,-40.78125,87.55206292351554,5.0
2251,-27.95318688338115,-49.5703125,92.93521212599987,5.0
2252,-22.02431283704216,-46.7578125,87.79634228489984,5.0
2253,-25.282603043311994,-52.3828125,87.54229502936116,5.0
2254,-27.27961273597809,-53.78906250000006,94.14506007818619,2663.151375037462
2255,-20.423615363810953,-41.48437500000006,95.44140416272285,5.0
2256,-19.788049410669586,-45.70312500000006,90.59411184881972,5.0
2257,-16.957763300004146,-49.5703125,87.01964246910516,5.0
2258,-12.635625093021133,-38.32031250000006,88.29231860205607,29298.120101808607
2259,-16.957763300004146,-48.8671875,92.871893948731,14667.00979754559
2260,-23.64331425576559,-45.70312500000006,87.30769332888151,692.6550183200352
2261,-21.06181760164931,-46.40625,87.43229761793071,13201.763391595554
2262,-27.6158819838447,-53.43750000000006,95.75908731252775,5.0
2263,-17.27000469497446,-48.515625,86.70207343644378,5.0
2264,-21.06181760164931,-42.890625,92.64952877252313,5.0
2265,-21.381942579838892,-43.94531250000006,87.76365898269074,5.0
2266,-20.74237995448715,-41.8359375,87.72715535256388,5.0
2267,-22.669609871750396,-48.8671875,86.07304743365005,5.0
2268,-9.291553238770263,-36.5625,94.33707005982357,59497.67821644995
2269,-19.47122063449069,-40.4296875,87.60960878610442,4367.354783380991
2270,-5.6791898455823855,-44.296875,87.85422790419726,5.0
2271,-15.713861048008212,-48.1640625,90.69138215130221,1971.9627319819392
2272,-18.83940454727545,-41.1328125,91.29123622373871,5.0
2273,-21.702769403954832,-45.0,97.23717237594447,5.0
2274,-29.313198964168336,-50.9765625,87.84148505162358,5.0
2275,-21.06181760164931,-47.109375,87.663543542234,5.0
2276,-23.31795706533424,-48.1640625,97.21595073561585,5.0
2277,-19.47122063449069,-44.6484375,90.09003211340872,4324.666680869565
2278,-21.381942579838892,-41.8359375,87.52622914795019,5.0
2279,-4.181528273111482,-44.6484375,87.29412162369941,5.0
2280,-9.896853442815868,-39.375,94.93066289370557,5.0
2281,-15.094787099543197,-60.1171875,87.61279488135936,5.0
2282,-18.524391073865786,-49.92187500000006,90.36457208652986,14440.414589921478
2283,-3.2843691083657944,-45.0,87.75966149854635,5.0
2284,-6.579592944977634,-42.5390625,87.3920899200024,34591.27086195206
2285,-10.806922874860348,-36.9140625,89.25822259885898,117812.19950172541
2286,-30.000000000000014,-51.67968750000006,87.18194422049669,5.0
2287,-13.248014905676953,-39.72656250000006,87.68196075514099,5.0
2288,-18.83940454727545,-49.5703125,87.88346843010456,4618.37752679052
2289,-7.782714385390946,-36.21093750000006,87.71265565855794,112908.61811257232
2290,-21.06181760164931,-41.48437500000006,92.56420498977698,5.0
2291,-11.110881800003284,-49.21875000000006,94.55591058036848,2820.5490297266824
2292,-8.084013907099305,-35.859375,93.0391377242878,2759.584275647173
2293,-19.788049410669586,-46.40625,86.92320448601521,5.0
2294,0.0,-51.67968750000006,87.38559929365965,5.0
2295,-0.5968418305070315,-48.1640625,87.84860641620048,4447.809741146803
2296,-8.687297481032445,-49.21875000000006,97.03993046833453,81.85738453229506
2297,-2.9855060057465437,-58.0078125,94.73603857861272,5.0
2298,-5.6791898455823855,-39.375,94.93015074759943,5.0
2299,-13.554784037179004,-39.375,87.5330669878331,5.0
2300,-23.969482317759685,-46.05468750000006,87.70373417139584,5.0
2301,-20.423615363810953,-41.48437500000006,87.75951214811909,14610.384524576037
2302,-19.47122063449069,-40.4296875,87.33590616675552,5.0
2303,-11.719760305788782,-61.875,86.83157755682458,5.0
2304,-28.630989836924357,-48.8671875,97.15255215317154,5.0
2305,-16.024100308155866,-47.81250000000006,87.44857732936282,5.0
2306,-4.780191847199163,-44.6484375,87.44754488519202,5.0
2307,-21.381942579838892,-48.8671875,87.2358734805539,5.0
2308,-5.979156796301311,-46.05468750000006,96.95445201168647,5.0
2309,-14.169522214770055,-56.953125,88.59904782881964,5.0
2310,-19.47122063449069,-44.6484375,90.46277424981508,5.0
2311,-26.944358180475746,-49.21875000000006,96.49687528487709,5.0
2312,-19.155010073563744,-47.81250000000006,87.5904049897165,29847.992588537447
2313,-22.669609871750396,-49.5703125,89.75727306809955,5.0
2314,-31.03924001039789,-54.140625,86.92304485284863,5.0
2315,-6.279288322550272,-37.96875000000006,87.3756541725337,2372.875784331348
2316,-10.806922874860348,-40.4296875,94.64097790546496,5.0
2317,-16.024100308155866,-48.515625,92.94498153088655,5.0
2318,-16.646039912392965,-49.21875000000006,87.59719508630685,5.0
2319,-16.334822780685997,-48.1640625,87.63257229231625,5.0
2320,-27.95318688338115,-50.2734375,87.84447887297151,2715.9215343795904
2321,-22.669609871750396,-43.2421875,50.018,26988.289176709026
2322,-21.06181760164931,-42.890625,87.44929621840005,5.0
2323,-12.32998415024295,-40.07812500000006,87.40466560750187,5.0
2324,-24.953020787727496,-51.328125,87.46178616909503,5.0
2325,-29.656013541178424,-54.140625,93.9884155630318,25266.166891737914
2326,-24.62431835216408,-47.46093750000006,87.50125022223878,14566.23834136323
2327,2.0893716714986255,-50.625,87.38207420715914,5.0
2328,-21.702769403954832,-56.25,87.80487954175142,5.0
2329,-3.583321698471977,-58.0078125,95.41160724762916,5.0
2330,-10.199918091116302,-67.8515625,87.44943866824032,5.0
2331,-3.882372003029573,-54.140625,87.2293263413571,5.0
2332,-21.06181760164931,-45.0,87.6049849643102,5.0
2333,-22.346587898361136,-47.81250000000006,92.54273495678694,5.0
2334,-5.979156796301311,-43.2421875,87.96801870655477,30229.39119509481
2335,-15.713861048008212,-48.1640625,94.26975828308389,99420.42994674633
2336,-17.896089316234637,-49.21875000000006,97.27084543876042,5.0
2337,-15.40409369872549,-56.25,93.6369487807511,5.0
2338,-5.979156796301311,-35.5078125,89.31151160095801,4604.297427230537
2339,-16.646039912392965,-49.92187500000006,87.79011393940232,5.0
2340,-23.64331425576559,-54.84375,86.93806553545032,155.50978657804652
2341,-4.181528273111482,-43.94531250000006,97.50138494362231,5.0
2342,-4.480798785982216,-45.0,87.64159033125881,5.0
2343,-14.477512185929939,-39.0234375,87.32895269370322,5.0
2344,-28.971532223711293,-49.21875000000006,90.45786945105476,5.0
2345,-22.02431283704216,-46.7578125,87.50748860989476,390.50566295290855
2346,-22.346587898361136,-54.84375,88.78637800057953,5.0
2347,-15.094787099543197,-59.41406250000006,88.81706564600067,5.0
2348,-21.06181760164931,-56.25,87.72574618512047,5.0
2349,-1.1937484371410818,-48.1640625,94.76580043076287,4660.873037698965
2350,-21.381942579838892,-41.1328125,87.48136767170708,5.0
2351,-28.291548862929403,-53.43750000000006,87.72967052658683,5.0
2352,-21.381942579838892,-55.8984375,87.8500727451045,5.0
2353,-26.944358180475746,-49.21875000000006,90.41175060967977,5.0
2354,-22.993394314297802,-49.21875000000006,93.38839227509716,5.0
2355,-5.979156796301311,-35.5078125,87.65690250190487,2592.9450834036957
2356,-27.95318688338115,-53.78906250000006,90.14889999144233,5.0
2357,-3.882372003029573,-38.671875,87.32676627099453,5.0
2358,-20.105509787916006,-46.7578125,97.01966429569876,610.1993245661477
2359,-6.579592944977634,-38.32031250000006,87.64101938957653,5.0
2360,-1.492246289620354,-50.625,92.0430430664303,5.0
2361,-16.646039912392965,-49.21875000000006,86.70466862809022,5.0
2362,-11.719760305788782,-57.65625000000006,87.40054943400946,5.0
2363,-18.83940454727545,-43.2421875,87.78165215331676,586.8566967553263
2364,-20.74237995448715,-50.2734375,95.66086669657581,5.0
2365,-3.2843691083657944,-57.65625000000006,87.8359626854116,5.0
2366,-5.979156796301311,-35.5078125,96.99128141791476,668.4740819633141
2367,-20.423615363810953,-48.515625,87.77721018909033,5.0
2368,-13.861949672048638,-40.4296875,87.78620349495833,5.0
2369,-22.993394314297802,-47.109375,87.2850400953038,5.0
2370,-21.702769403954832,-45.0,93.90444324827062,5.0
2371,-25.944479772370016,-52.3828125,87.45703071060352,59447.20916999682
2372,-22.346587898361136,-43.59375,96.18642055733069,4208.533414193249
2373,-16.957763300004146,-49.5703125,96.47653356707843,5.0
2374,-22.02431283704216,-43.94531250000006,97.11905902237031,5.0
2375,-10.806922874860348,-39.0234375,87.8264658389297,5.0
2376,-12.32998415024295,-58.359375,90.68669367545857,5.0
2377,-23.969482317759685,-46.7578125,93.23234863565135,5.0
2378,-17.27000469497446,-41.48437500000006,87.3002734076928,5.0
2379,-23.969482317759685,-46.7578125,89.23985724523496,4615.944777994428
2380,-24.953020787727496,-53.43750000000006,86.86978814106861,2554.793240698652
2381,-26.276811557199977,-50.625,87.79582515942322,5.0
2382,-28.291548862929403,-51.328125,87.33248726981292,5.0
2383,-16.957763300004146,-49.5703125,87.37044978152342,5.0
2384,-12.941631985423356,-52.03125,87.61666946260347,3292.426393052
2385,-20.74237995448715,-46.7578125,87.70777545331094,4488.69796930205
2386,-15.40409369872549,-49.92187500000006,89.79919769816387,14655.888828643167
2387,-21.06181760164931,-47.109375,87.22377285228286,5.0
2388,-22.669609871750396,-47.46093750000006,87.80410664423637,373.62525522375114
2389,-22.346587898361136,-47.109375,87.37004718270867,5.0
2390,-15.713861048008212,-58.7109375,88.45106893271647,5.0
2391,-7.180755781458288,-36.9140625,90.01966622607442,5.0
2392,-16.957763300004146,-49.5703125,88.0928796161834,5.0
2393,-6.579592944977634,-37.6171875,92.30950891942952,5.0
2394,-27.6158819838447,-54.140625,87.57687092498377,5.0
2395,-14.169522214770055,-49.92187500000006,92.91001498111942,5.0
2396,-6.880079227870652,-37.265625,87.70822147513266,5.0
2397,-2.0893716714986112,-47.109375,87.77773419933065,5.0
2398,-21.702769403954832,-47.109375,90.1796323289554,5.0
2399,-21.702769403954832,-55.54687500000006,86.68121184335023,5.0
2400,-13.861949672048638,-59.41406250000006,90.26774020638874,5.0
2401,-4.181528273111482,-43.2421875,89.68369816080641,5.0
2402,-16.334822780685997,-48.1640625,87.54204234391695,59522.71212366397
2403,-12.32998415024295,-37.96875000000006,87.23913870285638,5.0
2404,-22.02431283704216,-41.1328125,87.24608919568887,5.0
2405,-21.06181760164931,-43.59375,96.81164550186124,5.0
2406,-15.094787099543197,-49.5703125,90.96282303599041,4615.690148925243
2407,-8.687297481032445,-71.01562500000006,87.29498465274999,5.0
2408,-30.34518296958825,-50.625,87.60541546390908,5.0
2409,-17.582776008425412,-39.72656250000006,88.99428471702407,5.0
2410,-22.346587898361136,-47.109375,94.75179070379762,680.4239620046873
2411,-6.579592944977634,-40.4296875,86.98055969146579,2136.886358942987
2412,-18.83940454727545,-43.94531250000006,87.44306219474691,5.0
2413,-2.388015463268786,-55.1953125,95.94017960189286,6186.659144825686
2414,-19.47122063449069,-45.3515625,86.57245380925309,5826.106175627903
2415,-29.656013541178424,-50.625,87.39542827069906,5.0
2416,-15.713861048008212,-48.1640625,97.26555062300869,5.0
2417,-2.9855060057465437,-44.6484375,89.55319170840059,5.0
2418,-2.6867241856916024,-56.953125,87.47691212440509,4347.724475859974
2419,-15.713861048008212,-40.4296875,87.21371811423901,5.0
2420,-7.180755781458288,-50.2734375,86.79754300239442,59733.95727083543
2421,-2.0893716714986112,-49.21875000000006,87.4540289770702,5.0
2422,-23.64331425576559,-51.328125,95.73389063346127,5.0
2423,-17.896089316234637,-45.70312500000006,87.68543682882934,6915.443911739058
2424,-11.4151577427305,-47.46093750000006,91.76535255789645,5.0
2425,-27.6158819838447,-48.515625,96.6781709550138,5.0
2426,-5.979156796301311,-39.72656250000006,87.6747928270809,5.0
2427,-29.656013541178424,-52.734375,87.3817444025796,5.0
2428,-12.635625093021133,-41.1328125,87.82225787950345,5.0
2429,-27.27961273597809,-48.8671875,96.40246740050667,5.0
2430,-21.06181760164931,-45.70312500000006,93.94884218435692,5.0
2431,-24.953020787727496,-47.81250000000006,87.21214818466893,74563.9676336805
2432,-30.34518296958825,-51.328125,91.03745464647155,74786.33141251765
2433,-11.4151577427305,-54.4921875,88.40796708696467,5.0
2434,-29.656013541178424,-51.328125,96.38569736149478,1688.6487997269219
2435,-16.024100308155866,-56.25,87.28873712014048,5.0
2436,-15.713861048008212,-46.7578125,87.8451300699188,5.0
2437,-13.861949672048638,-59.41406250000006,95.68479387113707,5.0
2438,-20.105509787916006,-43.94531250000006,87.67747414291618,49449.954971357445
2439,-6.880079227870652,-37.265625,87.77477404065942,29724.962535711653
2440,-20.423615363810953,-51.328125,87.21840874634167,5.0
2441,-20.105509787916006,-43.94531250000006,87.4991814778997,5.0
2442,-23.64331425576559,-47.81250000000006,87.5618609987771,5.0
2443,-25.282603043311994,-49.5703125,97.13595421430924,5.0
2444,-17.27000469497446,-50.625,87.50529722870608,5.0
2445,-12.024699180565818,-48.8671875,87.74621293059948,5.0
2446,-10.199918091116302,-59.41406250000006,90.55550432495482,2645.240310436025
2447,-7.782714385390946,-36.9140625,87.34241136650512,5.0
2448,-3.583321698471977,-39.72656250000006,87.78078670591498,16370.041927229046
2449,-13.861949672048638,-44.6484375,92.31690480585826,5.0
2450,-10.503271450113203,-37.265625,95.43553345094395,5.0
2451,-30.000000000000014,-55.1953125,89.85300357395525,2796.7512751933014
2452,-20.423615363810953,-49.21875000000006,90.50449780112223,4345.719557794617
2453,-14.169522214770055,-42.18750000000006,87.29387723158605,5.0
2454,-20.74237995448715,-48.8671875,97.14205146650775,5.0
2455,-6.579592944977634,-44.6484375,87.30238168615105,29635.352186796925
2456,-17.27000469497446,-47.109375,93.12243843739796,5.0
2457,-21.381942579838892,-46.05468750000006,87.48116388215008,5.0
2458,-19.155010073563744,-57.65625000000006,97.0284742944445,5.0
2459,-16.334822780685997,-55.8984375,91.75534121086793,2848.1720004633207
2460,-31.03924001039789,-52.03125,92.67239228865323,2713.7168657917923
2461,-27.27961273597809,-53.0859375,87.41930344130367,14821.101285085475
2462,-21.381942579838892,-47.46093750000006,87.72210970520709,5.0
2463,-20.423615363810953,-42.890625,89.66426170306504,5.0
2464,-21.381942579838892,-48.1640625,93.01242606637487,5.0
2465,-8.084013907099305,-39.375,87.26369662592514,2744.336130211164
2466,-16.024100308155866,-48.515625,97.29669781790518,5.0
2467,-2.9855060057465437,-43.2421875,95.95195503744314,5.0
2468,-18.524391073865786,-46.40625,87.48864311963136,5.0
2469,-20.105509787916006,-43.94531250000006,94.42361068086991,5.0
2470,-8.98929934516282,-42.5390625,87.823888295956,14408.570731124117
2471,-29.656013541178424,-50.625,87.74748069750963,5.0
2472,-27.95318688338115,-49.5703125,87.54824362990702,49661.75171073738
2473,-22.993394314297802,-50.625,88.63723452750435,5.0
2474,-20.105509787916006,-47.46093750000006,92.0542098509414,14583.608219211743
2475,-26.944358180475746,-52.03125,87.6787032066911,4211.856393822771
2476,-6.279288322550272,-37.96875000000006,89.89726493770551,5.0
2477,-23.969482317759685,-46.7578125,91.20241455324079,49552.82986626869
2478,-6.279288322550272,-61.171875,91.51866263079006,5.0
2479,-23.969482317759685,-46.7578125,87.0788159981609,14436.22874560472
2480,-10.806922874860348,-38.32031250000006,95.29501407098675,9626.930100606975
2481,-26.944358180475746,-48.515625,87.74267706636964,2649.950180371383
2482,-29.313198964168336,-53.0859375,87.47791892668904,5.0
2483,-6.579592944977634,-35.5078125,87.44999945353592,5.0
2484,-18.209956864283015,-50.9765625,87.77615192063328,5.0
2485,-30.34518296958825,-52.03125,95.86734582623806,5.0
2486,-18.83940454727545,-47.46093750000006,87.6346501457009,2807.242287183737
2487,-26.61009781073392,-50.2734375,92.58637404975933,2652.0965524852227
2488,-20.74237995448715,-42.5390625,87.25404297714303,14665.510804421825
2489,-15.713861048008212,-56.6015625,87.76674599162185,5.0
2490,-11.4151577427305,-62.9296875,97.57003604560579,2893.0844184206235
2491,-8.084013907099305,-37.96875000000006,93.0221933537456,29681.119523725025
2492,-23.64331425576559,-48.515625,87.40777055680256,2793.9678834106194
2493,-15.713861048008212,-43.2421875,87.80106441404665,5.0
2494,-19.47122063449069,-41.1328125,87.43899509343323,5.0
2495,-19.155010073563744,-48.515625,87.67684838951507,5.0
2496,-20.74237995448715,-50.2734375,93.27719837383647,5.0
2497,-26.61009781073392,-49.5703125,93.03875352715332,5.0
2498,-30.34518296958825,-52.03125,87.43152651317341,59527.46963638477
2499,-16.334822780685997,-48.1640625,96.78460772450974,5.0
2500,-25.282603043311994,-54.4921875,88.99692633799927,5.0
2501,-23.64331425576559,-47.109375,87.63678174554573,5.0
2502,-20.423615363810953,-40.78125,87.80173241200615,4397.5931717454205
2503,-29.656013541178424,-52.734375,89.3434420093604,29650.30057405824
2504,-8.084013907099305,-40.78125,88.1588766162429,2856.884500615728
2505,-5.6791898455823855,-37.265625,87.78073620917601,5.0
2506,-26.276811557199977,-53.43750000000006,87.80578444672366,5.0
2507,-16.957763300004146,-39.72656250000006,87.36164734731183,4604.510969343208
2508,-25.944479772370016,-51.67968750000006,94.16483249604764,5.0
2509,-27.6158819838447,-52.734375,87.85557265314968,5.0
2510,-3.882372003029573,-44.296875,87.30036161170486,5.0
2511,-27.27961273597809,-50.2734375,92.9321196198328,5.0
2512,-17.582776008425412,-51.67968750000006,97.01776140269111,791.129400581288
2513,-19.47122063449069,-41.1328125,97.15631837007996,5.0
2514,-21.381942579838892,-46.05468750000006,87.62203684690216,5.0
2515,-28.630989836924357,-51.67968750000006,87.30636013908568,5.0
2516,-1.7907846593289634,-48.1640625,87.8239906418797,5.0
2517,-18.524391073865786,-42.890625,87.2753906182705,5.0
2518,-22.346587898361136,-47.109375,97.03214985207524,5.0
2519,-22.993394314297802,-49.92187500000006,87.37133759553318,5.0
2520,-22.346587898361136,-43.59375,87.46487250688067,5.0
2521,-6.279288322550272,-35.859375,87.6728948062689,5.0
2522,-11.719760305788782,-37.96875000000006,87.64116223734192,5.0
2523,-14.785930226053424,-42.890625,93.69416172591947,5.0
2524,-24.296477994805656,-53.43750000000006,87.74005906264486,5.0
2525,-11.110881800003284,-55.54687500000006,87.3540175296107,14505.25134056423
2526,-8.385538647081319,-48.1640625,87.48439982514276,269.9678539094236
2527,-29.656013541178424,-52.03125,87.81143629778884,5.0
2528,-0.8952829865701233,-47.81250000000006,87.32249818126265,5.0
2529,-31.738394244764436,-52.03125,89.50922619333645,49570.05030229894
2530,-22.02431283704216,-41.8359375,88.28037806612907,5.0
2531,-25.282603043311994,-53.0859375,91.61455017649266,5.0
2532,-11.719760305788782,-59.0625,97.06680276652652,484.774185739487
2533,-1.492246289620354,-47.81250000000006,96.51519022522604,2643.9158593643565
2534,-23.31795706533424,-51.67968750000006,97.14483996780153,2751.4662254848504
2535,-25.282603043311994,-48.8671875,87.45398911865456,5.0
2536,-23.31795706533424,-50.2734375,87.30101789905022,5.0
2537,-6.579592944977634,-37.6171875,87.53180767457773,5.0
2538,-23.64331425576559,-52.734375,96.0733966945072,23685.382201795313
2539,-23.64331425576559,-47.109375,97.38701396963296,5.0
2540,-21.702769403954832,-41.48437500000006,95.28665388204651,5.0
2541,-23.64331425576559,-47.109375,87.27188708176223,14850.669391074643
2542,-25.944479772370016,-52.3828125,97.15744729257133,14711.989577696513
2543,-21.381942579838892,-51.67968750000006,87.69550109663882,59619.6971972346
2544,-4.780191847199163,-42.5390625,86.57416619752115,7660.636268488095
2545,-18.83940454727545,-41.1328125,87.72123603982412,99610.1052885775
2546,-4.181528273111482,-39.0234375,87.00905096607909,5.0
2547,-16.334822780685997,-48.1640625,87.8584355007851,4509.78696796678
2548,-16.334822780685997,-48.1640625,87.58085206436445,4380.196241310984
2549,-3.882372003029573,-38.671875,87.76320154527244,5.0
2550,-14.477512185929939,-58.0078125,89.54736330314822,5.0
2551,-5.6791898455823855,-35.859375,95.47400517910992,49628.23698423345
2552,-24.296477994805656,-51.328125,90.38598344060966,5.0
2553,-29.313198964168336,-51.67968750000006,87.70995436052617,6219.71056123472
2554,-4.181528273111482,-41.1328125,94.33783553503677,5.0
2555,-29.656013541178424,-54.140625,96.33545203846442,5.0
2556,-19.788049410669586,-44.296875,87.28505791093885,5.0
2557,-11.719760305788782,-37.96875000000006,87.84228677871234,5.0
2558,-4.181528273111482,-39.0234375,87.50779099684881,169.5682678150922
2559,-19.155010073563744,-40.07812500000006,87.02078739459812,5.0
2560,-23.969482317759685,-46.7578125,90.49301304300653,5.0
2561,-22.669609871750396,-47.46093750000006,95.35478074804531,5.0
2562,-3.583321698471977,-60.8203125,87.34338378517978,5.0
2563,-4.181528273111482,-41.1328125,94.15658289729114,5.0
2564,-16.334822780685997,-51.67968750000006,95.1694282987427,2807.2664734771242
2565,-11.719760305788782,-55.54687500000006,96.57156365193362,5.0
2566,-8.98929934516282,-35.5078125,87.48179762251904,5.0
2567,-11.110881800003284,-48.515625,96.29478246096478,5.0
2568,-24.296477994805656,-54.140625,87.55666432435962,5.0
2569,-28.630989836924357,-49.5703125,88.0021961938474,5.0
2570,-16.334822780685997,-49.5703125,87.06155935666231,5.0
2571,-27.95318688338115,-51.67968750000006,86.98316434328763,4626.276845397362
2572,-12.941631985423356,-39.375,91.76641958832555,19910.65935681101
2573,-18.524391073865786,-42.890625,87.7240564855544,4401.969142610157
2574,-8.98929934516282,-63.6328125,87.46964010723433,5.0
2575,-21.702769403954832,-50.625,87.3805765044346,5.0
2576,-30.34518296958825,-54.84375,90.52489162392685,5.0
2577,-21.06181760164931,-45.0,50.018,1218.2188145577688
2578,-14.785930226053424,-47.81250000000006,93.98803639185618,74591.31879525703
2579,-21.702769403954832,-46.40625,87.23029075832262,5.0
2580,-5.979156796301311,-35.5078125,87.38203134133731,5.0
2581,-27.6158819838447,-54.84375,87.64531526583484,374.83482505972415
2582,-19.47122063449069,-49.5703125,87.77864572618509,4442.206037424792
2583,-17.582776008425412,-49.5703125,87.60307925734904,4537.423926328645
2584,-20.74237995448715,-44.6484375,87.5567311235331,5.0
2585,-21.381942579838892,-46.7578125,97.31115390525801,47645.664785744026
2586,-4.181528273111482,-43.2421875,90.08209843713938,5.0
2587,-22.346587898361136,-49.21875000000006,86.74124778188336,14699.969004334442
2588,-9.594068226860458,-48.8671875,87.70471839146371,49479.71986555208
2589,-22.669609871750396,-43.94531250000006,95.59673469393144,4542.8760646556275
2590,-24.953020787727496,-53.43750000000006,87.53069839735028,5.0
2591,-24.296477994805656,-54.140625,87.25098439039952,5.0
2592,-20.423615363810953,-54.84375,92.76857567004811,5.0
2593,-19.788049410669586,-44.296875,89.36717448006739,5.0
2594,-6.579592944977634,-37.6171875,88.37508523891319,8739.05478133858
2595,-23.969482317759685,-53.78906250000006,87.09786895045622,5.0
2596,-10.806922874860348,-62.9296875,87.31309563621501,5.0
2597,-19.155010073563744,-44.296875,89.7835109395988,2623.285295162458
2598,-11.110881800003284,-37.96875000000006,87.4041140646628,5.0
2599,-6.279288322550272,-36.5625,87.80461810420546,5.0
2600,-21.381942579838892,-44.6484375,87.85979252015797,5.0
2601,-3.583321698471977,-44.6484375,87.50643261932318,5.0
2602,-23.31795706533424,-46.7578125,97.16674311793288,5.0
2603,-12.941631985423356,-61.171875,94.92834733350787,4633.536579918615
2604,2.686724185691588,-60.46875,91.82596352679066,5.0
2605,-19.47122063449069,-41.1328125,87.22859308670463,14734.476945452014
2606,-3.2843691083657944,-42.890625,87.26663118284569,5.0
2607,-10.806922874860348,-37.6171875,87.78935653144168,5.0
2608,-22.669609871750396,-47.46093750000006,87.34042399869925,5.0
2609,-3.882372003029573,-44.296875,97.44492414438236,5.0
2610,-25.61308321640182,-49.92187500000006,87.33745906153325,5.0
2611,0.5968418305070173,-52.3828125,87.7821730397895,5.0
2612,-9.594068226860458,-36.21093750000006,87.61541688657016,5.0
2613,-23.31795706533424,-50.2734375,90.04930136033201,5.0
2614,-12.635625093021133,-39.0234375,87.29759900748797,5.0
2615,-5.379378991112077,-36.21093750000006,87.70490836405878,5.0
2616,-14.785930226053424,-40.78125,87.49453272266527,2727.614496588425
2617,-10.503271450113203,-36.5625,95.89031313566261,29833.180513236133
2618,-25.61308321640182,-49.21875000000006,86.94417760122069,5.0
2619,-12.635625093021133,-43.94531250000006,96.55499798639643,5.0
2620,-23.969482317759685,-46.7578125,94.68576343528038,49379.93362589548
2621,-27.6158819838447,-53.43750000000006,87.52544551573587,5.0
2622,-16.957763300004146,-49.5703125,93.54051288662774,49605.35911579458
2623,-27.95318688338115,-48.8671875,86.83329810257482,5.0
2624,-15.713861048008212,-50.9765625,97.33865045690148,7516.056803189382
2625,-29.656013541178424,-50.625,87.83507013158038,5.0
2626,-4.780191847199163,-41.1328125,87.53316545197846,29683.434546648125
2627,-22.346587898361136,-47.81250000000006,87.61333782951074,5.0
2628,-19.155010073563744,-47.81250000000006,87.21292623376793,5.0
2629,-15.713861048008212,-41.1328125,97.54825325713968,5.0
2630,-21.381942579838892,-43.2421875,86.928871379376,5.0
2631,-22.669609871750396,-48.8671875,90.28139135169498,2722.8707299182397
2632,0.5968418305070173,-52.3828125,87.72169865247992,5.0
2633,-7.180755781458288,-36.9140625,97.17132096315184,26956.052499185524
2634,-22.669609871750396,-43.94531250000006,87.45572518988774,5.0
2635,-22.02431283704216,-47.46093750000006,87.84249476818455,5619.550615079681
2636,-30.000000000000014,-57.3046875,87.77526248043056,5.0
2637,-23.64331425576559,-48.515625,91.29757965566287,49626.03341667132
2638,-29.313198964168336,-50.9765625,87.21509591640324,49377.65277157285
2639,-22.669609871750396,-48.8671875,87.38514012374063,5.0
2640,-11.719760305788782,-40.78125,87.41322739278127,14380.317924111587
2641,-5.6791898455823855,-42.890625,92.30511274378351,4545.936395311099
2642,-23.969482317759685,-50.9765625,87.37885306506986,5.0
2643,-21.702769403954832,-47.81250000000006,88.44104034916171,5.0
2644,-3.2843691083657944,-40.78125,87.4141453534881,5.0
2645,-14.785930226053424,-40.78125,95.33212678372892,4472.443688814077
2646,-29.656013541178424,-52.03125,97.10857460157433,5.0
2647,-19.155010073563744,-40.78125,87.82411684221603,5.0
2648,-16.957763300004146,-49.5703125,87.59944766150139,5.0
2649,-17.896089316234637,-47.81250000000006,87.43958049429243,5.0
2650,-8.084013907099305,-35.15625,87.0529646865648,4595.190979862469
2651,-15.40409369872549,-58.359375,87.48614405855362,49561.99000567033
2652,-15.40409369872549,-51.328125,90.27135237013644,5.0
2653,-3.583321698471977,-51.67968750000006,87.84456336553329,5.0
2654,-23.64331425576559,-47.109375,97.1258751926868,2611.072351374002
2655,-16.646039912392965,-50.625,87.65888981076195,5.0
2656,-24.953020787727496,-53.43750000000006,91.06669887450752,5.0
2657,-25.944479772370016,-49.5703125,87.7846807501245,5.0
2658,-8.385538647081319,-42.5390625,87.81611780094076,5.0
2659,-21.702769403954832,-42.18750000000006,87.48516288001926,5.0
2660,-18.524391073865786,-50.625,87.73821226780692,2647.0111493314066
2661,-27.27961273597809,-53.0859375,87.75961901773897,5.0
2662,-8.385538647081319,-36.21093750000006,91.3987048859208,8423.736877034022
2663,-22.346587898361136,-54.84375,97.09416736613831,5.0
2664,-21.06181760164931,-42.890625,87.56837003700021,5.0
2665,-11.719760305788782,-55.54687500000006,86.96328136619726,4569.402139912094
2666,-6.279288322550272,-35.859375,87.794106913915,5.0
2667,-21.702769403954832,-45.0,87.85922423133162,5.0
2668,-23.31795706533424,-50.9765625,87.35087063123567,5.0
2669,-12.635625093021133,-39.0234375,92.81233917208475,5.0
2670,-21.702769403954832,-47.81250000000006,97.50704480286439,4524.323001463453
2671,-16.024100308155866,-48.515625,97.14203487055296,5.0
2672,-22.669609871750396,-43.94531250000006,87.38962435071674,1798.3433165825936
2673,-8.084013907099305,-48.515625,95.60374424897802,5.0
2674,-27.6158819838447,-54.140625,91.34115667270623,5.0
2675,-11.4151577427305,-58.0078125,87.73671944959048,58065.37187029324
2676,-15.094787099543197,-40.4296875,87.85401884590227,2881.171081799703
2677,-3.882372003029573,-68.203125,95.09438693569663,5.0
2678,-5.6791898455823855,-35.859375,87.77225948133673,5.0
2679,-19.788049410669586,-47.109375,87.62770094049482,5.0
2680,-10.503271450113203,-48.515625,87.78998672955692,5.0
2681,-25.61308321640182,-52.734375,88.58021572843063,2646.933283610086
2682,-1.492246289620354,-47.109375,87.37877053984572,2612.9430930365984
2683,-15.713861048008212,-48.8671875,96.21875607568369,5.0
2684,-13.554784037179004,-43.59375,90.62082355501165,3417.2721331263742
2685,-1.7907846593289634,-47.46093750000006,89.95782279798341,5.0
2686,-5.979156796301311,-35.5078125,87.25766276197814,5.0
2687,-16.334822780685997,-42.5390625,89.32084918734853,5.0
2688,-19.155010073563744,-48.515625,87.2866811670634,39526.545035490184
2689,-16.334822780685997,-50.2734375,87.22954458659028,2810.7769509859045
2690,-20.105509787916006,-49.5703125,87.83603804965875,5.0
2691,-21.06181760164931,-51.328125,87.66768853530672,5.0
2692,-1.1937484371410818,-48.1640625,88.88039724730123,29536.892293734094
2693,-18.209956864283015,-48.8671875,87.2437729593441,5.0
2694,-29.656013541178424,-50.625,87.70580960734137,5.0
2695,-19.788049410669586,-45.0,87.35945019767178,49600.35959982077
2696,-22.346587898361136,-56.953125,97.52728335887254,4652.674842236894
2697,-12.635625093021133,-58.7109375,88.18500926188901,5.0
2698,-23.64331425576559,-45.70312500000006,90.92107211409153,5.0
2699,-23.64331425576559,-46.40625,87.5630934603466,5.0
2700,-19.788049410669586,-44.296875,87.25123121218165,5.0
2701,-30.000000000000014,-50.9765625,97.42260089980627,49351.87220339471
2702,-6.279288322550272,-48.515625,87.51015292000957,5.0
2703,-1.7907846593289634,-48.8671875,87.69610967829543,8030.7554234714335
2704,-23.64331425576559,-46.40625,90.20597745592066,5.0
2705,-24.296477994805656,-52.03125,86.75620588813996,5.0
2706,-5.979156796301311,-35.5078125,94.10090813163288,5.0
2707,-10.503271450113203,-62.578125,87.8485667786605,2679.820106365081
2708,-1.7907846593289634,-48.8671875,87.49928090774745,5.0
2709,-11.719760305788782,-62.578125,87.19288666599901,5.0
2710,-23.64331425576559,-46.40625,87.342837282532,5.0
2711,-19.788049410669586,-45.70312500000006,96.07211564943023,5.0
2712,-14.169522214770055,-40.07812500000006,90.8890611677784,5.0
2713,-15.40409369872549,-49.21875000000006,87.46100039369773,5.0
2714,2.0893716714986255,-52.03125,87.21183848678936,5.0
2715,-12.024699180565818,-64.3359375,90.99309715536609,5.0
2716,-21.702769403954832,-47.109375,88.41855149035666,5.0
2717,-30.000000000000014,-50.9765625,87.67003276815991,5.0
2718,-25.944479772370016,-50.9765625,87.61472793293429,5.0
2719,-2.0893716714986112,-48.515625,87.41626849856677,5.0
2720,-27.6158819838447,-49.21875000000006,90.51713645082869,5.0
2721,-23.969482317759685,-49.5703125,97.37409838507165,4555.776415855106
2722,-23.969482317759685,-51.67968750000006,87.36070550587434,5.0
2723,-17.896089316234637,-47.109375,89.13796880282534,5.0
2724,-16.024100308155866,-46.40625,87.69661918075359,5.0
2725,-12.024699180565818,-47.46093750000006,87.72704255149083,7187.838149873077
2726,-3.882372003029573,-38.671875,87.46674008961944,2582.0132579277456
2727,-8.98929934516282,-41.8359375,94.48443956886969,5.0
2728,-9.594068226860458,-36.21093750000006,87.77918225893143,5.0
2729,-18.83940454727545,-46.7578125,87.85779729681109,5.0
2730,-23.31795706533424,-47.46093750000006,87.53516615456158,49628.623994328205
2731,-18.524391073865786,-49.21875000000006,87.36894310973346,2830.101648558859
2732,-3.583321698471977,-39.0234375,87.2392956663414,5.0
2733,-29.656013541178424,-52.03125,91.59893244902304,4545.622364723573
2734,-28.971532223711293,-49.21875000000006,87.38844579649644,2655.750115292053
2735,-23.969482317759685,-48.1640625,90.98086147640437,5.0
2736,-30.69158768492234,-51.67968750000006,87.65091232272239,5.0
2737,-20.105509787916006,-43.94531250000006,87.68524910894124,5.0
2738,-29.656013541178424,-51.328125,87.75744578976578,5.0
2739,-4.181528273111482,-39.0234375,87.62026686792356,1285.3445309259766
2740,-15.094787099543197,-46.7578125,87.25918199420313,5.0
2741,-8.687297481032445,-35.15625,87.5417512643617,4360.179491168608
2742,-7.782714385390946,-36.21093750000006,90.41339011864841,78160.12907160727
2743,-6.579592944977634,-40.4296875,90.44404555904896,5.0
2744,-21.381942579838892,-47.46093750000006,87.51010597000705,5.0
2745,-23.969482317759685,-50.9765625,87.74517720560381,2852.052752931037
2746,-20.74237995448715,-50.2734375,87.38467789631288,2792.3769462601426
2747,-6.579592944977634,-36.21093750000006,87.4075591056802,2660.5982608103036
2748,-24.296477994805656,-49.21875000000006,86.73668268988668,5.0
2749,-21.381942579838892,-41.1328125,96.11487275604047,5.0
2750,-15.713861048008212,-39.72656250000006,87.40801143905713,5.0
2751,-22.02431283704216,-43.2421875,87.43076064378528,49558.12697215498
2752,-10.199918091116302,-56.6015625,87.50115231022747,5.0
2753,-14.169522214770055,-57.65625000000006,87.29539761034046,17278.010485941442
2754,-28.291548862929403,-50.625,90.04745402138963,5.0
2755,-11.4151577427305,-41.1328125,87.22473885290128,59615.24113759259
2756,-18.209956864283015,-40.4296875,87.30458309904566,5.0
2757,-27.6158819838447,-54.140625,90.12960662598444,5.0
2758,-22.669609871750396,-46.7578125,87.58234810018575,5.0
2759,-3.882372003029573,-44.296875,91.43366159878039,5.0
2760,-6.579592944977634,-35.5078125,88.10772274196512,5.0
2761,-0.5968418305070315,-47.46093750000006,87.46927346082425,5.0
2762,-21.381942579838892,-43.94531250000006,90.22039313358819,5.0
2763,-17.27000469497446,-40.07812500000006,87.28034469773533,5.0
2764,-6.279288322550272,-35.859375,87.84833991549031,2673.6074823549966
2765,-29.656013541178424,-52.03125,87.71414430998068,5.0
2766,-20.105509787916006,-50.2734375,87.48529708364886,5.0
2767,-9.594068226860458,-48.8671875,89.31659556403052,4577.11937376339
2768,-19.155010073563744,-40.07812500000006,95.52407475074925,5.0
2769,-22.346587898361136,-52.734375,97.63732979659311,49390.71790552108
2770,-4.181528273111482,-39.0234375,89.41120963641974,5.0
2771,-10.806922874860348,-40.4296875,87.6702847000545,5.0
2772,-24.296477994805656,-52.03125,87.42761500561292,5.0
2773,-17.896089316234637,-42.890625,87.47072667196463,5.0
2774,-20.105509787916006,-43.94531250000006,87.77134022131678,5.0
2775,-16.957763300004146,-49.5703125,87.61968444742291,5.0
2776,-3.2843691083657944,-57.65625000000006,96.55735003817502,5.0
2777,-7.180755781458288,-37.6171875,87.62106039584627,5.0
2778,-17.27000469497446,-42.18750000000006,87.62802164797776,5.0
2779,-8.084013907099305,-35.15625,87.64166251058603,5.0
2780,-3.583321698471977,-60.8203125,94.77864934680672,5.0
2781,-25.944479772370016,-53.78906250000006,90.21980052872084,5.0
2782,-30.34518296958825,-51.328125,89.57250351656295,5.0
2783,-23.969482317759685,-46.7578125,87.57488869634855,5.0
2784,-26.276811557199977,-53.43750000000006,94.29846246303872,5.0
2785,-9.594068226860458,-48.8671875,86.91789146055582,5.0
2786,-29.656013541178424,-51.328125,95.51346927923561,5.0
2787,-7.782714385390946,-35.5078125,87.8163526092942,5.0
2788,-29.313198964168336,-50.2734375,87.66155713038545,5.0
2789,-31.388166464348544,-52.3828125,87.7952860063131,5.0
2790,-22.669609871750396,-44.6484375,90.46843677138382,5.0
2791,-30.34518296958825,-52.03125,86.6150430130774,5.0
2792,-20.423615363810953,-42.890625,95.5283900146771,5.0
2793,-10.199918091116302,-58.7109375,87.72711123433322,5.0
2794,-16.957763300004146,-43.94531250000006,87.58681744298325,4635.225716534977
2795,-20.74237995448715,-40.4296875,87.31004913849488,2629.7231577816674
2796,-4.181528273111482,-40.4296875,87.71727709480889,5.0
2797,-21.381942579838892,-47.46093750000006,87.7941442890666,5.0
2798,-30.34518296958825,-51.328125,87.66885276355045,5.0
2799,-7.782714385390946,-39.72656250000006,90.72218689453517,9460.538846131221
2800,-23.969482317759685,-46.7578125,87.6921733239895,5.0
2801,-27.95318688338115,-50.2734375,97.28786269130819,59570.89046434065
2802,-29.313198964168336,-54.4921875,89.19756592478024,5.0
2803,-29.656013541178424,-51.328125,94.0290397518364,5.0
2804,-19.788049410669586,-44.296875,87.27099235043599,5.0
2805,-30.000000000000014,-50.9765625,87.66026070848363,5.0
2806,-23.64331425576559,-50.625,87.57854523186026,5.0
2807,-7.180755781458288,-43.94531250000006,88.35786402912154,5.0
2808,-18.524391073865786,-42.890625,95.32201538498637,5.0
2809,-22.993394314297802,-52.734375,87.22905862546905,14447.093954541355
2810,-9.594068226860458,-36.21093750000006,87.22126688812351,5.0
2811,-21.702769403954832,-49.92187500000006,95.10857316592347,5.0
2812,-22.02431283704216,-47.46093750000006,87.4109091931662,5.0
2813,-7.180755781458288,-41.1328125,90.49769376408801,669.4757654036216
2814,-20.423615363810953,-44.296875,87.85708385677596,501.46647785315486
2815,-23.64331425576559,-46.40625,94.68318789609619,5.0
2816,-19.155010073563744,-41.48437500000006,87.29226226692393,5.0
2817,-1.492246289620354,-49.21875000000006,87.29860829972124,5.0
2818,-1.1937484371410818,-62.9296875,88.09514302249447,5.0
2819,-14.785930226053424,-49.21875000000006,97.14766496102641,5.0
2820,-28.630989836924357,-51.67968750000006,87.68419860207383,29732.18329894242
2821,-8.98929934516282,-39.0234375,87.565153557034,5.0
2822,-21.381942579838892,-41.8359375,89.3841821633658,5.0
2823,-8.687297481032445,-37.265625,96.99915984355931,5.0
2824,-12.941631985423356,-39.375,94.7865294428554,2868.5387986067403
2825,-25.944479772370016,-50.2734375,97.60543729540699,5.0
2826,-22.993394314297802,-47.109375,86.73102161884349,5.0
2827,-5.379378991112077,-49.5703125,87.2757271343025,5.0
2828,-16.957763300004146,-50.2734375,89.45413840577103,5.0
2829,-2.388015463268786,-46.7578125,94.36751594028982,2808.5378239477404
2830,-18.83940454727545,-50.2734375,87.50878112646934,5.0
2831,-22.02431283704216,-50.9765625,87.4465474103692,2672.836904409227
2832,-5.979156796301311,-36.9140625,93.4743068012254,5.0
2833,-11.4151577427305,-48.1640625,87.13105765954921,5.0
2834,-16.024100308155866,-47.109375,87.62253018650061,14532.199294414364
2835,-28.291548862929403,-49.21875000000006,87.80696930278387,5.0
2836,-31.03924001039789,-53.43750000000006,88.16838099046869,5.0
2837,-3.2843691083657944,-45.70312500000006,92.01552012485564,5.0
2838,-23.64331425576559,-48.515625,87.6028772893736,5.0
2839,-15.40409369872549,-49.21875000000006,89.53512627235516,5.0
2840,-16.024100308155866,-49.21875000000006,88.77388608489561,59717.740076834016
2841,-23.64331425576559,-52.03125,87.90423796931056,58024.02016388174
2842,-28.291548862929403,-49.92187500000006,90.06570351441265,5.0
2843,-29.313198964168336,-50.9765625,87.47390787257949,5.0
2844,-20.74237995448715,-50.2734375,87.23759002523713,5.0
2845,-14.785930226053424,-48.515625,87.2843977713273,5.0
2846,-23.969482317759685,-47.46093750000006,87.42677043148865,5.0
2847,-9.896853442815868,-59.765625,87.79938323805825,5.0
2848,-20.423615363810953,-44.296875,94.87656801664055,5.0
2849,-14.785930226053424,-43.59375,91.25545120630734,5.0
2850,-21.702769403954832,-42.18750000000006,93.53336131083125,5.0
2851,-9.594068226860458,-63.6328125,87.5976451875452,5.0
2852,-7.782714385390946,-38.32031250000006,87.67021422034377,2773.3678770665
2853,-28.291548862929403,-49.92187500000006,87.65538104461248,5.0
2854,-5.379378991112077,-36.9140625,87.38254990026867,5.0
2855,-19.47122063449069,-44.6484375,87.18825697593199,5.0
2856,-8.687297481032445,-42.18750000000006,88.94569669052446,5.0
2857,-2.9855060057465437,-45.3515625,97.54701496701766,5.0
2858,-2.9855060057465437,-60.1171875,87.34869288070435,5.0
2859,-7.481631264246957,-41.48437500000006,87.01633456430103,49599.67095376399
2860,-26.61009781073392,-48.8671875,93.26140110313978,5.0
2861,-11.110881800003284,-42.890625,87.46462935793758,5.0
2862,-29.313198964168336,-50.9765625,94.59994087877509,5.0
2863,-20.74237995448715,-47.46093750000006,91.3262407570379,49489.97650715886
2864,-16.957763300004146,-44.6484375,97.14109163818121,2714.3616557965265
2865,-20.74237995448715,-48.8671875,87.67599168325147,14532.260352957373
2866,-19.788049410669586,-46.40625,90.38700421624537,5.0
2867,-23.64331425576559,-49.92187500000006,87.75160178330269,59735.64160379682
2868,-11.110881800003284,-41.48437500000006,89.91774392425447,5.0
2869,-14.477512185929939,-41.1328125,87.73097691555196,5.0
2870,-27.6158819838447,-52.03125,87.37816838048782,4599.813788283232
2871,-29.313198964168336,-52.3828125,87.80979239313365,25412.45462600261
2872,-27.6158819838447,-53.43750000000006,87.83775946937175,5.0
2873,-16.646039912392965,-49.21875000000006,94.10981592373902,5.0
2874,-23.969482317759685,-51.67968750000006,92.22523911783539,5.0
2875,-18.524391073865786,-43.59375,90.41424640896835,5.0
2876,-19.155010073563744,-42.890625,87.27644223856606,5.0
2877,-8.084013907099305,-37.265625,91.77292933567591,49508.69155891914
2878,-20.74237995448715,-41.8359375,87.79952819306757,5.0
2879,-7.481631264246957,-35.15625,96.04879040509428,2745.0525640026053
2880,-13.248014905676953,-39.72656250000006,96.72103175232262,2734.06731887716
2881,-26.276811557199977,-52.734375,87.11656188760831,5.0
2882,-8.084013907099305,-35.859375,94.36919872142161,2831.2367682600106
2883,-4.181528273111482,-43.94531250000006,86.9100066156957,5.0
2884,-4.181528273111482,-49.5703125,87.61953833684647,5.0
2885,-28.971532223711293,-49.92187500000006,87.85630222960296,5.0
2886,-19.47122063449069,-44.6484375,87.3233727190647,5.0
2887,-16.334822780685997,-48.1640625,92.51458075246599,4383.059891326479
2888,-24.296477994805656,-49.21875000000006,86.56286090025937,49657.74886147891
2889,-25.61308321640182,-52.734375,87.35108490841981,5.0
2890,-13.248014905676953,-39.0234375,88.63190852254901,2676.0433690014247
2891,-22.346587898361136,-43.59375,91.60612089930402,5.0
2892,-23.64331425576559,-46.40625,96.63379577404766,2737.2166993523433
2893,-21.702769403954832,-43.59375,91.36801792498947,5.0
2894,-6.880079227870652,-40.78125,90.56626454988577,5.0
2895,-26.944358180475746,-49.21875000000006,87.6562723181653,5.0
2896,-20.105509787916006,-44.6484375,75.98535228759313,5.0
2897,-11.110881800003284,-42.890625,87.28559772599743,5.0
2898,-16.646039912392965,-44.296875,87.84583095284563,18004.383481678695
2899,-2.9855060057465437,-49.5703125,90.64219090278131,5.0
2900,-6.279288322550272,-40.78125,87.68751153991134,29526.754299416883
2901,-23.64331425576559,-47.109375,92.07819863698536,565.3670554171542
2902,3.28436910836578,-52.03125,87.82867192596824,5.0
2903,-16.646039912392965,-50.625,87.22343186477008,5.0
2904,-19.788049410669586,-44.296875,87.38274331618145,2573.267837405412
2905,-3.583321698471977,-43.94531250000006,94.86518094937816,5.0
2906,-30.000000000000014,-51.67968750000006,91.90307928459642,5.0
2907,-8.98929934516282,-63.6328125,96.0653284047265,5.0
2908,-12.024699180565818,-40.4296875,87.28207999234577,5.0
2909,-12.024699180565818,-41.1328125,97.55639183798866,59647.45420686079
2910,-8.98929934516282,-36.21093750000006,87.40625399673561,5.0
2911,2.0893716714986255,-51.328125,86.60338322374501,5.0
2912,-22.993394314297802,-47.109375,97.62351634281463,5.0
2913,-30.000000000000014,-55.1953125,87.50314296265847,2683.8754830101316
2914,-8.687297481032445,-35.859375,90.48106550478633,2678.8740704138045
2915,-22.02431283704216,-50.9765625,87.36201291412604,5.0
2916,-23.31795706533424,-49.5703125,88.61428618381932,5.0
2917,-25.944479772370016,-50.2734375,96.29682761454828,5.0
2918,-16.646039912392965,-48.515625,87.55601325225366,5.0
2919,-12.024699180565818,-47.46093750000006,90.53170074410109,5.0
2920,-12.941631985423356,-38.671875,87.37718328672189,59587.43265479724
2921,-22.669609871750396,-44.6484375,89.83111339386973,5.0
2922,-24.62431835216408,-51.67968750000006,87.57800804315973,5.0
2923,-7.481631264246957,-37.265625,87.4086895581426,14456.939633815235
2924,-15.40409369872549,-49.92187500000006,87.54655093962583,5.0
2925,-27.95318688338115,-54.4921875,87.36493139786826,5.0
2926,-24.296477994805656,-52.734375,96.2439300889382,5.0
2927,-30.34518296958825,-51.328125,87.66011955807842,5.0
2928,-23.64331425576559,-52.03125,87.45475121208288,29786.306858306973
2929,-16.024100308155866,-48.515625,87.72936667960997,5.0
2930,-20.74237995448715,-41.8359375,87.5564931863982,5.0
2931,-22.02431283704216,-51.67968750000006,92.47471579275644,5.0
2932,-4.480798785982216,-59.765625,97.379243227516,14663.343451515002
2933,-20.105509787916006,-43.94531250000006,87.71534151341571,5.0
2934,-22.669609871750396,-46.7578125,95.320431343899,5.0
2935,-7.180755781458288,-36.9140625,88.28277970527112,49363.01996669948
2936,-23.969482317759685,-51.67968750000006,87.33572241485115,5.0
2937,-20.74237995448715,-46.05468750000006,90.99326551536055,1022.8193193835923
2938,-29.313198964168336,-50.2734375,87.81727813664762,5.0
2939,-3.2843691083657944,-60.46875,90.21708200458198,5.0
2940,-10.503271450113203,-63.28125000000006,95.93864232213006,5.0
2941,-21.06181760164931,-46.40625,87.71858737991003,5.0
2942,-11.719760305788782,-43.59375,96.22549391764478,5.0
2943,-22.669609871750396,-43.2421875,92.60622211237201,5.0
2944,-23.64331425576559,-49.92187500000006,87.78371030590557,5.0
2945,-5.6791898455823855,-60.46875,89.29688447211569,5.0
2946,-19.788049410669586,-50.625,87.56331362455425,5.0
2947,-19.47122063449069,-42.5390625,97.49462925031361,49508.4451616626
2948,-15.40409369872549,-55.54687500000006,90.46747424733245,5.0
2949,-28.971532223711293,-56.25,86.98275930755855,49499.3902918196
2950,-25.282603043311994,-54.4921875,87.56472067662307,5.0
2951,-22.346587898361136,-41.48437500000006,89.80277324102079,5.0
2952,-22.669609871750396,-43.2421875,87.1304829688453,5.0
2953,-18.209956864283015,-51.67968750000006,86.74658623746868,2797.489164495969
2954,-28.630989836924357,-55.8984375,87.73155193650048,2768.4918650446452
2955,-22.346587898361136,-42.890625,87.57292455540282,5.0
2956,-22.993394314297802,-47.109375,87.71569970895186,14681.134440437478
2957,-26.61009781073392,-53.0859375,87.47829371965898,5.0
2958,-10.806922874860348,-45.3515625,87.34583766229501,5.0
2959,-24.296477994805656,-52.03125,90.9597420292294,59475.47115519151
2960,-7.782714385390946,-36.21093750000006,87.81881476563711,11643.38156267505
2961,-14.169522214770055,-56.25,87.39374526505061,49335.81072549054
2962,-13.554784037179004,-50.625,87.55521325989024,5.0
2963,-30.34518296958825,-55.54687500000006,88.97335097170271,5.0
2964,-26.276811557199977,-51.328125,87.22079986437313,5.0
2965,-22.669609871750396,-50.2734375,87.32249695349437,5.0
2966,-22.993394314297802,-47.81250000000006,87.22217377065273,2811.851192655778
2967,-20.423615363810953,-45.0,94.15409378180837,5.0
2968,-29.313198964168336,-52.3828125,92.64283948163215,5.0
2969,-19.155010073563744,-44.296875,92.66185494412444,5.0
2970,-15.713861048008212,-48.1640625,91.65801564560181,5.0
2971,-7.180755781458288,-41.1328125,90.51201898344212,5.0
2972,-23.969482317759685,-47.46093750000006,87.76801033400626,5.0
2973,-22.993394314297802,-44.296875,90.09254324471011,3699.4937793145045
2974,-15.713861048008212,-48.1640625,86.9178641721509,5.0
2975,-2.0893716714986112,-47.81250000000006,89.75619321148505,2796.9163439588083
2976,-25.61308321640182,-49.92187500000006,93.21409650681878,5.0
2977,-1.492246289620354,-52.734375,87.799600121167,5.0
2978,-22.669609871750396,-48.8671875,87.60648370335947,5.0
2979,-30.000000000000014,-52.3828125,87.49821227197957,4595.249621848868
2980,-16.957763300004146,-43.2421875,90.10037722358722,5.0
2981,-9.291553238770263,-40.07812500000006,91.04263025334775,5.0
2982,-22.669609871750396,-48.1640625,95.51683877375142,5.0
2983,-24.62431835216408,-50.9765625,87.58596243239991,5.0
2984,-20.105509787916006,-43.94531250000006,93.0081901208047,3485.459013492768
2985,-30.000000000000014,-55.1953125,88.1892747710645,2722.676380435544
2986,-3.583321698471977,-55.1953125,95.76760995931966,5.0
2987,-19.47122063449069,-46.05468750000006,87.83671565384859,5.0
2988,-22.993394314297802,-52.734375,87.82294992890873,2728.0975956153525
2989,-26.61009781073392,-51.67968750000006,88.54137006063681,5.0
2990,-7.481631264246957,-37.96875000000006,92.57773866371586,5.0
2991,-23.969482317759685,-46.7578125,97.31837373546283,5.0
2992,-20.423615363810953,-54.84375,87.22260334640939,5.0
2993,-16.024100308155866,-47.81250000000006,87.09618949142427,5.0
2994,-6.279288322550272,-37.265625,97.06536453724836,4431.1325076693565
2995,-26.61009781073392,-49.5703125,87.83950538373034,5.0
2996,-6.880079227870652,-36.5625,89.59098848258067,5.0
2997,-12.32998415024295,-39.375,87.77535359103399,4500.61368316923
2998,-11.4151577427305,-41.1328125,87.24976915152918,5.0
2999,-26.944358180475746,-49.92187500000006,92.9727782365036,5.0
3000,-22.02431283704216,-44.6484375,92.53374632417612,5.0
3001,-23.969482317759685,-46.7578125,87.54455180192963,5.0
3002,-9.896853442815868,-63.28125000000006,87.53716475583953,14677.797389798969
3003,-21.381942579838892,-46.7578125,94.80993100484773,2619.3231101822084
3004,-20.423615363810953,-41.48437500000006,87.22097278896204,5.0
3005,-25.282603043311994,-49.5703125,95.72438722627999,677.911809634884
3006,-27.95318688338115,-51.67968750000006,87.47013939445114,5.0
3007,-1.492246289620354,-48.515625,89.00984359942466,14560.654054787661
3008,-22.02431283704216,-43.2421875,97.05085752402479,5.0
3009,-3.583321698471977,-53.0859375,90.7100048280305,5.0
3010,-20.105509787916006,-43.2421875,87.68343077923161,5.0
3011,-11.4151577427305,-58.0078125,90.96859889758692,5.0
3012,-12.32998415024295,-55.54687500000006,87.58818710526046,5.0
3013,-14.477512185929939,-41.8359375,87.4979847172931,5.0
3014,-21.381942579838892,-48.1640625,97.61662098203765,2641.0855367911076
3015,-13.248014905676953,-39.0234375,92.60877273622863,5.0
3016,-22.993394314297802,-45.0,90.1290570939079,49360.7889697353
3017,-16.334822780685997,-50.2734375,87.6034774376476,5.0
3018,-4.181528273111482,-54.4921875,87.04562758802709,5.0
3019,-23.969482317759685,-49.5703125,86.83144441119143,29722.28853051889
3020,-11.4151577427305,-62.9296875,88.04043508571932,5.0
3021,-16.957763300004146,-49.5703125,92.84533515685247,6374.5234961822625
3022,-22.346587898361136,-47.81250000000006,87.8496496747804,4410.216218210529
3023,-13.248014905676953,-39.0234375,94.88533696448764,5.0
3024,-3.583321698471977,-41.1328125,86.85947920963277,5.0
3025,-15.40409369872549,-42.890625,87.61897383965677,5.0
3026,-29.313198964168336,-53.0859375,87.44365333905598,5.0
3027,-21.702769403954832,-49.21875000000006,87.72783241147226,5.0
3028,-22.02431283704216,-45.3515625,87.22099865874587,2586.5916969661553
3029,-21.381942579838892,-43.2421875,97.21994083096477,5.0
3030,-8.084013907099305,-48.515625,87.42497644589047,5.0
3031,-16.646039912392965,-49.92187500000006,96.78689028412862,5.0
3032,-23.31795706533424,-45.3515625,87.69892841063552,117728.43521473068
3033,-5.379378991112077,-37.6171875,97.51259181710807,5.0
3034,-11.110881800003284,-62.578125,88.03788605053957,5.0
3035,-10.806922874860348,-37.6171875,97.0027420737186,5.0
3036,-16.957763300004146,-49.5703125,83.0163602884265,49521.43229343858
3037,-30.34518296958825,-52.734375,92.5550861168647,49625.90406483823
3038,-4.181528273111482,-63.6328125,96.2722538620507,5.0
3039,-19.788049410669586,-45.0,87.31204323637903,9546.699610839385
3040,-7.481631264246957,-37.96875000000006,87.25310625321305,5.0
3041,-30.000000000000014,-51.67968750000006,87.69714312299212,49533.837772841405
3042,-5.979156796301311,-47.46093750000006,97.02927379964015,5.0
3043,-16.334822780685997,-50.9765625,87.85641928583965,5.0
3044,-23.31795706533424,-51.67968750000006,87.83623484744474,5.0
3045,-22.669609871750396,-48.1640625,87.31394344272373,5.0
3046,-16.646039912392965,-48.515625,50.018,2756.0730974637795
3047,-14.169522214770055,-47.81250000000006,94.09783204529353,5.0
3048,-16.024100308155866,-47.109375,87.24154551338457,49608.73225942311
3049,-10.503271450113203,-68.203125,89.96650935114747,5.0
3050,-8.084013907099305,-36.5625,96.57902319996462,5.0
3051,-18.83940454727545,-48.8671875,87.40523355925161,5.0
3052,-10.503271450113203,-40.78125,90.43639582950645,5.0
3053,-11.4151577427305,-58.0078125,87.22954580537112,4442.206017201845
3054,-21.702769403954832,-42.18750000000006,89.31030468171353,5.0
3055,-30.000000000000014,-53.0859375,87.34477501054319,5.0
3056,-21.06181760164931,-45.0,92.23838475713347,5.0
3057,-4.181528273111482,-39.0234375,87.53039435973112,5.0
3058,-4.181528273111482,-39.0234375,87.7496228666899,59489.21415001464
3059,-29.313198964168336,-50.2734375,89.20141880541141,5.0
3060,-11.719760305788782,-40.78125,87.35470045771213,14406.378592021354
3061,-5.079715792733481,-45.0,92.4110135930077,5.0
3062,-21.06181760164931,-48.515625,87.53229929042406,5.0
3063,-21.381942579838892,-46.7578125,90.39301585975363,49314.39083861945
3064,-21.702769403954832,-46.40625,87.33713840638657,5.0
3065,-10.503271450113203,-49.92187500000006,90.93649928798663,5.0
3066,-1.492246289620354,-46.40625,87.29645211688617,5.0
3067,-29.656013541178424,-49.92187500000006,87.69820288579794,5.0
3068,-9.896853442815868,-59.765625,87.45735606768511,4446.408072022425
3069,-22.02431283704216,-41.8359375,92.55795713078234,5.0
3070,-22.669609871750396,-47.46093750000006,87.47740373718118,14693.84436458442
3071,-21.06181760164931,-41.48437500000006,95.73966967109848,5.0
3072,-12.635625093021133,-45.3515625,95.99188736415601,5.0
3073,-10.806922874860348,-62.9296875,87.3887256912473,5.0
3074,-21.06181760164931,-49.21875000000006,89.56437332809381,5.0
3075,-26.61009781073392,-48.8671875,87.2417389457507,100538.00571939872
3076,-29.313198964168336,-52.3828125,87.65248144454429,383.9186826354972
3077,-5.6791898455823855,-42.890625,91.57757737631063,5.0
3078,-6.880079227870652,-37.265625,90.34892355041161,8427.249399540755
3079,-29.313198964168336,-53.0859375,89.82969685190758,2759.4768963600145
3080,-23.31795706533424,-51.67968750000006,87.5051262138395,5.0
3081,-27.27961273597809,-50.2734375,87.63421396963516,4338.612460471337
3082,-8.084013907099305,-37.96875000000006,87.26232680872246,5.0
3083,-20.74237995448715,-43.2421875,91.73025541400867,5.0
3084,-22.669609871750396,-50.9765625,87.80437302242127,5.0
3085,-22.346587898361136,-52.03125,91.4555628388233,5.0
3086,-16.334822780685997,-48.1640625,87.45970497908819,5.0
3087,-1.7907846593289634,-65.7421875,87.56176849903648,5.0
3088,-20.74237995448715,-46.7578125,87.57498646096566,5.0
3089,-9.896853442815868,-43.59375,86.76857033804293,2670.7643055480185
3090,-17.582776008425412,-48.8671875,87.58422356761082,59657.296620741574
3091,-29.656013541178424,-52.03125,93.92119661628361,2741.58695851014
3092,-16.024100308155866,-43.59375,96.12865201129486,5.0
3093,-25.61308321640182,-49.92187500000006,87.82374552218742,5.0
3094,-7.782714385390946,-41.1328125,87.73895707063313,5.0
3095,-22.02431283704216,-44.6484375,86.8286966348526,5.0
3096,-30.000000000000014,-50.9765625,95.67968595866569,5.0
3097,-5.379378991112077,-36.21093750000006,86.61793902353715,5.0
3098,-0.8952829865701233,-48.515625,97.13248287409267,540.9966872968653
3099,-16.957763300004146,-49.5703125,87.78453677126873,5.0
3100,-5.079715792733481,-43.59375,87.58542221638221,5.0
3101,-23.31795706533424,-46.7578125,96.83852812260055,5.0
3102,-28.291548862929403,-52.734375,86.75258207809496,5.0
3103,-16.957763300004146,-49.5703125,88.65138418704447,5.0
3104,-10.199918091116302,-63.6328125,87.93154777956458,5.0
3105,-16.957763300004146,-48.8671875,87.41965660335738,5.0
3106,-22.993394314297802,-49.21875000000006,87.70297646122343,5.0
3107,-1.1937484371410818,-62.9296875,90.24186729787499,5.0
3108,-20.74237995448715,-42.5390625,91.9704528060821,4428.136188523649
3109,-21.381942579838892,-51.67968750000006,50.018,4583.017748178146
3110,-21.702769403954832,-52.03125,97.0588677412812,5.0
3111,-9.594068226860458,-48.8671875,87.34557758545863,5.0
3112,-22.669609871750396,-43.2421875,87.43893516317263,2564.247386121956
3113,-5.079715792733481,-47.81250000000006,87.47934840830798,5.0
3114,-8.084013907099305,-47.81250000000006,86.91145879333655,5.0
3115,-27.27961273597809,-53.78906250000006,87.28950867543885,5.0
3116,-23.31795706533424,-50.9765625,97.52029009634147,5.0
3117,-1.492246289620354,-48.515625,87.54930169263693,2810.36107991517
3118,-9.594068226860458,-36.21093750000006,87.2790298246501,2862.675099457135
3119,-8.385538647081319,-37.6171875,87.26779552116163,5.0
3120,-10.806922874860348,-63.6328125,91.74196243342416,5.0
3121,-9.594068226860458,-36.21093750000006,95.19261811438963,5.0
3122,-3.882372003029573,-44.296875,87.47053227816986,5.0
3123,-17.896089316234637,-43.59375,86.71139358144376,59741.05394988796
3124,-22.993394314297802,-45.0,87.4247528602363,5.0
3125,-21.06181760164931,-42.890625,87.13264104973767,5.0
3126,-22.02431283704216,-44.6484375,87.26293354378792,2685.63681097956
3127,-4.480798785982216,-44.296875,87.70651944740838,4495.14037557964
3128,-29.313198964168336,-50.2734375,87.4339843115517,2873.226597459944
3129,-25.61308321640182,-50.625,87.8206733473385,5.0
3130,-24.296477994805656,-53.43750000000006,87.46585656734031,5.0
3131,-24.953020787727496,-52.734375,97.09320998130833,5.0
3132,-28.971532223711293,-56.25,96.34463894957386,5.0
3133,-20.105509787916006,-43.94531250000006,88.30234332079849,49667.41385051747
3134,-8.084013907099305,-40.78125,87.60230713817907,5.0
3135,-21.381942579838892,-49.5703125,87.63843460252768,49335.61856234608
3136,-23.31795706533424,-48.8671875,87.67994614120997,5.0
3137,-23.31795706533424,-51.67968750000006,91.9840622058243,4656.139543219718
3138,-19.788049410669586,-44.296875,87.73373497281858,5.0
3139,-4.181528273111482,-53.78906250000006,95.23534847420167,59635.15926579094
3140,-15.40409369872549,-49.92187500000006,97.12637400834411,5.0
3141,-28.291548862929403,-49.21875000000006,87.5773264023985,5.0
3142,-20.74237995448715,-45.3515625,88.17555491418531,2810.0982643415755
3143,-20.105509787916006,-44.6484375,87.25166061481676,5.0
3144,-10.503271450113203,-40.07812500000006,87.39417090183701,5.0
3145,-15.40409369872549,-60.46875,87.68212745729862,59504.80651733251
3146,-27.6158819838447,-50.625,87.40192241714027,5.0
3147,-22.02431283704216,-47.46093750000006,95.62741489909466,5.0
3148,-23.969482317759685,-47.46093750000006,87.33714273980706,5.0
3149,-17.896089316234637,-53.43750000000006,87.7391721982239,4509.520623520125
3150,-21.381942579838892,-44.6484375,89.35925361935723,5.0
3151,-9.594068226860458,-36.21093750000006,91.02139085867005,5.0
3152,-22.669609871750396,-47.46093750000006,87.64103367042124,5.0
3153,-16.957763300004146,-53.78906250000006,95.47989635237579,5.0
3154,-17.27000469497446,-49.21875000000006,88.33373214829986,5.0
3155,-21.702769403954832,-45.70312500000006,87.71733442485328,5.0
3156,-28.971532223711293,-52.734375,87.21405547427068,5.0
3157,-3.882372003029573,-41.48437500000006,87.75137829262954,5.0
3158,-24.953020787727496,-50.625,94.37163500666036,5.0
3159,-11.4151577427305,-37.6171875,89.58187405053746,5.0
3160,-17.27000469497446,-47.109375,94.6644588922604,5.0
3161,-2.0893716714986112,-54.84375,87.79101984378921,5.0
3162,-12.024699180565818,-61.52343750000006,87.28330275309064,5.0
3163,-19.47122063449069,-50.2734375,86.62538804137989,5.0
3164,-3.583321698471977,-41.8359375,87.53308233623358,5.0
3165,-19.155010073563744,-49.92187500000006,91.16699869668632,1165.2413594670763
3166,-28.630989836924357,-51.67968750000006,93.5682339280687,5.0
3167,-5.6791898455823855,-42.890625,87.52298786760937,5.0
3168,-23.64331425576559,-47.109375,87.79324005045397,5.0
3169,-16.334822780685997,-48.1640625,87.69247396023248,5.0
3170,-21.702769403954832,-42.890625,87.67814875252323,29815.895882150104
3171,-10.199918091116302,-56.6015625,87.43591803360606,5.0
3172,-6.880079227870652,-35.15625,87.307514999839,5.0
3173,-7.180755781458288,-48.1640625,87.38905994637302,5.0
3174,-4.181528273111482,-44.6484375,87.11864169116186,5.0
3175,-7.481631264246957,-35.859375,87.39100967696821,5.0
3176,-22.02431283704216,-48.8671875,86.5728719956722,5.0
3177,-27.27961273597809,-52.3828125,89.86794408007071,4637.081228690394
3178,-24.62431835216408,-54.4921875,87.55086813284674,5.0
3179,-22.346587898361136,-48.515625,97.39718683293574,5.0
3180,-5.6791898455823855,-35.859375,87.38504267767757,5.0
3181,-11.4151577427305,-48.1640625,87.59068673373646,5.0
3182,-12.32998415024295,-39.375,87.60692690670906,5.0
3183,-9.896853442815868,-68.203125,86.5640060200254,5.0
3184,-19.788049410669586,-48.515625,94.84493728845591,5.0
3185,-20.105509787916006,-46.05468750000006,86.84253672576618,5.0
3186,-14.785930226053424,-49.21875000000006,97.08987756386817,9698.961748180116
3187,-14.477512185929939,-40.4296875,95.9982319279721,5.0
3188,-25.282603043311994,-53.0859375,87.84713877071906,2745.272545379214
3189,-23.969482317759685,-46.7578125,87.85805378855052,5.0
3190,-12.32998415024295,-45.70312500000006,90.26450577088103,5.0
3191,-28.291548862929403,-53.43750000000006,87.64641521819594,14574.924866399999
3192,-29.313198964168336,-49.5703125,90.16647551693468,5.0
3193,-12.941631985423356,-38.671875,86.99366176338319,2747.5610960476233
3194,-14.477512185929939,-39.72656250000006,87.10344203081533,1435.070559174053
3195,-19.47122063449069,-45.3515625,87.74129418420995,5.0
3196,-28.971532223711293,-49.92187500000006,87.9458575083876,5.0
3197,-26.944358180475746,-49.21875000000006,95.89196370451023,5.0
3198,-5.6791898455823855,-49.92187500000006,87.26464467732178,49473.41289362267
3199,-16.024100308155866,-48.515625,94.4207335842304,3536.4871214489654
3200,-20.423615363810953,-53.43750000000006,87.40712007435344,5.0
3201,-19.47122063449069,-49.5703125,87.65592419922903,5.0
3202,-7.782714385390946,-36.9140625,87.55117505794804,5.0
3203,-26.276811557199977,-49.92187500000006,87.66413260752799,5.0
3204,-22.02431283704216,-41.8359375,87.32661018397542,5.0
3205,-25.61308321640182,-51.328125,87.80394213221146,5.0
3206,-26.276811557199977,-49.92187500000006,93.87824958071418,5.0
3207,-23.31795706533424,-46.7578125,87.72007374494467,5.0
3208,-16.957763300004146,-39.72656250000006,87.78642585919586,2851.405700468849
3209,-21.06181760164931,-41.48437500000006,95.07792594184419,14713.548379127424
3210,-7.180755781458288,-48.1640625,91.38305417415904,2645.1089853493236
3211,-22.02431283704216,-43.2421875,87.78621067611579,4376.110569759428
3212,-7.481631264246957,-37.96875000000006,87.47153723320703,5.0
3213,-22.346587898361136,-42.890625,95.81979292924032,5.0
3214,-8.98929934516282,-36.9140625,88.5148052831326,5.0
3215,-5.979156796301311,-38.32031250000006,87.42212686103723,2683.6566581675147
3216,-7.180755781458288,-38.32031250000006,87.48698181743646,29853.735685578773
3217,1.7907846593289491,-50.9765625,93.91676531259951,709.95765095959
3218,-22.993394314297802,-52.734375,86.9862932633024,9716.6943529755
3219,-22.993394314297802,-45.0,97.57382134400343,5.0
3220,-19.788049410669586,-48.515625,87.29937716096494,5.0
3221,-7.180755781458288,-43.94531250000006,93.73421113710472,5.0
3222,-4.480798785982216,-40.07812500000006,87.65685928598124,5.0
3223,-1.7907846593289634,-48.1640625,87.7885924714604,5.0
3224,-7.180755781458288,-37.6171875,95.71303892382826,391.5261117678249
3225,-27.6158819838447,-53.43750000000006,87.68137770810868,5.0
3226,-9.594068226860458,-56.6015625,87.84980455619396,5.0
3227,-14.477512185929939,-39.72656250000006,87.04727008827116,5.0
3228,-5.6791898455823855,-42.890625,78.26911763991016,5.0
3229,-8.687297481032445,-37.265625,87.45410305383845,5.0
3230,-19.788049410669586,-44.296875,90.76576285953765,5.0
3231,-21.06181760164931,-42.890625,87.28709246610126,5.0
3232,-9.594068226860458,-36.21093750000006,87.27694902726846,4364.332710436925
3233,-3.583321698471977,-39.72656250000006,87.67874065929392,5.0
3234,-16.024100308155866,-50.625,90.17566830565524,5.0
3235,-9.291553238770263,-48.515625,91.54410879393873,14503.109419278639
3236,-8.687297481032445,-49.21875000000006,87.36440361213538,4671.488449346963
3237,-29.656013541178424,-51.328125,87.23074844222707,14448.253370470378
3238,-21.381942579838892,-49.5703125,97.09190236538697,5.0
3239,-20.423615363810953,-49.92187500000006,87.4755534567501,5.0
3240,-16.646039912392965,-51.328125,95.16845486331515,5.0
3241,-16.957763300004146,-50.2734375,95.36902905530334,5.0
3242,-20.105509787916006,-43.94531250000006,93.0660611029236,14652.036734896801
3243,-22.346587898361136,-42.18750000000006,87.35140201460341,5.0
3244,-22.669609871750396,-49.5703125,94.39905035505716,5.0
3245,-7.180755781458288,-35.5078125,92.99721159154245,5.0
3246,-19.155010073563744,-40.78125,89.125762735208,5.0
3247,-16.334822780685997,-45.3515625,87.57902426608445,5.0
3248,-26.944358180475746,-51.328125,87.47804401068463,2548.7117436270946
3249,-21.381942579838892,-43.94531250000006,87.2879365010205,4627.060306977783
3250,-20.105509787916006,-48.1640625,87.81230651010905,29720.818351766622
3251,-5.979156796301311,-41.1328125,88.77033408890743,5.0
3252,-21.06181760164931,-43.59375,87.60895186986018,5.0
3253,-5.979156796301311,-39.0234375,87.7658028389761,5.0
3254,-13.554784037179004,-43.59375,87.61459680682697,5.0
3255,-6.579592944977634,-37.6171875,90.07352070825249,14709.118741462908
3256,-22.346587898361136,-44.296875,96.22753066592006,5.0
3257,-8.084013907099305,-35.859375,87.34475951890936,2561.3548190669353
3258,-16.024100308155866,-49.21875000000006,87.63878871054932,5.0
3259,-27.6158819838447,-49.92187500000006,87.31359530147004,5.0
3260,-8.084013907099305,-37.265625,89.83333208118958,5.0
3261,-19.47122063449069,-43.94531250000006,92.02327509266712,5.0
3262,-16.646039912392965,-49.21875000000006,97.01280895728044,880.6641746534258
3263,-1.7907846593289634,-48.8671875,87.50016606899985,5.0
3264,-23.969482317759685,-46.7578125,97.18339325815943,1222.385289687024
3265,-4.181528273111482,-49.5703125,87.20867754963608,3385.8388533687457
3266,-18.524391073865786,-48.515625,89.29164054165226,5.0
3267,-20.423615363810953,-45.70312500000006,87.13994095453901,2598.800327887073
3268,-21.381942579838892,-45.3515625,96.04066812652917,5.0
3269,-22.346587898361136,-47.109375,87.8394153878791,5.0
3270,-9.896853442815868,-42.890625,90.5111788958373,2678.803176962724
3271,-1.1937484371410818,-48.1640625,94.64938308965924,59731.097942170934
3272,-22.993394314297802,-49.21875000000006,87.32636024520664,5.0
3273,-20.105509787916006,-46.05468750000006,86.92058532712683,5.0
3274,-25.61308321640182,-52.734375,95.67329618933827,5.0
3275,-24.953020787727496,-54.140625,87.5489184072045,5.0
3276,-25.61308321640182,-48.515625,87.29752127023873,350.012028384013
3277,-18.83940454727545,-44.6484375,87.7564774580604,14734.733887230772
3278,-13.248014905676953,-39.0234375,89.17310671859548,5.0
3279,-23.969482317759685,-46.7578125,86.83042374227298,5.0
3280,-17.582776008425412,-43.94531250000006,87.4947904348414,5.0
3281,-7.481631264246957,-35.859375,86.85206537160613,5.0
3282,-26.276811557199977,-52.734375,87.69141470283934,5.0
3283,-27.27961273597809,-50.2734375,96.07376758007838,5.0
3284,-18.209956864283015,-46.7578125,97.48582069572238,2551.308123294777
3285,-4.181528273111482,-39.0234375,90.01432692082957,5.0
3286,-15.713861048008212,-40.4296875,87.34167364745701,5.0
3287,-24.296477994805656,-54.140625,96.34212396008684,2814.2958552732907
3288,-27.95318688338115,-54.4921875,87.82108155526244,5.0
3289,-8.084013907099305,-37.96875000000006,87.33100911126844,5.0
3290,-3.882372003029573,-38.671875,96.77118520343541,5.0
3291,-26.944358180475746,-48.515625,92.74930723862578,5.0
3292,-16.024100308155866,-56.25,92.1093658134509,5.0
3293,-20.105509787916006,-43.94531250000006,91.46667865771688,5.0
3294,-30.000000000000014,-53.78906250000006,87.39399619648509,4467.140074932324
3295,-3.882372003029573,-38.671875,87.40841705392343,2653.538195861299
3296,-21.702769403954832,-46.40625,90.94047254818526,5.0
3297,-4.181528273111482,-39.0234375,87.42020055071782,5.0
3298,-15.713861048008212,-56.6015625,87.7162040986795,5.0
3299,-24.296477994805656,-54.140625,93.33204852100761,5.0
3300,-16.957763300004146,-49.5703125,93.38783935801388,5.0
3301,-31.738394244764436,-52.734375,87.7359288529851,5.0
3302,-20.423615363810953,-47.81250000000006,93.62343393048036,5.0
3303,-12.941631985423356,-39.375,94.82992222110646,2629.6606366425585
3304,-8.687297481032445,-44.296875,90.27942687255675,5.0
3305,-14.477512185929939,-48.1640625,87.43196653163622,2675.667421497088
3306,-15.40409369872549,-48.515625,87.49359549424044,2594.4665538972845
3307,-4.181528273111482,-50.9765625,87.54879393228038,5.0
3308,-15.40409369872549,-51.328125,87.28106179825974,2282.6517006542044
3309,-18.209956864283015,-48.8671875,87.49244343394575,2604.9783592564504
3310,-22.993394314297802,-49.92187500000006,87.40640610281794,5.0
3311,-21.702769403954832,-42.18750000000006,87.73872326062437,5.0
3312,-22.669609871750396,-46.7578125,96.41203090924307,5.0
3313,-0.8952829865701233,-48.515625,87.26440090123549,15859.287740317006
3314,-8.385538647081319,-35.5078125,91.7635999025414,5.0
3315,-22.02431283704216,-50.9765625,90.91758566071954,5.0
3316,-18.83940454727545,-46.7578125,87.25260380445212,5.0
3317,0.0,-67.14843750000006,96.79404220856473,5.0
3318,-24.296477994805656,-53.43750000000006,88.3369072624075,5.0
3319,-23.64331425576559,-46.40625,87.61488215016682,2542.567460286354
3320,-20.105509787916006,-43.2421875,92.72972851696588,5.0
3321,-3.882372003029573,-38.671875,87.47109083988069,4194.732113131248
3322,-23.64331425576559,-47.109375,91.05868829672568,1240.5542706384635
3323,-20.74237995448715,-46.05468750000006,86.93383156441304,5.0
3324,-23.969482317759685,-50.9765625,94.85006267995377,5.0
3325,-23.64331425576559,-53.43750000000006,87.72904628042873,4467.3088814923885
3326,-23.969482317759685,-46.05468750000006,90.00902379743457,29634.447238608926
3327,-19.788049410669586,-45.70312500000006,87.4222488181897,5.0
3328,-6.579592944977634,-41.1328125,90.68623883269302,5.0
3329,-22.02431283704216,-45.3515625,93.06012066390603,5.0
3330,-21.381942579838892,-48.1640625,87.76290175934611,2635.6848326572926
3331,-23.31795706533424,-49.5703125,89.66208956273911,1201.7101763400076
3332,-7.180755781458288,-36.21093750000006,87.74007136962639,5.0
3333,-7.782714385390946,-36.21093750000006,96.04858652080169,8482.06744349752
3334,-27.6158819838447,-53.43750000000006,87.79623492537965,5.0
3335,-23.31795706533424,-46.05468750000006,94.91155858088393,2830.190175222171
3336,-27.95318688338115,-50.2734375,93.87074200444283,5.0
3337,-23.64331425576559,-49.92187500000006,87.67812446780881,5.0
3338,-21.06181760164931,-49.21875000000006,87.43420889543256,5.0
3339,-21.702769403954832,-43.59375,87.67214530420594,5.0
3340,-27.6158819838447,-54.140625,94.51216902789236,5.0
3341,-20.74237995448715,-49.5703125,87.43089402364312,5.0
3342,-21.381942579838892,-43.2421875,87.83215186090152,5.0
3343,-6.880079227870652,-36.5625,93.99334871745604,5.0
3344,-18.524391073865786,-49.21875000000006,87.60102751408084,5.0
3345,-22.669609871750396,-41.8359375,90.09151852842265,2586.7306607948235
3346,-10.806922874860348,-62.9296875,87.45522745504933,636.0930163056464
3347,-8.084013907099305,-38.671875,87.27088898495722,5.0
3348,-12.635625093021133,-41.1328125,93.68619169365505,5.0
3349,-9.594068226860458,-56.6015625,87.25694948020737,5.0
3350,-8.385538647081319,-36.9140625,87.49003939865364,14591.621394983806
3351,-16.646039912392965,-45.0,95.20330935104796,14627.901964682665
3352,-27.95318688338115,-50.2734375,87.59155293766094,432.6297015649793
3353,-19.47122063449069,-44.6484375,97.39626054896813,23485.96443656684
3354,-7.782714385390946,-46.05468750000006,97.45861743838756,3545.7339880409113
3355,-4.181528273111482,-39.0234375,87.48584115097563,4417.3467149123035
3356,-22.346587898361136,-42.18750000000006,86.94882128665535,5.0
3357,-15.713861048008212,-48.1640625,91.356412122646,5.0
3358,-24.953020787727496,-54.140625,87.73285284843477,5.0
3359,-22.02431283704216,-53.0859375,87.25936162066924,5.0
3360,-23.969482317759685,-46.7578125,91.42227968153917,5.0
3361,-10.806922874860348,-62.2265625,86.83284082992859,5.0
3362,-22.346587898361136,-43.59375,95.50159725156122,5.0
3363,-10.503271450113203,-68.90625,87.31059932444263,5.0
3364,-28.971532223711293,-50.625,87.29526756425193,5.0
3365,-21.702769403954832,-56.25,87.36064744338273,5.0
3366,-12.941631985423356,-38.671875,97.27713065121551,17304.122153781285
3367,-10.503271450113203,-39.375,91.05097294997604,2606.401692211435
3368,-7.782714385390946,-38.32031250000006,93.87124531125862,5.0
3369,-22.346587898361136,-42.890625,87.66072535691356,5.0
3370,-8.687297481032445,-63.984375,87.57782198478668,5.0
3371,-21.06181760164931,-51.328125,87.44015672960572,5.0
3372,-10.503271450113203,-63.984375,87.77295314106986,14494.397032689512
3373,-22.02431283704216,-50.9765625,87.99163095069686,5.0
3374,-24.62431835216408,-53.78906250000006,89.93548105368426,5.0
3375,-23.969482317759685,-52.3828125,87.47075697492924,2615.166749523827
3376,-23.64331425576559,-49.21875000000006,97.16887723437924,5.0
3377,-7.782714385390946,-48.1640625,87.35265240281385,5.0
3378,-4.780191847199163,-43.2421875,97.32734829913979,5.0
3379,-22.669609871750396,-54.4921875,86.63977749542421,5.0
3380,-15.094787099543197,-39.0234375,87.77359890846989,5.0
3381,-16.957763300004146,-49.5703125,87.57384070184156,5.0
3382,-2.6867241856916024,-54.84375,87.73033408376816,5.0
3383,-10.199918091116302,-58.7109375,88.38238911482796,4474.446583563546
3384,-2.6867241856916024,-44.296875,87.71203672344225,5.0
3385,-27.27961273597809,-53.0859375,87.68399458499789,7829.590821607136
3386,-9.594068226860458,-40.4296875,92.14028643390616,5.0
3387,-20.423615363810953,-49.92187500000006,90.88570858487182,5.0
3388,-2.9855060057465437,-44.6484375,94.69286277758347,5.0
3389,-22.02431283704216,-46.7578125,87.46107780464573,5.0
3390,-12.941631985423356,-39.375,89.45566789309018,5.0
3391,-27.6158819838447,-49.21875000000006,88.76828470084565,5.0
3392,-27.27961273597809,-48.8671875,87.6230103422427,2668.2342800663396
3393,-12.941631985423356,-38.671875,87.78026642226922,5.0
3394,-27.6158819838447,-48.515625,87.54736222253908,5.0
3395,-31.738394244764436,-54.140625,87.31491450574855,29622.484251473168
3396,-24.953020787727496,-49.21875000000006,87.41219504663854,5.0
3397,-25.944479772370016,-53.0859375,87.26579789010627,5.0
3398,-9.594068226860458,-35.5078125,90.82210758944106,722.869185168102
3399,-20.74237995448715,-50.9765625,90.36842520053118,5.0
3400,-3.882372003029573,-38.671875,97.18707712107752,5.0
3401,-5.079715792733481,-37.265625,92.04781084595126,5.0
3402,-32.089951256280315,-52.3828125,87.07975938882602,5.0
3403,-12.941631985423356,-38.671875,95.80277755115488,5.0
3404,-23.31795706533424,-46.7578125,95.35289036924678,5.0
3405,-24.296477994805656,-52.734375,87.72248871072694,19366.915244263655
3406,-26.276811557199977,-49.92187500000006,88.78900693061661,2671.164697416564
3407,-31.738394244764436,-52.03125,97.42453499951668,5.0
3408,-9.594068226860458,-56.6015625,87.8427888668144,5.0
3409,-2.9855060057465437,-41.8359375,96.32895345364285,14522.075328813364
3410,-16.334822780685997,-47.46093750000006,87.23541342439644,5.0
3411,-6.279288322550272,-37.96875000000006,87.38143953932092,5.0
3412,-2.0893716714986112,-50.625,87.71902050134105,5.0
3413,-14.785930226053424,-40.78125,88.75470347282219,2838.161167879438
3414,-23.969482317759685,-49.5703125,94.25514483683419,5.0
3415,-20.423615363810953,-44.296875,97.53811617202767,59409.84943350612
3416,-12.635625093021133,-45.3515625,87.6488506983536,5.0
3417,-21.702769403954832,-43.59375,87.02498066181927,5.0
3418,-8.98929934516282,-35.5078125,93.86607631428443,5.0
3419,-1.492246289620354,-47.81250000000006,89.32605556740401,5.0
3420,-23.64331425576559,-47.109375,87.39156683017323,2804.3152017628954
3421,-21.381942579838892,-46.7578125,87.7921240809373,49321.10069207274
3422,-23.64331425576559,-47.81250000000006,92.43033842528857,5.0
3423,-2.9855060057465437,-45.3515625,93.02164593563377,39612.71212136173
3424,-25.61308321640182,-52.03125,87.79859976308919,4385.38294193957
3425,-21.381942579838892,-48.1640625,87.53577941323023,5.0
3426,-20.423615363810953,-45.0,97.40276037662979,5.0
3427,-21.381942579838892,-46.7578125,90.40783113072021,5.0
3428,-26.61009781073392,-49.5703125,87.67505923526465,5.0
3429,-20.74237995448715,-43.94531250000006,87.50231739169087,5.0
3430,-20.74237995448715,-48.1640625,92.09107449534432,403.2706899275917
3431,-30.69158768492234,-51.67968750000006,87.45056582834621,5.0
3432,-23.64331425576559,-51.328125,87.35529068082084,4340.125823086049
3433,-17.27000469497446,-49.92187500000006,87.83944895884736,4393.131669786611
3434,-22.669609871750396,-47.46093750000006,87.5151933963123,5.0
3435,-16.024100308155866,-56.25,89.89256879582364,5.0
3436,-8.98929934516282,-37.6171875,87.28259565308754,5.0
3437,-21.06181760164931,-49.92187500000006,90.28189949543135,5.0
3438,-28.630989836924357,-49.5703125,87.50614781877381,5.0
3439,-28.630989836924357,-49.5703125,50.018,5.0
3440,-13.861949672048638,-50.2734375,87.2947594806436,5.0
3441,-19.788049410669586,-40.78125,97.02868156824934,5.0
3442,-8.385538647081319,-43.94531250000006,95.44540752187929,5.0
3443,-31.388166464348544,-50.9765625,87.43897382540187,5.0
3444,-30.34518296958825,-52.03125,93.22823085976427,2807.395517627173
3445,-21.702769403954832,-45.70312500000006,89.43157441467321,49398.08384431962
3446,-24.296477994805656,-53.43750000000006,97.37630482685489,5.0
3447,-22.669609871750396,-42.5390625,87.62823940108969,5.0
3448,-20.74237995448715,-40.4296875,90.78564782124704,5.0
3449,-3.583321698471977,-45.3515625,87.20904669481149,5.0
3450,-17.896089316234637,-52.03125,87.65884936687692,5.0
3451,-22.02431283704216,-43.2421875,97.31023704641879,5.0
3452,-22.346587898361136,-56.953125,87.85181503869617,29586.12364964872
3453,-15.40409369872549,-47.109375,87.51234367849594,5.0
3454,-28.971532223711293,-49.21875000000006,87.28574874246564,2681.3822864641897
3455,-7.180755781458288,-36.9140625,91.31530556175805,5.0
3456,-19.155010073563744,-40.78125,90.13109176788767,5.0
3457,-22.346587898361136,-45.0,87.6286896667237,5.0
3458,-22.346587898361136,-41.48437500000006,97.19019991591685,5.0
3459,-21.702769403954832,-46.40625,86.72669428624268,5.0
3460,-10.806922874860348,-39.0234375,87.53376412094106,5.0
3461,-6.880079227870652,-36.5625,96.75342404821305,5.0
3462,-21.381942579838892,-41.1328125,87.55703297334954,5.0
3463,-21.06181760164931,-48.515625,87.46417893174863,5.0
3464,-7.481631264246957,-37.96875000000006,87.84537922610691,14754.172282610316
3465,-22.669609871750396,-48.1640625,94.45029005227147,5.0
3466,-17.896089316234637,-50.625,87.26259802765905,5.0
3467,-22.02431283704216,-46.7578125,97.1163611209616,5.0
3468,-25.61308321640182,-52.03125,93.70588762189558,4589.014355267461
3469,-7.180755781458288,-36.21093750000006,87.36818844899102,5.0
3470,-1.7907846593289634,-48.1640625,91.54239401072508,5.0
3471,-23.969482317759685,-52.3828125,87.64358794242607,5.0
3472,-21.06181760164931,-42.18750000000006,87.66702493262261,5.0
3473,-22.669609871750396,-52.3828125,93.36889363392116,5.0
3474,-25.61308321640182,-50.625,97.30060845392788,29766.944934736483
3475,-23.969482317759685,-46.05468750000006,87.2943806905004,12704.346746456737
3476,-29.656013541178424,-51.328125,87.69181331613112,5.0
3477,-20.105509787916006,-45.3515625,87.77335004023473,5.0
3478,-18.83940454727545,-40.4296875,87.63189793523676,5.0
3479,-16.334822780685997,-52.3828125,87.61415697865229,5.0
3480,-6.880079227870652,-37.96875000000006,87.08239561866648,8423.809701188267
3481,-20.423615363810953,-40.78125,90.87805719191171,5.0
3482,-11.110881800003284,-68.90625,87.71288202969725,5.0
3483,-28.630989836924357,-55.1953125,87.38649837033061,5.0
3484,-20.74237995448715,-46.05468750000006,94.25012268314845,2844.1438671272826
3485,-20.74237995448715,-41.1328125,93.90197555248814,5.0
3486,-14.785930226053424,-59.765625,87.78071808325201,5.0
3487,-3.583321698471977,-53.0859375,87.52663513897544,5.0
3488,-2.6867241856916024,-49.21875000000006,90.02995598407689,5.0
3489,-16.646039912392965,-47.81250000000006,87.51271225834758,49377.76849729553
3490,-4.480798785982216,-38.671875,87.44221696685115,5.0
3491,-21.06181760164931,-42.890625,92.07320715986785,5.0
3492,-27.27961273597809,-52.3828125,86.94109601960785,5.0
3493,-27.27961273597809,-50.2734375,87.2512711701561,2747.034588974282
3494,-22.02431283704216,-55.1953125,85.67399974600582,5.0
3495,-8.385538647081319,-45.3515625,87.32991928622272,5.0
3496,-26.61009781073392,-50.9765625,87.21642050554135,5.0
3497,-27.27961273597809,-48.8671875,97.60840885194972,5.0
3498,-7.782714385390946,-35.5078125,87.51360160380098,648.5538121943217
3499,-23.31795706533424,-51.67968750000006,87.32495071020335,10863.841062142363
3500,-11.4151577427305,-62.2265625,87.44896083436763,5.0
3501,-23.969482317759685,-46.05468750000006,97.05208240786992,5.0
3502,-31.738394244764436,-52.734375,87.82637084414253,49358.64353286495
3503,-2.388015463268786,-44.6484375,87.61635923481263,5.0
3504,-27.6158819838447,-49.92187500000006,95.56476047197893,5.0
3505,-21.381942579838892,-47.46093750000006,87.65714988834176,5.0
3506,-30.000000000000014,-51.67968750000006,87.57605885567864,5.0
3507,-18.209956864283015,-48.1640625,87.40338223964106,5.0
3508,-25.944479772370016,-50.9765625,87.63390555999995,2638.5055004580536
3509,-3.882372003029573,-44.296875,87.55128580962379,2859.7418770564523
3510,-13.554784037179004,-56.953125,90.69145631800315,5.0
3511,-3.882372003029573,-38.671875,87.51464628668808,5.0
3512,-30.000000000000014,-50.9765625,88.52036658290683,5.0
3513,-24.62431835216408,-50.9765625,87.21223243917376,5.0
3514,-25.944479772370016,-49.5703125,87.38176033596027,5.0
3515,-28.971532223711293,-52.03125,87.67393409497032,5.0
3516,-4.480798785982216,-38.671875,97.05976104197941,42743.282751443614
3517,-15.713861048008212,-46.7578125,87.6331689771534,2768.1266357204895
3518,-4.181528273111482,-43.94531250000006,90.4184707531735,5.0
3519,-8.385538647081319,-48.1640625,87.4680108253685,5.0
3520,-8.98929934516282,-36.9140625,87.29489131851243,5.0
3521,-18.209956864283015,-41.8359375,87.15654990365073,49615.90563375061
3522,-10.503271450113203,-40.78125,87.53604840450575,5.0
3523,-5.379378991112077,-37.6171875,87.33629747390059,5.0
3524,-7.180755781458288,-36.9140625,87.35840073934722,5.0
3525,-6.579592944977634,-35.5078125,92.81854024013873,7641.608977631529
3526,-30.000000000000014,-51.67968750000006,86.65139467286673,14414.560122176505
3527,-23.64331425576559,-49.92187500000006,88.11571764710443,5.0
3528,-30.000000000000014,-54.4921875,87.63615592334587,14403.850675110742
3529,-17.27000469497446,-54.140625,87.80797078151744,5.0
3530,-11.110881800003284,-61.875,88.21986213856846,5.0
3531,-23.969482317759685,-46.7578125,87.54680191689961,4547.142521336666
3532,-12.941631985423356,-38.671875,87.5221172595487,4655.530924402468
3533,-11.719760305788782,-37.96875000000006,92.16089022352875,5.0
3534,-8.98929934516282,-35.5078125,95.52295563805573,5.0
3535,-6.279288322550272,-38.671875,87.3835076721178,4019.310678755694
3536,-9.896853442815868,-35.859375,87.25512456071873,2780.3552578917397
3537,-14.785930226053424,-57.65625000000006,96.14106730598401,14444.845198828201
3538,-22.02431283704216,-43.2421875,87.59618488696056,5.0
3539,-3.882372003029573,-44.296875,87.9810229107117,49477.608295741586
3540,-8.385538647081319,-48.8671875,87.60922787168842,94868.95817304192
3541,-24.296477994805656,-50.625,87.29322676929425,5.0
3542,-6.579592944977634,-36.21093750000006,88.89656455524444,4558.964625847678
3543,-13.861949672048638,-43.2421875,87.83310430325224,5.0
3544,-26.61009781073392,-49.5703125,87.39758386339682,5.0
3545,-6.880079227870652,-36.5625,87.73404598303686,5.0
3546,-4.480798785982216,-41.48437500000006,93.75692467292657,5.0
3547,-18.83940454727545,-46.05468750000006,88.93050260210558,5.0
3548,-12.024699180565818,-48.8671875,87.25417627209544,6219.2148079606395
3549,-20.423615363810953,-45.0,87.91264810529265,5.0
3550,-24.296477994805656,-54.140625,91.29414787553362,5.0
3551,-6.279288322550272,-35.15625,93.63811937262486,29699.719929484098
3552,-20.74237995448715,-48.1640625,89.89574543944731,5.0
3553,-19.47122063449069,-45.3515625,87.3295339566508,5.0
3554,-6.579592944977634,-36.9140625,91.49325998079117,5.0
3555,-21.381942579838892,-46.7578125,90.69231484838592,5.0
3556,-10.806922874860348,-48.8671875,86.75300668137743,5.0
3557,-18.83940454727545,-40.4296875,87.67980470835222,2845.8184988515177
3558,-4.480798785982216,-42.890625,87.57327614802614,5.0
3559,-17.896089316234637,-42.890625,90.51262267023068,4342.795593484427
3560,-12.32998415024295,-56.953125,87.41535126356207,5.0
3561,-24.953020787727496,-53.43750000000006,88.94432702780509,5.0
3562,-3.583321698471977,-40.4296875,96.54090295947533,5.0
3563,-16.646039912392965,-49.92187500000006,93.77901517536944,723.1508184366355
3564,-17.896089316234637,-45.70312500000006,96.76391696334359,5.0
3565,-22.993394314297802,-48.515625,97.44716619508768,5.0
3566,-20.74237995448715,-56.6015625,86.59025406765352,5.0
3567,-22.02431283704216,-46.7578125,89.7883421450507,5.0
3568,-23.969482317759685,-53.0859375,87.68128065061283,5.0
3569,-26.61009781073392,-52.3828125,95.29712331563185,5.0
3570,-12.635625093021133,-41.1328125,87.4635866083652,5.0
3571,-20.105509787916006,-44.6484375,97.47069128709568,2640.9574369431275
3572,-25.61308321640182,-49.92187500000006,89.5608993483002,5.0
3573,-30.69158768492234,-53.78906250000006,93.66197211200105,5.0
3574,-27.6158819838447,-54.140625,87.2388754388102,5.0
3575,-15.40409369872549,-49.92187500000006,87.37117300812145,5.0
3576,-7.782714385390946,-36.21093750000006,92.76897339079052,13030.291635361784
3577,-19.155010073563744,-57.65625000000006,86.72413540409305,5.0
3578,-23.31795706533424,-50.2734375,94.27194483889048,5.0
3579,-19.155010073563744,-48.515625,86.6290457853023,4558.145534029294
3580,-18.83940454727545,-48.1640625,90.31446441355584,5.0
3581,-25.61308321640182,-50.625,87.61673212932223,5.0
3582,-14.785930226053424,-39.375,89.50517695456601,5.0
3583,-26.276811557199977,-49.21875000000006,91.11582812796273,558.7613250852967
3584,-16.334822780685997,-48.1640625,87.5861532393075,49549.42912302516
3585,-13.248014905676953,-52.3828125,87.26910849746591,14477.4843817137
3586,-17.582776008425412,-39.72656250000006,87.21730718074616,5.0
3587,-23.64331425576559,-47.81250000000006,88.88429670295343,99684.75579990118
3588,-6.279288322550272,-47.81250000000006,87.82704022597329,5.0
3589,-7.782714385390946,-35.5078125,92.42803989262308,5.0
3590,-29.313198964168336,-50.2734375,87.81227736670338,4385.672173927372
3591,-7.481631264246957,-41.48437500000006,87.69426781606198,5.0
3592,-20.423615363810953,-43.59375,87.66133668931508,5.0
3593,-20.74237995448715,-49.5703125,86.77690501035282,5.0
3594,-19.155010073563744,-54.84375,87.57680056713106,5.0
3595,-21.702769403954832,-47.81250000000006,97.42399267378862,2526.6478986637153
3596,-8.98929934516282,-36.9140625,95.56800522821096,5.0
3597,-20.423615363810953,-54.84375,87.56844681247252,5.0
3598,-15.40409369872549,-49.21875000000006,88.84892730150452,5.0
3599,-22.02431283704216,-50.9765625,95.04884621147924,23499.6043462516
3600,-6.579592944977634,-39.72656250000006,87.71972268449608,4326.121448156443
3601,-20.423615363810953,-41.48437500000006,86.67647339209788,5.0
3602,-7.481631264246957,-35.859375,87.22388376915171,49664.62361933033
3603,-11.110881800003284,-56.25,87.81316587013193,587.4719773558425
3604,-8.687297481032445,-63.984375,97.36264449165104,5.0
3605,-7.481631264246957,-36.5625,91.05188349013642,5.0
3606,-24.953020787727496,-49.21875000000006,87.21902456886367,5.0
3607,-11.4151577427305,-62.9296875,87.3791534360511,2086.3897329739793
3608,-28.630989836924357,-51.67968750000006,93.0408225254434,5.0
3609,-30.000000000000014,-52.3828125,94.90210753505127,5.0
3610,-20.423615363810953,-41.48437500000006,89.66127535190164,5.0
3611,-6.579592944977634,-37.6171875,90.12461875664985,15575.687241514845
3612,-15.713861048008212,-58.7109375,86.79927159117761,5.0
3613,-23.969482317759685,-46.7578125,94.57141615028335,14638.819953739052
3614,-15.094787099543197,-41.1328125,93.51147057964859,29798.209535132002
3615,-4.780191847199163,-44.6484375,87.47334813729707,5.0
3616,-20.423615363810953,-49.92187500000006,91.45318172126368,5.0
3617,-25.944479772370016,-53.0859375,87.41361916348289,5.0
3618,-23.969482317759685,-46.7578125,86.94115424259414,14644.853461815565
3619,-7.481631264246957,-42.18750000000006,87.39507330780489,5.0
3620,-22.02431283704216,-44.6484375,87.36464452956936,5.0
3621,-8.687297481032445,-42.890625,87.57976236765103,5.0
3622,-8.687297481032445,-63.984375,87.6888651097153,5.0
3623,-26.944358180475746,-49.21875000000006,87.8106596228012,29713.472683595657
3624,-9.896853442815868,-68.203125,87.76768852087541,325.3424405588706
3625,-10.199918091116302,-39.0234375,87.48908386957413,4680.827823381696
3626,2.388015463268772,-50.9765625,86.80912917962237,5.0
3627,-26.944358180475746,-51.328125,89.34420664237888,5.0
3628,-23.969482317759685,-46.7578125,87.65816999934401,49562.95098160972
3629,-21.381942579838892,-46.05468750000006,87.52693458628418,5.0
3630,-23.31795706533424,-46.05468750000006,95.43723037785159,29848.889924922634
3631,-6.880079227870652,-40.07812500000006,92.52361811272249,5.0
3632,-17.896089316234637,-46.40625,95.25582318813983,5.0
3633,-14.477512185929939,-46.7578125,87.79233273516115,134.83483571267905
3634,-5.079715792733481,-40.78125,87.30016070202709,49642.56353835589
3635,-18.83940454727545,-43.2421875,91.12013426770424,49451.74696812057
3636,-28.291548862929403,-49.21875000000006,87.40174810480144,5.0
3637,-2.9855060057465437,-42.5390625,87.71966229696943,5.0
3638,-11.4151577427305,-39.0234375,87.21102736151914,5.0
3639,-8.084013907099305,-35.15625,94.48888465221218,5.0
3640,-9.291553238770263,-35.859375,87.29341374750514,2566.9348523127987
3641,-27.95318688338115,-50.2734375,96.27342356466178,5.0
3642,-18.209956864283015,-42.5390625,95.38364270377672,49367.06839627813
3643,-18.209956864283015,-47.46093750000006,87.7512340363323,5.0
3644,-23.64331425576559,-49.21875000000006,92.47364161829408,4542.130811498657
3645,-6.880079227870652,-37.265625,89.70534955523304,5.0
3646,-18.83940454727545,-41.1328125,93.91528084489447,5.0
3647,-16.957763300004146,-49.5703125,87.70692094471053,49599.60912646864
3648,-21.06181760164931,-49.92187500000006,93.44092097111387,5.0
3649,-32.089951256280315,-52.3828125,87.74835990528477,4675.803088601277
3650,-23.64331425576559,-47.109375,97.0972044736292,40151.72215436445
3651,-16.024100308155866,-46.40625,87.7806916837674,5.0
3652,-25.282603043311994,-53.78906250000006,87.74857953281992,5.0
3653,-7.180755781458288,-36.21093750000006,93.41985317296549,5.0
3654,-2.6867241856916024,-66.09375,94.3933182988119,5.0
3655,-8.084013907099305,-37.265625,88.04682175777609,5.0
3656,-13.861949672048638,-59.41406250000006,87.3662248496752,5.0
3657,-19.47122063449069,-41.1328125,87.75552704330977,5.0
3658,-21.381942579838892,-50.2734375,97.34990206053135,5.0
3659,-27.95318688338115,-48.8671875,92.65497976505941,5.0
3660,-19.47122063449069,-41.8359375,94.12425463191353,5.0
3661,-19.47122063449069,-58.0078125,86.85236852892474,5.0
3662,-3.583321698471977,-60.8203125,87.75566390140334,5.0
3663,-2.9855060057465437,-67.14843750000006,90.15748617864399,5.0
3664,-20.105509787916006,-41.1328125,94.60990243356663,5.0
3665,-16.957763300004146,-42.5390625,87.0469623845875,5.0
3666,-25.61308321640182,-49.92187500000006,95.1505106166037,5.0
3667,-7.180755781458288,-46.7578125,87.92051975022791,4411.554159992311
3668,-2.0893716714986112,-47.81250000000006,87.38990545979435,5.0
3669,-17.582776008425412,-50.2734375,87.55205757270393,5.0
3670,-9.291553238770263,-36.5625,87.50429976321132,42606.42773015288
3671,-3.583321698471977,-65.0390625,87.84083488309305,4492.088495312588
3672,-22.993394314297802,-48.515625,87.07549844288363,5.0
3673,-5.6791898455823855,-35.859375,87.33748059029799,5.0
3674,-21.06181760164931,-42.18750000000006,94.16380245661651,5.0
3675,-11.110881800003284,-48.515625,87.30242212677392,5.0
3676,-7.481631264246957,-49.92187500000006,87.43868618538832,49652.64501467835
3677,-15.713861048008212,-48.1640625,87.73607598763817,5.0
3678,-23.969482317759685,-46.7578125,87.82226187750574,26687.33549995393
3679,-16.024100308155866,-49.21875000000006,92.87853406495556,5.0
3680,-23.31795706533424,-45.3515625,87.72791279518685,117966.22196500946
3681,-6.279288322550272,-48.515625,93.5569286279537,5.0
3682,-23.64331425576559,-46.40625,89.67768453816251,5.0
3683,-9.291553238770263,-36.5625,87.27605375332818,5.0
3684,-22.346587898361136,-56.953125,87.33449996406608,5.0
3685,-20.423615363810953,-44.296875,87.7139896768275,5.0
3686,-28.630989836924357,-49.5703125,87.65971736819652,4365.532263954613
3687,-15.713861048008212,-41.8359375,92.45630453534987,5.0
3688,-3.882372003029573,-38.671875,88.63005759393829,2826.9565681131494
3689,-1.7907846593289634,-47.46093750000006,87.6478794512579,5.0
3690,-25.282603043311994,-54.4921875,87.35400674587316,5.0
3691,-19.788049410669586,-42.890625,87.4298186536086,49558.062881206104
3692,-23.969482317759685,-53.78906250000006,88.48272324746476,5.0
3693,-9.291553238770263,-47.81250000000006,87.69561030219319,5.0
3694,-14.169522214770055,-57.65625000000006,87.8192965833099,5.0
3695,-2.388015463268786,-44.6484375,87.35389474101466,5.0
3696,-29.656013541178424,-51.328125,90.40100693756256,14709.448400692188
3697,-22.02431283704216,-46.7578125,95.15248483759524,5.0
3698,-28.971532223711293,-55.54687500000006,87.47186691284796,5.0
3699,-10.503271450113203,-62.578125,87.78764347444294,4645.50973985424
3700,-21.06181760164931,-40.78125,97.41939836668402,5.0
3701,-22.346587898361136,-54.84375,87.57367022681787,5.0
3702,-12.635625093021133,-38.32031250000006,89.07377165428517,34677.816545671616
3703,-25.944479772370016,-50.2734375,87.24508910620271,5.0
3704,-29.313198964168336,-52.3828125,89.36720395229288,4339.340398714947
3705,-27.27961273597809,-49.5703125,87.24432671677623,5.0
3706,-23.31795706533424,-50.9765625,97.26752005117585,4490.378494559365
3707,-11.110881800003284,-62.578125,91.64026844172103,29791.130337172002
3708,-11.110881800003284,-45.0,93.50816950561773,5.0
3709,-29.656013541178424,-50.625,91.33073167834083,5.0
3710,-1.1937484371410818,-48.1640625,88.90888725449435,5.0
3711,-22.669609871750396,-42.5390625,87.73140125254028,486.73272175807665
3712,-22.669609871750396,-47.46093750000006,95.26784052241342,5.0
3713,-21.381942579838892,-47.46093750000006,97.24514863782579,5.0
3714,-30.69158768492234,-52.3828125,87.79781261685993,5.0
3715,-12.635625093021133,-58.7109375,97.00928806977268,49493.11768202447
3716,-13.861949672048638,-60.1171875,88.71054981702648,383.95135500512265
3717,-4.480798785982216,-55.54687500000006,87.85100835916845,5.0
3718,-17.27000469497446,-49.21875000000006,87.73757950545232,5.0
3719,-10.199918091116302,-50.2734375,87.40609318144585,5.0
3720,-13.861949672048638,-40.4296875,80.4213643073566,5.0
3721,-25.61308321640182,-53.43750000000006,87.44965027633222,5.0
3722,-28.971532223711293,-52.734375,87.8122606860555,14623.866281752114
3723,-7.481631264246957,-35.15625,87.63682995710745,99585.90440328523
3724,-15.40409369872549,-48.515625,87.729471301363,5.0
3725,-28.630989836924357,-49.5703125,97.46713696871862,5.0
3726,-3.882372003029573,-45.0,87.59669443869592,5.0
3727,-5.079715792733481,-43.59375,87.73447034656365,5.0
3728,-7.180755781458288,-41.1328125,87.30365449248124,5.0
3729,-21.06181760164931,-51.328125,87.03139406259713,5.0
3730,-6.880079227870652,-43.59375,93.14350494079638,5.0
3731,-30.000000000000014,-53.78906250000006,88.3827748991812,2725.516076242474
3732,-17.27000469497446,-40.78125,92.81739341177916,646.4659805650763
3733,-19.47122063449069,-55.1953125,87.32575481925826,5.0
3734,-9.594068226860458,-36.21093750000006,88.40654081052965,5.0
3735,-18.524391073865786,-52.734375,87.46605762776669,14648.599993371046
3736,-22.02431283704216,-50.9765625,87.43147438141537,49501.7306541986
3737,-23.64331425576559,-54.84375,86.60037984545944,5.0
3738,-23.64331425576559,-52.03125,87.29936234902793,5.0
3739,-20.74237995448715,-50.2734375,87.54125956961299,5.0
3740,-27.95318688338115,-53.0859375,87.28116272366208,5.0
3741,-24.62431835216408,-50.9765625,97.51570833680904,5.0
3742,-23.64331425576559,-51.328125,87.5404004684469,5.0
3743,-3.583321698471977,-43.2421875,87.29933966788626,5.0
3744,-0.5968418305070315,-67.14843750000006,87.39229613391485,5.0
3745,-8.385538647081319,-41.1328125,88.84606899396671,5.0
3746,-22.02431283704216,-50.2734375,87.20973320657794,49364.43114503929
3747,-16.334822780685997,-47.46093750000006,95.34812494936614,5.0
3748,-16.334822780685997,-52.3828125,97.28862806709158,5.0
3749,-27.27961273597809,-49.5703125,87.45673600105087,5.0
3750,-27.6158819838447,-49.92187500000006,87.73164796278877,5.0
3751,-27.95318688338115,-49.5703125,86.72588551363275,5.0
3752,-12.635625093021133,-41.1328125,90.06909695310145,5.0
3753,-22.346587898361136,-45.0,87.68274973875972,5.0
3754,-10.806922874860348,-62.2265625,87.48825089189388,5.0
3755,-7.782714385390946,-38.32031250000006,87.40278007409287,5.0
3756,-7.481631264246957,-35.859375,90.26817171034257,508.7727278193401
3757,-13.861949672048638,-47.46093750000006,87.68584697279773,5.0
3758,-16.957763300004146,-49.5703125,87.36603757435925,5.0
3759,-25.282603043311994,-50.9765625,90.95896533218773,5.0
3760,-5.979156796301311,-36.21093750000006,88.26637439690168,5.0
3761,-23.31795706533424,-55.1953125,95.27374557997625,5.0
3762,-20.105509787916006,-48.8671875,87.28197001254753,5.0
3763,-11.4151577427305,-55.8984375,93.4368630623191,74818.79059067351
3764,-19.155010073563744,-48.515625,90.60563740306816,29669.342443658457
3765,-12.024699180565818,-63.6328125,87.2786375575486,5.0
3766,-21.06181760164931,-49.92187500000006,91.08839367730705,13890.877340355804
3767,-16.957763300004146,-49.5703125,87.72009169654227,5.0
3768,-7.180755781458288,-38.32031250000006,97.13467087342522,39952.02188088742
3769,-5.979156796301311,-39.72656250000006,87.31459944262716,5.0
3770,-20.105509787916006,-43.94531250000006,90.10084587843154,5.0
3771,-27.95318688338115,-53.78906250000006,87.63956098077479,5.0
3772,-13.861949672048638,-39.72656250000006,97.2449528974295,5.0
3773,-22.993394314297802,-44.296875,87.56925368221995,1859.8671227556615
3774,-21.702769403954832,-41.48437500000006,97.29502532802793,29788.28881276251
3775,-28.630989836924357,-48.8671875,96.23318878616024,5.0
3776,-24.62431835216408,-47.46093750000006,87.48868995698014,695.2418629052479
3777,-20.423615363810953,-43.59375,93.92732614631723,2669.576197379548
3778,-21.702769403954832,-42.18750000000006,97.6065614844645,5.0
3779,-27.6158819838447,-49.21875000000006,87.46473345041002,5.0
3780,-16.024100308155866,-42.890625,87.71364283102244,5.0
3781,-12.941631985423356,-38.671875,87.82639857700634,5.0
3782,-1.1937484371410818,-46.7578125,87.5218769887095,5.0
3783,-24.953020787727496,-47.81250000000006,86.64461292195105,5.0
3784,-23.969482317759685,-46.7578125,87.42075010208052,5.0
3785,-5.6791898455823855,-42.890625,87.50430967635658,5.0
3786,-20.74237995448715,-50.9765625,87.72286641353823,14711.41366419957
3787,-18.209956864283015,-49.5703125,87.35446936935081,5.0
3788,-5.979156796301311,-36.9140625,95.5620498663876,5.0
3789,-30.34518296958825,-52.03125,91.35233743084308,5.0
3790,-8.385538647081319,-36.9140625,87.23833591717482,5.0
3791,-3.882372003029573,-38.671875,90.20939478821586,5.0
3792,-21.06181760164931,-51.328125,90.26268971066538,5.0
3793,-23.31795706533424,-50.9765625,97.2394201264525,5.0
3794,-2.6867241856916024,-46.40625,79.26098313745995,5.0
3795,-22.02431283704216,-55.8984375,87.45833807694441,5.0
3796,-20.105509787916006,-48.1640625,96.93509389480577,5.0
3797,-5.6791898455823855,-47.81250000000006,97.0148708950658,320.22636332028276
3798,-7.180755781458288,-35.5078125,91.77212936765844,5.0
3799,-20.423615363810953,-42.890625,92.92383376164867,5.0
3800,-11.719760305788782,-45.0,87.24682938794784,5.0
3801,-28.971532223711293,-52.03125,87.81787479405537,4506.026139492037
3802,-24.62431835216408,-49.5703125,87.43623476107408,5.0
3803,-30.34518296958825,-51.328125,87.36814490072071,2543.269754573209
3804,-10.199918091116302,-58.0078125,94.10204948501084,2649.1523652122787
3805,-30.000000000000014,-52.3828125,87.30571292055724,5.0
3806,-16.957763300004146,-49.5703125,87.75673486532148,5.0
3807,-14.169522214770055,-41.48437500000006,97.07494697464391,5.0
3808,-3.583321698471977,-60.1171875,87.3743827197588,5.0
3809,-3.583321698471977,-45.3515625,97.44238810124257,5.0
3810,-22.346587898361136,-44.296875,97.5942912917485,5.0
3811,-17.896089316234637,-47.109375,88.07022346713232,5.0
3812,-8.98929934516282,-48.8671875,87.35317187088218,5.0
3813,-21.381942579838892,-51.67968750000006,87.5505024096165,4556.219781268683
3814,-9.896853442815868,-47.81250000000006,87.69703527347659,5.0
3815,-20.74237995448715,-50.2734375,87.5413354302438,29620.87213141922
3816,-14.785930226053424,-42.18750000000006,87.5025504044144,49314.62367496582
3817,-24.953020787727496,-51.328125,97.38865688564978,49365.75724659955
3818,-24.62431835216408,-48.1640625,87.33048931506363,4478.188006886266
3819,-18.524391073865786,-41.48437500000006,92.15864467405042,5.0
3820,-14.477512185929939,-47.46093750000006,50.018,5.0
3821,-15.094787099543197,-56.6015625,89.10900793357699,5.0
3822,-24.296477994805656,-53.43750000000006,96.61487477409455,5.0
3823,-13.248014905676953,-52.3828125,87.5124174813546,4561.877240590812
3824,-8.084013907099305,-35.15625,87.37396892075046,83099.859966417
3825,-4.480798785982216,-38.671875,90.23313125334653,5.0
3826,-18.209956864283015,-46.05468750000006,91.5582867910961,5.0
3827,-18.83940454727545,-49.5703125,90.93452465331794,5.0
3828,-25.61308321640182,-49.21875000000006,87.55484479658026,5.0
3829,-8.687297481032445,-40.78125,87.46411075164947,5.0
3830,-15.713861048008212,-48.1640625,97.23660130095149,5.0
3831,-24.296477994805656,-51.328125,96.81369304056206,4393.074701905078
3832,-24.953020787727496,-51.328125,87.74141070738612,5.0
3833,-15.713861048008212,-48.1640625,95.02388931717736,14728.522489568326
3834,-17.896089316234637,-42.890625,87.7346603444075,5.0
3835,-12.024699180565818,-45.3515625,87.69689492344712,4496.88709492825
3836,-28.630989836924357,-48.8671875,87.33508333410745,5.0
3837,-5.979156796301311,-36.9140625,87.69962181726211,4598.01705496641
3838,-28.971532223711293,-54.140625,87.84970070762736,5.0
3839,-22.346587898361136,-49.21875000000006,86.73026142543998,5.0
3840,-20.105509787916006,-48.8671875,87.72356036418387,5.0
3841,-2.6867241856916024,-45.70312500000006,93.31358381377002,23654.783292966124
3842,-18.524391073865786,-46.40625,90.75359338646456,5.0
3843,-16.334822780685997,-48.1640625,89.98605621892737,5.0
3844,-7.180755781458288,-43.94531250000006,96.44224295921889,5.0
3845,-21.702769403954832,-42.18750000000006,86.67735059509354,5.0
3846,-30.000000000000014,-51.67968750000006,88.09989841813365,4492.1214754283355
3847,-20.423615363810953,-45.0,93.48497620068386,5.0
3848,-22.669609871750396,-43.2421875,87.85499816794422,5.0
3849,-4.181528273111482,-53.78906250000006,87.56103483924953,49660.186969778355
3850,-16.646039912392965,-49.92187500000006,87.30735203833723,2769.4636741324994
3851,-5.979156796301311,-39.72656250000006,95.88560843494427,14521.230187466035
3852,-21.381942579838892,-55.8984375,87.75958845787864,5.0
3853,-28.971532223711293,-51.328125,95.6581527392526,5.0
3854,-22.02431283704216,-50.9765625,88.78866806138859,5.0
3855,-4.181528273111482,-39.0234375,90.62094065919341,698.8478340892354
3856,-14.477512185929939,-39.72656250000006,93.94591545833178,5.0
3857,-20.105509787916006,-41.8359375,90.34492044449117,5.0
3858,-16.334822780685997,-50.9765625,87.66129297121626,5.0
3859,-25.282603043311994,-49.5703125,87.81754701759073,5.0
3860,-24.62431835216408,-53.78906250000006,93.91450257955663,4409.978737888615
3861,-21.381942579838892,-56.6015625,87.62829974695063,5.0
3862,-15.40409369872549,-45.70312500000006,87.64786373611295,5.0
3863,-9.896853442815868,-37.265625,87.25251716928517,29572.19767903984
3864,-5.6791898455823855,-42.890625,96.57815784052994,5.0
3865,-14.785930226053424,-59.765625,87.24622555810534,362.19005709013584
3866,-16.334822780685997,-42.5390625,90.18123311206296,49572.98482331195
3867,-22.02431283704216,-41.8359375,87.68176069516383,49408.91710226096
3868,-21.702769403954832,-41.48437500000006,87.67151970921705,5.0
3869,-4.181528273111482,-45.3515625,90.7423941587226,5.0
3870,-16.024100308155866,-47.81250000000006,87.21385687389915,5.0
3871,-7.481631264246957,-36.5625,89.03220217571297,489.31518754779677
3872,-6.880079227870652,-36.5625,93.05573365702531,1639.9261207114566
3873,-25.282603043311994,-54.4921875,94.56328298694554,5.0
3874,-3.2843691083657944,-61.171875,87.35369594530782,5.0
3875,-16.646039912392965,-49.92187500000006,96.1316616342273,5.0
3876,-7.180755781458288,-36.21093750000006,90.29991836422695,5.0
3877,-27.27961273597809,-53.0859375,95.74310220131783,5.0
3878,-20.423615363810953,-49.92187500000006,87.77921620988779,2285.082253793145
3879,-8.98929934516282,-36.21093750000006,87.85594176392246,5.0
3880,-19.47122063449069,-50.9765625,96.69852820519648,5.0
3881,-22.993394314297802,-45.70312500000006,96.19383647087837,5.0
3882,-29.656013541178424,-52.03125,87.72903279675359,5.0
3883,-8.687297481032445,-42.890625,87.49413741688514,5.0
3884,-27.27961273597809,-48.8671875,87.65468959832285,5.0
3885,-28.971532223711293,-53.43750000000006,87.64738092389877,5.0
3886,-28.291548862929403,-52.03125,87.51097467631757,5.0
3887,-21.381942579838892,-41.1328125,87.48625157498893,5.0
3888,-21.381942579838892,-44.6484375,95.32101530532367,2600.398816680838
3889,-16.334822780685997,-50.9765625,87.21759926909228,5.0
3890,-23.64331425576559,-53.43750000000006,90.69841811538551,5.0
3891,-20.105509787916006,-48.8671875,87.35679140707836,710.6578028993671
3892,-22.346587898361136,-56.953125,87.58889856774745,5.0
3893,-16.957763300004146,-50.2734375,87.19211824568833,49363.11064330504
3894,-22.993394314297802,-45.70312500000006,87.48813620873057,5.0
3895,-24.953020787727496,-50.625,92.97975765375553,2563.451869850453
3896,-6.579592944977634,-36.21093750000006,95.8220042599124,49364.24805938317
3897,-25.282603043311994,-49.5703125,87.42263997479563,4644.77718170812
3898,-20.105509787916006,-44.6484375,87.74983489041323,5.0
3899,-25.944479772370016,-53.0859375,87.7589958470691,5.0
3900,-16.957763300004146,-49.5703125,95.56839529755142,5.0
3901,-15.713861048008212,-48.8671875,92.86146017155768,5.0
3902,-28.291548862929403,-52.03125,87.81679512094232,640.6529351037109
3903,-9.896853442815868,-58.359375,90.54287741624734,5.0
3904,-25.944479772370016,-53.0859375,95.04999901673561,5.0
3905,-18.83940454727545,-46.7578125,86.57687145331869,224.37016135035591
3906,-19.788049410669586,-49.92187500000006,87.66782980789228,5.0
3907,-12.32998415024295,-43.59375,96.37975135509058,4589.1135102598455
3908,-20.423615363810953,-40.78125,92.37078027372006,2713.1790277431537
3909,-12.941631985423356,-38.671875,87.85703416251394,5.0
3910,-2.9855060057465437,-44.6484375,87.8391929548653,5.0
3911,-10.806922874860348,-58.7109375,87.59331154183177,5.0
3912,-0.2984168674869352,-51.328125,87.82685795870803,5.0
3913,-30.000000000000014,-50.2734375,90.28851039503172,49339.96254587148
3914,-29.656013541178424,-49.92187500000006,87.68874822358201,9416.130195114421
3915,-16.024100308155866,-48.515625,91.59984313227184,5.0
3916,-22.993394314297802,-47.109375,95.32436232546576,5.0
3917,-14.169522214770055,-49.92187500000006,87.33227389012984,5.0
3918,-22.02431283704216,-45.3515625,87.73361063220702,5.0
3919,-24.296477994805656,-53.43750000000006,87.6747652878467,5.0
3920,-29.313198964168336,-52.3828125,90.9217053166442,5.0
3921,-16.024100308155866,-41.48437500000006,87.46095408148722,5.0
3922,-23.969482317759685,-49.5703125,90.0622286295035,5.0
3923,-10.503271450113203,-59.765625,95.64577708101739,5.0
3924,-30.69158768492234,-52.3828125,87.6884353348553,49523.30445080667
3925,-2.0893716714986112,-45.70312500000006,96.48170853200857,1961.775502087324
3926,-21.06181760164931,-45.0,97.58381069829737,5.0
3927,-22.02431283704216,-53.0859375,87.26657985094498,5.0
3928,-22.346587898361136,-47.109375,87.43822236341128,5.0
3929,-5.979156796301311,-35.5078125,97.18496449504698,5.0
3930,-28.971532223711293,-51.328125,97.25905772213927,5.0
3931,-7.481631264246957,-37.265625,87.25524422656102,4463.352940702529
3932,-21.381942579838892,-47.46093750000006,86.64146193109565,5.0
3933,-8.687297481032445,-36.5625,87.34094675478921,5.0
3934,-12.32998415024295,-48.515625,97.61037041441953,5.0
3935,-20.105509787916006,-43.94531250000006,87.3664976732677,25413.693438401548
3936,-16.646039912392965,-50.625,87.80255982795295,29561.368073792182
3937,-7.180755781458288,-48.8671875,95.07100894012727,5.0
3938,-7.180755781458288,-35.5078125,86.70538472870534,5.0
3939,-16.646039912392965,-49.92187500000006,89.32878144397485,5.0
3940,-23.64331425576559,-50.625,87.49766976167649,5.0
3941,-27.6158819838447,-49.21875000000006,95.3461634116159,5.0
3942,-4.480798785982216,-39.375,87.50637037512612,5.0
3943,-16.024100308155866,-48.515625,90.90563718141682,5.0
3944,-5.379378991112077,-39.72656250000006,90.6215641794824,5.0
3945,-1.7907846593289634,-48.8671875,87.42259454584966,5.0
3946,-22.02431283704216,-50.9765625,86.87571887445552,14417.766627342851
3947,-21.06181760164931,-46.40625,87.67642746155316,5.0
3948,-7.180755781458288,-41.1328125,87.51411963888046,5.0
3949,-9.291553238770263,-48.515625,94.06779618734276,5.0
3950,-2.0893716714986112,-48.515625,93.84521462988495,5.0
3951,-25.61308321640182,-53.43750000000006,87.74101505479723,5.0
3952,-30.000000000000014,-50.9765625,89.37972314999956,5.0
3953,-6.279288322550272,-35.859375,89.32300388637404,5.0
3954,-8.98929934516282,-35.5078125,94.53626797844383,5.0
3955,-26.944358180475746,-53.43750000000006,87.69772419168545,5.0
3956,-28.630989836924357,-51.67968750000006,87.49553537712754,5.0
3957,-16.646039912392965,-49.21875000000006,87.4814594090287,49391.50927307857
3958,-3.583321698471977,-59.41406250000006,87.84804505452406,5.0
3959,-2.9855060057465437,-43.2421875,87.7303675964817,5.0
3960,-20.423615363810953,-40.78125,87.7181631448662,5.0
3961,-16.024100308155866,-48.515625,87.24636213562984,4649.86890145618
3962,-2.388015463268786,-48.8671875,91.71903225099976,5.0
3963,-20.74237995448715,-46.05468750000006,87.41210781652057,2587.1763907978134
3964,-1.492246289620354,-52.734375,87.38941830500865,4605.015082215027
3965,-23.969482317759685,-47.46093750000006,87.68117103957086,5.0
3966,-12.32998415024295,-56.953125,87.43109114280854,5.0
3967,-2.9855060057465437,-41.8359375,88.72684061915756,5.0
3968,-20.74237995448715,-43.2421875,87.6253431351358,4446.453695625157
3969,-16.024100308155866,-47.109375,87.73004789199648,5.0
3970,-30.000000000000014,-51.67968750000006,87.8493659468971,5.0
3971,-20.105509787916006,-43.94531250000006,87.39831655957695,5.0
3972,-10.806922874860348,-39.72656250000006,87.33371609432915,5.0
3973,-22.669609871750396,-46.7578125,95.70733009278095,5.0
3974,-10.806922874860348,-62.9296875,87.70951475948414,5.0
3975,-27.95318688338115,-53.0859375,87.68027239761702,5.0
3976,-15.713861048008212,-57.3046875,86.88533667997515,5.0
3977,-20.105509787916006,-41.8359375,87.79637974687422,5.0
3978,-3.583321698471977,-60.1171875,88.04019581101852,14564.110618655617
3979,-16.646039912392965,-42.890625,88.13710092457373,5.0
3980,-25.282603043311994,-50.2734375,91.40911306036516,4682.241198740693
3981,-24.296477994805656,-53.43750000000006,87.36309380993028,5.0
3982,-8.687297481032445,-35.859375,87.464138779949,5.0
3983,-8.98929934516282,-63.6328125,94.11308781116409,1423.4039406011418
3984,-24.62431835216408,-50.9765625,97.15504790141908,5.0
3985,-28.630989836924357,-49.5703125,87.30692237116813,99537.30175414357
3986,-5.379378991112077,-49.5703125,87.79593800649103,7079.810086157876
3987,-17.582776008425412,-48.8671875,87.41270207709957,5.0
3988,-13.554784037179004,-43.59375,87.17472864463456,5.0
3989,-26.944358180475746,-51.328125,87.56320845201678,5.0
3990,-4.480798785982216,-40.07812500000006,87.31740641953868,5.0
3991,-8.385538647081319,-46.7578125,91.48682748915952,5.0
3992,-23.64331425576559,-52.734375,87.84471002604295,5.0
3993,-3.583321698471977,-58.0078125,87.31760494472123,5.0
3994,-19.155010073563744,-48.515625,86.57335339774497,5.0
3995,-17.27000469497446,-49.92187500000006,94.04658860408445,4534.946309293848
3996,-13.554784037179004,-60.46875,87.36135329687356,3819.4685286045733
3997,-16.024100308155866,-48.515625,89.37228088674742,5.0
3998,-20.105509787916006,-50.2734375,87.57864556075424,4580.446170904104
3999,-7.180755781458288,-43.94531250000006,88.77731306015296,5.0
4000,-20.423615363810953,-41.48437500000006,87.54989233659806,5.0
4001,-24.296477994805656,-53.43750000000006,87.24068703502775,5.0
4002,-23.64331425576559,-49.21875000000006,87.42456357673387,5.0
4003,-6.880079227870652,-37.96875000000006,87.37739280562583,5.0
4004,-6.880079227870652,-52.03125,87.70180287970446,14544.206812642722
4005,-10.503271450113203,-47.109375,90.33188449757775,49506.75909067692
4006,-14.785930226053424,-39.375,87.47979809961907,5.0
4007,-16.334822780685997,-48.1640625,86.60681483675637,2679.0696155971573
4008,-22.346587898361136,-52.03125,87.82471762526673,5.0
4009,-3.583321698471977,-40.4296875,89.36077058079383,5.0
4010,-2.9855060057465437,-67.8515625,97.3014072467991,2538.6568008641198
4011,-16.024100308155866,-49.21875000000006,88.90087970938703,5.0
4012,-22.346587898361136,-41.48437500000006,87.76014297474794,5.0
4013,-7.782714385390946,-37.6171875,88.43917039557404,5.0
4014,-21.702769403954832,-49.21875000000006,96.93804381634735,5.0
4015,-10.199918091116302,-56.6015625,94.56751957944924,5.0
4016,-27.27961273597809,-48.8671875,87.55979536427127,5.0
4017,-27.6158819838447,-49.92187500000006,87.44390205688956,5.0
4018,-11.719760305788782,-40.78125,87.47821301282666,5.0
4019,-8.98929934516282,-36.21093750000006,87.8050925773506,5.0
4020,-16.334822780685997,-47.46093750000006,92.46693447423215,5.0
4021,-9.594068226860458,-63.6328125,87.80346778445265,14432.85979662071
4022,-22.02431283704216,-44.6484375,87.21480682503088,5.0
4023,-24.953020787727496,-48.515625,91.86262553003257,5.0
4024,-22.02431283704216,-43.94531250000006,93.99007677009209,5.0
4025,-24.953020787727496,-50.625,87.51453158959323,5.0
4026,-16.024100308155866,-47.81250000000006,90.41924262810504,5.0
4027,-6.880079227870652,-36.5625,87.69987306601519,5.0
4028,-23.31795706533424,-51.67968750000006,95.92446085782686,59574.355320924275
4029,-14.785930226053424,-40.78125,94.9990850178628,5.0
4030,-22.02431283704216,-45.3515625,87.83349791285906,5.0
4031,-10.806922874860348,-68.5546875,91.01327021775658,5.0
4032,-4.480798785982216,-44.296875,95.7804221879687,5.0
4033,-31.03924001039789,-55.54687500000006,87.79332534260016,5.0
4034,-6.880079227870652,-36.5625,87.54664380337528,5.0
4035,-30.69158768492234,-55.1953125,92.66928704097828,11868.293174322142
4036,-30.000000000000014,-50.9765625,87.42066494483284,5.0
4037,-23.969482317759685,-46.7578125,87.64841760979772,4497.057447307826
4038,-22.02431283704216,-54.4921875,95.41323242480371,5.0
4039,-20.74237995448715,-50.2734375,91.88818582327487,5.0
4040,-26.61009781073392,-48.8671875,87.66907490011192,5.0
4041,-11.4151577427305,-44.6484375,87.41347031061073,5.0
4042,-18.209956864283015,-43.2421875,87.60439505659316,14737.505306957066
4043,-21.381942579838892,-48.1640625,87.50723966576838,5.0
4044,-16.334822780685997,-47.46093750000006,87.36121118444662,5.0
4045,-16.957763300004146,-54.4921875,92.45185721944867,49376.276866019485
4046,-13.248014905676953,-41.1328125,87.46393160028902,9407.418990993103
4047,-20.423615363810953,-44.296875,87.7371532923781,2636.4094692488206
4048,-25.944479772370016,-49.5703125,87.64480565807409,29590.032822091318
4049,-8.084013907099305,-39.375,97.48046005297272,5.0
4050,-28.971532223711293,-53.43750000000006,87.65188003131748,4470.141768462625
4051,-22.346587898361136,-46.40625,87.23128155593493,177.18025106621067
4052,-24.953020787727496,-52.03125,87.24458896307733,5576.398098947197
4053,-20.423615363810953,-49.92187500000006,88.94066171440605,2828.6087625127707
4054,-23.969482317759685,-51.67968750000006,89.19973210761107,5.0
4055,-1.7907846593289634,-48.8671875,87.68928352285856,2726.144019985242
4056,-24.62431835216408,-50.2734375,87.70697311773453,5.0
4057,-2.9855060057465437,-41.8359375,87.10208096905048,5.0
4058,-27.6158819838447,-54.140625,87.82148535929562,5.0
4059,-30.69158768492234,-51.67968750000006,87.80552307993169,29619.313117504378
4060,-11.719760305788782,-61.171875,87.32533101594164,5.0
4061,-8.385538647081319,-48.8671875,87.2635344081685,5.0
4062,-23.64331425576559,-47.109375,87.29021217496823,5.0
4063,-9.896853442815868,-45.0,87.25973394548618,49378.85206704582
4064,-26.61009781073392,-49.5703125,89.46019206543426,5.0
4065,-5.6791898455823855,-49.21875000000006,87.38878157620206,2745.019775618788
4066,-6.279288322550272,-47.81250000000006,87.46306672410314,4598.556582660103
4067,-30.34518296958825,-54.84375,87.3578081834067,5.0
4068,-22.02431283704216,-43.2421875,97.25446757717937,5.0
4069,-25.944479772370016,-51.67968750000006,95.19358291373793,2604.838098663663
4070,-12.941631985423356,-38.671875,87.43476365362602,14690.082077843337
4071,-22.02431283704216,-41.8359375,87.56599742288932,2637.543721980384
4072,-21.06181760164931,-52.03125,87.40691120801722,5.0
4073,-21.06181760164931,-45.70312500000006,87.78813251282024,14425.500797344277
4074,-22.346587898361136,-49.21875000000006,86.69602568740272,5.0
4075,-20.74237995448715,-54.4921875,90.55694519522673,5.0
4076,-16.957763300004146,-50.2734375,87.8304238299218,4436.878714090135
4077,-10.806922874860348,-37.6171875,96.16211573340539,5.0
4078,-23.64331425576559,-47.109375,87.34539820054526,2772.1654756457738
4079,-8.98929934516282,-63.6328125,93.9419900215423,5.0
4080,-22.346587898361136,-43.59375,93.61688658851693,14479.667936182557
4081,-9.291553238770263,-49.21875000000006,87.29509088121647,5.0
4082,-21.381942579838892,-46.7578125,87.66197486212043,5.0
4083,-23.31795706533424,-47.46093750000006,87.35318525629239,4446.367965448434
4084,-8.687297481032445,-63.984375,87.46751504311398,5.0
4085,-3.882372003029573,-52.734375,87.47904115411517,5.0
4086,-6.279288322550272,-37.96875000000006,88.08306986840795,59675.79652388264
4087,-21.06181760164931,-43.59375,87.67934946523803,5.0
4088,-25.944479772370016,-49.5703125,97.16028879243463,49578.63070393312
4089,-3.2843691083657944,-45.70312500000006,87.29399440245702,5.0
4090,-22.993394314297802,-44.296875,97.40229009158358,5.0
4091,-13.861949672048638,-56.6015625,87.43495806496355,2628.157518560858
4092,-18.524391073865786,-40.07812500000006,93.07345403230643,5.0
4093,-28.630989836924357,-49.5703125,87.58141433014941,5.0
4094,-13.248014905676953,-39.0234375,87.31658683961106,5.0
4095,-18.209956864283015,-48.1640625,95.25826759240849,4517.815790332671
4096,-1.492246289620354,-48.515625,87.54070904732681,5.0
4097,-4.480798785982216,-43.59375,90.34043227262758,5.0
4098,-10.199918091116302,-63.6328125,88.2948247549616,5.0
4099,-2.388015463268786,-52.3828125,87.76093216363194,5.0
4100,-21.381942579838892,-43.94531250000006,87.79346386477525,5.0
4101,-16.646039912392965,-41.48437500000006,92.1255419366732,5.0
4102,-20.105509787916006,-43.2421875,87.24181367014549,5.0
4103,-7.481631264246957,-44.296875,90.48471857835153,5.0
4104,-11.719760305788782,-48.515625,96.09154437207555,5.0
4105,-22.02431283704216,-48.8671875,87.14769574103096,5.0
4106,-29.656013541178424,-49.92187500000006,87.31330427874076,5.0
4107,-3.583321698471977,-60.1171875,91.66622636398418,4661.756974586881
4108,-27.6158819838447,-53.43750000000006,87.71432485097655,379.54705926631624
4109,-20.74237995448715,-50.9765625,87.668720174846,5.0
4110,-20.423615363810953,-44.296875,87.30832011377973,5.0
4111,-19.155010073563744,-40.78125,87.80826826118664,5.0
4112,-4.181528273111482,-46.05468750000006,87.29423121893909,2755.885486468364
4113,-4.780191847199163,-39.72656250000006,87.76750814752121,59714.08065824881
4114,-21.06181760164931,-47.109375,92.8786354727864,5.0
4115,-13.861949672048638,-58.0078125,87.47230608864528,5.0
4116,-28.291548862929403,-50.625,87.77313989643662,5.0
4117,-16.334822780685997,-48.8671875,97.57311081852536,5.0
4118,-6.579592944977634,-37.6171875,90.90325110892037,4603.135629209311
4119,-22.669609871750396,-43.2421875,94.89998168733155,5.0
4120,-11.719760305788782,-61.875,87.6839956074067,5.0
4121,-19.788049410669586,-42.18750000000006,92.96797112190993,5.0
4122,-22.669609871750396,-55.1953125,86.94327208586276,641.5609017167448
4123,-27.6158819838447,-48.515625,87.28931813307308,5.0
4124,-23.969482317759685,-46.7578125,87.39768800757017,26763.68688652337
4125,-22.02431283704216,-41.8359375,87.6665615540949,5.0
4126,-22.346587898361136,-52.734375,95.01238798850646,5.0
4127,-29.313198964168336,-52.3828125,87.59127817651665,592.446694313258
4128,-11.719760305788782,-48.515625,90.2771156812245,5.0
4129,2.0893716714986255,-61.171875,91.47025629107905,5.0
4130,-10.806922874860348,-62.2265625,88.79890821290486,5.0
4131,-8.687297481032445,-71.01562500000006,87.60611684341295,5.0
4132,-22.02431283704216,-50.9765625,88.51582672011794,5.0
4133,-21.381942579838892,-42.5390625,87.58586983919042,29526.353810950037
4134,-20.74237995448715,-40.4296875,87.2365422595235,5.0
4135,-1.7907846593289634,-48.8671875,97.5804568919611,2826.0336512592785
4136,-22.993394314297802,-47.109375,87.29509259061729,5.0
4137,-12.941631985423356,-38.671875,87.2209607920674,5.0
4138,-22.02431283704216,-48.1640625,95.66636855378086,5.0
4139,-20.423615363810953,-49.92187500000006,87.53121006818151,29813.952478484993
4140,-13.861949672048638,-42.5390625,90.21245313743381,2604.0589758403466
4141,-6.279288322550272,-35.859375,87.56794343858189,2526.540309515892
4142,-5.079715792733481,-37.96875000000006,87.65236946583344,5.0
4143,-25.282603043311994,-50.2734375,87.47750914376071,5.0
4144,-28.291548862929403,-49.92187500000006,87.58692219872093,5.0
4145,-21.702769403954832,-45.70312500000006,87.67838887715759,26853.041999102694
4146,-5.6791898455823855,-47.81250000000006,91.76756730286768,5.0
4147,-16.334822780685997,-52.3828125,87.81471176490051,5.0
4148,-22.993394314297802,-47.109375,97.12143719653184,5.0
4149,-23.969482317759685,-51.67968750000006,86.95949464488152,5.0
4150,-5.979156796301311,-37.6171875,87.80326379917167,5.0
4151,3.28436910836578,-52.03125,88.73820608300058,4612.031855880618
4152,-22.669609871750396,-44.6484375,96.72984369335433,5.0
4153,-14.785930226053424,-49.92187500000006,87.04560031185642,4638.648591944835
4154,-9.896853442815868,-39.375,88.44120260027474,4434.850343378622
4155,-1.492246289620354,-48.515625,95.17405852933777,5.0
4156,-20.105509787916006,-44.6484375,87.45022011633947,5.0
4157,-25.944479772370016,-49.5703125,95.62211350254115,5.0
4158,-29.656013541178424,-52.03125,86.68931619982172,14715.432741614095
4159,-20.423615363810953,-44.296875,92.13212349307798,5.0
4160,-19.788049410669586,-49.21875000000006,97.0240003009861,5.0
4161,-4.480798785982216,-38.671875,90.31564309297326,5.0
4162,-20.105509787916006,-43.2421875,87.71668747726923,5.0
4163,-15.713861048008212,-48.1640625,86.99499423350542,5.0
4164,-21.06181760164931,-42.890625,96.72759585095672,5.0
4165,-16.024100308155866,-56.25,87.75895822929768,2842.4243166824117
4166,-9.594068226860458,-69.25781250000006,86.80707152704208,4455.890503259313
4167,-5.079715792733481,-36.5625,90.97509932027205,5.0
4168,-12.635625093021133,-39.72656250000006,87.7745608898293,5.0
4169,-5.379378991112077,-45.3515625,87.29125698240357,7583.688445747482
4170,-7.481631264246957,-40.07812500000006,87.41283126284985,5.0
4171,-30.34518296958825,-50.625,87.21033773078071,14434.509631001161
4172,-17.27000469497446,-47.109375,88.45767355245576,5.0
4173,-20.105509787916006,-48.1640625,89.77042034388583,5.0
4174,-26.944358180475746,-49.21875000000006,87.80687882593134,5.0
4175,-31.388166464348544,-50.9765625,94.27773698590914,5.0
4176,-20.74237995448715,-46.7578125,95.31994540317672,4625.147684224651
4177,-24.296477994805656,-47.109375,89.60915161697343,5.0
4178,-12.941631985423356,-38.671875,86.61493716568177,5.0
4179,-12.32998415024295,-62.578125,91.09766010896433,5.0
4180,-16.334822780685997,-52.3828125,87.68825636253884,3512.3890692491764
4181,-22.02431283704216,-44.6484375,88.27644009508857,5.0
4182,-22.346587898361136,-49.21875000000006,90.19426402554816,2856.0000598179317
4183,-12.635625093021133,-39.0234375,87.59664609864072,5.0
4184,-6.279288322550272,-36.5625,96.64610356689451,5.0
4185,-21.381942579838892,-43.2421875,87.30427545453284,2655.9981268446554
4186,-6.279288322550272,-40.07812500000006,90.56020372685352,5.0
4187,-20.74237995448715,-49.5703125,80.95819904114265,5.0
4188,-22.346587898361136,-43.59375,96.85022155843613,5.0
4189,-22.669609871750396,-51.67968750000006,87.27524853573372,5.0
4190,-23.64331425576559,-52.734375,87.25142766832003,5.0
4191,-26.944358180475746,-49.92187500000006,87.573353729976,5.0
4192,-19.155010073563744,-40.78125,87.62818617089889,5.0
4193,-22.993394314297802,-46.40625,87.41286947245139,5.0
4194,-21.381942579838892,-48.1640625,88.76601718470393,5.0
4195,-7.481631264246957,-35.15625,87.72193952621896,5.0
4196,-2.0893716714986112,-46.40625,86.86834109639744,40121.22351367565
4197,-11.110881800003284,-37.265625,87.55529793934232,4565.09421230982
4198,-17.27000469497446,-49.21875000000006,94.10539882979211,5.0
4199,-21.381942579838892,-48.8671875,90.97239057385616,5.0
4200,-25.944479772370016,-49.5703125,91.90180700818266,29590.97341364463
4201,-7.782714385390946,-36.21093750000006,91.1703851595371,5.0
4202,-6.279288322550272,-48.515625,87.54356448764091,5.0
4203,-29.656013541178424,-50.625,87.25788947501323,2754.9061077259844
4204,-5.6791898455823855,-39.375,87.49150730881,5.0
4205,-18.524391073865786,-40.07812500000006,94.65479767965715,5.0
4206,-20.74237995448715,-44.6484375,97.46548298534931,49490.604662507954
4207,-20.105509787916006,-43.94531250000006,87.79079724067182,5.0
4208,-4.780191847199163,-50.2734375,86.57878094550203,5.0
4209,-3.583321698471977,-40.4296875,87.31248159298143,5.0
4210,-5.6791898455823855,-42.890625,87.55858111787857,5.0
4211,-20.74237995448715,-44.6484375,88.56333271272446,2691.158394265721
4212,-20.105509787916006,-43.94531250000006,87.22467219280836,5.0
4213,-9.291553238770263,-48.515625,97.1194989133528,5.0
4214,-21.702769403954832,-52.03125,87.61671827617137,29785.406610097583
4215,-24.62431835216408,-48.1640625,96.52409959241955,5.0
4216,-3.2843691083657944,-68.203125,93.28971908533535,5.0
4217,-19.155010073563744,-42.18750000000006,92.70655493224534,5.0
4218,-22.346587898361136,-46.40625,89.38494397100617,5.0
4219,-9.896853442815868,-48.515625,89.86084735840724,5.0
4220,-12.32998415024295,-45.70312500000006,90.02861777989023,15220.506922058485
4221,-21.381942579838892,-51.67968750000006,89.8898209581415,9431.492769961485
4222,-27.6158819838447,-49.21875000000006,88.03103689614733,5.0
4223,-24.296477994805656,-49.92187500000006,97.52088761573575,5.0
4224,-20.74237995448715,-46.05468750000006,92.12714099911678,5.0
4225,-22.993394314297802,-46.40625,93.18746034407245,5.0
4226,-15.094787099543197,-48.8671875,95.54640042762405,5.0
4227,-21.702769403954832,-49.92187500000006,87.41468063947657,29695.032531806974
4228,-18.209956864283015,-47.46093750000006,87.23644819300054,5.0
4229,-7.782714385390946,-39.72656250000006,87.77599012678242,5.0
4230,-22.669609871750396,-49.5703125,87.81815175147719,5.0
4231,-20.423615363810953,-49.92187500000006,94.58810557795907,5.0
4232,-14.785930226053424,-43.59375,87.72311500358902,5.0
4233,-28.291548862929403,-54.84375,88.38629852433166,5.0
4234,-1.7907846593289634,-45.3515625,87.83571364452872,5.0
4235,-12.635625093021133,-39.0234375,86.91598579324136,5.0
4236,-3.583321698471977,-40.4296875,89.59884112419465,5.0
4237,-23.64331425576559,-47.109375,94.55894176800732,5.0
4238,-22.669609871750396,-49.5703125,87.33608051797758,5.0
4239,-13.248014905676953,-39.72656250000006,89.05161228594014,14428.564814810838
4240,-22.02431283704216,-42.5390625,89.02924892545269,5.0
4241,-16.024100308155866,-47.81250000000006,87.3451173773742,5.0
4242,-23.64331425576559,-51.328125,87.29006492703637,5.0
4243,-17.896089316234637,-54.84375,97.46157828503334,2600.17651523674
4244,-16.334822780685997,-44.6484375,87.65543144949693,5.0
4245,-28.971532223711293,-53.43750000000006,87.43060902730377,5.0
4246,-9.896853442815868,-61.875,87.3547695869906,5.0
4247,-5.979156796301311,-35.5078125,90.47159936564908,5.0
4248,-20.74237995448715,-45.3515625,89.45357275036774,5.0
4249,-30.000000000000014,-52.3828125,90.11159349453864,5.0
4250,-15.713861048008212,-50.2734375,87.24212882302004,4529.053805451624
4251,-3.882372003029573,-45.0,96.03468643764646,5.0
4252,-13.554784037179004,-39.375,87.64941161437099,5.0
4253,-19.47122063449069,-44.6484375,87.54680423136658,5.0
4254,-7.180755781458288,-43.2421875,87.74823097201175,5.0
4255,-21.702769403954832,-41.48437500000006,87.65049271042827,5.0
4256,-31.738394244764436,-52.03125,95.37072050317634,14473.768119964572
4257,-17.582776008425412,-43.2421875,96.97480876473324,100531.87254653552
4258,-14.477512185929939,-39.0234375,87.53339824124467,5.0
4259,-16.024100308155866,-40.07812500000006,95.37781436430741,5.0
4260,-5.979156796301311,-42.5390625,93.31835756056438,5.0
4261,-27.27961273597809,-50.2734375,97.00250722730142,5.0
4262,-16.646039912392965,-56.25,87.45538798064392,5.0
4263,-15.713861048008212,-41.8359375,88.51297285048791,4548.045226769099
4264,-22.02431283704216,-52.3828125,87.49431580818487,2623.410202075465
4265,-17.27000469497446,-49.92187500000006,94.45778893136227,5.0
4266,-21.702769403954832,-46.40625,82.97983445758001,5.0
4267,-3.882372003029573,-45.0,88.26112330448244,90.52963170012569
4268,-24.296477994805656,-47.109375,87.58173001258974,5.0
4269,-28.971532223711293,-49.92187500000006,87.55939650952126,5.0
4270,-21.702769403954832,-46.40625,90.1318436401934,5.0
4271,-29.656013541178424,-54.84375,95.1316406131624,5.0
4272,-6.880079227870652,-40.78125,89.44728055797475,5.0
4273,-18.524391073865786,-41.48437500000006,95.16502424849627,5.0
4274,-21.06181760164931,-46.40625,87.48086752581531,946.8802961429446
4275,-20.74237995448715,-47.46093750000006,87.82548077664691,5.0
4276,-16.334822780685997,-56.6015625,87.73224452937903,5.0
4277,-13.554784037179004,-41.48437500000006,86.60178634840472,5.0
4278,-6.279288322550272,-43.59375,88.09501404515342,5.0
4279,-16.024100308155866,-49.92187500000006,90.38034216930934,5.0
4280,-7.180755781458288,-41.1328125,88.97665332899564,5.0
4281,-22.993394314297802,-44.296875,92.24829553077056,5.0
4282,-8.084013907099305,-35.15625,88.39639124801704,5.0
4283,-3.882372003029573,-61.171875,87.21339251614452,49533.92567501827
4284,-20.423615363810953,-54.84375,87.28057701843312,5.0
4285,-21.06181760164931,-51.328125,89.11805971147818,5.0
4286,-26.944358180475746,-49.92187500000006,87.49490336654009,5.0
4287,-20.74237995448715,-50.2734375,87.23082547741993,5.0
4288,-14.169522214770055,-54.140625,87.7039435127768,2718.888962215593
4289,-23.969482317759685,-46.05468750000006,88.04336730284048,5.0
4290,-20.105509787916006,-44.6484375,87.56759228662956,5.0
4291,-4.480798785982216,-49.92187500000006,91.76803952691098,64.55084519636284
4292,-20.423615363810953,-44.296875,90.11486062827922,5.0
4293,-27.95318688338115,-50.2734375,87.57309784762214,8268.220221408626
4294,-16.024100308155866,-47.81250000000006,92.69467170029397,5.0
4295,-11.719760305788782,-45.0,90.18849853249854,5.0
4296,-6.579592944977634,-37.6171875,90.02027583038063,14508.440190704567
4297,-6.880079227870652,-40.78125,88.02480225219323,4640.007554393043
4298,-16.957763300004146,-49.5703125,86.59876677169497,5.0
4299,-21.06181760164931,-50.625,91.12727550913141,5.0
4300,-4.480798785982216,-45.0,87.63153287932022,5.0
4301,-28.971532223711293,-49.92187500000006,97.11252965048106,5.0
4302,-23.64331425576559,-52.03125,94.3005450851032,49536.62311494016
4303,-20.74237995448715,-43.94531250000006,88.84579739207216,5.0
4304,-25.282603043311994,-53.0859375,87.4640831447886,5.0
4305,-4.480798785982216,-45.0,87.39856243607765,14429.89481049025
4306,-18.524391073865786,-42.890625,87.58332719080383,5.0
4307,-21.381942579838892,-44.6484375,87.7674371540098,5.0
4308,-25.282603043311994,-53.0859375,87.52341058274305,29731.461518308006
4309,-23.969482317759685,-49.5703125,87.81929926896093,4558.788703208647
4310,-11.110881800003284,-68.90625,87.34672003773174,4519.352516671733
4311,-28.971532223711293,-49.92187500000006,97.43977215532911,5.0
4312,-5.979156796301311,-35.5078125,87.26905726860282,2794.5957412352222
4313,-26.944358180475746,-49.21875000000006,97.0131017440484,5.0
4314,-30.000000000000014,-51.67968750000006,96.550958041489,5.0
4315,-7.481631264246957,-39.375,87.8334012276037,59402.85341630326
4316,-22.993394314297802,-50.625,91.90300412618083,5.0
4317,-2.9855060057465437,-41.8359375,87.71265744831527,2816.9607736205867
4318,-16.334822780685997,-48.8671875,89.90945785225419,5.0
4319,-19.788049410669586,-46.40625,87.58358554419152,5.0
4320,-20.74237995448715,-48.8671875,87.53029664901246,2674.3535397838154
4321,-28.971532223711293,-52.734375,88.55230707955926,5.0
4322,-22.02431283704216,-44.6484375,87.79658709446566,5.0
4323,-18.83940454727545,-49.5703125,88.59282290376623,5.0
4324,-24.296477994805656,-49.92187500000006,87.51069578177713,29834.572122756956
4325,-29.313198964168336,-50.9765625,87.61925200644718,5.0
4326,-2.0893716714986112,-54.140625,87.2365750060647,5.0
4327,-30.34518296958825,-51.328125,87.08248677110065,5.0
4328,-4.780191847199163,-49.5703125,87.46580705483515,29818.776478853826
4329,-24.62431835216408,-54.4921875,87.22352739716223,636.4158544139942
4330,-11.110881800003284,-52.03125,87.26344696877811,2577.143423714952
4331,-6.279288322550272,-37.265625,94.16988440618465,5.0
4332,-17.27000469497446,-54.140625,86.92392319411209,5.0
4333,-21.702769403954832,-48.515625,90.34173906126072,5.0
4334,-15.713861048008212,-48.1640625,87.49162974601414,5.0
4335,-3.583321698471977,-44.6484375,95.5282679149386,5.0
4336,-21.06181760164931,-48.515625,87.77882626942763,49599.12840880575
4337,-27.95318688338115,-53.78906250000006,87.53626871600433,2827.1039680911617
4338,-15.713861048008212,-48.1640625,87.82296224132506,5.0
4339,-8.385538647081319,-35.5078125,87.63953120261016,5.0
4340,-17.27000469497446,-49.21875000000006,88.25037512179435,2775.9046646209217
4341,-3.2843691083657944,-40.07812500000006,87.27799124262074,5.0
4342,-24.62431835216408,-48.1640625,97.61948503196339,5.0
4343,-24.953020787727496,-47.81250000000006,87.69847243543772,5.0
4344,-20.74237995448715,-43.2421875,87.5939341623034,5.0
4345,-14.477512185929939,-41.1328125,91.49423965752734,2783.755579600554
4346,-23.969482317759685,-46.7578125,87.61511723092045,5.0
4347,-20.423615363810953,-50.625,94.69294021494994,5.0
4348,-24.953020787727496,-48.515625,87.7372928847709,5.0
4349,-21.381942579838892,-43.94531250000006,91.74459885520969,2606.496703785985
4350,-23.969482317759685,-48.8671875,87.26842005213187,5.0
4351,-21.06181760164931,-48.515625,95.02197628955676,5.0
4352,-16.334822780685997,-40.4296875,92.23123046905229,29841.13772350437
4353,-29.656013541178424,-52.03125,87.40937704118004,48589.51549264836
4354,-20.105509787916006,-43.94531250000006,87.31956732283774,59671.75553585449
4355,-21.06181760164931,-44.296875,87.55075584338826,2877.5268684527628
4356,-8.687297481032445,-42.890625,97.42446278468557,5.0
4357,-21.381942579838892,-46.7578125,87.4703690665558,5.0
4358,-20.423615363810953,-41.48437500000006,87.73980272111655,5.0
4359,-7.481631264246957,-35.859375,86.81918006997999,5.0
4360,-3.882372003029573,-53.43750000000006,87.66017450488732,49335.34784659372
4361,-21.06181760164931,-45.0,88.39598644155994,2792.9371556543447
4362,-23.64331425576559,-47.109375,97.2105529795206,1377.425246789033
4363,-19.788049410669586,-43.59375,87.82174159665298,5.0
4364,-8.98929934516282,-48.8671875,94.32955283903955,14653.814718007956
4365,-22.02431283704216,-47.46093750000006,87.89410468460981,4412.841704011235
4366,-4.480798785982216,-45.0,86.94653548325203,5.0
4367,-17.27000469497446,-49.92187500000006,87.54901986644845,6332.856417064923
4368,-7.180755781458288,-40.4296875,88.48372918129162,5.0
4369,-7.481631264246957,-35.859375,97.18696147159748,5.0
4370,-8.084013907099305,-38.671875,95.28280664912327,5.0
4371,-15.713861048008212,-43.2421875,87.43187157463429,5.0
4372,-3.583321698471977,-58.0078125,87.42072385547938,5.0
4373,-16.024100308155866,-47.109375,87.39512255119409,5.0
4374,-19.47122063449069,-41.1328125,96.79205555125436,74515.7199301423
4375,-18.83940454727545,-47.46093750000006,95.15500388412103,5.0
4376,-15.713861048008212,-48.1640625,93.12845870772847,2524.412711736322
4377,-25.61308321640182,-49.92187500000006,87.65410107589743,5.0
4378,-6.579592944977634,-36.9140625,87.80503804670975,5.0
4379,-19.47122063449069,-45.3515625,87.75089467546128,5.0
4380,-3.882372003029573,-45.0,87.46572726109642,5.0
4381,-4.181528273111482,-43.94531250000006,87.80591320727682,5.0
4382,-20.423615363810953,-40.78125,86.82481531370192,5.0
4383,-20.423615363810953,-44.296875,87.30134921217405,5.0
4384,-27.27961273597809,-53.78906250000006,95.86130574361705,5.0
4385,-20.423615363810953,-49.21875000000006,92.62749018733855,4362.10535185258
4386,-29.656013541178424,-51.328125,87.6948391672088,5.0
4387,-3.2843691083657944,-40.07812500000006,87.82230172450747,5.0
4388,-5.379378991112077,-43.2421875,87.62336329736438,5.0
4389,-3.2843691083657944,-55.54687500000006,92.38495792161129,5.0
4390,-7.481631264246957,-35.859375,93.3945507905261,5.0
4391,-20.105509787916006,-43.94531250000006,92.87168938451264,49606.525609311284
4392,-21.702769403954832,-47.81250000000006,91.83319809592265,2799.846773067827
4393,-3.2843691083657944,-45.0,87.39962633082777,5.0
4394,-29.313198964168336,-52.3828125,87.58006247235691,5.0
4395,-25.61308321640182,-49.21875000000006,87.7583487960808,5.0
4396,-11.719760305788782,-42.18750000000006,87.57035969055156,2654.984587204324
4397,-4.181528273111482,-39.0234375,92.69609562638615,5.0
4398,-7.180755781458288,-36.21093750000006,87.56841363235758,5.0
4399,-6.279288322550272,-43.59375,87.31003091604117,4240.821276273457
4400,-5.979156796301311,-35.5078125,87.66262544833775,2698.1497424058
4401,-19.788049410669586,-45.0,97.46029637041775,2856.283046990008
4402,-9.594068226860458,-36.21093750000006,87.4285266288922,9448.804377516657
4403,-14.785930226053424,-47.109375,89.52189042914101,29666.880309072985
4404,-30.69158768492234,-53.78906250000006,87.70849992953318,5.0
4405,-22.346587898361136,-48.515625,87.21917108586402,5.0
4406,-29.313198964168336,-51.67968750000006,87.78272566874807,2800.1535224097406
4407,-6.579592944977634,-38.32031250000006,91.27877665759547,416.33402930368175
4408,-15.713861048008212,-48.1640625,87.8169881189687,77296.60970429335
4409,-20.423615363810953,-50.625,95.53934715569589,5.0
4410,-4.181528273111482,-39.0234375,87.51377336199192,5.0
4411,0.5968418305070173,-52.3828125,87.23975367722221,5.0
4412,-22.02431283704216,-46.05468750000006,97.05618460452679,5.0
4413,-21.702769403954832,-49.21875000000006,87.6344456904845,5.0
4414,-16.334822780685997,-48.1640625,88.50148819483333,594.9766247618376
4415,-19.155010073563744,-54.140625,93.61809100435828,5.0
4416,-16.646039912392965,-52.734375,87.56160009625894,2576.9065040557985
4417,-2.0893716714986112,-48.515625,91.65370920009775,351.57793167702437
4418,-13.554784037179004,-53.43750000000006,87.30622761789236,5.0
4419,-7.481631264246957,-39.375,87.51695949562861,5.0
4420,-5.379378991112077,-43.2421875,87.31878945826101,5.0
4421,-29.656013541178424,-52.03125,94.12601063307439,2670.4926618697114
4422,-21.06181760164931,-48.515625,87.42415695238402,8306.046623048267
4423,-22.993394314297802,-47.109375,91.68689069487293,4576.465657437773
4424,-12.635625093021133,-39.0234375,97.11894981480512,49442.24452642964
4425,-16.024100308155866,-48.515625,87.83666171290548,5.0
4426,-9.291553238770263,-36.5625,87.85323229050765,14644.453118420248
4427,-5.379378991112077,-43.94531250000006,87.74643577296841,2881.412229704605
4428,-7.481631264246957,-37.96875000000006,87.56373138548268,14493.936149195193
4429,-23.969482317759685,-46.7578125,87.76620296042736,5.0
4430,-22.346587898361136,-56.953125,89.28644548708247,49455.29433725617
4431,-20.105509787916006,-43.94531250000006,97.51694943423965,5.0
4432,-18.524391073865786,-47.109375,97.06736158336068,2834.3954612817483
4433,-28.630989836924357,-54.4921875,95.3425659470681,5.0
4434,-4.181528273111482,-41.1328125,95.92473996449064,5.0
4435,-11.110881800003284,-49.92187500000006,87.75565000445712,5.0
4436,-14.477512185929939,-49.5703125,90.31933162481769,5.0
4437,-23.969482317759685,-50.2734375,96.07293609692857,5.0
4438,-31.03924001039789,-55.54687500000006,87.65439262053901,2868.8985542396085
4439,-9.594068226860458,-63.6328125,97.29107796558903,5.0
4440,-26.944358180475746,-49.21875000000006,87.68526433312726,5.0
4441,-25.282603043311994,-50.9765625,89.24301636937818,5.0
4442,-8.687297481032445,-35.15625,91.4833899404752,5.0
4443,-16.024100308155866,-43.59375,97.18694326644825,5.0
4444,-16.334822780685997,-48.1640625,87.45385484099586,5.0
4445,-30.000000000000014,-50.2734375,92.51073358583989,5.0
4446,-7.481631264246957,-37.265625,87.82725684890099,5.0
4447,-23.969482317759685,-46.7578125,87.48622120563273,5.0
4448,-13.248014905676953,-39.0234375,93.17774907469268,5.0
4449,-22.993394314297802,-46.40625,87.99979525438349,5.0
4450,-16.646039912392965,-49.21875000000006,90.37211017347121,49555.665804844895
4451,-20.74237995448715,-50.2734375,87.55969036695326,5.0
4452,-25.282603043311994,-49.5703125,87.77379934555748,5.0
4453,-24.296477994805656,-54.140625,89.6527063094386,5.0
4454,-26.61009781073392,-48.8671875,87.67056176441345,5.0
4455,-3.882372003029573,-53.43750000000006,87.39133657085883,5.0
4456,-22.346587898361136,-44.296875,97.28994077226322,5.0
4457,-6.579592944977634,-43.2421875,87.81461894927033,5.0
4458,-16.646039912392965,-51.328125,92.17663751488044,5.0
4459,-20.105509787916006,-43.2421875,87.67885771681604,5.0
4460,-16.334822780685997,-52.3828125,87.60326399610261,55.837341598345475
4461,-19.788049410669586,-44.296875,87.6736083162592,74527.77465368726
4462,-31.738394244764436,-53.43750000000006,87.67635590392314,5.0
4463,-6.279288322550272,-35.859375,87.85884404683502,5.0
4464,-22.02431283704216,-42.5390625,87.8578838443429,49417.84578006936
4465,-16.024100308155866,-47.81250000000006,87.79526780280521,4437.548557610067
4466,-6.279288322550272,-36.5625,87.30537175875517,5.0
4467,-6.880079227870652,-35.859375,87.793809966648,2558.157890115476
4468,-29.313198964168336,-51.67968750000006,87.35176743273195,5.0
4469,-27.27961273597809,-53.0859375,87.29367757013013,5.0
4470,-27.95318688338115,-50.9765625,97.01964207872341,5.0
4471,-30.69158768492234,-51.67968750000006,89.3403893918469,5.0
4472,-8.084013907099305,-35.15625,90.34992261788076,5.0
4473,-14.785930226053424,-56.953125,87.66634760545702,5.0
4474,-22.02431283704216,-46.7578125,96.42671542732484,443.8413233034817
4475,-18.83940454727545,-46.7578125,90.02752997248955,5.0
4476,-16.646039912392965,-49.92187500000006,92.99551373321674,5.0
4477,-14.785930226053424,-47.81250000000006,87.62142136288729,5.0
4478,-21.06181760164931,-52.03125,97.27475832783682,5.0
4479,-20.74237995448715,-51.67968750000006,94.36454039018234,5.0
4480,-7.180755781458288,-43.94531250000006,95.18035622220894,59450.12894861867
4481,-18.524391073865786,-50.625,87.35594539116396,5.0
4482,-20.423615363810953,-52.03125,87.48947403901497,5.0
4483,-20.423615363810953,-42.18750000000006,87.5092979115075,5356.082190216755
4484,-8.385538647081319,-49.5703125,87.4894010556068,5.0
4485,-23.31795706533424,-49.5703125,95.20921569249748,8159.961852430838
4486,-2.0893716714986112,-47.81250000000006,86.84123930833657,5.0
4487,-14.785930226053424,-59.765625,87.22603269787085,5.0
4488,-23.969482317759685,-51.67968750000006,87.49346447907944,5.0
4489,-20.423615363810953,-44.296875,87.3933650529845,5.0
4490,-10.199918091116302,-48.8671875,87.43660873532909,5.0
4491,-22.346587898361136,-42.18750000000006,93.78265400448413,13299.824940781431
4492,-20.423615363810953,-43.59375,88.22601019237014,1361.6524025214844
4493,-23.969482317759685,-46.7578125,83.63745334114911,5.0
4494,-23.31795706533424,-54.4921875,87.70356500259473,2836.9722525041857
4495,-21.06181760164931,-41.48437500000006,87.67458255505514,5.0
4496,-18.83940454727545,-40.4296875,87.27719685033698,5.0
4497,-6.279288322550272,-36.5625,90.665121043161,5.0
4498,-10.199918091116302,-48.8671875,91.27697860795622,2762.7509996365175
4499,-16.646039912392965,-49.92187500000006,91.78100770496854,5.0
4500,-21.06181760164931,-48.515625,92.01114048251206,5.0
4501,-19.788049410669586,-50.625,50.018,11543.658545174334
4502,-11.4151577427305,-55.1953125,97.21797533333661,5.0
4503,-0.2984168674869352,-51.328125,94.20297001239491,5.0
4504,-19.155010073563744,-44.296875,96.29549724007997,5.0
4505,-11.110881800003284,-37.265625,86.64909033278582,5.0
4506,-22.993394314297802,-44.296875,97.0309507893108,5.0
4507,-2.0893716714986112,-48.515625,94.08874739043002,34834.63009461133
4508,-20.74237995448715,-44.6484375,94.79399167936526,5.0
4509,-28.971532223711293,-49.21875000000006,87.24926884582435,5.0
4510,-7.481631264246957,-46.40625,92.32416282766766,5.0
4511,-18.524391073865786,-50.625,97.27387092481983,5.0
4512,-5.079715792733481,-47.81250000000006,90.71963187771908,5.0
4513,-21.381942579838892,-46.7578125,88.380248715974,14755.54181501908
4514,-20.105509787916006,-41.8359375,97.14068276754888,5.0
4515,-16.334822780685997,-48.1640625,87.72197065262884,5.0
4516,-19.788049410669586,-44.296875,89.19796999748677,5.0
4517,-27.6158819838447,-49.92187500000006,87.767126683276,5.0
4518,-7.782714385390946,-36.21093750000006,97.02151124220093,2680.6335183622073
4519,-2.0893716714986112,-49.92187500000006,87.22601206443125,4493.673393958749
4520,-26.61009781073392,-53.0859375,87.80062939979626,5.0
4521,-20.74237995448715,-50.2734375,90.91009496403298,29545.41023894241
4522,-27.6158819838447,-53.43750000000006,93.61532854484157,5.0
4523,-21.06181760164931,-49.92187500000006,88.70080485157588,407.3781946414193
4524,-24.296477994805656,-49.92187500000006,96.42500878320719,5.0
4525,-16.957763300004146,-50.2734375,97.10676599976858,5.0
4526,-23.31795706533424,-46.05468750000006,87.21010593264366,49419.62052021935
4527,-28.291548862929403,-54.140625,87.66712749197788,5.0
4528,-20.423615363810953,-40.78125,86.7415561661584,5.0
4529,-7.481631264246957,-37.265625,87.56849898389328,4122.407879556214
4530,-10.503271450113203,-40.07812500000006,87.84895887600159,5.0
4531,-8.084013907099305,-50.625,96.47574197489328,4482.141749549102
4532,-9.594068226860458,-36.21093750000006,95.03312281136246,5.0
4533,-12.32998415024295,-56.953125,87.29552152141041,5.0
4534,-20.423615363810953,-50.625,87.24892138643983,16215.235426926927
4535,-20.74237995448715,-43.2421875,88.89457048493172,5.0
4536,-16.646039912392965,-40.07812500000006,87.84253687878979,4603.370846491192
4537,-21.381942579838892,-50.2734375,87.48327467630274,5.0
4538,-4.480798785982216,-43.59375,96.18244103703087,4553.520883636671
4539,-4.780191847199163,-43.94531250000006,96.9236058755302,5.0
4540,-7.180755781458288,-35.5078125,87.6674531701792,5.0
4541,-19.788049410669586,-45.70312500000006,95.95399932460326,14423.350546808762
4542,-8.385538647081319,-38.32031250000006,87.64222272561993,5.0
4543,-11.110881800003284,-38.671875,92.26460199065521,2599.4713837505797
4544,-16.024100308155866,-40.78125,87.76659121650515,2863.9274995628084
4545,-24.296477994805656,-48.515625,87.28887466498763,2553.6280388009877
4546,-1.492246289620354,-47.81250000000006,96.93895112262935,20828.68831846331
4547,-21.702769403954832,-45.70312500000006,87.73705747195194,5.0
4548,-22.02431283704216,-46.7578125,92.19384707620799,5.0
4549,-23.969482317759685,-46.7578125,87.61954399972277,5.0
4550,-28.971532223711293,-56.25,86.68739334126079,5.0
4551,-1.7907846593289634,-46.05468750000006,87.25906083626441,5.0
4552,-6.880079227870652,-37.96875000000006,87.79400464583881,5.0
4553,-27.27961273597809,-48.8671875,90.97834623647081,5.0
4554,-17.896089316234637,-45.70312500000006,87.57568944988478,5.0
4555,-20.423615363810953,-44.296875,91.10352470310386,5.0
4556,-22.02431283704216,-50.9765625,91.18427527435207,4437.7813329318715
4557,-22.346587898361136,-54.140625,91.32622041171676,5.0
4558,-28.630989836924357,-48.8671875,87.78900571675277,5.0
4559,-31.738394244764436,-52.734375,96.58631204404308,14489.206038808941
4560,-22.993394314297802,-52.03125,87.78451009674252,5.0
4561,-11.4151577427305,-58.7109375,87.73187768928783,49639.77149556795
4562,-27.27961273597809,-53.0859375,87.39269969323996,5.0
4563,-3.583321698471977,-68.5546875,87.53907887463093,5.0
4564,-8.98929934516282,-36.21093750000006,86.9648669686571,5.0
4565,-27.6158819838447,-49.92187500000006,89.96180607589432,2676.0005013642935
4566,-9.896853442815868,-35.859375,87.45915368808602,5.0
4567,-8.687297481032445,-42.18750000000006,87.5343473472009,4640.468184419341
4568,-6.579592944977634,-49.5703125,93.03012020352416,5.0
4569,-26.276811557199977,-49.92187500000006,87.5655308574587,5.0
4570,-19.155010073563744,-40.78125,87.45058265502819,5.0
4571,-22.02431283704216,-43.2421875,87.35170503944398,5.0
4572,-9.291553238770263,-35.859375,93.12774283446386,5.0
4573,-23.64331425576559,-50.625,87.2985045962719,14741.056755744678
4574,-23.64331425576559,-49.92187500000006,87.73659398572131,5.0
4575,-12.635625093021133,-45.3515625,87.80848467179304,5.0
4576,-16.334822780685997,-48.1640625,90.92000824696225,5.0
4577,-8.385538647081319,-63.6328125,89.95804059674974,14537.251717834362
4578,-30.000000000000014,-50.9765625,94.11283477039974,99594.18749267627
4579,-21.702769403954832,-47.81250000000006,86.99346117598569,2630.5181707550855
4580,-28.971532223711293,-53.43750000000006,87.5239178466331,49517.831202069574
4581,-12.024699180565818,-45.3515625,87.5018724643405,2783.9580171654425
4582,-23.969482317759685,-50.9765625,87.3205554425203,49420.74615320688
4583,-23.64331425576559,-47.109375,87.5140994976863,567.3527505997081
4584,-22.346587898361136,-44.296875,87.54193175255185,5.0
4585,-29.656013541178424,-49.92187500000006,87.82870189364313,5.0
4586,-16.024100308155866,-48.515625,90.41294327936626,5.0
4587,-6.279288322550272,-37.96875000000006,87.63837191568719,5.0
4588,-22.02431283704216,-45.3515625,91.74223729887605,5.0
4589,-22.993394314297802,-47.109375,87.57762272534515,5.0
4590,-20.74237995448715,-54.4921875,87.51559395230964,29590.563809404975
4591,-8.084013907099305,-35.859375,87.85479899243201,5.0
4592,-19.47122063449069,-46.7578125,86.74460067225134,2702.625660878064
4593,-12.635625093021133,-55.8984375,87.23102014797169,1282.7776791258075
4594,-16.957763300004146,-54.4921875,87.6882162462824,49430.35165976131
4595,-21.702769403954832,-47.81250000000006,97.11535432622078,29539.6160852972
4596,-23.31795706533424,-47.46093750000006,91.7997931695621,2670.7723723754198
4597,-8.98929934516282,-35.5078125,87.24229178729547,5.0
4598,-16.334822780685997,-49.5703125,95.0270694727713,5.0
4599,-10.503271450113203,-39.375,92.12745086603041,5.0
4600,-8.084013907099305,-63.28125000000006,89.49137104356657,2684.970008235539
4601,-23.969482317759685,-49.5703125,94.36019061515614,14504.713724089732
4602,-27.95318688338115,-49.5703125,87.66947891410821,2795.8410387484164
4603,-15.40409369872549,-51.328125,87.42260468801722,5.0
4604,-23.64331425576559,-54.84375,87.81537041804053,5.0
4605,-27.6158819838447,-49.92187500000006,87.92966473740881,5.0
4606,-25.944479772370016,-52.3828125,87.85093019751572,5.0
4607,-7.481631264246957,-36.5625,88.26640569024501,5.0
4608,-29.656013541178424,-52.734375,97.16935115651064,5.0
4609,-15.713861048008212,-54.4921875,96.25215639396588,4512.9526169812625
4610,-13.554784037179004,-39.375,95.61073910443598,5.0
4611,-3.882372003029573,-44.296875,93.87241526627203,5.0
4612,-18.83940454727545,-43.2421875,97.12015901366516,49378.960191565886
4613,-5.6791898455823855,-37.96875000000006,87.25630869030788,5.0
4614,-9.594068226860458,-36.21093750000006,87.48157884295232,5.0
4615,-12.635625093021133,-38.32031250000006,87.7924316300804,5.0
4616,-24.296477994805656,-50.625,95.03261486044462,5.0
4617,-26.944358180475746,-49.21875000000006,87.806099321162,5.0
4618,-12.024699180565818,-48.8671875,92.55079217966032,5.0
4619,-26.276811557199977,-49.92187500000006,87.3110148753191,5.0
4620,-26.276811557199977,-50.625,87.46439656417756,5.0
4621,-23.64331425576559,-47.109375,92.1115166611938,5.0
4622,-6.579592944977634,-36.21093750000006,87.34585964729843,4643.064612914678
4623,-22.346587898361136,-45.70312500000006,87.59815934085245,5.0
4624,-29.313198964168336,-52.3828125,87.48123139215107,14720.161608595376
4625,-22.346587898361136,-49.21875000000006,87.5961392330776,5.0
4626,-13.248014905676953,-39.72656250000006,91.44373702029303,5.0
4627,-19.155010073563744,-40.07812500000006,87.62045434406876,2616.867808005023
4628,-21.702769403954832,-47.109375,88.06288306012912,5.0
4629,-19.47122063449069,-41.1328125,87.25825173126188,5.0
4630,-5.979156796301311,-36.21093750000006,93.96546504923727,5.0
4631,-12.635625093021133,-57.3046875,87.6232142331921,5.0
4632,-23.969482317759685,-46.05468750000006,90.18609274886897,2799.041737331123
4633,-26.61009781073392,-53.78906250000006,91.91756119736364,14726.397172189638
4634,-6.279288322550272,-35.15625,87.40659766825786,5.0
4635,-29.313198964168336,-49.5703125,95.81350772677303,5.0
4636,-13.248014905676953,-49.5703125,89.6242549101562,5.0
4637,-22.02431283704216,-50.9765625,87.70275705712149,49656.25757513229
4638,-23.64331425576559,-53.43750000000006,87.36965519523497,4434.510827116551
4639,-24.296477994805656,-48.515625,97.10965117538117,14677.618510485487
4640,-29.313198964168336,-52.3828125,92.69878906264017,5.0
4641,-12.635625093021133,-45.3515625,87.40438542568224,2717.6233688351867
4642,-26.276811557199977,-49.92187500000006,87.57971204611546,5.0
4643,-6.279288322550272,-37.265625,94.08579454344152,5.0
4644,-22.669609871750396,-48.1640625,91.10781214585903,29787.082491198864
4645,-23.31795706533424,-49.5703125,92.9242750436647,5.0
4646,-22.346587898361136,-55.54687500000006,87.71962367656224,49448.71455404832
4647,-9.896853442815868,-48.515625,91.66205733558897,5.0
4648,-26.944358180475746,-49.21875000000006,87.6456631545702,4355.990766276622
4649,-7.180755781458288,-36.21093750000006,87.4087634523807,5.0
4650,-3.583321698471977,-45.3515625,89.94897203813215,5.0
4651,-22.993394314297802,-54.84375,97.42393457775661,5.0
4652,-18.524391073865786,-46.40625,87.54306150227357,5.0
4653,-25.944479772370016,-49.5703125,87.7463492820795,5.0
4654,-15.713861048008212,-48.1640625,90.61661828523346,5.0
4655,-7.180755781458288,-36.21093750000006,87.8552292119195,5.0
4656,-25.61308321640182,-52.734375,94.95303330885966,5.0
4657,-20.105509787916006,-43.2421875,92.83923272318837,5.0
4658,-7.782714385390946,-40.4296875,87.15371766905045,5.0
4659,-22.993394314297802,-51.328125,97.63282277128074,4324.694802105121
4660,-19.47122063449069,-41.1328125,92.64269682878688,14424.10368777583
4661,-21.06181760164931,-45.0,95.37717198681891,5.0
4662,-17.896089316234637,-40.07812500000006,90.22592239184213,5.0
4663,-25.282603043311994,-53.0859375,95.22655404170843,2698.6832294671976
4664,-25.282603043311994,-52.3828125,87.27508473823671,5.0
4665,-22.669609871750396,-46.7578125,87.59326792582007,5.0
4666,-5.6791898455823855,-42.890625,95.62465593469899,5.0
4667,-25.61308321640182,-49.92187500000006,87.39577451130819,5.0
4668,-22.02431283704216,-45.3515625,87.22892867910792,5.0
4669,-22.346587898361136,-41.48437500000006,93.50700122577202,5.0
4670,-15.094787099543197,-53.0859375,94.74959925839774,5.0
4671,-27.27961273597809,-53.0859375,87.34304521296578,5.0
4672,-22.993394314297802,-48.515625,95.18821552007331,5.0
4673,-5.979156796301311,-47.46093750000006,90.9059108131192,5.0
4674,-16.334822780685997,-48.1640625,87.82626601578612,5.0
4675,-27.27961273597809,-48.8671875,94.61547417538621,5.0
4676,-3.2843691083657944,-42.18750000000006,87.68994631825977,14672.583472522529
4677,-29.656013541178424,-51.328125,87.38541703433025,5.0
4678,-22.346587898361136,-54.140625,87.50825162204639,5.0
4679,-21.381942579838892,-43.94531250000006,87.80609703203513,5.0
4680,-10.806922874860348,-68.5546875,87.8414726671873,5.0
4681,-9.594068226860458,-36.21093750000006,93.9800168779035,5.0
4682,-28.971532223711293,-49.21875000000006,93.59948914960243,5.0
4683,-11.719760305788782,-40.07812500000006,88.64957519473755,4543.226857145652
4684,-23.969482317759685,-53.78906250000006,93.29726049015369,5.0
4685,-16.024100308155866,-48.515625,87.3824150775939,4376.877200356967
