,Latitude in degrees,Longitude in degrees,Frequency(MHz),EIRP
0,36.05358859962301,108.98437499999999,95.0194284532825,882.1791805422325
1,22.66960987175038,107.2265625,88.1939143483859,883.7770977184388
2,27.6158819838447,101.953125,94.36154157468047,240.2724944818139
3,30.69158768492234,105.8203125,96.97810136518744,2917.5501022771364
4,41.411188638099254,125.859375,94.27054773188794,239.4387760184876
5,41.411188638099254,125.859375,90.28663598958609,229.678028943709
6,45.38920300540005,126.68067226890754,92.21149510016437,77.80141392915283
7,24.62431835216408,118.47656249999999,93.84009033317659,193.92324292517264
8,30.69158768492234,113.5546875,92.3035342442399,16.124356848087004
9,28.630989836924343,119.17968749999996,87.89318197870227,862.5530217148323
10,47.35757623319898,88.02631578947368,90.09489235879359,179.10101516671784
11,22.346587898361136,108.28125,95.45584540895152,193.04577513003943
12,25.282603043311994,117.0703125,96.10167662257429,903.9393764097458
13,39.838439976999084,75.234375,88.08012531591251,198.82879686986922
14,40.62018519067267,107.57812499999999,97.06404575984934,177.51150615710034
15,40.62018519067267,109.6875,90.25923449594724,65.89258579261292
16,37.54432510382694,114.60937499999999,94.0340504637696,905.1585082174216
17,32.79716829582364,110.7421875,94.90897393356096,50.43801121131971
18,34.95386525718846,102.3046875,95.57197589061602,230.55267213111225
19,37.921650784291785,114.25781249999999,96.98578756184912,243.88489153191483
20,30.345182969588258,111.09375,90.10328181126287,878.788882000919
21,41.81031489577859,118.47656249999999,96.07187447343743,862.4771067258728
22,37.921650784291785,114.25781249999999,88.01214159874414,915.9701122676062
23,36.42357364233115,118.47656249999999,94.5060728332964,17.07356614516708
24,34.59057497617661,113.90625,94.82416898742557,191.11161095094027
25,26.61009781073391,119.88281249999999,94.21422310804124,187.02326669440754
26,40.228184728061095,81.2109375,89.38676344990198,56.8437181492142
27,33.152887928619876,106.875,96.22066755454684,189.29078561924462
28,31.039240010397883,120.23437499999997,88.46234694615423,194.45231277335054
29,46.1781796469964,124.23076923076924,87.22333430048039,247.63420110327195
30,30.345182969588258,104.0625,94.61306777988362,871.6482987050397
31,41.01449966573052,117.7734375,91.98023767385462,212.3372639989756
32,44.993880150457116,115.12500000000001,95.97557265134198,888.4603192921074
33,22.66960987175038,107.2265625,90.85712265613303,201.0712491879189
34,22.346587898361136,106.875,88.45532376056636,189.56793413474406
35,25.944479772370002,117.7734375,95.84603152149023,252.47394135043658
36,37.54432510382694,114.60937499999999,92.72366193627796,10.0
37,43.406858485936986,87.45967741935485,88.69786573843622,30.833974531414515
38,28.971532223711293,88.59375,94.63820597887111,221.58095866504618
39,34.95386525718846,114.9609375,92.30853854264423,9868.455405297724
40,42.60980697763761,123.92857142857142,93.39067085903656,889.0757966137135
41,33.8687046016565,116.71875000000001,91.84496354050628,34.10835309287097
42,46.57184741344958,124.52586206896551,95.76687679320179,926.7018460745509
43,23.64331425576559,108.98437499999999,95.77561532811671,892.3284154180221
44,38.68218745348943,100.1953125,94.54351663791739,855.7430565490754
45,29.313198964168343,88.24218749999999,87.75494211752445,918.8559246234653
46,37.16889965599944,100.1953125,95.87071662276956,218.10609652111572
47,32.79716829582364,105.11718749999999,94.13576467561059,86.48872825552603
48,32.0899512562803,117.7734375,94.43703348297954,245.1618619536213
49,40.62018519067267,109.6875,90.60381868066635,254.39285441861458
50,22.346587898361136,108.28125,96.28450150670537,251.75646840005857
51,26.61009781073391,106.52343749999999,94.68115869561665,258.46250267482395
52,22.993394314297802,111.796875,87.82323846428541,9878.530881047078
53,23.96948231775967,107.9296875,91.15964476134783,2903.2293561696074
54,30.69158768492234,105.8203125,96.35718315533005,2873.174505479237
55,23.31795706533424,103.71093749999999,87.12692152676958,913.1652237221808
56,43.80448796297494,87.4390243902439,97.17608982686856,9869.351930363531
57,40.62018519067267,120.23437499999997,94.23105216357762,38.18022280086139
58,46.1781796469964,121.92307692307692,93.68138289446162,183.2597887312957
59,37.16889965599944,118.47656249999999,89.61980270146765,240.90783447685345
60,35.68533471265204,100.1953125,89.34176445795337,926.7671096425929
61,38.3009224658677,105.46875,96.94668614191359,243.44252521579378
62,25.282603043311994,110.0390625,89.95964579469549,897.071825036636
63,36.42357364233115,109.3359375,95.12885408552238,54.072211023197916
64,38.3009224658677,115.31249999999997,90.97778778973472,180.0733132231571
65,32.0899512562803,79.8046875,88.1037917530845,892.1702384704273
66,41.81031489577859,118.47656249999999,86.38683228262124,64.1945163126614
67,25.944479772370002,105.8203125,92.66322186935722,204.87979072026792
68,44.59799149300626,124.58677685950413,97.35429833575397,183.19535353716498
69,21.702769403954846,110.39062499999999,90.68017049434884,204.50515915755196
70,26.61009781073391,104.4140625,90.53744074458945,885.1000159305016
71,40.62018519067267,123.74999999999999,90.40896920563283,209.0144274953979
72,49.31283855921746,120.13761467889908,92.39541067718571,256.00285079769344
73,25.613083216401805,99.84374999999999,91.5832201254503,38.74467056760064
74,28.630989836924343,118.47656249999999,96.29100189233776,914.2508023292096
75,27.95318688338113,120.58593750000001,92.25701656031492,209.5262524524929
76,26.61009781073391,104.4140625,92.27762450350838,867.0748155288144
77,44.59799149300626,115.6611570247934,88.09310359676972,890.2448657547786
78,36.42357364233115,114.25781249999999,97.44066811525934,81.83873539935698
79,43.008633994236924,129.24,89.3568508044834,2883.323172884023
80,24.62431835216408,116.36718749999997,87.45058767312429,857.3341627882602
81,30.345182969588258,117.42187499999999,94.04378442970517,224.27757057634346
82,36.79533013738011,79.45312499999999,93.29456590944758,71.1070540352968
83,44.993880150457116,115.12500000000001,91.25309902982517,9867.3912324996
84,37.16889965599944,95.2734375,91.34425478667332,899.1922439279233
85,37.16889965599944,118.47656249999999,95.24508695734396,81.19608534160585
86,27.95318688338113,120.58593750000001,88.76689436922456,201.45871638889494
87,29.999999999999993,119.88281249999999,95.67299003578921,915.6546435907366
88,24.296477994805656,118.125,93.87542531184448,881.2874375939158
89,34.228866327812575,111.44531249999999,91.30256849430094,902.4228844945216
90,42.60980697763761,93.21428571428571,91.80784033313161,227.4055066584893
91,28.291548862929403,92.10937499999999,89.44210257593083,887.5577104186888
92,26.944358180475724,104.76562499999999,94.91146438027623,213.68943354698996
93,31.738394244764443,117.42187499999999,92.3247620444622,82.4678894111969
94,26.61009781073391,104.4140625,90.18109595304321,862.2942775291361
95,33.8687046016565,113.90625,93.30191073855146,9926.034578452683
96,32.79716829582364,108.63281249999999,97.60191109431425,194.66182629980386
97,35.31877290301153,117.42187499999999,91.51333112351868,232.3618042798525
98,47.35757623319898,128.28947368421052,96.72036165104834,874.7525617211511
99,43.008633994236924,93.24,90.41804235114371,252.55372610296968
100,46.96497733995481,130.30434782608694,87.23977598929137,925.8305157896963
101,29.999999999999993,118.47656249999999,88.85724132900536,901.2044443539855
102,37.16889965599944,100.1953125,91.29901582803033,22.393418218229275
103,33.152887928619876,104.76562499999999,89.02028725084323,59924.77093017663
104,23.64331425576559,106.171875,80.28051876414199,898.3885848918528
105,39.065494664452594,105.46875,96.66009271859356,2859.790467918169
106,35.31877290301153,99.84374999999999,95.9221565889435,867.8778121171558
107,27.27961273597809,114.25781249999999,94.82687744634285,2851.159645843144
108,39.45089470914606,87.5390625,88.44970408606628,43.63461031638337
109,44.59799149300626,124.58677685950413,87.89708300625293,203.97267156540124
110,37.921650784291785,114.25781249999999,87.3958741522457,2873.9719780895575
111,41.01449966573052,112.85156249999999,94.6695979850096,78.69463966800042
112,23.31795706533424,112.85156249999999,96.80633496855414,30.22640888698869
113,25.944479772370002,117.7734375,91.45218884870894,909.1562384430258
114,29.999999999999993,112.85156249999999,87.88546541622051,923.436304099452
115,24.296477994805656,98.4375,92.3203225245155,63.376931294480386
116,25.944479772370002,107.2265625,90.45545462631648,2848.962743219028
117,40.62018519067267,109.6875,90.75075719167134,878.601328801106
118,23.96948231775967,106.52343749999999,93.57347521035379,247.18246444866622
119,32.44286613851178,116.71875000000001,94.62385954435071,921.8577884037165
120,25.944479772370002,114.9609375,87.80436322155309,221.90180271928892
121,23.96948231775967,109.3359375,86.95311033707331,75.68582261901747
122,37.16889965599944,110.7421875,97.58448817973691,188.20628962511694
123,43.008633994236924,111.96,89.15897713856374,243.44210069429843
124,39.45089470914606,87.5390625,87.22626548027542,250.0025573412264
125,35.31877290301153,116.71875000000001,88.70506361852304,914.4205733204983
126,25.613083216401805,99.84374999999999,87.00354162400751,910.1311457280694
127,24.62431835216408,113.5546875,90.96152188396607,846.8254141239851
128,48.922795160247304,119.86363636363636,95.45591537634745,906.9453793096795
129,33.152887928619876,106.875,90.38104858950756,74.81376288595007
130,35.31877290301153,104.76562499999999,91.6287363437498,19.160185793399116
131,39.838439976999084,116.01562499999999,94.18924287109124,2870.814384130099
132,42.60980697763761,93.21428571428571,92.28809160932408,29.170901512652406
133,36.79533013738011,114.60937499999999,96.101959536293,178.63786199256194
134,22.993394314297802,113.203125,96.1489412421323,881.1792941542985
135,37.16889965599944,117.7734375,86.3528601895548,219.44444670350003
136,33.152887928619876,120.23437499999997,95.15975276425505,2873.8507851173767
137,28.630989836924343,111.44531249999999,91.84283246215172,191.49748202150477
138,36.42357364233115,117.0703125,97.51637032422083,10.0
139,22.346587898361136,108.28125,92.05169020826011,192.16836222844051
140,22.346587898361136,100.546875,97.49224146061792,845.8331043599875
141,39.065494664452594,115.31249999999997,94.9326068354225,211.04302790281713
142,33.8687046016565,118.125,89.33937711113553,250.89058789977503
143,37.54432510382694,112.49999999999999,92.58706132451101,2874.172704015607
144,37.921650784291785,102.3046875,97.55725644035044,2914.829845078363
145,46.57184741344958,126.85344827586206,96.06188600787893,183.47309960723965
146,30.345182969588258,104.0625,87.67861452327466,232.65536413190054
147,33.51005606625301,114.25781249999999,94.51753604855834,254.46863606781156
148,45.78396716177502,121.65254237288136,90.42356089203595,9879.239789738316
149,38.3009224658677,112.49999999999999,86.22921521487633,59944.042400590595
150,23.64331425576559,106.171875,91.10632607256149,91.95013181855869
151,39.45089470914606,118.47656249999999,89.18043797947188,890.7242934594478
152,41.81031489577859,123.3984375,95.65616000694828,211.5677001846913
153,33.8687046016565,108.98437499999999,90.34266769798387,10.0
154,21.702769403954846,108.28125,95.75474453331245,10.0
155,39.065494664452594,75.9375,81.40805663842289,232.26061872434167
156,29.313198964168343,106.52343749999999,90.05326500504282,239.22275695509018
157,26.944358180475724,104.76562499999999,89.24834323888541,10.0
158,39.45089470914606,116.36718749999997,89.16786423593412,878.6494507110815
159,27.95318688338113,120.58593750000001,87.40140192002995,190.50052919741924
160,36.05358859962301,101.24999999999999,88.67592348471234,257.16361534211666
161,29.999999999999993,110.7421875,92.80992438186115,192.23440927563354
162,29.999999999999993,112.85156249999999,89.88550657417036,65.13719235192147
163,32.44286613851178,112.49999999999999,91.28219413681522,218.87426621751666
164,43.80448796297494,126.21951219512195,90.77609411506505,90.7193564810024
165,24.953020787727496,99.140625,96.24995982752145,250.87259172040487
166,37.16889965599944,114.25781249999999,96.55732018284263,77.58451268781046
167,40.62018519067267,109.6875,92.14127712696464,244.2549149489778
168,46.57184741344958,129.95689655172413,90.27230975626874,61.30578128400332
169,31.039240010397883,118.125,87.76823572028052,873.8400967281531
170,29.313198964168343,115.6640625,97.07665402935729,898.8514196855854
171,48.5322537274423,119.59459459459461,87.32205423286254,42.853568982250174
172,33.152887928619876,106.875,89.95354444932723,234.07490875295744
173,39.45089470914606,78.3984375,89.9576231840022,27.331820623175886
174,29.65601354117841,94.21875,90.17665111403265,851.8949962387587
175,41.01449966573052,122.6953125,88.40697752345352,183.0795323149111
176,28.971532223711293,110.39062499999999,95.22195267745151,249.07331573093086
177,35.68533471265204,100.1953125,87.91735872093496,246.5251661027005
178,22.993394314297802,104.0625,93.71930964990243,2928.2768411050793
179,41.81031489577859,118.47656249999999,87.93016628596332,254.4533943078569
180,36.79533013738011,120.9375,87.42371758939115,847.3173991456711
181,43.008633994236924,124.2,96.60107186999629,217.49015441835454
182,23.31795706533424,109.3359375,88.70774811036021,9879.182641103771
183,24.296477994805656,107.57812499999999,95.68511155686537,905.8601951535286
184,38.68218745348943,100.1953125,92.66807461995263,188.34483930333596
185,29.65601354117841,120.23437499999997,87.49326596854137,926.0662065163809
186,25.613083216401805,99.84374999999999,97.10203259527628,225.19800765526855
187,31.738394244764443,106.171875,89.31838172639142,921.3805374852774
188,32.79716829582364,119.17968749999996,96.08353180688928,919.638286592002
189,39.065494664452594,75.9375,88.46176004949714,73.67355637537779
190,43.406858485936986,81.65322580645162,96.02516315988359,882.934540616638
191,23.96948231775967,112.1484375,86.49295848037406,189.65801476529418
192,23.64331425576559,99.84374999999999,92.31468135162343,191.37535155826248
193,29.999999999999993,112.1484375,95.0606934738817,191.08838254247115
194,36.79533013738011,116.71875000000001,96.86975717303808,890.2987231562904
195,36.42357364233115,101.6015625,96.59866351760135,89.75821537307172
196,27.95318688338113,112.85156249999999,95.66534809111872,10.0
197,23.96948231775967,112.1484375,96.37611023851649,887.1840586447248
198,24.296477994805656,118.125,88.80404217076386,66.72792385202933
199,26.61009781073391,112.1484375,89.7938368159221,40.53180294015343
200,29.999999999999993,121.28906249999999,89.85494629825976,92.77835242303117
201,43.80448796297494,86.70731707317073,90.77841507012509,212.03640571531352
202,41.01449966573052,112.85156249999999,90.98025542818962,236.10669857601863
203,23.96948231775967,115.6640625,92.66709316176683,17.0023272958437
204,30.69158768492234,121.28906249999999,88.35360093813821,9916.57073090895
205,48.922795160247304,119.86363636363636,94.37234312595429,887.4331378690522
206,43.406858485936986,121.57258064516128,88.44669973834426,197.81912974013636
207,29.313198964168343,91.05468749999999,90.07767651961836,196.69170326560229
208,50.091456801832585,127.42990654205607,92.23697410638552,229.24613267873792
209,41.01449966573052,112.85156249999999,95.38342690554484,860.3551217345452
210,32.0899512562803,119.17968749999996,94.80256607332701,56.98359383191238
211,28.971532223711293,113.90625,93.83786076279499,73.69697378407562
212,29.65601354117841,106.171875,88.3038648087746,2854.727736183726
213,39.838439976999084,119.53125,92.69944215202813,181.0363452442905
214,28.291548862929403,92.10937499999999,87.58437079935698,212.11023578407108
215,39.45089470914606,116.36718749999997,90.78225224243798,2868.138451651931
216,37.16889965599944,118.47656249999999,91.23202440830828,871.4804823859266
217,27.27961273597809,103.71093749999999,87.01632449600633,202.46186156076973
218,29.65601354117841,102.65624999999999,89.66359968745597,877.6763259487198
219,24.62431835216408,98.78906249999999,97.1045300586167,10.0
220,29.65601354117841,120.23437499999997,97.07950453744172,893.3359139460795
221,31.38816646434855,91.7578125,90.48972961423094,238.89209312716216
222,43.406858485936986,81.65322580645162,87.065573536833,916.7121870266689
223,36.05358859962301,101.24999999999999,88.58632657528439,9888.850801722263
224,38.68218745348943,114.9609375,90.96657075091203,2929.9016832731168
225,39.065494664452594,75.9375,97.00728995578511,2911.181820223032
226,22.346587898361136,110.39062499999999,88.12734863741733,245.19860875657722
227,35.68533471265204,104.4140625,95.00965303000021,207.08263577714078
228,23.96948231775967,106.52343749999999,87.78611315631763,233.38115276874177
229,29.999999999999993,106.52343749999999,97.42227966996101,879.5444074878264
230,26.276811557199977,117.42187499999999,90.83502816011125,2882.555948148279
231,33.51005606625301,114.25781249999999,95.12556167043186,80.78832792215218
232,31.38816646434855,117.7734375,90.39425428138617,2921.2966886908816
233,33.8687046016565,109.6875,93.64156103766626,917.3145610542426
234,40.62018519067267,120.23437499999997,88.7277392183771,9930.978359879944
235,28.291548862929403,120.23437499999997,88.1857500139501,2878.3120138395384
236,38.3009224658677,115.31249999999997,96.90437951139717,186.9739283146756
237,47.35757623319898,128.28947368421052,96.68811728332176,41.11049926948031
238,29.65601354117841,94.21875,96.36845823599663,43.57888054703282
239,40.62018519067267,78.04687499999999,93.6175479703294,189.80351822636615
240,22.993394314297802,111.796875,95.5272511258093,856.7189932455209
241,22.66960987175038,111.44531249999999,87.40947993291613,914.0405630664045
242,23.31795706533424,103.0078125,90.31774394461786,2899.8358931040116
243,36.05358859962301,103.359375,90.11096591853428,859.6040135404477
244,48.922795160247304,119.86363636363636,93.72724440223575,10.0
245,23.31795706533424,112.85156249999999,90.52533408656329,72.67075145209259
246,35.31877290301153,118.828125,88.21585645830876,38.66389619965442
247,22.346587898361136,107.57812499999999,93.3063897397666,207.88050806715876
248,22.346587898361136,100.546875,95.60161815275538,242.48611037582717
249,24.62431835216408,100.89843749999999,90.8413190411992,16.54170725838749
250,37.921650784291785,116.36718749999997,88.01918824198444,204.1582373467492
251,36.05358859962301,119.53125,88.7772277975453,69.86778591515295
252,24.62431835216408,98.78906249999999,89.20934322571235,866.6334572468921
253,37.16889965599944,105.11718749999999,89.97558263931374,233.18986683513288
254,41.01449966573052,117.7734375,93.80583218914573,240.9734474512509
255,31.738394244764443,111.796875,93.35449703212524,224.0184911739838
256,22.993394314297802,103.359375,94.4288543615481,9891.254876208417
257,28.630989836924343,88.24218749999999,90.59785214249504,83.83153533088242
258,31.38816646434855,102.3046875,95.71852112427989,246.3254074032718
259,43.406858485936986,83.10483870967741,88.85560539365166,893.4488794184606
260,30.345182969588258,111.796875,91.92095797127183,256.3992571603652
261,21.061817601649295,110.39062499999999,95.43812453136314,4877.190469311928
262,41.81031489577859,118.47656249999999,88.59920973683614,211.55197857255308
263,33.152887928619876,119.53125,87.7973286127955,233.04029817765448
264,24.296477994805656,107.57812499999999,96.32958369880701,34.26377494543933
265,27.6158819838447,111.796875,90.39757454926396,855.1559583069095
266,28.630989836924343,88.24218749999999,94.28609436370064,189.04852138606373
267,28.630989836924343,109.3359375,86.79973819574663,62.45669095472968
268,36.42357364233115,114.25781249999999,94.35831498309014,253.31214790169193
269,37.921650784291785,114.9609375,90.1344836212473,250.24812735360882
270,25.944479772370002,117.7734375,87.25487335802964,29.295455346602246
271,25.944479772370002,117.7734375,93.44974976043481,882.0525197562127
272,24.62431835216408,118.47656249999999,89.24451518789883,859.6096831778187
273,23.31795706533424,103.0078125,90.89943574601305,73.73132561826407
274,33.152887928619876,106.875,87.51914674897994,234.4841918408705
275,33.51005606625301,114.25781249999999,88.19958421580614,888.7173831698035
276,26.276811557199977,119.53125,89.95675074642334,249.52743544906986
277,29.65601354117841,102.65624999999999,87.60634428757955,215.9447220522031
278,28.630989836924343,105.11718749999999,96.61586682972218,197.60461441067358
279,26.276811557199977,118.125,86.18972820325185,855.5764432591425
280,23.96948231775967,100.1953125,92.05747673761219,9861.838369241754
281,36.79533013738011,114.60937499999999,87.9244798845173,874.0722725266126
282,36.05358859962301,111.796875,90.0518915080543,28.853342608229823
283,43.406858485936986,81.65322580645162,96.77722298721741,232.29044550958054
284,31.38816646434855,118.47656249999999,88.37558086371168,2890.289683572121
285,46.57184741344958,124.52586206896551,97.2308805543457,36.596644155981366
286,34.228866327812575,108.63281249999999,88.87368349864933,19899.32474131971
287,32.0899512562803,79.8046875,94.8206241489458,9879.164881733439
288,37.921650784291785,109.3359375,92.69466024867971,30.239126380925082
289,31.039240010397883,118.125,96.33771861504492,4917.3479815097335
290,46.96497733995481,130.30434782608694,92.78970559672112,207.8323991471904
291,46.57184741344958,126.85344827586206,92.5372292270872,926.2168181504892
292,25.613083216401805,116.01562499999999,88.76419714001551,221.68470391044218
293,36.42357364233115,114.25781249999999,88.4305044441265,227.31876118690658
294,42.60980697763761,129.64285714285717,96.67585001698617,862.7664054369465
295,32.79716829582364,107.2265625,90.24958083867088,905.0436511199316
296,26.61009781073391,100.1953125,90.71672570213342,12.768331071710561
297,39.838439976999084,98.4375,94.97785630725498,850.3796435803171
298,30.345182969588258,116.71875000000001,90.3573074904813,72.8342132530877
299,43.80448796297494,87.4390243902439,97.06002172103483,203.52430981679726
300,45.78396716177502,121.65254237288136,94.78929114049592,204.03054473292312
301,32.44286613851178,80.15625,93.31672538699637,234.39029280431438
302,32.44286613851178,118.125,96.30103833276175,200.5625626572727
303,29.999999999999993,119.88281249999999,87.16300028648581,41.66236852272235
304,27.95318688338113,112.85156249999999,89.4474096112647,56.691272671106496
305,22.02431283704216,100.89843749999999,91.88406883059419,12.630417322869938
306,33.152887928619876,116.71875000000001,89.09807323365136,234.68833147845316
307,37.16889965599944,117.7734375,94.84076805732931,9888.52037348589
308,26.276811557199977,117.42187499999999,96.70464930274284,44.92758046555694
309,38.3009224658677,105.46875,91.36466658919564,9874.285790025275
310,34.95386525718846,113.5546875,90.38975819298075,892.648204020981
311,44.20152985105137,85.94262295081967,97.17775391660885,863.7479235568903
312,47.35757623319898,128.28947368421052,91.63739097730507,866.0930888620859
313,22.346587898361136,100.546875,92.10527089524344,920.795826784153
314,24.953020787727496,101.24999999999999,90.48308886259117,41.48907409984277
315,28.630989836924343,88.24218749999999,96.60233203289467,243.3393832381454
316,35.68533471265204,119.88281249999999,92.98408667555577,881.7135660068875
317,41.01449966573052,122.6953125,94.99810226592325,848.469628919053
318,41.01449966573052,79.8046875,95.57027937256613,922.6201838031371
319,39.065494664452594,111.796875,90.3869774932656,27.88164816289028
320,32.0899512562803,119.17968749999996,91.49304787695712,879.787106354958
321,28.291548862929403,104.0625,95.96916259585602,250.67872562544773
322,29.65601354117841,120.23437499999997,90.60720004502019,211.85096075290522
323,38.3009224658677,115.31249999999997,95.35296090019386,202.10160694764713
324,22.66960987175038,112.1484375,96.93539580526188,858.7234778380932
325,27.6158819838447,108.98437499999999,93.59366756616083,2890.483688888084
326,31.738394244764443,101.953125,94.82115101612592,241.18863267758715
327,30.345182969588258,111.09375,95.48869299183956,920.1915234223042
328,35.31877290301153,106.171875,95.93403242228952,217.6163293012234
329,39.065494664452594,87.890625,91.00175464906181,39.71180583634167
330,36.42357364233115,109.3359375,87.18782272250851,23.653510399353856
331,26.944358180475724,103.359375,91.08641472038846,19.658893765949095
332,48.922795160247304,119.86363636363636,94.16783958993209,212.0989896154016
333,43.008633994236924,129.24,91.70851343253011,201.34012123201222
334,46.1781796469964,121.92307692307692,94.88432672366662,887.9980943931545
335,46.57184741344958,129.95689655172413,90.53538232602777,895.500160408445
336,24.62431835216408,102.3046875,93.71756387297889,19.470224521302832
337,28.630989836924343,115.6640625,88.66846154989756,86.34035897881469
338,34.228866327812575,113.5546875,94.887825615409,185.55098879273453
339,43.406858485936986,87.45967741935485,92.68191178673001,254.0845297405097
340,33.8687046016565,109.6875,88.85535888239087,56.25396027915281
341,34.228866327812575,113.5546875,89.89253306999639,52.101214435826925
342,41.01449966573052,122.6953125,94.8812743029107,9869.979506313415
343,34.95386525718846,102.3046875,92.04587883174405,914.005164148822
344,35.68533471265204,111.44531249999999,88.982117898465,70.44715437700037
345,30.345182969588258,112.49999999999999,97.24873429631295,218.7223490577138
346,29.999999999999993,116.36718749999997,94.59291619003413,205.9493658796787
347,46.1781796469964,121.92307692307692,97.12296071343651,910.0260363413548
348,36.05358859962301,108.98437499999999,91.4078077521975,244.70794558504946
349,29.999999999999993,101.6015625,91.97677967808286,49.708896726221475
350,33.51005606625301,114.25781249999999,96.47953237869801,894.3456776848556
351,24.62431835216408,104.4140625,92.4369159163954,216.29545065414462
352,29.65601354117841,120.23437499999997,94.52534630887234,182.7084584610591
353,41.01449966573052,112.85156249999999,89.38495147400091,210.9327742292145
354,44.59799149300626,114.91735537190084,91.66163382437018,241.58492546020716
355,29.999999999999993,121.28906249999999,87.92640275745643,202.81377731649056
356,46.96497733995481,85.69565217391305,88.87565005968808,177.43876826977828
357,31.039240010397883,97.03124999999999,83.74862757488883,216.70012066414137
358,22.993394314297802,111.796875,87.00814213687744,10.0
359,31.38816646434855,116.36718749999997,97.37297267889319,904.4468578619625
360,35.68533471265204,100.1953125,89.2609320253668,66.6337270696381
361,29.999999999999993,121.28906249999999,94.04570735281106,16.740993044759445
362,34.59057497617661,117.42187499999999,95.87323293308084,868.6317971180073
363,32.0899512562803,116.36718749999997,92.74640773069393,904.8804651888128
364,22.993394314297802,112.49999999999999,88.2720264346372,916.9072370895913
365,36.05358859962301,120.23437499999997,94.70479695280638,240.52003461211655
366,22.346587898361136,100.546875,93.34704125017494,80.15284170857974
367,23.64331425576559,104.0625,94.73178795029668,893.8137581659312
368,40.62018519067267,120.23437499999997,95.06331186494123,882.5040169336655
369,44.59799149300626,85.9090909090909,97.34972653727588,178.53313857104055
370,43.406858485936986,121.57258064516128,93.04394865036079,2904.545963322133
371,47.749650829136584,88.00884955752213,90.38493844536549,40.488234384862054
372,43.406858485936986,81.65322580645162,93.87212156852088,9937.64446921569
373,28.971532223711293,88.59375,87.403815770063,2855.649061200729
374,44.59799149300626,114.91735537190084,96.47362293791461,878.9422525882271
375,37.16889965599944,112.85156249999999,87.88774863997092,9861.214223410083
376,24.953020787727496,116.71875000000001,90.24962633115084,889.3167928347328
377,47.35757623319898,123.55263157894736,95.61817350583298,74.29674693075303
378,25.613083216401805,99.84374999999999,93.31547002551993,227.6449504480242
379,38.3009224658677,116.71875000000001,90.98416213705677,27.579761388922915
380,42.60980697763761,88.92857142857143,91.96144443201388,214.4826269538304
381,28.630989836924343,88.24218749999999,96.03135074784115,895.1328177109849
382,29.999999999999993,101.6015625,90.36888796485788,213.67680444420094
383,24.296477994805656,107.57812499999999,96.18593312661008,199.59924845521385
384,27.6158819838447,106.875,87.59090612653662,851.0428078656365
385,25.944479772370002,107.2265625,95.1445786738763,2869.195104235317
386,38.3009224658677,116.71875000000001,95.95970337124778,18.185687274891965
387,40.62018519067267,80.15625,88.61930286639131,213.43287775066023
388,27.27961273597809,107.2265625,91.44974017992534,61.644405063224575
389,25.944479772370002,112.85156249999999,88.42166800723595,881.189936581243
390,21.061817601649295,110.39062499999999,94.51953514725533,41.01964045233899
391,35.31877290301153,100.546875,92.54747362312249,871.9809107377329
392,36.05358859962301,104.0625,93.72378572823347,188.5392905620283
393,26.61009781073391,107.9296875,88.77509629829756,77.61918438980129
394,36.79533013738011,120.9375,88.93672361917726,9857.044095253877
395,23.31795706533424,112.85156249999999,87.04157126268132,10.0
396,24.62431835216408,107.9296875,90.19299110477061,226.54709399834303
397,35.31877290301153,118.828125,92.86442471520341,10.0
398,27.27961273597809,107.2265625,96.06602436136724,238.03389054570889
399,27.27961273597809,114.25781249999999,94.08799536581961,242.40998870632697
400,43.406858485936986,125.92741935483872,91.51506513619664,197.43513301857251
401,23.64331425576559,99.84374999999999,97.073145435221,51.402371358458026
402,33.51005606625301,116.36718749999997,94.62839876654175,211.1556405603184
403,25.282603043311994,103.71093749999999,96.82071133165861,874.2284669350468
404,37.16889965599944,112.85156249999999,92.4603021115512,907.4308532893758
405,23.96948231775967,107.9296875,89.470932347046,249.85709374083476
406,35.68533471265204,100.1953125,87.21123262720664,849.3782614869602
407,48.922795160247304,119.86363636363636,94.68730114263346,78.28665430354083
408,23.64331425576559,104.0625,87.90600751331063,188.82748039880846
409,43.80448796297494,126.21951219512195,90.00380104977629,63.07978736039754
410,37.16889965599944,112.85156249999999,92.51009902936013,179.29146136646563
411,22.66960987175038,107.2265625,92.92511982800708,87.81841121202801
412,22.66960987175038,107.2265625,93.35060532133451,247.02353570258012
413,31.38816646434855,106.52343749999999,88.43081896056493,257.86453354747255
414,29.999999999999993,109.3359375,90.81171205140122,9871.994758441771
415,34.59057497617661,108.98437499999999,93.52904182873623,76.30503897040482
416,37.921650784291785,114.25781249999999,97.2803462545211,865.0071596882118
417,37.16889965599944,121.9921875,94.70061760182935,917.9413402447949
418,29.313198964168343,106.52343749999999,96.7406179688136,257.25095569925696
419,27.27961273597809,110.0390625,94.9984249634952,180.72263016518573
420,26.276811557199977,107.57812499999999,93.25536386052887,182.61468586631526
421,26.276811557199977,107.57812499999999,88.72781637713939,14.91417816433109
422,43.80448796297494,126.21951219512195,94.08516821766133,193.3689424114079
423,33.8687046016565,115.31249999999997,93.59548504457558,896.0374436363637
424,45.38920300540005,122.14285714285714,93.3708645416497,18.159988748674316
425,32.0899512562803,119.17968749999996,92.11206453560233,85.6224532944438
426,34.95386525718846,115.6640625,92.47014646724821,884.469464214866
427,24.296477994805656,118.125,90.31434586426744,907.5079569655342
428,36.42357364233115,103.71093749999999,92.38406922332459,230.9449565261029
429,43.008633994236924,129.24,88.78641885479823,882.0099770046202
430,41.81031489577859,118.47656249999999,95.48963034932153,214.05509078256318
431,26.944358180475724,104.76562499999999,88.66165226602295,62.30124994578515
432,30.345182969588258,113.90625,87.56080878620799,216.61173405620787
433,43.406858485936986,121.57258064516128,91.52605703828394,846.403728873498
434,43.80448796297494,86.70731707317073,93.98720758052745,9877.397367210226
435,28.630989836924343,104.4140625,91.54508353901673,26.498935618519194
436,44.59799149300626,115.6611570247934,89.6989305225117,244.00121867206516
437,25.613083216401805,114.60937499999999,92.84398295696651,199.25466362056824
438,28.630989836924343,118.47656249999999,90.43751301657083,244.23127675122322
439,44.20152985105137,129.4672131147541,96.84933698072764,10.0
440,43.80448796297494,87.4390243902439,96.74105630619766,195.26966054583312
441,21.702769403954846,110.39062499999999,92.22800785084753,918.7278537918631
442,36.05358859962301,108.98437499999999,90.25002992677219,255.67150595574827
443,36.05358859962301,103.359375,94.78244162398552,229.75758129507352
444,25.613083216401805,98.4375,86.96992337420058,188.374870546484
445,22.66960987175038,100.89843749999999,91.97372738314307,191.5132090333802
446,21.702769403954846,108.98437499999999,90.33279049698608,212.83892876606276
447,27.27961273597809,112.1484375,96.71871437698827,923.4617951746902
448,36.05358859962301,111.796875,86.44120308699713,9910.725831530039
449,43.80448796297494,80.85365853658537,92.77439673114105,226.76725101751717
450,26.61009781073391,107.9296875,94.81285167501771,215.40913089061343
451,31.738394244764443,113.90625,92.0681422428412,926.7720184802996
452,35.31877290301153,112.49999999999999,87.56495781880392,223.82131038324616
453,23.64331425576559,106.171875,97.31313514104404,255.18923626395394
454,43.008633994236924,122.03999999999999,92.37207263469045,90.19635571698366
455,33.8687046016565,113.203125,93.4967299287158,895.7054756853565
456,48.922795160247304,119.86363636363636,89.20009058360745,250.16741022353887
457,34.228866327812575,108.63281249999999,92.05414071754302,915.4617872040584
458,45.38920300540005,85.08403361344538,91.43425506137986,906.9294754592612
459,42.60980697763761,88.92857142857143,87.4651395312769,83.93743271944838
460,43.008633994236924,129.24,87.762152390959,887.3042561341902
461,29.65601354117841,101.953125,95.85657763102783,912.7544923039752
462,27.27961273597809,102.3046875,89.23409377272665,203.56385364281743
463,31.38816646434855,121.28906249999999,88.75890384467021,67.28731861293363
464,22.346587898361136,100.546875,92.25140324201496,10.0
465,36.05358859962301,108.98437499999999,95.0547043461211,229.8381016543501
466,37.921650784291785,105.8203125,87.34212095875844,205.14976206529957
467,24.296477994805656,98.4375,93.08610123334839,255.91422513068127
468,39.838439976999084,118.125,87.8861282392435,73.34794488326746
469,22.346587898361136,100.546875,86.9661511885915,2854.9894015973173
470,48.922795160247304,119.86363636363636,87.2099936519573,181.41249397278156
471,22.346587898361136,108.28125,95.82271375665944,88.42432730833099
472,46.1781796469964,121.92307692307692,87.87436762672465,237.31207824146708
473,23.96948231775967,102.3046875,87.09629184525892,241.85932528415276
474,32.79716829582364,115.6640625,91.54745166291669,83.96903210729292
475,19.47122063449069,110.0390625,95.92332407905033,184.94898619366225
476,44.59799149300626,115.6611570247934,89.51569062081211,66.14687559301677
477,31.738394244764443,101.953125,91.33805038787129,888.1558128353913
478,22.346587898361136,108.28125,87.01798815649259,903.720658662911
479,32.79716829582364,108.63281249999999,91.69206028442974,232.70250500318667
480,29.999999999999993,102.3046875,93.09656144461587,886.8374125722937
481,28.971532223711293,120.23437499999997,93.00944041158012,893.4241655154941
482,34.59057497617661,113.203125,90.29457767643207,53.80343431596135
483,29.999999999999993,101.6015625,90.12891227322517,9908.925144650711
484,31.039240010397883,92.10937499999999,87.76655341215574,919.0787111098921
485,23.64331425576559,99.84374999999999,90.65116178244955,79.80538282387259
486,46.1781796469964,121.92307692307692,87.69882838655123,72.61115805380192
487,38.3009224658677,115.31249999999997,95.0361785460718,48.84936769057817
488,22.66960987175038,107.2265625,97.2363646898998,53.84389936431349
489,23.96948231775967,100.1953125,97.28351768219493,897.1101304478248
490,34.59057497617661,113.90625,96.13906814436159,234.53919785870016
491,30.345182969588258,114.60937499999999,93.35284989784175,907.593156994928
492,38.3009224658677,112.49999999999999,94.47011635824391,896.5352449788759
493,40.62018519067267,111.796875,89.80688463602633,853.8335659298397
494,34.228866327812575,105.8203125,93.67487796615386,878.4803800512113
495,36.42357364233115,109.3359375,91.77706431560934,10.0
496,31.039240010397883,91.40625,92.04049991207997,194.9568388948119
497,44.59799149300626,124.58677685950413,94.96022690758976,863.8454136687369
498,22.346587898361136,113.203125,89.76489371530022,10.0
499,21.702769403954846,108.98437499999999,90.15349146785552,12.449351602375934
500,28.630989836924343,88.9453125,96.76220550702064,1922.0455102340868
501,32.44286613851178,112.49999999999999,87.2621130695623,877.7744008156043
502,37.54432510382694,121.640625,92.07381977345779,183.3215833840284
503,25.613083216401805,98.4375,96.63678177255669,878.9616057137013
504,28.971532223711293,88.59375,93.45566053308823,910.4639584932305
505,41.01449966573052,112.85156249999999,92.69115007909447,193.70742461845526
506,23.64331425576559,112.49999999999999,89.35392944572708,13.651280710906349
507,25.613083216401805,116.01562499999999,90.40096587819288,4911.54989329884
508,22.66960987175038,107.2265625,96.00577198929447,203.33133802127583
509,27.95318688338113,112.85156249999999,92.85758433110828,41.31701795020717
510,30.345182969588258,111.09375,92.34196523359128,240.1057719949521
511,35.31877290301153,106.171875,87.69963631088834,903.2318954893151
512,23.31795706533424,114.25781249999999,86.61115298581129,86.54617065933452
513,24.62431835216408,118.47656249999999,97.20423860195753,184.3546171367984
514,46.1781796469964,121.92307692307692,90.77757424688768,177.6416520736774
515,46.96497733995481,85.69565217391305,93.37885546247091,19915.034780267764
516,36.05358859962301,111.796875,87.51092222753726,77.02495003854497
517,25.944479772370002,119.17968749999996,94.27725685937219,845.0628844666155
518,21.702769403954846,111.796875,96.84614888484317,2929.308135938336
519,41.411188638099254,119.53125,93.07125633339906,57.18918973007987
520,31.039240010397883,121.640625,87.95172459482446,9917.059292694195
521,36.05358859962301,116.71875000000001,93.14799233433267,9876.395339427198
522,22.346587898361136,108.28125,95.03403649483526,2883.2064841809165
523,24.953020787727496,109.6875,91.14275107396122,83.76139197577797
524,24.953020787727496,102.65624999999999,96.29021498490322,862.7097174592261
525,34.228866327812575,108.63281249999999,93.87467512709652,900.9478181156056
526,35.31877290301153,103.359375,96.49323570412211,19883.33140996599
527,38.3009224658677,106.171875,93.59683580667378,70.3564019520755
528,45.38920300540005,85.08403361344538,88.00730991925647,902.4957230806027
529,24.62431835216408,117.7734375,90.07162818465692,201.73209706443106
530,25.613083216401805,98.4375,88.8313202116794,68.47232839160486
531,18.209956864283,109.3359375,96.59468462907014,222.43525136801435
532,18.839404547275464,109.3359375,94.9828202815656,910.879766778338
533,31.738394244764443,106.171875,94.19873229355818,233.33463948305476
534,26.61009781073391,99.4921875,89.98606305536774,251.55507445718558
535,22.993394314297802,113.203125,88.64330440800406,19934.614379620787
536,24.62431835216408,98.78906249999999,94.94881207457506,216.85237379985819
537,39.065494664452594,87.890625,91.96809822283915,857.0858984646368
538,34.59057497617661,110.39062499999999,89.08547908223842,208.36181613051824
539,42.2103698396502,118.7007874015748,93.52289470218803,215.26692607691834
540,22.66960987175038,111.44531249999999,87.0241478190891,881.2763101942954
541,30.69158768492234,121.28906249999999,90.23322421946375,9859.713197804074
542,39.45089470914606,87.5390625,91.91650158067141,252.76750460670473
543,29.313198964168343,106.52343749999999,88.20921390649922,903.2114353221539
544,30.345182969588258,113.90625,97.46442896223314,34.53249903886466
545,36.42357364233115,114.25781249999999,88.90866984814267,82.42669991355442
546,43.008633994236924,124.2,87.99598753055871,242.6818319653742
547,29.313198964168343,106.52343749999999,88.84975008599541,10.0
548,32.79716829582364,105.11718749999999,95.05740849757584,180.18392101038896
549,26.61009781073391,104.4140625,91.38711782152072,246.51019339057945
550,32.79716829582364,105.11718749999999,92.93810286218351,10.0
551,24.62431835216408,100.89843749999999,86.73475336952085,183.115131202621
552,31.738394244764443,101.953125,86.93575504845847,245.66515898610874
553,31.738394244764443,117.42187499999999,91.64997938444722,844.348094874818
554,24.296477994805656,107.57812499999999,95.62923743475109,2929.859927758647
555,35.68533471265204,114.25781249999999,96.34549928634745,866.1135493945425
556,41.81031489577859,118.47656249999999,87.57734142441664,220.770204626325
557,46.96497733995481,124.04347826086956,92.58664719354843,4889.352560959417
558,27.27961273597809,114.25781249999999,96.64132467516673,908.1806760963615
559,30.345182969588258,114.60937499999999,90.91389761349004,78.04808948069542
560,28.630989836924343,115.6640625,95.77564721992066,50.884194915678336
561,39.838439976999084,75.9375,88.03647069407567,875.2983125744206
562,41.81031489577859,118.47656249999999,96.8761016866689,257.1611242277327
563,48.922795160247304,119.86363636363636,94.90551342814126,909.6249348671234
564,36.42357364233115,103.71093749999999,96.939019127373,894.289297781862
565,31.039240010397883,117.42187499999999,94.20129132630126,860.0436102134352
566,35.68533471265204,104.4140625,90.60904365393364,19885.320863067915
567,34.95386525718846,110.7421875,96.9056191636203,250.5689114859885
568,23.64331425576559,103.359375,89.68376429918365,43.9184694892236
569,36.42357364233115,101.6015625,90.29208516952109,921.2618830563533
570,33.152887928619876,106.875,94.46962307525212,179.93279869075556
571,26.61009781073391,119.17968749999996,95.02515837222629,905.8952383010914
572,35.68533471265204,107.2265625,96.81264294907768,9893.146370531722
573,30.345182969588258,116.71875000000001,88.86317624249266,881.6244424580308
574,24.62431835216408,115.6640625,95.40236578568512,851.2461346826171
575,22.66960987175038,107.2265625,94.7946157426784,232.2155318029396
576,41.81031489577859,126.21093749999999,87.35967731666724,208.15263395986426
577,23.31795706533424,110.7421875,90.90459629067148,205.29317709372012
578,33.8687046016565,109.6875,89.77571383482565,863.4084325805807
579,38.68218745348943,100.1953125,90.02062201780684,898.0481172677055
580,34.59057497617661,118.828125,97.44324080700922,876.1139351709983
581,22.02431283704216,107.9296875,93.80562573776035,77.42018235532416
582,33.8687046016565,113.203125,94.614886330116,240.63987673397406
583,37.16889965599944,121.9921875,97.36470653595345,910.2177743344718
584,29.999999999999993,112.85156249999999,90.78024963512941,236.05599123084724
585,39.45089470914606,119.17968749999996,95.44908612580547,251.32947411830872
586,44.59799149300626,124.58677685950413,91.50387069070908,904.0363088461461
587,42.2103698396502,118.7007874015748,96.1847456535075,870.91294736054
588,42.2103698396502,118.7007874015748,88.6052521132473,219.41861864845887
589,41.411188638099254,120.9375,97.00629935107763,2895.4881918709834
590,41.81031489577859,118.47656249999999,89.01114373391495,63.34349038364308
591,29.999999999999993,120.58593750000001,90.23371702163195,19936.619529378844
592,40.62018519067267,107.57812499999999,94.94658285134085,46.17542815150951
593,36.42357364233115,101.6015625,90.98564641752785,10.0
594,23.96948231775967,111.44531249999999,93.43254760588965,2889.377419427813
595,34.228866327812575,113.5546875,91.63378266860438,178.2028876116452
596,29.313198964168343,103.71093749999999,94.82754663906981,891.5442338996451
597,41.01449966573052,121.9921875,89.11240162113273,916.0589577625316
598,40.62018519067267,114.60937499999999,87.29556343829704,2854.219969301619
599,46.57184741344958,129.95689655172413,89.97589452839352,19914.592138163433
600,41.01449966573052,117.7734375,91.96948666443801,190.50963560320386
601,38.3009224658677,112.49999999999999,88.45219248408148,885.6786361322136
602,41.01449966573052,125.5078125,90.51395385819127,44.81943578076407
603,43.80448796297494,87.4390243902439,91.06292292876707,218.78289307779778
604,42.60980697763761,93.21428571428571,87.2795975447613,927.2003906104634
605,34.228866327812575,93.8671875,93.16502622465285,208.9670081039603
606,40.228184728061095,111.44531249999999,96.33633372998959,849.758418183429
607,36.42357364233115,117.7734375,88.25505103671708,243.09345993179116
608,33.51005606625301,114.25781249999999,93.32079416196953,866.2962159058742
609,28.971532223711293,106.875,94.06240976064493,9920.60818186981
610,46.57184741344958,126.85344827586206,91.3072889887047,21.387366536895527
611,25.944479772370002,99.4921875,94.47211337231187,844.5929744167302
612,29.999999999999993,101.6015625,91.19629238427821,2858.7996846271517
613,44.20152985105137,129.4672131147541,92.24887761671489,237.47972152099405
614,24.296477994805656,101.953125,86.24487048333745,30.338371706267207
615,23.31795706533424,103.0078125,94.37787885310831,257.3256414606256
616,45.38920300540005,130.46218487394958,94.02269653396412,200.04545345034836
617,38.3009224658677,112.49999999999999,86.99520080712453,60.348800565465226
618,25.944479772370002,111.44531249999999,90.66917578945588,927.520805030891
619,27.27961273597809,105.11718749999999,97.3946623668475,247.56275954473597
620,40.62018519067267,109.6875,91.32542397480665,4916.09630952253
621,40.228184728061095,115.6640625,92.22407966565247,914.5519197098604
622,36.05358859962301,103.359375,96.60637496964952,880.471683644368
623,33.8687046016565,106.875,94.61131857640399,10.0
624,30.345182969588258,113.90625,93.1517370519944,224.05150273899136
625,36.05358859962301,101.953125,95.4000146025268,77.05736921688147
626,34.228866327812575,99.4921875,96.13185369293048,2912.9184414556335
627,27.27961273597809,105.11718749999999,91.79308605086068,68.06291318976076
628,46.57184741344958,124.52586206896551,91.97685359835543,188.5089991432412
629,39.065494664452594,116.71875000000001,90.89005137272271,246.36865807380795
630,28.291548862929403,92.10937499999999,97.24172305929423,182.81861635657404
631,23.96948231775967,107.9296875,94.43825713280842,81.91875649486593
632,33.152887928619876,106.875,87.54424816123475,852.1714131683499
633,32.44286613851178,80.15625,96.11745572944703,34.423698219466814
634,43.008633994236924,88.92,92.02707417638415,22.342581019070863
635,34.59057497617661,105.46875,87.40679114327169,210.11710970185771
636,32.44286613851178,105.46875,92.73415413931491,888.820348594533
637,39.065494664452594,75.9375,91.27921230620044,255.8883823318364
638,38.3009224658677,75.9375,96.26883935204233,222.81120842679746
639,36.05358859962301,113.203125,88.85461969699323,258.63243186219955
640,47.35757623319898,87.23684210526316,95.74390407282974,208.41378552361408
641,37.16889965599944,117.0703125,92.83771467567095,9856.685373824706
642,40.228184728061095,121.9921875,87.23794294848837,21.061149681773998
643,37.16889965599944,121.28906249999999,97.30549061183854,874.5686940766961
644,42.60980697763761,93.21428571428571,92.32237151557042,2890.8091665970956
645,23.96948231775967,102.3046875,89.87932159701603,913.9092350067411
646,31.039240010397883,120.23437499999997,91.92433047791472,71.77699574517483
647,28.971532223711293,88.59375,96.06523487766788,190.9826481647254
648,26.276811557199977,106.875,90.02466914069181,887.7300568743798
649,33.51005606625301,109.3359375,88.73473346126859,32.59397594116709
650,43.80448796297494,87.4390243902439,87.98046193429717,916.3141041748319
651,32.44286613851178,113.90625,89.95559518254875,888.2905020236967
652,31.039240010397883,104.0625,95.18409441582628,891.5162032260339
653,27.27961273597809,102.3046875,91.94477699472155,38.866218336351196
654,34.95386525718846,102.3046875,89.10340185816334,887.9448903172057
655,42.2103698396502,84.68503937007873,88.42996714602529,876.5061718911135
656,37.921650784291785,101.6015625,90.29754691637234,922.0604699423513
657,36.42357364233115,116.36718749999997,96.92408372493527,15.834310310896658
658,29.65601354117841,94.21875,90.39852626373401,10.0
659,31.38816646434855,102.3046875,97.50748030519615,210.30810713187907
660,36.42357364233115,109.3359375,92.07009952603393,57.932126001666084
661,21.702769403954846,110.39062499999999,88.58716201769231,256.78537758227685
662,30.69158768492234,121.28906249999999,96.40734430151964,2920.3402104145216
663,39.45089470914606,116.36718749999997,91.83793965191848,214.93951066287778
664,43.406858485936986,121.57258064516128,94.54594968581434,926.2895371692389
665,41.411188638099254,123.04687499999996,97.45272937480321,10.0
666,39.065494664452594,87.890625,87.17152789037888,65.67929102515998
667,41.01449966573052,112.85156249999999,87.67222735023995,11.446549120237034
668,40.62018519067267,109.6875,94.63883243310336,199.0609602005637
669,37.921650784291785,103.0078125,89.76370131615143,2909.9634205253424
670,41.01449966573052,122.6953125,88.64602266478333,37.57442718743127
671,23.96948231775967,111.44531249999999,87.00959217451316,854.3753368711427
672,44.20152985105137,129.4672131147541,86.74729606508497,229.98659786338558
673,32.79716829582364,110.7421875,95.116454611356,9860.724251467496
674,35.31877290301153,99.84374999999999,88.04540627108422,47.61540376841064
675,22.02431283704216,110.0390625,91.90879675944488,82.76830300345219
676,43.008633994236924,122.03999999999999,93.40768447082121,11.1003283029189
677,35.68533471265204,107.2265625,91.42393598978835,225.5838334873027
678,22.346587898361136,108.28125,86.82606561515439,186.44631178785775
679,24.62431835216408,118.47656249999999,95.22608794888832,2866.590972549345
680,25.613083216401805,99.84374999999999,86.37830030502035,853.9324800222595
681,38.68218745348943,100.1953125,94.99565052052765,856.6909602211651
682,41.01449966573052,119.17968749999996,96.43027037142774,250.14794921725812
683,29.313198964168343,105.11718749999999,91.48199508036073,35.57079439847762
684,23.31795706533424,112.85156249999999,92.55000312444672,228.36263945769437
685,31.738394244764443,111.796875,91.99412658067328,62867.939043567014
686,31.38816646434855,104.4140625,90.92923241857444,923.3588655986673
687,38.3009224658677,115.31249999999997,96.36798788505145,2893.2748485340803
688,26.61009781073391,99.4921875,96.43693312864335,919.7402731020509
689,40.62018519067267,109.6875,90.32781833546495,39.96599376855373
690,37.16889965599944,117.7734375,93.50622063357405,88.82438296396137
691,35.31877290301153,114.60937499999999,96.78620531152367,10.0
692,33.152887928619876,104.76562499999999,97.18405437001091,192.8840301339137
693,39.065494664452594,75.9375,92.28869012408344,42.15182360708408
694,43.008633994236924,128.51999999999998,91.74052294440563,235.3262208494527
695,30.345182969588258,105.46875,89.72371270440556,875.6950102596521
696,37.921650784291785,112.1484375,97.14451419742781,2871.801695418903
697,31.38816646434855,120.58593750000001,88.14691171488536,897.4282976957346
698,41.411188638099254,123.74999999999999,93.12535694054833,9860.928438534555
699,33.8687046016565,94.21875,89.77296519530448,20.665825837335127
700,32.44286613851178,105.46875,89.72772313396264,10.0
701,45.78396716177502,121.65254237288136,91.12478468391468,870.9348970757718
702,36.79533013738011,113.90625,97.63986126020636,189.33444959062496
703,41.81031489577859,118.47656249999999,87.24327423432143,180.34589359137763
704,44.993880150457116,115.12500000000001,93.10862709505112,199.7479016631106
705,21.061817601649295,109.6875,87.53806453359319,184.43133850135808
706,37.16889965599944,117.0703125,88.28869592832623,245.01469535207377
707,25.944479772370002,117.7734375,91.56896522068331,227.1415880983358
708,39.065494664452594,117.42187499999999,92.30251835562937,245.26344304477615
709,28.971532223711293,88.59375,89.4695034649326,874.3643334723516
710,26.944358180475724,104.76562499999999,90.13797294626482,213.8490866853261
711,30.69158768492234,96.6796875,87.57981572468942,179.79598860999286
712,34.228866327812575,110.0390625,90.0081615431303,64.77046818823894
713,35.31877290301153,100.546875,97.23989036566458,204.40798757219278
714,36.42357364233115,101.6015625,96.97474695389622,895.1941546078942
715,23.31795706533424,112.85156249999999,90.31861915322679,899.6856710485171
716,25.282603043311994,110.0390625,93.00875033842163,872.6132946895009
717,22.346587898361136,100.546875,96.60282900509108,91.40852604518277
718,42.60980697763761,128.92857142857142,86.19550333587728,848.8512371262519
719,27.6158819838447,99.140625,95.55662189272446,259.8704970943736
720,22.993394314297802,108.98437499999999,97.01419969122155,238.20266073354992
721,40.62018519067267,107.57812499999999,87.62122350842685,254.67797757478203
722,44.993880150457116,124.875,88.37259091784378,240.08916480565142
723,27.6158819838447,112.49999999999999,97.16777242569749,258.55842065087006
724,31.38816646434855,112.1484375,92.57595576739264,887.2651861053387
725,24.953020787727496,104.76562499999999,86.53382205762331,42.552720917899606
726,41.81031489577859,118.47656249999999,89.45468142633166,897.5514767749861
727,26.276811557199977,117.42187499999999,91.70325214318426,52.86505021717764
728,40.228184728061095,107.2265625,94.39177863213078,25.665184596628663
729,41.01449966573052,112.85156249999999,94.7482348565852,9926.1489682831
730,41.01449966573052,112.85156249999999,97.59802809454838,9892.945760344925
731,25.613083216401805,99.84374999999999,89.8363317199682,23.233605090113173
732,29.313198964168343,91.05468749999999,92.58478941274953,227.92006311691534
733,32.79716829582364,108.63281249999999,92.52117606152318,72.64253831258178
734,36.42357364233115,114.25781249999999,91.13318094144933,238.4731089777181
735,24.296477994805656,107.57812499999999,88.46602196063613,921.8357958154181
736,35.68533471265204,104.4140625,97.37511606510142,9881.847835528626
737,25.613083216401805,99.84374999999999,96.01875873481688,862.7692882907193
738,34.95386525718846,113.5546875,92.19080201236059,205.51905216143408
739,36.05358859962301,112.49999999999999,93.37920308147076,853.4455220963919
740,34.228866327812575,99.4921875,89.10106571737244,195.0129140969948
741,37.54432510382694,112.49999999999999,92.65711242262451,2911.814668140871
742,27.27961273597809,105.11718749999999,94.41587907510767,2867.151236162089
743,33.51005606625301,114.25781249999999,92.34587886169619,256.7470862455618
744,39.45089470914606,109.3359375,97.53429552020077,198.22149302208032
745,23.96948231775967,117.7734375,93.46617322293237,190.34666087760775
746,36.05358859962301,118.125,90.70297072741093,12.622566281737637
747,32.0899512562803,102.3046875,95.08807833322794,917.5076921479144
748,23.64331425576559,106.171875,88.48177446233825,229.70761845596476
749,29.999999999999993,101.6015625,90.87100332898994,198.3052357832162
750,43.008633994236924,129.24,90.43708756332816,234.904266474596
751,22.993394314297802,111.796875,91.4686342680792,918.3871388700036
752,29.999999999999993,101.6015625,95.20515236071266,48.4382020916259
753,36.79533013738011,94.92187499999999,92.06035841164022,2852.7127251382713
754,41.81031489577859,118.47656249999999,95.35392539265345,2897.8629392469616
755,26.276811557199977,117.42187499999999,93.08195674550606,9875.0571174374
756,30.345182969588258,114.60937499999999,90.38913876400916,216.44588444756778
757,32.44286613851178,108.98437499999999,95.54805120061037,84.77616439873883
758,23.96948231775967,106.52343749999999,89.21788451758158,210.46699119085696
759,26.276811557199977,106.171875,89.0705801974073,200.2556058427617
760,41.411188638099254,120.23437499999997,92.24763983997337,68.67947347697586
761,37.16889965599944,100.1953125,89.49577567626284,854.633669416723
762,39.065494664452594,105.46875,86.31808341120188,236.28667156161842
763,27.6158819838447,116.71875000000001,93.87016860702718,2861.827096767281
764,46.57184741344958,123.75000000000001,92.30835598588062,12.108710653782733
765,31.38816646434855,91.7578125,91.64599846778799,865.668060014584
766,26.944358180475724,107.57812499999999,97.2449786461659,901.5680759438839
767,24.296477994805656,107.57812499999999,93.0132356074807,900.5242737332142
768,36.42357364233115,79.8046875,96.12228650927247,2884.9081121849713
769,25.613083216401805,114.60937499999999,88.10616762112508,891.3434858524257
770,43.008633994236924,122.03999999999999,92.98734726844738,4866.12059911855
771,24.953020787727496,118.125,96.1688389294146,200.1915485348079
772,42.2103698396502,84.68503937007873,93.16286179939104,242.9520487493907
773,35.68533471265204,107.2265625,94.61779732675578,10.0
774,26.276811557199977,118.125,90.71624566565141,10.0
775,41.411188638099254,113.203125,87.63189944411019,176.99270448236308
776,39.45089470914606,98.0859375,91.80618034492453,39.088436436134856
777,28.291548862929403,120.23437499999997,90.99463302075759,182.02829324932333
778,28.291548862929403,119.53125,96.15942778183903,69.0287619142232
779,29.999999999999993,121.28906249999999,89.28049841335009,10.698978676861369
780,28.971532223711293,118.828125,97.2420715737865,2911.226120862399
781,32.0899512562803,79.8046875,97.13540966561891,10.0
782,39.065494664452594,115.31249999999997,89.32694579060076,893.4684078014552
783,36.42357364233115,101.6015625,90.44780606495138,59.251548333717075
784,40.62018519067267,107.57812499999999,96.45411633359052,2914.540459982536
785,23.64331425576559,106.171875,97.24068177712299,2892.5235906568
786,31.38816646434855,121.28906249999999,91.61910789996826,868.6928319227394
787,35.68533471265204,112.1484375,90.18249340074904,874.2197874091637
788,34.228866327812575,99.4921875,92.44653957075515,10.0
789,22.66960987175038,100.89843749999999,94.33168362380978,19876.837208742178
790,41.411188638099254,123.04687499999996,89.65703962170481,2875.5712803970514
791,31.039240010397883,97.03124999999999,94.77676432204161,2895.1409673835365
792,33.51005606625301,117.7734375,87.19372148966848,870.3037344982203
793,30.345182969588258,106.171875,87.15833672304443,203.2328288726457
794,47.749650829136584,88.00884955752213,90.8929892472569,2893.4896450180686
795,24.296477994805656,98.4375,90.50096915918859,189.87713115420652
796,23.31795706533424,114.25781249999999,90.12989325870971,257.8702467752996
797,31.738394244764443,120.23437499999997,92.12343132296364,38.66576893662457
798,28.630989836924343,88.24218749999999,90.17990976035821,2925.5592800709805
799,23.31795706533424,103.71093749999999,88.73030080211679,54.78327223526291
800,28.630989836924343,119.17968749999996,90.06944956359102,87.82234854472648
801,41.411188638099254,122.34374999999999,97.34344682944523,256.7226182286275
802,31.38816646434855,117.7734375,91.2010307330605,901.9130008624048
803,30.345182969588258,97.03124999999999,91.63558436391621,858.2768937568462
804,35.31877290301153,112.49999999999999,93.08268539467817,90.66458927593203
805,27.6158819838447,106.875,97.4481282442866,10.0
806,23.31795706533424,116.36718749999997,89.2529621548057,899.8200297936062
807,23.31795706533424,109.3359375,94.25583450329734,19878.722856602966
808,34.59057497617661,111.09375,94.6003196124803,915.7266547508999
809,43.008633994236924,124.2,93.42301983797772,232.1705136704729
810,21.702769403954846,107.57812499999999,87.59512325880618,2904.953255478505
811,24.953020787727496,102.65624999999999,94.20427335905593,219.544667209136
812,42.60980697763761,128.92857142857142,87.36252878710172,248.39879343334337
813,23.31795706533424,103.0078125,93.30290474108998,236.41343583201552
814,24.296477994805656,98.4375,94.80353012349237,229.01580476003267
815,33.152887928619876,120.23437499999997,88.92850427020615,905.2587088332006
816,31.039240010397883,118.828125,95.89905050405463,248.85881486136788
817,35.68533471265204,111.44531249999999,86.87469293396319,196.19524958197704
818,45.78396716177502,126.22881355932203,95.92147542860418,181.51352091968946
819,36.79533013738011,94.92187499999999,91.83759913968073,14.322827995989307
820,25.944479772370002,107.2265625,88.99860486221851,847.3766940437224
821,50.091456801832585,127.42990654205607,88.03746978334809,89.81138086866208
822,36.79533013738011,94.92187499999999,97.07546642171991,57.67513742375506
823,35.68533471265204,111.44531249999999,87.44395211427904,868.6713721144655
824,32.44286613851178,113.90625,88.80270472010359,876.9255645996477
825,23.31795706533424,103.0078125,90.44555442477527,898.3139511208695
826,36.42357364233115,101.6015625,93.56170433900559,243.04418214972753
827,36.42357364233115,101.6015625,92.6702859493272,2893.949562110074
828,27.6158819838447,106.875,87.94724221017503,9857.02704056874
829,34.59057497617661,111.796875,89.86464694869738,914.9602490394875
830,39.838439976999084,119.53125,89.22277924099662,863.1735155508778
831,34.59057497617661,111.796875,88.9557579641643,192.93688848825235
832,41.81031489577859,118.47656249999999,91.20141438708018,9938.090964588791
833,41.01449966573052,123.3984375,94.49737952044573,185.5194779292235
834,33.51005606625301,109.3359375,88.99717481534813,79.08804313597291
835,35.31877290301153,106.171875,90.64967973972469,227.64444291491094
836,23.31795706533424,103.0078125,90.95043558992906,21.8213523320452
837,36.42357364233115,116.36718749999997,97.36270748308006,9930.349447022409
838,31.38816646434855,119.88281249999999,97.09233146442178,848.9559428293746
839,29.999999999999993,110.7421875,95.42838268368459,256.4262540043428
840,48.922795160247304,119.86363636363636,89.25357274339665,869.2641686763117
841,29.313198964168343,91.05468749999999,87.39998351612893,241.40117096082847
842,40.62018519067267,80.15625,90.1423564972728,12.09062010531421
843,22.66960987175038,115.6640625,89.57171568699434,856.1544995044029
844,41.411188638099254,80.15625,92.26074754699864,887.4665484750905
845,35.31877290301153,102.65624999999999,95.15588106384371,221.27496276935844
846,43.80448796297494,87.4390243902439,96.06999606385833,899.8637412905883
847,18.839404547275464,109.3359375,95.93223540882875,88.64884971344068
848,33.51005606625301,114.25781249999999,90.56278142062698,86.40057580111555
849,30.69158768492234,96.6796875,94.32542984215071,62.89181722717364
850,44.993880150457116,124.875,90.10244482566935,210.05429620463082
851,27.27961273597809,106.52343749999999,87.33221649364113,926.9110770429796
852,40.228184728061095,117.0703125,94.47614096960808,921.1528987780382
853,23.96948231775967,115.6640625,86.34934971065269,212.76942357289383
854,40.228184728061095,111.44531249999999,91.17707268493588,849.1625078345892
855,40.62018519067267,113.203125,90.26469327149091,888.8661312910305
856,46.57184741344958,124.52586206896551,94.39725796898469,177.26351755790978
857,34.228866327812575,111.44531249999999,95.03316031736617,65.53258316042061
858,31.738394244764443,119.53125,90.01674073818249,9919.21938110434
859,44.993880150457116,115.12500000000001,95.56809417306877,857.7360485003414
860,26.61009781073391,106.52343749999999,89.91693189489958,9935.430939529047
861,34.59057497617661,113.203125,91.65645794991538,201.47005191074075
862,32.79716829582364,110.7421875,94.69534186108123,883.5045011516455
863,34.95386525718846,114.9609375,94.39191096800795,86.92174851073673
864,35.68533471265204,112.1484375,97.49810465183697,182.27620311158455
865,31.738394244764443,116.01562499999999,89.0788215041148,245.13145803796226
866,41.411188638099254,125.859375,94.03409927691938,196.9225806356856
867,40.62018519067267,107.57812499999999,93.44834412811002,65.32855042622592
868,24.62431835216408,113.5546875,96.66111929314829,182.69754082567374
869,22.993394314297802,114.60937499999999,88.31099707346267,13.537787938169753
870,36.05358859962301,108.98437499999999,94.90874156414442,883.9241316949141
871,38.3009224658677,101.953125,92.97516327504394,240.17090469911358
872,29.65601354117841,90.703125,89.67225692176906,36.51049478639622
873,35.68533471265204,119.88281249999999,91.97064968809674,66.92792214830887
874,47.35757623319898,128.28947368421052,90.30781545347115,39.76681784246374
875,41.411188638099254,125.859375,93.11865109991516,856.2393707800935
876,28.291548862929403,109.6875,96.38468220334653,36.49765136613987
877,29.65601354117841,120.23437499999997,92.9886272030612,898.9553228699971
878,46.96497733995481,87.26086956521739,93.68510437741904,10.0
879,39.838439976999084,116.01562499999999,92.37886579785827,179.31162854285898
880,39.45089470914606,106.52343749999999,87.1863558441795,2890.111298451438
881,29.313198964168343,106.52343749999999,89.16035634483569,888.1772597578389
882,47.35757623319898,86.44736842105263,92.13247731981227,28.155234396253405
883,43.008633994236924,81.72,90.07695870344443,919.1070972768549
884,25.944479772370002,99.4921875,88.61864817542924,240.40117940347685
885,40.62018519067267,80.859375,92.24423059847445,926.8420366239282
886,29.65601354117841,106.171875,90.2002700244043,852.6659688234611
887,39.45089470914606,117.0703125,89.46075688434028,877.1136173817464
888,43.406858485936986,121.57258064516128,91.8743876578281,19925.303792229
889,39.065494664452594,75.9375,88.03148804545225,90.74377697785181
890,28.291548862929403,120.23437499999997,96.7950834983732,859.6619542781091
891,24.62431835216408,103.0078125,96.16599823046694,232.19928894358995
892,25.282603043311994,110.0390625,94.5282887690933,14.992292423863251
893,35.68533471265204,107.2265625,87.76266039434839,10.0
894,29.313198964168343,104.4140625,95.13337709177081,46.323094979340496
895,40.228184728061095,111.44531249999999,95.52347078722502,867.2429128169027
896,37.921650784291785,114.25781249999999,95.0462430387827,258.9863249264389
897,23.96948231775967,111.44531249999999,87.83630495989085,255.54309552633583
898,48.922795160247304,119.86363636363636,93.8188444012489,12.009421051053375
899,43.80448796297494,87.4390243902439,95.82435850455342,234.45113083715515
900,40.228184728061095,114.25781249999999,93.093187831671,2928.580998859801
901,46.96497733995481,85.69565217391305,93.84806836743115,216.47192815515558
902,40.62018519067267,107.57812499999999,91.8121721758593,859.9564644138724
903,31.38816646434855,121.28906249999999,92.47061366821828,906.6539102453871
904,35.31877290301153,107.57812499999999,86.9349396362731,907.8919515152471
905,23.96948231775967,106.52343749999999,93.76288329998431,246.98123873331548
906,25.613083216401805,99.84374999999999,87.52737755472407,2853.0480218664757
907,36.42357364233115,79.8046875,91.51012702410743,214.91402854087474
908,38.68218745348943,105.11718749999999,89.90203529468371,2887.8755186131857
909,36.05358859962301,116.01562499999999,92.67842983567023,177.01791306547796
910,31.039240010397883,117.42187499999999,88.0330877084831,187.04389775349335
911,38.68218745348943,117.0703125,94.37698191091383,20.3604117384687
912,29.999999999999993,101.6015625,95.36604996646955,911.4061205993357
913,35.68533471265204,119.88281249999999,88.39568478907532,221.3517262166887
914,31.738394244764443,101.953125,87.74460336210093,89.47960061717721
915,34.95386525718846,109.3359375,88.17962718132382,90.5296328760856
916,37.921650784291785,116.36718749999997,96.26247436008632,2902.2712635773596
917,22.66960987175038,100.89843749999999,92.46584125395103,922.9631213141915
918,26.944358180475724,111.09375,91.90456268462825,255.56849922985703
919,41.81031489577859,118.47656249999999,87.76739131373043,857.299960008221
920,24.296477994805656,98.4375,93.88488313607644,235.71037585348768
921,33.8687046016565,108.28125,96.16904328665073,214.98634775419924
922,23.96948231775967,107.9296875,95.76152235527775,2918.2193552314293
923,25.944479772370002,99.4921875,93.62422156324527,48.830342962511544
924,35.31877290301153,114.60937499999999,87.46877684044895,221.7006124098435
925,47.35757623319898,88.02631578947368,87.82140079043018,203.1764123534805
926,38.68218745348943,117.0703125,87.15855378122197,241.68374725379834
927,32.44286613851178,119.53125,89.4527299216929,231.52498153133354
928,29.999999999999993,112.85156249999999,88.06027974106078,246.88332100037337
929,38.68218745348943,100.1953125,89.48554178820675,54.448868907899545
930,41.81031489577859,118.47656249999999,90.87773155641277,245.44219180436045
931,24.953020787727496,99.140625,96.95647943923387,177.56739647316488
932,21.702769403954846,107.57812499999999,93.45580073792621,71.89101129608693
933,32.79716829582364,112.1484375,95.83100136447946,24.96071063189046
934,41.01449966573052,121.28906249999999,94.55180713032351,901.4787427310206
935,38.3009224658677,105.46875,87.82240877226106,223.9558452109104
936,47.749650829136584,88.00884955752213,94.77200393828757,860.4753685073313
937,23.31795706533424,103.0078125,89.67778782842666,890.9092403625486
938,42.60980697763761,84.64285714285714,93.76443901752891,876.354993902664
939,31.38816646434855,117.7734375,90.37827850115663,234.75142035427353
940,38.3009224658677,109.6875,97.62595577222666,214.04164239408237
941,31.738394244764443,101.953125,89.5302916004034,211.04842690342156
942,29.65601354117841,106.171875,89.72928375789742,864.5166848435355
943,25.282603043311994,110.0390625,96.82608220346188,240.84224922339158
944,40.228184728061095,112.85156249999999,86.78919254615082,927.5502696718727
945,48.922795160247304,119.86363636363636,94.43414696309696,2872.0245292737713
946,41.81031489577859,118.47656249999999,94.68076935602203,66.48271565320954
947,23.96948231775967,117.7734375,95.84538037744716,53.00152500955613
948,24.296477994805656,101.953125,97.33767750290585,861.6080859786575
949,30.69158768492234,104.4140625,97.35210333921302,192.31129790303362
950,30.69158768492234,112.1484375,87.37375822913947,10.0
951,29.313198964168343,91.05468749999999,95.69227584209465,2887.818254533004
952,41.01449966573052,122.6953125,93.84692905060442,88.60936758178961
953,23.31795706533424,103.0078125,93.85899785897271,4879.56536062021
954,35.31877290301153,106.171875,87.97295333509766,887.8465809110933
955,36.05358859962301,117.42187499999999,93.8922628493596,901.4790234517521
956,33.152887928619876,120.23437499999997,97.43747970979086,78.61856147758553
957,46.1781796469964,127.3076923076923,96.62637765464734,91.47381779752638
958,41.01449966573052,112.85156249999999,91.5633731605009,247.47958186295162
959,27.6158819838447,108.98437499999999,87.01836914070897,67.08731601269011
960,43.80448796297494,80.85365853658537,90.59526510831064,193.3657999575576
961,30.69158768492234,118.47656249999999,95.74314358262586,197.384991250264
962,39.065494664452594,87.18749999999999,94.47557117080117,62.18998445690424
963,35.68533471265204,100.1953125,91.82485190160253,80.0800483956365
964,37.921650784291785,112.1484375,87.2452993283598,909.2867479059923
965,36.42357364233115,109.3359375,91.4050870487396,65.16136092889579
966,28.291548862929403,117.42187499999999,91.92081234789964,10.674380719830854
967,37.54432510382694,102.65624999999999,96.80366116892698,861.2927473735014
968,31.738394244764443,120.23437499999997,93.7858504220326,9925.980991418739
969,34.228866327812575,117.0703125,90.09086065198065,199.82981767706468
970,29.313198964168343,91.05468749999999,92.43939327877185,46.09810900528883
971,22.993394314297802,104.0625,87.38115445656858,259.7946962499429
972,27.6158819838447,106.875,97.31446089896394,2907.8840707619993
973,39.838439976999084,98.4375,90.56755038287712,907.9331031585924
974,46.96497733995481,130.30434782608694,92.0022697484862,859.2309325212343
975,38.68218745348943,105.11718749999999,90.51872650698103,195.7789024655573
976,30.69158768492234,96.6796875,94.27021159381522,252.64746699243204
977,45.78396716177502,121.65254237288136,94.03309660061797,35.33299700735526
978,33.8687046016565,117.42187499999999,94.5946152375277,876.2430737434186
979,30.69158768492234,103.71093749999999,89.58894252624388,890.1563576783312
980,36.79533013738011,94.92187499999999,90.13023909104075,9906.930991973717
981,26.61009781073391,104.4140625,87.94351572767204,182.07492431754537
982,43.008633994236924,88.92,93.95449872788804,10.0
983,44.59799149300626,124.58677685950413,87.01611016686984,253.58221317504257
984,27.95318688338113,120.58593750000001,93.31944412398619,884.6376894371406
985,33.8687046016565,116.71875000000001,96.18640601590289,909.8461764722471
986,28.971532223711293,104.76562499999999,96.4040824609211,75.58566694694582
987,34.95386525718846,102.3046875,91.69153308679,182.41477386780787
988,39.065494664452594,87.890625,91.82433487676047,245.30415294866697
989,25.613083216401805,99.84374999999999,87.48483627083422,199.6761269549002
990,25.944479772370002,99.4921875,94.13286550840591,2855.9477854119687
991,28.971532223711293,119.53125,95.68522422915315,235.5686162148748
992,38.3009224658677,105.46875,89.28892550094174,912.6110610529336
993,31.039240010397883,117.42187499999999,91.33272410228254,846.6002730413153
994,36.42357364233115,115.6640625,95.8705679479482,904.6254205830419
995,43.80448796297494,126.21951219512195,96.26240174568198,200.1956569623602
996,23.31795706533424,103.0078125,89.27008421524812,922.2094384761297
997,41.81031489577859,118.47656249999999,92.74524077738877,185.62882776194866
998,22.66960987175038,107.2265625,88.73279245992136,253.70515067305695
999,34.59057497617661,105.46875,87.72147729158385,83.54562202455935
1000,40.62018519067267,109.6875,96.61898348332899,236.01147477206905
1001,32.44286613851178,119.53125,95.6760809288818,196.56081698375078
1002,24.296477994805656,101.953125,94.9796755136554,183.6559640995314
1003,27.6158819838447,101.953125,87.15042712298592,9910.328899828175
1004,25.944479772370002,112.85156249999999,95.92061490442214,62.36442493469229
1005,29.65601354117841,120.23437499999997,91.54931691329078,908.9171372961357
1006,28.971532223711293,116.71875000000001,90.39233261388156,19872.868862052193
1007,24.62431835216408,98.78906249999999,92.69205021547167,10.0
1008,39.065494664452594,106.171875,87.62148483813183,882.2973061503377
1009,33.8687046016565,108.98437499999999,94.95049536790368,180.19816845683482
1010,39.838439976999084,116.01562499999999,93.15565731744591,15.39911187159965
1011,21.381942579838878,109.3359375,88.67026533992664,217.80015432304123
1012,22.993394314297802,113.203125,88.68765904307462,9855.070215043486
1013,46.57184741344958,126.85344827586206,88.6454639681026,10.0
1014,28.630989836924343,117.7734375,87.27376529523188,848.7907749864945
1015,23.31795706533424,109.3359375,93.21327092998833,242.4975142315027
1016,40.62018519067267,107.57812499999999,95.88601197522982,2870.531540495473
1017,31.38816646434855,91.7578125,86.67322208161805,32.48839214420895
1018,23.31795706533424,103.0078125,87.15399614525549,877.021063687384
1019,46.57184741344958,124.52586206896551,93.03364638475017,876.5940741367558
1020,28.630989836924343,88.24218749999999,95.66377721171375,873.268892897326
1021,37.54432510382694,102.65624999999999,90.23880052520167,9867.449604565634
1022,23.31795706533424,109.3359375,90.46312808986886,919.6984191550195
1023,22.346587898361136,108.28125,93.3050944858197,15.982279795544356
1024,22.993394314297802,113.203125,89.66647095026559,234.89737067915743
1025,34.228866327812575,113.5546875,86.81860359433672,216.56248386918404
1026,24.62431835216408,113.5546875,94.76604546704691,194.54806335913074
1027,24.953020787727496,116.71875000000001,93.61987322416535,229.94668020666256
1028,37.16889965599944,112.85156249999999,93.13739252150611,213.11290016420483
1029,25.282603043311994,110.0390625,94.82164052967096,225.1823477911025
1030,46.57184741344958,126.85344827586206,94.18508115779731,9931.684331934663
1031,30.69158768492234,97.38281249999999,88.87461150566764,34.307234443028946
1032,39.45089470914606,98.0859375,90.49123973610213,2925.871105514664
1033,42.60980697763761,93.21428571428571,87.951675378205,237.19240020629167
1034,44.59799149300626,124.58677685950413,87.9899787873668,859.6006554416405
1035,28.630989836924343,88.24218749999999,94.19636316831765,921.8375213473319
1036,36.79533013738011,117.42187499999999,96.0728330707104,207.163094643869
1037,27.95318688338113,112.85156249999999,97.19241852575033,224.70297883755606
1038,44.993880150457116,115.12500000000001,93.648846729495,219.462132949408
1039,37.16889965599944,100.1953125,88.64390341840357,210.74032394588258
1040,32.44286613851178,117.42187499999999,87.7573073140229,2929.6079980349054
1041,26.276811557199977,107.57812499999999,95.58297749130632,921.4597495261852
1042,37.16889965599944,112.85156249999999,93.1114158164001,42.30600513558136
1043,29.999999999999993,101.6015625,93.5407591907367,41.96172192122063
1044,24.296477994805656,117.42187499999999,95.20128867667661,224.0630503190124
1045,30.345182969588258,112.49999999999999,94.49088421287638,38.24413400083772
1046,39.45089470914606,109.3359375,95.82572453015733,858.1990495095624
1047,47.35757623319898,128.28947368421052,87.26195748459223,55.930499985782575
1048,24.296477994805656,98.4375,94.8719039392297,247.75675211171318
1049,47.35757623319898,88.02631578947368,95.99353359943893,10.0
1050,24.296477994805656,101.953125,89.81875391722303,196.16496957734782
1051,32.79716829582364,117.0703125,93.7788272086087,875.7140741068444
1052,22.993394314297802,111.09375,90.11546648241377,238.14568330637132
1053,26.276811557199977,119.53125,97.13333684072501,9929.958099264697
1054,18.52439107386577,108.98437499999999,86.92066382747845,2871.3468279258755
1055,36.42357364233115,103.71093749999999,93.12487973570688,206.81403379555107
1056,26.944358180475724,118.125,88.43382525047504,17.362266117272625
1057,35.68533471265204,112.85156249999999,94.5679002225985,926.4933114976665
1058,33.8687046016565,94.21875,88.54751321287428,2913.412848300743
1059,29.999999999999993,101.6015625,89.18709886493214,918.9567479970175
1060,24.296477994805656,101.953125,92.15430158679885,49.74824997580112
1061,21.702769403954846,100.546875,96.65832816541595,39897.10819864942
1062,26.944358180475724,119.53125,88.93639006757613,181.6203398979175
1063,35.31877290301153,104.76562499999999,88.16417935871611,889.8877108247166
1064,35.31877290301153,107.57812499999999,94.97056352315853,2909.7881353747125
1065,27.6158819838447,106.875,92.21186556472625,92.06004384348077
1066,39.45089470914606,117.7734375,96.626023265242,2910.041545753073
1067,43.008633994236924,122.03999999999999,88.19293867969972,194.3811755823927
1068,36.42357364233115,109.3359375,93.84246211395673,9926.72915051868
1069,37.921650784291785,110.0390625,89.16057443333112,187.30554943058675
1070,37.54432510382694,100.546875,88.3158209479669,9886.760237345421
1071,39.45089470914606,109.3359375,94.28094144968004,20.5269404257277
1072,46.1781796469964,121.92307692307692,93.27650046508595,885.3858036394021
1073,47.749650829136584,88.00884955752213,94.93482954181358,250.1982021807771
1074,21.381942579838878,109.3359375,90.06938118671053,236.60079912696926
1075,35.31877290301153,118.125,91.67774178413968,87.27154580604018
1076,36.05358859962301,118.828125,91.13102709379574,884.2775119817536
1077,28.971532223711293,88.59375,97.45741818093539,74.4351826313395
1078,39.838439976999084,109.6875,89.89684761224179,255.3957327708369
1079,22.66960987175038,107.2265625,89.925762387284,180.2817970073407
1080,26.276811557199977,101.24999999999999,90.51151125910593,9890.561984627317
1081,43.80448796297494,125.48780487804878,92.92742572660599,10.74263825634368
1082,35.31877290301153,104.76562499999999,89.38686573860332,77.93787288756594
1083,24.296477994805656,107.57812499999999,96.6631475757382,177.5402670073483
1084,22.993394314297802,113.203125,89.55755050596322,220.60273145879572
1085,34.228866327812575,108.63281249999999,96.45687024190543,90.89878655328737
1086,30.345182969588258,111.09375,87.73664213690061,239.97846260617737
1087,41.01449966573052,112.85156249999999,93.96680757743712,2869.4907906825997
1088,20.742379954487134,110.0390625,96.57518436075307,886.2273459121441
1089,39.45089470914606,106.52343749999999,88.46102648433995,846.4019683553489
1090,22.993394314297802,113.203125,97.26183445948041,34.45262495581214
1091,29.65601354117841,102.65624999999999,91.74128042354945,880.7792837320313
1092,30.345182969588258,104.0625,96.98542113290796,64.85441358949875
1093,33.152887928619876,106.875,94.20366264413097,908.6281874373495
1094,39.45089470914606,98.78906249999999,89.9921484512886,179.48235946566177
1095,41.01449966573052,123.3984375,88.68840395056627,221.35009457219797
1096,39.838439976999084,113.203125,90.01321443873604,204.65772251601362
1097,40.62018519067267,109.6875,87.63729442025347,2854.0245668380244
1098,26.61009781073391,110.0390625,88.15967319730052,49.196272682195826
1099,36.42357364233115,101.6015625,87.74790321554963,258.6056849053595
1100,45.38920300540005,122.89915966386555,91.35397385891618,55.29034831366345
1101,22.346587898361136,108.28125,95.3729427327116,884.0363453775016
1102,24.296477994805656,116.01562499999999,88.12958310620073,2906.438366407149
1103,23.31795706533424,112.85156249999999,87.99559152064785,225.75241669800576
1104,19.15501007356373,108.98437499999999,93.8132436975823,239.16191977456072
1105,41.01449966573052,122.6953125,88.7824687221165,4862.580421465326
1106,35.68533471265204,106.52343749999999,87.68092439429348,247.41029239986852
1107,26.944358180475724,103.359375,88.43800411387915,239.03811012234723
1108,28.630989836924343,88.24218749999999,96.75256229599049,845.9096953287587
1109,41.411188638099254,123.04687499999996,95.68780011117784,879.3435441764343
1110,25.613083216401805,99.84374999999999,90.50676840336567,41.47474360103696
1111,39.838439976999084,119.53125,93.95813264428455,919.1024012667781
1112,39.838439976999084,119.53125,92.57251991817975,225.97740356194345
1113,32.44286613851178,113.90625,94.2072196762527,27.91181029876295
1114,31.039240010397883,120.23437499999997,94.27207560894422,908.572499817304
1115,31.38816646434855,119.88281249999999,93.65300280169312,211.29665234510924
1116,43.80448796297494,126.21951219512195,89.5628616116774,38.9157515432494
1117,24.296477994805656,107.57812499999999,87.00426904380868,862.6265051947222
1118,38.68218745348943,114.9609375,91.77599362179106,2878.1755874020396
1119,42.2103698396502,118.7007874015748,96.40558378029132,2886.8109046137556
1120,23.96948231775967,98.78906249999999,92.99112512307563,9894.114184932072
1121,22.66960987175038,112.85156249999999,95.8045651971313,2864.098004401915
1122,24.62431835216408,113.5546875,97.55091218968613,10.0
1123,25.944479772370002,117.7734375,88.39885504151023,212.12181099899647
1124,29.65601354117841,113.90625,94.3785514531936,918.3282273331805
1125,31.738394244764443,80.15625,94.17412238033378,208.61474059589167
1126,43.80448796297494,87.4390243902439,97.40612262791892,852.9097818675431
1127,35.68533471265204,119.88281249999999,97.47617026566319,854.3473510698145
1128,36.05358859962301,106.171875,94.31893205569254,208.3069347744818
1129,38.68218745348943,105.11718749999999,89.27563811282216,2905.753853638798
1130,27.95318688338113,106.52343749999999,95.40914866908743,242.95679448093216
1131,33.8687046016565,117.42187499999999,87.77040580726292,233.3181930041213
1132,44.20152985105137,129.4672131147541,95.19201321614635,19947.83647368992
1133,39.838439976999084,112.49999999999999,96.60919217032664,240.51782364169614
1134,28.971532223711293,88.59375,90.85012760012869,69.56089651921586
1135,44.59799149300626,124.58677685950413,93.67342644468317,245.42412045744646
1136,24.62431835216408,98.78906249999999,91.4471037848737,916.9637951193746
1137,33.8687046016565,116.71875000000001,91.54570745121225,905.7620399210913
1138,33.8687046016565,94.21875,90.0782885108792,909.2957689943001
1139,31.039240010397883,120.23437499999997,94.99771501701896,885.0094932980357
1140,25.613083216401805,118.828125,96.88438568135903,180.5256108268982
1141,36.42357364233115,101.6015625,96.93283814479662,2857.729419562429
1142,29.313198964168343,118.47656249999999,88.53408151736457,2893.2571876315365
1143,31.738394244764443,120.23437499999997,96.2380733728288,75.74816499041532
1144,38.68218745348943,115.6640625,94.7850168180656,50.732315862291735
1145,24.296477994805656,107.57812499999999,89.39343950136254,9925.32320253982
1146,26.276811557199977,118.125,87.39283285501244,2864.7987217902796
1147,29.65601354117841,120.23437499999997,89.58707812837947,2893.022312074735
1148,24.62431835216408,98.78906249999999,96.6305051404171,2885.2507280142604
1149,24.62431835216408,118.47656249999999,93.70074755752623,252.59899103950534
1150,28.630989836924343,119.88281249999999,94.64398165430096,866.4319419512361
1151,24.953020787727496,101.24999999999999,89.4485548344431,253.5206339838084
1152,28.630989836924343,88.24218749999999,94.62962988041406,19.608615427050403
1153,28.971532223711293,88.59375,86.84126342787725,896.3085928169066
1154,30.345182969588258,113.90625,90.75691686973651,243.4842249311945
1155,27.27961273597809,110.7421875,93.6317263839769,866.826072659087
1156,41.01449966573052,112.85156249999999,88.18666499635188,242.80923736164266
1157,24.296477994805656,108.98437499999999,95.70643314269408,240.09435206602845
1158,24.296477994805656,98.4375,89.18337075419076,66.96527734555954
1159,46.96497733995481,124.82608695652173,93.91674591464148,186.66714727639163
1160,25.282603043311994,99.4921875,91.12762063414075,61.88473722419374
1161,42.2103698396502,118.7007874015748,93.30184069734567,76.34260316942235
1162,36.79533013738011,94.92187499999999,87.77440928223268,9920.752543795843
1163,27.6158819838447,114.60937499999999,86.64850459884063,59.630753819143706
1164,41.01449966573052,112.85156249999999,96.6025010268989,184.2995531956628
1165,25.613083216401805,99.84374999999999,89.6079333188153,849.6059550369447
1166,25.282603043311994,116.36718749999997,95.66598203122973,855.5115384276523
1167,33.152887928619876,104.76562499999999,97.64677713186309,59.96877162339725
1168,48.922795160247304,119.86363636363636,88.93339122780908,910.8440460161216
1169,37.921650784291785,109.3359375,89.55097460682019,908.277113515209
1170,30.345182969588258,113.90625,94.04043503556959,92.70042803412244
1171,22.02431283704216,107.9296875,97.22611972676268,189.16243072614915
1172,29.999999999999993,109.3359375,96.66870227868895,9859.888693668312
1173,38.68218745348943,105.11718749999999,92.23264799716331,920.4774073956338
1174,29.999999999999993,113.5546875,95.36725071294433,881.9263761534663
1175,32.44286613851178,118.125,88.06130178590601,31.79384903223035
1176,26.61009781073391,112.1484375,97.37488801571904,221.65480419391378
1177,43.008633994236924,88.92,97.21252781771578,257.0153840324928
1178,26.944358180475724,104.76562499999999,88.40022066450753,73.10060070501987
1179,32.44286613851178,118.828125,89.97092978995262,229.16691429734604
1180,22.346587898361136,100.546875,87.70510150857234,852.7522219441305
1181,36.42357364233115,79.8046875,89.63459833561458,198.8677826084352
1182,29.999999999999993,111.44531249999999,95.62073207670826,906.9934151205632
1183,23.31795706533424,114.25781249999999,90.7940701539505,924.9326565460148
1184,43.406858485936986,125.20161290322581,87.59340022015226,197.92327863572845
1185,22.993394314297802,104.0625,90.39066945423143,924.3922832739743
1186,28.971532223711293,94.21875,97.42384008148758,40.17605517566123
1187,44.59799149300626,82.1900826446281,93.66320323916874,924.112496958518
1188,37.54432510382694,112.49999999999999,91.26623302530079,59.48818670439734
1189,28.630989836924343,119.17968749999996,88.43424874848769,32.066377672659755
1190,44.59799149300626,80.70247933884298,97.48331815352408,865.0372150933283
1191,31.38816646434855,120.58593750000001,95.68023363005899,235.11161217730373
1192,36.42357364233115,101.6015625,89.75926009527983,2909.6246818369773
1193,30.345182969588258,116.71875000000001,87.41928164160936,207.8465911946085
1194,46.1781796469964,121.92307692307692,87.26812212414764,188.782835265228
1195,24.296477994805656,98.4375,87.89722145256063,242.33164673398824
1196,22.346587898361136,110.39062499999999,93.13755601320969,231.10235060334867
1197,22.346587898361136,108.28125,96.80586319145841,203.1428509243748
1198,27.27961273597809,106.52343749999999,92.17615842182639,880.703670698814
1199,42.2103698396502,118.7007874015748,95.91259718330313,900.5469642208723
1200,26.944358180475724,103.359375,91.65076939678632,2847.4196862636777
1201,47.35757623319898,128.28947368421052,94.53658168264276,9920.542455867548
1202,47.35757623319898,88.02631578947368,94.73714582489991,183.64412060068375
1203,37.16889965599944,117.7734375,88.52417936567673,887.4423114950891
1204,33.8687046016565,108.98437499999999,90.58189616825287,215.63612929810478
1205,26.61009781073391,101.6015625,93.74504220131578,875.6812881028317
1206,28.971532223711293,88.59375,87.42524681000954,236.12559333445301
1207,34.59057497617661,105.46875,90.58591801116275,19926.828791043987
1208,38.3009224658677,109.6875,92.54035038631645,891.3038095251092
1209,18.839404547275464,109.3359375,97.607991602966,9885.117248383376
1210,35.31877290301153,116.01562499999999,91.97155844980828,923.2805598825979
1211,34.59057497617661,111.09375,95.62195984392953,2903.971860504486
1212,41.01449966573052,112.85156249999999,91.4720001296744,917.0851275502649
1213,26.276811557199977,117.42187499999999,95.38282086447501,231.9078906175228
1214,28.971532223711293,118.828125,93.29508616262157,179.91652489763905
1215,39.838439976999084,113.203125,96.35938464290062,209.63444934862227
1216,43.80448796297494,80.85365853658537,91.19891061665231,10.0
1217,28.971532223711293,88.59375,93.39057888110979,248.16288954828377
1218,29.65601354117841,109.6875,93.66680274267848,243.41547002426313
1219,38.3009224658677,106.171875,91.28204096572088,248.47811544281032
1220,22.66960987175038,107.2265625,88.16505166393885,9922.585694010351
1221,41.411188638099254,120.23437499999997,87.64244339792525,2913.6617437523028
1222,34.95386525718846,102.3046875,86.63831851635727,63.00798356325479
1223,22.993394314297802,113.203125,96.22569447838265,209.27400499609686
1224,35.31877290301153,106.171875,89.19866199048832,223.08191038955414
1225,29.999999999999993,119.88281249999999,88.93419085672853,207.18061693360553
1226,35.68533471265204,107.2265625,94.77299425533695,912.284659165683
1227,38.3009224658677,109.6875,90.17287393312755,248.17404705974474
1228,21.702769403954846,100.546875,92.26184279695909,260.22404710396086
1229,35.68533471265204,119.88281249999999,88.38547009299991,2847.4532094128294
1230,23.96948231775967,107.9296875,97.15535704945042,914.5252839715606
1231,39.45089470914606,98.0859375,96.0009917603589,51.4219079084989
1232,39.838439976999084,76.64062499999999,96.12595134878048,886.7854265200599
1233,46.96497733995481,130.30434782608694,91.14718341875258,225.96012951999322
1234,29.65601354117841,106.171875,94.99970947452836,190.66237068455985
1235,36.05358859962301,101.953125,88.15977237937705,19.14223552725224
1236,24.62431835216408,117.7734375,86.29832204491458,238.9506405313435
1237,34.228866327812575,113.5546875,86.71923552616452,205.90290336258764
1238,22.346587898361136,107.57812499999999,93.20041579083617,179.84747399289438
1239,40.62018519067267,109.6875,91.77377019499875,880.9841730278063
1240,24.296477994805656,98.4375,92.3721179355952,903.5386746693878
1241,26.61009781073391,107.9296875,86.24951897532202,178.16177268791583
1242,26.61009781073391,104.4140625,91.35065024523209,18.91783487991211
1243,24.953020787727496,116.71875000000001,94.6182622234825,927.4358453375684
1244,26.944358180475724,104.76562499999999,91.6094652674552,10.0
1245,29.999999999999993,101.6015625,94.74012958081548,9858.365995164033
1246,42.2103698396502,122.24409448818899,89.16205543495084,860.769666296823
1247,46.96497733995481,130.30434782608694,95.58651645191713,197.48130602604442
1248,23.31795706533424,103.0078125,93.22006840309282,178.58508099592203
1249,30.345182969588258,113.90625,88.92631386875063,10.0
1250,26.276811557199977,118.125,89.20126308243961,91.97533268719545
1251,33.8687046016565,94.21875,93.64544522752003,53.58852130333898
1252,43.008633994236924,129.24,95.77947292976438,856.1107649886947
1253,42.60980697763761,128.92857142857142,91.25933592016851,64.90598093226897
1254,28.971532223711293,88.59375,89.46321936039364,249.32538182003134
1255,34.95386525718846,100.89843749999999,96.15893057839197,849.463286053782
1256,40.228184728061095,107.2265625,94.11536523754326,191.51300233109671
1257,33.8687046016565,109.6875,91.67921432004901,13.269377305479946
1258,44.993880150457116,115.12500000000001,92.0946934900412,14.129039941188951
1259,31.38816646434855,120.58593750000001,88.85739345153715,10.0
1260,38.68218745348943,117.0703125,93.63225576852967,894.3856545658505
1261,26.276811557199977,119.53125,90.55264247591695,196.51932213395597
1262,37.16889965599944,95.2734375,97.60080335086118,911.6226855125889
1263,34.59057497617661,113.90625,92.02360649836562,225.03164777675474
1264,48.922795160247304,119.86363636363636,92.07613485115436,230.36321542562223
1265,44.59799149300626,114.91735537190084,92.9437651565456,245.37728140825766
1266,35.68533471265204,104.4140625,96.678676602665,886.51918495456
1267,33.8687046016565,94.21875,95.43665777171391,185.36069847589675
1268,30.69158768492234,112.1484375,91.71859955768683,47.24945919936307
1269,37.921650784291785,114.25781249999999,94.62369723341645,256.20192329534586
1270,28.971532223711293,119.53125,93.19648163742151,198.76773224400205
1271,24.62431835216408,113.5546875,92.13584268520094,227.72898467659385
1272,26.61009781073391,112.1484375,88.73091361438655,866.5962376805777
1273,46.57184741344958,126.85344827586206,91.8739348453557,240.67461633946346
1274,33.8687046016565,94.21875,89.30378742762366,858.5565158568908
1275,43.008633994236924,81.72,96.65840442868605,253.2290876498036
1276,39.065494664452594,75.9375,90.32380209197666,894.5881572567515
1277,21.702769403954846,110.39062499999999,97.06252280837721,884.3802633303276
1278,41.81031489577859,118.47656249999999,92.51769100338096,250.71938226030326
1279,33.51005606625301,109.3359375,93.68319186668657,876.2302901413748
1280,30.345182969588258,113.90625,92.64611352201189,2870.7302981612675
1281,28.630989836924343,109.3359375,87.98420888612542,225.16664987208065
1282,31.738394244764443,116.01562499999999,90.76311937844746,220.27560762259085
1283,48.922795160247304,119.86363636363636,87.69551709889548,901.959012280197
1284,37.16889965599944,121.28906249999999,93.5909140686016,847.183350172812
1285,33.152887928619876,118.828125,91.66354483949064,27.384870639655254
1286,43.80448796297494,87.4390243902439,95.15900693172193,2891.748757416693
1287,36.42357364233115,103.71093749999999,89.02913770140279,11.587760713563869
1288,46.57184741344958,88.83620689655172,88.41035925284417,897.1808437438497
1289,44.20152985105137,85.94262295081967,91.14170499618506,900.3155239574893
1290,35.68533471265204,107.2265625,96.78279268455661,9886.19535684296
1291,42.2103698396502,125.78740157480314,94.55241266990492,20.75855684362712
1292,31.38816646434855,91.7578125,91.30197150315506,851.4953646139852
1293,28.971532223711293,106.171875,92.3652716791443,224.0557935078866
1294,25.944479772370002,105.8203125,87.5536526384405,199.68418622698272
1295,40.228184728061095,81.2109375,97.46345391369123,34.96921717432281
1296,41.01449966573052,117.7734375,94.08191369658178,257.8558496815678
1297,43.008633994236924,81.72,89.80941710653197,236.89254566653375
1298,29.999999999999993,119.88281249999999,93.19189365904988,40.56010429677922
1299,28.630989836924343,118.47656249999999,87.7937115099135,856.208227982405
1300,46.96497733995481,130.30434782608694,97.23093451855519,894.032461620668
1301,22.993394314297802,103.359375,88.53412636655037,902.8732917401741
1302,45.78396716177502,121.65254237288136,93.86704431433293,2906.7726472515615
1303,32.44286613851178,118.828125,89.29913642581577,219.45016412080773
1304,28.630989836924343,119.88281249999999,94.61389789827268,9886.128705463492
1305,24.296477994805656,98.4375,95.14485750306116,2861.519409285487
1306,28.291548862929403,92.10937499999999,94.16390511819024,191.1268661422623
1307,25.944479772370002,105.8203125,93.50009450979704,62.05374746933985
1308,36.79533013738011,117.42187499999999,96.42142153692677,225.94841281645492
1309,25.613083216401805,99.84374999999999,87.50058278666076,217.55172606252324
1310,44.20152985105137,129.4672131147541,90.27975104340537,845.12290477566
1311,23.96948231775967,107.9296875,89.33532286262007,847.4342971444142
1312,32.0899512562803,119.17968749999996,97.50611399408102,897.6603795234205
1313,25.613083216401805,99.84374999999999,90.93148029437869,244.6269719304679
1314,34.59057497617661,111.796875,94.74351830178334,40.66542815630828
1315,29.999999999999993,121.9921875,94.29609174244986,2853.4325248362375
1316,32.79716829582364,113.5546875,88.94027602785974,194.4521295097836
1317,27.6158819838447,101.953125,89.22538399270952,9917.83034249806
1318,44.20152985105137,129.4672131147541,89.75679822028164,45.785653887729296
1319,45.38920300540005,130.46218487394958,91.20120272589386,9895.136477694523
1320,39.065494664452594,87.890625,89.17589009631399,35.24147702307779
1321,41.01449966573052,112.85156249999999,86.71442169618035,90.23345838743008
1322,24.296477994805656,98.4375,96.28566326420224,17.791679103904404
1323,39.838439976999084,109.6875,97.22811988273001,884.1320067923414
1324,22.02431283704216,100.89843749999999,90.38424487761237,1865.248123695192
1325,36.79533013738011,114.60937499999999,90.35420273850745,225.61788893278612
1326,40.62018519067267,107.57812499999999,86.23384069706842,4872.630129327569
1327,26.276811557199977,107.57812499999999,94.24377479755017,849.5183504172786
1328,29.65601354117841,120.23437499999997,95.73341542037045,861.4893676755078
1329,33.51005606625301,109.3359375,88.19286290013194,926.4308763532479
1330,31.738394244764443,106.171875,88.35101616300736,191.20173878666597
1331,28.291548862929403,119.53125,95.30612199707203,205.6093238694796
1332,39.45089470914606,87.5390625,93.51933661517093,2907.428304941172
1333,19.15501007356373,110.39062499999999,87.09193690621898,2901.776804703132
1334,22.346587898361136,113.90625,93.58654147739261,9926.850138565733
1335,29.65601354117841,103.359375,90.06403810622231,2902.7679090182187
1336,40.228184728061095,79.8046875,90.67507026353819,49.521288457742905
1337,28.971532223711293,88.59375,95.06318092481932,919.8903859719647
1338,44.59799149300626,114.91735537190084,95.5596816203183,219.5423618636075
1339,46.96497733995481,130.30434782608694,91.0675587246064,19910.13927645781
1340,38.68218745348943,100.1953125,97.00065108342574,235.19775820022247
1341,34.228866327812575,99.4921875,91.14332410003993,255.64501735966996
1342,24.296477994805656,98.4375,95.08423586581748,249.61247233533692
1343,27.95318688338113,117.0703125,92.05763376466625,197.4538260970756
1344,27.6158819838447,114.60937499999999,96.47505298993381,28.9618092894754
1345,35.31877290301153,114.60937499999999,96.58340110167391,2895.758415810888
1346,36.42357364233115,101.6015625,87.58408870703336,913.5447821466473
1347,36.05358859962301,104.0625,96.88774098490228,54.294840878222715
1348,21.381942579838878,109.3359375,95.73438725587965,905.7342874080275
1349,46.57184741344958,126.85344827586206,95.32104796346138,860.235087151318
1350,24.62431835216408,118.47656249999999,88.82196073417597,219.3681911835949
1351,31.38816646434855,119.17968749999996,95.48895925587608,180.47629980349285
1352,34.95386525718846,113.5546875,95.98616367076332,2855.0610429416192
1353,27.95318688338113,112.85156249999999,89.85726857128749,882.6472728133684
1354,33.8687046016565,106.875,97.0624739677242,254.11660280176028
1355,24.296477994805656,101.953125,87.16680759521012,855.327625471951
1356,23.64331425576559,99.84374999999999,88.23284256856579,35.26283188293588
1357,35.31877290301153,107.57812499999999,92.57648834435824,235.60863245533065
1358,38.3009224658677,112.49999999999999,93.07290908168824,75.57049170352334
1359,31.039240010397883,120.23437499999997,93.83336772335944,81.3371216556807
1360,23.64331425576559,116.01562499999999,86.65088295102579,870.9246012126998
1361,40.228184728061095,119.88281249999999,97.16306317845813,2913.43759306466
1362,30.345182969588258,116.71875000000001,87.08785664377335,218.01753391393623
1363,29.999999999999993,109.3359375,88.14991111999144,81.08797036547882
1364,27.6158819838447,106.875,86.52613267547294,867.138962991754
1365,42.2103698396502,122.95275590551182,92.95684294921912,2868.0423745548255
1366,28.291548862929403,109.6875,96.84297304043075,897.1574627677542
1367,23.64331425576559,108.98437499999999,94.07653361432047,2865.2895798899413
1368,40.62018519067267,106.875,95.70222449414135,251.31227274081277
1369,39.45089470914606,116.36718749999997,86.49517052595725,898.2299455468917
1370,22.346587898361136,108.28125,92.63409453111791,54.50604361336604
1371,40.62018519067267,107.57812499999999,91.82768908718192,204.10725141774196
1372,24.62431835216408,102.3046875,92.19665093483553,214.4554848752335
1373,33.8687046016565,109.6875,87.43965429294235,244.97942947699835
1374,39.065494664452594,87.890625,94.29270327880539,4877.697641222991
1375,24.296477994805656,98.4375,92.23582520980231,2871.5652149069456
1376,34.59057497617661,101.953125,95.02371631279588,52.330676869887064
1377,33.152887928619876,108.28125,92.07065389579434,67.35822197778882
1378,36.42357364233115,114.25781249999999,88.22645230664168,206.45545087686614
1379,31.039240010397883,120.23437499999997,93.86969421244342,189.68331125986714
1380,41.01449966573052,112.85156249999999,88.50507528142795,856.8960285853439
1381,35.68533471265204,103.71093749999999,96.21402885310717,2903.830286572976
1382,22.346587898361136,108.28125,93.48523587938965,9902.164652858899
1383,38.68218745348943,100.1953125,88.32119187590378,868.6029337206697
1384,29.65601354117841,118.125,97.18752317801565,924.2421625051304
1385,37.16889965599944,118.47656249999999,92.37534323213299,248.46601468444942
1386,26.61009781073391,105.11718749999999,87.44616432503878,81.31484114739288
1387,42.2103698396502,118.7007874015748,93.63258097709745,248.33719923506845
1388,22.346587898361136,108.28125,89.3980570611124,255.9575409178568
1389,34.59057497617661,113.203125,95.47162205224735,895.3904421258621
1390,39.45089470914606,116.36718749999997,95.64342609198422,85.85326449191842
1391,44.59799149300626,115.6611570247934,97.39361406395567,209.1305598725629
1392,41.01449966573052,117.7734375,92.22338070417881,208.0567605646117
1393,33.152887928619876,120.23437499999997,91.76810382231186,9897.203726423184
1394,36.79533013738011,114.60937499999999,94.9231875223683,228.09343868784453
1395,25.282603043311994,110.0390625,88.02163406421579,899.2000108972084
1396,34.95386525718846,101.6015625,92.69775544800993,897.9089152043637
1397,39.065494664452594,105.46875,92.68907827906415,183.36532139644132
1398,30.345182969588258,113.90625,87.60362369895674,260.1663501895287
1399,28.630989836924343,118.47656249999999,91.28981746302972,2894.230853471258
1400,41.01449966573052,112.85156249999999,96.01842722026427,235.92903846007175
1401,41.01449966573052,117.7734375,96.04779160820863,9872.29062194651
1402,46.57184741344958,124.52586206896551,87.69638684899503,83.72278959780293
1403,27.6158819838447,106.875,87.61547741836245,28.62288853741172
1404,29.313198964168343,91.05468749999999,89.5193577870239,2891.0031324684815
1405,34.228866327812575,113.5546875,96.23830278430415,927.1128133143296
1406,24.953020787727496,113.203125,87.97841917714001,19920.18371570981
1407,25.944479772370002,111.44531249999999,94.63487148675961,876.37815411159
1408,31.039240010397883,97.03124999999999,87.71470241858253,9857.627465414047
1409,24.296477994805656,98.4375,93.59288856003592,920.8625664814396
1410,40.228184728061095,111.44531249999999,90.52640814453572,926.1315505788403
1411,43.008633994236924,122.03999999999999,95.2919034670843,259.482364245145
1412,38.3009224658677,77.34375,89.16916802262585,212.6541914948889
1413,45.38920300540005,85.08403361344538,93.76544858106803,4927.813793517026
1414,32.79716829582364,119.88281249999999,89.19026886123766,225.128011321899
1415,22.993394314297802,103.359375,94.5803020269112,251.8800707153694
1416,46.57184741344958,126.85344827586206,96.22716606679754,228.63733093137836
1417,42.60980697763761,123.92857142857142,87.95824612396228,258.3984501030667
1418,34.59057497617661,111.796875,96.1546733673553,234.7525134562307
1419,23.31795706533424,114.25781249999999,93.27532565553442,18.33663996706423
1420,37.16889965599944,105.11718749999999,87.96117869549478,2880.3472114623996
1421,33.152887928619876,104.76562499999999,91.41345840069997,228.2059751920128
1422,46.57184741344958,129.95689655172413,88.365476681408,849.1097232119001
1423,41.81031489577859,126.21093749999999,94.46565704530617,54.16171357947886
1424,21.702769403954846,110.39062499999999,94.96962743192428,10.0
1425,22.346587898361136,100.546875,87.75869597484964,178.28727528168062
1426,50.091456801832585,127.42990654205607,92.26271942501889,883.9730945650101
1427,22.66960987175038,107.9296875,95.60455035869451,38.455091114090905
1428,29.999999999999993,119.88281249999999,96.88424244529233,2910.754024952476
1429,24.62431835216408,118.47656249999999,92.33068658472574,83.94442376872328
1430,34.59057497617661,113.203125,97.03789519856997,79.84864342689625
1431,33.152887928619876,109.6875,92.55190633798955,70.78217782212366
1432,33.8687046016565,108.98437499999999,90.99104834905798,10.0
1433,29.313198964168343,94.5703125,95.96641282011782,904.2381228181247
1434,41.81031489577859,118.47656249999999,92.14151423593061,2872.4012793871034
1435,46.96497733995481,130.30434782608694,91.94732087933535,856.7126558132766
1436,37.54432510382694,118.125,92.11691583597089,73.41034565225561
1437,28.630989836924343,115.6640625,95.95189731467414,188.31292468633086
1438,40.228184728061095,107.2265625,95.79996425422853,236.1118056553197
1439,29.313198964168343,106.52343749999999,91.10681028144379,9888.343392333389
1440,22.346587898361136,108.28125,90.30314035319441,178.8040728778279
1441,43.406858485936986,81.65322580645162,92.13179833679838,892.1309890089075
1442,29.313198964168343,106.52343749999999,93.0336753953164,226.96603001551017
1443,34.95386525718846,117.7734375,89.21838807795689,191.46427547447956
1444,24.296477994805656,98.4375,95.35320350756093,231.0947667266557
1445,40.62018519067267,78.04687499999999,92.0816359572457,27.46339234525684
1446,28.971532223711293,117.42187499999999,90.31045291187273,912.3423638280436
1447,24.953020787727496,102.65624999999999,87.76842846541597,177.788808239682
1448,22.993394314297802,113.203125,89.2237684518867,890.2516554496888
1449,28.971532223711293,88.59375,97.02551120820064,26.340829474317275
1450,33.8687046016565,118.125,90.02659672069429,9889.652539091334
1451,30.345182969588258,113.90625,88.46235695025696,75.30134983093959
1452,24.296477994805656,98.4375,91.84204583192403,2881.1333357554754
1453,31.38816646434855,102.3046875,90.0460925009646,915.5940323568464
1454,46.96497733995481,130.30434782608694,86.9466562443282,9911.850788627382
1455,23.31795706533424,112.85156249999999,90.20355934197839,236.60420482309067
1456,28.971532223711293,106.171875,92.66128987042397,890.8501362099782
1457,29.313198964168343,115.6640625,92.76007360617062,209.73234974274294
1458,39.838439976999084,98.4375,90.53122921245682,71.90549878492202
1459,29.65601354117841,120.23437499999997,91.66908877820796,227.87555869790853
1460,35.68533471265204,105.8203125,97.22697940940677,64.59314145265338
1461,29.65601354117841,105.46875,90.7820698478189,9936.524905346358
1462,43.008633994236924,88.92,89.46227905687459,37.29730301407989
1463,29.65601354117841,120.23437499999997,89.2737509125578,849.1905413001687
1464,18.209956864283,109.3359375,91.80442513400654,860.421154713402
1465,45.78396716177502,85.04237288135593,94.97524251257285,251.69458412569264
1466,22.02431283704216,100.89843749999999,88.87573636932918,871.1904797159401
1467,35.68533471265204,118.47656249999999,94.54271836075536,45.126126467984115
1468,24.296477994805656,98.4375,86.73685990027792,255.94147566277985
1469,26.61009781073391,118.47656249999999,91.30209249762623,188.79795543167364
1470,31.738394244764443,120.23437499999997,95.13322887028524,9863.69503810113
1471,27.6158819838447,108.98437499999999,90.35641974528433,901.3036138800564
1472,24.296477994805656,107.57812499999999,92.91629231323607,9919.947337710913
1473,35.68533471265204,114.9609375,88.86504921900796,14.247719163998319
1474,37.16889965599944,121.28906249999999,94.82432108742853,188.27661540092407
1475,29.313198964168343,103.71093749999999,87.20303236803558,76.24689094591677
1476,25.944479772370002,116.36718749999997,96.01083076496873,10.0
1477,26.944358180475724,106.171875,88.79320304106756,177.5440588167259
1478,26.276811557199977,119.53125,96.23453573457077,876.1919914675141
1479,34.95386525718846,108.63281249999999,90.4917123517337,90.25418840651865
1480,25.613083216401805,99.84374999999999,94.65800969190127,244.40471057730517
1481,42.60980697763761,93.21428571428571,90.16511884114156,2886.8840977402238
1482,32.0899512562803,105.8203125,96.5638098119763,880.7086817230105
1483,49.31283855921746,120.13761467889908,87.95668172468261,215.72910380984848
1484,37.16889965599944,118.47656249999999,88.57936061445183,210.17318099852284
1485,36.42357364233115,118.47656249999999,92.14195102590082,231.04960681489615
1486,35.68533471265204,106.52343749999999,87.53204420312045,69.02803399855352
1487,28.971532223711293,120.23437499999997,88.76972829114241,862.6933507657335
1488,35.68533471265204,100.1953125,96.96477957285154,208.08818792005724
1489,34.59057497617661,108.98437499999999,97.36311858677773,2846.718837587175
1490,39.45089470914606,116.36718749999997,90.76855552285701,899.6397713533307
1491,36.05358859962301,108.98437499999999,96.74784473646771,855.6124085437068
1492,39.45089470914606,79.1015625,92.6705924228652,208.10057423141092
1493,44.59799149300626,115.6611570247934,89.60936974572293,81.945130148468
1494,30.69158768492234,118.47656249999999,94.48331860318336,905.5484555875981
1495,29.313198964168343,105.11718749999999,93.99415710317798,238.73992253459377
1496,30.345182969588258,114.60937499999999,97.51990389372048,87.76470828691669
1497,34.228866327812575,105.11718749999999,89.54939771827742,76.1495046601814
1498,36.05358859962301,116.01562499999999,94.14800093434764,64.45642730254556
1499,24.62431835216408,116.36718749999997,87.19920843381139,905.8527447134064
1500,33.152887928619876,120.23437499999997,87.83326639987689,89.42876991000784
1501,33.8687046016565,94.21875,86.09985110008557,248.82706311459208
1502,47.35757623319898,129.86842105263156,97.64814675221378,229.99923948209943
1503,36.79533013738011,121.640625,95.45435783473268,846.2961258641163
1504,36.05358859962301,116.01562499999999,95.2652615365792,2874.803494725598
1505,35.68533471265204,111.44531249999999,92.29575614224419,2864.1455082278817
1506,31.38816646434855,119.88281249999999,89.9772447339239,229.88132997122597
1507,32.44286613851178,108.98437499999999,88.24925410201293,10.0
1508,30.345182969588258,104.0625,89.8001012996599,223.7056007205365
1509,26.944358180475724,111.09375,90.76498063918395,854.3101459656455
1510,25.613083216401805,98.4375,94.94759787438754,256.63000359116563
1511,28.291548862929403,116.01562499999999,92.60351902208892,867.9195344595545
1512,22.66960987175038,112.85156249999999,87.48972348453515,60.008674227117965
1513,47.749650829136584,88.00884955752213,86.69012455176988,866.4721473914178
1514,40.62018519067267,120.23437499999997,87.72578473783166,71.23132812819767
1515,48.922795160247304,119.86363636363636,91.19340339418578,897.8222708769184
1516,29.65601354117841,101.953125,96.85278189307625,201.8039132943381
1517,23.96948231775967,115.6640625,93.74611989389685,885.5737501514077
1518,39.065494664452594,75.9375,95.44891261990561,18.296597180105813
1519,23.31795706533424,110.7421875,91.89639704654043,219.0463300719779
1520,45.38920300540005,130.46218487394958,90.58748014223843,884.1083034517479
1521,23.31795706533424,116.36718749999997,87.78343257306598,88.5974870922091
1522,36.42357364233115,104.4140625,96.25024742161702,911.3172480445023
1523,43.406858485936986,121.57258064516128,95.22193563039865,861.7222871141
1524,33.8687046016565,106.875,88.45337996627806,848.6931210362378
1525,38.68218745348943,87.5390625,92.31910415832832,205.42959305452814
1526,37.921650784291785,102.3046875,92.08985355801545,237.74767753934032
1527,37.54432510382694,117.42187499999999,93.61387529068487,851.6438233779096
1528,25.944479772370002,107.2265625,96.99041844326587,235.24317549120747
1529,32.44286613851178,116.71875000000001,93.12460169171437,882.0820253198258
1530,37.16889965599944,95.2734375,92.61073548679583,225.52408346981989
1531,30.345182969588258,104.0625,87.17373799455946,78.93733620933831
1532,28.291548862929403,109.6875,87.35125005442929,83.51682286897486
1533,38.3009224658677,105.46875,88.67828050068974,10.0
1534,35.31877290301153,101.24999999999999,86.90639528432072,192.24409758272077
1535,42.60980697763761,123.92857142857142,94.8360117772565,897.3379982962988
1536,40.62018519067267,107.57812499999999,94.66357926056757,910.9782880468218
1537,28.971532223711293,88.59375,88.06506098609921,79.01366766451088
1538,40.62018519067267,107.57812499999999,95.84231298044394,9896.515586837755
1539,32.79716829582364,110.7421875,88.29190797119877,242.74981453719056
1540,28.630989836924343,119.88281249999999,89.988115225664,2919.9208560794814
1541,43.008633994236924,88.92,89.34412889359814,884.6300854550797
1542,31.38816646434855,91.7578125,90.71951559835735,889.3536496585632
1543,38.68218745348943,87.5390625,89.41676786357685,32.897581876400565
1544,22.346587898361136,100.546875,92.10437295284063,85.89573338478193
1545,33.8687046016565,99.140625,91.15505184185194,10.0
1546,25.944479772370002,111.44531249999999,97.4881907585311,887.4526092988899
1547,32.0899512562803,119.88281249999999,87.25765123726107,203.145418821448
1548,46.1781796469964,121.92307692307692,88.13924597233569,908.7141472451575
1549,29.999999999999993,112.1484375,87.21122075988347,201.76595640537778
1550,22.66960987175038,107.9296875,93.62192798531164,918.5667466034437
1551,30.69158768492234,114.25781249999999,87.23643004981231,50.82759930532062
1552,25.613083216401805,103.359375,95.84600639191113,67.58738278841746
1553,24.296477994805656,116.71875000000001,92.31613847071992,202.25242763564657
1554,39.45089470914606,87.5390625,92.4549558690678,219.20362074965533
1555,40.228184728061095,121.9921875,92.88845690747135,204.21460732798036
1556,30.345182969588258,105.46875,88.48602797613383,901.7785524301594
1557,35.31877290301153,100.546875,88.78784243739567,37.574140111511596
1558,24.953020787727496,102.65624999999999,90.16111805489615,204.84496235626236
1559,23.96948231775967,117.7734375,93.27447876747422,923.965045450965
1560,36.42357364233115,109.3359375,88.91947838649048,25.7315872067783
1561,39.45089470914606,116.36718749999997,87.85878044002403,9867.465282114557
1562,26.61009781073391,117.7734375,97.28404415748163,19884.95396934518
1563,38.3009224658677,109.6875,86.74931927978052,34.28178507144159
1564,25.613083216401805,116.01562499999999,95.45951012630537,189.81585442754118
1565,35.31877290301153,112.49999999999999,95.28121709625162,210.15606382383436
1566,29.313198964168343,103.71093749999999,89.94926723088052,905.6206603943879
1567,43.406858485936986,81.65322580645162,88.05985763944598,851.2149775183218
1568,29.999999999999993,101.6015625,88.18099777220397,865.8181264713916
1569,34.59057497617661,111.09375,94.44054241144411,899.9283326897973
1570,31.039240010397883,97.03124999999999,93.80596689131029,45.83234604656831
1571,41.01449966573052,117.7734375,95.21689707631622,922.7499347001008
1572,27.6158819838447,106.875,96.89820452814337,884.2847517414862
1573,24.62431835216408,115.6640625,94.38030207372749,845.6120249794849
1574,39.838439976999084,109.6875,88.30481285241075,2889.0561605182897
1575,43.406858485936986,81.65322580645162,89.27343889996914,882.68287546534
1576,47.35757623319898,123.55263157894736,95.90490248696452,78.71221494340958
1577,29.999999999999993,121.28906249999999,88.91088058745822,224.53336197648485
1578,30.345182969588258,104.0625,87.44259104332563,240.65383836260307
1579,32.0899512562803,117.7734375,94.49090855276813,21.183970932439664
1580,39.45089470914606,109.3359375,91.09448107194088,9888.850560548457
1581,35.68533471265204,103.71093749999999,96.71346235269483,49.99461832285517
1582,31.039240010397883,121.640625,93.89305681139784,881.8251509049542
1583,33.8687046016565,117.42187499999999,87.61260932127884,243.70962025558663
1584,21.381942579838878,109.3359375,97.00810418095818,10.0
1585,41.81031489577859,118.47656249999999,89.46649993568131,2928.722226822636
1586,28.971532223711293,120.23437499999997,90.34150937522251,1920.2166367636003
1587,35.68533471265204,116.36718749999997,91.09118122258552,248.22926950623238
1588,35.31877290301153,118.828125,87.18723624553353,89.41115622672991
1589,28.291548862929403,116.01562499999999,92.17405800498652,47.26341733117374
1590,28.971532223711293,117.42187499999999,87.92515469747333,207.89755779554037
1591,19.788049410669572,109.6875,91.07517361252275,180.82909178403784
1592,42.2103698396502,118.7007874015748,90.47386997090261,243.82499144862007
1593,43.008633994236924,81.72,95.09644509188563,9909.32743834017
1594,27.95318688338113,112.85156249999999,95.46526309887336,844.8920310177319
1595,31.38816646434855,118.47656249999999,88.2752769613607,2889.277897497786
1596,38.3009224658677,109.6875,90.64809531252381,867.7816791663183
1597,44.20152985105137,125.77868852459015,90.73249531213165,235.94127524009764
1598,43.80448796297494,87.4390243902439,88.25102432033628,2849.2590932092357
1599,23.96948231775967,107.9296875,95.40790429884183,234.96889009339435
1600,40.62018519067267,114.60937499999999,94.52491068832406,2865.1433647942795
1601,37.16889965599944,117.7734375,88.71042818260453,189.89213442002378
1602,39.45089470914606,78.3984375,90.65021364922708,50.087229529344675
1603,36.42357364233115,109.3359375,87.75877676839494,2850.059958453208
1604,44.59799149300626,85.9090909090909,93.6473372518008,848.6489221755962
1605,33.152887928619876,120.23437499999997,87.90666231546994,2888.3277628138553
1606,44.59799149300626,82.1900826446281,97.48030757751313,9859.609230152597
1607,25.944479772370002,101.6015625,95.19180370562376,20.559827566278244
1608,39.45089470914606,109.3359375,90.94201197008502,242.39041373759343
1609,32.44286613851178,118.125,93.10891438902762,210.79887303226454
1610,24.296477994805656,108.98437499999999,96.62132772397823,860.2386237689196
1611,29.65601354117841,103.359375,92.79108301413049,910.8059911626791
1612,32.44286613851178,108.28125,88.53065638840037,187.1376180415517
1613,37.16889965599944,117.7734375,90.79888139960086,256.3877169648015
1614,36.79533013738011,94.92187499999999,95.91463800156437,885.2219721545157
1615,29.313198964168343,106.52343749999999,93.82241124402749,52.29359929297383
1616,19.47122063449069,110.0390625,93.89854416620562,916.9789202864958
1617,29.65601354117841,121.640625,96.15698455645521,854.2848408255893
1618,31.738394244764443,113.90625,96.43735202149786,9879.979037846648
1619,27.6158819838447,99.140625,96.71084095363538,201.91455620252032
1620,34.228866327812575,108.63281249999999,87.65469636816304,41.97059367341071
1621,45.38920300540005,126.68067226890754,92.66151563620107,243.77735521559046
1622,31.738394244764443,118.125,94.81152492731557,33.198866091543195
1623,22.66960987175038,112.85156249999999,94.95290924652926,9914.749818426375
1624,41.01449966573052,122.6953125,93.41648636426002,14.691069371904614
1625,28.971532223711293,106.171875,88.43726236572542,898.7206445407822
1626,40.228184728061095,107.2265625,95.39534361335,248.44099259858893
1627,32.44286613851178,112.49999999999999,94.63585781508256,209.20834995682378
1628,43.406858485936986,82.37903225806451,87.5719188619739,25.356562781046158
1629,34.59057497617661,110.39062499999999,91.8727700759837,859.1257343040401
1630,27.27961273597809,114.9609375,88.52434521667328,847.9872328848176
1631,36.42357364233115,101.6015625,90.34410372403647,187.21109245331164
1632,29.313198964168343,91.05468749999999,86.69090451763289,2912.2656401980616
1633,26.276811557199977,117.42187499999999,91.06722670164976,193.03443089963102
1634,23.31795706533424,111.44531249999999,92.736228432556,229.5426961628118
1635,39.45089470914606,110.0390625,93.55469777134671,253.1193873557791
1636,35.68533471265204,111.44531249999999,94.04780770780765,38.86249049202442
1637,41.411188638099254,121.640625,95.84448716702246,4905.905309061226
1638,19.47122063449069,109.3359375,88.97609580551476,210.69146669186946
1639,23.31795706533424,110.7421875,87.8982063454235,31.222814268280576
1640,32.44286613851178,117.42187499999999,96.00053905502992,213.88936806701932
1641,24.953020787727496,109.6875,88.31403311598551,852.5040078166986
1642,32.79716829582364,105.11718749999999,97.34165767809388,245.57035091929345
1643,30.345182969588258,117.42187499999999,95.90842866715842,880.9450548764803
1644,43.80448796297494,124.75609756097559,92.21423375748151,21.288561376585584
1645,27.27961273597809,114.25781249999999,97.42431271687316,188.12804927132507
1646,42.2103698396502,117.28346456692913,87.6787079587841,918.5356417072936
1647,25.282603043311994,99.4921875,90.00665112727799,30.875040181571393
1648,26.61009781073391,117.7734375,93.75494914777467,2850.2542438270816
1649,28.630989836924343,119.88281249999999,90.46697682465269,35.58876377368695
1650,46.57184741344958,124.52586206896551,96.80172297388667,923.1251990140207
1651,37.54432510382694,113.90625,87.37707686994733,207.24467093624784
1652,38.68218745348943,105.8203125,92.73018624943828,856.1236809726805
1653,36.42357364233115,114.25781249999999,93.24622558296086,59.54186682445079
1654,43.80448796297494,87.4390243902439,93.92197250431335,25.48481212335028
1655,22.993394314297802,104.0625,89.42957236199379,84.30402244699378
1656,31.738394244764443,101.953125,90.62346808814642,49.7104994306407
1657,37.54432510382694,115.31249999999997,95.92012089884082,195.11435210474903
1658,35.68533471265204,107.2265625,88.75873963670314,245.75351845494305
1659,34.59057497617661,105.46875,95.74803148882563,849.0541959230196
1660,30.69158768492234,112.1484375,92.90223973729728,909.6835699621148
1661,33.152887928619876,113.90625,94.99821356620033,869.3979073318621
1662,23.31795706533424,103.0078125,94.57984631240697,855.0833671965815
1663,33.8687046016565,118.125,88.89187179106115,220.02964284209182
1664,19.788049410669572,110.39062499999999,92.9822321865906,235.5807211405862
1665,24.62431835216408,98.78906249999999,96.16621374175648,220.71630719351492
1666,40.228184728061095,114.9609375,91.4726333776546,925.4501240772818
1667,23.31795706533424,112.85156249999999,97.2402915320402,89.82671199050446
1668,43.008633994236924,129.24,91.73263569438379,10.0
1669,25.613083216401805,99.84374999999999,88.14656450322342,867.9146479679796
1670,36.05358859962301,116.71875000000001,90.93203742600657,79.01156322908332
1671,24.296477994805656,107.57812499999999,97.05555428284978,2889.4864464727443
1672,24.62431835216408,118.47656249999999,90.16997844347428,2854.28787521554
1673,25.944479772370002,111.44531249999999,96.170052197879,29.63152784613298
1674,26.276811557199977,107.57812499999999,96.30467733699373,41.28035336311137
1675,37.54432510382694,114.60937499999999,90.46873861113882,240.93682904999804
1676,44.20152985105137,129.4672131147541,87.54457678373906,855.2233537228192
1677,35.68533471265204,114.25781249999999,94.67415127105245,185.71307419141598
1678,41.01449966573052,122.6953125,90.08948169189158,887.6546210133847
1679,28.971532223711293,119.53125,95.21906082679143,850.9102485099204
1680,36.42357364233115,101.6015625,91.60896264928802,198.2278096799108
1681,22.02431283704216,100.89843749999999,92.07043380238207,10.0
1682,29.999999999999993,120.58593750000001,95.15808806348156,897.7096095801995
1683,25.613083216401805,116.01562499999999,90.84429497290952,83.8388168512773
1684,42.2103698396502,125.78740157480314,91.61507495171331,923.1310864040853
1685,24.62431835216408,113.5546875,90.76770108977607,222.16280186647876
1686,23.31795706533424,103.71093749999999,90.65788942195272,845.5323502019244
1687,33.8687046016565,106.875,92.44518136922713,2870.0382272653696
1688,30.69158768492234,121.28906249999999,95.53371092255334,2859.472892132337
1689,26.944358180475724,111.09375,90.58874861297994,209.93515933413357
1690,41.01449966573052,122.6953125,92.42959578333101,81.53553504923255
1691,33.51005606625301,114.25781249999999,94.13242470840083,905.2452354111823
1692,35.68533471265204,111.44531249999999,89.60549924365091,225.3694588637996
1693,41.81031489577859,126.21093749999999,89.70874886608857,74.91922517378676
1694,36.05358859962301,101.24999999999999,96.85511443078457,2905.6988106065996
1695,44.59799149300626,82.1900826446281,94.6653384072669,77.30004302452461
1696,47.35757623319898,130.6578947368421,93.09102183171831,10.0
1697,41.81031489577859,118.47656249999999,93.86341661645142,10.0
1698,22.346587898361136,100.546875,86.85890346703736,859.1704830333472
1699,32.0899512562803,119.17968749999996,93.53880354206478,871.0364783808376
1700,22.346587898361136,106.875,92.2937552505033,194.77232574609215
1701,34.95386525718846,102.3046875,92.68260957022525,197.02107827587588
1702,37.16889965599944,100.1953125,90.55965785918845,201.90578008494114
1703,33.51005606625301,117.7734375,87.52763106053101,876.608800721093
1704,34.95386525718846,114.25781249999999,88.74175445381587,22.329240831786812
1705,43.008633994236924,81.72,97.04367106954076,4878.06326912051
1706,29.999999999999993,120.58593750000001,91.17107922954744,86.88931187850348
1707,39.838439976999084,106.171875,91.89923955087983,62884.45179268728
1708,30.345182969588258,114.60937499999999,87.20948205876181,66.86064748173406
1709,29.65601354117841,102.65624999999999,86.98270164821622,904.1600372393193
1710,41.411188638099254,120.9375,94.61062593161714,87.23943240668164
1711,44.993880150457116,82.125,92.5831597941513,31.249358121767465
1712,26.61009781073391,117.7734375,92.28635893964231,2872.2866197499584
1713,34.59057497617661,118.828125,89.26937594836437,2853.953582987722
1714,45.38920300540005,126.68067226890754,94.84804979884892,217.9708458779283
1715,19.15501007356373,108.98437499999999,88.45481496146823,883.3128960140418
1716,45.38920300540005,122.89915966386555,88.70569295747045,256.4547958897054
1717,28.971532223711293,119.53125,91.84255525433925,2847.3881282846655
1718,21.702769403954846,100.546875,89.82060371447943,195.77877026522518
1719,39.45089470914606,117.7734375,89.32479145451501,248.08246767351227
1720,41.81031489577859,118.47656249999999,93.83439151646476,238.4799971957079
1721,42.60980697763761,123.21428571428574,93.9014363857811,205.51909203673875
1722,37.54432510382694,114.60937499999999,95.72396965981811,2891.004482246329
1723,43.406858485936986,121.57258064516128,91.28625330837794,64.64376819976253
1724,28.971532223711293,116.01562499999999,87.44793739700648,58.21503244631072
1725,44.993880150457116,82.125,89.65949039238251,845.4817302243391
1726,33.152887928619876,104.76562499999999,97.40674323260934,869.7760594079278
1727,18.839404547275464,109.3359375,93.3041500205095,75.93139695074375
1728,25.613083216401805,98.4375,94.54651584315526,214.74839203951518
1729,30.345182969588258,111.796875,86.24507251966803,9874.806505790406
1730,37.54432510382694,115.31249999999997,92.37387176939205,178.620059313172
1731,29.999999999999993,101.6015625,86.98213899345258,873.052036963675
1732,32.79716829582364,114.25781249999999,92.98765580197106,894.6945847479594
1733,35.31877290301153,115.31249999999997,96.72120319992173,229.14237344920815
1734,42.2103698396502,118.7007874015748,97.26297812486615,9859.08526109715
1735,24.296477994805656,117.42187499999999,92.61509293198955,893.6416330036421
1736,34.59057497617661,109.6875,91.81011953973491,231.59836774647218
1737,40.62018519067267,117.42187499999999,96.97802753309857,259.530910920172
1738,36.05358859962301,101.24999999999999,94.1661278619564,880.3636497135127
1739,35.31877290301153,101.953125,87.37017218787295,850.0884737742191
1740,25.282603043311994,103.71093749999999,91.89041822476881,2876.551236575085
1741,27.6158819838447,106.875,89.2385962167108,206.26693990416283
1742,26.61009781073391,99.4921875,91.92799210687426,191.97533504015288
1743,48.922795160247304,119.86363636363636,91.77468435221407,83.47955526795478
1744,35.31877290301153,104.0625,93.15253917898795,14.336829308874236
1745,33.8687046016565,94.21875,90.53330395530837,16.391206928176615
1746,47.35757623319898,85.6578947368421,88.40677896886346,2866.7600717787277
1747,38.68218745348943,105.11718749999999,92.24042224005449,876.0765753711589
1748,26.944358180475724,104.76562499999999,95.78216789624683,870.6919985672188
1749,41.81031489577859,118.47656249999999,94.05390972370854,856.8573992281582
1750,32.44286613851178,110.39062499999999,90.35283950934364,927.5764669191233
1751,39.838439976999084,98.4375,96.87746315216305,237.19997491878812
1752,48.922795160247304,119.86363636363636,96.6304980908759,2867.1629794234827
1753,39.065494664452594,75.234375,88.91132889265566,206.90786393661395
1754,22.02431283704216,100.89843749999999,87.01042638197092,4856.04054983769
1755,25.944479772370002,105.8203125,94.81840744539667,882.1856293037167
1756,22.66960987175038,113.5546875,95.75563061035562,181.26755955620516
1757,33.8687046016565,108.28125,97.25609699740035,258.2145761515817
1758,43.008633994236924,93.24,96.39353509934611,250.428718375034
1759,32.0899512562803,119.17968749999996,93.35008509697624,53.655489981674066
1760,34.59057497617661,113.203125,92.48300414930348,849.8028934544604
1761,24.953020787727496,113.203125,86.83706351040618,195.71099001176825
1762,43.406858485936986,87.45967741935485,89.31448950266358,20.0572789411109
1763,33.8687046016565,108.98437499999999,91.82835884740027,9878.446062673556
1764,41.411188638099254,113.203125,93.65053089523258,864.9512838467049
1765,37.16889965599944,118.47656249999999,92.83203925722732,2874.5361605411854
1766,27.6158819838447,106.875,94.82983785685849,875.3719839772256
1767,34.228866327812575,117.0703125,89.7374133324471,206.29076551085595
1768,36.05358859962301,111.796875,92.93208350498608,245.32850937396395
1769,35.68533471265204,105.8203125,87.59098034447058,875.278754217562
1770,34.59057497617661,118.828125,91.23395181091028,9898.617459769293
1771,26.61009781073391,119.88281249999999,94.89464103971868,180.38812512849415
1772,23.96948231775967,106.52343749999999,94.39753057408846,2872.3361673222466
1773,22.66960987175038,112.85156249999999,97.53873226479344,2927.963541509057
1774,26.276811557199977,104.76562499999999,89.71345347154868,873.67151306276
1775,37.16889965599944,100.1953125,92.18947796228306,4897.721997855179
1776,28.971532223711293,104.0625,90.26617546244135,216.54381328992073
1777,34.95386525718846,110.7421875,91.58242106642919,9886.03026333263
1778,39.065494664452594,117.42187499999999,96.05594441608463,883.4294871153563
1779,24.953020787727496,104.0625,94.29005747466041,15.995256109609663
1780,46.57184741344958,126.85344827586206,96.31686302515435,2908.471628202536
1781,23.64331425576559,99.84374999999999,88.84949835328729,238.25446161609318
1782,34.228866327812575,99.4921875,96.22392220542817,232.20069163542843
1783,29.999999999999993,119.88281249999999,87.31509561712552,258.81170502619995
1784,29.65601354117841,120.23437499999997,96.380431177745,58.166297300680476
1785,23.96948231775967,107.9296875,90.2616975001435,234.4167956897175
1786,29.999999999999993,119.88281249999999,90.11963980987946,922.1221898300811
1787,30.345182969588258,111.09375,92.31751979160137,10.0
1788,44.993880150457116,124.875,96.93219549185538,185.21385211570572
1789,33.152887928619876,119.53125,87.13567707096387,10.0
1790,41.411188638099254,117.42187499999999,90.48878741838367,221.01478077451364
1791,27.6158819838447,106.875,96.05207388003883,891.1269562388511
1792,33.152887928619876,106.875,91.01417695240532,912.3678259203107
1793,28.971532223711293,88.59375,88.80337709672334,9872.416306555555
1794,46.57184741344958,129.95689655172413,91.37791402178068,855.0068791397764
1795,43.80448796297494,87.4390243902439,90.88386672028636,180.62816352645225
1796,28.291548862929403,109.6875,96.66448497540992,2928.0430090942637
1797,44.59799149300626,114.91735537190084,94.99603358951195,905.2963886519219
1798,44.59799149300626,114.91735537190084,92.2532834773524,844.7337531794808
1799,48.922795160247304,119.86363636363636,97.51053880287569,881.2761480828178
1800,22.66960987175038,112.85156249999999,91.88629076710097,2928.233800009304
1801,27.6158819838447,106.875,87.29226651461985,886.3270159161175
1802,36.42357364233115,109.3359375,89.51397832581243,209.1466372286596
1803,37.54432510382694,102.65624999999999,91.52378614356459,886.5182039266244
1804,36.42357364233115,101.6015625,88.31754315634628,15.31677113608009
1805,26.61009781073391,106.52343749999999,97.0050171411462,213.6698372427909
1806,29.65601354117841,121.640625,95.03835695242135,218.6609795245056
1807,40.62018519067267,109.6875,89.59078148120267,65.02091219988671
1808,41.01449966573052,122.6953125,93.24556243459801,10.0
1809,43.406858485936986,87.45967741935485,94.64737901544422,51.881291502488786
1810,29.65601354117841,120.23437499999997,96.93843163540257,868.9099997881696
1811,26.944358180475724,111.09375,96.30861467430115,913.4281121982609
1812,38.68218745348943,114.9609375,92.34611098643843,19895.549515390376
1813,47.35757623319898,88.02631578947368,95.11848553410243,203.62810297887273
1814,44.20152985105137,129.4672131147541,92.89560540401318,852.2557953668678
1815,22.346587898361136,107.57812499999999,92.77295486599003,9858.422481380961
1816,37.54432510382694,99.84374999999999,87.84367763647089,65.10085150899693
1817,26.61009781073391,99.4921875,87.9519367834115,887.9102331281566
1818,29.999999999999993,101.6015625,92.47822559919025,899.1652705986897
1819,36.05358859962301,116.71875000000001,89.5981176468991,34.44176902405958
1820,40.228184728061095,111.44531249999999,86.73516886824639,2856.783767837373
1821,42.60980697763761,123.21428571428574,94.65934995664406,916.6889431959908
1822,30.345182969588258,111.796875,86.9066322695187,12.616679970203242
1823,26.61009781073391,106.52343749999999,93.29360418393321,35.26999247904865
1824,29.65601354117841,90.703125,92.59743908995837,18.791947594021245
1825,32.79716829582364,119.88281249999999,97.26788629888772,200.7147779772715
1826,46.1781796469964,88.84615384615385,92.06072788388286,244.47630162863166
1827,22.346587898361136,107.57812499999999,87.35784267784713,250.2575203614999
1828,26.276811557199977,119.53125,92.75975655997807,183.89748714386855
1829,37.921650784291785,114.25781249999999,95.89366820015873,2913.8236193348553
1830,22.02431283704216,107.9296875,97.61574411463896,209.11862769255802
1831,30.69158768492234,114.9609375,91.44969673142872,17.3872495397339
1832,31.38816646434855,121.28906249999999,90.17564552475473,192.06092269414276
1833,27.27961273597809,105.11718749999999,96.57166535964441,249.94705607411265
1834,25.613083216401805,98.4375,88.71954122110078,219.13703875014517
1835,29.65601354117841,118.125,93.51007875899954,185.44585534382156
1836,42.2103698396502,118.7007874015748,91.13403914875741,51.07305499865342
1837,36.79533013738011,114.60937499999999,87.03535707506937,918.5157211730811
1838,23.31795706533424,112.85156249999999,90.4403190237845,19940.150872889506
1839,39.838439976999084,119.53125,89.5517126539241,199.4106987126925
1840,36.05358859962301,104.0625,94.31206331856504,212.46776988992457
1841,34.95386525718846,102.3046875,97.01942284430366,857.8808206002316
1842,34.95386525718846,113.5546875,89.58771576830615,888.1501741577665
1843,30.345182969588258,111.09375,95.56613549750381,215.07735602106277
1844,22.993394314297802,113.203125,87.2491671934333,2906.270001772291
1845,39.45089470914606,121.9921875,92.58350206591562,257.1914167780843
1846,42.60980697763761,123.21428571428574,87.42385463750206,229.70933921911643
1847,40.62018519067267,121.640625,96.86168023874917,866.5136468450696
1848,24.296477994805656,118.125,95.03407152332343,9885.66092163469
1849,29.65601354117841,94.21875,93.98302724961796,911.0957386429293
1850,37.921650784291785,105.8203125,95.71728967797527,15.212684612637766
1851,25.613083216401805,99.84374999999999,93.86107512835386,200.10462766896487
1852,24.62431835216408,113.5546875,97.26949571951351,234.76244334565925
1853,24.953020787727496,118.125,94.582865485404,195.64378492676684
1854,23.31795706533424,103.0078125,96.76238365370696,882.6470622435498
1855,39.065494664452594,116.71875000000001,92.36397942356622,920.6576006066559
1856,27.27961273597809,114.25781249999999,87.86574095558575,892.0403024777901
1857,34.228866327812575,93.8671875,92.46573494300146,19901.894509181064
1858,24.953020787727496,109.6875,87.95892089885744,185.12120904663158
1859,27.95318688338113,120.58593750000001,93.2637051724136,2872.350256808459
1860,26.61009781073391,107.9296875,92.04488230929881,902.6756334386852
1861,29.65601354117841,116.01562499999999,93.58684663077184,207.5932570200575
1862,40.62018519067267,80.15625,86.35861446891009,892.8782387187015
1863,32.0899512562803,112.1484375,88.7576562811736,40.37218153955804
1864,21.702769403954846,107.57812499999999,92.12629324568907,909.5223934912436
1865,22.993394314297802,104.0625,97.04067882082423,250.25322673976467
1866,46.1781796469964,121.92307692307692,90.85975193720476,190.07099675364913
1867,41.01449966573052,112.85156249999999,91.37245294925114,869.2584472351853
1868,42.2103698396502,123.66141732283464,94.58922228163976,864.9903640393544
1869,27.95318688338113,112.85156249999999,93.38508257684302,81.7701254253494
1870,25.613083216401805,99.84374999999999,89.96605623155743,11.436289068685596
1871,39.838439976999084,78.75,91.19734524269577,225.5054436080792
1872,33.51005606625301,117.7734375,88.99978970937457,259.5752044928571
1873,24.953020787727496,103.359375,97.23322742704816,2874.180815219442
1874,27.6158819838447,106.875,87.99939392339873,4869.839134863742
1875,32.44286613851178,119.53125,90.71367986537715,249.36935273285704
1876,31.039240010397883,117.42187499999999,86.80708163705926,898.8109614405396
1877,33.152887928619876,104.76562499999999,89.0430031830749,226.9296883362682
1878,37.54432510382694,102.65624999999999,95.18923872012203,896.483168732362
1879,31.738394244764443,120.23437499999997,88.82475597290143,79.93029651075574
1880,28.971532223711293,105.46875,87.51423135628323,209.82112307789328
1881,24.296477994805656,101.953125,91.97081795391475,862.7618555158964
1882,29.999999999999993,117.7734375,86.35533184649687,10.0
1883,26.944358180475724,104.76562499999999,87.55890749930822,889.3620570075137
1884,41.01449966573052,112.85156249999999,95.51944025130513,923.4511806074464
1885,34.228866327812575,99.4921875,95.07982555091216,216.8604873890351
1886,48.922795160247304,119.86363636363636,96.66154686242074,229.09566930231017
1887,39.065494664452594,87.890625,96.0310236429053,1900.3961435172662
1888,27.95318688338113,116.36718749999997,94.2779733349529,905.398553181173
1889,19.788049410669572,110.39062499999999,87.20383735452319,189.03285673111932
1890,43.406858485936986,121.57258064516128,95.2181488721371,198.01520081707918
1891,35.68533471265204,112.85156249999999,95.9388550899983,876.2228170196977
1892,25.944479772370002,100.1953125,95.41554857000632,257.99223293491957
1893,40.228184728061095,110.0390625,92.28426825879065,63.21094441986044
1894,31.738394244764443,106.171875,89.16081479985694,194.49357956886956
1895,27.6158819838447,106.875,95.9370041174004,2900.66629169259
1896,30.345182969588258,112.49999999999999,94.6965844092032,879.0253969529983
1897,40.62018519067267,111.796875,97.41612022046154,19883.030330009522
1898,36.42357364233115,109.3359375,88.30288785664042,902.7931682135037
1899,26.61009781073391,119.17968749999996,89.08415536774481,9866.823279570855
1900,31.738394244764443,101.953125,88.9372774693529,84.40235060210395
1901,50.091456801832585,127.42990654205607,95.3359932516948,904.1414716119042
1902,26.944358180475724,104.76562499999999,88.6736252239473,10.0
1903,46.57184741344958,124.52586206896551,87.38689741557947,873.7753735759316
1904,27.27961273597809,102.3046875,97.63698096282155,234.44593642106815
1905,40.228184728061095,107.2265625,86.79178039195787,203.72752954395443
1906,22.66960987175038,112.85156249999999,95.83376781029342,2858.0922568514884
1907,36.05358859962301,101.953125,90.63339975612028,2848.8740465212354
1908,37.16889965599944,121.28906249999999,95.89898348295607,10.0
1909,41.411188638099254,81.56249999999999,92.79785429993635,855.3085084594305
1910,37.54432510382694,115.31249999999997,96.51846994119305,209.01067756505256
1911,24.296477994805656,107.57812499999999,96.77863628635656,221.00216778874392
1912,19.15501007356373,110.39062499999999,86.31855403400552,922.397594687662
1913,36.05358859962301,101.953125,87.47004470418955,194.4709805096855
1914,34.59057497617661,108.98437499999999,89.36177916437482,9868.692148336659
1915,28.291548862929403,120.23437499999997,94.11591623301443,70.04614566311776
1916,24.296477994805656,117.42187499999999,96.37696659539668,871.3522327944528
1917,31.039240010397883,120.23437499999997,91.83259155661538,874.1808720825179
1918,35.68533471265204,103.71093749999999,93.41924615042593,180.01849355051326
1919,35.31877290301153,100.546875,88.69049411346,198.20938178036997
1920,28.971532223711293,120.23437499999997,95.48710637742064,923.2289903794137
1921,50.091456801832585,127.42990654205607,97.24944058116536,901.2233012039308
1922,30.345182969588258,114.60937499999999,89.59476327431169,199.29881542171054
1923,36.42357364233115,109.3359375,92.1584943967581,250.66087872045642
1924,26.276811557199977,117.42187499999999,87.5717320820686,23.72206554895364
1925,43.406858485936986,80.92741935483872,92.85652584850705,81.47937037710481
1926,31.039240010397883,106.171875,92.23179976144976,238.5923654854787
1927,33.8687046016565,94.21875,88.16655883135516,33.26286703712087
1928,29.999999999999993,121.28906249999999,91.60134796489325,925.8017427002382
1929,44.993880150457116,115.12500000000001,90.31103250911943,888.018952438849
1930,31.38816646434855,119.88281249999999,92.40726702724936,9869.709505453136
1931,31.738394244764443,118.125,93.1902387519446,880.6209479505223
1932,31.738394244764443,117.42187499999999,86.29311081001049,9864.086960391505
1933,30.69158768492234,118.47656249999999,94.98803836545426,255.81462072625771
1934,29.313198964168343,115.6640625,94.57473881614277,852.5088507135039
1935,25.944479772370002,107.2265625,90.64480961634005,9927.699493149148
1936,38.3009224658677,99.84374999999999,87.212868674401,865.1438598465614
1937,25.613083216401805,118.828125,94.93573449230952,11.589122166047295
1938,33.51005606625301,109.3359375,97.09864478254893,889.7664765292689
1939,44.59799149300626,124.58677685950413,89.23760665495274,2906.880845805566
1940,45.38920300540005,126.68067226890754,90.20727987498215,911.4056422333465
1941,36.79533013738011,94.92187499999999,88.64084823027608,847.5690689419071
1942,26.61009781073391,119.88281249999999,93.08776678577581,873.939223033917
1943,28.630989836924343,119.17968749999996,88.29257846441024,19906.715912071613
1944,26.276811557199977,106.171875,90.52765007614988,35.104131562368195
1945,33.152887928619876,118.828125,94.43693744248971,872.715628196912
1946,34.95386525718846,114.9609375,92.86924872329763,187.841500810988
1947,41.81031489577859,126.21093749999999,90.89515892854044,864.5292261299892
1948,37.16889965599944,121.9921875,91.31912456751445,854.7412678459624
1949,34.95386525718846,102.3046875,92.89516536785403,59.7656124886658
1950,43.80448796297494,87.4390243902439,86.18203044627512,80.69420693997016
1951,39.838439976999084,113.203125,87.49947278256735,858.9637374902276
1952,30.69158768492234,105.8203125,96.30475293863215,49.85821733457565
1953,27.6158819838447,106.875,87.49347942862532,183.27423346470044
1954,18.52439107386577,109.6875,94.52125293857972,923.3637666569526
1955,23.31795706533424,114.25781249999999,96.71344234974003,198.79628459408335
1956,29.999999999999993,121.28906249999999,89.62139100967676,239.1538707553585
1957,35.31877290301153,107.57812499999999,90.69698657386289,9865.372377644386
1958,29.999999999999993,117.7734375,92.98364396013318,88.70689132154538
1959,26.276811557199977,99.84374999999999,96.30936823055721,214.47475320219928
1960,42.60980697763761,88.92857142857143,96.94506941029807,854.3898073440572
1961,35.31877290301153,99.84374999999999,94.80337571982142,899.2738610556139
1962,24.953020787727496,102.65624999999999,87.57651676037766,2902.5583978411164
1963,36.05358859962301,117.42187499999999,94.11403072178713,2918.214944030952
1964,31.38816646434855,104.4140625,91.19098390378929,905.6956391314092
1965,31.039240010397883,104.76562499999999,91.93625241368892,89.17100102377555
1966,40.62018519067267,109.6875,87.15614878533759,10.0
1967,36.42357364233115,116.36718749999997,88.71763470967751,213.00753517540434
1968,36.79533013738011,94.92187499999999,95.3113551450285,55.08897185858213
1969,46.96497733995481,85.69565217391305,91.75519292058068,885.7221407406616
1970,47.35757623319898,128.28947368421052,89.99288758078245,870.8723327199892
1971,25.282603043311994,114.9609375,90.86483970117942,16.767317055693173
1972,38.3009224658677,106.171875,96.0298370952332,923.7702256925456
1973,33.152887928619876,118.828125,94.88463560269058,179.15304456297096
1974,37.54432510382694,106.171875,89.6422340783878,225.15556509509028
1975,22.993394314297802,112.49999999999999,87.86989651427561,872.9233168801397
1976,38.68218745348943,105.11718749999999,89.38272057573019,224.4514792341668
1977,34.95386525718846,100.89843749999999,96.72105068533192,227.42724397444928
1978,24.296477994805656,101.24999999999999,93.1465669758305,25.272451776364463
1979,24.953020787727496,104.76562499999999,92.52321131404857,217.43761001409527
1980,40.62018519067267,109.6875,93.30560045993589,902.1405827783924
1981,25.944479772370002,107.2265625,90.64160681553017,2917.8788619304787
1982,34.59057497617661,117.42187499999999,95.51313104450463,220.45965006672003
1983,33.8687046016565,99.140625,92.42067410890083,222.9890566798328
1984,41.81031489577859,82.6171875,87.86273410856161,883.3825259878562
1985,44.20152985105137,129.4672131147541,87.98038778613171,9868.210641407817
1986,27.95318688338113,120.58593750000001,92.56710862509053,183.7455978546015
1987,33.8687046016565,117.42187499999999,96.88855539518892,227.14052488597588
1988,34.95386525718846,110.7421875,90.05849156574037,911.5241203111423
1989,27.95318688338113,120.58593750000001,96.18482239093002,855.3653206325018
1990,26.944358180475724,114.60937499999999,95.01464571682294,42.929016540064126
1991,41.01449966573052,112.85156249999999,89.32925516665043,860.8036913232563
1992,30.345182969588258,104.0625,86.96434961406685,72.83943285256974
1993,41.81031489577859,118.47656249999999,87.7211780511107,244.70870214890942
1994,27.27961273597809,109.3359375,94.70804791426325,249.44407882706696
1995,29.65601354117841,118.125,88.80880927424418,2873.7254751006053
1996,22.66960987175038,112.85156249999999,90.70665853172197,232.74406801260716
1997,44.59799149300626,82.1900826446281,92.22181128098195,186.84984657413406
1998,45.38920300540005,85.08403361344538,94.68199033123854,90.20604975380954
1999,38.3009224658677,116.71875000000001,87.82932565321975,2871.514591891047
2000,38.68218745348943,105.11718749999999,91.14212903664884,66.65963198088986
2001,39.065494664452594,87.890625,92.06864818744943,223.56137702978248
2002,23.64331425576559,106.171875,92.61865763836198,73.00706261629551
2003,39.065494664452594,106.171875,95.64997507678518,904.689905787412
2004,38.3009224658677,105.46875,88.49649827796848,235.7221769609997
2005,26.944358180475724,104.76562499999999,95.52194013163108,204.82657750475906
2006,34.59057497617661,109.6875,94.39142221167897,207.32270399947976
2007,26.61009781073391,107.9296875,92.81409781225668,2398.8930033589554
2008,44.993880150457116,115.12500000000001,94.45859512992217,255.62944075829785
2009,33.8687046016565,108.28125,91.21263578844257,887.9772405662426
2010,46.57184741344958,123.75000000000001,88.09341839116257,2897.3301041098825
2011,44.993880150457116,85.125,94.07440648171317,2902.6584228675147
2012,23.64331425576559,106.171875,92.43344263754183,199.1516881401881
2013,41.81031489577859,118.47656249999999,93.76730664574845,9885.047603991467
2014,32.44286613851178,105.46875,90.34922009616284,10.0
2015,35.31877290301153,100.546875,96.57392449685355,211.2679676386841
2016,36.42357364233115,101.6015625,93.20866709387467,2895.9256659827047
2017,23.96948231775967,117.7734375,87.56495263302136,185.64501512465645
2018,47.35757623319898,88.02631578947368,91.70144517281885,185.2550424201295
2019,29.313198964168343,91.05468749999999,94.9479936579585,192.66143355368638
2020,22.346587898361136,100.546875,95.35538594808378,856.155131399488
2021,31.738394244764443,116.01562499999999,92.1563857529283,226.68636825701753
2022,22.993394314297802,104.0625,96.44555592617081,890.6504213576351
2023,45.78396716177502,121.65254237288136,89.5828779508255,2894.919386681294
2024,35.31877290301153,106.171875,91.19464400628496,874.8122550821624
2025,38.68218745348943,105.11718749999999,96.48632942025623,79.79880810463148
2026,27.6158819838447,99.140625,96.46154130159397,4910.661045306947
2027,22.02431283704216,107.9296875,94.30763912332976,183.101739682936
2028,38.68218745348943,87.5390625,96.0767271381338,58.36649167354479
2029,29.65601354117841,109.6875,87.59697506834227,34.83125784860104
2030,40.62018519067267,122.34374999999999,96.1382889711981,258.0387781096559
2031,31.738394244764443,120.23437499999997,90.17879500450503,44.17637868743744
2032,34.228866327812575,106.52343749999999,88.57708028932466,53.99994010556295
2033,22.346587898361136,108.28125,89.229325994928,192.0116239622002
2034,30.345182969588258,104.0625,91.28961594992845,187.4040785520635
2035,36.42357364233115,101.6015625,89.37242267740919,853.7210542329578
2036,43.008633994236924,124.92000000000002,90.17828192572267,917.7863848835713
2037,41.411188638099254,120.23437499999997,88.05200777887052,901.085949240204
2038,39.45089470914606,75.58593749999999,89.93909452510718,182.5981948758347
2039,39.065494664452594,115.31249999999997,93.02732653466201,178.29239099832827
2040,24.62431835216408,98.78906249999999,91.59859896369278,9908.25284161364
2041,31.738394244764443,117.42187499999999,90.4347321601324,10.0
2042,32.79716829582364,108.63281249999999,94.8627020582559,2877.710159477091
2043,43.008633994236924,128.51999999999998,96.43244685895316,77.93796675480758
2044,24.62431835216408,113.5546875,94.95172405796599,9876.059772477478
2045,28.291548862929403,120.23437499999997,90.2904002255536,202.61113987151737
2046,44.59799149300626,82.1900826446281,94.84539247893731,227.1925655622968
2047,28.630989836924343,119.17968749999996,88.25792473928217,884.7372094520621
2048,32.0899512562803,102.3046875,87.99556190691726,848.7254631479714
2049,44.20152985105137,129.4672131147541,90.42402621959289,196.5016778941688
2050,34.59057497617661,117.42187499999999,95.52037048499508,255.64372199630265
2051,33.8687046016565,106.875,89.31055283547228,891.8478974079123
2052,41.01449966573052,112.85156249999999,87.35453641679551,16.12453490639065
2053,22.993394314297802,114.60937499999999,88.01241570464553,10.0
2054,24.62431835216408,98.78906249999999,96.07431582863339,231.63405962904875
2055,29.313198964168343,106.52343749999999,93.70724230646123,51.27467085662563
2056,34.228866327812575,99.4921875,89.39808588180897,871.8411866534306
2057,35.31877290301153,100.546875,92.80662787137135,83.56342967511134
2058,29.65601354117841,104.76562499999999,92.46022518253812,225.31202038686263
2059,32.0899512562803,116.36718749999997,93.9536335742243,77.12988916011467
2060,44.993880150457116,82.125,89.16384119688581,254.30305512956275
2061,33.152887928619876,106.875,96.13222955503421,45.076125596336624
2062,25.944479772370002,111.44531249999999,90.06845923937777,10.0
2063,34.59057497617661,118.828125,94.40607531894796,19.57927402268475
2064,45.78396716177502,121.65254237288136,86.61522700453294,9888.191169528833
2065,26.276811557199977,99.84374999999999,90.72385884413752,55.3785594344027
2066,40.228184728061095,107.2265625,90.48367671638275,885.1465047108242
2067,38.68218745348943,100.1953125,92.65318066579312,26.175031059044702
2068,41.01449966573052,112.85156249999999,87.44462351914143,41.97625289588546
2069,36.79533013738011,79.45312499999999,95.30670718192883,244.37282085366522
2070,26.944358180475724,99.84374999999999,89.0006477192959,233.33993624448317
2071,33.152887928619876,120.23437499999997,94.20620889261546,9883.532590253186
2072,40.228184728061095,111.44531249999999,95.46576909606752,9871.799991768023
2073,24.296477994805656,107.57812499999999,92.8921263242625,906.5905903702813
2074,24.296477994805656,108.98437499999999,94.81474306876358,853.0765955450869
2075,24.296477994805656,98.4375,94.02874886143202,230.85517658624823
2076,39.45089470914606,117.7734375,90.52113715750315,206.08889871440414
2077,34.59057497617661,111.09375,95.5344295120675,9875.717482739037
2078,21.702769403954846,107.57812499999999,89.9246261288254,853.3198808161258
2079,26.61009781073391,104.4140625,93.01341402934973,846.1338199135101
2080,46.96497733995481,87.26086956521739,94.8536217615552,90.57316487879702
2081,44.993880150457116,115.12500000000001,90.80201513373676,17.83797265638253
2082,34.228866327812575,106.52343749999999,90.00372729884143,9872.414251580736
2083,23.64331425576559,108.98437499999999,91.82488236083552,195.4476456228813
2084,32.44286613851178,116.01562499999999,95.64514576870506,227.75348215402965
2085,33.51005606625301,106.52343749999999,96.81813273674804,44.520993256990465
2086,43.008633994236924,81.72,92.67395379486021,923.8698787278344
2087,29.65601354117841,118.125,94.02414084239466,10.350157607049864
2088,25.613083216401805,114.60937499999999,96.53586671459989,922.9854792477342
2089,36.05358859962301,116.01562499999999,87.68982412068101,54.59262264408717
2090,26.61009781073391,107.9296875,89.15209454626361,2885.4634094251433
2091,22.346587898361136,100.546875,94.53930700805529,891.5662446089375
2092,40.228184728061095,109.3359375,95.71544233427292,64.16948109387198
2093,32.79716829582364,108.63281249999999,96.05675199629343,258.64908665399605
2094,37.921650784291785,109.3359375,91.25260128302112,195.1771358365156
2095,26.276811557199977,111.796875,87.6023581040308,69.49603570849852
2096,31.38816646434855,118.47656249999999,91.54591989302898,2854.441805153531
2097,29.999999999999993,114.9609375,89.13785857942146,217.95890524185046
2098,26.276811557199977,119.53125,89.88340389250227,216.7105719453888
2099,35.68533471265204,106.52343749999999,95.08948316856342,66.21813110899313
2100,23.31795706533424,103.0078125,87.47113634950398,212.82996374971512
2101,32.44286613851178,108.28125,95.75533332631491,2868.5293049143966
2102,41.01449966573052,112.85156249999999,91.41510427564444,207.8314264227202
2103,28.971532223711293,120.23437499999997,93.30205914361338,9883.573038677678
2104,26.276811557199977,117.42187499999999,87.605325228997,9874.363034097605
2105,37.16889965599944,105.11718749999999,90.34294688287098,56.404547482338785
2106,24.62431835216408,105.11718749999999,87.6057877628991,69.13399788218706
2107,23.64331425576559,104.0625,97.17766694461037,2858.397826670417
2108,38.3009224658677,112.49999999999999,95.51501133322655,215.26072649497965
2109,21.702769403954846,100.546875,91.82859173240257,10.0
2110,41.81031489577859,118.47656249999999,89.06231360616194,185.45320150553545
2111,40.228184728061095,107.2265625,96.85555907820007,851.7281437917989
2112,40.62018519067267,109.6875,90.4139212467544,912.5167961836187
2113,23.96948231775967,106.52343749999999,88.36698018792163,51.88419004068676
2114,29.65601354117841,109.6875,92.90885193933012,42.911351649943526
2115,41.411188638099254,120.9375,96.96486153774254,2925.7145171022457
2116,34.95386525718846,114.9609375,86.09613197883081,898.010508437867
2117,30.345182969588258,111.796875,89.21613861169573,849.361742528124
2118,43.80448796297494,80.85365853658537,96.90844168059759,903.4486548261962
2119,24.296477994805656,115.31249999999997,88.48932547444016,224.30996812283644
2120,25.944479772370002,107.2265625,87.82944182283634,900.2135059606559
2121,33.51005606625301,116.36718749999997,93.00008867066082,210.00621656714145
2122,22.346587898361136,107.57812499999999,96.10603474609587,177.98753773787683
2123,35.31877290301153,104.76562499999999,91.99529122380015,891.3373594024847
2124,21.702769403954846,107.57812499999999,97.58739111915071,222.00786677442187
2125,29.313198964168343,103.71093749999999,94.2311589285931,9935.363764828582
2126,29.999999999999993,114.9609375,87.45734065075732,204.41076119869516
2127,41.01449966573052,112.85156249999999,97.56589862932316,2925.300736122735
2128,24.296477994805656,111.796875,91.16108661937659,4913.226832654874
2129,35.31877290301153,117.42187499999999,89.83494372317678,177.4255240091453
2130,41.01449966573052,112.85156249999999,92.84018944863247,912.2018190584396
2131,48.922795160247304,119.86363636363636,90.01882907941709,225.36803016329284
2132,31.738394244764443,116.01562499999999,87.5749753498995,2920.539407452889
2133,32.79716829582364,115.6640625,84.66462986744538,229.64269768015936
2134,28.291548862929403,119.53125,91.69859096488752,895.9470124758667
2135,23.96948231775967,100.1953125,95.85034309879809,233.86555929045187
2136,44.20152985105137,125.04098360655738,93.02773409067802,88.9628215047025
2137,27.6158819838447,101.953125,97.64500274554706,77.78936097006029
2138,40.62018519067267,111.09375,89.82784330249282,223.451721756562
2139,24.62431835216408,105.11718749999999,89.7462029415814,899.3208091195438
2140,25.613083216401805,99.84374999999999,88.35202276474064,853.9718744529721
2141,32.44286613851178,118.828125,88.4042735584276,879.1625241443298
2142,28.630989836924343,121.28906249999999,89.80663930712753,187.572896637413
2143,37.16889965599944,100.1953125,95.33964462794543,237.49291781498295
2144,34.228866327812575,109.3359375,96.56216926487342,16.933687336304992
2145,25.613083216401805,114.60937499999999,97.34571624400947,918.0236874255718
2146,34.59057497617661,118.828125,89.15433033629871,19905.03318817778
2147,36.42357364233115,114.25781249999999,96.30515702168697,218.80038592468443
2148,33.8687046016565,114.60937499999999,90.25366905447412,10.0
2149,25.282603043311994,110.0390625,87.82561420516846,66.18120049137669
2150,36.79533013738011,94.92187499999999,96.18977397426093,868.278523295615
2151,41.01449966573052,122.6953125,93.73218910393419,856.084565988757
2152,28.291548862929403,92.10937499999999,88.41235569292883,909.0795971759836
2153,25.282603043311994,99.4921875,91.4430744966404,180.4419169340978
2154,43.406858485936986,121.57258064516128,89.83309367921046,901.773995028846
2155,39.45089470914606,119.17968749999996,94.77953213517763,878.9679913931016
2156,41.81031489577859,118.47656249999999,91.74817372327124,197.7239656661444
2157,36.42357364233115,101.6015625,97.5218225183444,253.5520478088771
2158,34.59057497617661,110.39062499999999,87.23995981696237,57.337343654653736
2159,27.27961273597809,105.11718749999999,90.51609143399375,230.25450516325805
2160,29.65601354117841,105.46875,92.03942050326923,2879.383267792009
2161,30.345182969588258,116.71875000000001,92.2350250439376,222.38872796292475
2162,36.42357364233115,109.3359375,90.13286075979421,924.666491116746
2163,24.953020787727496,104.76562499999999,94.71447510508588,849.5045710183246
2164,34.228866327812575,110.0390625,96.23810841811675,74.85431431349026
2165,22.02431283704216,107.2265625,96.91131921078944,846.7469362225131
2166,29.999999999999993,114.25781249999999,95.4886451393016,243.64751590230043
2167,42.60980697763761,128.92857142857142,95.99074375954969,216.73504715277681
2168,29.313198964168343,115.6640625,92.74491165294022,46.48091877218487
2169,37.16889965599944,118.47656249999999,95.73800439431552,221.2648346083869
2170,28.971532223711293,88.59375,90.01094780417304,28.07434869477851
2171,44.59799149300626,114.91735537190084,91.04425787243876,38.287992172497425
2172,41.01449966573052,122.6953125,90.14244354029756,221.0662338772491
2173,24.62431835216408,103.0078125,91.9057265388673,193.3532112750033
2174,39.45089470914606,79.1015625,89.81165939744227,2929.624996658288
2175,24.953020787727496,101.24999999999999,97.17850721765096,210.98471863124752
2176,38.3009224658677,112.49999999999999,90.10254711168098,900.0333364595167
2177,29.999999999999993,121.28906249999999,87.68505214431198,249.73096400149933
2178,28.971532223711293,119.53125,92.45320134199325,883.8222471191878
2179,33.152887928619876,106.875,87.27521327708142,182.00437862287103
2180,37.54432510382694,115.31249999999997,87.80378911218958,9866.70245592554
2181,39.838439976999084,75.234375,89.01768641540454,249.69109260546492
2182,46.57184741344958,88.83620689655172,91.87774853850371,922.1815367033835
2183,37.54432510382694,114.60937499999999,91.4873119918741,208.31204675418007
2184,29.65601354117841,106.171875,95.42296271937329,38.85442805535557
2185,22.993394314297802,108.98437499999999,94.80261275537227,874.6652171646891
2186,24.296477994805656,98.4375,91.39763020256468,10.0
2187,26.944358180475724,114.60937499999999,90.30710556939931,235.9529210419269
2188,26.276811557199977,106.171875,90.13808722268008,75.2176655031072
2189,29.313198964168343,91.05468749999999,95.1104899389145,860.6959948105624
2190,38.68218745348943,105.11718749999999,87.19993700338351,9931.959184175044
2191,23.64331425576559,106.171875,86.47576713704278,233.22259468659263
2192,29.313198964168343,106.52343749999999,95.37252948324739,918.0133891859341
2193,31.738394244764443,116.71875000000001,91.99562800324614,244.09902166734764
2194,43.008633994236924,122.03999999999999,88.00238253403019,241.10441807267074
2195,34.59057497617661,105.46875,89.18903379523275,4890.013705100283
2196,34.228866327812575,93.8671875,96.84548415644568,2889.3173377900625
2197,24.62431835216408,117.7734375,96.08207455445752,908.4572745865211
2198,32.0899512562803,117.7734375,94.54692891648607,191.06523545032348
2199,36.05358859962301,116.01562499999999,92.04241502512117,253.43177073050174
2200,22.02431283704216,100.89843749999999,92.39338206571614,87.42978485429678
2201,43.008633994236924,122.03999999999999,97.34766886177225,228.086352852152
2202,35.31877290301153,107.57812499999999,97.23011278889469,238.18933954717681
2203,46.1781796469964,121.92307692307692,88.97404235976812,922.27679365154
2204,27.6158819838447,109.6875,95.56174120369202,2896.1856807082163
2205,23.31795706533424,103.0078125,88.78310091711585,220.7411866007473
2206,38.3009224658677,115.31249999999997,88.95570101335097,10.0
2207,24.62431835216408,105.11718749999999,94.19516222576547,2857.3779346190727
2208,37.921650784291785,114.25781249999999,91.12518808833319,67.94300980326818
2209,23.64331425576559,111.796875,96.83532032434735,859.0398256962867
2210,27.27961273597809,112.85156249999999,87.59922151377015,10.0
2211,25.944479772370002,107.2265625,92.31233395795567,216.9519525230063
2212,47.749650829136584,88.00884955752213,96.69737765864446,19882.951617697607
2213,22.346587898361136,100.546875,96.54476468063262,39.04382368199557
2214,27.95318688338113,116.36718749999997,88.31302057220144,223.01596491813385
2215,37.54432510382694,114.60937499999999,90.64916877644373,193.79659642175926
2216,25.282603043311994,110.0390625,93.54974361568456,2906.44969064707
2217,38.3009224658677,116.71875000000001,88.34772830495527,2865.949935175912
2218,24.296477994805656,101.24999999999999,97.25805259955106,92.85008081174486
2219,43.008633994236924,124.2,96.65742123629254,31.383273870655145
2220,28.630989836924343,115.6640625,88.43923465778285,860.6245117887692
2221,32.44286613851178,118.125,87.90460591423742,201.12223834407231
2222,43.406858485936986,82.37903225806451,87.56500961893659,874.1746386475319
2223,39.065494664452594,75.9375,96.60122186116804,12.112706927987533
2224,48.922795160247304,119.86363636363636,88.74476877993978,51.88836009803075
2225,34.228866327812575,108.63281249999999,91.26783687934386,878.4820762121111
2226,37.54432510382694,112.49999999999999,91.68912185299173,82.90293328552298
2227,30.69158768492234,105.8203125,93.3337171784665,2852.635332346667
2228,37.54432510382694,102.65624999999999,87.4351147978586,22.50875714940829
2229,37.54432510382694,111.09375,89.0957437455125,84.12484994577036
2230,27.6158819838447,114.60937499999999,96.83474812445088,59938.43343224337
2231,45.78396716177502,85.04237288135593,96.5902740821614,225.36843066930584
2232,23.64331425576559,99.84374999999999,95.19920394987257,883.4845927712413
2233,24.62431835216408,100.89843749999999,86.71067430272694,71.235817095005
2234,29.313198964168343,103.71093749999999,90.24142745713556,855.4181288120853
2235,31.039240010397883,120.23437499999997,93.64467470861914,890.4608630743211
2236,23.96948231775967,106.52343749999999,89.67895439923181,195.63352148745338
2237,40.62018519067267,109.6875,96.60273689354479,921.4498673879605
2238,44.20152985105137,85.94262295081967,93.70838286596253,853.4732617302549
2239,39.45089470914606,117.7734375,87.43674284676429,214.34864058155352
2240,26.276811557199977,117.42187499999999,96.59658162210594,256.59932440929714
2241,46.57184741344958,124.52586206896551,97.1308005090885,845.4369044359765
2242,31.38816646434855,121.28906249999999,87.49189700697946,64.50920579412448
2243,19.15501007356373,109.6875,92.50866122598984,217.76073932284766
2244,24.62431835216408,103.0078125,90.00957855940305,202.89277114120756
2245,32.79716829582364,106.52343749999999,90.97427973240387,217.3020155406652
2246,44.993880150457116,115.12500000000001,88.59306397379662,901.0138761268946
2247,25.282603043311994,112.85156249999999,93.10252479923487,237.7694741495191
2248,30.69158768492234,106.52343749999999,97.1334396642759,9863.938722902505
2249,43.008633994236924,128.51999999999998,92.23446352390971,190.41855092861744
2250,43.406858485936986,81.65322580645162,87.54131755550563,221.01284251481795
2251,23.64331425576559,108.98437499999999,93.55919590412755,908.8058846205832
2252,29.313198964168343,106.52343749999999,90.37103173746998,253.6865437863118
2253,25.282603043311994,110.0390625,96.04545344488801,253.93815166637074
2254,24.296477994805656,107.57812499999999,91.50577470107675,20.44663156788371
2255,31.38816646434855,104.4140625,88.73646226219144,216.72459915177947
2256,33.152887928619876,118.828125,88.71809529981044,184.6664294991841
2257,34.95386525718846,100.89843749999999,95.05485117345901,62851.22468614763
2258,37.16889965599944,105.11718749999999,89.55629916840411,194.0987406716253
2259,34.95386525718846,102.3046875,95.04166819570183,2883.1210025613973
2260,26.61009781073391,106.52343749999999,88.87466788430307,875.425565265897
2261,30.69158768492234,114.9609375,90.18925321398662,202.26242362644112
2262,23.96948231775967,106.52343749999999,91.88822016448849,253.06220442519248
2263,34.95386525718846,117.7734375,96.95873630157477,924.9586733916373
2264,30.345182969588258,104.0625,96.83730127782403,2881.8427969771597
2265,29.999999999999993,106.52343749999999,88.88509672246785,62.49000853376286
2266,31.039240010397883,120.23437499999997,90.54750909955746,201.92564343161126
2267,28.630989836924343,110.0390625,88.22666731369792,200.83503401576934
2268,39.45089470914606,116.36718749999997,92.29814211871984,16.010583897069207
2269,33.152887928619876,106.875,91.84087845950108,851.9116721603933
2270,43.008633994236924,81.72,96.5092433077843,2849.4998283495315
2271,36.05358859962301,118.828125,96.81901841104087,212.45607234691983
2272,33.8687046016565,108.28125,90.85923514529654,894.6603827149222
2273,29.65601354117841,106.171875,92.13004728740073,860.7939470364975
2274,22.66960987175038,107.2265625,96.46132450483664,210.97041023710452
2275,30.69158768492234,112.1484375,95.5082766195993,54.89690587602234
2276,27.6158819838447,114.60937499999999,86.08878619225794,885.4014324744238
2277,33.51005606625301,117.7734375,90.17330003419987,2849.2110642993316
2278,29.999999999999993,114.25781249999999,91.33884757173102,878.325990058765
2279,44.59799149300626,114.91735537190084,89.12707233610293,10.0
2280,39.065494664452594,117.42187499999999,88.8077699316661,84.41975667160442
2281,36.42357364233115,115.6640625,86.98597042770965,26.785249843795985
2282,34.228866327812575,112.1484375,93.81255122711839,259.79438892315545
2283,46.1781796469964,121.92307692307692,89.5169923793892,899.6171663365117
2284,41.81031489577859,118.47656249999999,87.20405181874574,42.92620580103246
2285,38.3009224658677,112.49999999999999,89.14045073891927,924.2960118554865
2286,22.346587898361136,108.28125,95.44998334390665,256.0644408936238
2287,36.79533013738011,79.45312499999999,96.00004784168247,879.5664178772313
2288,33.8687046016565,99.140625,92.05016255591562,9918.011924722861
2289,40.62018519067267,120.9375,91.26506519963138,32.36243279778791
2290,30.345182969588258,105.46875,97.38004372292401,2902.071961712052
2291,38.3009224658677,115.31249999999997,88.81828858262108,49.022778494357894
2292,40.228184728061095,112.85156249999999,88.97499818098441,215.31034031961264
2293,33.152887928619876,118.125,89.8919710983885,1905.9886630581786
2294,49.31283855921746,120.13761467889908,88.50956813710444,2907.7708074944044
2295,48.922795160247304,119.86363636363636,90.80709861418862,243.74488046413381
2296,39.838439976999084,109.6875,96.61595116910355,850.6656363398754
2297,46.57184741344958,126.85344827586206,93.50920785373724,885.046740804842
2298,43.008633994236924,93.24,91.21171485809468,922.6140329233956
2299,36.79533013738011,116.71875000000001,96.86568205916502,47.21954090672878
2300,25.944479772370002,107.2265625,87.14590326847632,915.7737416181407
2301,31.38816646434855,104.4140625,88.92115623305287,237.45300480137888
2302,33.152887928619876,106.875,92.94424347184861,229.76784371884673
2303,37.921650784291785,114.9609375,93.51140763817682,223.0677630613147
2304,23.31795706533424,114.25781249999999,87.01252175726373,244.45689476610218
2305,35.68533471265204,107.2265625,91.10083904478843,9872.17415634081
2306,43.80448796297494,87.4390243902439,93.8801823381714,254.2329012486594
2307,30.345182969588258,113.90625,94.4460448042636,9886.310951022911
2308,43.008633994236924,124.92000000000002,93.75404131005736,70.30389708712744
2309,36.42357364233115,101.6015625,90.17823915335832,889.8669289044586
2310,33.152887928619876,104.76562499999999,87.6420702064382,916.4280133935106
2311,24.296477994805656,101.953125,91.40790349355635,876.2983665179065
2312,33.8687046016565,113.90625,87.97679618725458,854.5298442297624
2313,28.630989836924343,107.2265625,97.00563713375155,258.39706291718045
2314,19.47122063449069,110.0390625,91.97742936597972,2856.422475683884
2315,42.2103698396502,122.95275590551182,90.14583814686692,919.2640131842994
2316,38.3009224658677,109.6875,95.03366496045372,47.52491001746071
2317,35.68533471265204,105.8203125,92.18726054398363,927.3860887185218
2318,35.31877290301153,107.57812499999999,90.07498505961844,220.60293044606024
2319,35.31877290301153,100.546875,95.5722374248915,180.39498747348205
2320,23.64331425576559,106.171875,96.16036914416702,2866.4353475634757
2321,28.291548862929403,92.10937499999999,94.15909300137034,225.10485108757538
2322,30.345182969588258,104.0625,87.12344305858868,915.2598406562873
2323,37.54432510382694,121.640625,92.94988533593796,182.82864327322005
2324,25.613083216401805,118.828125,95.00775038898142,10.0
2325,22.66960987175038,112.1484375,88.07047215766055,241.00893543994698
2326,25.613083216401805,114.60937499999999,89.11599770827077,38.86106820137086
2327,51.25580694880489,124.18269230769229,96.3174148692974,898.9835477778798
2328,29.999999999999993,118.47656249999999,86.72146370052975,186.00561049855494
2329,45.78396716177502,121.65254237288136,94.91674179555149,228.0183956322259
2330,38.68218745348943,100.1953125,91.96455474941928,33.67909570857131
2331,45.38920300540005,126.68067226890754,91.66222487975902,188.65922799810008
2332,30.69158768492234,119.88281249999999,86.23403997415687,907.1578473088452
2333,28.971532223711293,88.59375,95.6625921659719,59.031628442109024
2334,43.008633994236924,128.51999999999998,90.56463444845161,866.6604076294883
2335,36.05358859962301,117.42187499999999,92.6178595387046,2920.4273903236785
2336,34.59057497617661,113.90625,94.20928246653506,876.5117897518771
2337,36.05358859962301,101.953125,94.48530670597725,916.060861388833
2338,42.60980697763761,93.21428571428571,97.10863209266215,42.29486704748288
2339,35.31877290301153,106.171875,92.49540628522443,179.6516104000749
2340,27.27961273597809,109.3359375,91.0596537832561,2894.4981768040743
2341,44.59799149300626,114.91735537190084,97.08038574859494,887.1444930115161
2342,44.20152985105137,129.4672131147541,93.79782488198575,864.3674632376835
2343,36.42357364233115,109.3359375,89.95844844698257,871.6670677381235
2344,22.993394314297802,112.49999999999999,87.95503936359198,220.63600876684382
2345,29.313198964168343,105.11718749999999,95.90859522299105,16.997061120347517
2346,29.313198964168343,119.88281249999999,90.59387679359064,908.0475922556027
2347,36.42357364233115,115.6640625,94.012489645333,876.1730746782744
2348,31.039240010397883,120.9375,91.9373156755662,235.32900852505236
2349,48.922795160247304,119.86363636363636,88.80097138899454,2900.412900382401
2350,29.999999999999993,117.7734375,93.36245822368546,201.06982672101162
2351,23.31795706533424,103.0078125,87.3288848590358,190.58034638542335
2352,30.345182969588258,111.09375,91.22977260374209,2869.8655637343563
2353,24.296477994805656,101.953125,92.69385055333669,911.8299406643249
2354,27.95318688338113,112.85156249999999,91.52348206464445,245.9030872593824
2355,42.60980697763761,93.21428571428571,94.88182087139297,50.84192839686969
2356,23.64331425576559,99.84374999999999,95.75885171243078,83.96362917280624
2357,44.993880150457116,124.875,95.07702545766278,869.394318914688
2358,32.44286613851178,108.98437499999999,87.00137171488706,213.32527077749205
2359,41.81031489577859,118.47656249999999,88.7501174920567,923.7338714992101
2360,48.922795160247304,119.86363636363636,92.56383949173119,9880.705399814107
2361,35.31877290301153,107.57812499999999,96.87003811300706,914.4374857570108
2362,37.54432510382694,76.64062499999999,95.83082724893141,211.44594214457828
2363,33.8687046016565,106.875,95.90839057967565,909.3273226865663
2364,31.38816646434855,117.7734375,90.00804788552671,204.90128690377014
2365,46.1781796469964,121.92307692307692,91.43811528080946,65.12375028629583
2366,42.60980697763761,125.35714285714286,91.93629799365141,12.612830528207796
2367,31.738394244764443,113.90625,88.32322298096588,213.49462386123128
2368,36.42357364233115,101.6015625,86.88539021043024,2904.7176553771023
2369,27.95318688338113,120.58593750000001,96.99800261269631,93.35585136292059
2370,29.65601354117841,106.171875,89.24354884488353,80.60251164473205
2371,24.953020787727496,116.71875000000001,89.23545967032877,9915.261683573308
2372,28.971532223711293,117.42187499999999,87.54573004306127,10.0
2373,34.95386525718846,100.89843749999999,96.80315505711832,908.4517531206698
2374,29.313198964168343,106.52343749999999,93.12415573641083,197.36179435489365
2375,38.3009224658677,109.6875,94.08927461730687,14.220969086505406
2376,37.54432510382694,115.31249999999997,96.62381767513432,2920.854148217499
2377,26.276811557199977,106.875,90.42395886755571,54.34022087858721
2378,34.59057497617661,105.46875,93.57537319065919,255.1293428248968
2379,26.276811557199977,119.53125,87.00116965098528,185.49892921885706
2380,25.613083216401805,116.01562499999999,88.6721977138925,25.101537668291574
2381,24.62431835216408,105.11718749999999,95.79284290992464,19.104401633550033
2382,23.31795706533424,103.0078125,95.0376633374143,44.88103202507561
2383,34.95386525718846,102.3046875,90.47321199197935,27.526345788584045
2384,37.16889965599944,112.85156249999999,90.77539612395547,900.8473189395634
2385,31.38816646434855,120.58593750000001,92.52417560216284,238.52859395323526
2386,36.05358859962301,104.0625,80.32297682345418,202.75776084111732
2387,30.69158768492234,112.85156249999999,89.24918132271819,221.6810866697372
2388,28.630989836924343,117.7734375,88.89950158966373,4876.512557060419
2389,28.971532223711293,104.76562499999999,89.36336580397095,2912.8662156107384
2390,36.05358859962301,108.98437499999999,95.498524722626,887.3165954043842
2391,41.01449966573052,112.85156249999999,89.73622448372686,2883.3315479827793
2392,34.95386525718846,100.89843749999999,88.72249852647026,196.93007759705029
2393,41.81031489577859,118.47656249999999,92.24543387537979,212.33947341707773
2394,23.96948231775967,100.1953125,96.14494278568114,856.5768347402894
2395,36.42357364233115,101.6015625,89.25029741369518,859.5655943568846
2396,41.411188638099254,123.74999999999999,87.49972333878965,237.55923048437654
2397,47.35757623319898,128.28947368421052,90.52971720150597,217.24062141681193
2398,29.65601354117841,94.21875,94.87303371534345,19884.187204666563
2399,29.999999999999993,119.88281249999999,92.74679858451026,919.1063501092315
2400,36.79533013738011,120.23437499999997,95.63091705144342,225.8458198382628
2401,44.59799149300626,114.91735537190084,97.1534514800124,890.8185365476596
2402,35.68533471265204,119.88281249999999,95.33748539471901,184.37257928872657
2403,37.16889965599944,95.2734375,93.38519345152574,38.837924368157005
2404,29.313198964168343,115.6640625,92.14482025982954,205.14933434548615
2405,30.69158768492234,121.28906249999999,87.0201828535612,217.8210192889989
2406,36.42357364233115,117.7734375,97.46030326312511,10.0
2407,39.838439976999084,109.6875,90.85816471250455,917.1975190331416
2408,21.381942579838878,109.3359375,88.26092878544216,206.84477755990866
2409,34.59057497617661,113.203125,94.08543952016899,846.5394971324705
2410,28.971532223711293,104.76562499999999,89.79516513477311,28.545945147730013
2411,41.81031489577859,118.47656249999999,93.19157007324084,68.22505010884828
2412,33.8687046016565,106.875,93.20220080192344,2889.0090202015413
2413,46.96497733995481,123.2608695652174,91.64874101879016,855.0620235453448
2414,33.51005606625301,116.36718749999997,95.84271948832028,9881.277762485879
2415,22.346587898361136,100.546875,89.54837298468215,59957.08579723454
2416,36.05358859962301,118.828125,91.6862917548463,210.02053854295053
2417,46.57184741344958,126.85344827586206,92.5779302727341,191.7038897073295
2418,46.96497733995481,130.30434782608694,94.04937886912039,2853.5058471782345
2419,35.68533471265204,100.1953125,95.23180737956731,59943.46331595648
2420,41.01449966573052,112.85156249999999,90.99870155871585,861.3790573420076
2421,47.35757623319898,123.55263157894736,93.84385409573986,911.2731354274528
2422,27.27961273597809,114.9609375,88.24134124369326,907.2349091939217
2423,34.59057497617661,118.125,96.8470110144007,205.87859070159018
2424,37.921650784291785,113.5546875,90.85292454471565,844.6860890396134
2425,23.64331425576559,99.84374999999999,94.71689653724385,922.7039549352548
2426,43.008633994236924,129.24,86.72474869800992,879.0071394440971
2427,22.66960987175038,112.85156249999999,88.86725147210846,10.0
2428,37.16889965599944,100.1953125,92.08716119032785,201.20671921469773
2429,24.296477994805656,118.125,96.27398854774587,56.238436654027595
2430,30.69158768492234,118.47656249999999,92.45723610277143,90.99381590330894
2431,25.282603043311994,103.71093749999999,96.81758955281276,2906.90439401487
2432,21.702769403954846,100.546875,92.05689340507944,13.987424179954502
2433,37.921650784291785,112.1484375,92.11817427921758,85.82095142026343
2434,22.346587898361136,100.546875,87.89122352301311,194.4031817814527
2435,35.68533471265204,103.0078125,95.45900960631035,857.533082608972
2436,36.05358859962301,120.23437499999997,89.31843595430956,250.69726858400867
2437,36.79533013738011,119.53125,96.49708677064706,85.21958934296529
2438,32.44286613851178,119.53125,96.61584517522047,64.00092253773931
2439,41.411188638099254,123.74999999999999,96.95994660481283,92.49633735096066
2440,31.738394244764443,101.953125,92.39252407556941,242.7816137891408
2441,32.44286613851178,119.53125,94.20686330992687,184.77776123278676
2442,26.944358180475724,106.171875,95.16546277896917,9876.61324027068
2443,25.282603043311994,119.17968749999996,88.00399918540288,233.08778791327225
2444,34.95386525718846,114.9609375,93.35462282646348,22.589317727405305
2445,37.54432510382694,113.203125,86.93375722530178,891.4136281010001
2446,38.68218745348943,105.11718749999999,92.183736822928,199.23598770660513
2447,40.62018519067267,117.42187499999999,88.2925940516502,868.5685593147977
2448,45.38920300540005,122.14285714285714,88.63142143898695,186.88794260145417
2449,36.42357364233115,95.2734375,90.62943814155507,259.88405591201166
2450,38.3009224658677,101.953125,91.4767849816559,904.3427458468068
2451,22.346587898361136,107.57812499999999,93.59325992111174,4867.937017597862
2452,31.738394244764443,113.90625,87.46069900742395,182.257894037015
2453,36.42357364233115,101.6015625,92.24016730977681,200.74321410513454
2454,31.38816646434855,119.88281249999999,88.62826708722629,233.18837530973695
2455,41.81031489577859,118.47656249999999,93.04929976495607,4860.313111122766
2456,34.95386525718846,119.17968749999996,93.74614278576244,2902.2564399362236
2457,29.999999999999993,101.6015625,92.82499039668333,34.79630522192597
2458,33.8687046016565,108.98437499999999,94.79245809261405,51.31127656526752
2459,35.68533471265204,112.85156249999999,90.3257872192781,241.02146738852218
2460,19.47122063449069,110.0390625,95.02335238924483,41.371022286047996
2461,24.296477994805656,108.98437499999999,91.48105281814415,203.43188434927754
2462,30.345182969588258,117.42187499999999,92.0604640392885,57.773892223148955
2463,31.38816646434855,91.7578125,93.86788392966295,863.3082369494753
2464,30.345182969588258,116.71875000000001,86.69505706468884,9879.905969991309
2465,40.228184728061095,107.2265625,93.9367761075241,19943.456083618785
2466,35.68533471265204,106.52343749999999,93.5439831811873,210.86821721376273
2467,46.57184741344958,126.85344827586206,90.07315216262529,852.1452788443451
2468,34.228866327812575,117.0703125,87.56867473880321,2851.1398485512937
2469,32.0899512562803,79.8046875,87.61751580643195,45.629332613311455
2470,39.45089470914606,87.5390625,96.74718510912531,879.4444404706795
2471,22.346587898361136,100.546875,94.34934035140482,219.29294442806153
2472,23.64331425576559,108.98437499999999,87.96110386308008,80.45837731679708
2473,28.291548862929403,120.23437499999997,90.53283990381595,217.76606677961146
2474,32.44286613851178,108.98437499999999,93.26359253907289,29.330269331377988
2475,24.296477994805656,98.4375,95.83712148232244,881.2058840011229
2476,42.2103698396502,118.7007874015748,87.07397202000857,180.15576297425272
2477,26.276811557199977,107.57812499999999,89.2003379015099,194.86357170854828
2478,42.60980697763761,128.92857142857142,96.39260928913528,47.05071685929239
2479,26.276811557199977,117.42187499999999,86.32139849880056,2860.6467285357985
2480,38.3009224658677,109.6875,88.82712728417398,240.5037622282714
2481,24.296477994805656,107.57812499999999,97.14640399521952,260.23584605291114
2482,22.993394314297802,113.203125,93.488303888778,259.55535114946167
2483,41.411188638099254,81.56249999999999,89.50627671346145,219.70649038276062
2484,34.228866327812575,99.4921875,87.39004442901862,75.11084752027956
2485,22.02431283704216,107.9296875,86.84230922036329,896.1969452455327
2486,33.8687046016565,99.140625,89.29007540051288,49.397275331018804
2487,24.62431835216408,116.36718749999997,96.30708413577266,40.29278450557209
2488,31.039240010397883,108.98437499999999,91.26303401249105,885.6489997629059
2489,36.05358859962301,111.09375,94.63776996346552,81.5151631717824
2490,37.921650784291785,105.8203125,96.69487262382906,193.70202623965454
2491,40.228184728061095,109.3359375,91.16290100084917,235.9364966769356
2492,26.944358180475724,104.76562499999999,88.71991451574287,229.44890445078883
2493,36.05358859962301,120.23437499999997,92.36385081172591,885.1769151484199
2494,33.152887928619876,106.875,96.58681653012484,859.5070616831708
2495,33.8687046016565,109.6875,95.47990255333379,865.827309961381
2496,31.38816646434855,117.7734375,87.37901254420802,886.8275567190062
2497,24.62431835216408,118.47656249999999,94.38784871951752,190.15186672211112
2498,22.02431283704216,107.9296875,93.02230803922413,197.60332415038295
2499,35.68533471265204,119.17968749999996,96.5802438730906,226.60237109356143
2500,25.282603043311994,103.71093749999999,87.91720249233587,193.87487601402813
2501,26.944358180475724,111.09375,92.53043332070675,19877.209569703475
2502,31.38816646434855,107.2265625,96.28637604394055,916.9744043218898
2503,22.66960987175038,112.85156249999999,91.18751042298115,64.16336459305104
2504,40.228184728061095,107.2265625,92.04029335749222,10.0
2505,43.008633994236924,93.24,87.42300547009417,16.30060526388993
2506,24.62431835216408,102.3046875,89.71667886634661,177.97973505962418
2507,34.95386525718846,113.5546875,90.21691015792733,44.38406433698388
2508,24.953020787727496,118.828125,96.97914348316489,250.50582725923744
2509,23.96948231775967,106.52343749999999,89.77446083727281,2853.0970517512756
2510,44.993880150457116,84.375,91.84458059187536,893.6698166710759
2511,24.296477994805656,116.01562499999999,94.13917231720815,84.17475839561006
2512,34.59057497617661,108.98437499999999,88.38150122294286,216.89999912644168
2513,33.152887928619876,106.875,92.08126398477519,244.12660620477752
2514,29.999999999999993,101.6015625,94.79455533950556,915.814905497637
2515,23.31795706533424,110.7421875,96.15732977904537,924.5323032561505
2516,47.749650829136584,128.62831858407077,93.62641901791714,2911.6953385607485
2517,34.228866327812575,117.0703125,94.11285400539319,244.4653352201968
2518,28.971532223711293,94.21875,87.95332202181146,880.8644922418158
2519,28.291548862929403,120.23437499999997,96.98607138366816,43.405803427736636
2520,28.971532223711293,117.42187499999999,88.02288665494635,258.51644908121557
2521,41.81031489577859,118.47656249999999,95.11873259355,179.14014346051917
2522,37.54432510382694,111.09375,89.54644756904158,225.0276516436657
2523,36.42357364233115,114.25781249999999,96.85702122765043,862.7083464367896
2524,25.944479772370002,107.2265625,94.63455057938222,181.21962291367953
2525,38.3009224658677,112.49999999999999,94.92609926995169,19.99298523647468
2526,40.228184728061095,119.88281249999999,89.01418865563262,10.0
2527,22.66960987175038,112.85156249999999,91.61394473549726,10.0
2528,48.922795160247304,119.86363636363636,93.53569080794419,10.0
2529,18.52439107386577,108.98437499999999,95.06526672574157,42.83818266406398
2530,29.313198964168343,115.6640625,87.74124310342576,154.78618821186973
2531,25.282603043311994,110.0390625,97.18786141180708,86.37894536768177
2532,37.921650784291785,116.36718749999997,96.39760548421505,19887.64828583443
2533,48.922795160247304,119.86363636363636,89.6171118417327,193.50981497518973
2534,27.6158819838447,108.98437499999999,95.70347423269251,49.54043307371553
2535,24.953020787727496,98.4375,92.37496055789569,253.5707001827804
2536,27.6158819838447,111.796875,91.8543150364032,2853.054264267742
2537,41.81031489577859,118.47656249999999,90.11813424887272,875.9762534095071
2538,27.27961273597809,112.1484375,93.13990420656118,191.0216948779845
2539,26.61009781073391,99.4921875,94.72006309534743,257.59561543587205
2540,29.65601354117841,120.23437499999997,91.19879091029497,887.0692327872795
2541,26.944358180475724,114.60937499999999,93.65821460721548,891.063339396496
2542,24.953020787727496,116.71875000000001,94.45674400892587,872.5026737840136
2543,30.345182969588258,111.09375,94.55844101576537,2867.6156912417714
2544,43.80448796297494,87.4390243902439,87.19834500045803,2866.8170184285373
2545,33.8687046016565,108.28125,96.08458055911379,846.0928287781317
2546,44.59799149300626,124.58677685950413,91.81074706704985,224.56118857004788
2547,35.68533471265204,119.17968749999996,89.51578904026175,864.9753797464209
2548,35.68533471265204,118.47656249999999,89.25469115262281,918.2285659299208
2549,44.993880150457116,115.12500000000001,92.04968230639432,10.0
2550,36.42357364233115,101.6015625,96.36180126855162,19916.854138297975
2551,43.008633994236924,122.03999999999999,90.79446689898258,71.3264294963376
2552,25.944479772370002,117.7734375,94.89089412198493,234.68830648979048
2553,22.66960987175038,100.89843749999999,87.67340697663664,2868.9970758837653
2554,44.59799149300626,114.91735537190084,91.98558979576892,87.87874217843333
2555,22.66960987175038,112.1484375,97.55167898230565,236.32956007164984
2556,32.79716829582364,107.9296875,95.06926423605499,51.56747677161777
2557,37.54432510382694,111.09375,88.92382879067588,215.84123838777623
2558,44.59799149300626,124.58677685950413,92.21943738820049,69.06495616357378
2559,33.51005606625301,112.85156249999999,89.16847226326188,207.9565438316736
2560,26.276811557199977,117.42187499999999,91.18176718699392,210.42271413900949
2561,28.630989836924343,119.17968749999996,95.18453140603651,19923.446162902495
2562,45.78396716177502,85.04237288135593,95.07680343135065,19932.66908300965
2563,44.59799149300626,115.6611570247934,89.10995612156016,44.57846366696121
2564,35.68533471265204,114.25781249999999,96.73658823231584,890.4194737612379
2565,37.54432510382694,99.84374999999999,93.264507642056,19.82034900946561
2566,39.45089470914606,109.3359375,90.81403096514289,11.355622201869359
2567,38.3009224658677,115.31249999999997,92.22398916254039,40.86621349099417
2568,25.944479772370002,107.2265625,93.39881624575094,9907.720778952054
2569,23.31795706533424,112.85156249999999,92.86631978510432,9864.890909473432
2570,35.68533471265204,116.36718749999997,92.08091989725605,75.65984894357305
2571,23.64331425576559,104.0625,92.25159994695845,62.99210040645619
2572,37.16889965599944,116.36718749999997,88.55383092645212,177.09511389165877
2573,34.228866327812575,117.0703125,95.58154179376426,246.04528981856464
2574,39.45089470914606,76.2890625,92.63078198941842,259.62353338731765
2575,29.999999999999993,120.58593750000001,88.00478938016337,86.52500863916252
2576,22.02431283704216,107.2265625,95.03239927379703,899.6609132526044
2577,30.69158768492234,118.47656249999999,96.84484888414988,194.39912446855237
2578,36.42357364233115,114.25781249999999,97.00228191346423,2925.7583294589376
2579,29.65601354117841,101.953125,90.67870060598143,869.5434637935147
2580,42.60980697763761,125.35714285714286,88.058528487902,226.18955202385234
2581,23.96948231775967,98.78906249999999,92.37565794857282,909.6968030349608
2582,33.51005606625301,114.25781249999999,87.82341671107565,918.1389144888163
2583,34.59057497617661,108.98437499999999,96.86119751833527,189.61755813403187
2584,31.039240010397883,97.03124999999999,88.63837743980544,201.96109548224345
2585,29.999999999999993,101.6015625,89.39252570368632,9856.352815497947
2586,44.59799149300626,114.91735537190084,91.1454807496563,64.19727700993016
2587,28.971532223711293,88.59375,90.85423561777644,16.052064558357536
2588,39.065494664452594,75.9375,95.36181044897768,230.62827895811844
2589,28.291548862929403,92.10937499999999,91.78569624828039,913.1028451796035
2590,25.613083216401805,116.01562499999999,88.48547755079224,904.1967114592019
2591,25.944479772370002,107.2265625,89.57702094749358,2922.811939971042
2592,31.738394244764443,101.953125,92.29011196677146,250.4713660685825
2593,32.79716829582364,105.11718749999999,88.2031046367098,38.7968231705124
2594,41.81031489577859,118.47656249999999,93.46954643484331,849.0329451316599
2595,26.61009781073391,106.52343749999999,92.94240779837055,906.2248918184381
2596,38.3009224658677,105.46875,94.58927591116365,36.151166515329
2597,33.8687046016565,117.42187499999999,96.90057131093083,67.30628291375695
2598,37.921650784291785,101.6015625,96.63099582310586,10.0
2599,41.81031489577859,118.47656249999999,96.98923977147427,850.5293515771328
2600,29.999999999999993,103.0078125,89.28969881587335,2885.656322808348
2601,45.78396716177502,126.22881355932203,88.01066887259898,873.7462191521445
2602,27.27961273597809,105.11718749999999,89.99891324191314,9936.517016427248
2603,37.16889965599944,110.7421875,96.44913191879256,24.25357133034307
2604,51.64299443168207,124.51456310679612,97.30807366010764,2904.0852366456106
2605,33.152887928619876,106.875,96.0802523502641,916.9793367557377
2606,46.1781796469964,127.3076923076923,87.79879738296972,195.57457405473298
2607,38.3009224658677,109.6875,97.00356463270258,9921.707821022543
2608,28.630989836924343,118.47656249999999,91.35933568943557,188.9797696854978
2609,44.993880150457116,85.125,86.32750976767213,2888.5683113848613
2610,24.953020787727496,102.65624999999999,91.60558491806586,2878.8748543732804
2611,50.091456801832585,127.42990654205607,87.11003631816558,899.9728889280032
2612,39.065494664452594,87.890625,92.65829270612403,258.06052358888184
2613,27.6158819838447,112.49999999999999,90.35466509320163,46.62713671852515
2614,37.16889965599944,105.11718749999999,91.96143774603158,250.16325238846719
2615,43.406858485936986,121.57258064516128,93.48581725708782,206.24377198703775
2616,36.42357364233115,114.25781249999999,96.17724723252648,910.3917140614338
2617,38.3009224658677,101.953125,94.02923133582065,900.1150618327889
2618,24.953020787727496,110.39062499999999,91.49763422997718,2912.7083933326517
2619,37.16889965599944,100.1953125,95.66295237805099,10.0
2620,26.276811557199977,106.875,96.56031928120625,915.4824885118082
2621,23.96948231775967,106.52343749999999,87.89134871336393,9860.713537539901
2622,34.95386525718846,102.3046875,92.5031105327509,909.5124347735821
2623,23.64331425576559,111.09375,89.79802210438166,50.62974352313711
2624,36.05358859962301,113.203125,87.12489230699563,31.419137253774657
2625,22.346587898361136,100.546875,94.10692810763548,10.0
2626,43.80448796297494,124.75609756097559,96.11552276178531,861.1089325593963
2627,28.971532223711293,88.59375,88.39021284641429,861.3885289939901
2628,33.8687046016565,113.90625,95.57765975412599,19888.306039238367
2629,35.68533471265204,100.1953125,96.01956271625083,216.58507796448984
2630,29.999999999999993,112.1484375,96.65309017836229,200.00343178587218
2631,28.630989836924343,115.6640625,89.55243518507314,859.8064673969865
2632,50.091456801832585,127.42990654205607,96.54306360160673,920.4584827177364
2633,41.01449966573052,112.85156249999999,90.17921519316975,9857.777101160984
2634,28.291548862929403,92.10937499999999,92.76820159746988,913.6799498888132
2635,29.313198964168343,93.8671875,87.17650151775533,223.76330949428868
2636,22.346587898361136,107.57812499999999,87.07726899219297,862.9687391612464
2637,26.944358180475724,104.76562499999999,94.63811309219435,2851.1757318448185
2638,22.66960987175038,107.2265625,91.63257283797213,239.7930819240408
2639,28.630989836924343,109.3359375,89.4375702703707,84.59795837163718
2640,37.54432510382694,102.65624999999999,88.71076406264893,66.15402354111274
2641,43.008633994236924,81.72,94.12337679634896,10.0
2642,26.61009781073391,117.7734375,80.81101641767837,888.0888299514897
2643,29.65601354117841,90.703125,95.49834629485309,43.12964932908751
2644,45.78396716177502,85.04237288135593,87.50650029049238,177.92348635031797
2645,36.42357364233115,114.25781249999999,88.72216267381603,191.47154204773364
2646,22.66960987175038,112.85156249999999,90.89235258630497,257.2856540256714
2647,33.51005606625301,110.0390625,92.06667523273173,216.56354216955557
2648,34.95386525718846,102.3046875,90.51589383083308,874.9553406101691
2649,34.59057497617661,116.01562499999999,90.17969973237459,21.349323735937972
2650,40.228184728061095,114.9609375,97.2071026962182,48.173102973491005
2651,36.05358859962301,101.953125,93.7916214839178,241.9497037157259
2652,36.05358859962301,103.359375,86.77105064576874,201.27168475491212
2653,45.78396716177502,121.65254237288136,91.44753295975183,190.95432058999933
2654,26.944358180475724,118.125,96.24078634342041,25.82230890656178
2655,35.31877290301153,104.76562499999999,89.99086691023322,2895.8353915356934
2656,25.613083216401805,114.60937499999999,87.65191430761475,880.124019533336
2657,24.62431835216408,98.78906249999999,94.96546476054407,47.26155819452666
2658,40.228184728061095,121.9921875,93.4089414706094,25.043867211580526
2659,29.65601354117841,119.53125,93.00171639613589,9924.049140189238
2660,34.228866327812575,112.1484375,87.22246225606263,876.9144982150622
2661,24.296477994805656,108.98437499999999,88.11886989887283,221.45222235313366
2662,39.838439976999084,98.4375,93.58656732008707,883.112383971843
2663,29.313198964168343,117.0703125,88.89518026515462,899.5731833315475
2664,30.345182969588258,104.0625,92.24365242575674,906.6971800810009
2665,37.54432510382694,99.84374999999999,92.6713330702247,236.60085642342014
2666,41.81031489577859,118.47656249999999,89.7851880741574,224.56780474586685
2667,29.65601354117841,106.171875,97.01488961925348,10.0
2668,27.6158819838447,108.98437499999999,95.90766997156344,4854.66562763838
2669,37.16889965599944,100.1953125,94.6553394278822,853.440189818184
2670,29.65601354117841,90.703125,87.49457076314745,79.28323671685239
2671,35.68533471265204,106.52343749999999,87.76186421569375,2922.894406025715
2672,28.291548862929403,92.10937499999999,92.13965924089085,2917.6019353806964
2673,40.228184728061095,75.58593749999999,88.36369695768647,19901.05702817856
2674,23.96948231775967,100.1953125,97.38515303265538,2871.293316647631
2675,37.921650784291785,110.0390625,88.33713492542643,19949.35641684691
2676,36.05358859962301,101.24999999999999,92.09071053901513,178.13586586729443
2677,45.38920300540005,126.68067226890754,90.61794185605577,925.475313922977
2678,43.008633994236924,122.03999999999999,93.76743147815276,919.6805656989853
2679,33.152887928619876,113.90625,87.9800399914843,90.19584305377226
2680,38.68218745348943,115.6640625,91.44935074519078,38.157800701191775
2681,24.953020787727496,99.84374999999999,89.6727571552921,9931.96029838641
2682,48.922795160247304,119.86363636363636,96.37145146510733,191.0072692165619
2683,36.05358859962301,114.60937499999999,87.02791951558456,2867.7078723207214
2684,36.79533013738011,114.60937499999999,96.6465976211272,10.0
2685,47.35757623319898,85.6578947368421,95.8107383096812,10.0
2686,42.60980697763761,128.92857142857142,89.95276423698049,233.5907482077843
2687,35.31877290301153,101.953125,95.29648403829295,93.24906613693618
2688,33.8687046016565,113.203125,86.88756807982259,879.5279107731596
2689,35.68533471265204,115.6640625,97.24370104801177,258.58548793737316
2690,32.79716829582364,119.88281249999999,92.4511541925378,29.929385524657093
2691,30.69158768492234,96.6796875,90.00876211200911,63.36753641825209
2692,48.922795160247304,119.86363636363636,90.5988600335645,214.0794357606226
2693,34.228866327812575,106.52343749999999,87.38447989013278,72.39084669775322
2694,22.346587898361136,100.546875,97.5226857410562,910.3933161301361
2695,33.152887928619876,120.23437499999997,87.0085448770064,221.10476974583156
2696,29.313198964168343,115.6640625,93.94745003541615,36.191911074132946
2697,37.16889965599944,100.1953125,91.61001150680255,238.22189177535716
2698,26.61009781073391,106.52343749999999,97.02098280475371,35.17328867433963
2699,26.61009781073391,104.4140625,89.30610131831287,50.13601922828677
2700,32.79716829582364,105.11718749999999,92.50510922083238,176.86313681010924
2701,22.02431283704216,100.89843749999999,92.0436216125942,2854.8332367252997
2702,42.60980697763761,128.92857142857142,94.48734658569693,2928.569346167579
2703,47.749650829136584,86.41592920353982,87.39972623580606,920.6541575939489
2704,26.61009781073391,101.6015625,88.74651990709239,200.5477215969284
2705,25.944479772370002,114.9609375,88.96658296566822,185.09583477961402
2706,42.60980697763761,93.21428571428571,94.79121147183412,254.47156332703506
2707,38.68218745348943,114.9609375,88.69726095783207,889.1787146043689
2708,47.749650829136584,88.00884955752213,93.04301955184528,19924.580599362325
2709,37.921650784291785,114.25781249999999,88.97377516511294,51.170241194020264
2710,26.61009781073391,104.4140625,96.1037944277087,18.856789598767442
2711,33.152887928619876,118.828125,96.94803385760407,880.8889547536777
2712,36.42357364233115,101.6015625,92.3765178845119,922.4533810475325
2713,36.05358859962301,104.0625,90.48955143057992,926.7111216039488
2714,51.64299443168207,124.51456310679612,89.17305886452165,876.0978000674614
2715,37.54432510382694,111.09375,87.16562237144949,9887.769104629404
2716,29.65601354117841,101.24999999999999,89.59350056666467,244.90647515064
2717,22.346587898361136,113.203125,93.93960048412491,2916.336343002833
2718,24.953020787727496,118.828125,92.5249875388172,9911.767663546038
2719,47.35757623319898,123.55263157894736,96.96769136396476,926.9549181293835
2720,23.96948231775967,115.6640625,91.01694130575613,194.45062021151534
2721,26.61009781073391,119.17968749999996,94.40293813660395,76.55835245856927
2722,26.61009781073391,117.7734375,92.10779821329965,254.21191427285842
2723,34.59057497617661,117.42187499999999,92.3220119832549,230.36738975184426
2724,35.68533471265204,107.2265625,89.58423033454757,2875.4871479545845
2725,37.54432510382694,113.90625,91.76802487434317,38.78386283116923
2726,44.993880150457116,115.12500000000001,91.93702620903983,181.4086945271347
2727,39.45089470914606,87.5390625,94.51986578174353,898.2066415184862
2728,39.065494664452594,87.890625,96.93166387808242,36.802521598499034
2729,33.8687046016565,99.140625,90.26412457751833,197.20997471756075
2730,27.27961273597809,105.11718749999999,87.05210108995735,213.85532580004173
2731,34.228866327812575,113.5546875,92.17202860480745,859.2544259666842
2732,45.38920300540005,122.89915966386555,92.66587206255,61.60195230914965
2733,22.66960987175038,112.85156249999999,88.45728537960052,2856.0531515303096
2734,22.993394314297802,113.203125,94.9833760847534,228.99533692174714
2735,26.61009781073391,119.88281249999999,97.46783662666572,2919.9695297018943
2736,19.788049410669572,109.6875,96.98605252679299,234.09183255455463
2737,32.0899512562803,105.8203125,88.7816537145938,185.74614915115984
2738,22.346587898361136,100.546875,96.24441530664143,55.19892795218113
2739,44.59799149300626,124.58677685950413,94.50135980036892,10.0
2740,36.42357364233115,118.47656249999999,91.75374058657012,250.20982320412037
2741,39.45089470914606,75.58593749999999,92.61585057970257,41.58208572801977
2742,40.62018519067267,120.23437499999997,95.9807125546157,215.00169684102136
2743,41.81031489577859,118.47656249999999,92.02315901383385,849.2086412347206
2744,30.345182969588258,116.71875000000001,90.73068630210233,185.90802160045777
2745,26.61009781073391,117.7734375,92.14395344504095,68.31438226141967
2746,31.38816646434855,118.47656249999999,93.11626588534092,905.1172724967105
2747,41.81031489577859,126.21093749999999,88.6966143747411,9875.20194244151
2748,25.944479772370002,119.17968749999996,96.51080639545478,38.94439061910556
2749,29.999999999999993,117.0703125,94.17287568954129,60.6035023513584
2750,35.68533471265204,100.1953125,93.70171694629944,9898.200560188732
2751,29.313198964168343,112.85156249999999,87.69884318097412,14.337321695211262
2752,38.68218745348943,105.11718749999999,93.38917724078252,9928.849785285875
2753,36.42357364233115,101.6015625,87.90275532352373,10.0
2754,23.31795706533424,103.0078125,87.50125694661435,2870.8538472621613
2755,37.921650784291785,114.25781249999999,92.45774963884057,193.84052977156645
2756,34.228866327812575,108.63281249999999,91.09769700178298,9860.934113438916
2757,23.96948231775967,100.1953125,93.22413995891058,196.25245484288826
2758,28.630989836924343,119.17968749999996,87.60123962880182,868.8149823989793
2759,44.993880150457116,82.125,91.45797444649631,30.92958352342957
2760,41.81031489577859,126.21093749999999,88.5341472851633,177.54508204503603
2761,48.922795160247304,119.86363636363636,97.49477446971544,904.8030515455637
2762,29.999999999999993,105.8203125,92.88268486626562,249.3394260223124
2763,34.59057497617661,105.46875,94.3277977388421,4867.574246224043
2764,41.81031489577859,118.47656249999999,90.22585002825484,224.28415605843696
2765,22.66960987175038,112.85156249999999,87.65364872266183,2866.4849671064403
2766,32.79716829582364,119.17968749999996,97.35544043564457,229.34965077022713
2767,39.065494664452594,75.9375,89.82033769239783,9931.660697670188
2768,33.51005606625301,112.85156249999999,91.36515900765376,9897.890451435816
2769,28.971532223711293,88.59375,93.88848337236361,199.30905100603965
2770,44.59799149300626,124.58677685950413,86.78998463911316,2884.737837593376
2771,38.3009224658677,109.6875,95.55146070450957,927.0917631497662
2772,25.944479772370002,112.85156249999999,92.56345859226595,82.23911554504954
2773,34.59057497617661,118.828125,89.71761828535725,859.7659109527825
2774,32.0899512562803,117.7734375,87.33890489253652,28.042906346659283
2775,34.95386525718846,102.3046875,88.3853168839881,923.8054807016315
2776,46.1781796469964,121.92307692307692,96.44858838466313,68.04794965469402
2777,41.01449966573052,112.85156249999999,94.31128075232238,27.30943520829265
2778,34.59057497617661,101.953125,89.35594175210903,217.13061858147006
2779,40.228184728061095,115.6640625,87.37683629923585,845.4855298063676
2780,45.78396716177502,85.04237288135593,94.36496117113109,2849.6096149135715
2781,24.953020787727496,113.203125,93.02893632412493,9922.953248833604
2782,22.02431283704216,107.9296875,91.11921263791233,226.97713409265367
2783,26.276811557199977,117.42187499999999,90.61161856111542,23.237680876347902
2784,24.62431835216408,102.3046875,88.99040995431709,897.3976719632107
2785,39.065494664452594,75.9375,94.11937528735677,258.487440182609
2786,22.66960987175038,114.25781249999999,97.29088280965034,229.08286459739395
2787,40.62018519067267,121.640625,88.54539323578749,194.32784796354707
2788,22.66960987175038,107.9296875,93.3133671800138,242.74874506934097
2789,19.15501007356373,108.98437499999999,91.37003426952653,201.7016185276172
2790,28.630989836924343,121.28906249999999,91.6611455232968,899.7782113240992
2791,22.02431283704216,107.9296875,89.41017073451413,253.1522916061636
2792,31.38816646434855,91.7578125,95.73029332924212,2874.4555443142735
2793,38.68218745348943,105.11718749999999,92.07033119597614,253.0645953320689
2794,34.95386525718846,110.7421875,92.65215984438439,93.07144517670633
2795,31.039240010397883,120.23437499999997,90.02327454963788,1893.5940207603514
2796,44.59799149300626,115.6611570247934,88.61919159548302,256.4931837413468
2797,30.345182969588258,116.71875000000001,87.56977772018486,80.73127782075896
2798,22.02431283704216,107.9296875,94.58425366359901,859.5299788164376
2799,40.62018519067267,113.203125,88.77241977141323,206.4745593659491
2800,26.276811557199977,111.796875,94.35864781374097,926.1253037522065
2801,23.64331425576559,106.171875,90.94372301191112,230.43884117108146
2802,22.993394314297802,113.203125,91.261237782466,890.5619447909045
2803,22.66960987175038,114.25781249999999,91.92221771571678,37.018352227850286
2804,32.79716829582364,106.52343749999999,90.66245553731925,216.07892340073954
2805,22.02431283704216,100.89843749999999,87.70951881587267,19867.682299507356
2806,26.944358180475724,103.359375,90.07104076739523,915.2886615245889
2807,41.01449966573052,112.85156249999999,94.05066081287801,62.31207258546677
2808,34.228866327812575,117.0703125,94.07463052040029,186.42904989661497
2809,28.291548862929403,117.42187499999999,89.81989410603104,199.4793137864497
2810,39.065494664452594,87.890625,91.83467007917591,867.6269386109226
2811,29.999999999999993,120.58593750000001,88.74289836662302,899.7730535997177
2812,29.313198964168343,93.8671875,88.92217207635964,897.5215874644232
2813,41.01449966573052,112.85156249999999,86.76527214546935,244.62298756027872
2814,31.738394244764443,120.23437499999997,96.46672978119656,916.0002191085395
2815,26.61009781073391,104.4140625,88.92571609718547,226.37179535730627
2816,33.51005606625301,109.3359375,89.10395555383751,48.15007752398938
2817,48.922795160247304,119.86363636363636,89.73529940532356,258.3040620746094
2818,48.922795160247304,119.86363636363636,87.96400571336463,9884.786892023112
2819,36.42357364233115,113.5546875,93.7661044239156,910.6258456069169
2820,23.31795706533424,110.7421875,87.46748708744514,846.0217071230743
2821,39.45089470914606,87.5390625,88.04260848952515,866.553715136184
2822,29.999999999999993,114.9609375,93.82876847566381,4891.280240719484
2823,39.838439976999084,116.01562499999999,90.36551684434663,224.18170958263858
2824,37.16889965599944,116.36718749999997,94.53110693487343,199.87502805964368
2825,24.62431835216408,98.78906249999999,92.83428562692502,9928.170042766398
2826,27.95318688338113,120.58593750000001,89.43410617366725,2859.26911617418
2827,43.406858485936986,81.65322580645162,93.89975509356256,197.78140166055599
2828,35.31877290301153,118.828125,87.85822899504042,233.06657121606503
2829,46.96497733995481,124.04347826086956,92.56127853618169,220.8560317131541
2830,33.8687046016565,94.21875,91.53772648173563,58.05284966597401
2831,29.313198964168343,88.24218749999999,89.58549829828078,9894.385282443713
2832,42.60980697763761,88.92857142857143,93.38736247429277,218.15688765408638
2833,37.921650784291785,112.85156249999999,96.20316908245337,2872.7349834883103
2834,35.68533471265204,107.2265625,97.64124804551315,73.864440008896
2835,23.31795706533424,103.0078125,93.42772863631373,254.14942195729597
2836,19.47122063449069,110.0390625,91.12152489753535,10.0
2837,46.1781796469964,121.92307692307692,89.07930955652184,901.9514340818813
2838,26.944358180475724,104.76562499999999,89.44783619742414,846.6889484367122
2839,36.05358859962301,104.0625,92.01689512618123,860.1575829940721
2840,35.68533471265204,104.4140625,90.65711001562792,19.810688945039374
2841,27.27961273597809,113.5546875,96.64751945736481,82.37968710268447
2842,23.31795706533424,103.0078125,90.66973862697486,28.690346703216107
2843,22.66960987175038,107.2265625,90.73362979190861,189.22461184762778
2844,31.38816646434855,117.7734375,90.85882718259091,860.7151394978778
2845,36.42357364233115,113.5546875,95.8478536575484,258.74134838908776
2846,26.276811557199977,106.171875,93.89929173158959,856.1058210552047
2847,39.065494664452594,115.31249999999997,93.49654308150603,254.49552701061702
2848,31.738394244764443,118.828125,90.31140878558327,185.2418410024164
2849,36.42357364233115,114.25781249999999,95.64442446770181,178.09106504122332
2850,29.65601354117841,118.125,86.99464647928829,53.32593388551465
2851,39.45089470914606,119.17968749999996,96.19767845347494,927.5317671766197
2852,40.62018519067267,114.60937499999999,92.32361198011533,857.4110713360269
2853,23.31795706533424,103.0078125,91.04142226906228,72.74703406394397
2854,43.406858485936986,121.57258064516128,92.18006300438266,69.09398885913649
2855,33.51005606625301,117.7734375,94.09370218331368,2870.136645567872
2856,39.838439976999084,114.60937499999999,86.47339327735065,895.4728353055534
2857,46.57184741344958,126.85344827586206,96.20540316635443,870.3503254172022
2858,46.57184741344958,124.52586206896551,91.66180272688341,218.79663642970257
2859,41.01449966573052,122.6953125,90.39793598507131,182.47060736322035
2860,24.62431835216408,118.47656249999999,88.09157718871013,9932.012916923533
2861,38.3009224658677,116.71875000000001,91.56770307200269,911.9058885083018
2862,22.66960987175038,107.2265625,92.17228328111825,192.4500635443542
2863,31.38816646434855,120.58593750000001,91.10838242120676,927.0777210324302
2864,34.95386525718846,110.0390625,94.22517707720183,900.3570690941182
2865,31.38816646434855,119.88281249999999,91.32749332467665,191.27202601624614
2866,33.152887928619876,118.125,97.17610171642673,223.73294104631057
2867,26.944358180475724,104.76562499999999,93.33657965116782,72.52805983242159
2868,38.3009224658677,116.71875000000001,95.51764137494656,43.11206890742229
2869,36.42357364233115,109.3359375,87.79251011179811,889.4527175412115
2870,23.96948231775967,107.9296875,91.02952356118791,183.85865046621242
2871,22.993394314297802,116.01562499999999,90.33793208994585,918.7855014429934
2872,23.96948231775967,106.52343749999999,92.99093193520712,19937.137683686662
2873,35.31877290301153,106.171875,96.09855958842063,29.58928641989457
2874,26.61009781073391,117.7734375,87.49784210099712,235.38683916471226
2875,34.228866327812575,117.0703125,87.44308961368282,913.3599011893847
2876,33.51005606625301,105.11718749999999,95.98805700193029,909.4070531603212
2877,40.228184728061095,111.44531249999999,88.94841992899346,900.6782039647721
2878,31.039240010397883,118.125,94.10934326294671,204.28784791241438
2879,40.62018519067267,109.6875,92.64530399692339,230.57761733362108
2880,36.79533013738011,79.45312499999999,95.8097091758632,850.926026670826
2881,24.62431835216408,102.3046875,87.94197367570389,9922.428024362216
2882,40.228184728061095,112.85156249999999,87.98908195472289,198.9105526374431
2883,44.59799149300626,114.91735537190084,92.82640781260376,2926.9054846349463
2884,44.59799149300626,82.1900826446281,96.99244962262479,184.3212386854677
2885,22.993394314297802,112.49999999999999,91.25118582688536,19900.44095239071
2886,33.51005606625301,119.88281249999999,90.2407932911553,873.625740657344
2887,35.68533471265204,119.88281249999999,93.41619763116024,232.9990989934142
2888,25.944479772370002,119.17968749999996,96.8237131747065,856.4798337832437
2889,24.953020787727496,101.24999999999999,95.85100238593215,185.1170775171598
2890,36.79533013738011,94.92187499999999,97.59879861428554,185.52892753518887
2891,28.971532223711293,118.828125,86.75810635324838,44.09472246574393
2892,26.61009781073391,104.4140625,87.8257814070293,44.2894206794609
2893,29.65601354117841,109.6875,93.44604377290214,203.95610064961238
2894,41.411188638099254,120.23437499999997,95.67691917971896,901.5399179257779
2895,24.296477994805656,107.57812499999999,89.80737690688393,854.8460583097377
2896,32.44286613851178,116.01562499999999,89.227644479751,39.78646314896059
2897,38.3009224658677,116.71875000000001,95.26833539789475,2407.6668519101668
2898,35.31877290301153,114.60937499999999,87.26447257383259,852.8552511225566
2899,46.57184741344958,126.85344827586206,90.6832285330063,9899.666808809965
2900,42.2103698396502,118.7007874015748,92.25967362043998,873.6021594021422
2901,26.944358180475724,114.60937499999999,92.87227172191542,68.29497006330175
2902,51.64299443168207,124.51456310679612,94.7090918739058,235.57443499900234
2903,35.31877290301153,104.76562499999999,90.51442882165507,867.0637931283026
2904,32.79716829582364,107.9296875,93.48059644843669,10.598704953561276
2905,45.78396716177502,126.22881355932203,93.1872426585911,10.0
2906,22.346587898361136,110.39062499999999,92.70685708927614,50.31891244689121
2907,39.45089470914606,76.2890625,93.77921412808868,179.88543139417396
2908,37.54432510382694,114.60937499999999,89.47789236669226,224.48415686000925
2909,37.54432510382694,114.60937499999999,87.55779219131203,238.99850578060563
2910,39.45089470914606,98.0859375,87.88670991663562,53.70606878940283
2911,51.64299443168207,124.51456310679612,89.07269233913719,874.5687242501941
2912,27.95318688338113,120.58593750000001,92.20798176379934,851.2786641383816
2913,22.346587898361136,107.57812499999999,95.8869799947276,190.6160371141827
2914,39.838439976999084,119.53125,94.47379919203227,10.0
2915,29.313198964168343,91.05468749999999,95.29344342451624,29.99305435008042
2916,27.6158819838447,113.90625,90.47647687812642,214.9934261565952
2917,24.62431835216408,98.78906249999999,91.12087802672276,59.96885858275941
2918,35.31877290301153,107.57812499999999,90.9847374503957,211.26396748109568
2919,37.54432510382694,113.90625,88.7262255702237,860.9393158901815
2920,37.16889965599944,118.47656249999999,87.335187284622,253.99062209667767
2921,28.291548862929403,92.10937499999999,93.24676081021747,90.28834074140543
2922,25.613083216401805,99.84374999999999,97.52103755701857,202.9910279677322
2923,40.62018519067267,107.57812499999999,88.4377755294323,856.6730104991283
2924,36.05358859962301,103.359375,87.11925590772407,2856.336991491668
2925,23.64331425576559,99.84374999999999,95.17781492839838,898.6330771879035
2926,25.944479772370002,112.85156249999999,89.39022841826625,255.53569076597836
2927,21.702769403954846,107.57812499999999,95.77644533685891,207.62189912670473
2928,27.27961273597809,113.5546875,94.49656323689415,208.31344677469286
2929,35.68533471265204,104.4140625,96.98498079483733,2877.3666313422063
2930,31.039240010397883,118.125,91.17390423932966,14.910456234876925
2931,29.65601354117841,121.640625,94.03002948757168,19894.30921759349
2932,44.20152985105137,85.94262295081967,91.88239633859654,871.8505683931176
2933,32.0899512562803,105.8203125,93.67292589015811,876.9039913739216
2934,28.630989836924343,119.88281249999999,91.69879216227442,14.421215252089283
2935,41.01449966573052,117.7734375,88.6918964710582,854.1098869374829
2936,26.61009781073391,117.7734375,92.27891031125695,238.33099326261848
2937,31.039240010397883,91.40625,92.46947948616466,41.040984026374026
2938,22.66960987175038,108.63281249999999,95.5556524722629,186.46865348678995
2939,46.1781796469964,121.92307692307692,94.76856175765211,2889.7122606125654
2940,38.68218745348943,114.9609375,94.05133035238731,254.6803417067743
2941,30.69158768492234,113.5546875,87.83080644000749,220.43945182693915
2942,37.54432510382694,102.65624999999999,94.64020645455071,28.04284360817534
2943,28.291548862929403,92.10937499999999,92.20896949509769,886.8478149069269
2944,26.944358180475724,104.76562499999999,96.43869172559789,883.4499712542704
2945,43.406858485936986,125.20161290322581,96.7116709938701,856.6767513678614
2946,33.152887928619876,106.875,87.24612380395872,244.72041367970934
2947,33.152887928619876,104.76562499999999,95.67771105132982,225.54601346519783
2948,36.05358859962301,101.953125,86.98466583083307,850.414342670684
2949,23.31795706533424,114.25781249999999,90.65576899611573,91.160035493781
2950,25.282603043311994,103.71093749999999,92.63779290081754,9865.578905400082
2951,28.630989836924343,88.24218749999999,88.21093937316803,849.064767354763
2952,28.291548862929403,92.10937499999999,94.86151089248924,194.81011865901203
2953,34.228866327812575,99.4921875,86.28716277830749,229.53127356719702
2954,23.31795706533424,103.0078125,88.45920502819993,914.4519154710792
2955,28.971532223711293,119.53125,93.13792297289655,62.969999504299096
2956,27.95318688338113,120.58593750000001,94.5865652788444,190.2077503096134
2957,24.62431835216408,113.5546875,96.67748072360061,876.4126835203465
2958,38.3009224658677,109.6875,94.50999766776194,195.88739021158062
2959,25.944479772370002,114.9609375,94.14472437082115,910.4775287362553
2960,40.62018519067267,120.23437499999997,90.99291766057756,50.7314717351613
2961,36.42357364233115,101.6015625,84.44587518783493,901.4888758421581
2962,36.79533013738011,94.92187499999999,87.89514199024647,26.34214253412274
2963,22.02431283704216,107.2265625,92.53716849983583,10.0
2964,24.62431835216408,104.4140625,94.18390079925287,2898.6726210059087
2965,28.630989836924343,104.4140625,91.28288624219665,846.8171716956006
2966,27.95318688338113,116.36718749999997,94.7268655804108,204.99786903484573
2967,31.738394244764443,118.125,92.40755647234647,90.84553021977631
2968,22.66960987175038,100.89843749999999,87.45830289040403,857.5335985226969
2969,33.8687046016565,117.42187499999999,88.72774097911875,244.40439418594883
2970,36.05358859962301,116.01562499999999,95.88242995096222,19914.612018269563
2971,41.01449966573052,112.85156249999999,94.67720709511899,19867.539371746323
2972,26.276811557199977,99.84374999999999,96.44570862718416,863.0020012279863
2973,27.6158819838447,106.875,87.87042289890695,227.82405468840597
2974,36.05358859962301,118.828125,97.53351832286037,239.92628308806394
2975,47.35757623319898,128.28947368421052,88.91194658004291,877.3083810112632
2976,24.953020787727496,102.65624999999999,86.43178115647542,39.389797898808474
2977,48.922795160247304,119.86363636363636,97.62286211670927,199.11233044451666
2978,28.630989836924343,115.6640625,89.7541072057939,29.06005193133983
2979,22.346587898361136,108.28125,94.10076342491112,28.309352724317055
2980,34.95386525718846,110.7421875,88.55710593599473,76.41052463652453
2981,39.45089470914606,110.0390625,93.13053996063512,238.45013262955342
2982,28.630989836924343,117.0703125,96.54393133904435,908.1479170733838
2983,25.613083216401805,99.84374999999999,90.17449253053653,238.51096575681214
2984,32.0899512562803,117.7734375,94.12689016159062,200.89857332643592
2985,22.346587898361136,107.57812499999999,88.68417828575507,31.840886036485376
2986,45.78396716177502,121.65254237288136,93.61069399011201,254.75733874932314
2987,33.51005606625301,115.6640625,90.33403550002936,184.80052653505103
2988,28.291548862929403,117.42187499999999,88.93102914345606,856.9452368883408
2989,24.62431835216408,115.6640625,90.10585603104168,9928.076413301444
2990,40.62018519067267,80.859375,88.58325180518892,43.21491632303009
2991,25.944479772370002,100.1953125,96.5214874679827,82.80661327310096
2992,31.738394244764443,101.953125,91.02822806669207,235.40173502111156
2993,35.68533471265204,107.2265625,89.29689911910874,9913.16217362335
2994,42.2103698396502,123.66141732283464,91.68338434280597,904.2394215127656
2995,24.62431835216408,118.47656249999999,90.17797381476005,2898.6790495866685
2996,41.01449966573052,80.50781249999999,94.8451951456975,200.45686952246064
2997,37.16889965599944,79.8046875,97.29773067756274,19917.087006984562
2998,37.921650784291785,114.25781249999999,91.54918212864601,39.88396102341177
2999,24.296477994805656,98.4375,96.09773950400607,20.30239815004653
3000,29.313198964168343,106.52343749999999,92.94391178001909,2850.386424646311
3001,26.276811557199977,118.125,88.3215767997019,4861.136226381672
3002,39.065494664452594,111.796875,94.36504804140765,35.07399688742781
3003,29.999999999999993,101.6015625,92.3299185737182,44.04479956297379
3004,31.38816646434855,104.4140625,93.89716609817347,12.52680380339467
3005,25.282603043311994,117.0703125,96.39195703728826,40.541686948173385
3006,23.64331425576559,104.0625,91.58024076027807,81.74404572155863
3007,48.922795160247304,119.86363636363636,96.51366519186283,9915.706703234275
3008,29.313198964168343,112.85156249999999,94.8990174454814,872.9011544300885
3009,45.78396716177502,121.65254237288136,92.10118555373815,906.272347463505
3010,32.0899512562803,119.17968749999996,93.37895293108475,905.5446990752332
3011,37.921650784291785,111.44531249999999,90.22744702690859,250.94098052893037
3012,37.54432510382694,116.01562499999999,97.45131132684425,911.9810773649551
3013,36.42357364233115,109.3359375,94.09294957889198,851.1790175763119
3014,30.345182969588258,116.71875000000001,87.07675629735935,195.65093672964525
3015,36.79533013738011,94.92187499999999,90.23765331921877,257.46873981300445
3016,27.6158819838447,106.875,93.59478539125197,250.54856730721082
3017,35.68533471265204,116.36718749999997,87.26374512947726,919.8086159944783
3018,44.59799149300626,82.1900826446281,86.77780807085905,9935.972782374534
3019,26.61009781073391,119.17968749999996,91.70429434908718,219.84424708990497
3020,37.921650784291785,105.8203125,90.29716155403092,901.7012678976762
3021,34.95386525718846,102.3046875,91.55260958422039,38.6783487955672
3022,28.971532223711293,88.59375,89.51933010613874,905.7533099528835
3023,36.79533013738011,94.92187499999999,88.41219643643574,209.9094199062118
3024,45.38920300540005,85.08403361344538,94.34775061561129,14.96802552454891
3025,36.05358859962301,108.98437499999999,92.34038924702614,207.86087767208392
3026,22.993394314297802,113.203125,88.8139409765247,855.651475826974
3027,29.999999999999993,121.28906249999999,90.16868964940086,46.33157400129445
3028,29.313198964168343,106.52343749999999,93.2563407293049,2927.9144713613086
3029,29.999999999999993,110.7421875,87.4398078408466,30.002675457533662
3030,40.62018519067267,123.74999999999999,88.20309363748166,4886.203385373659
3031,35.31877290301153,106.171875,87.44946227127826,884.7423055950829
3032,27.27961273597809,107.2265625,95.57648844322304,199.45333111489163
3033,43.406858485936986,121.57258064516128,94.91400403343687,214.75664199819784
3034,38.3009224658677,112.49999999999999,94.9217865941973,894.8935499937404
3035,38.3009224658677,109.6875,94.60325325497404,852.8864459888252
3036,34.95386525718846,102.3046875,94.1167347799812,874.041546415482
3037,22.02431283704216,107.9296875,91.99420509337627,214.35907214065708
3038,44.59799149300626,82.1900826446281,93.79978835346284,239.0920252603509
3039,33.152887928619876,120.23437499999997,86.99461193758441,19904.89459386386
3040,40.62018519067267,106.875,93.57491248047137,83.51253726327481
3041,22.346587898361136,108.28125,95.15770257674777,221.5525381155434
3042,43.008633994236924,124.2,92.20945961706988,189.95391561516686
3043,35.68533471265204,114.25781249999999,90.54058856097636,902.2200569706661
3044,27.6158819838447,108.98437499999999,89.70752175218816,901.8887698875612
3045,28.630989836924343,115.6640625,93.80591379742862,190.1099301761393
3046,35.31877290301153,108.98437499999999,94.39051922566782,31.46281364024191
3047,36.42357364233115,101.6015625,96.19942289682264,10.0
3048,35.68533471265204,107.2265625,90.391734019888,223.9580044829579
3049,38.68218745348943,112.85156249999999,95.06353305748127,219.66749881461556
3050,40.228184728061095,111.44531249999999,92.88535606170433,19896.596270244725
3051,33.8687046016565,99.140625,96.32090918665169,234.576258539586
3052,38.68218745348943,117.0703125,92.46236687055516,181.07732386564626
3053,37.921650784291785,110.0390625,92.36856647392223,2890.748868124419
3054,29.65601354117841,118.125,93.09999119864781,239.9079758587098
3055,22.346587898361136,107.57812499999999,94.88735987102467,852.1944188133712
3056,30.69158768492234,118.47656249999999,97.21671240616118,37.07039026303779
3057,44.59799149300626,124.58677685950413,87.45248089730784,212.79253952660326
3058,44.59799149300626,124.58677685950413,87.22033639429992,9870.73581017435
3059,22.66960987175038,107.9296875,96.89893714704591,849.2790728792486
3060,37.54432510382694,102.65624999999999,92.48137624133291,203.16135608085239
3061,43.80448796297494,126.95121951219512,93.5044295101776,860.1809766546346
3062,30.69158768492234,107.9296875,92.04424244518937,2912.480202443882
3063,30.345182969588258,118.828125,87.64337483202907,185.48298186984468
3064,29.65601354117841,101.953125,95.04903984484831,243.43024182199974
3065,38.68218745348943,115.6640625,94.86935488925782,9895.90095091142
3066,48.922795160247304,119.86363636363636,90.09135494458715,67.2036787169562
3067,22.346587898361136,100.546875,90.03777174509099,888.5187134164499
3068,39.065494664452594,111.796875,95.86035318089888,856.8086172205725
3069,29.313198964168343,115.6640625,87.44102298080067,876.4630626474881
3070,28.630989836924343,118.47656249999999,96.30318770295675,204.84561698578779
3071,30.345182969588258,104.0625,89.44228756516549,195.48377762097746
3072,37.16889965599944,100.1953125,93.2689824037932,877.8301162114566
3073,38.3009224658677,105.46875,96.88245379668736,84.14892530436555
3074,30.69158768492234,105.8203125,94.2188913827312,222.00346736745425
3075,24.62431835216408,118.47656249999999,91.24383878200322,73.40039555062555
3076,22.66960987175038,100.89843749999999,94.35232057658142,10.0
3077,43.008633994236924,81.72,90.40787106414722,9915.673202652852
3078,41.411188638099254,124.45312500000001,89.70537180221568,225.0241650794665
3079,22.993394314297802,113.203125,97.61368428078528,9914.442087466332
3080,27.6158819838447,106.875,94.90006135304607,54.60774555238976
3081,24.296477994805656,116.01562499999999,93.82833879261321,848.6343354731072
3082,40.228184728061095,107.2265625,90.51878209958258,78.42711934668127
3083,31.039240010397883,104.76562499999999,87.15633506111104,909.7456798652616
3084,28.630989836924343,104.4140625,86.88522167448801,907.8249363616765
3085,28.971532223711293,88.59375,92.79214798917766,43.72265057637886
3086,35.68533471265204,119.88281249999999,94.99688052917116,2914.3533360537967
3087,48.922795160247304,119.86363636363636,92.57386475150659,75.93547856274087
3088,31.38816646434855,121.28906249999999,95.89048389046836,856.3552982392592
3089,39.065494664452594,116.71875000000001,86.92070816442161,19881.116951155665
3090,34.59057497617661,109.6875,90.65058797661365,2880.7418638467298
3091,22.66960987175038,112.85156249999999,89.20496950255755,9892.201537154313
3092,35.68533471265204,111.44531249999999,91.66870343433455,202.6842204813372
3093,24.953020787727496,102.65624999999999,87.44120476760223,40.96115556290019
3094,40.62018519067267,111.796875,97.0856966295797,73.46803463098968
3095,29.313198964168343,106.52343749999999,89.05863650632534,242.27147186562985
3096,22.02431283704216,100.89843749999999,96.73748283259222,910.6970019817425
3097,43.406858485936986,121.57258064516128,91.39213053269141,58.46834616791754
3098,48.922795160247304,119.86363636363636,97.47521979170135,870.4505517318076
3099,34.95386525718846,102.3046875,92.79055170351396,197.91528943780492
3100,43.406858485936986,80.92741935483872,96.82778342361784,202.334044263071
3101,27.27961273597809,105.11718749999999,86.16025479146217,871.1096373261248
3102,23.31795706533424,103.0078125,94.87808874115763,233.8735848360464
3103,34.95386525718846,102.3046875,96.53350495092515,916.3658353570847
3104,38.68218745348943,100.1953125,88.10944174683159,60.7323910847998
3105,34.95386525718846,102.3046875,87.6668246237135,909.7077369758792
3106,27.95318688338113,106.52343749999999,91.3750477009203,24.72547589158558
3107,48.922795160247304,119.86363636363636,96.85792965201391,75.70935667690209
3108,31.039240010397883,113.90625,92.63891776018016,869.3707206293466
3109,30.345182969588258,111.09375,92.45909062963206,2849.619469024241
3110,29.999999999999993,119.88281249999999,88.1264651572456,180.13995751802028
3111,39.065494664452594,75.9375,82.63559759435284,198.8213813281196
3112,28.291548862929403,92.10937499999999,95.55001318088416,251.4541979691083
3113,43.80448796297494,126.21951219512195,87.58558738062732,82.5895928343796
3114,40.228184728061095,75.58593749999999,93.70795701785215,916.1014316690109
3115,24.296477994805656,107.57812499999999,96.65601378818833,904.7901780879184
3116,27.6158819838447,108.98437499999999,88.9039514775824,56.55891168678505
3117,48.922795160247304,119.86363636363636,94.06864914230353,233.0788900621663
3118,39.065494664452594,99.84374999999999,87.5012655109794,905.1492723496318
3119,39.838439976999084,98.4375,93.38467853131844,201.36313211052988
3120,38.3009224658677,105.46875,88.40267644038424,862.4238481404223
3121,39.065494664452594,87.890625,94.77228945837068,19.21854349772893
3122,44.993880150457116,85.125,89.98866152147532,855.0623951583464
3123,34.59057497617661,118.828125,91.86891189342619,59.4499143540467
3124,27.6158819838447,106.875,93.33822344473761,921.9582197150858
3125,30.345182969588258,97.03124999999999,88.49159571021545,205.90610824260256
3126,29.313198964168343,106.52343749999999,94.8212417094512,187.379220719041
3127,44.20152985105137,129.4672131147541,90.00247926135415,925.0651234937654
3128,22.66960987175038,107.9296875,94.03473003451339,19.191406377249436
3129,24.953020787727496,102.65624999999999,88.33426226679205,216.2254557445023
3130,25.944479772370002,107.2265625,94.33575784163851,209.55506358469862
3131,25.613083216401805,118.828125,87.97141572395745,188.19317653111065
3132,23.31795706533424,114.25781249999999,91.38518822353923,2914.0019929251926
3133,32.0899512562803,105.11718749999999,89.32150994702518,897.9441915246999
3134,40.228184728061095,107.2265625,94.87926377648833,24.602910691779016
3135,30.345182969588258,113.90625,89.51092149969203,887.0184266615664
3136,27.6158819838447,114.60937499999999,96.3094535630175,248.99175152801746
3137,27.6158819838447,108.98437499999999,96.41454835595809,2901.6684953920685
3138,32.79716829582364,106.52343749999999,88.77461273986685,195.24966903135123
3139,44.59799149300626,82.1900826446281,93.49307441667935,844.6534149054166
3140,36.05358859962301,104.0625,87.58694662859772,242.33675348861698
3141,23.31795706533424,103.0078125,90.95812459071199,239.53013436714477
3142,31.039240010397883,92.10937499999999,94.57738643774101,231.14226820571733
3143,32.44286613851178,113.90625,94.00025394331713,80.25545888247356
3144,38.68218745348943,117.0703125,93.60967640315499,899.3857064354751
3145,36.05358859962301,101.953125,89.77284507882199,229.94650660646
3146,23.96948231775967,107.9296875,90.7904636253717,9895.597620848006
3147,29.313198964168343,93.8671875,87.73161740691077,182.17798618871595
3148,26.276811557199977,106.171875,94.62648365143585,877.3882037608192
3149,34.59057497617661,113.203125,92.24198242518177,9864.636129663919
3150,29.999999999999993,103.71093749999999,94.5381497936813,871.5740886737544
3151,39.065494664452594,100.546875,89.34370259919453,2868.139648774786
3152,28.630989836924343,117.7734375,90.2162391952725,921.0229318721834
3153,35.31877290301153,117.42187499999999,90.31211793791813,207.07651861945016
3154,34.95386525718846,116.36718749999997,86.80563557835335,852.4803096682945
3155,29.65601354117841,102.65624999999999,90.37912086738376,60.86703132193352
3156,22.993394314297802,103.359375,95.46689329139863,251.05433796280937
3157,44.993880150457116,115.12500000000001,96.47257617617797,89.99225593162465
3158,25.613083216401805,118.828125,92.3739876896901,895.7761051688159
3159,37.921650784291785,114.25781249999999,91.77515164824425,249.18211817168617
3160,34.95386525718846,118.47656249999999,86.88174353507526,219.89057890260253
3161,47.35757623319898,88.02631578947368,96.28373159270625,184.18088175815387
3162,37.54432510382694,112.49999999999999,86.48372872457627,59952.01915662674
3163,33.51005606625301,114.25781249999999,96.97519923109029,27.66125184494112
3164,45.38920300540005,85.08403361344538,92.10681713356458,16.605919660124968
3165,33.8687046016565,109.6875,90.38781547080981,84.82211260566636
3166,23.31795706533424,111.44531249999999,96.75772117562911,9917.438954721734
3167,43.008633994236924,81.72,86.78539761492063,9931.6431107795
3168,26.944358180475724,111.09375,93.14480589222191,869.0023234049636
3169,35.68533471265204,119.88281249999999,92.72395934778295,2878.1476198029113
3170,29.65601354117841,113.90625,89.01695567159274,83.52779894769857
3171,38.68218745348943,105.11718749999999,91.43086500074726,9919.125624365106
3172,41.01449966573052,112.85156249999999,93.91654589579912,55.57438779881314
3173,41.01449966573052,112.85156249999999,94.69631216249226,39.21332157112719
3174,44.59799149300626,114.91735537190084,82.41473433897028,43.56728210472853
3175,40.62018519067267,109.6875,96.89155527163956,844.3416659928248
3176,29.313198964168343,91.05468749999999,88.40986648172453,907.0023333053633
3177,24.296477994805656,111.796875,89.16800271115153,208.7185805495089
3178,25.613083216401805,98.4375,89.52929486611389,9929.308403512241
3179,28.971532223711293,88.59375,86.98650399946986,225.7054033014146
3180,43.008633994236924,122.03999999999999,87.92262420636614,58.584165308362444
3181,37.921650784291785,112.85156249999999,97.48546632498457,233.6146765157194
3182,37.16889965599944,79.8046875,90.12580908745426,876.2707314705737
3183,39.065494664452594,111.796875,87.84898939047902,922.453380143248
3184,33.152887928619876,109.6875,87.77004601341697,231.80990025808518
3185,32.44286613851178,112.49999999999999,94.63024831885389,850.5155580384434
3186,36.42357364233115,112.1484375,96.0315684694728,183.81674431493414
3187,36.42357364233115,109.3359375,89.44599955349392,866.285662836622
3188,25.282603043311994,110.0390625,86.7332611540557,19883.016998965453
3189,26.276811557199977,106.875,89.05688471825226,18.76315200002884
3190,37.54432510382694,118.125,87.26647683150904,2885.425522291924
3191,23.31795706533424,103.0078125,87.73588093024345,257.76267898535724
3192,22.66960987175038,110.0390625,91.46476667322469,179.99429888683227
3193,37.16889965599944,121.28906249999999,89.12921291109366,9889.289253656289
3194,36.42357364233115,109.3359375,92.35305372358121,237.97403309069836
3195,33.51005606625301,117.0703125,89.40182316440195,199.94926857184728
3196,22.993394314297802,112.49999999999999,96.93057606563355,70.77811958865598
3197,24.296477994805656,107.57812499999999,96.56415190933699,178.0772036253247
3198,43.406858485936986,125.20161290322581,92.95616312878224,922.641278230843
3199,35.68533471265204,104.4140625,90.51029313266298,856.7872127800528
3200,31.738394244764443,101.953125,90.82920107477992,2915.6915070909913
3201,33.51005606625301,114.25781249999999,91.21049542395846,90.59960765100594
3202,40.62018519067267,117.42187499999999,94.70017137147008,47.07321080097351
3203,24.62431835216408,107.9296875,91.72518310743929,10.0
3204,29.313198964168343,115.6640625,96.05369068738088,244.11854015688013
3205,24.953020787727496,102.65624999999999,96.96825813488563,59913.53705394567
3206,24.62431835216408,107.9296875,90.32909110243816,881.072667977247
3207,27.27961273597809,105.11718749999999,92.87676425762946,194.10864934385728
3208,34.95386525718846,113.5546875,87.65666613216742,2874.467789936008
3209,30.345182969588258,105.46875,88.81727583022386,907.2277965292208
3210,41.01449966573052,112.85156249999999,91.23136772199938,10.0
3211,29.313198964168343,111.44531249999999,88.87800876099625,917.8211152090793
3212,40.62018519067267,80.859375,96.25666999586497,192.1360489812727
3213,28.971532223711293,118.828125,88.33430108867876,58.279764459088334
3214,39.45089470914606,98.0859375,91.77721013358453,88.38553903291489
3215,42.60980697763761,81.78571428571428,93.40556211340918,234.26981427152663
3216,41.01449966573052,112.85156249999999,94.37956013710644,223.31050106515914
3217,51.25580694880489,124.18269230769229,90.85305561593496,189.2178383679289
3218,28.291548862929403,117.42187499999999,96.18029719090022,67.13384275294044
3219,27.6158819838447,101.953125,92.97581979564154,901.3515895819363
3220,33.152887928619876,109.6875,91.56825164438946,19906.255364000055
3221,41.01449966573052,112.85156249999999,87.39241505575241,906.0427902508819
3222,43.80448796297494,80.85365853658537,91.88087346102368,190.9853104517387
3223,47.749650829136584,128.62831858407077,95.67885750173863,178.16664722487712
3224,41.01449966573052,112.85156249999999,93.500540927525,84.98253387585915
3225,23.96948231775967,102.3046875,95.80222544145022,53.18274038624611
3226,39.065494664452594,75.9375,92.15099314147395,255.01683754895615
3227,36.42357364233115,109.3359375,87.87901523065564,854.0710258309182
3228,43.008633994236924,81.72,86.51031320410996,884.2494358148599
3229,39.838439976999084,116.71875000000001,90.00815921776899,876.6253288788919
3230,33.152887928619876,120.23437499999997,94.44535520734277,190.08181232997035
3231,30.345182969588258,104.0625,95.30827010935035,199.60346800539935
3232,39.065494664452594,87.18749999999999,89.93493726686991,877.0175983914604
3233,45.38920300540005,122.89915966386555,92.16612175015025,204.40134889818813
3234,35.68533471265204,103.71093749999999,91.33037001425777,83.00211149504261
3235,39.45089470914606,109.3359375,91.19370206679112,210.6413235929155
3236,39.838439976999084,109.6875,89.14436357558527,185.00500411919097
3237,22.66960987175038,113.5546875,88.06887455827993,34.18146075730668
3238,30.345182969588258,113.203125,88.7772316205136,921.8242370182048
3239,31.738394244764443,111.796875,87.24875642241756,2847.5640434793754
3240,35.31877290301153,103.359375,88.7925077115268,85.80115311469366
3241,35.31877290301153,118.828125,86.32289094633322,24.936353707499997
3242,32.44286613851178,118.828125,93.63715167855176,894.29604700105
3243,28.630989836924343,88.24218749999999,90.13717152884654,82.5722417059217
3244,28.630989836924343,106.52343749999999,97.32161390452559,215.4298528280902
3245,41.01449966573052,121.28906249999999,88.74575641959743,24.686204371913142
3246,33.51005606625301,110.0390625,90.42600254588721,88.36148226636438
3247,35.31877290301153,100.546875,90.54380341211011,910.598298846613
3248,24.296477994805656,98.4375,86.29124954700998,914.0635116451474
3249,29.999999999999993,109.3359375,95.87434098994663,80.82702058195771
3250,32.44286613851178,105.46875,86.89926234292089,201.00819548470233
3251,43.008633994236924,128.51999999999998,96.92678966223262,52.21793415086191
3252,30.69158768492234,121.28906249999999,96.41724028853127,28.62820004038596
3253,43.008633994236924,129.24,92.54973605899382,19917.835294855482
3254,36.79533013738011,114.60937499999999,92.6546246180921,869.2031714985529
3255,41.81031489577859,118.47656249999999,93.93424707932856,252.70170609800536
3256,28.971532223711293,115.31249999999997,90.90244807435731,902.3367250507623
3257,40.228184728061095,111.44531249999999,93.85759652449303,924.8203803686005
3258,35.68533471265204,103.71093749999999,87.09055664230145,914.7624291866243
3259,23.96948231775967,109.3359375,87.22951666954366,10.0
3260,40.228184728061095,110.0390625,91.79751472133779,72.86363045838384
3261,33.152887928619876,104.76562499999999,92.73292054814347,868.9955605042611
3262,35.31877290301153,106.171875,96.37215178433713,210.998142630106
3263,47.749650829136584,88.00884955752213,87.74790505438307,9937.286850383156
3264,26.276811557199977,111.796875,95.70210847209705,872.1609020127498
3265,44.59799149300626,82.1900826446281,88.91873227676797,9892.175410333106
3266,34.228866327812575,113.5546875,90.98972258533054,78.61266494727606
3267,31.738394244764443,117.42187499999999,90.13939786244904,2859.851319285259
3268,29.999999999999993,101.6015625,91.06506029161754,197.35736921749097
3269,28.971532223711293,105.46875,88.23994290430028,19903.194747785776
3270,39.065494664452594,116.71875000000001,92.2390463159131,61.42758982304864
3271,48.922795160247304,119.86363636363636,95.44668356976878,246.24406450939873
3272,27.95318688338113,106.52343749999999,91.59446329967155,910.5808902839133
3273,32.44286613851178,112.49999999999999,92.11968948119709,225.25971424221652
3274,24.953020787727496,101.24999999999999,95.97219042434138,234.1455227481315
3275,25.613083216401805,114.60937499999999,94.51483292730403,19885.17273312333
3276,24.953020787727496,113.203125,92.11822321201412,223.42087253831343
3277,33.8687046016565,106.875,89.45549442739879,853.670584262438
3278,36.79533013738011,94.92187499999999,96.3423044012892,20.91771222230951
3279,26.276811557199977,107.57812499999999,93.08886168394241,925.463404127816
3280,34.59057497617661,111.09375,89.03631007944608,866.9644422352045
3281,40.62018519067267,109.6875,89.60141576153511,218.08359594894281
3282,24.62431835216408,102.3046875,95.4648080388841,10.0
3283,24.296477994805656,115.31249999999997,87.08122958384264,849.9312964401728
3284,34.228866327812575,108.63281249999999,97.55671727525952,10.0
3285,44.59799149300626,124.58677685950413,87.9959699648274,10.0
3286,35.68533471265204,100.1953125,95.37890294624611,857.2962704680051
3287,25.944479772370002,107.2265625,90.99830491804653,73.7312410191843
3288,23.64331425576559,99.84374999999999,92.13445289472247,74.8585701950661
3289,40.228184728061095,109.3359375,96.29853485611619,868.5030286745449
3290,44.993880150457116,124.875,91.2241936179667,20.586846546083304
3291,24.296477994805656,107.57812499999999,92.57535309431563,195.36498486876116
3292,35.68533471265204,103.0078125,87.15841414038458,58.184895251824045
3293,32.44286613851178,119.53125,85.92081249850828,846.4666015131994
3294,22.346587898361136,107.57812499999999,89.29077528214728,871.0636395377088
3295,44.993880150457116,124.875,94.247661374276,888.9624639769391
3296,29.65601354117841,101.953125,87.90564551916985,180.7796844460708
3297,44.59799149300626,115.6611570247934,87.83436764090128,34.54946222457365
3298,36.05358859962301,111.796875,91.19913465454951,30.399822814574723
3299,25.944479772370002,107.2265625,93.86478443156814,223.63232683971233
3300,34.95386525718846,102.3046875,94.56662382796718,9873.555058947233
3301,18.839404547275464,109.3359375,88.57852352230186,85.00733809017606
3302,31.738394244764443,113.90625,87.50971643229246,181.15836358257175
3303,37.16889965599944,116.36718749999997,96.9290903089837,39.12048528634495
3304,39.838439976999084,112.49999999999999,89.49343994207813,854.1222471415011
3305,36.42357364233115,101.6015625,96.01905875254113,876.5226773032972
3306,36.05358859962301,106.171875,96.12289934741132,865.3856618567851
3307,44.59799149300626,82.1900826446281,95.09258439325188,2856.6487889468835
3308,36.05358859962301,103.359375,88.46204589267937,238.74411854402038
3309,34.228866327812575,106.52343749999999,95.69181542195044,52.30379379320909
3310,28.291548862929403,120.23437499999997,95.0590398156746,189.34766751472355
3311,29.65601354117841,118.125,93.30913878805539,871.2640662349381
3312,28.630989836924343,119.88281249999999,90.3414068464435,856.3989013220878
3313,48.922795160247304,119.86363636363636,89.51697084116009,249.9204066558854
3314,39.838439976999084,109.6875,87.91157654702147,877.4547029931747
3315,29.65601354117841,121.640625,92.29604164073686,863.7153784804235
3316,33.8687046016565,99.140625,93.18601218603077,2879.527772041209
3317,50.091456801832585,127.42990654205607,90.55860519634072,848.2272220584554
3318,25.944479772370002,107.2265625,91.97916310246774,906.2869187445561
3319,26.61009781073391,104.4140625,90.61041507076757,179.14399108865442
3320,32.0899512562803,119.17968749999996,93.784914496514,876.0130960949361
3321,44.993880150457116,124.875,96.51452936301541,2903.171005285606
3322,26.944358180475724,118.125,88.40253765522479,213.49853884286918
3323,31.039240010397883,91.40625,90.8324511185346,906.4385093723783
3324,26.61009781073391,117.7734375,88.12334625836385,890.0638897369275
3325,27.27961273597809,109.3359375,93.61228780613634,22.876082624905074
3326,25.944479772370002,107.2265625,94.71129094528057,846.8681490373117
3327,33.152887928619876,118.828125,96.83922175115029,50.62773640163684
3328,41.81031489577859,118.47656249999999,89.72598134058461,9910.910157137016
3329,29.313198964168343,106.52343749999999,97.03705122327295,916.1771747655495
3330,30.345182969588258,116.71875000000001,87.35462441455446,42.590268747808906
3331,27.6158819838447,113.90625,93.37671565980608,47.314121718771375
3332,41.01449966573052,117.7734375,87.27571706196018,850.776946192964
3333,40.62018519067267,118.828125,96.43524552710865,203.25846356810672
3334,23.96948231775967,102.3046875,92.48076300471963,13.206897654567157
3335,27.27961273597809,106.52343749999999,94.11630131214466,252.58762949506664
3336,23.64331425576559,106.171875,95.79620145300326,214.0282467658168
3337,26.944358180475724,104.76562499999999,88.23770377366523,39.19419718716446
3338,30.69158768492234,103.71093749999999,86.99805637963605,913.3170412735739
3339,29.65601354117841,109.6875,96.28042350285948,2917.766054607803
3340,23.96948231775967,99.4921875,90.12302886115815,899.6522144492014
3341,31.38816646434855,119.88281249999999,87.97934356548721,919.4978717780685
3342,29.999999999999993,110.7421875,91.91561945093714,84.52095295541672
3343,41.01449966573052,79.8046875,93.32614437177622,182.87109943948923
3344,34.228866327812575,113.5546875,86.88392971023953,81.39362053225817
3345,28.291548862929403,109.6875,89.67519203498887,902.2055622969264
3346,38.3009224658677,105.46875,86.91132371712294,9877.160443834142
3347,40.228184728061095,107.2265625,91.32023432776717,887.6665263001444
3348,37.16889965599944,100.1953125,96.44928928169078,2879.688505987459
3349,39.065494664452594,75.9375,97.43958699923027,864.1097824414824
3350,39.838439976999084,98.4375,93.7423072429251,213.98181418584312
3351,35.31877290301153,113.90625,88.37489220694768,223.53456385529728
3352,23.64331425576559,106.171875,96.56315010829881,29.07937085643284
3353,33.51005606625301,119.88281249999999,92.35583527452333,11.852498347896242
3354,40.62018519067267,111.796875,88.27935164793458,881.2265217026403
3355,44.59799149300626,124.58677685950413,96.73132756312515,226.7104662770978
3356,28.630989836924343,88.24218749999999,94.95757866582703,255.23860138905457
3357,36.05358859962301,117.42187499999999,94.73570363715889,256.6040514986924
3358,25.613083216401805,114.60937499999999,94.54172434666769,186.33171247343074
3359,29.65601354117841,120.23437499999997,88.81590701811045,236.1032345077789
3360,26.276811557199977,118.125,88.92889407963553,234.81648207675227
3361,38.3009224658677,105.46875,94.33780796175986,214.17419456527273
3362,28.971532223711293,117.42187499999999,89.02121748571471,918.971215811606
3363,38.68218745348943,112.85156249999999,91.55743592405207,229.90337598901135
3364,22.993394314297802,111.09375,95.20785187664167,853.5416804501227
3365,29.999999999999993,118.47656249999999,95.2315722974891,2895.6098782285176
3366,37.16889965599944,118.47656249999999,91.7461756270195,2862.430526248065
3367,38.3009224658677,76.64062499999999,95.33173932684633,2889.8343303274073
3368,40.62018519067267,113.203125,95.86834127008851,184.4837229652527
3369,28.971532223711293,119.53125,93.94591399516484,13.236992377594886
3370,39.838439976999084,109.6875,89.11340365533837,182.24276463214352
3371,30.69158768492234,96.6796875,89.66390216637761,186.6655503289764
3372,38.68218745348943,114.9609375,90.12212596105299,2911.2897688481094
3373,29.65601354117841,121.640625,87.8632680557306,867.2884333297214
3374,25.613083216401805,99.84374999999999,89.65301743340521,31.585991149384075
3375,26.61009781073391,107.9296875,88.91313832743768,52.66571767044531
3376,26.944358180475724,104.76562499999999,91.77291439697497,60.63719917811078
3377,40.62018519067267,111.09375,96.59056474221448,861.6143633462602
3378,43.80448796297494,87.4390243902439,87.74619204142066,893.2669861932973
3379,28.630989836924343,92.4609375,94.63720635591726,2854.9648884239
3380,36.05358859962301,101.953125,94.32599880097929,9864.49605070541
3381,34.95386525718846,102.3046875,87.66329391955996,78.71401944911447
3382,46.96497733995481,130.30434782608694,96.74028587594948,194.45411056034777
3383,38.68218745348943,105.11718749999999,92.97780815153828,177.0419102853821
3384,46.57184741344958,123.75000000000001,90.61303398444068,206.73650917917013
3385,24.296477994805656,107.57812499999999,94.94956557695309,2917.2996778805
3386,39.065494664452594,75.9375,89.45127687717131,844.9399878795728
3387,31.738394244764443,111.796875,94.39880484407509,894.1044471112416
3388,46.57184741344958,126.85344827586206,87.01482348666909,239.67011719594345
3389,29.313198964168343,94.5703125,95.87638899362418,10.831678171407646
3390,37.16889965599944,117.7734375,91.68031854815223,24.709860073789724
3391,23.96948231775967,115.6640625,93.73849769167815,251.65534399650807
3392,24.296477994805656,118.125,89.03726561072068,888.2549550859433
3393,37.16889965599944,118.47656249999999,94.20662862046304,84.06536867848968
3394,23.64331425576559,99.84374999999999,95.08915143228158,889.195721892834
3395,19.15501007356373,110.39062499999999,91.9593949884639,915.9535614126428
3396,25.282603043311994,98.0859375,93.53476408567006,220.05858834596097
3397,24.953020787727496,116.71875000000001,91.78581400974919,896.5847890453399
3398,39.065494664452594,105.46875,96.43860521960877,218.08606487654225
3399,31.38816646434855,117.7734375,92.18652899038801,876.063757542599
3400,44.59799149300626,80.70247933884298,95.90096152263233,901.8840739973168
3401,43.406858485936986,81.65322580645162,95.44315070598557,19916.4588197203
3402,18.52439107386577,110.39062499999999,91.19347917891628,203.38569943812882
3403,37.16889965599944,121.28906249999999,89.13097252024822,219.8437995984898
3404,27.27961273597809,105.11718749999999,91.13860173435587,64.54249636332727
3405,25.944479772370002,112.85156249999999,95.74137346508708,79.64420467269802
3406,24.62431835216408,105.11718749999999,89.10500058172637,880.59927083129
3407,18.839404547275464,110.0390625,92.43126893779416,2919.9965819519784
3408,39.065494664452594,75.9375,95.50084613262204,215.72305695450984
3409,46.57184741344958,129.95689655172413,90.50101116088433,70.12886297738888
3410,35.31877290301153,100.546875,93.7989871204881,188.2681723040505
3411,42.2103698396502,118.7007874015748,89.30139869047984,230.87808896995728
3412,47.35757623319898,88.02631578947368,87.79178376325558,189.6598600575805
3413,36.42357364233115,114.25781249999999,95.35842185454848,91.23215334708739
3414,26.61009781073391,119.17968749999996,87.69383095464077,893.4389670147498
3415,31.738394244764443,120.23437499999997,89.63030396751152,10.0
3416,37.16889965599944,100.1953125,96.03710350049296,251.98315556202772
3417,29.65601354117841,109.6875,90.43228570388071,910.8589332625821
3418,39.45089470914606,109.3359375,97.32038100568987,183.53683731433898
3419,48.922795160247304,119.86363636363636,97.40337902687143,853.4352553307815
3420,26.944358180475724,111.09375,89.59063867817066,873.2146540248483
3421,30.345182969588258,120.23437499999997,87.03379749957567,869.031554983479
3422,26.944358180475724,106.171875,94.50626554907383,228.57097291435588
3423,46.57184741344958,126.85344827586206,91.71674234860397,203.68187796836025
3424,24.953020787727496,101.24999999999999,87.71078104987403,923.5683255600939
3425,30.345182969588258,114.60937499999999,94.52744681170526,900.2105544200807
3426,31.738394244764443,118.828125,86.88698926342086,197.33301646775675
3427,29.999999999999993,101.6015625,96.19153210730845,39.95715770440607
3428,24.62431835216408,117.7734375,88.0965061487775,27.69935645707777
3429,31.039240010397883,104.0625,87.96309188035194,36.52342017067431
3430,31.38816646434855,120.58593750000001,88.54487307037134,847.2784730444539
3431,20.742379954487134,110.0390625,97.16181719872183,19.787632957989693
3432,26.944358180475724,99.84374999999999,94.39482388465538,201.26217934854057
3433,34.95386525718846,116.36718749999997,95.44338754865717,898.6289358687445
3434,28.630989836924343,119.17968749999996,91.03378815740022,190.58697090272577
3435,35.68533471265204,100.1953125,90.33268589386753,901.6763656226261
3436,39.45089470914606,87.5390625,89.17757365395593,896.2977254775458
3437,30.69158768492234,103.71093749999999,92.02788564889163,178.42192011629643
3438,23.31795706533424,112.85156249999999,92.76158531131239,891.2797048231484
3439,23.31795706533424,112.85156249999999,93.68566753286626,896.9940138297926
3440,36.42357364233115,79.8046875,89.44812250160436,216.4373433308838
3441,32.79716829582364,115.6640625,97.01773016251452,82.1370392632245
3442,40.228184728061095,121.9921875,88.47324776648766,247.48034731912415
3443,19.15501007356373,109.6875,97.22865769453412,2924.927061202129
3444,22.02431283704216,107.9296875,86.56166710802292,864.3864278860968
3445,29.65601354117841,102.65624999999999,92.03228594299311,67.4103947013914
3446,25.944479772370002,107.2265625,90.30380697857491,877.3921486027713
3447,28.291548862929403,105.46875,91.69264111582523,223.8959505170722
3448,31.039240010397883,120.23437499999997,93.00629031198643,849.8890828330509
3449,45.78396716177502,126.22881355932203,91.51755967757278,892.8599968344873
3450,34.59057497617661,113.203125,91.24923365441624,245.89494920087904
3451,29.313198964168343,112.85156249999999,94.74447177817325,916.953918489266
3452,29.313198964168343,115.6640625,94.30955088885216,889.2698865261442
3453,36.05358859962301,108.98437499999999,95.81357506452247,856.987190883632
3454,22.993394314297802,112.49999999999999,89.35667313526837,58.719369080252875
3455,41.01449966573052,117.7734375,93.44669631360115,923.5758738742315
3456,33.51005606625301,110.0390625,93.18530224272456,9856.266591833319
3457,28.971532223711293,110.39062499999999,90.68763545709575,53.288797291315475
3458,28.630989836924343,88.24218749999999,92.07771874378383,239.1992438142583
3459,29.65601354117841,101.953125,90.11174081010738,181.69668836065213
3460,38.3009224658677,109.6875,88.13516463583403,899.0279707988436
3461,41.411188638099254,125.859375,88.95849455916105,889.1113273852869
3462,29.999999999999993,117.0703125,87.75600867306947,54.828303941310345
3463,30.69158768492234,109.3359375,94.27673409006418,2874.6589007486027
3464,40.62018519067267,106.875,94.01550242265589,70.57210660793405
3465,28.630989836924343,117.0703125,97.04195450397461,911.9117523996526
3466,34.59057497617661,113.90625,94.71824853350232,231.36163562912668
3467,29.313198964168343,103.71093749999999,87.1995391457775,199.09232817443748
3468,24.953020787727496,101.24999999999999,96.33532803204785,61.64382415777483
3469,41.01449966573052,117.7734375,96.1145440812431,65.3256804637934
3470,47.749650829136584,128.62831858407077,91.6175713149786,871.1014445855371
3471,26.61009781073391,107.9296875,93.19248077986451,254.79115164595748
3472,30.345182969588258,104.0625,97.35801475341806,47.44506786541952
3473,28.630989836924343,92.4609375,92.50793538034893,43.75827581040894
3474,24.953020787727496,102.65624999999999,96.5575619991191,27.89691197606167
3475,25.944479772370002,107.2265625,87.54249723145483,895.7853099525785
3476,22.66960987175038,114.9609375,88.71752591964778,886.1726774559886
3477,32.44286613851178,112.49999999999999,91.58438515715989,22.44596059944915
3478,33.8687046016565,108.98437499999999,93.18059747152714,257.2581291690202
3479,35.68533471265204,112.85156249999999,95.624040356071,32.75326633669498
3480,41.411188638099254,123.04687499999996,97.50919311798472,2904.9289080641142
3481,31.38816646434855,104.4140625,90.92480118863999,2908.7487268940804
3482,38.3009224658677,112.49999999999999,87.13020015093622,882.0578065305799
3483,23.31795706533424,103.71093749999999,95.4409551574905,4851.299443734827
3484,31.38816646434855,121.28906249999999,93.39139849154951,916.1909002658082
3485,31.039240010397883,120.23437499999997,88.79687299311446,921.3417774729843
3486,36.42357364233115,109.3359375,92.15851747331403,259.62434032881913
3487,45.78396716177502,121.65254237288136,94.82703258147657,193.52312629767633
3488,46.96497733995481,130.30434782608694,95.0690401912957,85.03486106303784
3489,35.31877290301153,112.49999999999999,92.20264312285076,198.82349141552058
3490,43.80448796297494,87.4390243902439,90.02772292605033,861.0336252080738
3491,30.345182969588258,97.03124999999999,97.32903238068566,67.30594309676309
3492,24.296477994805656,108.98437499999999,94.04631420056326,181.63438383502702
3493,24.296477994805656,116.01562499999999,91.16534612550299,234.13970676624837
3494,29.65601354117841,120.23437499999997,89.7463071630586,91.02440437308492
3495,40.228184728061095,121.9921875,94.7305167795171,849.019286888549
3496,24.62431835216408,116.36718749999997,89.25912868525982,2926.9418976238007
3497,24.296477994805656,117.42187499999999,88.49688335186741,897.0882935585416
3498,40.62018519067267,121.640625,92.48099175911881,872.4689563926898
3499,27.6158819838447,106.875,89.86796040699159,847.2338892441924
3500,37.921650784291785,109.3359375,93.65484108715394,239.12572851477483
3501,25.944479772370002,107.2265625,87.87404644356327,72.76778880277412
3502,18.839404547275464,109.3359375,93.94784735662833,2894.692590032017
3503,46.96497733995481,130.30434782608694,89.78249726192782,179.10107987321572
3504,23.96948231775967,113.5546875,80.32884326156386,35.35814607648114
3505,30.345182969588258,116.71875000000001,87.95952158016273,897.6688795858574
3506,22.346587898361136,110.39062499999999,96.85725673903329,68.46803534933284
3507,34.228866327812575,107.2265625,96.16244174978074,210.02953532597053
3508,24.953020787727496,118.828125,89.16830562876194,10.606648830541651
3509,44.993880150457116,84.375,95.16371203669252,53.329177457423036
3510,36.79533013738011,94.92187499999999,93.4364170683592,67.52080456997712
3511,44.993880150457116,124.875,97.2938196190962,20.866840547779688
3512,22.346587898361136,113.90625,90.73562835477152,869.5236418147273
3513,25.613083216401805,99.84374999999999,94.25792160342657,923.8950416686222
3514,24.62431835216408,100.89843749999999,87.35721839528529,210.3854048268514
3515,22.993394314297802,108.98437499999999,91.0165701071729,2871.882338794493
3516,43.80448796297494,87.4390243902439,97.20588234237974,83.2862076294932
3517,36.05358859962301,120.23437499999997,92.59467295398116,198.36979421200255
3518,44.59799149300626,114.91735537190084,89.8410361065703,58.69744570151556
3519,40.228184728061095,120.58593750000001,87.89620318197983,858.6410431134098
3520,39.45089470914606,98.0859375,94.49304676767863,222.0573329269783
3521,34.228866327812575,108.63281249999999,93.82992971871184,856.4475513943805
3522,38.68218745348943,117.0703125,90.73976094404473,901.1840039756975
3523,43.406858485936986,121.57258064516128,97.04611099405348,253.60591887532223
3524,41.01449966573052,117.7734375,86.75262880914906,860.7728260394936
3525,41.81031489577859,126.21093749999999,90.01310465949878,9855.126755758249
3526,22.346587898361136,110.39062499999999,96.72436645935399,191.76938841648698
3527,26.944358180475724,104.76562499999999,90.18188925153216,206.83739049392852
3528,22.346587898361136,107.57812499999999,89.38597276531732,887.9276509986422
3529,34.95386525718846,114.25781249999999,92.53282760296673,855.8512837271262
3530,38.3009224658677,112.49999999999999,95.7161389564531,69.61377885634852
3531,26.276811557199977,119.53125,87.73352326060248,211.09541137250505
3532,37.16889965599944,121.28906249999999,96.95688115960594,234.0838345527875
3533,37.54432510382694,111.09375,95.3667959125823,221.93705069162988
3534,39.45089470914606,109.3359375,88.61243080364713,69.51241631253463
3535,42.2103698396502,118.7007874015748,94.56607239909667,2928.362655040495
3536,38.68218745348943,77.69531249999999,90.87649901532106,901.378111019965
3537,36.42357364233115,109.3359375,91.09160638076527,237.47298233663304
3538,29.313198964168343,112.85156249999999,95.22351720147596,876.5794012751396
3539,44.993880150457116,85.125,97.19306653115262,2897.606713971989
3540,40.228184728061095,117.7734375,87.9568598243064,52.978153871689244
3541,25.944479772370002,117.7734375,91.32404852758545,179.56165931419892
3542,41.81031489577859,126.21093749999999,92.03059014133575,252.85332424385717
3543,36.42357364233115,95.2734375,90.76920679787216,912.4397406141852
3544,24.62431835216408,117.7734375,90.60637827768494,13.736706883205333
3545,41.411188638099254,125.15624999999999,87.20287608946525,19872.044371985874
3546,43.80448796297494,80.85365853658537,94.3056029282657,230.84170944226335
3547,33.8687046016565,106.875,91.52564813581236,206.85423917848365
3548,37.54432510382694,113.203125,88.75716173554723,190.17987442885212
3549,31.738394244764443,118.828125,95.6216770654125,67.97365431699775
3550,25.944479772370002,107.2265625,95.45784837494314,910.1978277198468
3551,41.81031489577859,118.47656249999999,92.08079638622652,9890.201536508377
3552,31.38816646434855,120.58593750000001,89.96139337217116,220.49666036249596
3553,33.51005606625301,116.36718749999997,93.75353453539925,9884.994430631163
3554,41.81031489577859,121.28906249999999,89.84451847054248,919.9124929751993
3555,29.999999999999993,101.6015625,89.19371556184181,237.3965876883559
3556,38.3009224658677,109.6875,94.72545015036471,874.7600407478841
3557,33.8687046016565,108.28125,87.0240188449551,225.8468180136711
3558,44.20152985105137,129.4672131147541,87.6539295070867,256.8703532752318
3559,34.59057497617661,118.828125,86.22102039425765,22.294894878055263
3560,37.54432510382694,116.01562499999999,88.26958821403986,881.4640457165511
3561,25.613083216401805,116.01562499999999,87.40903411500743,20.244171147706325
3562,45.38920300540005,85.08403361344538,97.60275380376294,917.8887863731368
3563,35.31877290301153,106.171875,89.85292105834553,920.2589832533896
3564,34.59057497617661,118.125,88.2250761488176,92.60600881634656
3565,27.95318688338113,112.85156249999999,89.24655359711535,197.93664476358384
3566,31.38816646434855,112.1484375,96.88384555040376,237.46158635648655
3567,29.313198964168343,103.71093749999999,92.39187677593539,851.4368922359872
3568,26.61009781073391,107.9296875,90.62659083555661,188.83332925525485
3569,24.62431835216408,115.6640625,96.2242327569637,850.1777781802589
3570,37.16889965599944,100.1953125,91.00097209961038,191.44916347113306
3571,32.44286613851178,113.90625,90.31989673598473,21.291223705425594
3572,24.953020787727496,103.359375,88.88944643420109,10.0
3573,21.381942579838878,110.7421875,90.78763300661264,39.22348143457063
3574,23.96948231775967,99.4921875,90.14020121863008,910.4018638472536
3575,36.05358859962301,104.0625,94.20932073501945,9900.668294118434
3576,40.62018519067267,120.23437499999997,89.86279128329754,223.83657369789455
3577,33.8687046016565,108.98437499999999,93.09119163259749,245.3274767007785
3578,27.6158819838447,113.203125,87.3796046000618,57.170181596859095
3579,33.8687046016565,113.203125,88.72003935338648,254.94182375479994
3580,33.8687046016565,99.140625,91.15501945973055,56.30881628464323
3581,24.953020787727496,102.65624999999999,96.89257026956899,855.823793404983
3582,36.42357364233115,115.6640625,90.78087256535183,4915.934079007102
3583,24.62431835216408,111.44531249999999,94.05463339725463,76.35526628096561
3584,35.68533471265204,117.7734375,89.42217672011284,902.0549108653601
3585,37.16889965599944,121.9921875,87.96044800400375,10.0
3586,34.59057497617661,113.203125,87.2967406946677,210.93242806440063
3587,26.944358180475724,107.57812499999999,90.02967410017365,42.99270341690709
3588,42.60980697763761,128.92857142857142,88.32672859084187,205.16047020503188
3589,40.62018519067267,121.640625,88.52474548528976,67.65169764892991
3590,22.66960987175038,107.9296875,94.98591402927772,210.38279329705472
3591,41.01449966573052,122.6953125,86.60312715315634,221.4689539593469
3592,31.38816646434855,91.7578125,92.83929228691858,192.1521865205998
3593,31.38816646434855,119.88281249999999,90.80828709771272,869.5130880089141
3594,33.8687046016565,108.98437499999999,92.26649775086817,2922.043163615702
3595,29.65601354117841,90.703125,92.90451082921204,217.2249580360242
3596,39.45089470914606,98.0859375,90.10767653752902,75.03750137149719
3597,31.738394244764443,101.953125,89.92862216272289,184.66367807360845
3598,36.05358859962301,104.0625,94.75031438191733,2848.571704261828
3599,29.65601354117841,121.640625,96.20258969920037,260.1086937654772
3600,41.81031489577859,118.47656249999999,88.73372968898411,230.86789168018635
3601,31.38816646434855,102.3046875,87.68100725734197,58.26533429211377
3602,40.62018519067267,109.6875,96.47784385684888,229.54317195651134
3603,38.3009224658677,112.49999999999999,90.46588433861923,186.61156035060665
3604,39.838439976999084,109.6875,92.75494222443666,9868.891001790127
3605,40.62018519067267,109.6875,90.56113837255631,2882.637895364852
3606,25.282603043311994,99.4921875,87.94875122754554,32.449443892770276
3607,37.921650784291785,105.8203125,93.22974059271331,246.32270703449916
3608,23.31795706533424,111.44531249999999,92.43775893164906,87.88579032472539
3609,22.346587898361136,108.28125,88.84401629967162,219.77768775456514
3610,31.38816646434855,102.3046875,91.72815906218678,2874.4557981993503
3611,41.81031489577859,118.47656249999999,95.3895913262496,249.0457526624009
3612,36.05358859962301,108.98437499999999,93.24149731641259,200.5823395933966
3613,26.276811557199977,119.53125,87.67434363939451,81.14259190736095
3614,36.42357364233115,120.58593750000001,92.71212377982819,912.8360268522707
3615,43.80448796297494,87.4390243902439,94.48624301608797,859.8345312234537
3616,31.738394244764443,111.796875,95.33798309171328,234.14085947070043
3617,24.953020787727496,116.71875000000001,93.65712306058285,84.91124436833918
3618,26.276811557199977,118.125,88.26613615554857,200.590132076665
3619,41.01449966573052,122.6953125,94.55027219624021,9897.906185697835
3620,29.313198964168343,106.52343749999999,94.20976371894815,247.18428324778478
3621,39.838439976999084,113.203125,86.7859350783927,217.25100932779335
3622,39.838439976999084,109.6875,91.20914209934173,247.5182646275836
3623,24.296477994805656,101.953125,90.29971189112737,906.4036342267666
3624,39.065494664452594,106.171875,94.11704626988379,202.0599764507092
3625,38.68218745348943,105.8203125,88.98322344073071,69.68180640968592
3626,51.64299443168207,124.51456310679612,93.24628633547181,847.901550152115
3627,24.296477994805656,98.4375,96.6410733776967,872.1003991037456
3628,26.276811557199977,111.796875,95.39998652347602,886.424686358798
3629,29.999999999999993,101.6015625,96.72847893234189,2880.278561708469
3630,27.27961273597809,106.52343749999999,97.38813723814835,209.8485479851335
3631,41.411188638099254,120.9375,86.38492507574408,29.092513251270052
3632,34.59057497617661,117.42187499999999,93.58862850630497,9895.305923677468
3633,36.42357364233115,103.71093749999999,91.22326490662998,225.8537749774955
3634,43.406858485936986,81.65322580645162,96.08567255014465,859.4545193573226
3635,33.8687046016565,106.875,89.38037645938473,872.432390094408
3636,23.31795706533424,103.0078125,97.41944951339102,253.80917335471892
3637,46.57184741344958,126.85344827586206,93.49159227741967,80.1093840101475
3638,37.921650784291785,114.25781249999999,95.34812448852193,899.2148081753096
3639,40.228184728061095,112.85156249999999,87.56682478407436,913.8692187979759
3640,39.45089470914606,117.0703125,88.63708790150336,255.42927621399846
3641,23.64331425576559,106.171875,94.96562753785463,239.27948108248324
3642,34.228866327812575,108.63281249999999,86.74938977228442,44.245389740659625
3643,34.228866327812575,108.63281249999999,95.63194598588775,32.46873474061033
3644,26.944358180475724,104.76562499999999,86.52336716914235,201.9235635720063
3645,41.411188638099254,123.74999999999999,93.97331009840377,194.72329814115363
3646,33.8687046016565,108.28125,90.63001330383744,9887.144014037294
3647,34.95386525718846,100.89843749999999,93.46781886700757,907.8007440449792
3648,30.69158768492234,103.71093749999999,94.4282878157139,870.508665096322
3649,18.209956864283,109.3359375,90.3931180703556,246.57207015766966
3650,26.61009781073391,99.4921875,87.779272289311,65.22878359169701
3651,35.68533471265204,107.2265625,87.41526477586659,9930.283707434475
3652,25.282603043311994,103.71093749999999,93.22549079748029,210.8179649269282
3653,41.01449966573052,119.17968749999996,92.39643798004913,41.49132762031609
3654,46.96497733995481,130.30434782608694,94.82609184863159,240.59267061649157
3655,40.228184728061095,111.44531249999999,92.29584305598934,2871.2269822665658
3656,36.79533013738011,119.53125,91.3475348321908,2886.286918990046
3657,33.152887928619876,106.875,91.03939903581072,10.0
3658,30.345182969588258,111.796875,86.81618561906947,2885.1593692326996
3659,23.64331425576559,111.796875,90.32527686658615,184.85458890881318
3660,33.152887928619876,104.76562499999999,97.35729290916501,14.803942680392463
3661,33.51005606625301,113.5546875,96.22591262122742,927.1456959953093
3662,45.78396716177502,85.04237288135593,90.26468148150933,2859.7490479000453
3663,46.57184741344958,124.52586206896551,93.21323822791005,851.306706851256
3664,31.738394244764443,101.953125,95.95713536431681,844.7353432508471
3665,34.95386525718846,112.85156249999999,91.59110411740926,916.693533317818
3666,24.953020787727496,102.65624999999999,86.6890591259835,908.6107521159947
3667,41.01449966573052,112.85156249999999,87.46147841953514,2889.47549918659
3668,47.35757623319898,128.28947368421052,92.30189736655934,255.37207802070907
3669,34.59057497617661,108.98437499999999,97.27563749357402,9911.480570997368
3670,39.45089470914606,116.36718749999997,94.3952937045541,19940.159795740277
3671,45.78396716177502,85.04237288135593,87.42733285092447,45.269015969104984
3672,27.95318688338113,112.85156249999999,88.69961435704452,927.6743304191366
3673,43.008633994236924,122.03999999999999,95.07799909893625,242.10283021475033
3674,30.345182969588258,104.0625,95.89718507421271,213.95835653168862
3675,38.3009224658677,115.31249999999997,93.53441671063636,856.3839288742754
3676,41.01449966573052,122.6953125,93.82486842505135,21.477706888491866
3677,36.05358859962301,116.01562499999999,86.84449727063883,243.76730590688265
3678,25.944479772370002,105.8203125,95.76504742727938,2867.7064896546617
3679,35.68533471265204,104.4140625,95.28413620877663,83.3313488211249
3680,27.27961273597809,107.2265625,89.47260395504193,223.6920843271311
3681,42.60980697763761,128.92857142857142,94.53738408933101,9862.485788337677
3682,26.61009781073391,104.4140625,88.96965247943035,224.23712892587736
3683,39.45089470914606,116.36718749999997,87.02409254369849,206.6377429220426
3684,29.313198964168343,115.6640625,88.82434615867339,227.2389166850706
3685,31.738394244764443,120.23437499999997,88.58068183335371,247.0245335881347
3686,23.31795706533424,112.85156249999999,90.34676079212196,862.087558425787
3687,35.68533471265204,100.1953125,91.29583810759303,912.9469522855381
3688,44.993880150457116,115.12500000000001,92.28481966126529,230.13859925195604
3689,47.749650829136584,128.62831858407077,91.99201224124191,918.0081671936144
3690,25.282603043311994,103.71093749999999,89.62127607294238,250.60173818148593
3691,32.79716829582364,110.7421875,86.85697502088364,201.6517022436713
3692,26.61009781073391,106.52343749999999,93.39914246889651,869.9137126611911
3693,39.45089470914606,110.0390625,91.01033479457732,887.9333467897965
3694,36.42357364233115,101.6015625,89.9635654643291,256.7012615232932
3695,46.96497733995481,130.30434782608694,96.15820830632643,21.732753031534486
3696,22.346587898361136,100.546875,94.86520966160089,66.21663886797211
3697,29.313198964168343,103.71093749999999,96.06429078729434,188.3178698168513
3698,23.31795706533424,114.25781249999999,92.15993925451635,187.6479250251588
3699,38.68218745348943,114.9609375,88.00298948726737,874.5775337118366
3700,30.345182969588258,106.171875,94.43012045509171,10.0
3701,29.313198964168343,119.88281249999999,88.87664302813076,899.3772212677018
3702,37.16889965599944,110.7421875,91.59052628897781,183.31474925992876
3703,24.62431835216408,98.78906249999999,87.3711365272725,194.51662973960467
3704,22.66960987175038,100.89843749999999,95.73206949542107,249.14486313440062
3705,24.296477994805656,117.42187499999999,87.95006512220931,84.2990728185972
3706,27.6158819838447,108.98437499999999,96.53400124360199,2883.0924288584506
3707,38.3009224658677,112.49999999999999,96.13046507626036,33.02528171019046
3708,38.3009224658677,116.71875000000001,91.87989049078735,228.20310282329814
3709,22.346587898361136,100.546875,94.84475551252929,927.637704103486
3710,48.922795160247304,119.86363636363636,93.55322053534968,857.2194943302374
3711,28.291548862929403,109.6875,95.46410948824632,190.08086074823817
3712,28.630989836924343,118.47656249999999,91.46860846919209,222.28062577603274
3713,30.345182969588258,116.71875000000001,95.25414084583065,884.6087103682564
3714,21.061817601649295,110.39062499999999,91.86030600588656,9921.24545030655
3715,37.16889965599944,100.1953125,96.93511474050858,2892.9119326939904
3716,36.79533013738011,117.42187499999999,92.08061649870595,202.64261076769483
3717,44.20152985105137,85.94262295081967,91.86180255982744,39952.685145565716
3718,34.95386525718846,116.36718749999997,95.24518351403167,10.0
3719,38.68218745348943,105.11718749999999,95.68909440923115,10.349341884829313
3720,36.42357364233115,101.6015625,92.79614752324609,919.9254262042265
3721,24.953020787727496,99.140625,88.59483947356071,77.83356601108682
3722,22.993394314297802,102.65624999999999,91.90914327325926,23.364276109463574
3723,40.62018519067267,109.6875,97.25867711312812,92.63380859072609
3724,36.05358859962301,106.171875,94.9189727526284,223.61944136951502
3725,23.31795706533424,112.85156249999999,95.5624469405896,891.8055057216877
3726,44.993880150457116,82.125,86.91170745411173,859.7795152763515
3727,43.80448796297494,129.14634146341461,91.91007583173443,92.81962732412583
3728,41.01449966573052,112.85156249999999,93.8505676967603,242.967350349568
3729,30.69158768492234,96.6796875,95.7804257744227,4851.529686232902
3730,41.411188638099254,119.53125,87.15802464860009,917.262570062405
3731,22.346587898361136,107.57812499999999,96.00976871759423,197.81805654764628
3732,34.59057497617661,105.46875,92.71705325042153,9936.907485903273
3733,33.51005606625301,114.25781249999999,88.78385619726738,885.1893586705224
3734,39.065494664452594,87.890625,90.14579933384181,24.02409949279747
3735,34.228866327812575,109.3359375,89.7650367250023,13.306986961650221
3736,29.65601354117841,121.640625,92.4904355221257,65.63738874207131
3737,27.27961273597809,109.3359375,87.19414563401001,890.9883852002924
3738,27.27961273597809,112.85156249999999,88.33732779553178,71.65834799861605
3739,31.38816646434855,118.47656249999999,95.58105708486886,245.02732219192825
3740,23.64331425576559,103.359375,88.02324895103193,36.12446073071044
3741,25.613083216401805,99.84374999999999,89.16605197636663,2924.347650106241
3742,26.944358180475724,99.84374999999999,91.74758351024514,203.0256575904273
3743,45.38920300540005,85.08403361344538,92.36387805433041,2909.898233104405
3744,48.922795160247304,119.86363636363636,95.01046802511543,9871.8698998696
3745,39.838439976999084,75.234375,91.66947259972842,10.0
3746,29.313198964168343,91.05468749999999,95.3034634692115,233.15547293641538
3747,35.31877290301153,100.546875,93.54141752832143,10.0
3748,35.68533471265204,113.5546875,87.82807655678437,2910.533474170152
3749,24.296477994805656,117.42187499999999,88.31062520937425,246.76247865946357
3750,23.96948231775967,109.3359375,91.53624684782243,28.93114629972229
3751,23.64331425576559,108.98437499999999,91.02453672214762,42.807420671821085
3752,37.16889965599944,100.1953125,94.83765987120704,212.94111875724965
3753,28.971532223711293,111.09375,93.13714751233836,9863.796153808276
3754,38.3009224658677,105.46875,90.91588697217274,880.4527985400726
3755,40.62018519067267,113.203125,88.48538094234216,2863.999900530436
3756,40.62018519067267,109.6875,89.09657508409066,208.66579670286984
3757,36.42357364233115,95.2734375,93.06912268824429,16.469649243592837
3758,34.95386525718846,100.89843749999999,91.36038064155888,9923.083904723017
3759,25.282603043311994,110.0390625,92.34367237879079,10.0
3760,42.60980697763761,93.21428571428571,88.48437752253984,9876.698738681045
3761,27.6158819838447,106.875,94.04097831525458,209.2225835027959
3762,32.44286613851178,80.15625,96.01079080463411,10.0
3763,37.921650784291785,112.1484375,89.45860925990749,879.3216857880508
3764,33.8687046016565,113.203125,92.12798637755536,9933.908160548588
3765,37.54432510382694,111.09375,97.35117781263065,9907.964421816892
3766,30.69158768492234,97.38281249999999,90.30257040889704,62.703315288072545
3767,34.95386525718846,102.3046875,93.29112818256186,70.6800065113068
3768,41.01449966573052,112.85156249999999,87.61048818416037,258.5791169792176
3769,43.008633994236924,129.24,93.4089540446441,863.6894443493128
3770,32.0899512562803,117.7734375,87.60513087865193,894.4740612756493
3771,23.64331425576559,99.84374999999999,97.14902533573627,70.60246338474025
3772,36.42357364233115,101.6015625,94.59754622418848,9896.451382140389
3773,27.6158819838447,106.875,95.28273270114954,864.1218901304612
3774,29.65601354117841,120.23437499999997,94.49800739825633,926.9215935658192
3775,23.31795706533424,114.25781249999999,93.23400938787714,252.19255142577873
3776,25.613083216401805,114.60937499999999,91.70285250370597,220.65513679473892
3777,31.738394244764443,120.23437499999997,96.07051236110378,9928.068007159382
3778,29.65601354117841,118.125,97.11924862531379,847.0529721052901
3779,23.96948231775967,115.6640625,92.19727946573613,2863.1555517003326
3780,35.68533471265204,111.44531249999999,96.83522120179744,9886.510745343694
3781,37.16889965599944,121.28906249999999,93.16530188502426,875.160535535345
3782,48.922795160247304,119.86363636363636,92.58692111567684,254.4171546491147
3783,25.282603043311994,103.71093749999999,91.76197017895852,10.0
3784,25.944479772370002,105.8203125,88.91068659622327,15.215241375507592
3785,43.008633994236924,81.72,86.09146094780192,78.37888533025895
3786,31.38816646434855,117.7734375,89.2519553578639,72.54965475548858
3787,34.228866327812575,106.52343749999999,92.29572939314956,180.66124026339324
3788,42.60980697763761,88.92857142857143,90.81447345634749,193.2411797947767
3789,22.02431283704216,107.9296875,91.68438543403819,207.06342568880834
3790,39.838439976999084,98.4375,97.41471865855378,222.22483679139947
3791,44.59799149300626,80.70247933884298,90.46958045909234,38.32619987539698
3792,30.69158768492234,96.6796875,91.73221965755614,16.135133181442992
3793,27.6158819838447,108.98437499999999,88.03428936633976,874.7354011209331
3794,46.96497733995481,130.30434782608694,87.13831824326421,251.50787061314878
3795,29.65601354117841,120.23437499999997,95.12768937486408,228.14339202886134
3796,32.44286613851178,105.46875,93.00653190223095,862.8257509907819
3797,43.406858485936986,125.92741935483872,94.98544466065763,921.0827589598453
3798,41.01449966573052,121.9921875,88.23227993407899,224.01877224854917
3799,31.38816646434855,91.7578125,93.02141486025046,864.8394652909816
3800,37.54432510382694,100.546875,89.40372279505709,9886.99750193766
3801,22.993394314297802,108.98437499999999,89.10954767052466,924.6839132137839
3802,25.613083216401805,99.84374999999999,86.42106252883214,223.59453426502938
3803,21.702769403954846,100.546875,87.99583726887923,865.9239858498919
3804,38.68218745348943,105.11718749999999,90.0674741756224,69.039612062689
3805,22.346587898361136,108.28125,87.86397725787198,257.3213372701248
3806,34.95386525718846,102.3046875,97.47936792947027,9935.27885486207
3807,36.42357364233115,101.6015625,90.06124253869896,246.73930499926644
3808,45.78396716177502,85.04237288135593,87.99563407495532,4864.550273455492
3809,45.78396716177502,121.65254237288136,88.80258706990072,218.91467727012252
3810,28.971532223711293,113.90625,93.21224806097125,59966.40213591523
3811,34.59057497617661,117.42187499999999,87.36204250897354,846.1782898564295
3812,39.45089470914606,78.3984375,96.11207694411888,16.098633602019426
3813,30.345182969588258,111.09375,97.17712044388529,848.4498375254933
3814,39.065494664452594,116.71875000000001,89.315651521238,185.62892306666603
3815,31.38816646434855,118.47656249999999,91.70521319313693,12.254705313750128
3816,36.42357364233115,114.25781249999999,86.75160506356583,919.0248547624444
3817,25.613083216401805,118.828125,93.78165183840116,185.9189879840728
3818,25.613083216401805,114.60937499999999,91.2373221291525,911.6975624590265
3819,34.228866327812575,117.0703125,89.6134060511535,189.04992903892244
3820,36.42357364233115,103.71093749999999,88.88472848201744,75.81636568432707
3821,36.42357364233115,116.36718749999997,93.93711350354361,9922.41931045005
3822,25.944479772370002,111.44531249999999,91.26695854557109,207.45951707004346
3823,37.16889965599944,121.9921875,88.59316172705037,852.85783912677
3824,40.228184728061095,115.6640625,94.34734985599482,855.4521225602236
3825,43.80448796297494,87.4390243902439,92.93363826211441,257.3091266671315
3826,34.228866327812575,108.63281249999999,96.07356950760897,2917.3343862255438
3827,33.8687046016565,99.140625,87.86965007158474,874.8851206866293
3828,24.953020787727496,104.0625,95.25241555706394,218.01161539348197
3829,39.838439976999084,116.01562499999999,94.16503994908913,2858.065103210562
3830,36.05358859962301,116.71875000000001,87.84623293212499,70.60738770654827
3831,25.944479772370002,117.7734375,94.4141322063413,253.2383028797637
3832,25.613083216401805,118.828125,91.5946350726198,9881.74102608105
3833,36.05358859962301,118.828125,96.97768530861893,860.0997136467109
3834,34.59057497617661,118.828125,88.1323420745702,917.8536655230807
3835,37.54432510382694,114.60937499999999,93.80628024199443,868.5902033082681
3836,23.31795706533424,114.25781249999999,90.83953910262383,924.6074492253221
3837,42.60980697763761,88.92857142857143,97.118988091703,9871.195392313435
3838,23.31795706533424,114.25781249999999,90.27053424892358,185.2149971927429
3839,28.971532223711293,88.59375,97.18563530092261,66.12953339031262
3840,32.44286613851178,80.15625,96.51693004470434,238.1336012776733
3841,46.96497733995481,130.30434782608694,89.61755436374034,883.1519936819744
3842,34.228866327812575,117.0703125,95.4697776836287,88.72345059286408
3843,35.68533471265204,119.17968749999996,97.60029492797398,10.0
3844,41.01449966573052,112.85156249999999,89.39121189002732,202.76854781403125
3845,29.65601354117841,118.125,91.53292799410153,9913.589252990321
3846,22.346587898361136,108.28125,92.39206574917414,881.0733287478828
3847,31.738394244764443,118.125,89.92687931718586,217.40799899623045
3848,28.291548862929403,104.76562499999999,86.57892405387179,75.1289846157639
3849,44.59799149300626,82.1900826446281,89.02552320705574,206.0666198529462
3850,35.31877290301153,104.76562499999999,89.76513038497795,66.19957787639925
3851,43.008633994236924,129.24,91.62118542926918,41.247919975887996
3852,30.345182969588258,111.09375,88.48952545504164,2908.3238278977897
3853,22.993394314297802,108.98437499999999,96.22282943136996,19948.60358684665
3854,29.65601354117841,121.640625,94.50495523609624,63.95119186542487
3855,44.59799149300626,124.58677685950413,87.56303356907485,20.91099580604331
3856,36.42357364233115,109.3359375,93.89115540886192,199.45807762301263
3857,32.0899512562803,120.58593750000001,93.93282708889151,232.53469589092546
3858,35.68533471265204,114.25781249999999,97.11162388468406,79.93804201730407
3859,25.282603043311994,119.17968749999996,86.06195650385511,192.36123164872694
3860,25.613083216401805,99.84374999999999,89.33078802788009,78.38655131016922
3861,30.345182969588258,111.09375,96.79556805848372,904.9782758548321
3862,36.05358859962301,108.98437499999999,96.84156459336114,886.3824617559045
3863,39.065494664452594,121.640625,94.63994920602109,862.9799783115827
3864,43.008633994236924,81.72,95.02900807598648,213.87098634585655
3865,36.42357364233115,109.3359375,87.62271713258971,2910.927929712099
3866,35.31877290301153,101.24999999999999,92.3339842296677,9914.760287033714
3867,29.313198964168343,114.25781249999999,89.14684512746716,67.69191061166435
3868,29.65601354117841,120.23437499999997,88.61204066702831,87.08237765320922
3869,44.59799149300626,114.91735537190084,95.55199779475907,248.57352912052164
3870,35.68533471265204,106.52343749999999,88.05273024042857,35.335246565389085
3871,40.62018519067267,107.57812499999999,91.91737343798039,226.21392285484643
3872,41.01449966573052,79.8046875,96.90982503075055,846.953453147174
3873,25.282603043311994,103.71093749999999,88.6622359128333,247.6816140076971
3874,46.1781796469964,88.84615384615385,97.38177751851102,199.7532909225705
3875,35.31877290301153,106.171875,97.58396310442689,252.78928078327556
3876,41.01449966573052,117.7734375,92.8108024065715,9896.092817069097
3877,24.296477994805656,107.57812499999999,88.47790153377399,80.4078107696681
3878,31.738394244764443,111.796875,90.13451869298127,868.9732682665693
3879,39.45089470914606,106.52343749999999,91.3740157242878,16.541517010354273
3880,33.51005606625301,114.25781249999999,90.06802444365441,25.582084971666323
3881,27.6158819838447,101.953125,89.74850868088409,255.14161304246443
3882,22.66960987175038,112.85156249999999,97.31026040770895,40.71119685778687
3883,39.838439976999084,113.203125,88.27469494096644,10.0
3884,24.296477994805656,117.42187499999999,94.74967761285544,66.85683950136234
3885,23.31795706533424,116.36718749999997,80.83760247573676,258.40618648914733
3886,23.31795706533424,103.0078125,93.30333463632509,883.5977338895049
3887,29.999999999999993,116.36718749999997,96.6700650435686,79.01799637026703
3888,29.999999999999993,103.71093749999999,89.84173340029072,873.021508051831
3889,35.68533471265204,114.25781249999999,88.65899380783269,71.1624871288598
3890,27.27961273597809,110.0390625,93.90971512026587,856.5000322249479
3891,32.79716829582364,119.88281249999999,94.57118309639043,220.07418333138816
3892,29.313198964168343,115.6640625,94.33473897097204,868.662190823813
3893,35.31877290301153,118.828125,90.16601693789951,19934.015383240923
3894,27.6158819838447,101.953125,89.38532859575702,9859.591414731734
3895,25.613083216401805,118.828125,97.10787198267583,10.0
3896,41.81031489577859,126.21093749999999,96.74798759799461,2884.1884762828404
3897,25.282603043311994,117.0703125,91.79862969338357,25.611300548632634
3898,32.44286613851178,118.125,95.94584663260434,9886.083161377994
3899,24.953020787727496,116.71875000000001,91.73403768459245,187.4473697195709
3900,34.95386525718846,102.3046875,91.37267276089958,212.57151315664217
3901,36.05358859962301,114.60937499999999,88.31585145633692,35.48748343499942
3902,23.31795706533424,103.0078125,91.39876551321943,43.59132477339128
3903,39.065494664452594,115.31249999999997,92.57435515490016,890.6521484746692
3904,24.953020787727496,113.203125,86.75714409929753,9870.924651235693
3905,33.8687046016565,99.140625,91.62782561533703,855.6833550858025
3906,33.152887928619876,106.875,95.20000129310499,887.3689121160519
3907,37.54432510382694,120.23437499999997,94.24138217775572,901.2728908379385
3908,31.38816646434855,104.4140625,93.72199870403935,182.68088633436201
3909,37.16889965599944,118.47656249999999,96.6024057070835,17.261369221827657
3910,46.57184741344958,126.85344827586206,86.69016949085169,10.0
3911,38.3009224658677,105.46875,92.82938579028897,204.7026210859452
3912,48.922795160247304,119.86363636363636,95.27287167408139,177.3280655594284
3913,22.02431283704216,107.2265625,92.62526143724392,23.972403988060595
3914,22.346587898361136,106.875,90.21091746880072,70.00469917282405
3915,35.68533471265204,106.52343749999999,88.06741463234391,48.39291642945601
3916,27.95318688338113,120.58593750000001,96.3694553094254,2917.541300025786
3917,36.42357364233115,101.6015625,91.93681797249342,54.585632284982374
3918,29.313198964168343,106.52343749999999,96.2725834869048,251.5865052962422
3919,25.944479772370002,107.2265625,93.19236338973006,850.3645576099743
3920,22.66960987175038,100.89843749999999,94.17293611287812,253.05094204817115
3921,35.68533471265204,111.44531249999999,95.4785253146613,38.400856489789774
3922,26.61009781073391,119.17968749999996,93.99712388624276,196.7170518794904
3923,38.68218745348943,114.9609375,91.03899778612022,19.633743680976192
3924,21.061817601649295,110.39062499999999,92.33175074305338,215.99006120136485
3925,47.35757623319898,130.6578947368421,95.46374325747804,73.5670257688248
3926,30.69158768492234,118.47656249999999,90.73618221595656,257.59972054982046
3927,29.65601354117841,120.23437499999997,90.9157427367825,880.4224225337732
3928,28.971532223711293,103.359375,87.66268513480907,250.20039003000022
3929,42.60980697763761,93.21428571428571,96.65567462912189,225.65941138678212
3930,22.993394314297802,108.98437499999999,87.61847402423976,213.89996015596998
3931,40.62018519067267,107.57812499999999,93.86913559339354,925.3071456081049
3932,30.345182969588258,116.71875000000001,91.22785829545307,85.65103730678584
3933,39.838439976999084,118.125,91.132859952294,892.9065158971106
3934,37.54432510382694,117.42187499999999,94.23560360776796,899.9200426867012
3935,32.0899512562803,117.7734375,87.39101949224191,221.88945689790728
3936,35.31877290301153,104.76562499999999,93.27672779953758,191.3271961409404
3937,41.01449966573052,112.85156249999999,95.08661619484317,234.76164132555203
3938,41.01449966573052,120.58593750000001,95.76179757828095,36.10631877343165
3939,35.31877290301153,106.171875,88.48259656811071,17.53643895744004
3940,26.944358180475724,103.359375,96.47385312794954,43.328367835783574
3941,23.96948231775967,115.6640625,93.96193643867282,72.99603335190386
3942,43.80448796297494,86.70731707317073,96.31086091336387,243.1945933289091
3943,35.68533471265204,104.4140625,92.0705625396349,927.5515925993888
3944,43.406858485936986,121.57258064516128,92.63432898290051,92.04245640639526
3945,48.5322537274423,119.59459459459461,96.70285121132763,9854.973152600945
3946,29.65601354117841,121.640625,96.5002332657912,9889.320910473776
3947,30.69158768492234,117.0703125,91.68018952728822,9896.273116046112
3948,41.01449966573052,112.85156249999999,89.66902228318604,924.0623422673149
3949,39.45089470914606,109.3359375,90.97839127759529,208.00600830781673
3950,47.35757623319898,123.55263157894736,90.91131143128949,28.04353291570446
3951,24.953020787727496,99.140625,89.82810169400629,259.40142307966767
3952,22.346587898361136,113.90625,89.59451638822699,256.85983211565167
3953,41.81031489577859,118.47656249999999,96.09804183054727,1853.7056547790369
3954,39.45089470914606,106.52343749999999,87.41731727876234,19939.284925663887
3955,24.296477994805656,98.4375,94.21291287854413,244.19256911739257
3956,23.31795706533424,110.7421875,88.51032793333196,203.33740355487532
3957,35.31877290301153,106.171875,90.41303177871556,72.50774232006228
3958,45.78396716177502,85.04237288135593,87.33828785653901,10.0
3959,46.57184741344958,126.85344827586206,89.61232251792609,244.4323513821873
3960,31.38816646434855,110.0390625,95.05189634854142,256.06686991746415
3961,35.68533471265204,104.4140625,96.34321105521164,920.2564358910986
3962,46.96497733995481,124.04347826086956,89.04033031305823,243.29491714594715
3963,31.38816646434855,121.28906249999999,91.87035663458072,2919.3426116877754
3964,48.922795160247304,119.86363636363636,91.9327798902837,860.9094312230062
3965,26.276811557199977,106.171875,96.22611456661207,924.8984862570724
3966,37.54432510382694,116.01562499999999,95.00348010079647,57.74104281194889
3967,46.57184741344958,129.95689655172413,92.32662727849511,2850.0845042982005
3968,31.039240010397883,106.171875,94.13265709335731,875.096992723725
3969,35.68533471265204,107.2265625,95.95773219076993,66.35415670028588
3970,22.346587898361136,112.49999999999999,86.33716443878465,74.02441155947676
3971,32.0899512562803,105.11718749999999,91.09899361766381,4854.149116211983
3972,38.3009224658677,109.6875,96.57791346343619,12.150253791336436
3973,28.630989836924343,119.88281249999999,94.80983277225019,232.75426449559234
3974,38.3009224658677,105.46875,92.64482645674705,195.3824669828828
3975,23.64331425576559,103.359375,92.47924733409491,872.062213138586
3976,36.05358859962301,108.98437499999999,90.44504203935924,924.6853879448244
3977,32.0899512562803,119.17968749999996,92.3951960010143,207.14180686216824
3978,45.78396716177502,85.04237288135593,93.9530164661831,223.8204997364116
3979,35.31877290301153,116.01562499999999,91.29471966252979,9936.304271640076
3980,25.282603043311994,117.0703125,94.58454651521507,907.8893077351332
3981,25.944479772370002,111.44531249999999,96.09977463853794,2897.5177328214913
3982,39.838439976999084,119.53125,88.29068244350871,226.79403745263133
3983,39.45089470914606,76.2890625,91.72399333291888,91.42738842505412
3984,25.613083216401805,99.84374999999999,91.16264824262095,220.05006071282563
3985,23.31795706533424,112.85156249999999,94.32812445826877,887.4418397885504
3986,43.406858485936986,81.65322580645162,89.35550419163827,42.475042702084146
3987,34.59057497617661,109.6875,93.77671791007666,184.60008304554475
3988,36.79533013738011,114.60937499999999,96.26617640282126,17.81365572678464
3989,24.296477994805656,98.4375,91.2917257329514,225.1858173289244
3990,43.80448796297494,80.85365853658537,96.61787339170975,921.0123127583845
3991,40.228184728061095,120.58593750000001,97.57001326623977,10.0
3992,27.27961273597809,110.0390625,87.7615035067636,875.1511595795768
3993,45.78396716177502,121.65254237288136,89.1624179426428,4908.9602993698945
3994,33.8687046016565,109.6875,97.03914256480216,92.54732448469295
3995,34.95386525718846,115.6640625,97.13776183989543,880.6715762050052
3996,36.79533013738011,94.92187499999999,87.68184814843227,9924.448122554188
3997,35.68533471265204,105.8203125,86.56767861807408,9902.141201913058
3998,32.79716829582364,119.17968749999996,88.36838018142723,91.76238418837298
3999,41.01449966573052,112.85156249999999,97.60536467491022,38.90143966377266
4000,31.38816646434855,104.4140625,88.59728362284939,57.733503577805465
4001,25.944479772370002,107.2265625,92.22962721969535,883.2042218362612
4002,26.944358180475724,104.76562499999999,95.96860937751833,890.356192838486
4003,41.411188638099254,123.04687499999996,86.72565513924306,874.8234659650558
4004,41.411188638099254,82.265625,93.39256145993814,201.0494491299326
4005,38.68218745348943,117.0703125,89.70239608314901,66.17503468642047
4006,36.42357364233115,115.6640625,96.11106142340397,846.642881048557
4007,35.68533471265204,119.88281249999999,89.78459998734708,238.05580262813646
4008,28.971532223711293,88.59375,94.31983363267581,891.2833125920511
4009,45.38920300540005,85.08403361344538,94.17325783645691,227.44536477175222
4010,46.57184741344958,124.52586206896551,89.03997437838962,201.6916124674218
4011,35.68533471265204,103.71093749999999,86.94126435652205,190.36895006920057
4012,28.630989836924343,88.24218749999999,91.1779038622167,82.54934316968702
4013,40.62018519067267,117.42187499999999,89.85781548404222,183.41601422491354
4014,29.999999999999993,121.28906249999999,95.53587911272204,36.74117451188046
4015,38.68218745348943,105.11718749999999,95.43113820903635,203.75183380689236
4016,24.296477994805656,117.42187499999999,91.79484382355977,13.860384713643676
4017,23.96948231775967,109.3359375,93.41429523702953,72.70887416415192
4018,37.54432510382694,102.65624999999999,93.39009652189762,896.6906708696571
4019,39.45089470914606,98.0859375,95.75100292253929,198.3894918264639
4020,35.31877290301153,100.546875,91.3806077566191,873.0147488965043
4021,39.45089470914606,121.9921875,89.6822302932309,887.6806862722456
4022,29.313198964168343,106.52343749999999,89.5492397242566,846.7707823596623
4023,25.282603043311994,99.4921875,92.55844505094498,9895.91327945375
4024,29.313198964168343,106.52343749999999,91.69296178798677,10.0
4025,25.613083216401805,118.828125,91.57618139431989,894.2433530350809
4026,35.68533471265204,107.2265625,87.61943375361028,9896.067924438325
4027,41.01449966573052,79.8046875,94.62287457942465,2857.942005248045
4028,27.6158819838447,108.98437499999999,88.9578111133433,65.43503094895988
4029,36.42357364233115,114.9609375,88.78003935156457,198.72829019110148
4030,29.313198964168343,106.52343749999999,91.2222160745287,67.22555252386425
4031,38.3009224658677,101.953125,89.10654500551439,852.8373847138453
4032,44.20152985105137,129.4672131147541,93.17094529933972,886.2648979002898
4033,19.47122063449069,109.3359375,90.70904609596847,196.28466715267908
4034,41.411188638099254,125.859375,91.68990264065127,252.05236516498502
4035,21.381942579838878,109.3359375,92.57113825033963,879.8532894931468
4036,22.02431283704216,100.89843749999999,88.84975695612962,222.4259435968802
4037,26.276811557199977,117.42187499999999,88.30360274242996,2848.5883661167272
4038,29.65601354117841,120.23437499999997,96.29619421383822,904.1610857644837
4039,31.38816646434855,118.47656249999999,91.49342783182335,24.894466652392328
4040,24.62431835216408,118.47656249999999,91.21361726448463,858.8117096278531
4041,37.921650784291785,113.5546875,86.95343858918045,91.91804647768947
4042,34.228866327812575,108.63281249999999,92.18751581190966,256.56820323306994
4043,30.345182969588258,114.60937499999999,92.7919981478661,9892.766025568979
4044,35.31877290301153,100.546875,92.85268316498039,2876.9640972639972
4045,35.31877290301153,117.42187499999999,94.52321277501494,218.20802688727423
4046,36.79533013738011,79.45312499999999,88.56678937534417,189.87636150127227
4047,31.738394244764443,118.828125,89.38559340876843,91.55680936729709
4048,24.62431835216408,98.78906249999999,95.55719213462118,250.2994256620646
4049,40.228184728061095,107.2265625,97.00083836476581,44.36724262923308
4050,23.31795706533424,116.36718749999997,88.06356536587793,254.50147821879335
4051,28.971532223711293,105.46875,92.18450576897084,10.0
4052,25.613083216401805,118.828125,88.96246713028872,197.98349117286776
4053,31.738394244764443,111.796875,87.31975137228245,85.8734210976088
4054,26.61009781073391,107.9296875,90.2266841399591,9917.693496355945
4055,48.5322537274423,119.59459459459461,88.15748898565225,890.8034152278954
4056,25.613083216401805,99.84374999999999,94.5482036772771,204.45293134478533
4057,46.57184741344958,126.85344827586206,92.52639688232657,35.96146389591409
4058,23.96948231775967,99.4921875,88.15926751653089,246.35958887472805
4059,19.788049410669572,110.39062499999999,86.32460900149447,83.32599399905463
4060,37.921650784291785,115.6640625,95.52589939355377,251.28090174094484
4061,40.228184728061095,117.0703125,88.55119661186463,923.3989809633125
4062,26.944358180475724,114.60937499999999,93.4111200687205,857.2040158671778
4063,39.065494664452594,116.71875000000001,90.33865984270058,862.6293330375435
4064,24.62431835216408,118.47656249999999,93.18842982181796,252.4343865242003
4065,43.406858485936986,125.20161290322581,90.13009342422625,4861.143196791007
4066,42.60980697763761,128.92857142857142,87.57955485883447,4903.537102475673
4067,22.02431283704216,107.2265625,89.0554016866902,245.33731674943894
4068,29.313198964168343,112.85156249999999,88.68581986118782,193.44798361977797
4069,24.953020787727496,118.828125,91.41963538420207,232.0151663042566
4070,37.16889965599944,117.7734375,93.98693098636241,72.76545305544659
4071,29.313198964168343,115.6640625,89.53354357589383,863.3998735667421
4072,31.039240010397883,121.640625,86.44402809262107,242.1705433843328
4073,30.69158768492234,118.47656249999999,92.38061165281628,40.067626576369925
4074,28.971532223711293,88.59375,93.40620931006377,77.12079516324494
4075,31.38816646434855,116.36718749999997,97.1941297372917,237.04077724336952
4076,35.31877290301153,118.828125,93.23123543639663,2886.62451757007
4077,38.3009224658677,109.6875,91.94059648052747,258.792679274994
4078,26.944358180475724,119.53125,93.04184852834292,877.0237680216512
4079,39.45089470914606,76.2890625,96.79672421694924,201.78910506277379
4080,28.971532223711293,117.42187499999999,95.763490435701,260.05144748335834
4081,39.45089470914606,109.3359375,90.20192672551563,228.95461725554418
4082,29.999999999999993,101.6015625,89.20691820063489,870.2691780158638
4083,27.27961273597809,103.71093749999999,89.51856758327172,19.360886958441636
4084,39.838439976999084,109.6875,92.2468855115114,240.4676431660049
4085,45.38920300540005,126.68067226890754,94.84201044355123,190.99926472938967
4086,42.2103698396502,121.53543307086615,92.23581408454763,198.5690234411978
4087,30.69158768492234,121.28906249999999,87.39769479262513,9899.774404461261
4088,24.62431835216408,98.78906249999999,94.6657356492245,71.24829176475879
4089,46.1781796469964,121.92307692307692,95.49930644205816,194.8233585815401
4090,27.6158819838447,106.875,89.86170761844434,244.62763069586703
4091,36.79533013738011,121.640625,94.0552369317696,2858.7976101307627
4092,34.228866327812575,119.17968749999996,91.40116963011201,221.2551617836782
4093,23.31795706533424,112.85156249999999,96.38593998918222,895.8148345298251
4094,36.79533013738011,94.92187499999999,95.93593533192876,2851.260442209079
4095,34.228866327812575,108.63281249999999,92.44044100886615,194.51525320411918
4096,48.922795160247304,119.86363636363636,94.37537005427706,215.25803495060052
4097,44.20152985105137,129.4672131147541,96.32616224875888,206.1835918789452
4098,38.68218745348943,100.1953125,92.16670293546204,922.6433183250513
4099,46.96497733995481,124.04347826086956,90.10652963409642,16.914677941876626
4100,29.999999999999993,106.52343749999999,94.92482836850944,194.11529255948525
4101,35.31877290301153,116.01562499999999,89.02485600212536,876.3826971948015
4102,32.0899512562803,119.17968749999996,90.92082625254633,258.5551947976668
4103,41.01449966573052,122.6953125,96.14578416693215,226.1740489321859
4104,37.54432510382694,100.546875,94.67298376560177,252.16309516451935
4105,29.313198964168343,91.05468749999999,91.11042121586891,77.09597637457512
4106,22.346587898361136,106.875,88.96848622085687,224.77686854377055
4107,45.78396716177502,85.04237288135593,90.52543820520603,242.57436040853483
4108,23.96948231775967,100.1953125,89.7928130961227,2902.0324215337855
4109,31.38816646434855,117.7734375,88.54992346688456,182.18468926245598
4110,31.738394244764443,118.828125,94.8358396942728,2864.2374019873323
4111,33.51005606625301,110.0390625,89.38363596323667,865.7806531393885
4112,44.59799149300626,85.9090909090909,91.75789188587646,10.0
4113,43.80448796297494,126.21951219512195,90.8876753482337,890.0162673363789
4114,30.69158768492234,112.1484375,97.43245189764606,13.460609532496887
4115,36.79533013738011,120.9375,90.95260475161663,19947.091678008437
4116,23.31795706533424,103.0078125,87.51346261882723,2869.6847068364
4117,35.68533471265204,117.7734375,87.60697368169286,191.3380141593152
4118,41.81031489577859,118.47656249999999,93.24501660780952,181.32625095798952
4119,28.291548862929403,104.76562499999999,93.33750383173535,212.42265032922845
4120,37.921650784291785,114.9609375,91.29984176569464,206.0859981652746
4121,32.79716829582364,112.1484375,91.46910769574271,210.14030684603352
4122,28.630989836924343,88.9453125,87.22779383551942,196.58622380050625
4123,23.64331425576559,99.84374999999999,92.35858681711476,858.814153919918
4124,26.276811557199977,107.57812499999999,92.24981897945692,64.0097968966332
4125,29.313198964168343,115.6640625,88.22848320020645,926.6003330677423
4126,28.971532223711293,88.59375,87.74010320031186,916.4771374827861
4127,22.993394314297802,114.60937499999999,87.92756769295322,236.2513323272824
4128,37.54432510382694,100.546875,87.71339737392502,2847.1319195250285
4129,51.64299443168207,124.51456310679612,93.44862650716793,178.752349500957
4130,38.3009224658677,105.46875,88.77505059710589,10.0
4131,39.838439976999084,109.6875,89.37546456250291,858.2336678942285
4132,29.65601354117841,121.640625,88.5194369444585,231.59456364260487
4133,29.999999999999993,113.5546875,97.13165228324252,258.98669056780096
4134,31.039240010397883,120.23437499999997,96.03206796214064,2899.9368388671646
4135,48.5322537274423,119.59459459459461,89.13531903697958,9915.443961633155
4136,27.95318688338113,120.58593750000001,90.24691441615204,862.8297300444318
4137,37.16889965599944,117.7734375,88.91709581418714,901.9017225468672
4138,29.313198964168343,91.05468749999999,92.13131871159217,32.41248457222211
4139,31.738394244764443,111.796875,86.71380845071884,62.61635417588068
4140,36.42357364233115,95.2734375,94.13991577648065,892.6009598268308
4141,41.81031489577859,118.47656249999999,92.41949404093984,224.93954248987336
4142,43.406858485936986,81.65322580645162,96.4867744861297,228.5999648834545
4143,25.282603043311994,112.85156249999999,88.40825942309597,194.16207455873302
4144,23.31795706533424,103.0078125,95.47667810952271,854.6607158218012
4145,29.65601354117841,102.65624999999999,95.32895561333461,72.2184302388105
4146,43.406858485936986,126.65322580645162,87.96185032981849,860.5575495844924
4147,35.68533471265204,112.85156249999999,91.04525625850462,67.75456878431568
4148,27.95318688338113,120.58593750000001,88.47802144987267,24.564764873578362
4149,26.61009781073391,112.1484375,89.41749254040653,199.6151723055117
4150,42.60980697763761,88.92857142857143,89.526391910549,90.27438261706483
4151,51.64299443168207,124.51456310679612,92.81884722539134,2888.213609822203
4152,28.291548862929403,92.10937499999999,91.204786027331,21.080221890531625
4153,36.42357364233115,109.3359375,97.00679323924403,68.86004364587693
4154,39.065494664452594,117.42187499999999,87.95414538075461,254.36222932756675
4155,48.922795160247304,119.86363636363636,97.32840642373702,237.40061504948716
4156,32.44286613851178,118.125,89.13684224500307,17.505800450588595
4157,24.62431835216408,98.78906249999999,95.09685674382268,10.0
4158,22.66960987175038,112.85156249999999,90.35874358402984,19894.788253876894
4159,31.738394244764443,120.23437499999997,88.15014660122448,870.1801786846812
4160,33.152887928619876,108.28125,96.06555629603623,208.40241456448882
4161,43.80448796297494,87.4390243902439,90.06348086826684,234.73425339979156
4162,32.0899512562803,119.17968749999996,93.99361455264734,183.617526621758
4163,36.05358859962301,116.01562499999999,92.95145476737851,203.2546049122718
4164,30.345182969588258,104.0625,91.94597405640233,867.228661073493
4165,35.68533471265204,100.1953125,92.167646833079,2881.2123261736724
4166,39.45089470914606,119.17968749999996,94.74029069030952,71.81194424793833
4167,43.406858485936986,81.65322580645162,87.58747171643074,924.906103693709
4168,37.16889965599944,100.1953125,94.102648335349,47.23739447822691
4169,43.406858485936986,82.37903225806451,96.45683179001934,83.9325060263974
4170,41.01449966573052,125.5078125,87.28553308233784,14.098174156562388
4171,21.702769403954846,111.796875,88.12073906816357,54.79953302133313
4172,34.59057497617661,101.24999999999999,94.60589360456908,2920.2883723330037
4173,32.44286613851178,80.15625,91.53945401929619,231.97799517874435
4174,24.296477994805656,101.953125,91.1071655069759,30.00010247853858
4175,19.15501007356373,109.6875,88.07608734602863,9897.70338102494
4176,31.38816646434855,121.28906249999999,92.26852479347451,2876.885136150773
4177,25.613083216401805,98.4375,87.95580948862364,899.0759697867485
4178,37.16889965599944,121.28906249999999,91.99078316741988,4917.891695315807
4179,37.54432510382694,115.31249999999997,95.0105095288446,85.95004578641466
4180,35.68533471265204,114.25781249999999,89.46275861849908,923.7025485766826
4181,29.313198964168343,106.52343749999999,92.0291582100936,879.5731058787853
4182,28.971532223711293,88.59375,97.55577155443815,2866.424790479707
4183,37.16889965599944,100.1953125,94.31860246859608,911.8070016730146
4184,42.2103698396502,125.78740157480314,95.89633562808753,203.661087331939
4185,29.999999999999993,110.7421875,91.24924343751076,905.0198700338542
4186,42.2103698396502,118.7007874015748,95.04707241116517,182.59113675655996
4187,31.38816646434855,118.47656249999999,87.02677331288577,199.17252490635082
4188,28.971532223711293,118.828125,87.92128526640938,41.87624967687711
4189,28.630989836924343,104.4140625,88.84483226669514,9854.824609408388
4190,27.27961273597809,112.1484375,91.08735343986021,189.74837171160846
4191,24.296477994805656,101.953125,95.94125093227109,247.31779699146642
4192,33.51005606625301,110.0390625,90.43029267702961,214.90268186473998
4193,27.6158819838447,99.140625,93.94410685817583,9898.053509645983
4194,30.345182969588258,114.60937499999999,94.54287481881387,200.79140692253978
4195,40.62018519067267,109.6875,93.19591075450647,906.2701756034904
4196,47.35757623319898,129.86842105263156,90.53792747974543,2850.1751657155464
4197,37.921650784291785,102.3046875,93.08928962270257,226.0028438285987
4198,34.95386525718846,116.36718749999997,90.39106237924096,211.6029891668995
4199,30.345182969588258,113.90625,87.55042954850218,896.9847231500568
4200,24.62431835216408,98.78906249999999,97.56554929614879,2915.2953927560566
4201,40.62018519067267,120.9375,87.96186234176692,899.1511012164608
4202,42.60980697763761,128.92857142857142,87.4409386787006,88.69796718485775
4203,22.346587898361136,100.546875,96.27683695072035,2887.438813719519
4204,43.008633994236924,93.24,89.9945784019299,213.96219980779404
4205,34.228866327812575,119.17968749999996,93.89354675393143,845.2766894861126
4206,31.039240010397883,97.03124999999999,90.26103017308729,922.2151657197172
4207,32.44286613851178,118.828125,90.9570968373497,73.48684416246086
4208,43.80448796297494,87.4390243902439,89.51191738721373,908.0682715628963
4209,45.38920300540005,85.08403361344538,90.39869584869233,851.2861215064545
4210,43.008633994236924,81.72,91.195905958035,2893.141829372726
4211,31.039240010397883,97.03124999999999,94.63848216679725,67.03647658875153
4212,32.0899512562803,105.11718749999999,92.31243117738873,222.26107718273792
4213,39.45089470914606,109.3359375,96.96264876529993,922.6394848347845
4214,29.999999999999993,119.88281249999999,87.04730785243385,10.0
4215,25.613083216401805,113.203125,92.23442411777539,43.56328704961221
4216,46.57184741344958,129.95689655172413,93.17488249167914,19908.81308165162
4217,33.51005606625301,109.3359375,96.71512464512077,187.08846812569428
4218,28.971532223711293,105.46875,87.15630053489326,9925.215745887766
4219,39.065494664452594,116.71875000000001,93.04312115857385,71.1841737329523
4220,37.54432510382694,118.125,96.02195986363361,207.3214008677111
4221,30.345182969588258,111.09375,89.25642004023344,898.5293712766902
4222,23.96948231775967,115.6640625,96.25392537470357,869.8617319511516
4223,25.944479772370002,117.7734375,86.70531557127114,846.7518066325266
4224,31.38816646434855,121.28906249999999,94.74215701814516,249.64362657420543
4225,27.6158819838447,99.140625,96.85193772765356,925.834328841298
4226,36.42357364233115,117.7734375,93.97423171624807,91.76999132283467
4227,29.999999999999993,120.58593750000001,91.562061215198,227.7238733895695
4228,34.228866327812575,108.63281249999999,87.09224328498155,60.54929273162714
4229,40.62018519067267,112.49999999999999,96.7142436515145,851.2194344190501
4230,28.630989836924343,105.11718749999999,91.9325235607482,179.6046255897886
4231,31.738394244764443,111.796875,86.85437044115997,200.48876471030567
4232,36.42357364233115,114.25781249999999,94.35567466030055,234.93945752823586
4233,23.64331425576559,113.203125,92.03884093617073,10.011918623746304
4234,47.35757623319898,88.02631578947368,87.93490954796096,35.60519717391958
4235,37.16889965599944,100.1953125,88.96347929744844,878.3485188291548
4236,45.38920300540005,85.08403361344538,87.3662904965886,224.33895588118742
4237,26.944358180475724,118.125,93.05343578468927,2860.795263953052
4238,28.630989836924343,106.52343749999999,93.5809823463706,880.9842556463971
4239,36.79533013738011,79.45312499999999,92.25905710625777,10.0
4240,29.313198964168343,113.5546875,95.63467161473115,857.4813068065482
4241,35.68533471265204,106.52343749999999,96.09748792441265,36.3069811292475
4242,27.27961273597809,114.9609375,93.51217863255647,906.9899061963752
4243,34.59057497617661,113.203125,86.47301552313094,19914.1060826742
4244,35.31877290301153,100.546875,94.41891349350702,249.96946308299556
4245,23.31795706533424,116.36718749999997,91.29001320556952,877.3989545561082
4246,39.065494664452594,111.796875,92.93994171757026,92.69903646460956
4247,42.60980697763761,93.21428571428571,93.87932455760046,226.50208323260782
4248,31.039240010397883,92.10937499999999,90.46922981625221,2850.9446217696013
4249,22.346587898361136,108.28125,96.68230449897604,65.2505476071787
4250,36.05358859962301,113.90625,88.03985238947428,183.36317044730913
4251,44.993880150457116,82.125,94.14159711143486,228.4666849202006
4252,36.79533013738011,116.71875000000001,86.11847975587281,886.2832607458081
4253,33.51005606625301,117.7734375,96.76230416695337,211.0293837282695
4254,41.01449966573052,112.85156249999999,87.82241829801993,4865.409484128755
4255,29.65601354117841,120.23437499999997,87.65502921866002,36.59453340721677
4256,18.52439107386577,108.98437499999999,90.30027464504094,209.7558019433242
4257,34.59057497617661,111.09375,90.73513980201751,885.2899680516107
4258,36.42357364233115,109.3359375,88.96377866873195,88.25041026630328
4259,35.68533471265204,112.1484375,93.18451673609623,869.4501352821669
4260,43.008633994236924,128.51999999999998,91.61231634858952,63.991454172933466
4261,24.296477994805656,116.01562499999999,86.9319255539857,21.483490882465993
4262,35.31877290301153,103.359375,90.169303886258,47.02496093385252
4263,35.68533471265204,100.1953125,95.55357390646911,4886.002830712627
4264,29.65601354117841,120.23437499999997,94.35427700314919,255.1222222633965
4265,34.95386525718846,115.6640625,94.67684631649162,911.636429643731
4266,29.65601354117841,101.953125,94.44644420411507,200.19102230080688
4267,44.993880150457116,82.125,90.08419329189772,850.2297053398548
4268,25.613083216401805,98.4375,87.70043629198743,240.88180705043652
4269,22.993394314297802,111.796875,89.64417286843033,9873.369891013775
4270,29.65601354117841,101.953125,95.79836501460295,896.9331150648318
4271,22.66960987175038,112.1484375,97.41251718012859,891.7983791560887
4272,41.411188638099254,120.23437499999997,92.14947631175413,17.702657587613366
4273,34.228866327812575,117.0703125,86.34397914334565,254.60042643174435
4274,30.69158768492234,114.9609375,88.11336885946918,233.87158771638843
4275,31.38816646434855,120.58593750000001,90.19311898208167,4866.415030588203
4276,35.68533471265204,112.85156249999999,93.10919261805894,181.30889080577467
4277,36.79533013738011,114.60937499999999,87.46701866740854,184.4407141656491
4278,42.60980697763761,128.92857142857142,96.96044642356065,219.92038571320396
4279,35.68533471265204,103.71093749999999,90.62988615804107,177.80580320150312
4280,41.01449966573052,112.85156249999999,96.63448765845064,50.232871709518285
4281,27.6158819838447,106.875,95.18985479894474,2852.439530239502
4282,40.228184728061095,114.9609375,94.9400811991107,256.758311882196
4283,45.38920300540005,126.68067226890754,93.41652264888607,2856.9121662967473
4284,31.738394244764443,101.953125,93.63205367821337,922.1244655756448
4285,30.69158768492234,96.6796875,93.7525732231596,187.50169401074885
4286,24.296477994805656,98.4375,93.65286715072277,254.11598474789673
4287,31.38816646434855,117.7734375,92.7862625485224,32.18048593321016
4288,36.42357364233115,101.6015625,97.48626163289367,2917.964450701603
4289,25.944479772370002,107.2265625,94.74074413544709,218.14442296615016
4290,32.44286613851178,118.125,95.1463777602724,215.49019903261797
4291,44.20152985105137,87.41803278688525,96.21472745666182,192.69480036753242
4292,31.738394244764443,120.23437499999997,88.97796911759964,232.2851230944975
4293,23.64331425576559,106.171875,87.54976854366113,179.90923735474516
4294,35.68533471265204,107.2265625,92.04857983431592,210.77072345441445
4295,37.54432510382694,100.546875,92.33587143256699,912.722126061212
4296,41.81031489577859,120.58593750000001,95.77171618795268,923.0652923789775
4297,41.411188638099254,120.23437499999997,91.62356410591178,193.05260043633
4298,34.95386525718846,102.3046875,93.00873850665785,234.3787824674033
4299,30.69158768492234,96.6796875,92.45553912468311,2871.025055325812
4300,44.20152985105137,129.4672131147541,86.99223428274217,20.18474588489756
4301,22.993394314297802,111.796875,93.50777976237241,2888.387313501199
4302,27.27961273597809,114.25781249999999,95.76006291423542,85.57888488544758
4303,31.039240010397883,97.03124999999999,88.3247849441799,876.1206203137726
4304,25.282603043311994,110.0390625,93.28345179587853,847.1827048165738
4305,44.20152985105137,129.4672131147541,93.2757047428052,255.4205417762653
4306,34.228866327812575,117.0703125,88.40574360784876,2854.643494190252
4307,29.999999999999993,103.71093749999999,87.92653298270005,39.388855110943396
4308,25.282603043311994,110.0390625,97.407319961304,203.79471003303965
4309,26.61009781073391,119.17968749999996,90.9852000721662,251.73800919002056
4310,38.3009224658677,112.49999999999999,89.10276764245312,916.1414050463247
4311,22.993394314297802,112.49999999999999,88.49221501984067,84.50230454468021
4312,42.60980697763761,128.92857142857142,94.0958790928144,913.6213656775653
4313,24.296477994805656,102.65624999999999,93.44580244159611,216.9850489879753
4314,22.346587898361136,108.28125,93.81468387969407,73.69070683563578
4315,40.62018519067267,78.04687499999999,87.58968629361685,900.3734970576695
4316,28.291548862929403,120.23437499999997,96.4327075586032,35.19713550011695
4317,46.57184741344958,129.95689655172413,90.92994933973466,245.84982578716148
4318,35.68533471265204,117.0703125,90.10769332591019,24.584302938345328
4319,33.152887928619876,116.71875000000001,91.8594274475686,206.14890052826829
4320,31.38816646434855,119.88281249999999,90.93987176248275,852.7675735455578
4321,22.993394314297802,103.359375,96.12377503810504,256.21651660647825
4322,29.313198964168343,106.52343749999999,96.81113344977513,218.2428802660968
4323,33.8687046016565,94.21875,90.01045068867958,224.35851513473983
4324,25.944479772370002,117.7734375,96.12744764798806,88.55783573795908
4325,22.66960987175038,107.2265625,95.20203093254145,231.08640566432874
4326,47.35757623319898,88.02631578947368,96.82751658331688,9886.445443832048
4327,22.02431283704216,110.0390625,89.30291534567607,1870.7583407753066
4328,43.80448796297494,87.4390243902439,93.08806593705556,56.5358022239168
4329,25.613083216401805,99.84374999999999,89.67070773460823,11.194119959829232
4330,38.3009224658677,115.31249999999997,95.71964426884408,4918.362720166115
4331,42.2103698396502,123.66141732283464,86.15920775959546,248.85401177725436
4332,34.95386525718846,114.25781249999999,92.93034986358064,251.6339808678403
4333,29.65601354117841,90.703125,90.36103344048549,906.925033418821
4334,36.05358859962301,116.71875000000001,90.19903356451756,195.686758246974
4335,45.78396716177502,126.22881355932203,93.83051761303099,237.6113121449999
4336,30.69158768492234,110.7421875,95.99999940299237,9913.247578670927
4337,23.64331425576559,99.84374999999999,93.44311793969077,874.1940224290806
4338,36.05358859962301,117.42187499999999,96.01728266619605,59.87879769532902
4339,39.838439976999084,109.6875,89.5436475770762,51.82061892449029
4340,34.95386525718846,116.36718749999997,92.38581180772745,79.71949129584323
4341,45.78396716177502,85.04237288135593,91.71092154312714,902.7024675656542
4342,25.613083216401805,114.60937499999999,86.42608213672571,190.84491796838165
4343,25.282603043311994,100.1953125,92.82632704295331,10.0
4344,31.039240010397883,104.76562499999999,94.02482038555031,9870.650034324728
4345,36.42357364233115,109.3359375,93.25748472272349,66.15008705353861
4346,25.944479772370002,99.4921875,94.77509985025583,10.0
4347,31.738394244764443,101.953125,93.01505888632727,92.6273399659935
4348,25.282603043311994,99.4921875,87.38775645334024,91.80149793556336
4349,29.999999999999993,109.3359375,87.85986151106282,222.5927793093983
4350,26.61009781073391,119.17968749999996,93.30647032802258,2923.7853505006574
4351,30.69158768492234,105.8203125,89.67625902027594,2877.1033485081443
4352,35.31877290301153,101.953125,87.51025775808833,231.3401229409657
4353,22.66960987175038,112.85156249999999,91.4401183998066,219.8084796870561
4354,32.44286613851178,118.828125,92.7939842353741,255.93910946278527
4355,30.69158768492234,120.58593750000001,90.25848303247315,177.8269382896729
4356,39.838439976999084,113.203125,94.63863402154412,19.99295938279621
4357,29.999999999999993,101.6015625,93.81723847487113,9862.039172044444
4358,31.38816646434855,104.4140625,90.29841855871791,72.8208567571906
4359,40.62018519067267,109.6875,94.93521768476128,77.41650169513179
4360,45.38920300540005,126.68067226890754,93.87481647745822,235.24272794598244
4361,30.69158768492234,119.88281249999999,93.74658070105723,240.04471573448467
4362,26.944358180475724,111.09375,92.7823582192133,10.0
4363,32.79716829582364,108.63281249999999,86.41530569922276,57.604766499983214
4364,39.45089470914606,78.3984375,94.43258128217691,211.59872800683956
4365,29.313198964168343,93.8671875,90.7658562730911,877.685716250037
4366,44.20152985105137,129.4672131147541,96.9525277155616,89.20541226140115
4367,34.95386525718846,115.6640625,95.64540449371817,222.84580180838438
4368,41.01449966573052,112.85156249999999,93.21215397339917,256.52477905124175
4369,40.62018519067267,109.6875,89.38506776452263,2887.7614104072577
4370,40.228184728061095,107.2265625,88.85168339243423,198.54030155827718
4371,35.68533471265204,100.1953125,90.37261884523748,51.950816475819245
4372,45.78396716177502,121.65254237288136,91.99029941378113,239.45775728457906
4373,35.68533471265204,107.2265625,89.93800350323312,896.6759459103448
4374,33.152887928619876,106.875,92.34369067896262,42.64366289061125
4375,33.8687046016565,99.140625,88.42010138804301,223.2642599718409
4376,36.05358859962301,117.42187499999999,97.37829565249179,10.0
4377,24.953020787727496,102.65624999999999,87.7789123044255,12.678014857244959
4378,41.81031489577859,124.10156249999997,96.83955442520265,237.87351063367657
4379,33.51005606625301,117.0703125,96.64501425138697,191.55201385592937
4380,44.993880150457116,82.125,92.43978219029026,926.3368452622816
4381,44.59799149300626,114.91735537190084,94.67718578249406,853.0924157849206
4382,31.38816646434855,110.0390625,91.52349919024525,230.5976010018413
4383,31.738394244764443,120.23437499999997,93.66697350821832,219.0652204647673
4384,24.296477994805656,107.57812499999999,90.37449285562604,241.45678813025953
4385,31.738394244764443,113.90625,89.987952760102,15.37987072627909
4386,22.66960987175038,113.5546875,93.10457334554935,2892.520664124499
4387,45.78396716177502,85.04237288135593,92.18892868964792,59913.16607743769
4388,43.406858485936986,87.45967741935485,93.12154775691953,70.77399456666579
4389,46.1781796469964,121.92307692307692,89.82546668209393,46.77645923061618
4390,40.62018519067267,109.6875,90.65314102309857,55.88567210196226
4391,32.44286613851178,118.828125,87.5506596582327,870.8411213629356
4392,29.65601354117841,94.21875,87.2029914703532,870.9658660533412
4393,46.1781796469964,121.92307692307692,89.4013553673604,927.1860611575117
4394,22.993394314297802,114.60937499999999,87.45897419589825,898.2149151903884
4395,24.953020787727496,109.6875,87.7394887642881,229.53373623151737
4396,37.54432510382694,102.65624999999999,95.58391908700963,856.3185242231721
4397,44.59799149300626,124.58677685950413,87.00228145667452,879.0586297211815
4398,41.01449966573052,117.7734375,93.99463634000126,245.3406435671298
4399,42.60980697763761,129.64285714285717,89.64532966228833,236.0426797252903
4400,42.60980697763761,128.92857142857142,96.20533995328921,866.0387298704514
4401,33.152887928619876,120.23437499999997,92.06790546418216,256.5572429635499
4402,39.065494664452594,87.890625,90.03127216722729,865.690483109911
4403,36.42357364233115,114.25781249999999,92.36865037139513,856.3183470754472
4404,21.381942579838878,110.7421875,90.83926579523715,888.3778141895646
4405,28.971532223711293,88.59375,92.92361901495516,865.3471635943563
4406,22.66960987175038,107.2265625,87.84169128135837,247.09717131357317
4407,41.81031489577859,118.47656249999999,97.61749637722907,877.1026977053692
4408,36.05358859962301,116.71875000000001,91.38776745561272,229.48166024706538
4409,31.738394244764443,101.953125,90.44955832320733,177.37996343184435
4410,44.59799149300626,124.58677685950413,94.55058723433471,10.0
4411,50.091456801832585,127.42990654205607,90.61519158237263,257.1814276882965
4412,29.313198964168343,106.52343749999999,95.81360600694147,849.6257224595305
4413,29.999999999999993,121.28906249999999,91.75922759968792,9919.137575691491
4414,35.31877290301153,100.546875,94.63109612228223,207.41764891099112
4415,33.8687046016565,108.98437499999999,87.77443458845597,215.6047915044594
4416,35.31877290301153,103.359375,95.94508222512368,78.75133836050621
4417,47.35757623319898,123.55263157894736,94.77026072137156,27.199310849387498
4418,36.79533013738011,94.92187499999999,88.93641555605886,904.5393044176465
4419,41.01449966573052,125.5078125,88.17684790623865,179.3881665290605
4420,43.406858485936986,87.45967741935485,90.13635701809602,855.1275442133032
4421,22.66960987175038,112.85156249999999,97.35791863431818,878.904384242529
4422,30.69158768492234,109.3359375,89.44445752062884,234.93594013544413
4423,27.95318688338113,120.58593750000001,91.78324340029248,2873.8939983328596
4424,37.16889965599944,100.1953125,86.86969745297978,228.05580120706463
4425,35.68533471265204,104.4140625,91.02873237476257,188.220316349649
4426,39.45089470914606,116.36718749999997,93.01480538384556,2896.171131297034
4427,43.406858485936986,82.37903225806451,97.07320124855175,2857.140524290441
4428,40.62018519067267,80.859375,92.36033283237063,63.92193629815141
4429,26.276811557199977,118.125,95.65905476374003,10.0
4430,29.313198964168343,115.6640625,92.70051130902856,34.838435996199564
4431,32.0899512562803,118.47656249999999,87.03090412619787,188.63118532206383
4432,34.228866327812575,114.25781249999999,90.1237648130993,9919.504324116388
4433,23.31795706533424,103.71093749999999,93.06975263551188,256.8183908987472
4434,44.59799149300626,115.6611570247934,97.04180057265953,210.37194775515897
4435,38.3009224658677,115.31249999999997,96.07826057379779,2887.9014397006827
4436,36.42357364233115,101.6015625,89.11265966957565,230.3978722069217
4437,26.61009781073391,118.47656249999999,89.02531756558457,195.8245660126734
4438,19.47122063449069,109.3359375,88.82473197941036,9865.510133980697
4439,39.45089470914606,121.9921875,96.73950724823511,927.6664639040981
4440,24.296477994805656,101.953125,96.01209495691388,925.903044732117
4441,25.282603043311994,110.0390625,95.1212922136152,245.2273878444904
4442,39.838439976999084,119.53125,90.97298975174341,909.5540232614965
4443,35.68533471265204,111.44531249999999,92.24651393676595,69.93599736362877
4444,35.68533471265204,119.88281249999999,91.87757806739933,844.3703165223218
4445,22.02431283704216,100.89843749999999,89.40060147145503,19871.07713250608
4446,40.62018519067267,107.57812499999999,92.25247732835383,189.7371062716195
4447,25.944479772370002,99.4921875,86.87683055293876,911.0354539972715
4448,36.79533013738011,94.92187499999999,88.01363701303181,239.76016751217253
4449,27.6158819838447,99.140625,96.35932481187808,15.131213494826406
4450,35.31877290301153,106.171875,94.90772194508281,901.5893358021601
4451,31.38816646434855,118.47656249999999,91.35300190387485,65.70069526444586
4452,25.282603043311994,117.0703125,92.36414957396212,861.9314612301187
4453,25.944479772370002,107.2265625,90.69087491940333,33.14130040976863
4454,24.62431835216408,118.47656249999999,94.81385311900043,9875.334535306172
4455,45.38920300540005,126.68067226890754,95.23442577688144,189.92901931278658
4456,28.971532223711293,115.31249999999997,95.0076666658819,88.4381069213077
4457,41.81031489577859,118.47656249999999,94.65739093012871,50.214211560831394
4458,35.31877290301153,104.0625,88.8600189815004,9873.829522841857
4459,32.0899512562803,119.17968749999996,90.34893765282234,886.1792065796656
4460,35.68533471265204,114.25781249999999,91.92837084974208,895.150263803905
4461,33.152887928619876,120.23437499999997,90.2785568691095,241.99810661082716
4462,19.15501007356373,110.39062499999999,94.93580046266297,235.81121794415856
4463,41.81031489577859,118.47656249999999,90.264440803883,42.70708352377163
4464,29.313198964168343,113.5546875,88.0914139389089,257.1505765629287
4465,35.68533471265204,106.52343749999999,91.05122741290747,178.6950418694803
4466,42.2103698396502,125.78740157480314,97.40561371236491,9928.002647985206
4467,41.01449966573052,112.85156249999999,89.08645210237835,911.7073260423791
4468,22.66960987175038,107.2265625,93.47494950630455,220.33301868051723
4469,24.296477994805656,108.98437499999999,91.4837172569518,58.934759928844905
4470,23.64331425576559,106.171875,87.42836242492666,908.3159505905502
4471,19.788049410669572,109.6875,92.09447618272307,47.432636115124964
4472,40.228184728061095,114.9609375,94.48130003946056,73.85561368652748
4473,36.42357364233115,109.3359375,92.32794237751844,82.56905739119723
4474,29.313198964168343,106.52343749999999,96.21107586048417,256.41084659102773
4475,33.8687046016565,99.140625,89.8545438397683,908.8359850154676
4476,35.31877290301153,106.171875,87.57299615964573,195.59296621301166
4477,36.42357364233115,114.25781249999999,96.88850660252336,32.75077603834134
4478,31.039240010397883,120.9375,90.79259038571946,233.2565811896909
4479,31.38816646434855,117.0703125,93.08087388599262,897.0945870020014
4480,41.01449966573052,112.85156249999999,95.32946769116253,86.55266191194694
4481,34.228866327812575,110.7421875,90.21501765698592,85.8695857626782
4482,31.738394244764443,101.953125,94.60186841614347,9875.960107205688
4483,31.38816646434855,102.3046875,88.05734126806735,9888.009020067215
4484,40.228184728061095,117.0703125,89.88464661651489,19908.2543918936
4485,27.6158819838447,113.90625,88.16987923782362,915.0472735593555
4486,47.35757623319898,128.28947368421052,95.56327326757986,73.4041355789488
4487,36.42357364233115,109.3359375,89.05221579496147,82.75010786448712
4488,26.61009781073391,117.7734375,94.61253870614885,202.08913610284384
4489,31.738394244764443,118.828125,96.9598225195493,196.55011683729077
4490,38.68218745348943,105.11718749999999,92.46199931404212,9892.138603368487
4491,28.971532223711293,119.53125,92.60829212553725,909.4441607039519
4492,31.38816646434855,91.7578125,91.84671289739708,889.828585210685
4493,26.276811557199977,118.125,90.23047732709853,72.53190022412443
4494,27.6158819838447,106.875,91.98188955174625,2911.4769647335024
4495,30.345182969588258,104.0625,93.37449924094602,921.1403324730858
4496,33.8687046016565,108.98437499999999,97.4810198500807,63.76558758549893
4497,42.2103698396502,125.78740157480314,96.90120625718212,2868.0234384356527
4498,38.68218745348943,105.11718749999999,96.1091989561794,185.04596596911648
4499,35.31877290301153,106.171875,96.38605841124264,31.258369030058766
4500,30.69158768492234,109.3359375,91.90998113718886,869.5734907929747
4501,33.152887928619876,106.875,93.97711580560846,868.6637434390817
4502,37.921650784291785,112.1484375,96.44893649202076,36.78106454515073
4503,48.922795160247304,119.86363636363636,90.9756655816702,196.73045200064283
4504,33.8687046016565,117.42187499999999,97.18038129812732,19921.44500643082
4505,37.921650784291785,105.8203125,91.2613834577076,876.0866810191729
4506,27.6158819838447,106.875,93.35597063566131,891.657449838853
4507,47.35757623319898,123.55263157894736,94.5470982526536,83.11761228553445
4508,31.039240010397883,92.10937499999999,97.04177634131355,30.438473127868534
4509,22.993394314297802,112.49999999999999,89.2884301527088,186.21284160200295
4510,41.01449966573052,122.6953125,94.85993634188152,179.1919355174685
4511,34.228866327812575,110.7421875,92.39791406043189,91.61114627575974
4512,43.80448796297494,126.21951219512195,89.59422945677544,75.19897902686941
4513,29.999999999999993,101.6015625,95.14224884934346,844.832398343413
4514,32.0899512562803,119.88281249999999,92.7666980539817,199.05000269353812
4515,35.68533471265204,118.47656249999999,94.01838372928356,918.8716177729661
4516,32.79716829582364,105.11718749999999,90.20116510955062,71.74022939996964
4517,23.96948231775967,111.44531249999999,92.03365173218313,233.2787965621818
4518,40.62018519067267,121.640625,93.53076081307597,10.0
4519,47.35757623319898,88.02631578947368,91.12406782577881,237.55483903544769
4520,24.62431835216408,113.5546875,88.7950689170785,21.427697864438848
4521,31.38816646434855,117.7734375,97.17886767554894,9929.00838368743
4522,23.96948231775967,102.3046875,92.3117987266487,909.901844799034
4523,30.69158768492234,103.71093749999999,94.75477983148248,239.6681717593699
4524,25.944479772370002,117.7734375,91.20020902182,33.503856148317624
4525,34.95386525718846,100.89843749999999,90.51723386490984,850.165428576473
4526,27.27961273597809,106.52343749999999,91.15202942561447,900.3063615065448
4527,23.31795706533424,103.0078125,91.1772470981382,74.39895767942664
4528,31.38816646434855,104.4140625,92.66221865541353,259.24838765018364
4529,40.62018519067267,107.57812499999999,92.65299152840414,917.0223305090936
4530,38.68218745348943,117.0703125,92.17993896469225,903.1655653980541
4531,40.62018519067267,123.74999999999999,88.04967386847697,913.6401103807842
4532,39.065494664452594,87.890625,92.17000519001857,2877.260266402068
4533,37.54432510382694,116.01562499999999,88.46531957018921,9859.35682200081
4534,31.738394244764443,106.171875,87.95191900206783,218.45993537324946
4535,31.039240010397883,104.76562499999999,96.84698577073526,259.3889801817985
4536,35.31877290301153,116.01562499999999,93.39751387655758,909.9221634775613
4537,30.345182969588258,111.796875,94.00103512129786,881.7282405442818
4538,44.20152985105137,129.4672131147541,91.08538979489352,19936.64075626291
4539,43.80448796297494,87.4390243902439,96.59632002405942,10.0
4540,41.01449966573052,121.9921875,93.75179178593271,205.82681940860138
4541,33.152887928619876,118.828125,95.05834492405216,187.24735947846108
4542,39.838439976999084,78.75,90.67305162359075,182.55592283913379
4543,38.3009224658677,116.71875000000001,97.1586595982086,86.89274369357514
4544,35.68533471265204,111.44531249999999,95.67551896574446,885.3411337237095
4545,25.613083216401805,98.4375,96.0252202839677,32.78598796202236
4546,48.922795160247304,119.86363636363636,88.50274871638646,895.1345705529885
4547,29.65601354117841,102.65624999999999,89.62496241661476,880.6085681671343
4548,29.313198964168343,105.8203125,89.81225952211715,179.66973887262017
4549,26.276811557199977,119.53125,89.62427286511048,180.17860691260168
4550,23.31795706533424,114.25781249999999,96.04016131168764,861.143710653157
4551,47.35757623319898,88.02631578947368,86.89762006999169,901.3335962570311
4552,41.411188638099254,123.04687499999996,87.47657892757542,2874.0452436459123
4553,24.296477994805656,117.42187499999999,89.66266432748199,2369.549074616488
4554,34.59057497617661,118.125,88.81096202438614,9906.672454016409
4555,31.738394244764443,119.53125,89.14977520651001,846.8309426255913
4556,29.313198964168343,91.05468749999999,95.40169885873948,2910.4913238055747
4557,28.971532223711293,88.59375,92.90836093305576,915.3046348490193
4558,23.31795706533424,114.25781249999999,86.1780587456314,2894.6440656713294
4559,18.839404547275464,109.3359375,91.43649656004987,10.0
4560,28.291548862929403,119.53125,91.16097110024725,9908.446728033408
4561,37.921650784291785,110.0390625,87.83610909198121,235.5109535753825
4562,24.296477994805656,108.98437499999999,94.19573227764283,912.1903050936099
4563,45.78396716177502,85.04237288135593,94.48072183431263,49.45534226307875
4564,39.45089470914606,106.52343749999999,94.64259133358948,216.05805108335443
4565,23.96948231775967,113.5546875,94.7078499414641,184.84868339920743
4566,38.68218745348943,76.9921875,78.3,189.91269345060155
4567,39.838439976999084,113.203125,97.08308052067348,47.90464173088748
4568,41.81031489577859,118.47656249999999,95.59948828480405,914.4757452175654
4569,24.62431835216408,107.9296875,96.5433668749662,10.0
4570,33.51005606625301,110.0390625,86.59490329290887,195.13931332077487
4571,29.313198964168343,112.85156249999999,96.85983510338856,67.99479724547736
4572,39.45089470914606,117.7734375,95.5457381862667,849.1384514670582
4573,26.944358180475724,103.359375,95.85398414602234,180.53427900504445
4574,26.944358180475724,104.76562499999999,87.63985918711676,181.72419517013802
4575,37.16889965599944,100.1953125,94.79661349221315,239.22356701963884
4576,35.31877290301153,100.546875,97.15747845054254,868.3274110785521
4577,40.228184728061095,116.36718749999997,94.22385874134584,47.1384555850998
4578,22.02431283704216,100.89843749999999,93.00494992718816,68.4271591103693
4579,29.65601354117841,94.21875,96.98451622244188,178.75978942034803
4580,23.31795706533424,116.36718749999997,91.61261418699426,9922.093399955178
4581,37.54432510382694,114.60937499999999,93.33675204480788,216.36177076062495
4582,26.61009781073391,117.7734375,91.98818384935572,852.1384816268776
4583,26.944358180475724,114.60937499999999,96.84910957637344,177.34776803814634
4584,28.971532223711293,111.796875,87.47643393653038,239.75543346003326
4585,22.346587898361136,106.875,92.21647317749567,28.607206218974266
4586,35.68533471265204,104.4140625,94.32213375634785,13.1426023248307
4587,42.2103698396502,118.7007874015748,95.32829318463375,234.30835511076458
4588,29.313198964168343,106.52343749999999,93.16192606122597,216.7395481061105
4589,27.95318688338113,120.58593750000001,96.59565114150902,53.25549203349408
4590,31.38816646434855,116.36718749999997,96.94597886414927,878.8526490110537
4591,40.228184728061095,112.85156249999999,87.3646616525971,19921.94499681932
4592,33.51005606625301,115.6640625,91.09254768220923,215.98427141755343
4593,37.16889965599944,100.1953125,86.77144099904682,859.8467773341016
4594,35.31877290301153,117.42187499999999,90.26505991581348,9903.355159820358
4595,29.65601354117841,94.21875,92.5672264766404,922.2451182838215
4596,27.27961273597809,102.3046875,96.615534927645,233.0093139444351
4597,39.45089470914606,109.3359375,95.94953615174754,893.8926866841974
4598,35.68533471265204,117.0703125,87.96487643564193,49.82094433449061
4599,38.68218745348943,117.0703125,87.63741759229657,245.18203624129285
4600,40.62018519067267,123.74999999999999,93.22904981242772,186.75403629060222
4601,26.61009781073391,119.17968749999996,92.50551388537575,62.79233839158077
4602,23.64331425576559,108.98437499999999,89.56639047551714,223.6647590475009
4603,36.05358859962301,103.359375,96.49539830148964,50.95182058357554
4604,27.27961273597809,109.3359375,96.79106557577349,882.2845519582618
4605,23.96948231775967,112.1484375,91.09553679383501,231.17602588746888
4606,24.953020787727496,117.42187499999999,96.39847285403823,249.95588382680882
4607,40.62018519067267,109.6875,90.86396889997927,56.98472178820434
4608,22.66960987175038,112.85156249999999,94.77972386289234,54.391013205204956
4609,36.05358859962301,112.49999999999999,91.98453514972604,847.4431011196014
4610,36.79533013738011,116.71875000000001,87.9181690190763,19877.613245834254
4611,44.993880150457116,84.375,96.79707981618263,37.29891010993789
4612,33.8687046016565,106.875,91.75697501165395,188.42660772858625
4613,43.008633994236924,93.24,94.75965993603063,2866.0847628123743
4614,39.065494664452594,105.46875,90.65582097063924,27.881767256350468
4615,37.16889965599944,105.11718749999999,86.70288161401945,2873.36561240879
4616,25.944479772370002,117.7734375,87.7086674398305,248.23630349131514
4617,24.296477994805656,102.65624999999999,92.17133174458753,219.1483088173365
4618,37.54432510382694,113.203125,94.35735000193404,194.4310645551118
4619,24.62431835216408,107.9296875,90.31721718801575,191.28120432888537
4620,24.62431835216408,105.11718749999999,94.42193950284141,193.45878834803474
