,Latitude in degrees,Longitude in degrees,Frequency(MHz),EIRP
0,4.520555555555555,-74.03027777777778,50.06,0
1,4.727222222222222,-72.40277777777777,87.3,0
2,6.333333333333333,-73.9,87.5,0
3,2.7666666666666666,-74.96666666666667,87.5,0
4,10.966666666666667,-73.13333333333334,87.7,0
5,3.0,-74.83333333333333,87.9,200
6,6.25,-73.88333333333334,87.9,0
7,8.927222222222225,-73.3486111111111,88.1,5000
8,2.65,-74.33333333333331,88.1,1000
9,1.416111111111111,-74.1947222222222,88.1,250
10,1.4833333333333334,-73.75555555555557,88.1,250
11,10.75,-73.44999999999997,88.1,250
12,1.3666666666666667,-74.31666666666666,88.1,250
13,10.344444444444441,-73.3,88.1,250
14,1.2000000000000004,-74.03888888888892,88.1,250
15,1.5,-75.41666666666667,88.1,200
16,10.8,-73.25,88.1,200
17,2.8,-74.86666666666665,88.1,200
18,2.4166666666666665,-76.57222222222225,88.1,200
19,1.1333333333333333,-76.17222222222225,88.1,200
20,10.75,-73.08333333333333,88.1,200
21,1.6833333333333333,-76.6,88.1,200
22,1.6666666666666665,-75.33888888888892,88.1,200
23,1.2611111111111106,-75.78333333333333,88.1,200
24,1.2833333333333332,-75.75555555555557,88.1,200
25,2.6166666666666667,-74.71666666666667,88.1,200
26,5.716666666666667,-71.26666666666667,88.1,200
27,10.916666666666666,-73.09999999999998,88.1,200
28,0.8666666666666667,-76.06666666666666,88.1,100
29,1.65,-75.91666666666664,88.1,100
30,1.8333333333333335,-75.66666666666667,88.1,100
31,6.25,-73.75,88.1,100
32,1.9333333333333333,-75.62222222222225,88.1,100
33,1.5166666666666666,-75.83333333333333,88.1,100
34,6.25,-73.57222222222225,88.1,100
35,5.0444444444444425,-74.03333333333333,88.1,5
36,2.45,-73.95,88.1,5
37,7.0,-73.83333333333333,88.1,0
38,5.11111111111111,-73.88333333333334,88.1,0
39,1.6166666666666667,-73.93333333333334,88.1,0
40,4.416666666666667,-72.7333333333333,88.1,0
41,1.2777777777777775,-75.7,88.1,0
42,5.7,-74.98888888888891,88.1,0
43,1.2586111111111111,-75.59666666666668,88.1,0
44,11.25,-72.53333333333333,88.1,0
45,6.65,-73.8,88.1,0
46,10.6,-71.31666666666666,88.1,0
47,4.833333333333333,-74.08333333333333,88.2,1000
48,10.9,-71.17222222222225,88.2,250
49,7.433333333333334,-75.44999999999997,88.2,250
50,11.7,-70.6,88.2,250
51,10.6,-71.31666666666666,88.2,250
52,11.166666666666666,-70.91666666666664,88.2,200
53,6.366666666666666,-71.56666666666666,88.2,200
54,6.283333333333333,-71.80555555555559,88.2,200
55,7.55,-71.11666666666666,88.2,200
56,9.211111111111109,-71.88333333333334,88.2,200
57,8.516666666666667,-71.78333333333333,88.2,200
58,10.15,-72.3,88.2,200
59,9.666666666666666,-72.08333333333333,88.2,200
60,7.483333333333333,-71.53333333333333,88.2,200
61,8.583333333333334,-71.41666666666667,88.2,200
62,6.133333333333334,-71.43333333333334,88.2,200
63,6.883333333333333,-71.2,88.2,200
64,5.95,-72.03333333333333,88.2,200
65,8.627777777777775,-72.13333333333334,88.2,200
66,10.383333333333333,-71.51666666666667,88.2,200
67,7.8069444444444445,-70.82888888888891,88.2,200
68,6.533333333333333,-71.62222222222225,88.2,200
69,6.65,-72.38888888888891,88.2,200
70,7.583333333333333,-70.80555555555559,88.2,200
71,8.3,-71.71666666666667,88.2,200
72,7.8,-71.16666666666667,88.2,200
73,6.133333333333334,-71.83333333333333,88.2,200
74,8.4,-71.55,88.2,200
75,6.433333333333334,-71.2,88.2,200
76,7.133333333333334,-71.57222222222225,88.2,200
77,8.083333333333336,-71.13333333333334,88.2,200
78,8.866666666666667,-72.14999999999998,88.2,200
79,7.316666666666666,-70.80555555555559,88.2,200
80,7.2,-71.3,88.2,200
81,6.7,-71.06666666666666,88.2,150
82,6.583333333333333,-70.98333333333333,88.2,100
83,7.983333333333333,-73.53333333333333,88.2,0
84,6.016666666666667,-71.9,88.2,0
85,7.9,-70.83333333333333,88.2,0
86,11.55,-71.22222222222224,88.2,0
87,10.483333333333333,-71.57222222222225,88.2,0
88,4.433333333333334,-73.56666666666666,88.3,10000
89,3.9833333333333334,-72.08333333333333,88.3,5000
90,2.2,-73.98333333333333,88.3,5000
91,4.877777777777776,-72.21666666666667,88.3,4000
92,7.033333333333333,-69.75555555555557,88.3,250
93,6.216666666666667,-75.7333333333333,88.3,250
94,5.11111111111111,-74.98333333333333,88.3,250
95,6.3,-68.55,88.3,250
96,5.5,-74.86666666666665,88.3,250
97,9.283333333333333,-72.86666666666665,88.3,250
98,0.3333333333333333,-75.21666666666667,88.3,250
99,6.95,-70.21666666666667,88.3,250
100,6.466666666666667,-70.06666666666666,88.3,250
101,1.0333333333333334,-74.96666666666667,88.3,250
102,4.533333333333333,-72.26666666666667,88.3,200
103,5.066666666666666,-72.31666666666666,88.3,200
104,5.066666666666666,-72.93333333333334,88.3,200
105,9.383333333333333,-73.6,88.3,200
106,4.733333333333335,-72.6,88.3,200
107,5.016666666666667,-71.88333333333334,88.3,200
108,4.483333333333333,-72.6,88.3,200
109,5.5,-72.17222222222225,88.3,200
110,9.3,-73.7333333333333,88.3,200
111,5.25,-72.17222222222225,88.3,200
112,4.916666666666667,-72.43333333333334,88.3,200
113,5.116666666666666,-72.68333333333331,88.3,200
114,1.3677777777777775,-75.73916666666668,88.3,0
115,10.9,-71.17222222222225,88.3,0
116,4.183333333333335,-72.86666666666665,88.3,0
117,1.2000000000000004,-68.49999999999997,88.3,0
118,9.183333333333334,-73.71666666666667,88.3,0
119,9.85,-72.56666666666666,88.4,250
120,11.008333333333333,-72.5638888888889,88.4,250
121,9.009166666666665,-72.3002777777778,88.4,250
122,10.616666666666667,-72.6,88.4,250
123,10.466666666666667,-72.95,88.4,250
124,2.0611111111111104,-75.55,88.4,200
125,3.0,-75.57222222222225,88.4,200
126,5.95,-73.85,88.4,200
127,2.65,-74.33333333333331,88.4,200
128,1.1158333333333335,-74.64833333333334,88.4,200
129,5.116666666666666,-72.80555555555559,88.4,200
130,2.2666666666666666,-75.08333333333333,88.4,200
131,6.05,-73.33333333333331,88.4,200
132,8.283333333333333,-74.71666666666667,88.4,200
133,6.466666666666667,-73.9,88.4,200
134,1.8333333333333335,-75.09999999999998,88.4,200
135,5.05,-72.57222222222225,88.4,200
136,4.66111111111111,-72.7,88.4,200
137,2.51111111111111,-74.7333333333333,88.4,200
138,9.435277777777776,-73.02388888888888,88.4,150
139,6.433333333333334,-73.66666666666667,88.4,100
140,4.883333333333333,-72.8,88.4,100
141,4.75,-72.71666666666667,88.4,100
142,6.316666666666666,-74.46666666666667,88.4,50
143,6.231388888888888,-73.91916666666665,88.4,0
144,4.727222222222222,-72.40277777777777,88.4,0
145,6.083333333333333,-73.66666666666667,88.4,0
146,2.5666666666666664,-75.11666666666666,88.4,0
147,4.616666666666667,-72.43333333333334,88.4,0
148,7.6,-73.14999999999998,88.4,0
149,11.241944444444442,-72.52749999999999,88.4,0
150,6.25,-73.88333333333334,88.4,0
151,4.741666666666665,-72.41666666666667,88.4,0
152,3.432777777777777,-74.88833333333335,88.5,22000
153,10.422777777777778,-73.84694444444445,88.5,10000
154,6.883333333333333,-73.66666666666667,88.5,200
155,7.133333333333334,-73.43333333333334,88.5,200
156,7.683333333333334,-75.01666666666667,88.5,200
157,6.183333333333334,-73.33333333333331,88.5,200
158,1.5513888888888892,-75.44111111111114,88.5,200
159,6.233333333333333,-73.66666666666667,88.5,100
160,1.35,-73.16666666666667,88.5,0
161,-2.55,-68.26666666666667,88.5,0
162,3.533333333333333,-74.01666666666667,88.5,0
163,3.0833333333333335,-72.08333333333333,88.5,0
164,10.966666666666667,-73.13333333333334,88.6,15000
165,5.733333333333333,-73.0,88.6,5000
166,4.316666666666668,-72.93333333333334,88.6,1000
167,4.766666666666667,-74.56666666666666,88.6,200
168,10.4,-71.36666666666666,88.6,200
169,2.55,-76.2,88.6,0
170,7.883333333333333,-70.83333333333333,88.7,10000
171,11.55,-71.22222222222224,88.7,10000
172,7.066666666666666,-72.17222222222225,88.7,5000
173,4.833333333333333,-74.08333333333333,88.7,5000
174,1.8,-77.14999999999998,88.7,5000
175,6.3,-74.17222222222225,88.7,1000
176,4.816666666666666,-70.61666666666666,88.7,250
177,1.0805555555555555,-75.03611111111111,88.7,250
178,4.916666666666667,-71.16666666666667,88.7,250
179,5.55,-70.22222222222224,88.7,250
180,6.1,-70.57222222222225,88.7,250
181,5.433333333333334,-69.98333333333333,88.7,250
182,5.283333333333333,-70.3,88.7,250
183,8.0,-71.85,88.7,200
184,0.9166666666666669,-76.13333333333334,88.7,0
185,1.0,-76.08333333333333,88.7,0
186,10.483333333333333,-71.57222222222225,88.7,0
187,3.9833333333333334,-72.08333333333333,88.8,250
188,3.15,-73.38333333333334,88.8,250
189,4.35,-72.03888888888892,88.8,250
190,2.2,-73.98333333333333,88.8,250
191,2.2,-74.31666666666666,88.8,250
192,2.183333333333333,-72.13333333333334,88.8,250
193,3.240833333333333,-72.67583333333332,88.8,250
194,3.5166666666666666,-72.38333333333334,88.8,250
195,2.45,-74.08333333333333,88.8,250
196,2.9,-73.75555555555557,88.8,250
197,4.083333333333333,-71.3,88.8,250
198,3.2666666666666666,-71.7,88.8,250
199,2.027777777777777,-74.38333333333334,88.8,250
200,1.8833333333333333,-74.6,88.8,250
201,3.7,-72.03333333333333,88.8,250
202,1.9833333333333334,-74.14999999999998,88.8,250
203,2.6666666666666665,-73.85,88.8,250
204,6.25,-71.8,88.8,200
205,5.933333333333334,-71.95,88.8,200
206,6.616666666666667,-71.57222222222225,88.8,200
207,5.8,-72.3,88.8,200
208,6.7,-71.33888888888892,88.8,150
209,9.3,-73.7333333333333,88.8,5
210,7.066666666666666,-71.41666666666667,88.8,0
211,2.9986111111111113,-73.62666666666667,88.8,0
212,4.433333333333334,-73.56666666666666,88.8,0
213,4.15,-71.96666666666667,88.8,0
214,4.727222222222222,-72.40277777777777,88.9,15000
215,7.033333333333333,-69.75555555555557,88.9,10000
216,6.25,-73.88333333333334,88.9,4000
217,10.4,-73.16666666666667,88.9,1000
218,6.683333333333334,-74.14999999999998,88.9,1000
219,2.55,-74.38888888888891,88.9,200
220,2.183333333333333,-75.09999999999998,88.9,200
221,1.75,-75.49999999999997,88.9,200
222,3.25,-74.56666666666666,88.9,200
223,2.65,-75.31666666666666,88.9,200
224,1.5,-74.83333333333333,88.9,200
225,2.35,-74.01666666666667,88.9,200
226,2.7666666666666666,-74.96666666666667,88.9,100
227,2.5666666666666664,-75.11666666666666,88.9,0
228,4.55,-73.21666666666667,89.0,1000
229,3.75,-73.26666666666667,89.0,1000
230,9.716666666666667,-73.46666666666667,89.0,250
231,9.15,-72.61666666666666,89.0,250
232,8.761111111111108,-74.21666666666667,89.0,250
233,8.91666666666667,-72.8,89.0,250
234,8.583333333333334,-72.17222222222225,89.0,250
235,7.966666666666667,-72.2833333333333,89.0,250
236,10.344444444444441,-73.7333333333333,89.0,250
237,4.333333333333333,-74.66666666666667,89.0,200
238,9.061111111111108,-76.0,89.0,200
239,3.9,-74.62222222222225,89.0,200
240,4.75,-74.25,89.0,200
241,9.116666666666667,-73.7333333333333,89.0,200
242,8.894444444444442,-73.95,89.0,200
243,9.233333333333333,-74.46666666666667,89.0,200
244,9.8,-73.11666666666666,89.0,200
245,9.233333333333333,-74.06666666666666,89.0,200
246,3.8333333333333335,-74.86666666666665,89.0,200
247,4.083333333333333,-74.53333333333333,89.0,200
248,9.133333333333333,-74.17222222222225,89.0,150
249,3.432777777777777,-74.88833333333335,89.0,5
250,3.75,-74.83333333333333,89.0,0
251,4.527777777777776,-74.01666666666667,89.0,0
252,8.911111111111108,-74.7,89.0,0
253,10.966666666666667,-73.13333333333334,89.1,46000
254,1.6,-75.33888888888892,89.1,1000
255,0.8333333333333334,-75.98333333333333,89.1,1000
256,3.4833333333333334,-68.14999999999998,89.1,250
257,4.266666666666667,-71.80555555555559,89.1,250
258,1.2611111111111106,-65.2,89.1,250
259,3.3833333333333333,-72.38333333333334,89.1,250
260,2.9333333333333336,-71.53333333333333,89.1,250
261,5.416666666666667,-74.75,89.1,200
262,5.916666666666667,-71.14999999999998,89.1,200
263,5.0444444444444425,-71.43333333333334,89.1,200
264,5.633333333333333,-71.66666666666667,89.1,200
265,5.45,-72.98888888888891,89.1,200
266,5.2,-72.7333333333333,89.1,100
267,5.2,-72.21666666666667,89.1,100
268,3.432777777777777,-74.88833333333335,89.1,0
269,4.616666666666667,-72.43333333333334,89.1,0
270,2.51111111111111,-69.0,89.1,0
271,11.383333333333333,-70.56666666666666,89.1,0
272,4.15,-71.96666666666667,89.1,0
273,5.7,-74.98888888888891,89.1,0
274,5.533333333333333,-71.7,89.1,0
275,4.533333333333333,-74.43333333333334,89.2,5000
276,5.95,-71.68333333333331,89.2,1000
277,7.916666666666667,-71.08333333333333,89.2,1000
278,6.883333333333333,-71.2,89.2,1000
279,6.133333333333334,-71.44999999999997,89.2,1000
280,6.883333333333333,-73.66666666666667,89.2,275
281,8.927222222222225,-73.3486111111111,89.2,250
282,10.033333333333333,-71.56666666666666,89.2,200
283,9.500000000000004,-72.31666666666666,89.2,200
284,8.350000000000003,-72.03333333333333,89.2,200
285,8.966666666666667,-71.96666666666667,89.2,200
286,8.7,-71.98888888888891,89.2,200
287,7.016666666666667,-74.25,89.2,0
288,10.483333333333333,-71.57222222222225,89.2,0
289,5.35,-70.7333333333333,89.2,0
290,6.216666666666667,-75.7333333333333,89.3,10000
291,7.683333333333334,-75.01666666666667,89.3,5000
292,2.3833333333333333,-73.88333333333334,89.3,5000
293,4.3,-73.13333333333334,89.3,5000
294,3.533333333333333,-72.03333333333333,89.3,5000
295,1.0805555555555555,-75.03611111111111,89.3,5000
296,6.95,-70.21666666666667,89.3,5000
297,5.15,-72.01666666666667,89.3,1000
298,3.3833333333333333,-73.13333333333334,89.3,1000
299,0.05,-69.55,89.3,1000
300,5.35,-74.06666666666666,89.3,200
301,4.833333333333333,-74.08333333333333,89.3,50
302,7.081666666666665,-69.08500000000001,89.3,0
303,5.633333333333333,-71.66666666666667,89.3,0
304,11.55,-71.22222222222224,89.3,0
305,4.816666666666666,-74.03333333333333,89.3,0
306,4.727222222222222,-72.40277777777777,89.4,15000
307,6.166666666666667,-73.98333333333333,89.4,300
308,6.35,-73.85,89.4,251
309,10.183333333333334,-72.91666666666664,89.4,250
310,6.383333333333334,-73.48333333333333,89.4,200
311,6.15,-74.11666666666666,89.4,200
312,6.733333333333333,-73.61666666666666,89.4,200
313,7.983333333333333,-73.53333333333333,89.4,200
314,2.45,-75.14999999999998,89.4,200
315,6.783333333333333,-74.46666666666667,89.4,200
316,2.55,-76.2,89.4,200
317,5.6,-74.14999999999998,89.4,200
318,2.0,-75.11666666666666,89.4,200
319,6.683333333333334,-74.14999999999998,89.4,200
320,6.5,-72.7333333333333,89.4,200
321,7.033333333333333,-72.86666666666665,89.4,200
322,6.066666666666666,-73.83333333333333,89.4,200
323,5.966666666666667,-74.31666666666666,89.4,200
324,6.9,-74.01666666666667,89.4,200
325,6.116666666666666,-74.31666666666666,89.4,200
326,6.45,-74.06666666666666,89.4,200
327,2.6166666666666667,-74.71666666666667,89.4,200
328,6.316666666666666,-74.46666666666667,89.4,200
329,5.966666666666667,-74.06666666666666,89.4,200
330,6.6,-73.33888888888892,89.4,200
331,5.533333333333333,-73.98333333333333,89.4,100
332,5.8,-74.11666666666666,89.4,100
333,6.183333333333334,-73.33333333333331,89.4,100
334,6.133333333333334,-73.6,89.4,100
335,6.683333333333334,-73.17222222222225,89.4,100
336,2.5666666666666664,-75.11666666666666,89.4,0
337,11.25,-72.53333333333333,89.4,0
338,10.422777777777778,-73.84694444444445,89.5,10000
339,3.7333333333333334,-73.80555555555559,89.5,5000
340,11.383333333333333,-70.56666666666666,89.5,1000
341,5.966666666666667,-72.91666666666664,89.5,1000
342,1.2111111111111112,-76.3138888888889,89.5,1000
343,3.432777777777777,-74.88833333333335,89.5,10
344,1.2586111111111111,-75.59666666666668,89.5,0
345,4.966666666666667,-71.71666666666667,89.6,200
346,5.177777777777776,-71.7,89.6,200
347,5.533333333333333,-71.6,89.6,200
348,5.833333333333333,-71.17222222222225,89.6,200
349,5.533333333333333,-71.8,89.6,200
350,6.466666666666667,-70.75,89.6,200
351,5.383333333333334,-71.7,89.6,200
352,6.316666666666666,-70.9,89.6,200
353,5.666666666666667,-72.31666666666666,89.6,200
354,6.016666666666667,-71.88333333333334,89.6,200
355,5.766666666666667,-71.57222222222225,89.6,200
356,7.076944444444445,-71.51916666666669,89.6,10
357,10.077777777777774,-72.53333333333333,89.6,0
358,10.966666666666667,-73.13333333333334,89.6,0
359,5.266666666666667,-72.9,89.6,0
360,4.877777777777776,-72.21666666666667,89.6,0
361,5.05,-72.57222222222225,89.6,0
362,7.883333333333333,-70.83333333333333,89.7,10000
363,5.0444444444444425,-74.03333333333333,89.7,10000
364,10.483333333333333,-71.57222222222225,89.7,10000
365,5.35,-70.7333333333333,89.7,10000
366,2.9333333333333336,-73.66666666666667,89.7,5000
367,7.4,-71.83333333333333,89.7,5000
368,1.5,-75.41666666666667,89.7,1000
369,6.633333333333333,-70.96666666666667,89.7,1000
370,2.1,-76.98888888888891,89.7,1000
371,1.75,-74.38888888888891,89.7,1000
372,6.816666666666666,-71.17222222222225,89.7,1000
373,5.533333333333333,-71.7,89.7,1000
374,2.333333333333334,-70.96666666666667,89.7,250
375,1.3333333333333333,-70.2833333333333,89.7,250
376,7.033333333333333,-69.75555555555557,89.7,150
377,3.9166666666666665,-66.2,89.7,0
378,4.250000000000002,-71.9,89.7,0
379,9.533333333333333,-73.56666666666666,89.8,5000
380,4.250000000000002,-71.9,89.8,1000
381,4.4,-74.41666666666667,89.8,1000
382,1.0805555555555555,-75.03611111111111,89.8,250
383,4.2,-72.98333333333333,89.8,100
384,10.344444444444441,-73.2,89.9,5000
385,-0.09999999999999998,-71.53333333333333,89.9,250
386,0.4333333333333338,-68.25,89.9,250
387,7.066666666666666,-71.41666666666667,89.9,200
388,4.727222222222222,-72.40277777777777,89.9,0
389,6.25,-73.88333333333334,89.9,0
390,8.761111111111108,-74.21666666666667,90.0,5000
391,4.733333333333335,-74.44999999999997,90.0,1000
392,3.066666666666667,-73.22222222222224,90.0,1000
393,3.533333333333333,-74.62222222222225,90.0,1000
394,10.45,-73.7,90.0,0
395,2.45,-73.95,90.1,10000
396,5.833333333333333,-71.33888888888892,90.1,6000
397,4.95,-74.95,90.1,250
398,5.0,-74.14999999999998,90.1,200
399,1.2277777777777774,-75.8,90.1,200
400,4.383333333333335,-74.01666666666667,90.1,200
401,4.666666666666668,-73.98333333333333,90.1,200
402,1.0,-76.08333333333333,90.1,200
403,1.9333333333333333,-76.53333333333333,90.1,200
404,5.3,-73.38333333333334,90.1,200
405,4.944444444444443,-74.06666666666666,90.1,200
406,5.3,-74.21666666666667,90.1,200
407,5.416666666666667,-74.03333333333333,90.1,200
408,5.4,-73.80555555555559,90.1,200
409,5.083333333333333,-74.3,90.1,200
410,1.05,-75.83333333333333,90.1,150
411,1.9166666666666665,-76.66666666666667,90.1,100
412,10.966666666666667,-73.13333333333334,90.1,0
413,5.11111111111111,-73.88333333333334,90.1,0
414,1.2777777777777775,-75.7,90.1,0
415,4.533333333333333,-74.03333333333333,90.1,0
416,9.966666666666667,-72.21666666666667,90.2,1000
417,11.7,-70.6,90.2,400
418,4.15,-71.96666666666667,90.3,45000
419,6.5,-72.7333333333333,90.3,15000
420,7.081666666666665,-69.08500000000001,90.3,10000
421,2.9333333333333336,-73.66666666666667,90.3,5000
422,6.15,-73.93333333333334,90.3,5000
423,4.433333333333334,-73.56666666666666,90.3,1000
424,5.483333333333333,-68.78333333333333,90.3,1000
425,7.983333333333333,-73.75555555555557,90.3,1000
426,1.1833333333333338,-75.21666666666667,90.3,1000
427,5.6,-74.14999999999998,90.3,300
428,10.344444444444441,-73.3,90.3,200
429,5.2813888888888885,-74.9522222222222,90.3,200
430,11.55,-71.22222222222224,90.3,150
431,3.0,-74.83333333333333,90.3,150
432,4.383333333333335,-72.98888888888891,90.3,0
433,3.4833333333333334,-68.14999999999998,90.3,0
434,1.0,-76.08333333333333,90.3,0
435,3.240833333333333,-72.67583333333332,90.3,0
436,0.3333333333333333,-75.21666666666667,90.3,0
437,8.65,-71.06666666666666,90.3,0
438,4.727222222222222,-72.40277777777777,90.4,15000
439,3.432777777777777,-74.88833333333335,90.5,15000
440,10.422777777777778,-73.84694444444445,90.5,10000
441,8.761111111111108,-74.21666666666667,90.5,10000
442,5.2,-73.08333333333333,90.5,5000
443,13.35,-79.7,90.5,5000
444,3.8,-73.53333333333333,90.5,1000
445,3.2,-73.98333333333333,90.5,1000
446,9.25,-72.75555555555557,90.5,1000
447,1.6152777777777771,-73.91055555555553,90.5,0
448,6.2,-73.62222222222225,90.5,0
449,2.45,-73.95,90.5,0
450,6.0,-71.25,90.6,200
451,5.5,-71.66666666666667,90.6,200
452,5.683333333333334,-72.25,90.6,200
453,4.883333333333333,-71.7,90.6,200
454,5.833333333333333,-71.33888888888892,90.6,200
455,5.85,-71.08333333333333,90.6,200
456,5.533333333333333,-72.56666666666666,90.6,200
457,5.583333333333333,-70.91666666666664,90.6,200
458,5.566666666666666,-71.38333333333334,90.6,200
459,6.4,-70.9,90.6,200
460,6.233333333333333,-71.03333333333333,90.6,200
461,5.083333333333333,-71.75,90.6,200
462,5.566666666666666,-71.98333333333333,90.6,200
463,5.383333333333334,-71.85,90.6,200
464,5.733333333333333,-72.26666666666667,90.6,200
465,5.233333333333333,-71.78333333333333,90.6,200
466,5.283333333333333,-71.49999999999997,90.6,200
467,10.033333333333333,-71.56666666666666,90.6,150
468,1.2611111111111106,-75.78333333333333,90.6,0
469,6.55638888888889,-74.14972222222221,90.6,0
470,5.533333333333333,-71.7,90.6,0
471,1.35,-73.85,90.7,17000
472,4.527777777777776,-74.01666666666667,90.7,10000
473,7.110277777777778,-71.29472222222222,90.7,10000
474,1.65,-76.49999999999997,90.7,5000
475,7.381944444444446,-70.96305555555557,90.7,5000
476,10.69638888888889,-71.67777777777779,90.7,1000
477,1.3833333333333333,-75.49999999999997,90.7,1000
478,9.344444444444441,-73.88333333333334,90.7,1000
479,2.35,-74.83333333333333,90.7,200
480,10.966666666666667,-73.13333333333334,90.7,0
481,3.033333333333333,-74.75,90.7,0
482,0.85,-75.85,90.7,0
483,5.0444444444444425,-74.03333333333333,90.7,0
484,6.016666666666667,-72.01666666666667,90.7,0
485,1.8166666666666667,-74.22222222222224,90.8,1000
486,9.166666666666666,-73.38333333333334,90.8,1000
487,2.5833333333333335,-73.78333333333333,90.8,1000
488,4.527777777777776,-71.3,90.8,1000
489,5.7,-74.98888888888891,90.8,0
490,4.727222222222222,-72.40277777777777,90.9,25000
491,6.25,-73.88333333333334,90.9,15000
492,1.35,-75.93333333333334,90.9,200
493,2.0611111111111104,-75.55,90.9,50
494,3.432777777777777,-74.88833333333335,91.0,5000
495,8.894444444444442,-73.95,91.0,5000
496,10.033333333333333,-73.33333333333331,91.0,250
497,8.477777777777774,-72.2833333333333,91.0,200
498,7.383333333333334,-72.25,91.0,200
499,8.983333333333333,-72.2833333333333,91.0,200
500,8.3,-72.80555555555559,91.0,200
501,8.566666666666666,-72.6,91.0,200
502,9.716666666666667,-73.46666666666667,91.0,0
503,1.2777777777777775,-75.7,91.0,0
504,1.0833333333333333,-75.95,91.1,9000
505,10.41388888888889,-73.85833333333332,91.1,5000
506,3.533333333333333,-72.03333333333333,91.1,5000
507,5.333333333333333,-74.16666666666667,91.1,5000
508,1.8,-77.14999999999998,91.1,1000
509,6.4,-73.57222222222225,91.1,500
510,1.416111111111111,-74.1947222222222,91.1,0
511,7.616666666666667,-70.98333333333333,91.2,5000
512,10.566666666666666,-71.33888888888892,91.2,5000
513,4.716666666666667,-73.26666666666667,91.2,1000
514,5.083333333333333,-73.49999999999997,91.2,251
515,6.333333333333333,-71.08333333333333,91.2,200
516,5.766666666666667,-72.25,91.2,200
517,7.066666666666666,-72.17222222222225,91.2,200
518,6.533333333333333,-71.03333333333333,91.2,200
519,7.283333333333333,-71.3,91.2,200
520,6.766666666666667,-71.03333333333333,91.2,200
521,7.116666666666666,-71.55,91.2,200
522,6.266666666666667,-71.62222222222225,91.2,200
523,6.883333333333333,-71.75,91.2,200
524,6.339166666666665,-71.95,91.2,200
525,6.45,-71.66666666666667,91.2,200
526,6.4475,-71.46555555555557,91.2,200
527,1.2777777777777775,-75.7,91.2,0
528,7.0,-71.57222222222225,91.2,0
529,7.081666666666665,-69.08500000000001,91.3,10000
530,5.7,-74.98888888888891,91.3,10000
531,7.983333333333333,-73.53333333333333,91.3,5000
532,5.916666666666667,-73.98888888888891,91.3,5000
533,1.9333333333333333,-74.56666666666666,91.3,5000
534,1.2000000000000004,-68.49999999999997,91.3,5000
535,0.5166666666666667,-74.83333333333333,91.3,5000
536,5.633333333333333,-71.86666666666665,91.3,5000
537,6.2,-72.93333333333334,91.3,1000
538,2.750000000000001,-73.9,91.3,1000
539,4.4611111111111095,-74.11666666666666,91.3,200
540,4.533333333333333,-74.03333333333333,91.3,0
541,6.633333333333333,-74.38888888888891,91.4,1000
542,4.816666666666666,-72.7,91.4,1000
543,4.216666666666667,-72.14999999999998,91.4,1000
544,4.75,-71.98888888888891,91.4,1000
545,1.9166666666666665,-75.2,91.4,200
546,2.7666666666666666,-75.96666666666667,91.4,200
547,6.25,-73.88333333333334,91.4,100
548,2.5666666666666664,-75.11666666666666,91.4,0
549,3.432777777777777,-74.88833333333335,91.5,15000
550,5.233333333333333,-74.36666666666666,91.5,10000
551,9.3,-73.7333333333333,91.5,5000
552,3.4,-74.26666666666667,91.5,1000
553,4.250000000000002,-73.57222222222225,91.5,1000
554,10.9,-71.17222222222225,91.5,250
555,12.583333333333334,-80.03333333333333,91.5,250
556,3.2333333333333334,-73.56666666666666,91.5,0
557,10.616666666666667,-72.6,91.5,0
558,4.816666666666666,-74.03333333333333,91.5,0
559,1.7777777777777781,-75.3002777777778,91.5,0
560,10.866666666666667,-73.09999999999998,91.6,5000
561,4.416666666666667,-72.2833333333333,91.6,200
562,5.0,-72.21666666666667,91.6,200
563,4.3,-73.13333333333334,91.6,200
564,4.85,-72.46666666666667,91.6,200
565,4.433333333333334,-72.86666666666665,91.6,200
566,5.066666666666666,-72.9,91.6,100
567,4.527777777777776,-71.68333333333331,91.6,100
568,4.3,-72.62222222222225,91.6,100
569,5.333333333333333,-72.62222222222225,91.6,100
570,4.616666666666667,-72.43333333333334,91.6,0
571,7.110277777777778,-71.29472222222222,91.7,10000
572,5.0444444444444425,-74.03333333333333,91.7,10000
573,11.55,-71.22222222222224,91.7,10000
574,5.35,-70.7333333333333,91.7,10000
575,7.883333333333333,-70.83333333333333,91.7,5000
576,9.233333333333333,-74.14999999999998,91.7,5000
577,2.5666666666666664,-70.98333333333333,91.7,5000
578,1.6666666666666665,-75.33888888888892,91.7,1000
579,4.616666666666667,-74.09999999999998,91.7,200
580,9.716666666666667,-73.46666666666667,91.7,0
581,2.45,-73.95,91.7,0
582,4.083333333333333,-73.25,91.8,5000
583,5.4,-72.13333333333334,91.8,1000
584,2.45,-74.08333333333333,91.8,1000
585,2.9,-73.75555555555557,91.8,1000
586,3.216666666666667,-74.7333333333333,91.8,200
587,5.633333333333333,-71.86666666666665,91.8,200
588,10.4,-73.48333333333333,91.8,100
589,4.944444444444443,-75.7,91.8,0
590,5.75,-74.31666666666666,91.8,0
591,9.716666666666667,-73.46666666666667,91.8,0
592,4.15,-71.96666666666667,91.8,0
593,4.727222222222222,-72.40277777777777,91.9,15000
594,6.25,-73.88333333333334,91.9,15000
595,11.25,-72.53333333333333,91.9,5000
596,9.344444444444441,-72.62222222222225,91.9,1000
597,2.115277777777778,-73.09222222222225,91.9,250
598,3.533333333333333,-74.62222222222225,91.9,0
599,1.8,-77.14999999999998,91.9,0
600,4.883333333333333,-73.49999999999997,92.0,1000
601,3.3333333333333335,-74.56666666666666,92.0,0
602,10.966666666666667,-73.13333333333334,92.1,15000
603,3.8861111111111115,-75.38888888888891,92.1,1000
604,5.65,-71.9,92.1,1000
605,2.65,-75.31666666666666,92.1,1000
606,1.3333333333333333,-74.21666666666667,92.1,250
607,1.35,-73.16666666666667,92.1,250
608,1.0330555555555556,-74.24166666666667,92.1,250
609,1.6833333333333333,-73.61666666666666,92.1,250
610,3.533333333333333,-72.03333333333333,92.1,250
611,1.35,-73.85,92.1,250
612,0.7166666666666667,-73.57222222222225,92.1,250
613,4.95,-74.2833333333333,92.1,200
614,1.65,-76.49999999999997,92.1,200
615,1.3833333333333333,-75.49999999999997,92.1,200
616,4.833333333333333,-73.98888888888891,92.1,200
617,5.3,-73.9,92.1,200
618,1.5833333333333335,-75.41666666666667,92.1,200
619,5.283333333333333,-73.6,92.1,200
620,2.4833333333333334,-76.83333333333333,92.1,200
621,1.2777777777777775,-75.7,92.1,200
622,5.533333333333333,-73.8,92.1,200
623,4.333333333333333,-74.03333333333333,92.1,200
624,4.633333333333333,-73.9,92.1,200
625,5.583333333333333,-73.25,92.1,200
626,4.9,-72.75555555555557,92.1,200
627,5.466666666666667,-73.98333333333333,92.1,200
628,1.1,-75.7333333333333,92.1,200
629,5.066666666666666,-74.21666666666667,92.1,200
630,0.85,-75.85,92.1,100
631,2.55,-76.2,92.1,100
632,1.35,-75.86666666666665,92.1,100
633,5.11111111111111,-73.88333333333334,92.1,0
634,1.6166666666666667,-73.93333333333334,92.1,0
635,4.616666666666667,-72.43333333333334,92.1,0
636,4.15,-71.96666666666667,92.1,0
637,4.533333333333333,-74.03333333333333,92.1,0
638,4.816666666666666,-74.03333333333333,92.1,0
639,6.95,-70.21666666666667,92.1,0
640,2.6166666666666667,-74.71666666666667,92.2,4000
641,10.9,-71.17222222222225,92.2,0
642,4.433333333333334,-73.56666666666666,92.3,10000
643,3.8666666666666667,-66.25,92.3,10000
644,7.081666666666665,-69.08500000000001,92.3,5000
645,7.076944444444445,-71.51916666666669,92.3,5000
646,7.166666666666667,-74.08333333333333,92.3,5000
647,6.7,-71.06666666666666,92.3,5000
648,6.183333333333334,-65.80555555555559,92.3,5000
649,9.733333333333333,-73.86666666666665,92.3,5000
650,1.9833333333333334,-74.2833333333333,92.3,5000
651,1.0805555555555555,-75.03611111111111,92.3,3000
652,0.5,-67.98888888888891,92.3,1000
653,1.0333333333333334,-75.93333333333334,92.3,200
654,4.727222222222222,-72.40277777777777,92.4,15000
655,6.25,-73.88333333333334,92.4,15000
656,7.381944444444446,-70.96305555555557,92.4,0
657,3.432777777777777,-74.88833333333335,92.5,15000
658,9.15,-73.85,92.5,15000
659,7.966666666666667,-72.2833333333333,92.5,1000
660,0.9777777777777775,-75.85,92.5,100
661,1.8,-77.14999999999998,92.5,100
662,11.166666666666666,-70.91666666666664,92.5,0
663,3.7333333333333334,-73.80555555555559,92.5,0
664,10.966666666666667,-73.13333333333334,92.6,5000
665,5.616666666666667,-72.14999999999998,92.6,1000
666,4.527777777777776,-72.86666666666665,92.6,200
667,1.75,-75.49999999999997,92.6,150
668,2.544444444444444,-73.65,92.6,0
669,5.383333333333334,-71.7,92.6,0
670,10.483333333333333,-71.57222222222225,92.7,10000
671,5.0444444444444425,-74.03333333333333,92.7,5000
672,7.838888888888887,-70.80527777777777,92.7,5000
673,5.35,-70.7333333333333,92.7,5000
674,1.9666666666666668,-70.98333333333333,92.7,1000
675,2.4833333333333334,-76.44999999999997,92.7,1000
676,1.3,-75.75,92.7,1000
677,6.216666666666667,-72.14999999999998,92.7,1000
678,8.433333333333334,-70.61666666666666,92.7,1000
679,5.0444444444444425,-73.21666666666667,92.7,200
680,10.6,-71.31666666666666,92.7,150
681,3.55,-74.03333333333333,92.7,0
682,4.833333333333333,-74.08333333333333,92.7,0
683,1.4874999999999998,-73.09833333333331,92.7,0
684,2.55,-74.16666666666667,92.8,1000
685,3.2666666666666666,-71.7,92.8,1000
686,3.066666666666667,-73.48333333333333,92.8,1000
687,4.177777777777776,-74.49999999999997,92.8,200
688,4.4,-73.16666666666667,92.8,200
689,3.75,-74.83333333333333,92.8,0
690,3.716666666666667,-74.33888888888892,92.8,0
691,1.2777777777777775,-75.7,92.8,0
692,5.7,-74.98888888888891,92.8,0
693,4.727222222222222,-72.40277777777777,92.9,15000
694,7.110277777777778,-71.29472222222222,92.9,15000
695,6.25,-73.88333333333334,92.9,15000
696,6.333333333333333,-73.9,92.9,5000
697,-2.55,-68.26666666666667,92.9,0
698,4.016666666666667,-73.93333333333334,93.0,1000
699,8.166666666666666,-74.38888888888891,93.0,1000
700,9.233333333333333,-73.08333333333333,93.0,250
701,9.25,-72.75555555555557,93.0,250
702,11.7,-70.6,93.0,250
703,10.966666666666667,-73.13333333333334,93.1,31000
704,1.6152777777777771,-73.91055555555553,93.1,10000
705,5.833333333333333,-71.33888888888892,93.1,5000
706,3.2666666666666666,-74.88333333333334,93.1,5000
707,1.8333333333333335,-75.66666666666667,93.1,1000
708,4.083333333333333,-73.25,93.1,250
709,5.616666666666667,-73.8,93.1,200
710,4.533333333333333,-73.98333333333333,93.1,200
711,4.316666666666668,-74.09999999999998,93.1,200
712,5.05,-74.33888888888892,93.1,200
713,5.4,-74.21666666666667,93.1,200
714,5.177777777777776,-73.83333333333333,93.1,200
715,5.383333333333334,-73.49999999999997,93.1,200
716,5.233333333333333,-74.36666666666666,93.1,200
717,1.5166666666666666,-75.38333333333334,93.1,200
718,1.5166666666666666,-75.57222222222225,93.1,200
719,0.4252777777777778,-75.22749999999999,93.1,100
720,4.833333333333333,-74.08333333333333,93.1,5
721,5.11111111111111,-73.88333333333334,93.1,0
722,1.2777777777777775,-75.7,93.1,0
723,5.05,-72.21666666666667,93.1,0
724,4.533333333333333,-74.03333333333333,93.1,0
725,4.816666666666666,-74.03333333333333,93.1,0
726,4.594444444444443,-73.13333333333334,93.2,1000
727,6.683333333333334,-71.14999999999998,93.2,1000
728,7.333333333333333,-71.03888888888892,93.2,1000
729,6.65,-72.38888888888891,93.2,1000
730,6.166666666666667,-73.75,93.3,5000
731,7.081666666666665,-69.08500000000001,93.3,3000
732,1.4874999999999998,-73.09833333333331,93.3,900
733,0.6638888888888889,-75.17361111111109,93.3,250
734,1.1500000000000004,-74.95,93.3,250
735,9.4,-74.01666666666667,93.3,200
736,4.727222222222222,-72.40277777777777,93.4,15000
737,3.7333333333333334,-74.6,93.4,1000
738,10.5,-73.13333333333334,93.4,1000
739,10.99444444444444,-72.61666666666666,93.4,250
740,8.95,-73.78333333333333,93.4,250
741,9.8,-72.71666666666667,93.4,200
742,7.166666666666667,-71.43333333333334,93.4,150
743,7.076944444444445,-71.51916666666669,93.4,0
744,11.241944444444442,-72.52749999999999,93.4,0
745,5.7,-74.98888888888891,93.4,0
746,3.7333333333333334,-73.80555555555559,93.5,200
747,5.15,-73.36666666666666,93.5,200
748,4.944444444444443,-73.38888888888891,93.5,200
749,7.381944444444446,-70.96305555555557,93.5,0
750,2.5666666666666664,-70.98333333333333,93.5,0
751,1.2586111111111111,-75.59666666666668,93.5,0
752,6.95,-70.21666666666667,93.5,0
753,2.51111111111111,-74.7333333333333,93.6,17000
754,5.533333333333333,-71.7,93.6,10000
755,3.6666666666666665,-75.03333333333333,93.6,1000
756,4.283333333333333,-73.14999999999998,93.6,1000
757,2.2,-73.98333333333333,93.6,1000
758,4.3,-73.13333333333334,93.6,1000
759,3.183333333333333,-74.6,93.6,200
760,3.0,-74.83333333333333,93.6,0
761,4.833333333333333,-74.08333333333333,93.7,15000
762,10.483333333333333,-71.57222222222225,93.7,10000
763,5.35,-70.7333333333333,93.7,10000
764,11.55,-71.22222222222224,93.7,5000
765,6.566666666666666,-71.46666666666667,93.7,5000
766,8.316666666666666,-71.96666666666667,93.7,1000
767,7.133333333333334,-70.98888888888891,93.7,1000
768,2.4833333333333334,-76.83333333333333,93.7,1000
769,8.083333333333336,-71.13333333333334,93.7,1000
770,9.233333333333333,-73.08333333333333,93.7,250
771,7.883333333333333,-70.83333333333333,93.7,0
772,10.866666666666667,-73.09999999999998,93.7,0
773,7.381944444444446,-70.96305555555557,93.7,0
774,3.8333333333333335,-72.01666666666667,93.8,1000
775,8.866666666666667,-73.61666666666666,93.8,1000
776,2.4833333333333334,-74.06666666666666,93.8,1000
777,3.432777777777777,-74.88833333333335,93.8,0
778,2.9333333333333336,-73.66666666666667,93.8,0
779,4.727222222222222,-72.40277777777777,93.9,25000
780,6.25,-73.88333333333334,93.9,15000
781,-2.55,-68.26666666666667,93.9,5000
782,2.8,-74.86666666666665,93.9,1000
783,6.55638888888889,-74.14972222222221,93.9,0
784,8.383333333333333,-71.66666666666667,94.0,5000
785,3.3833333333333333,-72.38333333333334,94.0,5000
786,9.186666666666667,-73.8763888888889,94.0,0
787,10.966666666666667,-73.13333333333334,94.1,15000
788,2.45,-73.95,94.1,10000
789,1.2586111111111111,-75.59666666666668,94.1,10000
790,4.216666666666667,-74.49999999999997,94.1,5000
791,3.8666666666666667,-66.25,94.1,3000
792,5.75,-71.75555555555557,94.1,200
793,5.55,-72.2,94.1,200
794,5.4,-71.62222222222225,94.1,200
795,5.3,-71.03333333333333,94.1,200
796,5.583333333333333,-71.88333333333334,94.1,200
797,4.816666666666666,-71.49999999999997,94.1,200
798,5.65138888888889,-72.39166666666665,94.1,200
799,5.983333333333333,-71.03888888888892,94.1,200
800,5.016666666666667,-71.78333333333333,94.1,200
801,5.316666666666666,-71.83333333333333,94.1,200
802,5.7,-71.56666666666666,94.1,200
803,5.866666666666667,-71.25,94.1,100
804,5.716666666666667,-71.16666666666667,94.1,100
805,5.533333333333333,-71.7,94.1,5
806,4.527777777777776,-74.01666666666667,94.1,0
807,1.35,-73.16666666666667,94.1,0
808,5.466666666666667,-72.98333333333333,94.1,0
809,4.533333333333333,-74.03333333333333,94.1,0
810,4.983333333333333,-73.93333333333334,94.2,251
811,4.816666666666666,-74.03333333333333,94.2,0
812,4.433333333333334,-73.56666666666666,94.3,10000
813,7.033333333333333,-69.75555555555557,94.3,5000
814,2.2,-73.98333333333333,94.3,5000
815,2.9333333333333336,-73.66666666666667,94.3,5000
816,6.5,-72.7333333333333,94.3,5000
817,6.183333333333334,-65.80555555555559,94.3,5000
818,2.127777777777777,-73.09999999999998,94.3,5000
819,3.033333333333333,-74.75,94.3,1000
820,8.8,-73.7333333333333,94.3,200
821,9.166666666666666,-73.38333333333334,94.3,200
822,9.344444444444441,-73.65,94.3,200
823,9.4,-73.44999999999997,94.3,200
824,7.133333333333334,-71.57222222222225,94.3,0
825,6.416666666666667,-73.78333333333333,94.4,15000
826,3.9833333333333334,-72.80555555555559,94.4,200
827,5.35,-72.22222222222224,94.4,200
828,4.95,-72.93333333333334,94.4,200
829,4.816666666666666,-72.7,94.4,200
830,4.416666666666667,-72.7333333333333,94.4,200
831,4.816666666666666,-71.96666666666667,94.4,200
832,5.3,-72.03888888888892,94.4,200
833,4.316666666666668,-72.93333333333334,94.4,200
834,5.133333333333334,-72.49999999999997,94.4,200
835,4.383333333333335,-71.53333333333333,94.4,200
836,4.75,-72.9,94.4,200
837,4.616666666666667,-72.65833333333332,94.4,200
838,5.11111111111111,-72.13333333333334,94.4,200
839,4.877777777777776,-72.48333333333333,94.4,200
840,4.966666666666667,-72.25,94.4,200
841,4.4,-72.36666666666666,94.4,200
842,4.916666666666667,-72.36666666666666,94.4,100
843,4.944444444444443,-72.51666666666667,94.4,100
844,4.727222222222222,-72.40277777777777,94.4,0
845,4.716666666666667,-72.55,94.4,0
846,4.7,-72.56666666666666,94.4,0
847,8.166666666666666,-74.38888888888891,94.4,0
848,4.738055555555556,-72.3486111111111,94.4,0
849,3.432777777777777,-74.88833333333335,94.5,10000
850,10.422777777777778,-73.84694444444445,94.5,10000
851,12.583333333333334,-80.03333333333333,94.5,5000
852,1.6666666666666665,-75.33888888888892,94.5,5000
853,8.166666666666666,-74.38888888888891,94.5,1000
854,4.783333333333333,-73.09999999999998,94.5,200
855,8.316666666666666,-73.48333333333333,94.5,200
856,4.15,-73.06666666666666,94.5,100
857,5.133333333333334,-73.2833333333333,94.5,100
858,4.283333333333333,-73.14999999999998,94.5,100
859,4.883333333333333,-73.49999999999997,94.5,100
860,4.133333333333334,-73.43333333333334,94.5,100
861,4.05,-73.16666666666667,94.5,100
862,4.716666666666667,-73.26666666666667,94.5,100
863,3.55,-74.03333333333333,94.5,0
864,3.9,-74.62222222222225,94.5,0
865,8.91666666666667,-72.8,94.5,0
866,7.883333333333333,-70.83333333333333,94.7,15000
867,4.833333333333333,-74.08333333333333,94.7,10000
868,1.0805555555555555,-75.03611111111111,94.7,6000
869,5.45,-72.98888888888891,94.7,5000
870,10.766666666666667,-73.0,94.7,5000
871,5.016666666666667,-71.06666666666666,94.7,1000
872,4.183333333333335,-72.86666666666665,94.7,100
873,8.316666666666666,-71.96666666666667,94.7,0
874,7.066666666666666,-72.17222222222225,94.7,0
875,5.35,-70.7333333333333,94.7,0
876,2.066666666666667,-74.11666666666666,94.8,1000
877,9.500000000000004,-73.68333333333331,94.8,1000
878,2.9333333333333336,-73.66666666666667,94.8,1000
879,4.283333333333333,-71.11666666666666,94.8,250
880,3.5666666666666664,-72.11666666666666,94.8,250
881,3.8833333333333333,-72.09999999999998,94.8,250
882,2.6833333333333336,-71.09999999999998,94.8,250
883,4.250000000000002,-71.9,94.8,250
884,3.716666666666667,-71.57222222222225,94.8,250
885,3.0833333333333335,-72.08333333333333,94.8,250
886,4.15,-71.96666666666667,94.8,0
887,6.25,-73.88333333333334,94.9,45000
888,3.8861111111111115,-75.38888888888891,94.9,18000
889,4.727222222222222,-72.40277777777777,94.9,15000
890,7.381944444444446,-70.96305555555557,94.9,5000
891,6.85,-71.03333333333333,94.9,200
892,1.8666666666666667,-74.38333333333334,95.0,250
893,4.4611111111111095,-73.75555555555557,95.0,200
894,4.283333333333333,-73.22222222222224,95.0,200
895,3.8,-73.53333333333333,95.0,200
896,3.7666666666666666,-74.66666666666667,95.0,200
897,4.083333333333333,-73.25,95.0,200
898,3.533333333333333,-74.01666666666667,95.0,200
899,4.016666666666667,-73.93333333333334,95.0,200
900,3.55,-74.03333333333333,95.0,0
901,3.75,-74.83333333333333,95.0,0
902,3.8666666666666667,-66.25,95.1,10000
903,2.45,-73.95,95.1,6000
904,10.41388888888889,-73.85833333333332,95.1,5000
905,1.6833333333333333,-73.61666666666666,95.1,5000
906,5.0444444444444425,-74.03333333333333,95.1,5000
907,4.75,-74.25,95.1,3000
908,1.0,-75.78333333333333,95.1,1000
909,7.133333333333334,-71.57222222222225,95.1,250
910,4.066666666666666,-73.03333333333333,95.1,200
911,4.15,-73.21666666666667,95.1,200
912,5.4,-71.66666666666667,95.1,200
913,4.566666666666666,-73.2833333333333,95.1,100
914,4.877777777777776,-73.25,95.1,100
915,3.55,-74.03333333333333,95.1,0
916,4.527777777777776,-74.01666666666667,95.1,0
917,10.966666666666667,-73.13333333333334,95.1,0
918,4.833333333333333,-74.08333333333333,95.1,0
919,11.55,-71.22222222222224,95.1,0
920,11.25,-72.53333333333333,95.1,0
921,7.883333333333333,-70.83333333333333,95.2,5000
922,8.233333333333333,-71.68333333333331,95.2,5000
923,5.7,-74.98888888888891,95.3,10000
924,5.616666666666667,-72.14999999999998,95.3,5000
925,2.9333333333333336,-73.66666666666667,95.3,5000
926,7.73,-74.97972222222224,95.3,1000
927,3.466666666666667,-71.95,95.3,1000
928,8.477777777777774,-73.86666666666665,95.3,1000
929,6.9,-74.01666666666667,95.3,1000
930,1.1833333333333338,-75.25,95.3,1000
931,5.2,-74.2,95.3,200
932,9.4,-74.01666666666667,95.3,0
933,4.816666666666666,-74.03333333333333,95.3,0
934,5.35,-70.7333333333333,95.3,0
935,5.0444444444444425,-74.0,95.3,0
936,6.333333333333333,-73.9,95.4,200
937,6.6,-73.98888888888891,95.4,200
938,6.083333333333333,-73.96666666666667,95.4,200
939,6.683333333333334,-74.31666666666666,95.4,200
940,6.216666666666667,-74.06666666666666,95.4,200
941,5.75,-73.93333333333334,95.4,200
942,6.3,-73.36666666666666,95.4,200
943,6.483333333333333,-73.75555555555557,95.4,150
944,4.416666666666667,-72.7333333333333,95.4,0
945,3.432777777777777,-74.88833333333335,95.5,15000
946,8.761111111111108,-74.21666666666667,95.5,10000
947,10.422777777777778,-73.84694444444445,95.5,5000
948,-2.55,-68.26666666666667,95.5,5000
949,13.35,-79.7,95.5,5000
950,3.533333333333333,-74.01666666666667,95.5,1000
951,8.316666666666666,-71.96666666666667,95.5,0
952,1.65,-76.49999999999997,95.5,0
953,4.727222222222222,-72.40277777777777,95.5,0
954,0.8333333333333334,-75.98333333333333,95.5,0
955,9.240277777777777,-72.67777777777779,95.5,0
956,7.962222222222221,-72.3738888888889,95.5,0
957,5.533333333333333,-71.7,95.6,10000
958,10.766666666666667,-73.08333333333333,95.6,5000
959,3.8333333333333335,-72.01666666666667,95.6,250
960,1.6,-75.33888888888892,95.6,200
961,4.283333333333333,-73.11666666666666,95.6,200
962,4.766666666666667,-72.8,95.6,0
963,1.4166666666666667,-75.7333333333333,95.6,0
964,4.15,-71.96666666666667,95.6,0
965,1.2777777777777775,-75.7,95.6,0
966,4.833333333333333,-74.08333333333333,95.6,0
967,4.916666666666667,-72.26666666666667,95.6,0
968,7.110277777777778,-71.29472222222222,95.7,10000
969,11.55,-71.22222222222224,95.7,10000
970,5.0444444444444425,-74.03333333333333,95.7,5000
971,1.8,-77.14999999999998,95.7,5000
972,9.3,-73.7333333333333,95.7,3000
973,7.616666666666667,-70.93333333333334,95.7,1000
974,8.383333333333333,-71.66666666666667,95.7,1000
975,6.1,-70.68333333333331,95.7,1000
976,9.966666666666667,-72.21666666666667,95.7,200
977,9.25,-72.14999999999998,95.7,200
978,9.566666666666666,-71.66666666666667,95.7,200
979,10.483333333333333,-71.57222222222225,95.7,5
980,4.4611111111111095,-73.75555555555557,95.7,0
981,5.016666666666667,-71.88333333333334,95.8,1000
982,4.383333333333335,-71.53333333333333,95.8,1000
983,4.2,-72.75555555555557,95.8,1000
984,3.35,-72.21666666666667,95.8,1000
985,5.283333333333333,-72.53333333333333,95.8,1000
986,2.6833333333333336,-73.66666666666667,95.8,250
987,2.3833333333333333,-73.88333333333334,95.8,250
988,2.65,-73.98333333333333,95.8,250
989,1.9333333333333333,-74.56666666666666,95.8,250
990,2.400000000000001,-74.22222222222224,95.8,250
991,2.9333333333333336,-73.91666666666664,95.8,250
992,2.127777777777777,-74.14999999999998,95.8,250
993,3.066666666666667,-73.48333333333333,95.8,250
994,2.9986111111111113,-73.62666666666667,95.8,0
995,2.9333333333333336,-73.66666666666667,95.8,0
996,4.727222222222222,-72.40277777777777,95.9,15000
997,6.25,-73.88333333333334,95.9,15000
998,1.0333333333333334,-75.93333333333334,95.9,1000
999,6.533333333333333,-71.03333333333333,95.9,0
1000,8.95,-73.78333333333333,96.0,5000
1001,4.066666666666666,-73.03333333333333,96.0,1000
1002,4.5,-74.57222222222225,96.0,1000
1003,5.133333333333334,-73.2833333333333,96.0,1000
1004,3.6666666666666665,-75.03333333333333,96.0,200
1005,3.3333333333333335,-74.56666666666666,96.0,200
1006,3.533333333333333,-74.62222222222225,96.0,200
1007,3.1666666666666665,-74.78333333333333,96.0,200
1008,3.432777777777777,-74.88833333333335,96.0,10
1009,3.75,-74.83333333333333,96.0,0
1010,2.5666666666666664,-75.11666666666666,96.0,0
1011,8.233333333333333,-71.68333333333331,96.0,0
1012,10.966666666666667,-73.13333333333334,96.1,15000
1013,1.2586111111111111,-75.59666666666668,96.1,5000
1014,4.083333333333333,-74.53333333333333,96.1,5000
1015,4.527777777777776,-74.01666666666667,96.1,1000
1016,5.3,-74.21666666666667,96.1,1000
1017,1.9,-65.41666666666667,96.1,1000
1018,5.716666666666667,-71.26666666666667,96.1,1000
1019,11.383333333333333,-70.56666666666666,96.1,0
1020,1.2777777777777775,-75.7,96.1,0
1021,7.110277777777778,-71.29472222222222,96.2,10000
1022,4.633333333333333,-73.43333333333334,96.2,1000
1023,6.85,-71.03333333333333,96.2,1000
1024,5.916666666666667,-72.13333333333334,96.2,1000
1025,7.908888888888887,-70.84861111111113,96.2,0
1026,4.433333333333334,-73.56666666666666,96.3,10000
1027,5.0444444444444425,-74.03333333333333,96.3,10000
1028,7.983333333333333,-73.53333333333333,96.3,5000
1029,1.6166666666666667,-73.95,96.3,5000
1030,1.2000000000000004,-68.49999999999997,96.3,5000
1031,2.5666666666666664,-70.98333333333333,96.3,5000
1032,9.525000000000002,-73.89999999999999,96.3,5000
1033,4.15,-71.96666666666667,96.3,5000
1034,5.0444444444444425,-74.0,96.3,5000
1035,4.944444444444443,-75.7,96.3,1000
1036,5.066666666666666,-72.93333333333334,96.3,1000
1037,1.2000000000000004,-75.31666666666666,96.3,250
1038,0.5166666666666667,-74.83333333333333,96.3,250
1039,0.6833333333333333,-74.91666666666664,96.3,250
1040,4.727222222222222,-72.40277777777777,96.3,0
1041,10.9,-71.21666666666667,96.3,0
1042,10.5,-72.53333333333333,96.3,0
1043,1.1833333333333338,-75.57222222222225,96.3,0
1044,6.25,-73.88333333333334,96.4,15000
1045,5.65,-74.21666666666667,96.4,1000
1046,2.0611111111111104,-75.55,96.4,200
1047,4.733333333333335,-72.6,96.4,0
1048,3.432777777777777,-74.88833333333335,96.5,15000
1049,7.6,-73.14999999999998,96.5,0
1050,0.8333333333333334,-75.98333333333333,96.5,0
1051,10.833333333333334,-73.36666666666666,96.6,250
1052,10.45,-73.3,96.6,250
1053,3.216666666666667,-73.55,96.6,250
1054,5.816666666666666,-71.2,96.6,200
1055,5.6,-71.31666666666666,96.6,200
1056,5.7,-71.80555555555559,96.6,200
1057,4.983333333333333,-71.65,96.6,200
1058,5.35,-71.8,96.6,200
1059,2.65,-74.33333333333331,96.6,200
1060,5.766666666666667,-71.43333333333334,96.6,200
1061,6.433333333333334,-70.8,96.6,200
1062,10.5,-73.46666666666667,96.6,200
1063,5.733333333333333,-71.38888888888891,96.6,200
1064,5.516666666666667,-72.06666666666666,96.6,200
1065,5.716666666666667,-71.93333333333334,96.6,200
1066,6.05,-71.80555555555559,96.6,200
1067,6.333333333333333,-71.03333333333333,96.6,200
1068,6.05,-70.96666666666667,96.6,200
1069,5.566666666666666,-71.75555555555557,96.6,200
1070,6.05,-71.2,96.6,200
1071,3.9333333333333336,-72.93333333333334,96.6,200
1072,10.7,-73.03888888888892,96.6,150
1073,10.783333333333333,-73.2,96.6,100
1074,10.966666666666667,-73.13333333333334,96.6,5
1075,10.45,-72.75,96.6,0
1076,3.55,-74.03333333333333,96.6,0
1077,11.241944444444442,-72.52749999999999,96.6,0
1078,5.533333333333333,-71.7,96.6,0
1079,11.7,-70.6,96.7,5000
1080,4.527777777777776,-74.01666666666667,96.7,3000
1081,9.7,-71.61666666666666,96.7,1000
1082,8.061111111111108,-71.2,96.7,1000
1083,0.8666666666666667,-75.98333333333333,96.7,1000
1084,10.483333333333333,-71.57222222222225,96.7,1000
1085,4.85,-71.38333333333334,96.7,250
1086,5.433333333333334,-70.06666666666666,96.7,250
1087,5.833333333333333,-70.49999999999997,96.7,250
1088,8.316666666666666,-71.96666666666667,96.7,200
1089,5.35,-70.73222222222222,96.7,0
1090,6.316666666666666,-72.2833333333333,96.7,0
1091,1.0330555555555556,-74.24166666666667,96.7,0
1092,2.45,-75.14999999999998,96.7,0
1093,1.3980555555555556,-76.8938888888889,96.7,0
1094,5.25,-73.49999999999997,96.7,0
1095,10.4,-73.48333333333333,96.7,0
1096,2.400000000000001,-74.22222222222224,96.8,5000
1097,4.283333333333333,-71.11666666666666,96.8,1000
1098,9.383333333333333,-73.6,96.8,1000
1099,4.85,-72.46666666666667,96.8,1000
1100,10.25,-75.0,96.8,250
1101,8.833333333333334,-72.25,96.8,250
1102,10.283333333333333,-73.78333333333333,96.8,250
1103,9.716666666666667,-73.46666666666667,96.8,0
1104,4.727222222222222,-72.40277777777777,96.9,15000
1105,6.25,-73.88333333333334,96.9,15000
1106,7.110277777777778,-71.29472222222222,96.9,10000
1107,7.994444444444444,-70.78416666666665,96.9,10000
1108,3.468055555555556,-74.86777777777776,96.9,5000
1109,3.0,-74.83333333333333,96.9,5000
1110,1.5166666666666666,-75.57222222222225,97.0,250
1111,3.6833333333333336,-74.65,97.0,0
1112,11.25,-72.53333333333333,97.1,10000
1113,2.2,-73.98333333333333,97.1,250
1114,5.25,-72.09999999999998,97.1,200
1115,0.8333333333333334,-75.98333333333333,97.1,200
1116,9.266666666666667,-72.98333333333333,97.1,0
1117,4.616666666666667,-72.43333333333334,97.1,0
1118,2.45,-73.95,97.1,0
1119,1.2586111111111111,-75.59666666666668,97.1,0
1120,4.816666666666666,-71.49999999999997,97.1,0
1121,5.016666666666667,-73.96666666666667,97.2,200
1122,5.11111111111111,-73.88333333333334,97.2,0
1123,4.4611111111111095,-68.13333333333334,97.3,8000
1124,6.0,-73.75,97.3,5000
1125,2.183333333333333,-72.13333333333334,97.3,5000
1126,2.9333333333333336,-73.66666666666667,97.3,5000
1127,5.7,-74.98888888888891,97.3,5000
1128,1.8833333333333333,-74.6,97.3,5000
1129,5.533333333333333,-71.7,97.3,5000
1130,6.316666666666666,-74.46666666666667,97.3,5000
1131,1.0333333333333334,-74.96666666666667,97.3,5000
1132,4.15,-71.96666666666667,97.3,5000
1133,9.3,-73.7333333333333,97.3,1000
1134,0.6166666666666667,-67.53333333333333,97.3,1000
1135,2.45,-75.14999999999998,97.3,250
1136,7.333333333333333,-71.33888888888892,97.3,100
1137,10.966666666666667,-73.13333333333334,97.3,0
1138,10.5,-72.53333333333333,97.3,0
1139,3.3833333333333333,-72.38333333333334,97.3,0
1140,1.0805555555555555,-75.03611111111111,97.3,0
1141,6.183333333333334,-65.80555555555559,97.3,0
1142,1.1833333333333338,-75.25,97.3,0
1143,4.727222222222222,-72.40277777777777,97.4,15000
1144,8.416666666666666,-73.91666666666664,97.5,5000
1145,3.8666666666666667,-73.26666666666667,97.5,5000
1146,12.583333333333334,-80.03333333333333,97.5,5000
1147,5.65,-74.21666666666667,97.5,1000
1148,10.25,-73.68333333333331,97.5,1000
1149,5.083333333333333,-73.49999999999997,97.5,1000
1150,3.432777777777777,-74.88833333333335,97.5,500
1151,6.333333333333333,-74.09999999999998,97.5,200
1152,7.6,-73.14999999999998,97.5,200
1153,6.983333333333333,-73.62222222222225,97.5,100
1154,0.8666666666666667,-76.06666666666666,97.5,0
1155,7.166666666666667,-74.08333333333333,97.5,0
1156,2.9333333333333336,-71.53333333333333,97.5,0
1157,10.966666666666667,-73.13333333333334,97.6,20000
1158,6.166666666666667,-73.91666666666664,97.6,200
1159,6.233333333333333,-73.49999999999997,97.6,150
1160,6.6,-75.22222222222224,97.6,100
1161,7.0,-73.83333333333333,97.6,0
1162,10.483333333333333,-71.57222222222225,97.7,33000
1163,7.066666666666666,-71.41666666666667,97.7,5000
1164,4.833333333333333,-74.08333333333333,97.7,5000
1165,7.933333333333334,-70.93333333333334,97.7,1000
1166,1.5,-75.55,97.7,1000
1167,7.883333333333333,-70.83333333333333,97.7,0
1168,1.2000000000000004,-68.49999999999997,97.7,0
1169,1.2586111111111111,-75.59666666666668,97.7,0
1170,4.564722222222223,-71.28472222222221,97.8,1000
1171,2.127777777777777,-74.14999999999998,97.8,1000
1172,2.6666666666666665,-73.85,97.8,1000
1173,8.866666666666667,-73.61666666666666,97.8,200
1174,8.500000000000004,-72.98888888888891,97.8,200
1175,9.533333333333333,-73.56666666666666,97.8,200
1176,9.25,-73.48333333333333,97.8,200
1177,9.525000000000002,-73.89999999999999,97.8,200
1178,9.3,-73.7333333333333,97.8,5
1179,8.833333333333334,-73.08333333333333,97.8,0
1180,4.727222222222222,-72.40277777777777,97.9,35000
1181,6.333333333333333,-73.9,97.9,5000
1182,-2.55,-68.26666666666667,97.9,5000
1183,7.416666666666667,-70.91666666666664,97.9,5000
1184,1.35,-75.93333333333334,97.9,1000
1185,6.683333333333334,-74.14999999999998,97.9,0
1186,3.9333333333333336,-73.55,98.0,65000
1187,3.432777777777777,-74.88833333333335,98.0,5000
1188,7.283333333333333,-71.3,98.0,0
1189,10.966666666666667,-73.13333333333334,98.1,10000
1190,1.6152777777777771,-73.91055555555553,98.1,10000
1191,2.45,-73.95,98.1,10000
1192,5.416666666666667,-74.03333333333333,98.1,6000
1193,1.2777777777777775,-75.7,98.1,1000
1194,10.983333333333333,-73.2833333333333,98.1,1000
1195,5.874722222222221,-71.3038888888889,98.1,1000
1196,5.083333333333333,-73.49999999999997,98.1,251
1197,4.083333333333333,-71.3,98.1,0
1198,11.25,-72.53333333333333,98.1,0
1199,5.933333333333334,-71.95,98.2,1000
1200,6.766666666666667,-71.03333333333333,98.2,1000
1201,4.877777777777776,-73.25,98.2,1000
1202,7.616666666666667,-70.93333333333334,98.2,200
1203,8.383333333333333,-71.66666666666667,98.2,200
1204,8.21666666666667,-71.56666666666666,98.2,200
1205,7.3,-70.83333333333333,98.2,200
1206,7.866666666666667,-71.03888888888892,98.2,200
1207,7.916666666666667,-71.31666666666666,98.2,200
1208,7.838888888888887,-70.80527777777777,98.2,200
1209,7.9,-70.83333333333333,98.2,0
1210,1.0694444444444442,-75.05833333333334,98.3,5000
1211,7.433333333333334,-75.44999999999997,98.3,5000
1212,2.783333333333334,-73.6,98.3,5000
1213,4.15,-71.96666666666667,98.3,5000
1214,0.8666666666666667,-76.06666666666666,98.3,1000
1215,5.5,-71.65,98.3,200
1216,4.15,-71.96666666666667,98.3,0
1217,6.95,-70.21666666666667,98.3,0
1218,7.0,-74.03333333333333,98.3,0
1219,6.066666666666666,-74.13333333333334,98.4,200
1220,8.1,-75.06666666666666,98.4,200
1221,7.0,-73.83333333333333,98.4,0
1222,6.166666666666667,-73.75,98.4,0
1223,4.727222222222222,-72.40277777777777,98.5,15000
1224,3.432777777777777,-74.88833333333335,98.5,15000
1225,8.761111111111108,-74.21666666666667,98.5,5000
1226,4.4611111111111095,-73.75555555555557,98.5,3000
1227,1.4833333333333334,-75.91666666666664,98.5,300
1228,13.35,-79.7,98.5,250
1229,6.416666666666667,-73.78333333333333,98.5,100
1230,7.0,-73.83333333333333,98.5,0
1231,6.516666666666667,-75.3,98.5,0
1232,12.583333333333334,-80.03333333333333,98.5,0
1233,6.466666666666667,-71.6,98.5,0
1234,10.966666666666667,-73.13333333333334,98.6,5000
1235,7.883333333333333,-70.83333333333333,98.6,200
1236,5.6,-71.80555555555559,98.6,200
1237,6.183333333333334,-70.80555555555559,98.6,200
1238,5.433333333333334,-72.36666666666666,98.6,200
1239,5.65,-71.33333333333331,98.6,200
1240,6.4,-70.83333333333333,98.6,200
1241,5.016666666666667,-71.85,98.6,200
1242,5.2,-71.48333333333333,98.6,200
1243,5.6,-71.65,98.6,200
1244,5.633333333333333,-70.75555555555557,98.6,200
1245,5.983333333333333,-71.08333333333333,98.6,200
1246,5.7,-72.09999999999998,98.6,200
1247,4.877777777777776,-71.6,98.6,200
1248,5.874722222222221,-71.3038888888889,98.6,200
1249,5.766666666666667,-71.16666666666667,98.6,200
1250,5.433333333333334,-71.62222222222225,98.6,200
1251,10.75,-73.08333333333333,98.6,0
1252,5.533333333333333,-71.7,98.6,0
1253,4.566666666666666,-73.2833333333333,98.7,5000
1254,4.527777777777776,-74.01666666666667,98.7,5000
1255,7.066666666666666,-72.17222222222225,98.7,5000
1256,5.383333333333334,-73.49999999999997,98.7,1000
1257,6.05,-71.96666666666667,98.7,200
1258,6.466666666666667,-71.6,98.7,200
1259,1.9666666666666668,-70.98333333333333,98.7,0
1260,9.55,-73.65,98.8,1000
1261,3.2333333333333334,-73.56666666666666,98.8,250
1262,3.3833333333333333,-73.13333333333334,98.8,250
1263,2.55,-74.16666666666667,98.8,250
1264,2.9333333333333336,-73.66666666666667,98.8,250
1265,2.0611111111111104,-74.3,98.8,250
1266,2.2666666666666666,-74.13333333333334,98.8,250
1267,1.8666666666666667,-74.38333333333334,98.8,250
1268,2.783333333333334,-73.6,98.8,250
1269,2.9986111111111113,-73.62666666666667,98.8,0
1270,8.1,-75.06666666666666,98.9,10000
1271,6.166666666666667,-73.91666666666664,98.9,5000
1272,-2.55,-68.26666666666667,98.9,5000
1273,5.183333333333335,-72.80555555555559,98.9,1000
1274,2.7666666666666666,-74.96666666666667,98.9,250
1275,10.966666666666667,-73.13333333333334,99.1,18000
1276,4.727222222222222,-72.40277777777777,99.1,15000
1277,4.833333333333333,-74.08333333333333,99.1,5000
1278,2.127777777777777,-73.09999999999998,99.1,5000
1279,1.416111111111111,-74.1947222222222,99.1,1000
1280,3.6833333333333336,-74.65,99.1,1000
1281,1.05,-75.83333333333333,99.1,1000
1282,1.2611111111111106,-65.2,99.1,1000
1283,1.5166666666666666,-75.38333333333334,99.1,1000
1284,6.5,-71.08333333333333,99.1,200
1285,7.033333333333333,-70.38888888888891,99.1,200
1286,6.416666666666667,-70.78333333333333,99.1,200
1287,5.766666666666667,-71.88333333333334,99.1,200
1288,5.0,-71.83333333333333,99.1,200
1289,6.2,-70.91666666666664,99.1,200
1290,5.516666666666667,-72.44999999999997,99.1,200
1291,5.133333333333334,-71.7333333333333,99.1,200
1292,5.716666666666667,-70.80555555555559,99.1,200
1293,5.533333333333333,-71.96666666666667,99.1,200
1294,5.716666666666667,-71.26666666666667,99.1,200
1295,5.566666666666666,-71.31666666666666,99.1,200
1296,5.533333333333333,-71.7,99.1,0
1297,7.883333333333333,-70.83333333333333,99.2,10000
1298,7.076944444444445,-71.51916666666669,99.2,1000
1299,11.383333333333333,-70.56666666666666,99.2,900
1300,1.1352777777777776,-71.11,99.2,250
1301,10.766666666666667,-73.0,99.2,250
1302,10.566666666666666,-71.33888888888892,99.2,250
1303,11.55,-71.22222222222224,99.2,0
1304,5.533333333333333,-71.7,99.3,10000
1305,1.2000000000000004,-68.49999999999997,99.3,8000
1306,5.177777777777776,-75.03333333333333,99.3,5000
1307,6.183333333333334,-65.80555555555559,99.3,5000
1308,1.4874999999999998,-73.09833333333331,99.3,5000
1309,6.466666666666667,-70.06666666666666,99.3,5000
1310,3.0833333333333335,-72.08333333333333,99.3,5000
1311,3.55,-74.03333333333333,99.3,0
1312,6.25,-73.88333333333334,99.4,15000
1313,4.533333333333333,-72.26666666666667,99.4,1000
1314,5.2,-72.7333333333333,99.4,1000
1315,5.366666666666666,-72.48333333333333,99.4,1000
1316,4.944444444444443,-72.16666666666667,99.4,250
1317,2.25,-75.61666666666666,99.4,200
1318,1.9666666666666668,-75.3,99.4,200
1319,3.0166666666666666,-74.98333333333333,99.4,200
1320,2.6333333333333333,-74.96666666666667,99.4,200
1321,3.4166666666666665,-74.68333333333331,99.4,200
1322,3.183333333333333,-74.6,99.4,200
1323,4.594444444444443,-74.25,99.4,200
1324,2.066666666666667,-75.38888888888891,99.4,200
1325,6.65,-72.38888888888891,99.4,200
1326,4.416666666666667,-74.48333333333333,99.4,200
1327,2.25,-74.95,99.4,200
1328,4.216666666666667,-74.65,99.4,200
1329,3.033333333333333,-74.75,99.4,100
1330,4.5,-74.57222222222225,99.4,100
1331,2.95,-74.6,99.4,100
1332,3.75,-74.83333333333333,99.4,0
1333,2.5666666666666664,-75.11666666666666,99.4,0
1334,4.616666666666667,-72.43333333333334,99.4,0
1335,2.45,-73.95,99.4,0
1336,5.2,-73.25,99.5,5000
1337,12.583333333333334,-80.03333333333333,99.5,5000
1338,10.422777777777778,-73.84694444444445,99.5,1000
1339,1.2277777777777774,-75.61666666666666,99.5,200
1340,1.3,-75.75,99.5,200
1341,4.633333333333333,-71.8,99.5,200
1342,4.727222222222222,-72.40277777777777,99.5,0
1343,3.432777777777777,-74.88833333333335,99.5,0
1344,1.35,-75.86666666666665,99.5,0
1345,0.8666666666666667,-75.98333333333333,99.5,0
1346,10.833333333333334,-73.36666666666666,99.6,1000
1347,3.8666666666666667,-74.71666666666667,99.6,1000
1348,3.033333333333333,-74.75,99.6,150
1349,7.110277777777778,-71.29472222222222,99.7,10000
1350,2.9333333333333336,-73.66666666666667,99.7,6000
1351,5.55,-70.22222222222224,99.7,5000
1352,5.05,-73.85,99.7,5000
1353,1.1,-75.7333333333333,99.7,1000
1354,8.65,-71.06666666666666,99.7,1000
1355,10.966666666666667,-73.13333333333334,99.7,0
1356,4.566666666666666,-74.08333333333333,99.7,0
1357,9.316666666666666,-73.62222222222225,99.8,1000
1358,4.35,-72.03888888888892,99.8,1000
1359,7.316666666666666,-70.80555555555559,99.8,0
1360,4.727222222222222,-72.40277777777777,99.9,48000
1361,6.25,-73.88333333333334,99.9,10000
1362,2.55,-76.2,99.9,5000
1363,7.866666666666667,-74.98888888888891,99.9,3000
1364,3.432777777777777,-74.88833333333335,99.9,1000
1365,7.883333333333333,-70.83333333333333,99.9,0
1366,7.966666666666667,-72.2833333333333,100.0,100000
1367,4.433333333333334,-73.56666666666666,100.0,5000
1368,10.966666666666667,-73.13333333333334,100.1,15000
1369,1.6152777777777771,-73.91055555555553,100.1,10000
1370,3.8666666666666667,-66.25,100.1,10000
1371,5.616666666666667,-73.8,100.1,5000
1372,2.45,-73.95,100.1,5000
1373,1.2586111111111111,-75.59666666666668,100.1,5000
1374,5.65,-71.9,100.1,1000
1375,3.8333333333333335,-74.86666666666665,100.1,1000
1376,4.7,-74.06666666666666,100.1,1000
1377,10.422777777777778,-73.84694444444445,100.1,0
1378,4.35,-72.03888888888892,100.1,0
1379,4.15,-71.96666666666667,100.1,0
1380,7.266666666666667,-70.98333333333333,100.2,1000
1381,6.283333333333333,-71.48333333333333,100.2,1000
1382,7.95,-71.16666666666667,100.2,1000
1383,5.216666666666667,-71.21666666666667,100.2,250
1384,5.633333333333333,-70.53333333333333,100.2,250
1385,5.35,-70.73222222222222,100.2,0
1386,4.816666666666666,-74.03333333333333,100.2,0
1387,2.9333333333333336,-73.66666666666667,100.3,10000
1388,5.7,-74.98888888888891,100.3,10000
1389,8.233333333333333,-71.68333333333331,100.3,5000
1390,0.6638888888888889,-75.17361111111109,100.3,5000
1391,6.183333333333334,-65.80555555555559,100.3,5000
1392,9.3,-73.7333333333333,100.3,5000
1393,7.081666666666665,-69.08500000000001,100.3,1000
1394,5.416666666666667,-72.03333333333333,100.3,1000
1395,0.85,-75.85,100.3,0
1396,1.4874999999999998,-73.09833333333331,100.3,0
1397,4.727222222222222,-72.40277777777777,100.4,15000
1398,6.25,-73.88333333333334,100.4,15000
1399,11.008333333333333,-72.5638888888889,100.4,5000
1400,7.866666666666667,-74.98888888888891,100.4,250
1401,7.0,-73.83333333333333,100.4,0
1402,3.432777777777777,-74.88833333333335,100.5,5000
1403,5.15,-73.36666666666666,100.5,5000
1404,12.583333333333334,-80.03333333333333,100.5,5000
1405,10.25,-73.68333333333331,100.5,250
1406,9.7,-71.61666666666666,100.5,250
1407,9.833333333333334,-73.46666666666667,100.5,250
1408,7.962222222222221,-72.3738888888889,100.5,250
1409,8.761111111111108,-74.21666666666667,100.5,0
1410,9.25,-72.75555555555557,100.5,0
1411,2.45,-75.14999999999998,100.6,250
1412,5.216666666666667,-71.46666666666667,100.6,200
1413,5.7,-72.26666666666667,100.6,200
1414,5.95,-71.2833333333333,100.6,200
1415,6.083333333333333,-71.7,100.6,200
1416,5.583333333333333,-71.3,100.6,200
1417,6.483333333333333,-70.75555555555557,100.6,200
1418,5.75,-71.13333333333334,100.6,200
1419,5.966666666666667,-72.91666666666664,100.6,200
1420,5.516666666666667,-72.51666666666667,100.6,200
1421,6.133333333333334,-71.03888888888892,100.6,200
1422,4.983333333333333,-71.75555555555557,100.6,200
1423,5.6,-71.96666666666667,100.6,200
1424,5.733333333333333,-73.0,100.6,200
1425,6.416666666666667,-71.03333333333333,100.6,200
1426,5.5,-71.80555555555559,100.6,100
1427,5.5,-71.56666666666666,100.6,100
1428,5.316666666666666,-71.7333333333333,100.6,100
1429,5.533333333333333,-71.7,100.6,0
1430,7.110277777777778,-71.29472222222222,100.7,10000
1431,7.883333333333333,-70.83333333333333,100.7,10000
1432,4.833333333333333,-74.08333333333333,100.7,10000
1433,10.383333333333333,-71.51666666666667,100.7,5000
1434,4.283333333333333,-73.11666666666666,100.7,5000
1435,2.5666666666666664,-70.98333333333333,100.7,5000
1436,5.283333333333333,-70.3,100.7,5000
1437,0.9166666666666669,-76.13333333333334,100.7,1000
1438,1.4666666666666668,-75.41666666666667,100.7,1000
1439,11.55,-71.22222222222224,100.7,0
1440,9.3,-73.7333333333333,100.8,5000
1441,3.716666666666667,-71.57222222222225,100.8,1000
1442,8.533333333333333,-75.61666666666666,100.8,250
1443,5.533333333333333,-75.33333333333331,100.8,250
1444,6.516666666666667,-75.3,100.8,250
1445,5.883333333333333,-73.49999999999997,100.8,250
1446,4.66111111111111,-74.80555555555559,100.8,250
1447,5.266666666666667,-74.9,100.8,250
1448,7.983333333333333,-73.53333333333333,100.8,150
1449,3.15,-73.38333333333334,100.8,0
1450,5.7,-74.98888888888891,100.8,0
1451,1.9833333333333334,-74.2833333333333,100.8,0
1452,4.727222222222222,-72.40277777777777,100.9,100000
1453,6.166666666666667,-73.91666666666664,100.9,5000
1454,5.65,-74.21666666666667,100.9,1000
1455,10.033333333333333,-72.98333333333333,100.9,1000
1456,2.25,-75.61666666666666,100.9,200
1457,10.766666666666667,-73.08333333333333,100.9,200
1458,7.866666666666667,-74.98888888888891,100.9,0
1459,2.55,-76.2,100.9,0
1460,3.0,-74.83333333333333,101.0,18000
1461,10.45,-73.6,101.0,100
1462,9.716666666666667,-73.46666666666667,101.0,0
1463,8.266666666666667,-74.48333333333333,101.0,0
1464,1.6152777777777771,-73.91055555555553,101.1,5000
1465,1.2586111111111111,-75.59666666666668,101.1,5000
1466,3.8861111111111115,-75.38888888888891,101.1,1000
1467,7.566666666666666,-73.68333333333331,101.1,1000
1468,11.383333333333333,-70.56666666666666,101.1,250
1469,5.883333333333333,-73.9,101.1,200
1470,7.0,-73.83333333333333,101.1,0
1471,4.433333333333334,-73.56666666666666,101.1,0
1472,0.6638888888888889,-75.17361111111109,101.1,0
1473,11.25,-72.53333333333333,101.1,0
1474,5.533333333333333,-71.7,101.1,0
1475,6.333333333333333,-71.08333333333333,101.2,1000
1476,6.6980555555555545,-71.83305555555555,101.2,1000
1477,7.5,-70.91666666666664,101.2,1000
1478,4.416666666666667,-74.48333333333333,101.2,1000
1479,9.350000000000003,-74.2833333333333,101.2,250
1480,5.0444444444444425,-74.03333333333333,101.2,0
1481,8.233333333333333,-71.68333333333331,101.2,0
1482,1.2000000000000004,-68.49999999999997,101.3,5000
1483,2.9333333333333336,-73.66666666666667,101.3,5000
1484,4.083333333333333,-71.3,101.3,5000
1485,6.466666666666667,-70.06666666666666,101.3,5000
1486,5.016666666666667,-72.8,101.3,4000
1487,5.15,-72.01666666666667,101.3,200
1488,5.4,-72.13333333333334,101.3,200
1489,4.716666666666667,-72.3,101.3,200
1490,4.716666666666667,-72.55,101.3,100
1491,8.083333333333336,-71.55,101.3,0
1492,2.45,-75.14999999999998,101.3,0
1493,1.3333333333333333,-70.2833333333333,101.3,0
1494,10.916666666666666,-73.09999999999998,101.3,0
1495,8.166666666666666,-74.38888888888891,101.3,0
1496,4.527777777777776,-74.01666666666667,101.4,1000
1497,4.466666666666667,-72.44999999999997,101.4,1000
1498,6.25,-71.83333333333333,101.4,200
1499,5.95,-71.68333333333331,101.4,200
1500,6.016666666666667,-71.9,101.4,200
1501,5.6,-74.14999999999998,101.4,200
1502,5.883333333333333,-72.01666666666667,101.4,200
1503,6.666666666666667,-71.51666666666667,101.4,150
1504,6.25,-73.88333333333334,101.4,20
1505,4.727222222222222,-72.40277777777777,101.4,0
1506,4.616666666666667,-72.43333333333334,101.4,0
1507,6.416666666666667,-73.78333333333333,101.4,0
1508,3.432777777777777,-74.88833333333335,101.5,15000
1509,9.3,-73.7333333333333,101.5,5000
1510,4.2,-72.98333333333333,101.5,1000
1511,0.4252777777777778,-75.22749999999999,101.5,250
1512,6.15,-73.93333333333334,101.5,100
1513,0.41944444444444445,-75.23194444444442,101.5,0
1514,-2.55,-68.26666666666667,101.5,0
1515,10.383333333333333,-73.21666666666667,101.6,250
1516,10.783333333333333,-73.08333333333333,101.6,250
1517,10.633333333333333,-73.25,101.6,250
1518,10.966666666666667,-73.13333333333334,101.6,150
1519,10.45,-72.75,101.6,0
1520,10.422777777777778,-73.84694444444445,101.6,0
1521,10.033333333333333,-71.56666666666666,101.7,5000
1522,11.772222222222224,-70.7638888888889,101.7,5000
1523,5.0444444444444425,-74.03333333333333,101.7,5000
1524,6.883333333333333,-71.75,101.7,5000
1525,8.316666666666666,-71.96666666666667,101.7,1000
1526,7.55,-71.11666666666666,101.7,1000
1527,1.6,-75.3,101.7,1000
1528,1.2833333333333332,-75.75555555555557,101.7,1000
1529,10.966666666666667,-73.13333333333334,101.7,0
1530,7.076944444444445,-71.51916666666669,101.7,0
1531,6.8,-70.11666666666666,101.7,0
1532,1.8666666666666667,-74.38333333333334,101.8,5000
1533,4.15,-71.96666666666667,101.8,5000
1534,2.9333333333333336,-73.91666666666664,101.8,1000
1535,4.727222222222222,-72.40277777777777,101.9,100000
1536,6.25,-73.88333333333334,101.9,15000
1537,11.008333333333333,-72.5638888888889,101.9,5000
1538,0.6833333333333333,-74.91666666666664,101.9,1000
1539,5.966666666666667,-74.31666666666666,101.9,1000
1540,1.2611111111111106,-75.78333333333333,101.9,1000
1541,7.0,-74.6,101.9,0
1542,10.139166666666668,-73.55083333333332,101.9,0
1543,3.432777777777777,-74.88833333333335,102.0,15000
1544,8.761111111111108,-74.21666666666667,102.0,0
1545,5.533333333333333,-71.7,102.1,10000
1546,4.527777777777776,-74.01666666666667,102.1,5000
1547,3.8861111111111115,-75.38888888888891,102.1,5000
1548,1.65,-75.33888888888892,102.1,1000
1549,3.8666666666666667,-66.25,102.1,250
1550,3.9699999999999998,-75.64222222222222,102.1,0
1551,2.51111111111111,-69.0,102.1,0
1552,8.233333333333333,-71.68333333333331,102.1,0
1553,2.45,-73.95,102.1,0
1554,7.166666666666667,-71.43333333333334,102.2,1000
1555,6.1,-71.75555555555557,102.2,1000
1556,7.505555555555554,-70.80555555555559,102.2,200
1557,7.081666666666665,-69.08500000000001,102.3,10000
1558,10.483333333333333,-71.57222222222225,102.3,6000
1559,4.633333333333333,-71.8,102.3,5000
1560,1.8666666666666667,-74.38333333333334,102.3,5000
1561,9.25,-73.48333333333333,102.3,5000
1562,8.1,-75.06666666666666,102.3,5000
1563,4.15,-71.96666666666667,102.3,5000
1564,6.216666666666667,-75.7333333333333,102.3,3000
1565,4.800000000000002,-74.33333333333331,102.3,1000
1566,5.11111111111111,-74.98333333333333,102.3,1000
1567,1.0,-76.08333333333333,102.3,1000
1568,1.9419444444444445,-68.86333333333333,102.3,1000
1569,2.5666666666666664,-70.98333333333333,102.3,1000
1570,1.1500000000000004,-77.0,102.3,1000
1571,0.4252777777777778,-75.22749999999999,102.3,1000
1572,1.0166666666666666,-69.62222222222225,102.3,0
1573,5.177777777777776,-75.03333333333333,102.3,0
1574,6.25,-73.88333333333334,102.3,0
1575,7.9,-70.83333333333333,102.3,0
1576,2.183333333333333,-75.09999999999998,102.4,200
1577,4.533333333333333,-72.26666666666667,102.4,0
1578,11.25,-72.53333333333333,102.4,0
1579,5.2,-72.21666666666667,102.4,0
1580,7.110277777777778,-71.29472222222222,102.5,10000
1581,10.422777777777778,-73.84694444444445,102.5,10000
1582,8.316666666666666,-73.48333333333333,102.5,5000
1583,3.5833333333333335,-74.83333333333333,102.5,1000
1584,3.533333333333333,-72.03333333333333,102.5,250
1585,6.25,-73.88333333333334,102.5,250
1586,3.4,-74.26666666666667,102.5,200
1587,5.333333333333333,-74.11666666666666,102.5,200
1588,3.6,-73.71666666666667,102.5,200
1589,3.8666666666666667,-73.26666666666667,102.5,200
1590,4.727222222222222,-72.40277777777777,102.5,0
1591,4.433333333333334,-73.56666666666666,102.5,0
1592,4.983333333333333,-71.65,102.5,0
1593,9.233333333333333,-73.08333333333333,102.5,0
1594,1.6333333333333333,-75.8,102.5,0
1595,5.966666666666667,-72.91666666666664,102.5,0
1596,12.583333333333334,-80.03333333333333,102.5,0
1597,2.35,-74.01666666666667,102.5,0
1598,10.966666666666667,-73.13333333333334,102.6,15000
1599,5.533333333333333,-71.7,102.6,5000
1600,4.800000000000002,-73.08333333333333,102.6,200
1601,4.2,-72.75555555555557,102.6,200
1602,1.9666666666666668,-75.3,102.6,20
1603,4.616666666666667,-72.43333333333334,102.6,0
1604,2.750000000000001,-76.0,102.7,28000
1605,9.36666666666667,-71.93333333333334,102.7,5000
1606,7.8069444444444445,-70.82888888888891,102.7,5000
1607,4.833333333333333,-74.08333333333333,102.7,5000
1608,9.833333333333334,-73.46666666666667,102.7,5000
1609,7.066666666666666,-72.17222222222225,102.7,1000
1610,6.466666666666667,-71.6,102.7,1000
1611,3.0,-74.83333333333333,102.7,200
1612,1.4874999999999998,-73.09833333333331,102.7,0
1613,2.066666666666667,-74.11666666666666,102.8,0
1614,5.7,-74.98888888888891,102.8,0
1615,4.727222222222222,-72.40277777777777,102.9,100000
1616,6.25,-73.88333333333334,102.9,15000
1617,10.5,-72.53333333333333,102.9,5000
1618,-2.102777777777778,-68.685,102.9,0
1619,1.1166666666666667,-75.7333333333333,102.9,0
1620,4.2,-73.44999999999997,103.0,1000
1621,8.683333333333334,-74.53333333333333,103.0,200
1622,8.894444444444442,-74.13333333333334,103.0,200
1623,8.100555555555555,-73.70472222222224,103.0,200
1624,9.233333333333333,-74.14999999999998,103.0,200
1625,8.416666666666666,-73.91666666666664,103.0,200
1626,9.15,-73.85,103.0,200
1627,8.911111111111108,-74.7,103.0,0
1628,10.966666666666667,-73.13333333333334,103.1,15000
1629,3.9,-74.62222222222225,103.1,10000
1630,1.6152777777777771,-73.91055555555553,103.1,10000
1631,5.766666666666667,-71.43333333333334,103.1,5000
1632,2.544444444444444,-73.65,103.1,1000
1633,1.5833333333333335,-75.57222222222225,103.1,1000
1634,8.7,-71.98888888888891,103.2,1000
1635,8.083333333333336,-71.55,103.2,200
1636,5.933333333333334,-71.95,103.2,200
1637,7.266666666666667,-70.98333333333333,103.2,200
1638,4.333333333333333,-74.16666666666667,103.2,200
1639,7.35,-71.3,103.2,200
1640,6.283333333333333,-71.48333333333333,103.2,200
1641,6.35,-71.7,103.2,200
1642,6.054166666666666,-72.13777777777779,103.2,200
1643,5.883333333333333,-72.11666666666666,103.2,200
1644,6.2,-71.91666666666664,103.2,200
1645,6.483333333333333,-71.3,103.2,200
1646,6.683333333333334,-71.14999999999998,103.2,200
1647,7.333333333333333,-71.03888888888892,103.2,200
1648,8.36666666666667,-70.7333333333333,103.2,200
1649,6.133333333333334,-71.44999999999997,103.2,200
1650,8.65,-71.06666666666666,103.2,200
1651,6.633333333333333,-70.96666666666667,103.2,150
1652,6.833333333333333,-71.57222222222225,103.2,150
1653,6.633333333333333,-71.56666666666666,103.2,100
1654,6.616666666666667,-71.38888888888891,103.2,100
1655,7.883333333333333,-70.83333333333333,103.2,5
1656,6.85,-71.03333333333333,103.2,0
1657,7.866666666666667,-74.98888888888891,103.3,5000
1658,4.416666666666667,-72.7333333333333,103.3,5000
1659,5.216666666666667,-71.93333333333334,103.3,5000
1660,7.583333333333333,-73.7333333333333,103.3,1000
1661,0.9166666666666669,-76.13333333333334,103.3,200
1662,6.083333333333333,-73.66666666666667,103.4,5000
1663,10.6,-72.51666666666667,103.4,250
1664,9.15,-72.56666666666666,103.4,250
1665,9.8,-73.11666666666666,103.4,250
1666,9.316666666666666,-72.91666666666664,103.4,250
1667,4.666666666666668,-74.11666666666666,103.4,100
1668,11.25,-72.53333333333333,103.4,5
1669,3.75,-74.83333333333333,103.4,0
1670,4.527777777777776,-74.01666666666667,103.4,0
1671,4.727222222222222,-72.40277777777777,103.4,0
1672,11.241944444444442,-72.52749999999999,103.4,0
1673,4.533333333333333,-74.03333333333333,103.4,0
1674,4.816666666666666,-74.03333333333333,103.4,0
1675,1.1500000000000004,-77.0,103.5,8000
1676,4.944444444444443,-73.38888888888891,103.5,5000
1677,9.15,-73.85,103.5,5000
1678,3.6,-73.71666666666667,103.5,0
1679,3.432777777777777,-74.88833333333335,103.5,0
1680,3.7333333333333334,-73.80555555555559,103.5,0
1681,3.533333333333333,-74.62222222222225,103.5,0
1682,0.8166666666666667,-75.91666666666664,103.5,0
1683,10.916666666666666,-73.09999999999998,103.5,0
1684,1.0833333333333333,-75.95,103.5,0
1685,6.466666666666667,-70.06666666666666,103.5,0
1686,5.0444444444444425,-74.03333333333333,103.7,10000
1687,11.383333333333333,-70.56666666666666,103.7,5000
1688,5.833333333333333,-70.49999999999997,103.7,1000
1689,1.8166666666666667,-74.22222222222224,103.7,0
1690,1.65,-75.91666666666664,103.7,0
1691,-1.0994444444444444,-71.18861111111111,103.7,0
1692,8.233333333333333,-71.68333333333331,103.7,0
1693,7.133333333333334,-71.57222222222225,103.7,0
1694,2.027777777777777,-74.26666666666667,103.8,1000
1695,5.5,-74.86666666666665,103.8,1000
1696,3.3833333333333333,-72.38333333333334,103.8,1000
1697,9.55,-73.65,103.8,200
1698,3.9333333333333336,-74.80555555555559,103.8,200
1699,4.15,-74.62222222222225,103.8,200
1700,9.275555555555554,-73.56777777777779,103.8,200
1701,8.816666666666666,-73.06666666666666,103.8,200
1702,4.533333333333333,-74.43333333333334,103.8,100
1703,3.75,-74.83333333333333,103.8,0
1704,4.727222222222222,-72.40277777777777,103.9,15000
1705,6.25,-73.88333333333334,103.9,15000
1706,10.966666666666667,-73.13333333333334,103.9,10000
1707,-2.55,-68.26666666666667,103.9,5000
1708,0.7166666666666667,-73.57222222222225,103.9,5000
1709,10.508333333333338,-71.39444444444445,103.9,250
1710,0.8333333333333334,-75.98333333333333,103.9,150
1711,4.800000000000002,-74.33333333333331,103.9,0
1712,7.0,-74.6,103.9,0
1713,0.41944444444444445,-75.23194444444442,103.9,0
1714,7.583333333333333,-73.7333333333333,103.9,0
1715,3.432777777777777,-74.88833333333335,104.0,15000
1716,10.383333333333333,-73.21666666666667,104.1,5000
1717,2.45,-73.95,104.1,5000
1718,5.533333333333333,-71.7,104.1,5000
1720,1.6152777777777771,-73.91055555555553,104.1,250
1721,1.9166666666666665,-73.48333333333333,104.1,250
1722,1.8,-77.14999999999998,104.1,250
1723,1.9,-65.41666666666667,104.1,250
1724,5.11111111111111,-74.2833333333333,104.1,200
1725,5.266666666666667,-73.83333333333333,104.1,200
1726,4.983333333333333,-73.93333333333334,104.1,200
1727,4.616666666666667,-73.96666666666667,104.1,200
1728,1.65,-75.33888888888892,104.1,200
1729,2.4833333333333334,-76.44999999999997,104.1,200
1730,1.4333333333333333,-75.75555555555557,104.1,200
1731,2.1,-76.98888888888891,104.1,200
1732,1.1333333333333333,-75.88333333333334,104.1,200
1733,0.8333333333333334,-75.91666666666664,104.1,200
1734,5.333333333333333,-74.16666666666667,104.1,200
1735,4.9,-74.21666666666667,104.1,200
1736,5.25,-73.49999999999997,104.1,200
1737,5.483333333333333,-73.93333333333334,104.1,200
1738,1.6333333333333333,-75.8,104.1,200
1739,1.2111111111111112,-76.3138888888889,104.1,200
1740,5.177777777777776,-74.09999999999998,104.1,200
1741,1.35,-75.93333333333334,104.1,200
1742,1.4666666666666668,-75.41666666666667,104.1,200
1743,4.877777777777776,-73.95,104.1,200
1744,4.7,-74.06666666666666,104.1,200
1745,5.316666666666666,-73.25,104.1,200
1746,4.916666666666667,-74.38333333333334,104.1,100
1747,1.2586111111111111,-75.59666666666668,104.1,5
1748,3.75,-74.83333333333333,104.1,0
1749,5.11111111111111,-73.88333333333334,104.1,0
1750,1.6166666666666667,-73.93333333333334,104.1,0
1751,2.51111111111111,-69.0,104.1,0
1752,1.2777777777777775,-75.7,104.1,0
1753,4.533333333333333,-74.03333333333333,104.1,0
1754,6.616666666666667,-71.38888888888891,104.2,1000
1755,7.883333333333333,-70.96666666666667,104.2,1000
1756,5.7,-74.98888888888891,104.3,10000
1757,4.433333333333334,-73.56666666666666,104.3,5000
1758,6.166666666666667,-73.98333333333333,104.3,5000
1759,4.15,-71.96666666666667,104.3,5000
1760,9.316666666666666,-73.31666666666666,104.3,1000
1761,5.05,-71.83333333333333,104.3,1000
1762,5.483333333333333,-68.78333333333333,104.3,250
1763,1.2000000000000004,-68.49999999999997,104.3,250
1764,6.183333333333334,-65.80555555555559,104.3,250
1765,8.816666666666666,-73.06666666666666,104.3,250
1766,0.5,-67.98888888888891,104.3,250
1767,0.8333333333333334,-75.91666666666664,104.3,0
1768,11.383333333333333,-70.56666666666666,104.3,0
1769,2.9333333333333336,-73.66666666666667,104.3,0
1770,6.183333333333334,-65.8,104.3,0
1771,4.727222222222222,-72.40277777777777,104.4,15000
1772,10.6,-72.51666666666667,104.4,5000
1773,4.944444444444443,-74.06666666666666,104.4,1000
1774,5.65,-74.21666666666667,104.4,200
1775,6.3,-74.17222222222225,104.4,200
1776,6.116666666666666,-74.31666666666666,104.4,200
1777,6.75,-74.36666666666666,104.4,200
1778,7.73,-74.97972222222224,104.4,200
1779,7.0,-74.6,104.4,200
1780,6.566666666666666,-73.85,104.4,200
1781,6.683333333333334,-73.55,104.4,200
1782,6.15,-73.51666666666667,104.4,200
1783,7.166666666666667,-74.08333333333333,104.4,200
1784,8.424999999999999,-75.11666666666666,104.4,200
1785,6.2,-72.93333333333334,104.4,200
1786,6.166666666666667,-73.75,104.4,200
1787,6.85,-74.14999999999998,104.4,200
1788,6.483333333333333,-73.33888888888892,104.4,200
1789,6.55638888888889,-74.14972222222221,104.4,200
1790,5.716666666666667,-73.65,104.4,200
1791,7.283333333333333,-73.7333333333333,104.4,200
1792,5.616666666666667,-73.96666666666667,104.4,200
1793,6.766666666666667,-73.13333333333334,104.4,200
1794,7.5,-73.2,104.4,200
1795,6.166666666666667,-73.91666666666664,104.4,0
1796,3.432777777777777,-74.88833333333335,104.5,30000
1797,8.761111111111108,-74.21666666666667,104.5,10000
1798,5.0444444444444425,-73.21666666666667,104.5,1000
1799,1.8358333333333334,-75.28861111111111,104.5,0
1800,5.616666666666667,-72.14999999999998,104.6,200
1801,1.2777777777777775,-75.7,104.6,0
1802,1.0805555555555555,-75.03611111111111,104.7,8000
1803,4.527777777777776,-74.01666666666667,104.7,5000
1804,9.183333333333334,-73.71666666666667,104.7,5000
1805,7.076944444444445,-71.51916666666669,104.7,1000
1806,8.516666666666667,-71.78333333333333,104.7,1000
1807,4.250000000000002,-72.98888888888891,104.7,1000
1808,2.5666666666666664,-70.98333333333333,104.7,250
1809,11.25,-72.53333333333333,104.7,250
1810,6.416666666666667,-71.49999999999997,104.7,200
1811,0.8333333333333334,-75.98333333333333,104.7,0
1812,7.0,-71.57222222222225,104.8,0
1813,4.727222222222222,-72.40277777777777,104.9,100000
1814,6.25,-73.88333333333334,104.9,15000
1815,9.240277777777777,-72.67777777777779,104.9,5000
1816,2.8,-74.86666666666665,104.9,1000
1817,10.466666666666667,-72.95,104.9,1000
1818,0.9333333333333333,-71.33888888888892,104.9,250
1819,0.3666666666666667,-67.9,104.9,250
1820,1.05,-70.71666666666667,104.9,250
1821,-1.216666666666666,-68.08333333333333,104.9,250
1822,1.9166666666666665,-75.2,104.9,200
1823,0.6499999999999999,-70.26666666666667,104.9,0
1824,1.1847222222222225,-75.55888888888889,104.9,0
1825,3.533333333333333,-74.62222222222225,104.9,0
1826,3.9333333333333336,-74.80555555555559,105.0,1000
1827,4.616666666666667,-74.41666666666667,105.0,1000
1828,8.911111111111108,-74.7,105.0,200
1829,9.233333333333333,-74.01666666666667,105.0,200
1830,7.983333333333333,-73.75555555555557,105.0,200
1831,8.233333333333333,-73.3,105.0,200
1832,8.95,-73.78333333333333,105.0,200
1833,9.350000000000003,-74.2833333333333,105.0,200
1834,8.966666666666667,-74.17222222222225,105.0,200
1835,8.166666666666666,-74.38888888888891,105.0,200
1836,2.45,-73.95,105.1,10000
1837,0.8833333333333333,-76.03333333333333,105.1,1000
1838,1.65,-75.91666666666664,105.1,1000
1839,1.85,-69.0,105.1,1000
1840,7.076944444444445,-71.51916666666669,105.1,50
1841,1.35,-73.16666666666667,105.1,0
1842,2.9333333333333336,-73.66666666666667,105.1,0
1843,4.833333333333333,-73.98888888888891,105.2,5000
1844,10.36666666666667,-71.96666666666667,105.2,5000
1845,7.65,-71.13333333333334,105.2,200
1846,7.933333333333334,-70.93333333333334,105.2,200
1847,8.166666666666666,-70.8,105.2,200
1848,7.2,-71.09999999999998,105.2,200
1849,5.0444444444444425,-74.03333333333333,105.2,0
1850,6.466666666666667,-70.06666666666666,105.2,0
1851,1.3666666666666667,-74.31666666666666,105.3,37000
1852,3.468055555555556,-74.86777777777776,105.3,10000
1853,5.177777777777776,-70.88333333333334,105.3,5000
1854,8.424999999999999,-75.11666666666666,105.3,5000
1855,7.083333333333333,-73.03333333333333,105.3,5000
1856,4.466666666666667,-72.96666666666667,105.3,5000
1857,4.15,-71.96666666666667,105.3,5000
1858,7.0,-74.6,105.3,2000
1859,1.1500000000000004,-77.0,105.3,250
1860,8.316666666666666,-71.96666666666667,105.3,150
1861,1.6152777777777771,-73.91055555555553,105.3,0
1862,4.727222222222222,-72.40277777777777,105.4,15000
1863,11.25,-72.53333333333333,105.4,10000
1864,5.177777777777776,-75.03333333333333,105.4,250
1865,6.05,-74.03333333333333,105.4,200
1866,7.183333333333334,-73.38888888888891,105.4,200
1867,5.733333333333333,-73.48333333333333,105.4,200
1868,5.75,-74.31666666666666,105.4,200
1869,7.116666666666666,-73.88333333333334,105.4,200
1870,6.716666666666667,-74.25,105.4,200
1871,7.566666666666666,-73.68333333333331,105.4,200
1872,6.416666666666667,-73.09999999999998,105.4,200
1873,6.533333333333333,-73.41666666666667,105.4,200
1874,6.816666666666666,-73.57222222222225,105.4,200
1875,6.0,-73.75,105.4,200
1876,7.25,-74.75555555555557,105.4,200
1877,7.016666666666667,-74.25,105.4,200
1878,7.583333333333333,-71.03888888888892,105.4,200
1879,6.65,-73.8,105.4,200
1880,6.666666666666667,-74.08333333333333,105.4,200
1881,5.866666666666667,-74.16666666666667,105.4,100
1882,6.166666666666667,-73.95,105.4,14
1883,7.0,-73.83333333333333,105.4,0
1884,6.083333333333333,-73.96666666666667,105.4,0
1885,5.533333333333333,-71.7,105.4,0
1886,12.583333333333334,-80.03333333333333,105.5,5000
1887,1.0,-76.08333333333333,105.5,500
1888,4.266666666666667,-74.26666666666667,105.6,5000
1889,10.9,-73.21666666666667,105.6,250
1890,10.616666666666667,-73.48333333333333,105.6,250
1891,10.766666666666667,-73.08333333333333,105.6,250
1892,10.75,-73.31666666666666,105.6,250
1893,5.177777777777776,-73.83333333333333,105.7,5000
1894,7.316666666666666,-70.80555555555559,105.7,5000
1895,8.316666666666666,-71.48333333333333,105.7,1000
1896,6.7,-71.06666666666666,105.7,1000
1897,6.266666666666667,-71.62222222222225,105.7,1000
1898,7.35,-72.22222222222224,105.7,1000
1899,5.583333333333333,-73.25,105.7,1000
1900,10.483333333333333,-71.57222222222225,105.7,1000
1901,8.95,-73.78333333333333,105.7,200
1902,4.433333333333334,-73.56666666666666,105.7,50
1903,2.2,-74.31666666666666,105.7,0
1904,8.911111111111108,-74.7,105.7,0
1905,1.3363888888888888,-75.91472222222225,105.7,0
1906,4.944444444444443,-75.7,105.8,250
1907,7.116666666666666,-76.09999999999998,105.8,250
1908,4.95,-74.95,105.8,250
1909,5.716666666666667,-75.57777777777777,105.8,250
1910,5.633333333333333,-71.86666666666665,105.8,200
1911,5.7,-74.98888888888891,105.8,0
1912,4.727222222222222,-72.40277777777777,105.9,59000
1913,11.7,-70.6,105.9,59000
1914,6.25,-73.88333333333334,105.9,15000
1915,3.0,-74.83333333333333,105.9,200
1916,2.25,-75.61666666666666,105.9,0
1917,3.8861111111111115,-75.38888888888891,105.9,0
1918,0.8333333333333334,-75.98333333333333,105.9,0
1919,10.422777777777778,-73.84694444444445,106.0,10000
1920,4.527777777777776,-74.36666666666666,106.0,1000
1921,3.6166666666666667,-73.43333333333334,106.0,200
1922,3.2,-73.98333333333333,106.0,200
1923,3.9333333333333336,-73.33888888888892,106.0,200
1924,3.9166666666666665,-73.80555555555559,106.0,200
1925,6.883333333333333,-71.75,106.0,200
1926,4.716666666666667,-73.43333333333334,106.0,100
1927,3.55,-74.03333333333333,106.0,0
1928,3.9,-74.62222222222225,106.1,5000
1929,2.45,-73.95,106.1,5000
1930,5.716666666666667,-71.26666666666667,106.1,5000
1931,9.009166666666665,-72.3002777777778,106.1,1000
1932,0.8833333333333333,-76.03333333333333,106.1,200
1933,1.2777777777777775,-75.86666666666665,106.1,200
1934,1.3833333333333333,-75.25,106.1,200
1935,1.6,-75.3,106.1,200
1936,1.0666666666666667,-75.9,106.1,200
1937,1.5833333333333335,-75.57222222222225,106.1,200
1938,1.4288888888888889,-75.39444444444445,106.1,0
1939,6.983333333333333,-71.38333333333334,106.1,0
1940,1.8,-77.14999999999998,106.1,0
1941,10.9,-71.17222222222225,106.2,9000
1942,7.75,-71.71666666666667,106.2,5000
1943,7.866666666666667,-71.03888888888892,106.2,1000
1944,6.45,-71.66666666666667,106.2,1000
1945,8.316666666666666,-73.48333333333333,106.2,250
1946,4.433333333333334,-73.56666666666666,106.3,10000
1947,7.6,-73.14999999999998,106.3,5000
1948,6.25,-73.75,106.3,5000
1949,1.0805555555555555,-75.03611111111111,106.3,5000
1950,6.183333333333334,-65.80555555555559,106.3,5000
1951,8.761111111111108,-74.86666666666665,106.3,5000
1952,4.15,-71.96666666666667,106.3,5000
1953,5.35,-70.7333333333333,106.3,5000
1954,9.316666666666666,-73.62222222222225,106.3,1000
1955,5.133333333333334,-72.49999999999997,106.3,1000
1956,3.0,-74.83333333333333,106.3,200
1957,11.008333333333333,-72.5638888888889,106.3,0
1958,5.177777777777776,-75.03333333333333,106.3,0
1959,4.527777777777776,-74.01666666666667,106.4,1000
1960,10.183333333333334,-73.25,106.4,1000
1961,5.266666666666667,-72.9,106.4,200
1962,4.877777777777776,-72.38888888888891,106.4,200
1963,4.483333333333333,-72.22222222222224,106.4,200
1964,5.416666666666667,-72.03333333333333,106.4,200
1965,4.944444444444443,-72.16666666666667,106.4,200
1966,4.250000000000002,-74.0,106.4,200
1967,5.083333333333333,-71.95,106.4,200
1968,4.7,-72.56666666666666,106.4,200
1969,5.466666666666667,-72.98333333333333,106.4,200
1970,4.4,-72.71666666666667,106.4,200
1971,4.883333333333333,-72.9,106.4,200
1972,5.283333333333333,-72.53333333333333,106.4,200
1973,5.016666666666667,-72.8,106.4,200
1974,4.727222222222222,-72.40277777777777,106.4,100
1975,4.7,-71.85,106.4,100
1976,4.616666666666667,-73.96666666666667,106.4,0
1977,4.616666666666667,-72.43333333333334,106.4,0
1978,9.331388888888888,-72.78055555555554,106.4,0
1979,1.3666666666666667,-74.31666666666666,106.4,0
1980,3.432777777777777,-74.88833333333335,106.5,15000
1981,0.8833333333333333,-76.03333333333333,106.5,4000
1982,7.166666666666667,-74.08333333333333,106.5,2000
1983,4.616666666666667,-72.43333333333334,106.5,0
1984,3.533333333333333,-74.01666666666667,106.5,0
1985,10.916666666666666,-73.09999999999998,106.6,1000
1986,5.516666666666667,-71.21666666666667,106.6,200
1987,4.733333333333335,-74.44999999999997,106.6,200
1988,6.333333333333333,-70.91666666666664,106.6,200
1989,3.8861111111111115,-75.38888888888891,106.6,200
1990,6.533333333333333,-70.83333333333333,106.6,200
1991,5.133333333333334,-71.62222222222225,106.6,200
1992,3.716666666666667,-74.33888888888892,106.6,200
1993,5.583333333333333,-74.0,106.6,200
1994,5.583333333333333,-71.7,106.6,200
1995,5.766666666666667,-71.2833333333333,106.6,200
1996,5.666666666666667,-72.51666666666667,106.6,200
1997,5.416666666666667,-74.03333333333333,106.6,200
1998,5.2,-71.38333333333334,106.6,200
1999,6.083333333333333,-71.06666666666666,106.6,200
2000,4.266666666666667,-74.26666666666667,106.6,200
2001,5.916666666666667,-71.11666666666666,106.6,200
2002,5.566666666666666,-71.53333333333333,106.6,200
2003,5.366666666666666,-71.86666666666665,106.6,200
2004,5.633333333333333,-71.86666666666665,106.6,200
2005,4.4611111111111095,-72.38333333333334,106.6,100
2006,4.527777777777776,-74.36666666666666,106.6,100
2007,4.983333333333333,-72.62222222222225,106.6,100
2008,4.4,-74.41666666666667,106.6,100
2009,3.75,-74.83333333333333,106.6,0
2010,4.616666666666667,-72.43333333333334,106.6,0
2011,5.533333333333333,-71.7,106.6,0
2012,11.383333333333333,-70.56666666666666,106.7,5000
2013,6.983333333333333,-71.38333333333334,106.7,5000
2014,6.566666666666666,-74.16666666666667,106.7,1000
2015,8.583333333333334,-71.41666666666667,106.7,1000
2016,7.505555555555554,-70.80555555555559,106.7,1000
2017,1.6333333333333333,-75.8,106.7,1000
2018,5.083333333333333,-74.3,106.7,1000
2019,4.383333333333335,-72.98888888888891,106.7,200
2020,4.2,-72.98333333333333,106.7,200
2021,4.527777777777776,-72.93333333333334,106.7,100
2022,3.55,-74.03333333333333,106.7,0
2023,0.8833333333333333,-76.03333333333333,106.7,0
2024,4.616666666666667,-72.43333333333334,106.7,0
2025,4.533333333333333,-74.43333333333334,106.7,0
2026,0.5166666666666667,-74.83333333333333,106.7,0
2027,4.316666666666668,-70.41666666666667,106.7,0
2028,10.483333333333333,-71.57222222222225,106.7,0
2029,1.6152777777777771,-73.91055555555553,106.8,250
2030,5.177777777777776,-75.03333333333333,106.8,250
2031,5.7,-74.98888888888891,106.8,250
2032,4.966666666666667,-74.56666666666666,106.8,250
2033,5.7,-74.98888888888891,106.8,0
2034,4.727222222222222,-72.40277777777777,106.9,15000
2035,11.25,-72.53333333333333,106.9,10000
2036,9.15,-72.56666666666666,106.9,5000
2037,6.166666666666667,-73.95,106.9,5000
2038,2.6166666666666667,-74.71666666666667,106.9,1000
2039,-2.55,-68.26666666666667,106.9,250
2040,4.366666666666666,-74.06666666666666,106.9,200
2041,4.0,-74.56666666666666,106.9,200
2042,3.7,-74.78333333333333,106.9,200
2043,0.6499999999999999,-70.26666666666667,106.9,0
2044,3.75,-74.83333333333333,106.9,0
2045,4.527777777777776,-74.01666666666667,106.9,0
2046,3.432777777777777,-74.88833333333335,106.9,0
2047,5.0444444444444425,-71.43333333333334,106.9,0
2048,2.5666666666666664,-75.11666666666666,106.9,0
2049,4.433333333333334,-73.56666666666666,106.9,0
2050,4.533333333333333,-74.03333333333333,106.9,0
2051,2.750000000000001,-73.9,106.9,0
2052,4.05,-73.16666666666667,107.0,1000
2053,8.566666666666666,-72.88333333333334,107.0,250
2054,8.316666666666666,-72.2,107.0,250
2055,9.95,-73.41666666666667,107.0,250
2056,5.65138888888889,-72.39166666666665,107.0,250
2057,9.761111111111108,-73.16666666666667,107.0,250
2058,9.15,-73.96666666666667,107.0,200
2059,9.1,-73.53333333333333,107.0,200
2060,3.7333333333333334,-74.6,107.0,200
2061,3.2666666666666666,-74.88333333333334,107.0,200
2062,3.4166666666666665,-74.57222222222225,107.0,200
2063,9.016666666666667,-74.6,107.0,200
2064,7.88888888888889,-73.98888888888891,107.0,200
2065,9.383333333333333,-74.08333333333333,107.0,200
2066,8.8,-74.03333333333333,107.0,200
2067,8.266666666666667,-74.48333333333333,107.0,200
2068,4.594444444444443,-74.53333333333333,107.0,200
2069,3.8666666666666667,-74.71666666666667,107.0,200
2070,3.5833333333333335,-74.83333333333333,107.0,200
2071,9.3,-73.7333333333333,107.0,5
2072,3.75,-74.83333333333333,107.0,0
2073,8.316666666666666,-73.48333333333333,107.0,0
2074,9.716666666666667,-73.46666666666667,107.0,0
2075,8.911111111111108,-74.7,107.0,0
2076,10.061111111111108,-73.6,107.0,0
2077,5.2,-74.2,107.1,5000
2078,5.35,-74.06666666666666,107.1,5000
2079,11.266666666666667,-71.62222222222225,107.1,250
2080,1.5666666666666667,-73.66666666666667,107.1,250
2081,1.4833333333333334,-74.06666666666666,107.1,250
2082,1.85,-69.0,107.1,250
2083,10.983333333333333,-73.2833333333333,107.1,250
2084,1.2111111111111112,-76.3138888888889,107.1,250
2085,2.115277777777778,-73.09222222222225,107.1,250
2086,0.8758333333333334,-73.94194444444443,107.1,250
2087,10.483333333333333,-71.57222222222225,107.1,250
2088,1.2777777777777775,-75.80555555555559,107.1,200
2089,1.5666666666666667,-75.8,107.1,200
2090,1.5,-75.55,107.1,200
2091,1.1166666666666667,-75.7333333333333,107.1,200
2092,4.594444444444443,-73.13333333333334,107.1,100
2093,5.366666666666666,-72.7333333333333,107.1,100
2094,1.2777777777777775,-75.7,107.1,20
2095,1.6166666666666667,-73.93333333333334,107.1,0
2096,4.616666666666667,-72.43333333333334,107.1,0
2097,6.8,-70.11666666666666,107.1,0
2098,2.51111111111111,-69.0,107.1,0
2099,1.8,-77.14999999999998,107.1,0
2100,9.761111111111108,-73.16666666666667,107.1,0
2101,6.9,-71.61666666666666,107.2,200
2102,7.616666666666667,-70.98333333333333,107.2,200
2103,5.983333333333333,-72.09999999999998,107.2,200
2104,8.061111111111108,-71.2,107.2,200
2105,7.75,-71.38333333333334,107.2,200
2106,7.133333333333334,-70.98888888888891,107.2,200
2107,6.666666666666667,-71.03333333333333,107.2,200
2108,6.3,-71.65,107.2,200
2109,6.55,-71.65,107.2,200
2110,5.866666666666667,-72.3,107.2,200
2111,6.216666666666667,-72.14999999999998,107.2,200
2112,8.233333333333333,-71.68333333333331,107.2,200
2113,6.333333333333333,-71.44999999999997,107.2,200
2114,7.381944444444446,-70.96305555555557,107.2,200
2115,7.35,-72.22222222222224,107.2,200
2116,7.883333333333333,-70.96666666666667,107.2,200
2117,7.366666666666666,-71.31666666666666,107.2,200
2118,6.566666666666666,-71.46666666666667,107.2,150
2119,8.316666666666666,-71.48333333333333,107.2,100
2120,8.433333333333334,-70.61666666666666,107.2,100
2121,7.076944444444445,-71.51916666666669,107.2,5
2122,6.216666666666667,-72.14999999999998,107.2,0
2123,7.9,-70.83333333333333,107.2,0
2124,7.0,-71.57222222222225,107.2,0
2125,5.766666666666667,-71.2833333333333,107.3,5000
2126,3.8833333333333333,-72.09999999999998,107.3,1000
2127,2.2666666666666666,-74.13333333333334,107.3,1000
2128,2.6833333333333336,-71.09999999999998,107.3,1000
2129,9.4,-73.44999999999997,107.3,1000
2130,4.4,-72.36666666666666,107.3,1000
2131,7.081666666666665,-69.08500000000001,107.3,250
2132,1.0166666666666666,-69.62222222222225,107.3,250
2133,4.4611111111111095,-68.13333333333334,107.3,250
2134,10.9,-71.21666666666667,107.3,250
2135,6.8,-70.11666666666666,107.3,250
2136,1.0805555555555555,-75.03611111111111,107.3,250
2137,0.9777777777777775,-74.91666666666664,107.3,250
2138,6.283333333333333,-69.43333333333334,107.3,250
2139,11.55,-71.22222222222224,107.3,250
2140,1.1833333333333338,-75.25,107.3,250
2141,0.6166666666666667,-67.53333333333333,107.3,250
2142,0.9166666666666669,-75.88333333333334,107.3,200
2143,4.55,-73.21666666666667,107.3,200
2144,5.05,-73.85,107.3,200
2145,4.633333333333333,-73.43333333333334,107.3,100
2146,5.083333333333333,-73.49999999999997,107.3,100
2147,5.2,-73.08333333333333,107.3,100
2148,5.2,-73.25,107.3,100
2149,5.133333333333334,-73.36666666666666,107.3,100
2150,2.5008333333333335,-74.88333333333334,107.3,50
2151,3.55,-74.03333333333333,107.3,0
2152,5.11111111111111,-73.88333333333334,107.3,0
2153,1.2000000000000004,-68.49999999999997,107.3,0
2154,1.1500000000000004,-74.95,107.3,0
2155,10.916666666666666,-73.09999999999998,107.3,0
2156,6.183333333333334,-65.8,107.3,0
2157,5.11111111111111,-74.2833333333333,107.4,1000
2158,10.033333333333333,-72.98333333333333,107.4,250
2159,5.8,-73.75555555555557,107.4,200
2160,6.633333333333333,-74.38888888888891,107.4,200
2161,6.916666666666667,-73.41666666666667,107.4,200
2162,6.083333333333333,-74.03333333333333,107.4,200
2163,8.844444444444443,-74.75000000000001,107.4,200
2164,4.877777777777776,-72.88333333333334,107.4,200
2165,6.416666666666667,-74.31666666666666,107.4,200
2166,6.066666666666666,-73.51666666666667,107.4,200
2167,6.05,-74.25,107.4,200
2168,4.816666666666666,-72.43333333333334,107.4,200
2169,4.594444444444443,-73.2833333333333,107.4,200
2170,5.333333333333333,-72.66666666666667,107.4,200
2171,1.6152777777777771,-73.91055555555553,107.4,200
2172,5.916666666666667,-73.98888888888891,107.4,200
2173,5.8,-74.25,107.4,200
2174,2.783333333333334,-74.65,107.4,200
2175,4.75,-71.98888888888891,107.4,200
2176,5.983333333333333,-73.7,107.4,200
2177,6.5,-73.08333333333333,107.4,200
2178,6.983333333333333,-75.08333333333333,107.4,200
2179,5.616666666666667,-73.51666666666667,107.4,200
2180,8.1,-73.11666666666666,107.4,200
2181,5.066666666666666,-72.71666666666667,107.4,200
2182,6.633333333333333,-74.14999999999998,107.4,200
2183,3.2333333333333334,-74.65,107.4,200
2184,5.866666666666667,-72.98333333333333,107.4,200
2185,2.35,-74.83333333333333,107.4,200
2186,6.466666666666667,-73.49999999999997,107.4,200
2187,7.083333333333333,-73.03333333333333,107.4,200
2188,5.083333333333333,-72.16666666666667,107.4,200
2189,4.594444444444443,-72.55,107.4,200
2190,2.966666666666667,-75.03333333333333,107.4,200
2191,5.666666666666667,-74.03888888888892,107.4,200
2192,7.583333333333333,-73.7333333333333,107.4,200
2193,4.35,-72.78333333333333,107.4,200
2194,7.0,-74.03333333333333,107.4,200
2195,5.316666666666666,-72.14999999999998,107.4,200
2196,6.9,-74.49999999999997,107.4,200
2197,4.088888888888887,-72.80000000000001,107.4,200
2198,5.216666666666667,-71.93333333333334,107.4,200
2199,6.966666666666667,-73.75,107.4,200
2200,6.983333333333333,-72.26666666666667,107.4,200
2201,5.0444444444444425,-74.0,107.4,200
2202,5.35,-72.83333333333333,107.4,100
2203,4.85,-72.6,107.4,100
2204,6.2,-73.62222222222225,107.4,100
2205,5.183333333333335,-72.80555555555559,107.4,100
2206,6.25,-73.88333333333334,107.4,20
2207,7.0,-73.83333333333333,107.4,0
2208,3.8861111111111115,-75.38888888888891,107.4,0
2209,2.5666666666666664,-75.11666666666666,107.4,0
2210,4.616666666666667,-72.43333333333334,107.4,0
2211,3.432777777777777,-74.88833333333335,107.5,15000
2212,8.894444444444442,-74.13333333333334,107.5,5000
2213,4.433333333333334,-73.56666666666666,107.5,5000
2214,10.344444444444441,-73.7333333333333,107.5,5000
2215,0.9166666666666669,-76.13333333333334,107.5,400
2216,10.422777777777778,-73.84694444444445,107.5,250
2217,1.2777777777777775,-75.7,107.5,100
2218,6.05,-73.33333333333331,107.5,100
2219,3.8861111111111115,-75.38888888888891,107.5,0
2220,2.45,-75.14999999999998,107.5,0
2221,8.761111111111108,-74.21666666666667,107.5,0
2222,10.866666666666667,-73.09999999999998,107.6,250
2223,10.65,-73.08333333333333,107.6,250
2224,10.344444444444441,-73.21666666666667,107.6,250
2225,10.866666666666667,-73.31666666666666,107.6,250
2226,4.733333333333335,-72.68333333333331,107.6,100
2227,4.333333333333333,-72.2,107.6,100
2228,10.45,-72.75,107.6,0
2229,4.616666666666667,-72.43333333333334,107.6,0
2230,4.527777777777776,-74.01666666666667,107.7,5000
2231,8.233333333333333,-71.68333333333331,107.7,5000
2232,7.583333333333333,-70.80555555555559,107.7,1000
2233,5.177777777777776,-70.88333333333334,107.7,250
2234,10.966666666666667,-71.11666666666666,107.7,250
2235,1.9666666666666668,-70.98333333333333,107.7,250
2236,11.266666666666667,-71.62222222222225,107.7,250
2237,10.65,-71.25,107.7,250
2238,6.15,-70.09999999999998,107.7,250
2239,6.1,-70.68333333333331,107.7,250
2240,11.772222222222224,-70.7638888888889,107.7,250
2241,4.800000000000002,-69.66666666666667,107.7,250
2242,5.733333333333333,-72.0,107.7,250
2243,5.233333333333333,-71.09999999999998,107.7,250
2244,5.016666666666667,-71.06666666666666,107.7,250
2245,5.35,-70.7333333333333,107.7,250
2246,9.7,-71.61666666666666,107.7,200
2247,9.36666666666667,-71.93333333333334,107.7,200
2248,6.316666666666666,-72.2833333333333,107.7,200
2249,6.3,-71.36666666666666,107.7,200
2250,5.833333333333333,-71.33888888888892,107.7,200
2251,7.066666666666666,-71.41666666666667,107.7,200
2252,6.25,-71.75,107.7,200
2253,6.5,-70.93333333333334,107.7,200
2254,6.4,-71.61666666666666,107.7,200
2255,6.533333333333333,-71.51666666666667,107.7,200
2256,7.4,-71.83333333333333,107.7,200
2257,10.344444444444441,-71.51666666666667,107.7,200
2258,6.666666666666667,-71.06666666666666,107.7,200
2259,6.1,-71.75555555555557,107.7,200
2260,5.916666666666667,-72.13333333333334,107.7,200
2261,8.477777777777774,-72.2833333333333,107.7,150
2262,6.633333333333333,-71.61666666666666,107.7,150
2263,6.733333333333333,-71.43333333333334,107.7,150
2264,6.816666666666666,-71.17222222222225,107.7,150
2265,4.216666666666667,-72.14999999999998,107.7,100
2266,7.333333333333333,-71.2,107.7,100
2267,5.35,-70.73222222222222,107.7,0
2268,4.616666666666667,-72.43333333333334,107.7,0
2269,1.0,-75.78333333333333,107.7,0
2270,1.0,-76.08333333333333,107.7,0
2271,2.9333333333333336,-73.66666666666667,107.7,0
2272,11.55,-71.22222222222224,107.7,0
2273,7.0,-71.57222222222225,107.7,0
2274,10.483333333333333,-71.57222222222225,107.7,0
2275,1.8166666666666667,-74.22222222222224,107.8,250
2276,2.25,-74.09999999999998,107.8,250
2277,2.544444444444444,-73.65,107.8,250
2278,4.564722222222223,-71.28472222222221,107.8,250
2279,3.7666666666666666,-72.16666666666667,107.8,250
2280,2.027777777777777,-74.26666666666667,107.8,250
2281,3.466666666666667,-71.95,107.8,250
2282,2.033333333333333,-74.08333333333333,107.8,250
2283,1.75,-74.38888888888891,107.8,250
2284,4.316666666666668,-70.41666666666667,107.8,250
2285,3.35,-72.21666666666667,107.8,250
2286,4.527777777777776,-71.3,107.8,250
2287,2.750000000000001,-73.9,107.8,250
2288,2.4833333333333334,-74.06666666666666,107.8,250
2289,3.216666666666667,-73.55,107.8,250
2290,4.266666666666667,-72.75,107.8,200
2291,9.316666666666666,-73.31666666666666,107.8,200
2292,9.316666666666666,-73.62222222222225,107.8,200
2293,8.477777777777774,-73.86666666666665,107.8,200
2294,5.0,-72.68333333333331,107.8,200
2295,5.05,-72.21666666666667,107.8,200
2296,4.683333333333334,-73.03888888888892,107.8,200
2297,8.927222222222225,-73.3486111111111,107.8,200
2298,5.3,-72.38888888888891,107.8,200
2299,8.666666666666666,-73.46666666666667,107.8,200
2300,9.733333333333333,-73.86666666666665,107.8,200
2301,4.916666666666667,-72.26666666666667,107.8,200
2302,5.45,-72.14999999999998,107.8,200
2303,5.05,-71.83333333333333,107.8,200
2304,4.466666666666667,-72.96666666666667,107.8,200
2305,9.45,-73.78333333333333,107.8,200
2306,4.75,-71.86666666666665,107.8,200
2307,5.466666666666667,-72.66666666666667,107.8,100
2308,2.9333333333333336,-73.66666666666667,107.8,5
2309,4.15,-71.96666666666667,107.8,5
2310,4.616666666666667,-72.43333333333334,107.8,0
2311,3.1333333333333333,-74.71666666666667,107.8,0
2312,2.9986111111111113,-73.62666666666667,107.8,0
2313,4.15,-71.96666666666667,107.8,0
2314,4.727222222222222,-72.40277777777777,107.9,15000
2315,6.333333333333333,-73.9,107.9,5000
2316,7.983333333333333,-73.75555555555557,107.9,500
2317,10.4,-73.16666666666667,107.9,250
2318,10.5,-72.53333333333333,107.9,250
2319,9.240277777777777,-72.67777777777779,107.9,250
2320,10.783333333333333,-73.06666666666666,107.9,250
2321,9.3,-72.9,107.9,250
2322,9.933333333333334,-73.03333333333333,107.9,250
2323,1.0,-75.78333333333333,107.9,200
2324,10.183333333333334,-73.25,107.9,200
2325,7.081666666666665,-69.08500000000001,107.9,150
2326,10.233333333333333,-73.51666666666667,107.9,100
2327,8.761111111111108,-74.86666666666665,107.9,100
2328,10.6,-73.62222222222225,107.9,100
2329,10.344444444444441,-73.43333333333334,107.9,100
2330,7.0,-73.83333333333333,107.9,0
2331,3.432777777777777,-74.88833333333335,107.9,0
2332,9.716666666666667,-73.46666666666667,107.9,0
2333,11.241944444444442,-72.52749999999999,107.9,0
2334,1.2777777777777775,-75.7,107.9,0
2335,4.833333333333333,-74.08333333333333,107.9,0
2336,0.8166666666666667,-75.91666666666664,107.9,0
2337,1.3363888888888888,-75.91472222222225,107.9,0
2338,2.5666666666666664,-70.98333333333333,107.9,0
2339,6.95,-70.21666666666667,107.9,0
