,Latitude in degrees,Longitude in degrees,Frequency(MHz),EIRP
0,46.96497733995481,-1.956521739130494,96.99379775652073,3.5991222075963325
1,42.60980697763761,2.5,89.5583028266241,146.54163301987612
2,44.20152985105137,3.319672131147541,91.69345084561327,916.821186051292
3,44.993880150457116,4.124999999999999,91.82367636757093,879.0175164428902
4,48.5322537274423,6.081081081081081,98.90121242999373,890.0298093476828
5,48.5322537274423,6.081081081081081,89.01052264604377,881.6525612602137
6,49.31283855921746,2.0642201834862384,96.64400623618161,142.7112337913951
7,43.406858485936986,6.169354838709678,90.90359875444148,39.013984034167876
8,44.993880150457116,4.875000000000001,95.80900191509345,125.7171060014791
9,44.20152985105137,0.3688524590163934,91.95510210734426,923.5070913846578
10,50.091456801832585,3.7850467289719627,93.9173504368409,15934.39792910702
11,42.2103698396502,2.4803149606299213,97.01891739003041,413.74795115018765
12,43.406858485936986,1.088709677419355,96.69967525268153,2.0
13,48.141207794360284,6.830357142857143,97.4585733600497,60.85121175898022
14,48.141207794360284,1.2053571428571428,87.54348738071032,147.61343054819525
15,48.141207794360284,1.2053571428571428,95.2967429245692,678.6494059283583
16,47.35757623319898,1.1842105263157894,88.46885623558822,25.726839609216405
17,45.38920300540005,4.159663865546218,91.9010752504409,3913.4849897610134
18,46.1781796469964,6.538461538461539,93.58841523043985,166.59237484672644
19,47.749650829136584,-1.991150442477874,91.73635737549547,1957.3786665086145
20,44.993880150457116,5.624999999999999,93.25053574999615,907.4553545418393
21,48.5322537274423,2.0270270270270268,99.13095024485824,899.6008323484253
22,47.749650829136584,-1.19469026548677,88.40569004726702,853.0340277527525
23,46.96497733995481,5.869565217391305,95.07939217701188,859.3165849866824
24,45.78396716177502,2.669491525423729,91.6514925266607,862.8296333922658
25,43.80448796297494,2.560975609756097,88.37645766696778,859.9232810744119
26,48.141207794360284,4.419642857142857,88.71713959913922,456.9750081092219
27,45.38920300540005,2.6470588235294117,98.53791731410381,39897.854713017565
28,44.993880150457116,3.375,97.62993338390802,892.3530861445694
29,49.702390326630685,4.583333333333333,97.98866029785636,906.3358130871532
30,44.993880150457116,5.624999999999999,99.06828085246252,936.2441225535924
31,48.5322537274423,-3.6486486486486456,89.35392095104498,100.63694865052304
32,49.31283855921746,3.7155963302752295,91.14577541826822,30.437321771387012
33,42.60980697763761,1.7857142857142856,94.99770129551874,405.8415032577272
34,42.60980697763761,-0.3571428571428896,92.78657792382498,428.3542421479917
35,43.80448796297494,5.48780487804878,91.93394143119991,922.6918715152051
36,47.35757623319898,1.1842105263157894,91.17281132524475,377.60815478358967
37,48.922795160247304,2.8636363636363633,94.08773125600723,469.3370557309567
38,44.59799149300626,5.578512396694214,93.88678598943673,437.7316396166663
39,46.1781796469964,-1.153846153846132,88.75317259562469,5.776953552744008
40,48.922795160247304,-0.40909090909093493,92.63017871553585,855.6940996703349
41,45.78396716177502,6.483050847457627,93.6423701069932,922.335383764238
42,49.702390326630685,2.083333333333333,93.82815608293218,70.29094625512475
43,43.008633994236924,5.3999999999999995,89.37633019514597,849.1551187492687
44,47.749650829136584,5.973451327433628,95.96053409963442,848.9292983442932
45,44.59799149300626,3.3471074380165287,87.13702705698276,73.90575300572064
46,47.35757623319898,3.5526315789473686,91.1388511216683,51.88438912428077
47,45.38920300540005,3.403361344537815,96.43339261611554,15912.728585237955
48,45.38920300540005,6.42857142857143,93.757510389643,179.23033620811162
49,48.141207794360284,2.0089285714285716,90.02161060814721,105.83678975413034
50,42.2103698396502,2.4803149606299213,95.33476001836533,77.766704133575
51,43.80448796297494,1.0975609756097562,93.79615905775921,872.0975727551769
52,42.60980697763761,0.35714285714285715,96.61160751324037,853.8875103073184
53,43.008633994236924,1.08,95.86422421820569,864.5671130950115
54,44.993880150457116,4.124999999999999,94.28055710126227,32.70961337634884
55,43.008633994236924,6.84,92.84326396997619,1894.472633229962
56,48.922795160247304,2.0454545454545454,88.37873965455724,177.2651538893237
57,48.141207794360284,2.8125,90.02379718593706,143.768851974269
58,49.702390326630685,4.583333333333333,91.943206352637,391.0191474379402
59,47.35757623319898,6.7105263157894735,94.1524931999683,177.61807897983277
60,46.57184741344958,1.9396551724137931,93.17404343333193,933.4617779590144
61,47.749650829136584,7.566371681415929,90.3679820924247,2895.8588989641144
62,43.406858485936986,0.3629032258064516,86.91578014327237,139.39245059412207
63,46.96497733995481,2.739130434782609,92.94771266813787,933.5741275415563
64,47.749650829136584,-3.5840707964601393,90.33518654319899,907.7688921408936
65,45.38920300540005,5.672268907563025,95.85868336127538,2908.275480882247
66,48.5322537274423,2.0270270270270268,87.12223183082034,113.92590846973644
67,43.80448796297494,4.75609756097561,93.9888140723378,562.8085364656255
68,49.31283855921746,-2.0642201834862135,98.43964572626663,126.63394395440318
69,41.81031489577859,8.789062499999998,88.92467822508176,921.0989284691592
70,43.80448796297494,0.36585365853658536,92.62899966343285,2.0
71,48.141207794360284,3.6160714285714284,87.89947743067529,464.9813305243091
72,50.48004426244293,2.1226415094339623,94.46508233885568,155.17041469047496
73,43.80448796297494,6.219512195121951,93.60988582191825,147.87961611733027
74,44.20152985105137,0.3688524590163934,91.79461768123947,864.9911433935373
75,44.20152985105137,3.319672131147541,93.27340829127033,929.6753314327887
76,43.80448796297494,0.36585365853658536,97.85156217216633,853.8092592224623
77,49.31283855921746,7.018348623853211,89.20357880794701,930.2040473780542
78,46.96497733995481,3.5217391304347827,87.10591408313682,122.24373621983773
79,48.922795160247304,-2.045454545454561,97.39670032727197,432.2676688994653
80,43.406858485936986,5.443548387096773,93.90362040885849,382.48298187553206
81,44.993880150457116,6.375,97.77407321200563,2.0
82,47.35757623319898,-4.342105263157919,94.1246015589971,459.20122253817186
83,49.31283855921746,3.7155963302752295,96.76632701935084,870.1946074713164
84,47.35757623319898,3.5526315789473686,92.08119875740623,848.3981993219203
85,47.35757623319898,6.7105263157894735,96.06139395491216,893.6022341806116
86,44.20152985105137,3.319672131147541,98.06724034618279,469.6882524854987
87,44.993880150457116,-0.375,93.84844180388968,21.214890318039913
88,43.008633994236924,0.36000000000000004,89.00910902903973,48.08915954696759
89,45.78396716177502,4.957627118644068,90.11947902485505,849.8260905628744
90,48.922795160247304,-0.40909090909093493,89.23297259718406,126.82575307654292
91,44.20152985105137,1.1065573770491803,89.83824271538734,28.188196345677444
92,44.20152985105137,7.008196721311475,90.5869834850698,247.67994649181742
93,45.38920300540005,7.184873949579832,93.66073319152595,457.4040695744726
94,43.80448796297494,0.36585365853658536,94.0237702045448,150.5551372777945
95,45.78396716177502,6.483050847457627,92.03978212633255,888.64043894884
96,45.38920300540005,4.159663865546218,94.34350541000221,864.6355256249241
97,46.1781796469964,5.769230769230768,87.78966947795391,152.35243419560697
98,50.091456801832585,4.6261682242990645,87.85895620715176,899.4239986125635
99,48.922795160247304,6.136363636363636,88.89051587566601,866.1774751516731
100,49.702390326630685,2.083333333333333,93.23065831478323,862.6549561627213
101,44.993880150457116,-0.375,89.42494916865603,456.7580610500671
102,47.35757623319898,4.342105263157895,90.30517190729807,2.0
103,45.38920300540005,1.134453781512605,91.70579618186883,881.1485158107374
104,43.008633994236924,3.24,96.78528174511169,171.4286196206934
105,47.749650829136584,2.7876106194690267,87.00314382365504,3909.1339062169895
106,46.1781796469964,0.38461538461538464,94.74585030590585,919.1858399553523
107,44.20152985105137,6.270491803278689,94.99321533005082,847.0768442113551
108,48.141207794360284,-2.8125,96.63842342221555,116.76445512069992
109,49.31283855921746,-0.41284403669726544,98.32541632152957,95.28414902899969
110,47.749650829136584,-1.991150442477874,87.07725653408797,155.69181541334882
111,48.5322537274423,6.891891891891892,88.65155015408673,401.27453402541386
112,43.008633994236924,-0.36000000000001364,97.71536166406443,136.13196762692522
113,43.80448796297494,5.48780487804878,92.45763715311038,428.9669737889274
114,44.993880150457116,-1.125,93.76521927718657,74.54682832017981
115,43.406858485936986,6.89516129032258,94.91660229109215,12516.621218336037
116,43.80448796297494,4.75609756097561,95.12668238569928,43.48117931575865
117,48.141207794360284,2.0089285714285716,98.31215437939913,3847.0585999101904
118,43.008633994236924,1.08,99.13626030485986,1960.6603885717175
119,45.38920300540005,5.672268907563025,95.66661613965331,436.49689501620924
120,43.80448796297494,5.48780487804878,90.3556342166142,890.0421520770542
121,43.008633994236924,1.08,97.63189563688334,277.69126346628815
122,47.35757623319898,5.131578947368422,87.42071150186145,860.3344701203916
123,48.922795160247304,6.136363636363636,89.63863798847366,155.77615518327326
124,48.141207794360284,-3.616071428571388,97.86218522178996,138.3799321301907
125,46.1781796469964,5.769230769230768,89.95789295896064,673.3089426759154
126,43.80448796297494,6.951219512195122,89.50819742359704,416.83951765449933
127,43.406858485936986,5.443548387096773,88.44419812898457,692.9335090910682
128,50.48004426244293,2.1226415094339623,97.36350154781792,131.98120576677536
129,45.38920300540005,1.8907563025210086,92.99719367885295,167.41951410127706
130,46.1781796469964,2.6923076923076925,95.07202020834637,30.4880478810065
131,48.141207794360284,-4.419642857142833,89.73850930666715,13.387686175676555
132,48.922795160247304,-0.40909090909093493,96.17012147224392,117.32722760064044
133,47.35757623319898,-2.763157894736878,96.19624008563564,25.268913370901817
134,42.60980697763761,1.0714285714285714,90.65745470813702,41.23702027895234
135,47.35757623319898,6.7105263157894735,91.83639332412922,917.6025798306865
136,45.38920300540005,3.403361344537815,89.37111602745543,6.13977085583086
137,44.59799149300626,-0.37190082644627864,98.88038369869174,869.3862731655313
138,46.96497733995481,5.086956521739131,94.7011082610222,125.75707577203003
139,42.2103698396502,2.4803149606299213,98.3488736312943,935.9569474605073
140,42.60980697763761,-0.3571428571428896,90.55244752832762,407.3558979066383
141,47.749650829136584,3.5840707964601775,96.45204974651399,140.32952048494343
142,45.78396716177502,-1.144067796610159,96.27382030633115,430.9228647440945
143,47.35757623319898,0.39473684210526316,95.29157060691198,174.03968174789392
144,47.749650829136584,-2.787610619469035,98.74331078471756,464.6073257467137
145,49.702390326630685,2.9166666666666665,91.62069227758026,47.054831197713156
146,44.993880150457116,5.624999999999999,88.34610022150827,158445.6144199432
147,45.78396716177502,-0.38135593220340525,95.03031246262849,228.83722778107227
148,49.31283855921746,0.4128440366972477,95.78826058764417,159.154473843483
149,47.749650829136584,-4.380530973451357,93.8808986232124,885.4391237692626
150,43.008633994236924,3.24,89.33519245532524,166.0697117250839
151,47.749650829136584,0.39823008849557523,93.05417185353141,923.9733317916965
152,48.5322537274423,2.8378378378378377,90.65280089058818,385.1786158219219
153,45.78396716177502,6.483050847457627,92.05239890399669,888.3663665823857
154,41.81031489577859,8.789062499999998,94.69655850118681,43.22628828562219
155,47.749650829136584,1.1946902654867255,95.99965439642092,927.995348476678
156,44.59799149300626,4.834710743801653,89.6529434377509,893.4262870819821
157,44.20152985105137,-1.106557377049171,91.76892387685466,98.90558269443706
158,48.141207794360284,-0.4017857142857224,90.1241442432184,63.68555309299946
159,44.20152985105137,3.319672131147541,89.2328104745382,145.05886040693562
160,46.96497733995481,5.869565217391305,96.46868407050762,9932.666414870817
161,44.993880150457116,-1.125,98.01761594396025,118.81650173921412
162,44.993880150457116,-1.125,91.32696069909503,386.5187750476692
163,45.38920300540005,5.672268907563025,96.08025390101837,2.0
164,48.922795160247304,2.0454545454545454,97.85707149134564,180.7787122674613
165,43.406858485936986,1.088709677419355,97.19462208997544,469.6741664252453
166,47.35757623319898,5.921052631578947,89.03497930028287,4926.858174379254
167,48.141207794360284,2.0089285714285716,98.62600372184873,430.271085905423
168,49.702390326630685,4.583333333333333,91.4081195941906,919.5373368287322
169,44.993880150457116,3.375,90.9611370725461,452.2101745733645
170,44.59799149300626,4.834710743801653,87.57619276348852,7.173374915393528
171,50.091456801832585,2.9439252336448596,92.81729905074995,144.492148675372
172,45.38920300540005,1.8907563025210086,88.09564755452422,529.9911726342518
173,48.141207794360284,-3.616071428571388,89.85981290295027,4902.81121419644
174,44.59799149300626,1.115702479338843,90.70697598799049,932.0694353940794
175,48.5322537274423,-1.2162162162161962,96.75148852838579,106.24894982805871
176,44.59799149300626,6.322314049586777,97.57645328872357,102.60976368429951
177,46.57184741344958,1.9396551724137931,90.54196985737792,93.90817109765469
178,42.60980697763761,0.35714285714285715,97.35812295779289,2841.574253316841
179,48.5322537274423,2.0270270270270268,97.33904489670078,930.0453490706476
180,47.35757623319898,-1.9736842105263008,96.25798252596913,905.689855812835
181,48.922795160247304,7.7727272727272725,88.55768151867022,178.7960341682007
182,43.008633994236924,-1.8000000000000114,95.27411385791727,421.35201172042986
183,43.406858485936986,6.89516129032258,98.48459137013853,392.4414659722551
184,47.749650829136584,5.973451327433628,95.1721823296165,117.30117883996618
185,44.59799149300626,2.603305785123967,90.87423811664176,421.8193149013639
186,43.80448796297494,6.951219512195122,93.00394472273766,2.0
187,45.38920300540005,6.42857142857143,94.70255927784063,56.39818183712123
188,45.38920300540005,4.159663865546218,93.13339339212212,1367.3864099528716
189,47.749650829136584,1.1946902654867255,88.21763566519567,898.4242741297494
190,48.922795160247304,2.0454545454545454,90.65136820884474,216.3240339445999
191,43.008633994236924,1.8,96.68000348141311,430.5701733391797
192,43.008633994236924,1.8,97.39349063962477,168.76164989882454
193,44.993880150457116,-1.125,88.43326985501798,895.0112739811811
194,47.35757623319898,-1.9736842105263008,98.5769939185189,908.6030651265485
195,46.96497733995481,0.391304347826087,90.84238846231139,902.0581892554857
196,44.20152985105137,3.319672131147541,94.90725750351348,889.3224260840548
197,43.008633994236924,1.8,96.08751377403755,95.70971434498765
198,43.008633994236924,0.36000000000000004,96.78617232848406,154.6260442030989
199,43.80448796297494,1.829268292682927,98.49369820303545,396.4216890395272
200,44.59799149300626,0.371900826446281,90.66111954447226,151.4585595713698
201,48.922795160247304,0.40909090909090906,97.35563068062055,899.4451879801956
202,48.5322537274423,6.891891891891892,88.35893960393548,150.82326656514513
203,43.008633994236924,1.8,95.46688735152523,59.87092390029332
204,44.993880150457116,5.624999999999999,95.95663100562054,181.5788256646469
205,50.48004426244293,2.9716981132075473,95.1090873463356,15905.614531311163
206,48.922795160247304,3.681818181818182,89.90820008605309,105.15698832211874
207,44.59799149300626,3.3471074380165287,97.54465395961446,854.7371239467251
208,50.48004426244293,2.1226415094339623,88.85117330202522,263.3725192609884
209,48.5322537274423,6.891891891891892,87.47283695511457,23.526358485696584
210,45.38920300540005,6.42857142857143,95.63083030980792,409.43803205981186
211,44.59799149300626,6.322314049586777,92.6786921747945,882.919893304062
212,44.59799149300626,1.859504132231405,97.23329107954602,427.7329056834337
213,48.141207794360284,-4.419642857142833,91.49276004663922,936.132415805738
214,44.20152985105137,1.1065573770491803,88.8434944758314,132.9858854791317
215,48.141207794360284,-0.4017857142857224,97.06872503288184,31.759538501127754
216,47.35757623319898,6.7105263157894735,93.59196426166253,3873.956297515646
217,44.20152985105137,4.795081967213115,89.11480105162897,172.37951028102722
218,44.59799149300626,1.115702479338843,95.66962706903523,549.9204094469274
219,43.406858485936986,3.2661290322580645,93.1404316993136,911.0504112710811
220,44.59799149300626,2.603305785123967,94.21189694241897,148.5989796221789
221,45.38920300540005,-0.3781512605041826,92.48869393563292,887.3036690974255
222,48.922795160247304,2.0454545454545454,96.9725224565539,58.349578129658966
223,46.96497733995481,5.869565217391305,96.98201332470916,134.0260025848531
224,47.749650829136584,6.769911504424779,95.52383527036612,63.37440184015366
225,47.749650829136584,1.9911504424778759,88.0553662689029,917.0709463196788
226,42.2103698396502,8.858267716535433,97.10008441297754,103.73050224184641
227,46.57184741344958,4.267241379310344,95.02119801580174,887.6916328431497
228,43.008633994236924,1.08,95.36188607405177,3913.142173928286
229,44.993880150457116,7.125,91.23566249993316,438.23787285532137
230,43.80448796297494,4.024390243902438,97.6257471318116,447.08594475765074
231,45.78396716177502,-0.38135593220340525,95.73591766569113,390.0605779423069
232,44.993880150457116,1.125,88.1355342238146,149.29474151782762
233,45.78396716177502,6.483050847457627,91.79981283146734,400.6155205727169
234,48.141207794360284,2.8125,97.71808021237749,851.8090790000266
235,44.20152985105137,2.581967213114754,87.39680666436404,39865.0719888063
236,47.749650829136584,-3.5840707964601393,98.69031975351656,3880.9343624230946
237,50.091456801832585,4.6261682242990645,95.12793929607237,933.015877966475
238,44.59799149300626,1.115702479338843,94.5325473078394,1879.9295102039423
239,48.5322537274423,-0.40540540540536085,90.14205989438167,394.9806347257294
240,42.60980697763761,1.0714285714285714,89.86304264771864,868.9170700236806
241,42.60980697763761,2.5,98.4472945774849,1899.5320906611685
242,43.008633994236924,6.12,90.49416669374969,178.89120926233562
243,46.96497733995481,6.6521739130434785,96.38106136636209,7884.126319332874
244,50.091456801832585,2.9439252336448596,91.61523230458462,188.96931646293046
245,43.008633994236924,-1.079999999999984,88.45914564249316,851.2689849656343
246,46.1781796469964,5.769230769230768,86.96598139952266,885.3122670108158
247,42.60980697763761,-0.3571428571428896,93.54056237386507,4902.792657582755
248,42.60980697763761,-0.3571428571428896,98.87056694205947,113.42541321271179
249,43.406858485936986,3.991935483870967,91.31315778577762,896.68682541933
250,47.749650829136584,-1.19469026548677,91.1657567052469,433.21602540128373
251,46.57184741344958,0.3879310344827586,91.01643002397222,123.9914513478351
252,43.406858485936986,3.2661290322580645,93.26261321605776,906.2294928986394
253,47.35757623319898,5.131578947368422,92.22464135266434,455.8878919316612
254,48.5322537274423,-3.6486486486486456,97.6340050709429,870.022232629564
255,45.38920300540005,6.42857142857143,93.06796848680148,147.97554622463872
256,42.60980697763761,0.35714285714285715,93.09695257668994,404.6717075954503
257,44.59799149300626,6.322314049586777,88.44745970686657,856.3639789299086
258,45.38920300540005,-0.3781512605041826,98.95792477939442,184.16964546319642
259,48.922795160247304,2.8636363636363633,89.87818211492936,92.39375257315552
260,44.993880150457116,6.375,87.69810743247865,7881.656830711532
261,41.81031489577859,8.789062499999998,94.9181615162883,426.4678572135919
262,48.5322537274423,2.0270270270270268,94.10589483913708,892.863413530703
263,45.38920300540005,3.403361344537815,91.89260057633516,186.87786896732666
264,43.406858485936986,6.89516129032258,91.98356780003827,162.20020915613912
265,44.20152985105137,4.795081967213115,96.48732382059606,185.16419592766545
266,44.59799149300626,6.322314049586777,89.19630422967052,186.06114918029493
267,44.59799149300626,-1.115702479338836,96.8785215134455,450.082413841288
268,46.96497733995481,4.304347826086956,94.73836566253001,449.5697014365062
269,47.749650829136584,-1.19469026548677,91.94151374044348,416.1350649943648
270,43.80448796297494,6.219512195121951,92.45124321774853,58.00722850896631
271,43.80448796297494,6.219512195121951,89.96373406721389,415.35663472774803
272,43.406858485936986,6.169354838709678,96.09135737721807,76.56582150342072
273,43.008633994236924,5.3999999999999995,93.16324928137814,53.32947154392585
274,45.38920300540005,1.8907563025210086,90.75156547236155,3851.1418929500114
275,45.78396716177502,-1.144067796610159,94.11399605906993,852.4799372328248
276,43.80448796297494,4.024390243902438,99.12101235489068,869.5576337085989
277,44.59799149300626,1.859504132231405,92.15413577193296,182.79392827219777
278,44.59799149300626,-1.115702479338836,98.16743728357999,1945.4797008475025
279,43.80448796297494,4.024390243902438,91.02697603843478,862.8068551216937
280,43.008633994236924,1.08,87.48580273062974,903.9008127321282
281,47.35757623319898,-2.763157894736878,89.30297829033827,168.1277030848741
282,46.96497733995481,-1.956521739130494,91.93792973163478,6280.118247226029
283,48.922795160247304,2.0454545454545454,89.49548914626479,919.9612929495987
284,44.993880150457116,1.125,86.84212083849003,930.4468687153114
285,49.702390326630685,2.9166666666666665,98.09291286830859,78.23703399892688
286,45.78396716177502,4.194915254237288,97.16543255285765,125.05334266462083
287,45.38920300540005,5.672268907563025,95.96081107550316,131.52486935882524
288,47.749650829136584,-2.787610619469035,88.83735018372748,125.02951714443984
289,44.993880150457116,3.375,88.22221478861329,930.9039328415179
290,49.702390326630685,1.25,87.63388333729819,2.3603038824028646
291,49.702390326630685,2.9166666666666665,95.71807557182667,26.27105111769409
292,43.80448796297494,6.951219512195122,98.27374597290132,126.35602655792141
293,46.96497733995481,4.304347826086956,92.09245408420593,93.20515956307732
294,48.5322537274423,0.40540540540540543,88.2085777717292,107.79540155703828
295,45.38920300540005,4.159663865546218,93.15700530816893,912.9103766434292
296,43.80448796297494,0.36585365853658536,91.07046155231478,463.75949869772546
297,48.141207794360284,7.633928571428571,91.38480161481054,2.0
298,44.993880150457116,6.375,94.41352699177214,246.3763347078832
299,48.922795160247304,1.2272727272727273,95.64748565921764,185.48223733843713
300,49.31283855921746,0.4128440366972477,88.11337799320964,46.737068746846965
301,45.38920300540005,4.915966386554622,87.25974064313388,874.7716594579539
302,45.38920300540005,5.672268907563025,99.10339012468164,882.8988701983291
303,44.993880150457116,-0.375,89.65924245387576,888.7843238482516
304,44.20152985105137,3.319672131147541,87.47514845849197,891.1570779101376
305,42.2103698396502,8.858267716535433,89.12329970060314,2.0
306,45.38920300540005,2.6470588235294117,87.29951032572835,4934.42382246153
307,47.35757623319898,6.7105263157894735,91.59872279477386,918.0034894344532
308,43.80448796297494,4.024390243902438,96.68006744702879,1928.9712713166052
309,47.749650829136584,6.769911504424779,90.98397697655804,2.0
310,46.1781796469964,-1.153846153846132,92.27055912678054,3858.202201256137
311,49.31283855921746,-0.41284403669726544,95.08110442296973,916.619414866736
312,50.091456801832585,4.6261682242990645,93.11167406213791,925.2085479496994
313,42.60980697763761,-0.3571428571428896,97.39385004665084,35.565672268018474
314,43.406858485936986,1.8145161290322582,97.45353451601098,894.3844540747024
315,44.59799149300626,6.322314049586777,86.95647949116136,6275.686025643697
316,46.1781796469964,0.38461538461538464,96.40930956657658,875.5248913424806
317,48.5322537274423,-2.0270270270270316,92.4865440563555,469.12654040060136
318,48.5322537274423,6.081081081081081,99.03449301071589,3926.710594977498
319,47.749650829136584,3.5840707964601775,92.77918675887439,374.473331763691
320,45.38920300540005,6.42857142857143,99.01008811639093,850.7087784034098
321,44.20152985105137,1.8442622950819674,96.12398734972297,401.10875420517345
322,44.59799149300626,2.603305785123967,89.86064689479083,3852.308858036251
323,47.749650829136584,-3.5840707964601393,93.47579084100245,26.262797598024335
324,42.60980697763761,2.5,99.07584685812135,418.99795830002284
325,44.20152985105137,4.057377049180328,97.34294156565693,878.1567143662892
326,45.38920300540005,6.42857142857143,87.96577103541622,911.0201675197143
327,44.993880150457116,5.624999999999999,95.48432164430078,745.2365029929554
328,46.1781796469964,2.6923076923076925,91.03339041942225,1945.2711731086063
329,47.749650829136584,2.7876106194690267,86.92189630500229,3905.5355162250958
330,46.96497733995481,2.739130434782609,91.74569562286334,19.900234008374813
331,44.20152985105137,6.270491803278689,89.68458160253743,183.0485231521872
332,50.091456801832585,2.102803738317757,96.86313515895355,2.0
333,48.922795160247304,-2.045454545454561,90.93936560814024,150.85112967523878
334,49.702390326630685,4.583333333333333,96.95934568491471,444.8041004112557
335,49.702390326630685,4.583333333333333,86.8465009702509,1951.4700505663977
336,43.406858485936986,4.717741935483871,90.60298337095509,928.1315994842178
337,44.59799149300626,-0.37190082644627864,89.76528457021143,54.06706490940684
338,45.78396716177502,4.957627118644068,89.66973558797069,35.42668609222464
339,48.922795160247304,2.8636363636363633,87.64037196896749,847.5693444144275
340,45.78396716177502,6.483050847457627,89.08889349136787,441.37499284175385
341,45.78396716177502,4.957627118644068,93.66532706178673,123.02955335229838
342,48.5322537274423,-2.0270270270270316,90.4086993395608,1914.016810090119
343,46.1781796469964,6.538461538461539,91.92095963512136,2880.6496961074695
344,46.57184741344958,5.818965517241379,91.41051799306163,183.1548411873942
345,44.993880150457116,6.375,97.58186618376874,1883.7997796320242
346,44.993880150457116,-0.375,97.96583142151933,174.91833262765437
347,49.702390326630685,4.583333333333333,92.90518649015218,893.7703598137322
348,46.96497733995481,-1.956521739130494,90.85758626601539,400.8228348725098
349,44.993880150457116,6.375,88.0709706313162,51.4082760079968
350,45.78396716177502,-0.38135593220340525,98.58974642481286,2885.2078173316595
351,43.406858485936986,4.717741935483871,87.55068665150856,385.0529141355517
352,44.59799149300626,2.603305785123967,90.48707490001426,893.0408504737543
353,48.5322537274423,6.891891891891892,90.49181574703579,167.51483565251107
354,49.31283855921746,5.366972477064221,90.74639909026916,2.0
355,44.59799149300626,0.371900826446281,88.79063493691282,39.48253669968024
356,49.702390326630685,0.4166666666666667,96.4661739916382,415.4605861722609
357,44.993880150457116,2.625,88.24601492811593,879.0998119170139
358,42.60980697763761,1.0714285714285714,94.57437986552324,153.19846582892
359,44.993880150457116,1.125,88.26104876732428,880.8295306617104
360,46.57184741344958,1.9396551724137931,87.6665666581422,881.8149668723981
361,44.59799149300626,1.115702479338843,98.01993174766514,883.4746138398554
362,45.78396716177502,2.669491525423729,89.12646932186982,412.79134403418436
363,45.38920300540005,6.42857142857143,96.88960325442304,1964.9801469427505
364,42.60980697763761,1.0714285714285714,93.54468944642345,410.390850216094
365,46.57184741344958,1.9396551724137931,87.74820427989394,382.2871029157553
366,42.60980697763761,-0.3571428571428896,98.61541531786831,92.93901102733184
367,43.008633994236924,2.52,89.8395775829944,141.2469001025632
368,48.141207794360284,2.8125,97.37043988664655,8.011304132344245
369,49.31283855921746,4.541284403669724,88.85053161637316,861.430621885217
370,48.922795160247304,3.681818181818182,97.29628971134812,115.15522813184226
371,50.091456801832585,2.9439252336448596,86.99566462816,139.70228735955436
372,48.922795160247304,2.0454545454545454,93.14907126736509,904.4157897564337
373,44.59799149300626,5.578512396694214,96.31366262808297,149.88218127928704
374,49.31283855921746,5.366972477064221,98.35216950741366,112.35720422144944
375,47.35757623319898,5.921052631578947,98.01695374479219,76.54086375332176
376,43.406858485936986,3.2661290322580645,96.87153509228013,905.682018343039
377,50.091456801832585,4.6261682242990645,97.7417596719093,55.260315647700104
378,43.80448796297494,6.219512195121951,89.24016521674403,384.80542973320354
379,47.749650829136584,-3.5840707964601393,90.31670680204002,423.1923812772099
380,48.922795160247304,-1.227272727272748,90.37803145756706,878.2936963230542
381,44.59799149300626,6.322314049586777,91.41287370757757,861.3517741933044
382,44.993880150457116,6.375,91.6177368992786,916.9112898862858
383,43.406858485936986,6.89516129032258,93.54385475503221,9.318340699579576
384,44.20152985105137,4.057377049180328,88.73227544799893,136.29756452564789
385,43.80448796297494,4.75609756097561,95.2862137824349,129.10082332161494
386,47.749650829136584,-3.5840707964601393,88.8340653689245,64.08080785376711
387,48.5322537274423,-0.40540540540536085,90.6313576746029,133.09235286348851
388,44.20152985105137,5.532786885245901,93.03977973061062,142.17822548449726
389,43.80448796297494,5.48780487804878,96.6137970134549,433.9876255281784
390,41.81031489577859,8.789062499999998,95.92329038892375,870.8772622366401
391,46.1781796469964,0.38461538461538464,94.7002999626299,173.66123115651362
392,46.96497733995481,-2.7391304347825667,88.67789626519678,888.3387548594314
393,43.80448796297494,1.0975609756097562,93.57136629253517,153.82958589659637
394,47.35757623319898,-1.9736842105263008,87.8551454021567,133.5802193482994
395,43.008633994236924,-0.36000000000001364,91.41676834676004,447.92250529338105
396,43.406858485936986,4.717741935483871,91.87208340485041,2.0
397,46.1781796469964,5.769230769230768,87.30959078952262,28.266065923345337
398,44.20152985105137,5.532786885245901,90.18601109436102,193.51429678949262
399,44.20152985105137,6.270491803278689,98.6179413518294,3910.8974212908925
400,48.922795160247304,4.499999999999999,98.59262954229895,888.978008936897
401,43.008633994236924,2.52,91.11030049436813,32.77480022247217
402,45.38920300540005,0.37815126050420167,87.34842816292365,928.0576056862957
403,43.406858485936986,0.3629032258064516,88.98672689259362,892.356280987068
404,47.35757623319898,5.921052631578947,91.6038472753631,854.3575781729817
405,43.008633994236924,1.08,98.51917487466882,919.908585238241
406,46.57184741344958,2.7155172413793105,88.48490164996248,183.81614769636022
407,50.48004426244293,2.9716981132075473,96.24289573539924,103.22376369769594
408,43.008633994236924,2.52,88.09195561154036,426.8691135771768
409,48.922795160247304,2.0454545454545454,98.93932597293208,453.4475586060257
410,47.35757623319898,5.921052631578947,91.470334655516,445.85671275334545
411,42.60980697763761,2.5,96.3780513735572,465.1651418317304
412,42.60980697763761,2.5,90.99932638513665,4884.860918391678
413,44.993880150457116,0.375,94.48862448601855,1923.238379310186
414,44.993880150457116,-1.125,89.1500731340466,937.2630913982841
415,45.78396716177502,1.1440677966101693,88.54875501312138,913.9980445455459
416,47.749650829136584,-1.19469026548677,98.39498110895441,3913.897106746604
417,47.35757623319898,6.7105263157894735,98.1275661169151,38.38165913307589
418,44.59799149300626,4.834710743801653,97.73229773206366,122.47594654311999
419,44.20152985105137,6.270491803278689,94.46213848654772,414.6206542840655
420,43.80448796297494,3.292682926829268,96.7452840393201,928.1253904778978
421,43.80448796297494,3.292682926829268,87.64985414193202,421.91869279135904
422,48.922795160247304,2.0454545454545454,90.9103959125541,897.2829352005429
423,45.78396716177502,6.483050847457627,90.6700510342537,60.26451447021107
424,49.31283855921746,2.0642201834862384,94.58313176061242,116.86677125206668
425,45.38920300540005,6.42857142857143,91.15168473974344,892.1919934411886
426,46.1781796469964,-0.3846153846153584,88.58167200650729,74.20266614945267
427,43.008633994236924,0.36000000000000004,94.1189363202265,160.53378839356816
428,46.96497733995481,1.1739130434782608,96.81327188710816,122.36252081683736
429,48.922795160247304,-1.227272727272748,91.47671975109672,159.87432181381007
430,48.5322537274423,2.8378378378378377,88.36664407764118,884.8486382458367
431,44.20152985105137,-1.106557377049171,89.20850506921471,167.8120186442965
432,44.993880150457116,6.375,89.7187104763651,458.083159861283
433,48.922795160247304,3.681818181818182,90.51269061069006,39.15888905875402
434,48.922795160247304,0.40909090909090906,94.66784409390232,915.1255605832479
435,44.59799149300626,-1.115702479338836,94.17199783469606,168.71298772293807
436,49.31283855921746,6.192660550458715,95.3495178086576,866.1270989633719
437,43.80448796297494,6.951219512195122,91.22960660474499,890.1922408655652
438,44.20152985105137,0.3688524590163934,96.92014696011253,97.998253106546
439,48.922795160247304,0.40909090909090906,89.30104671602085,1155.6139459874407
440,48.922795160247304,1.2272727272727273,92.59495479090664,856.0101510873269
441,41.81031489577859,8.789062499999998,96.6638026948868,243.59372200799328
442,46.96497733995481,-1.956521739130494,89.00081274539433,83.72105119232052
443,46.96497733995481,6.6521739130434785,88.10512059403024,3907.3368028691207
444,43.80448796297494,6.219512195121951,97.68301850297853,899.4852688603006
445,42.60980697763761,1.7857142857142856,91.00318564133582,97.27606389313112
446,41.81031489577859,8.789062499999998,95.18959770511844,154.51164714083228
447,44.20152985105137,6.270491803278689,87.13879268106118,916.5836342100777
448,46.96497733995481,-1.956521739130494,95.27049942201795,880.88877463793
449,48.922795160247304,0.40909090909090906,90.6973864310728,902.8407136224811
450,43.80448796297494,1.0975609756097562,87.49770838680534,346.60048200269983
451,45.38920300540005,6.42857142857143,94.27705995259255,887.4012769338697
452,46.1781796469964,4.230769230769231,89.76065213700757,176.04146474019097
453,43.008633994236924,3.24,91.53570683253812,98.70527590292994
454,48.922795160247304,6.954545454545455,87.77858378535329,861.1618820471751
455,45.78396716177502,6.483050847457627,88.56388068939088,9932.186745521927
456,50.48004426244293,2.9716981132075473,90.49080168423768,142.54703362148803
457,45.78396716177502,4.194915254237288,87.88093843057806,390.01439502567507
458,49.31283855921746,2.0642201834862384,98.0382261769445,874.1014473055502
459,48.922795160247304,-0.40909090909093493,86.91085188789253,448.15222649263274
460,48.922795160247304,-1.227272727272748,92.78732523661127,927.1526146852315
461,44.59799149300626,1.115702479338843,88.254373927507,901.5752034230914
462,44.20152985105137,4.795081967213115,90.60138691037945,16.643638937981045
463,44.993880150457116,1.8749999999999998,98.23774809973276,199881.31663500628
464,42.60980697763761,-0.3571428571428896,88.7563072817188,898.6505633436789
465,46.96497733995481,-1.956521739130494,98.74573727901938,933.5639538376545
466,47.749650829136584,-2.787610619469035,89.32239181577803,866.9611164409757
467,43.406858485936986,6.89516129032258,95.9511601186621,931.1785303082328
468,48.141207794360284,-4.419642857142833,93.56729947275988,45.89220918414403
469,42.60980697763761,-0.3571428571428896,97.69335291187822,158.93698015307692
470,50.48004426244293,2.9716981132075473,93.64813178424788,937.4835002900666
471,42.2103698396502,2.4803149606299213,93.43341061194266,94.16895968782322
472,49.702390326630685,4.583333333333333,89.19311956919076,27.42946379913177
473,43.008633994236924,1.08,88.81635818350273,909.834186518231
474,45.38920300540005,4.159663865546218,98.11239725937271,924.6659112250442
475,41.81031489577859,8.789062499999998,90.83116769999354,73.07687279821434
476,49.31283855921746,7.018348623853211,91.35026045747249,930.5713409622052
477,45.38920300540005,6.42857142857143,96.1938226177436,878.0988976789557
478,42.2103698396502,2.4803149606299213,90.95638191888071,432.6869573836115
479,45.38920300540005,4.159663865546218,98.57292384528031,923.026415244576
480,44.993880150457116,6.375,95.90280266929581,199.47276851244808
481,44.59799149300626,6.322314049586777,94.13033636101336,90.02589669925027
482,45.78396716177502,2.669491525423729,97.64675513206285,131.18330692292807
483,44.993880150457116,6.375,87.42525806645077,421.91747048278603
484,44.993880150457116,2.625,89.96905978920122,440.8067434418718
485,43.008633994236924,2.52,92.54269601029856,915.3018900670597
486,49.702390326630685,4.583333333333333,89.58733226604777,910.8467558448943
487,47.749650829136584,-3.5840707964601393,95.98224899515009,720.42249950846
488,42.60980697763761,2.5,98.14800847470094,907.5379187824747
489,43.008633994236924,1.08,92.00415968074675,88.82509307939652
490,45.78396716177502,2.669491525423729,90.99410043419257,12.191561801122281
491,44.993880150457116,6.375,98.69200288020365,936.6107909627538
492,47.749650829136584,-4.380530973451357,92.27929011374512,25.97605753827033
493,48.141207794360284,2.0089285714285716,92.85454544136067,114.3399363356829
494,45.78396716177502,4.194915254237288,91.10258173104054,880.7764534649158
495,46.96497733995481,1.9565217391304348,98.02148997840399,186.17205495333832
496,44.993880150457116,1.8749999999999998,93.81344520816097,937.4500044579282
497,49.31283855921746,-0.41284403669726544,96.22506899240115,136.97681609027296
498,42.2103698396502,8.858267716535433,96.78462133719556,2.0
499,41.81031489577859,8.789062499999998,90.99086833575694,138.1577712460209
500,44.59799149300626,6.322314049586777,92.13367358133907,670.9848298731549
501,45.38920300540005,5.672268907563025,97.22514789373754,171.38297823637677
502,47.35757623319898,2.763157894736842,91.23909450481304,443.3636160071816
503,43.80448796297494,6.219512195121951,96.58594437204147,937.5389777802525
504,44.59799149300626,5.578512396694214,98.43333372397521,1957.0512064364807
505,48.5322537274423,6.891891891891892,94.43579881226543,122.85143918117784
506,43.008633994236924,5.3999999999999995,95.95197325325229,390.8596307270284
507,43.80448796297494,6.951219512195122,96.7100334094243,453.66575382230565
508,42.60980697763761,2.5,97.18051933608113,4888.733472448313
509,44.20152985105137,2.581967213114754,91.63955810019796,199911.7498909195
510,44.993880150457116,5.624999999999999,87.4448328277122,109.36111122572699
511,46.1781796469964,2.6923076923076925,91.72548607113461,890.69018953776
512,43.008633994236924,-0.36000000000001364,95.05712841434926,172.30656255135813
513,43.406858485936986,6.169354838709678,92.351040029613,2.0
514,49.702390326630685,4.583333333333333,96.04947477735479,2.0
515,49.702390326630685,0.4166666666666667,91.16336413787374,389.72305530948995
516,46.96497733995481,-1.956521739130494,94.57245430366042,409.7688747542502
517,43.80448796297494,6.219512195121951,89.08008306886929,2.0
518,41.81031489577859,8.789062499999998,96.05487475292817,878.1488786060953
519,48.5322537274423,4.459459459459459,93.55645740980208,135.22187300882655
520,44.993880150457116,4.124999999999999,89.30075565634101,461.42530500465597
521,46.96497733995481,-0.39130434782612156,90.41575057644923,138.27403432860723
522,42.2103698396502,2.4803149606299213,96.04476385780215,75.5007065902276
523,43.406858485936986,2.5403225806451615,92.77101333478562,185.16836222598175
524,43.406858485936986,1.8145161290322582,89.45042199822659,107.9780059692976
525,45.78396716177502,4.194915254237288,98.76379526522156,443.31180029333143
526,46.1781796469964,1.1538461538461537,95.59972957821503,92.64034364724475
527,47.749650829136584,7.566371681415929,98.63658285068404,424.2577756090861
528,49.31283855921746,2.0642201834862384,92.04768144621494,70.22495298637646
529,43.406858485936986,6.169354838709678,92.67382866855607,873.153732504627
530,43.80448796297494,6.219512195121951,97.86964437484357,899.1312780974158
531,41.411188638099254,9.140625,93.32098835678886,44.81673553742074
532,41.411188638099254,9.140625,95.49620019336889,394.9468714890418
533,45.38920300540005,6.42857142857143,89.90638172998614,23.443690883156638
534,43.80448796297494,0.36585365853658536,92.3037468374594,850.360861872721
535,42.60980697763761,1.7857142857142856,88.25663104371301,122.15863990314865
536,43.406858485936986,3.2661290322580645,89.32471376498434,438.1312134648492
537,47.749650829136584,2.7876106194690267,86.85058085642153,430.79442329022385
538,45.78396716177502,1.1440677966101693,87.3031382509258,2856.469441826698
539,48.5322537274423,1.2162162162162162,98.88945491699278,453.6218688033726
540,42.60980697763761,2.5,89.78051861821584,744.9335885353759
541,44.993880150457116,5.624999999999999,94.92031557951908,182.73190047252214
542,48.141207794360284,-3.616071428571388,97.10328107523131,4888.421286719349
543,44.59799149300626,4.09090909090909,93.6113086607011,906.4108124338436
544,44.993880150457116,6.375,88.6430856599186,131.42719689781245
545,46.96497733995481,3.5217391304347827,95.77239950646262,927.3974104766684
546,48.922795160247304,-3.681818181818187,94.16377423568557,260.68737930041016
547,44.59799149300626,4.09090909090909,95.81405576160871,922.5307274509294
548,45.38920300540005,3.403361344537815,96.3170426543866,920.7211709516124
549,43.80448796297494,0.36585365853658536,98.86594284286569,87.25505830613612
550,45.38920300540005,3.403361344537815,93.86435545146522,882.5995075704345
551,43.406858485936986,3.2661290322580645,90.9884982835387,133.73878891702626
552,45.38920300540005,6.42857142857143,94.7350178437731,136.76182897521315
553,45.38920300540005,7.184873949579832,87.64320540632967,136.25667539453653
554,43.406858485936986,6.89516129032258,97.86233716695011,890.2481788543577
555,46.57184741344958,-1.1637931034482563,88.21125787670343,106.8979068821736
556,48.5322537274423,2.0270270270270268,90.83122057739432,2.0
557,49.702390326630685,1.25,96.82840712743361,887.0131904655731
558,44.20152985105137,6.270491803278689,94.12895171893769,77.6911025815963
559,44.993880150457116,6.375,91.62170211641973,41.61972395428442
560,44.59799149300626,-0.37190082644627864,92.65226037586656,110.29183857829439
561,48.141207794360284,6.830357142857143,97.30415027956865,173.13162819973087
562,48.5322537274423,2.0270270270270268,90.96984228387893,400.7969265429483
563,50.091456801832585,2.102803738317757,97.50052814802679,9.220246652924265
564,46.96497733995481,1.1739130434782608,87.86281673216949,9886.128402072467
565,44.993880150457116,3.375,96.39543710468912,887.2718919711749
566,46.57184741344958,4.267241379310344,97.21313111420145,148.10485711601598
567,46.1781796469964,-1.9230769230769056,89.0225260977817,146.12024034827874
568,43.008633994236924,2.52,92.0899838126348,381.04356044941375
569,46.96497733995481,0.391304347826087,88.8066968322247,859.1478139328558
570,45.38920300540005,2.6470588235294117,95.48736205409628,64.27341303864671
571,43.80448796297494,2.560975609756097,93.44212306582278,87.28730347016068
572,46.57184741344958,5.818965517241379,94.57931690278899,932.1646943815435
573,44.993880150457116,6.375,89.20598837489962,118.56200330504741
574,43.406858485936986,5.443548387096773,89.39682426660995,173.26159179002173
575,42.60980697763761,1.7857142857142856,87.32950017431605,935.8712052962809
576,48.5322537274423,3.648648648648649,90.76539159716037,870.7029629367432
577,43.008633994236924,-1.079999999999984,93.71167744096574,156.27749065572766
578,45.78396716177502,6.483050847457627,97.3481988339396,877.1381606634759
579,47.749650829136584,5.973451327433628,94.96768671653759,2.0
580,45.78396716177502,2.669491525423729,92.15588508251797,893.4027006023686
581,42.2103698396502,8.858267716535433,98.58619769286533,408.81680698830377
582,45.78396716177502,6.483050847457627,95.65449121719386,917.6820320385349
583,47.35757623319898,6.7105263157894735,98.29152279439876,4941.235527941186
584,44.993880150457116,-1.125,93.35387992564569,2867.9829451697938
585,47.749650829136584,0.39823008849557523,89.99266535111504,1946.4180309939668
586,49.31283855921746,-2.0642201834862135,87.46329367882286,426.974917247373
587,48.5322537274423,1.2162162162162162,95.74539754283336,164.4114720699282
588,48.5322537274423,1.2162162162162162,88.23269059754514,392.94936630638273
589,48.5322537274423,5.270270270270271,90.54548979422472,879.0784088237106
590,48.5322537274423,2.0270270270270268,93.41033745119786,988.9751229879307
591,44.59799149300626,0.371900826446281,93.76329623520498,96.81783937970023
592,48.141207794360284,1.2053571428571428,94.16770534475724,2399.842856254985
593,47.35757623319898,-0.39473684210526017,88.8167020612254,918.3076766232633
594,43.008633994236924,1.8,91.44666935639451,15850.857573385269
595,45.78396716177502,4.957627118644068,94.36451773753983,938.6830179381589
596,44.59799149300626,4.09090909090909,98.79576885967559,129.01397262410097
597,48.5322537274423,-2.0270270270270316,95.76594935171354,42.41657378085251
598,48.141207794360284,2.8125,98.19248485246037,45.8154707381039
599,49.702390326630685,4.583333333333333,96.22556702410216,133.99491968486774
600,48.5322537274423,-3.6486486486486456,94.06493042649055,855.3712166786592
601,47.749650829136584,-4.380530973451357,89.15016423659735,914.9071994815897
602,48.5322537274423,-0.40540540540536085,94.96451973816123,1913.3471944731523
603,48.922795160247304,2.0454545454545454,94.43780345963746,858.3676893712526
604,48.922795160247304,-0.40909090909093493,94.19005091565079,2.0
605,45.78396716177502,3.4322033898305087,92.86410037272783,85.87422195258448
606,48.141207794360284,6.0267857142857135,93.36772554273313,39.047664850430515
607,46.96497733995481,5.086956521739131,90.90644621236717,165.81597228439844
608,45.78396716177502,-0.38135593220340525,93.246662001757,419.1649239690761
609,44.59799149300626,6.322314049586777,89.21935709347075,8.585984815826196
610,49.702390326630685,3.7499999999999996,96.71089036068919,159.26363290560656
611,43.80448796297494,4.024390243902438,89.0720432414871,82.0146111536276
612,44.993880150457116,6.375,87.82748772356419,865.668690389347
613,48.922795160247304,0.40909090909090906,92.16697395800034,392.3986040031421
614,43.406858485936986,6.89516129032258,94.85478398956623,414.8095712222837
615,43.008633994236924,6.84,92.18616831542964,238.7822964180637
616,49.31283855921746,2.8899082568807337,90.22146633316183,4954.368260716041
617,47.749650829136584,-4.380530973451357,93.69429253362186,100.23769679395164
618,43.80448796297494,5.48780487804878,91.04960743114677,430.21926567505585
619,44.20152985105137,5.532786885245901,98.32691930254556,893.5200300900644
620,48.141207794360284,2.0089285714285716,98.19302687031116,459.22451760361827
621,48.141207794360284,6.830357142857143,93.02716911954494,2893.9315076091348
622,46.96497733995481,6.6521739130434785,90.83168968981566,172.27888768672602
623,45.78396716177502,6.483050847457627,95.89223154433138,391.9679566642017
624,44.993880150457116,6.375,87.2729992607629,32.98881207979299
625,46.96497733995481,6.6521739130434785,92.66953576120135,853.747799498768
626,45.78396716177502,3.4322033898305087,90.92788501362676,132.66589342666137
627,44.20152985105137,4.795081967213115,98.1654003778125,71.80972573338974
628,49.702390326630685,2.9166666666666665,86.98118877575642,450.33592149211023
629,47.749650829136584,3.5840707964601775,93.63511219921193,441.51380382563786
630,44.20152985105137,1.1065573770491803,95.93916455765398,26.147564935071628
631,43.008633994236924,1.08,92.80232576137796,881.6834130018074
632,45.38920300540005,1.8907563025210086,87.83235796148836,858.3735780347013
633,45.38920300540005,4.915966386554622,98.82893284633467,87.33460505430446
634,48.922795160247304,5.318181818181819,93.22978937162294,396.1253046959356
635,45.78396716177502,1.1440677966101693,94.32887826862746,888.6057494768083
636,45.38920300540005,4.915966386554622,89.70778573791647,439.4387430734851
637,47.749650829136584,1.1946902654867255,92.78263328338495,180.01146498821666
638,47.749650829136584,6.769911504424779,92.07436208037981,147.7272442699415
639,46.96497733995481,-1.173913043478251,87.71518876645314,854.1845283769767
640,50.091456801832585,2.9439252336448596,88.0638298676606,3888.7574638328892
641,47.35757623319898,5.921052631578947,97.08212256582199,873.3948775812104
642,48.141207794360284,6.830357142857143,89.74804088657123,25.538787168491712
643,47.35757623319898,6.7105263157894735,89.18686969304477,389.8089344362322
644,48.922795160247304,-0.40909090909093493,93.06007362215382,1885.5221316545008
645,43.008633994236924,1.08,96.3059313882084,36.20111243771778
646,44.993880150457116,4.124999999999999,87.57078649835702,62898.81096535192
647,44.59799149300626,5.578512396694214,93.9002045570584,4888.324272643389
648,43.80448796297494,3.292682926829268,88.20935580992219,27.446975458224863
649,45.78396716177502,-1.144067796610159,87.27002454737602,3855.6094643805363
650,48.922795160247304,2.0454545454545454,87.46231663351223,165.7312858135699
651,45.38920300540005,5.672268907563025,97.0391026852951,927.5538404503451
652,44.993880150457116,2.625,88.195550909677,195.44097457238675
653,44.20152985105137,4.795081967213115,87.37265235885845,341.0454098832536
654,46.1781796469964,6.538461538461539,92.18855733152938,861.6522489210764
655,48.5322537274423,0.40540540540540543,97.16691570520952,905.5627241540918
656,47.749650829136584,-3.5840707964601393,90.03758122367185,3.39014373726405
657,46.96497733995481,5.086956521739131,91.97730866442987,848.7869690066452
658,44.59799149300626,1.115702479338843,87.31090273798766,86.09930461022803
659,44.993880150457116,0.375,92.33444172759674,158.14772580754698
660,46.96497733995481,2.739130434782609,93.9091005532626,159.0388546976794
661,41.81031489577859,8.789062499999998,93.83500755844885,395.85494477625923
662,44.993880150457116,5.624999999999999,90.8834689996067,152.93414141214805
663,48.141207794360284,-0.4017857142857224,90.69091067062713,43.176483419895334
664,48.922795160247304,3.681818181818182,88.06899589608817,63.870894386832724
665,48.5322537274423,5.270270270270271,91.28371462899861,3.200240084388223
666,47.749650829136584,2.7876106194690267,87.98949857219675,396.71307617947605
667,48.5322537274423,6.891891891891892,96.28201682004848,4939.4304982906715
668,48.141207794360284,2.0089285714285716,98.75128415229382,47.672595523081256
669,47.749650829136584,-2.787610619469035,98.7989765680249,3930.405320105397
670,48.5322537274423,-2.0270270270270316,97.44099196160901,892.6884234741949
671,43.008633994236924,1.8,94.17018107396538,862.6716844685037
672,49.31283855921746,-0.41284403669726544,95.41220149778202,865.1074468127039
673,45.38920300540005,4.159663865546218,90.32980056494982,921.9234285518307
674,46.1781796469964,0.38461538461538464,94.52537248401117,42.93786149710306
675,42.2103698396502,9.566929133858267,92.42019568626237,421.6217200234264
676,48.922795160247304,6.954545454545455,92.76344814064745,881.3313649917148
677,46.57184741344958,5.818965517241379,96.16661448026034,846.8031677886796
678,42.2103698396502,2.4803149606299213,90.28766178958655,923.8182630521426
679,43.406858485936986,6.169354838709678,90.71947987429951,24.2007891356605
680,43.80448796297494,6.951219512195122,98.21917851694889,879.3304834899311
681,47.749650829136584,5.973451327433628,87.50341756155049,442.7536090297899
682,48.5322537274423,-2.837837837837867,92.81031093758844,172.80518812563204
683,44.59799149300626,4.09090909090909,98.064088156271,155.64333192164855
684,43.008633994236924,-0.36000000000001364,94.28357943297274,857.4531373344442
685,45.38920300540005,6.42857142857143,93.56431421228015,1886.0876137011487
686,44.993880150457116,0.375,89.87525046974848,415.4291458488352
687,47.749650829136584,-3.5840707964601393,91.00712749412422,921.2957800999268
688,43.80448796297494,0.36585365853658536,97.27165561800886,182.95400700795037
689,48.141207794360284,2.0089285714285716,93.70585996468448,40.49060922373345
690,47.35757623319898,6.7105263157894735,93.18744474695201,18.37875316819724
691,46.1781796469964,5.000000000000001,87.9904469339306,12.878269736347686
692,45.38920300540005,1.134453781512605,87.02872333188122,173.24179508006466
693,47.749650829136584,1.1946902654867255,98.71879054653563,154.3028832504694
694,48.922795160247304,-2.863636363636317,91.41202029186961,887.8586735615685
695,44.993880150457116,5.624999999999999,94.19886476361418,895.6505549540084
696,47.749650829136584,-1.991150442477874,87.76892963699169,12.618477083005683
697,44.993880150457116,1.8749999999999998,95.17969791085856,103.05703113469258
698,48.5322537274423,5.270270270270271,98.32297712252108,126.50916215662699
699,45.78396716177502,5.720338983050848,93.88757955645144,452.55981110334653
700,45.38920300540005,4.915966386554622,88.28635444785799,63.26872657268793
701,49.31283855921746,0.4128440366972477,93.95449362062699,57.55050332270689
702,47.35757623319898,-2.763157894736878,96.27925169086855,3915.996914683964
703,48.5322537274423,2.0270270270270268,91.78266613815583,914.87043305396
704,49.31283855921746,3.7155963302752295,97.63300540199033,82.81238648923262
705,41.81031489577859,8.789062499999998,94.73760546952337,184.90094137906897
706,47.35757623319898,5.921052631578947,97.88658896425159,162.41656908363407
707,43.80448796297494,6.219512195121951,94.43929332695495,910.7375859345199
708,47.749650829136584,4.380530973451327,88.35365686912151,425.56216946520465
709,44.59799149300626,5.578512396694214,90.62432749660108,54.25634392443962
710,44.20152985105137,6.270491803278689,89.27237282393503,894.4514729366688
711,44.993880150457116,4.124999999999999,98.0120337249886,180.62885501768693
712,45.78396716177502,4.194915254237288,96.20148371216948,121.50543598337387
713,46.1781796469964,0.38461538461538464,95.09173449754469,171.18889791781154
714,46.96497733995481,0.391304347826087,90.52487234183792,416.5701765644532
715,43.008633994236924,-0.36000000000001364,89.05037964014203,156.89697044036114
716,43.406858485936986,1.088709677419355,96.14899752495214,112.22916320583573
717,42.60980697763761,-0.3571428571428896,92.66161861553017,181.34119848786474
718,48.5322537274423,0.40540540540540543,89.57246215558537,2.0
719,44.20152985105137,3.319672131147541,94.35773756288664,904.9428759319587
720,42.60980697763761,0.35714285714285715,87.31576019535677,77.56139605693414
721,48.141207794360284,1.2053571428571428,90.8121558652875,8.860396171593207
722,49.31283855921746,4.541284403669724,92.58864167180401,867.74422894443
723,44.20152985105137,4.795081967213115,88.57440934767666,905.3932341205996
724,44.993880150457116,1.125,98.98195744703307,917.8846171601243
725,43.406858485936986,2.5403225806451615,89.3637007428017,413.5040769034434
726,48.5322537274423,2.0270270270270268,88.34127749315014,96.10370066115425
727,43.80448796297494,4.024390243902438,89.29413326319779,893.8990046174971
728,48.141207794360284,5.2232142857142865,96.30942212081412,882.1523521511781
729,48.5322537274423,7.702702702702703,92.0268089836337,114.15559095882625
730,48.5322537274423,7.702702702702703,93.77433779256927,1927.0759942927748
731,43.80448796297494,6.219512195121951,87.08754620155275,41.55973118438359
732,44.59799149300626,3.3471074380165287,87.24605441060827,19953.846597451542
733,45.38920300540005,4.159663865546218,92.29198957906169,932.4193341313494
734,46.96497733995481,3.5217391304347827,96.83852199616122,878.452991832179
735,43.406858485936986,6.89516129032258,97.7032372962287,3886.6691327366234
736,46.57184741344958,4.267241379310344,87.8468941465625,889.2283151813879
737,43.80448796297494,6.219512195121951,93.47543863898885,88.11317552721347
738,46.1781796469964,-1.153846153846132,98.06970559707938,361.934164501059
739,46.96497733995481,-1.956521739130494,91.55038528613234,23.785098882779668
740,45.78396716177502,3.4322033898305087,96.98204796219808,177.43772868363317
741,47.35757623319898,0.39473684210526316,88.38553991118441,895.2690212907276
742,44.20152985105137,4.795081967213115,98.36001469645652,176.0192336415582
743,45.78396716177502,-0.38135593220340525,96.08217304156743,151.23841263409582
744,48.141207794360284,-2.008928571428555,98.43781407480728,849.4757522624016
745,43.008633994236924,1.8,95.09460113236821,936.1632474578413
746,46.57184741344958,0.3879310344827586,91.24096572427518,10.849702632313434
747,45.38920300540005,5.672268907563025,98.3965139776034,175.5898477640448
748,43.008633994236924,3.24,90.20624670789812,70.69122914205583
749,44.993880150457116,6.375,90.88057187711487,880.7875070238035
750,48.922795160247304,-1.227272727272748,95.41145126846995,42.29146354770925
751,42.60980697763761,1.0714285714285714,96.26682573250771,871.2227235406544
752,44.993880150457116,6.375,98.28154598761725,131.76949081872453
753,47.35757623319898,-2.763157894736878,89.30998573500423,92.6880856810509
754,48.5322537274423,2.0270270270270268,96.63111132267406,3872.7162905287446
755,43.80448796297494,4.024390243902438,95.91102033472832,2.0
756,44.993880150457116,6.375,87.59139458906752,291.62880280891954
757,45.38920300540005,4.915966386554622,91.54094466336531,2.0
758,43.008633994236924,1.08,90.29852000793952,406.3458169814033
759,43.80448796297494,3.292682926829268,90.56504135679049,418.94574974528723
760,48.5322537274423,5.270270270270271,98.9605269023671,147.42890498114468
761,47.35757623319898,3.5526315789473686,94.6676348882369,56.58821454225538
762,47.749650829136584,2.7876106194690267,95.63363694904024,171.58121109092176
763,44.20152985105137,4.795081967213115,98.88109421056915,873.5571059996489
764,49.702390326630685,2.083333333333333,91.41473574768575,908.0421473058174
765,45.38920300540005,-0.3781512605041826,96.67382400735637,440.3879156374543
766,44.20152985105137,-1.106557377049171,92.1445918767452,847.7469021125328
767,43.406858485936986,6.89516129032258,97.49901960974066,93.60717442941299
768,47.35757623319898,-1.9736842105263008,89.00741920021149,132.27679341919057
769,43.80448796297494,6.951219512195122,98.51800117694353,72.6677133127635
770,48.922795160247304,6.954545454545455,89.48469325360952,115.49047191927198
771,43.406858485936986,3.2661290322580645,90.81272866540259,104.71801811635694
772,48.5322537274423,0.40540540540540543,96.14555707811961,432.22935989803534
773,46.57184741344958,5.818965517241379,91.6232086260078,463.4434320978606
774,43.80448796297494,4.024390243902438,94.2580862725629,3922.7397518109724
775,48.5322537274423,4.459459459459459,92.27564997161447,90.87854154457887
776,48.141207794360284,-2.8125,95.96184386663977,863.9795666652657
777,44.20152985105137,2.581967213114754,89.60425001601043,918.9586691767915
778,44.20152985105137,1.8442622950819674,87.52979623693476,461.67678076848705
779,44.59799149300626,0.371900826446281,90.51305312959181,118.00976844064914
780,44.59799149300626,6.322314049586777,92.66357139246325,121.34036742406067
781,45.38920300540005,5.672268907563025,88.84007088299147,6.344919492598911
782,47.749650829136584,3.5840707964601775,91.13845712724077,140.27116100220408
783,47.35757623319898,-0.39473684210526017,91.70164245801145,896.2085941898079
784,48.141207794360284,1.2053571428571428,87.51720566951415,10.814316428665991
785,43.008633994236924,3.24,93.97201380037141,102.25027209803088
786,44.993880150457116,1.8749999999999998,97.69159358602626,884.1937274292673
787,46.57184741344958,6.594827586206897,88.62452554520021,908.1222296055895
788,45.78396716177502,3.4322033898305087,94.13482414969418,385.93491925098556
789,42.60980697763761,1.7857142857142856,94.93902565818551,881.6392267637975
790,48.5322537274423,5.270270270270271,91.9462758802663,176.68513374864045
791,44.993880150457116,2.625,95.41523873708547,71.5956874982361
792,45.38920300540005,0.37815126050420167,91.8370093023504,181.18561091908714
793,44.993880150457116,5.624999999999999,93.05652145054532,699.4138015594671
794,50.091456801832585,2.9439252336448596,86.92627504392775,4878.668874675181
795,43.406858485936986,6.89516129032258,95.29241491771778,22.2968298476221
796,43.008633994236924,-0.36000000000001364,94.89453880319513,423.52731758135855
797,45.38920300540005,-1.1344537815126046,87.29293282869862,150.63183752148973
798,44.59799149300626,6.322314049586777,91.30199842023852,424.189715046586
799,43.008633994236924,-1.8000000000000114,98.91139273185127,2.0
800,44.20152985105137,0.3688524590163934,91.96457085789275,143.61700852798745
801,48.5322537274423,5.270270270270271,93.02164431429273,919.7755668500209
802,44.993880150457116,1.125,98.02648919583432,457.1291312776145
803,44.993880150457116,5.624999999999999,95.62813069611353,382.51615497117365
804,46.1781796469964,4.230769230769231,93.95834524379072,131.48006110674652
805,44.20152985105137,4.057377049180328,96.6289618232352,137.00450046010053
806,43.008633994236924,-0.36000000000001364,97.43182688984976,174.5443151810888
807,43.008633994236924,-1.079999999999984,92.43635876939419,924.6923870564242
808,45.78396716177502,1.1440677966101693,92.67393263389627,9857.682637093956
809,48.922795160247304,7.7727272727272725,91.52618191550563,305.72738451930275
810,41.81031489577859,8.789062499999998,98.75670382066184,179.06866009233016
811,43.406858485936986,1.8145161290322582,95.36374711119396,928.1304889509194
812,48.5322537274423,0.40540540540540543,87.8080484490037,235.12040475953464
813,43.008633994236924,6.84,97.41353605100038,455.74055052196496
814,43.406858485936986,6.89516129032258,92.74456548328698,107.39027473699394
815,45.38920300540005,3.403361344537815,87.64669797359792,895.8638018492624
816,44.993880150457116,3.375,93.60088746560207,441.28139806725534
817,46.57184741344958,5.818965517241379,91.91802312397095,916.3833275095357
818,49.31283855921746,2.0642201834862384,97.6058502938105,907.5214005439135
819,47.35757623319898,-2.763157894736878,89.29988288864472,100.35670083173042
820,43.80448796297494,4.75609756097561,96.9475719285373,887.1380313533598
821,50.48004426244293,2.1226415094339623,93.68896160815713,913.5714459941224
822,47.35757623319898,-3.5526315789473415,87.48435721029206,158.21733508314307
823,46.57184741344958,5.818965517241379,98.8212008648168,78.4613746493804
824,45.38920300540005,5.672268907563025,93.15988711642893,2.0
825,43.008633994236924,6.84,90.40249258442357,382.7479941749052
826,47.35757623319898,-0.39473684210526017,92.59973243228058,161.00902085462934
827,47.35757623319898,-0.39473684210526017,97.34719589215996,457.8279833536907
828,44.20152985105137,4.057377049180328,90.5697454603922,86.80669973210043
829,45.78396716177502,1.9067796610169492,89.15833134541687,932.237014588007
830,48.141207794360284,-4.419642857142833,88.32430252449011,119.22414056241037
831,45.78396716177502,1.9067796610169492,90.48945853446463,105.39892689977128
832,48.5322537274423,2.0270270270270268,96.43156319926698,404.26753030505824
833,48.5322537274423,-0.40540540540536085,92.62869786808035,417.36024552662843
834,45.78396716177502,-1.144067796610159,89.59362385589036,100.39221119507138
835,46.1781796469964,2.6923076923076925,88.81577072661699,125.44945273935971
836,43.008633994236924,6.12,90.88692024452669,76.89101420889067
837,46.96497733995481,4.304347826086956,98.41934598373317,888.0224848893821
838,44.993880150457116,1.8749999999999998,91.0042918502634,904.1886226349654
839,44.993880150457116,-1.125,99.02550129115485,390.9953616422947
840,50.48004426244293,3.8207547169811322,92.80507858690075,886.6531529670983
841,44.59799149300626,3.3471074380165287,88.98764032667066,893.4943614542158
842,48.5322537274423,-0.40540540540536085,97.78038156526384,59.894415919912454
843,42.60980697763761,-0.3571428571428896,92.48160808048848,9848.919113130822
844,48.5322537274423,3.648648648648649,95.52753566928587,920.1399782804427
845,46.1781796469964,1.1538461538461537,98.97012401800914,95.69842418632447
846,48.922795160247304,1.2272727272727273,87.43198286212298,85.79216338976664
847,41.411188638099254,9.140625,87.95827361243323,53.07279474972947
848,45.78396716177502,-0.38135593220340525,95.67059390019237,59.95013524130332
849,44.993880150457116,4.124999999999999,90.2864651918696,897.3227204037206
850,49.31283855921746,4.541284403669724,89.05358912820103,396.2836814280893
851,44.20152985105137,5.532786885245901,87.30428173823354,908.2107210321267
852,48.141207794360284,6.830357142857143,87.09743726425982,896.7256262993556
853,43.008633994236924,1.8,96.36972551501917,852.3743212415262
854,48.141207794360284,6.0267857142857135,88.39530965768073,877.9732765084912
855,48.141207794360284,2.8125,92.5777266828749,2.0
856,49.702390326630685,2.9166666666666665,94.23066266303282,143.0663463713404
857,45.78396716177502,4.957627118644068,92.06395197127738,862.7729407606898
858,45.38920300540005,-1.1344537815126046,87.15955425937949,2.0
859,49.31283855921746,4.541284403669724,96.4699545408487,2.950917286469492
860,43.80448796297494,1.0975609756097562,86.96359502700372,929.8016866047664
861,45.78396716177502,1.9067796610169492,96.22128511847099,877.2400243006109
862,45.38920300540005,4.159663865546218,97.8087303659607,122.58472410577255
863,46.1781796469964,-0.3846153846153584,92.12252327412052,878.4730925961499
864,46.57184741344958,6.594827586206897,93.44427430671108,911.1924256359545
865,45.38920300540005,6.42857142857143,92.69822626026367,140.86699361644574
866,48.5322537274423,6.081081081081081,91.56594975076086,4.605942475230668
867,48.141207794360284,1.2053571428571428,97.73171612844577,3851.918344795544
868,43.406858485936986,5.443548387096773,97.8169690731248,157.80803619607994
869,42.60980697763761,1.7857142857142856,90.9221057072937,42.700944644430805
870,46.96497733995481,-2.7391304347825667,94.33934635253893,412.31130632762853
871,47.749650829136584,6.769911504424779,98.24885502397113,903.6809778515297
872,44.59799149300626,1.115702479338843,98.69837540988458,103.28831560105729
873,46.1781796469964,0.38461538461538464,93.11251584462062,124.40318070023305
874,50.091456801832585,4.6261682242990645,92.38333193765769,112.5863009954968
875,48.5322537274423,6.081081081081081,90.24633577583609,99921.205873766
876,44.20152985105137,1.8442622950819674,98.65838290342582,91.86984040154448
877,44.59799149300626,2.603305785123967,88.50629101377946,529.3092627767908
878,49.702390326630685,0.4166666666666667,93.93358998430399,2863.777115608184
879,48.141207794360284,-4.419642857142833,90.29576169015715,64.55651325458973
880,48.141207794360284,-2.8125,90.25036032655547,9888.506118576992
881,44.59799149300626,4.834710743801653,91.76443067700437,3937.4636667154336
882,50.091456801832585,2.9439252336448596,99.15939666521106,1149.6193056782915
883,48.922795160247304,4.499999999999999,87.48856141681327,100.15887197500362
884,43.80448796297494,4.024390243902438,93.91936191201803,861.5933710069293
885,48.5322537274423,-0.40540540540536085,87.80078995267895,901.3086633516539
886,44.59799149300626,1.859504132231405,88.6613113131034,39867.893293033005
887,48.141207794360284,-0.4017857142857224,92.21026068745108,82.68742275541021
888,48.922795160247304,3.681818181818182,93.13196459321058,902.9163660657388
889,47.749650829136584,1.1946902654867255,89.99123143775098,154.992881070405
890,44.20152985105137,2.581967213114754,90.7014421879275,80.09310236003311
891,43.406858485936986,4.717741935483871,87.84979854192352,209.37957104485403
892,43.406858485936986,0.3629032258064516,90.55055813859548,911.6242971807992
893,46.57184741344958,5.818965517241379,98.7548501612812,392.8154423744294
894,44.59799149300626,4.09090909090909,98.48061696453307,445.27684684400884
895,48.141207794360284,6.0267857142857135,90.9114131962113,135978.37977879614
896,47.749650829136584,-1.19469026548677,93.83442067850528,181.60921075554631
897,43.008633994236924,1.08,98.02210450002956,855.752295963191
898,50.48004426244293,3.8207547169811322,86.91246717785639,166.66322225995458
899,48.922795160247304,1.2272727272727273,96.7721353914912,178.81833595671077
900,48.141207794360284,6.830357142857143,98.52657761805003,880.877217371189
901,49.702390326630685,0.4166666666666667,87.89840403104688,3881.646847414419
902,48.141207794360284,1.2053571428571428,88.75303821323682,448.76775079637576
903,44.993880150457116,1.8749999999999998,98.68190720247483,903.6597272792922
904,46.1781796469964,4.230769230769231,93.46634600366176,33.35883818223901
905,43.008633994236924,1.08,87.00709406718742,98.65898848640427
906,43.80448796297494,6.951219512195122,89.97635720912655,419.7284576875209
907,47.35757623319898,-1.9736842105263008,92.34573232381562,2.0
908,47.749650829136584,5.973451327433628,95.30798548464101,117.06147491934874
909,46.96497733995481,-0.39130434782612156,95.83943891111866,430.75131293047104
910,44.993880150457116,3.375,99.11708493416714,2.0
911,47.749650829136584,6.769911504424779,90.35935133530381,122.22130487603843
912,44.993880150457116,6.375,93.47385866985508,428.3182375540275
913,46.1781796469964,0.38461538461538464,93.4197580291916,474.11160563463153
914,45.38920300540005,6.42857142857143,91.77295267990502,2867.687068890301
915,46.1781796469964,-1.9230769230769056,88.85519139283502,865.1286977643488
916,47.749650829136584,-1.19469026548677,98.8916228232303,188.50579596708053
917,42.60980697763761,1.7857142857142856,97.28815367829367,2904.6108266849433
918,44.20152985105137,-1.106557377049171,92.97484088101292,908.8209368239942
919,48.5322537274423,2.0270270270270268,94.19924818138072,93.27867685983149
920,43.406858485936986,6.89516129032258,89.59086553812226,55.87469902878918
921,45.78396716177502,6.483050847457627,93.53536653091754,874.6682812829948
922,43.008633994236924,1.08,95.33498286061689,461.41813243388793
923,43.80448796297494,4.024390243902438,93.19294907835074,910.3209893453705
924,46.1781796469964,5.000000000000001,99.0526232683544,894.3929149986092
925,50.091456801832585,3.7850467289719627,94.29517474871241,858.8242682829081
926,47.749650829136584,6.769911504424779,91.33629948331233,39895.3833300244
927,45.38920300540005,5.672268907563025,96.34378334471349,442.4374253604743
928,44.993880150457116,-1.125,88.87241444940601,46.2830758981434
929,47.749650829136584,5.973451327433628,91.50684860143417,922.4074892342861
930,48.5322537274423,2.0270270270270268,91.04911291289564,116.61942253051915
931,43.406858485936986,1.088709677419355,92.10904458930722,906.4472093475565
932,41.81031489577859,8.789062499999998,96.45081480055396,4964.700922884447
933,45.38920300540005,4.159663865546218,92.79137817378573,881.2387984746316
934,48.5322537274423,-2.837837837837867,96.5868261306545,849.6869338807167
935,47.749650829136584,7.566371681415929,93.89667983397482,389.59323825389714
936,50.091456801832585,2.9439252336448596,90.99338045159281,166.29499741091234
937,43.008633994236924,5.3999999999999995,96.76429989053304,161.26147533975802
938,48.922795160247304,-1.227272727272748,89.72879531252616,862.3190784775917
939,44.993880150457116,1.125,89.55487081052834,898.2969429756477
940,47.749650829136584,-4.380530973451357,93.05478057655313,875.5154125293174
941,45.38920300540005,6.42857142857143,90.01759615641868,92.41406504427884
942,44.59799149300626,1.859504132231405,86.94675251436414,413.8491337605483
943,43.406858485936986,0.3629032258064516,94.73303882770564,910.936731036382
944,48.141207794360284,6.0267857142857135,93.14017494192657,400.65092681525834
945,50.48004426244293,2.9716981132075473,92.28797354172899,444.62728438059366
946,48.5322537274423,2.0270270270270268,98.75999665097811,904.5164668293856
947,43.008633994236924,1.8,93.83823522254306,870.1135032339288
948,43.406858485936986,6.89516129032258,97.41967296164093,186.1265896460473
949,44.993880150457116,4.124999999999999,88.4617433066891,1900.674619089007
950,44.993880150457116,4.875000000000001,93.8162182135282,73.03082553188386
951,44.59799149300626,3.3471074380165287,97.47881207640863,149942.36205084226
952,48.5322537274423,-1.2162162162161962,93.96978758434457,49.390849401227165
953,43.008633994236924,5.3999999999999995,95.63812960325949,2.0
954,46.1781796469964,2.6923076923076925,91.34977323179184,1882.8630859843033
955,46.57184741344958,0.3879310344827586,87.91093571057431,113.5742478678294
956,45.38920300540005,3.403361344537815,92.44956858469736,891.5418054320829
957,49.702390326630685,5.416666666666668,91.63232981583253,917.0035676078228
958,48.5322537274423,-4.459459459459481,97.46685637281969,932.0243555983418
959,44.20152985105137,4.057377049180328,89.80156087865306,99918.58456877155
960,48.922795160247304,0.40909090909090906,98.75705632210969,135.23790307909917
961,44.993880150457116,5.624999999999999,98.64917421708522,885.449611360952
962,47.749650829136584,1.9911504424778759,89.84817180221306,47.52368309880218
963,46.57184741344958,2.7155172413793105,91.0615713787055,185.00751744425725
964,47.749650829136584,-1.991150442477874,97.83821664212958,928.5754096998518
965,46.96497733995481,2.739130434782609,98.75565062637264,167.7285459553995
966,44.20152985105137,1.8442622950819674,92.26084573838475,848.1417447976529
967,47.749650829136584,-0.3982300884955521,90.75318977164106,420.913642413783
968,45.38920300540005,-0.3781512605041826,93.33452356796448,865.3184209403069
969,45.78396716177502,5.720338983050848,95.24066690732394,9905.777736252488
970,44.59799149300626,3.3471074380165287,90.17942792989889,15.258331882859707
971,42.60980697763761,0.35714285714285715,95.88346954365312,493.02175367078803
972,44.20152985105137,3.319672131147541,87.44948454516603,933.2901169129206
973,48.141207794360284,6.830357142857143,87.42158042011062,404.75021921486507
974,49.702390326630685,2.083333333333333,91.52916378870316,27.583633695505466
975,47.749650829136584,6.769911504424779,91.12336458592641,461.89182063668136
976,44.993880150457116,4.124999999999999,90.69205090221442,152.02387043129545
977,49.31283855921746,0.4128440366972477,92.88008721738917,68.90721537348527
978,45.78396716177502,6.483050847457627,90.7501867217181,928.9082021806577
979,44.993880150457116,4.124999999999999,89.15309763581085,433.7819265696402
980,47.35757623319898,-3.5526315789473415,90.62179521391678,3854.8126377684
981,43.80448796297494,0.36585365853658536,98.85959129608251,915.4383105524498
982,48.922795160247304,5.318181818181819,91.8418186143445,880.0415069642872
983,49.31283855921746,-2.0642201834862135,92.27746756194699,2.0
984,44.20152985105137,3.319672131147541,93.89729952129312,239.39536209288906
985,45.78396716177502,6.483050847457627,98.96547025122254,91.91448076873839
986,44.59799149300626,6.322314049586777,89.77087405152974,1951.4798929537224
987,46.1781796469964,-1.9230769230769056,95.15570053447023,79.52934825265302
988,47.749650829136584,2.7876106194690267,95.61115556773184,131.71616862077965
989,43.80448796297494,6.951219512195122,94.24757730874194,430.3437956834667
990,43.80448796297494,4.024390243902438,87.86776690718874,121.69934770309638
991,44.59799149300626,6.322314049586777,95.09794161285345,98.08817820859056
992,47.749650829136584,7.566371681415929,87.59474171616971,850.6479571776473
993,44.993880150457116,3.375,94.1150924267409,33.20902227763758
994,46.96497733995481,4.304347826086956,95.92477824500152,16.57363743411854
995,48.922795160247304,2.0454545454545454,89.38711955343621,169.7530779025776
996,43.008633994236924,6.12,97.13607911855924,888.7126926009263
997,48.5322537274423,2.0270270270270268,87.1979013481018,457.7535751672368
998,42.60980697763761,2.5,97.16456722256208,216.36155956601263
999,45.78396716177502,1.1440677966101693,92.48126456416398,465.6544124689439
1000,48.141207794360284,2.0089285714285716,89.46988841276823,166.75470434883297
1001,45.38920300540005,5.672268907563025,88.38663226917197,3871.5160436033934
1002,43.406858485936986,6.89516129032258,98.58854523111528,14.809139739668568
1003,44.20152985105137,3.319672131147541,87.69031844803736,873.9104765950046
1004,43.80448796297494,5.48780487804878,89.23858606794677,1887.0363083290072
1005,44.59799149300626,2.603305785123967,91.05895422351568,914.7707980340003
1006,44.59799149300626,6.322314049586777,94.40054392351492,84.64354353981476
1007,43.406858485936986,3.2661290322580645,93.54657009464549,136.07055042431423
1008,47.749650829136584,2.7876106194690267,88.28109291298074,887.5802813759014
1009,45.78396716177502,6.483050847457627,90.38776626505877,30.689542187230145
1010,48.141207794360284,-4.419642857142833,89.73457458859471,917.2685706854148
1011,41.81031489577859,8.789062499999998,89.41929841379593,888.1623773107472
1012,42.60980697763761,1.7857142857142856,91.84220801410446,891.5126918940679
1013,49.702390326630685,3.7499999999999996,95.45366577642919,39.32625718179236
1014,44.59799149300626,-0.37190082644627864,89.46819993418544,887.8034141372257
1015,43.008633994236924,-1.079999999999984,91.28221039067003,875.9228019064127
1016,48.141207794360284,0.4017857142857143,91.58747046841883,923.2369266565339
1017,45.38920300540005,-0.3781512605041826,98.879072288819,7.6119175782155155
1018,43.008633994236924,6.12,98.60560320747499,2.0
1019,49.702390326630685,2.083333333333333,96.65489649970404,170.0892920245422
1020,44.59799149300626,6.322314049586777,89.77161294212252,65.57951721912713
1021,47.749650829136584,-0.3982300884955521,87.63870701109818,460.3362594284776
1022,43.008633994236924,-1.8000000000000114,90.70653733296535,2367.08479669041
1023,42.2103698396502,2.4803149606299213,90.09380356025655,178.24198429618312
1024,42.60980697763761,1.7857142857142856,93.07321594174633,927.6293687072169
1025,45.78396716177502,4.957627118644068,96.40576997935551,2.0
1026,43.406858485936986,5.443548387096773,97.35324439266084,76.24716239418157
1027,43.406858485936986,2.5403225806451615,97.1782364518622,2.0
1028,47.35757623319898,5.921052631578947,91.19406142363373,150.2908600262895
1029,43.406858485936986,0.3629032258064516,95.2336614056042,1942.8666687477073
1030,49.702390326630685,2.9166666666666665,90.6601466886789,37.54749429560579
1031,44.993880150457116,4.124999999999999,87.55870052365371,852.9370215573992
1032,48.141207794360284,-2.8125,95.42136427070233,383.17555365388966
1033,48.922795160247304,-0.40909090909093493,86.95549761910635,3885.029734390793
1034,49.31283855921746,-0.41284403669726544,91.81750176189337,51.37365845399001
1035,44.59799149300626,6.322314049586777,90.84873337607502,99.04287091793579
1036,47.35757623319898,-1.9736842105263008,95.3141234513699,2.0
1037,44.20152985105137,2.581967213114754,96.27812065168271,267.8526431716302
1038,49.31283855921746,3.7155963302752295,90.56053001824725,128.08520553399808
1039,47.35757623319898,5.131578947368422,96.78262358339371,935.4435064014933
1040,45.38920300540005,5.672268907563025,90.44145836070457,852.477056524661
1041,43.80448796297494,3.292682926829268,92.29852530010525,855.3421006990868
1042,47.35757623319898,5.921052631578947,95.75780709603117,441.2253647330715
1043,44.993880150457116,6.375,95.30813372761871,34.78854394553013
1044,43.008633994236924,0.36000000000000004,99.01601838167248,378.49975206717124
1045,44.993880150457116,6.375,89.56460144954299,397829.42437486455
1046,48.141207794360284,-2.008928571428555,94.90731218412488,924.5854811658987
1047,50.091456801832585,4.6261682242990645,94.27550956436068,1894.2232189617798
1048,43.406858485936986,6.89516129032258,98.09418225977294,920.8270973441968
1049,50.091456801832585,3.7850467289719627,88.6856943534322,40.84061940944603
1050,43.406858485936986,6.89516129032258,96.08715514928844,105.84849642174862
1051,45.38920300540005,4.159663865546218,93.80585620875627,2.0
1052,42.60980697763761,0.35714285714285715,90.19469881174561,139.41756650310884
1053,43.80448796297494,4.024390243902438,92.66520712980738,43.85045036822588
1054,41.411188638099254,9.140625,90.89885570181914,398.5497267504622
1055,46.96497733995481,1.1739130434782608,93.92788693191879,875.0803039585722
1056,44.20152985105137,-0.3688524590164093,97.75235917385278,936.8836682806619
1057,46.57184741344958,-1.9396551724138362,93.81730674732307,897.6531789005693
1058,45.78396716177502,5.720338983050848,94.5366520394115,3885.7129244081775
1059,44.993880150457116,6.375,93.23934363184362,14.264789065722248
1060,43.406858485936986,6.89516129032258,87.44367605997742,2.0
1061,41.81031489577859,8.789062499999998,89.6608709041732,870.136300897577
1062,43.80448796297494,0.36585365853658536,92.89280998080764,133.1692148599954
1063,46.1781796469964,2.6923076923076925,90.63052333333252,117.34659639503222
1064,46.1781796469964,3.4615384615384612,89.0218500561291,151.50008792346824
1065,44.20152985105137,4.057377049180328,93.0499856408757,124.53823385889847
1066,48.141207794360284,-0.4017857142857224,90.77385212406767,426.44538238639245
1067,48.922795160247304,6.136363636363636,89.98245405948914,329.6994656318899
1068,46.96497733995481,1.9565217391304348,92.52898123477605,427.1615921440772
1069,47.749650829136584,-2.787610619469035,88.38009211370199,873.6982212526636
1070,47.749650829136584,-0.3982300884955521,98.25983317899531,176.32250328462885
1071,48.141207794360284,-2.008928571428555,97.47520331835537,116.37859478129558
1072,49.702390326630685,4.583333333333333,95.50067535254547,74.99573693443477
1073,50.091456801832585,2.9439252336448596,88.064426174707,159.70326998736513
1074,41.81031489577859,8.789062499999998,96.38519639061936,895.3327277183603
1075,46.1781796469964,5.769230769230768,96.74182797693855,899.997757765576
1076,46.57184741344958,0.3879310344827586,96.29500886337668,871.8795373752189
1077,44.59799149300626,5.578512396694214,88.15087200219119,108.7524722895942
1078,48.141207794360284,-4.419642857142833,94.68102990268983,847.199518058434
1079,42.60980697763761,2.5,97.04119213486977,469.21912653845004
1080,43.80448796297494,2.560975609756097,93.90623142880762,406.8317505553989
1081,48.922795160247304,2.0454545454545454,94.7106437475178,454.26850285025375
1082,46.1781796469964,2.6923076923076925,92.45561327710998,412.2634898799837
1083,43.406858485936986,7.620967741935484,93.36838263862985,465.44131480698616
1084,42.60980697763761,1.7857142857142856,87.245411383516,887.097451994262
1085,45.78396716177502,4.194915254237288,94.62244085068689,44.40247556072458
1086,44.993880150457116,5.624999999999999,87.78824531038467,897.7811165611553
1087,48.5322537274423,-4.459459459459481,92.15090340513034,58.60228536978468
1088,41.81031489577859,8.789062499999998,90.42528625951184,21.14877632883232
1089,48.141207794360284,-2.8125,93.5534961480628,9932.743454204316
1090,42.60980697763761,1.0714285714285714,88.38184111125145,4963.6050500276415
1091,44.59799149300626,1.115702479338843,95.29141016084769,17.800554455181967
1092,44.993880150457116,5.624999999999999,96.59791066250894,377.2254588653218
1093,45.38920300540005,1.8907563025210086,88.77828798360251,85.83537319169415
1094,48.141207794360284,-2.8125,88.04323037997263,407.61044188442264
1095,48.5322537274423,-0.40540540540536085,88.54206059120092,923.0035730516141
1096,48.141207794360284,-4.419642857142833,97.59776435566525,4902.98043884889
1097,48.141207794360284,2.0089285714285716,93.36167046542514,861.6552431435512
1098,43.80448796297494,1.829268292682927,92.57172850609831,161.65908481312448
1099,46.96497733995481,0.391304347826087,88.06997944585102,851.9712867282161
1100,49.31283855921746,2.0642201834862384,94.74794966414939,143.16505594488694
1101,42.2103698396502,2.4803149606299213,97.47907168710135,1948.262640941999
1102,43.406858485936986,-0.3629032258064626,96.96670703498982,935.5983544556995
1103,43.008633994236924,-1.079999999999984,94.4694993445322,460.22600864105436
1104,41.81031489577859,9.4921875,87.71945833066168,148.81314003654768
1105,48.5322537274423,-2.0270270270270316,88.13337711641786,134.95101752120138
1106,46.57184741344958,5.043103448275863,87.42175159033748,3.1894294045072393
1107,44.20152985105137,6.270491803278689,89.97439883302594,918.5082686431169
1108,44.59799149300626,6.322314049586777,88.41157162163141,382.37229887143434
1109,48.5322537274423,5.270270270270271,90.00732623372035,148.9605530090837
1110,43.80448796297494,6.219512195121951,91.51367759320543,397.3348095896757
1111,48.141207794360284,-4.419642857142833,98.45897307343911,919.4216896308185
1112,48.141207794360284,-4.419642857142833,94.28373407649296,52.5066303909595
1113,45.38920300540005,5.672268907563025,97.04963107003904,931.6077770081936
1114,44.993880150457116,4.124999999999999,95.53644419975971,1907.5964758421273
1115,44.993880150457116,1.8749999999999998,88.13456031062665,3932.9861064191177
1116,48.922795160247304,2.0454545454545454,95.87612265844359,180.89366468430865
1117,43.406858485936986,6.89516129032258,90.20024919333213,101.29924018799
1118,47.749650829136584,6.769911504424779,94.6241567803299,170.36897675316624
1119,48.5322537274423,1.2162162162162162,90.9807572120589,152.39380316853757
1120,43.008633994236924,0.36000000000000004,99.145332100453,80.3783357665493
1121,42.60980697763761,2.5,90.05223361491362,853.2053338530876
1122,43.406858485936986,5.443548387096773,90.25192644561828,401.3151159058561
1123,43.80448796297494,6.219512195121951,98.29816404494584,934.1268460320643
1124,44.59799149300626,1.859504132231405,87.13047647176583,2.481863540916593
1125,45.38920300540005,6.42857142857143,95.3574959939926,864.6659985021519
1126,48.922795160247304,2.0454545454545454,95.73531678276721,901.9528826134981
1127,46.1781796469964,0.38461538461538464,97.06789783459278,900.8687568531905
1128,46.96497733995481,-2.7391304347825667,98.85375596927902,1333.0887789134579
1129,47.749650829136584,5.973451327433628,98.86834683507443,891.3333022050374
1130,44.20152985105137,2.581967213114754,87.60792311525854,2884.211249009762
1131,45.78396716177502,6.483050847457627,96.89615298961726,152.28104263795507
1132,48.922795160247304,0.40909090909090906,94.70948923099851,420.50648258214545
1133,48.141207794360284,-4.419642857142833,94.72171905004663,2.0
1134,44.59799149300626,5.578512396694214,88.31475064753438,2.0
1135,49.31283855921746,-1.2385321100917395,94.75542783062001,111.44395397757945
1136,43.406858485936986,3.2661290322580645,98.95469989902689,39.632245737964595
1137,45.78396716177502,6.483050847457627,98.05122313988483,120.30813636824801
1138,45.78396716177502,5.720338983050848,92.20461929267152,80.85929687955054
1139,44.993880150457116,3.375,87.31120317889012,2.0
1140,43.80448796297494,-1.097560975609781,91.22698082620825,1946.5471574361604
1141,46.96497733995481,0.391304347826087,96.94674596487995,2.0
1142,44.59799149300626,5.578512396694214,95.42049766923006,893.5403128820008
1143,45.38920300540005,-1.1344537815126046,92.46840486666386,67.39632752737263
1144,47.749650829136584,6.769911504424779,87.49015838869374,1956.2077136927612
1145,43.406858485936986,7.620967741935484,92.04493674000946,1892.0334705010418
1146,43.80448796297494,4.024390243902438,92.594748494427,867.807621609639
1147,44.59799149300626,2.603305785123967,98.2704397362442,873.5480911714556
1148,43.406858485936986,3.2661290322580645,94.64759574886294,2.0
1149,43.406858485936986,6.169354838709678,90.64668202384892,24927.39679254134
1150,44.20152985105137,1.1065573770491803,93.3244726488956,937.9255223039363
1151,43.406858485936986,1.8145161290322582,87.61660499145214,1899.6625374724124
1152,44.59799149300626,6.322314049586777,98.8302737707341,869.4807556206355
1153,44.59799149300626,5.578512396694214,91.19885103510067,157.63462984758377
1154,44.993880150457116,6.375,92.70967923767394,1894.8493026068356
1155,44.20152985105137,6.270491803278689,91.14400453338575,134.12450104047198
1156,48.5322537274423,6.891891891891892,95.17180578691404,463.4598819771465
1157,43.406858485936986,-1.8145161290322562,94.90618898364606,39.05024356063525
1158,43.406858485936986,6.89516129032258,95.60235178422737,2837.21301885427
1159,49.702390326630685,1.25,90.11109105709642,61.24362730504166
1160,43.406858485936986,0.3629032258064516,90.69245287446982,104.72244276266353
1161,48.5322537274423,1.2162162162162162,88.27671867489263,460.155558811795
1162,47.35757623319898,-2.763157894736878,94.8184940016517,902.3111324674629
1163,44.20152985105137,4.795081967213115,87.30942177139424,856.9893010811061
1164,48.5322537274423,6.891891891891892,94.1333350810629,107.916460367187
1165,43.80448796297494,6.951219512195122,97.50112889561574,2.0
1166,43.406858485936986,1.088709677419355,97.7763481975997,900.1373069782379
1167,45.38920300540005,1.134453781512605,92.33390987888345,24943.03019331737
1168,50.48004426244293,2.1226415094339623,92.46788328049531,916.6584272627889
1169,47.749650829136584,-2.787610619469035,87.73830929051667,389.463619259666
1170,44.993880150457116,6.375,95.01795036151104,1928.263159711544
1171,42.2103698396502,9.566929133858267,96.88970626171897,186.34847381563128
1172,44.993880150457116,-1.125,89.81001763894434,436.18908710355606
1173,47.749650829136584,5.973451327433628,91.97193538897598,401.68010344161115
1174,44.993880150457116,-1.125,97.09989553993297,380.3803860454552
1175,45.38920300540005,5.672268907563025,97.59767210801026,905.7860898497422
1176,43.80448796297494,1.829268292682927,89.79111001101742,437.5136092806902
1177,48.922795160247304,5.318181818181819,93.61031621304323,145.24632943064242
1178,44.20152985105137,7.008196721311475,89.1560395749359,119.40197900895703
1179,45.38920300540005,5.672268907563025,88.01608442171239,5.530645658112569
1180,42.60980697763761,-0.3571428571428896,98.04208001636376,747.8877079921025
1181,47.35757623319898,-1.9736842105263008,96.8813472707433,106.95765253531424
1182,44.993880150457116,-1.125,96.19663026966556,65.22565061697227
1183,43.008633994236924,-0.36000000000001364,87.4153429769895,867.7853327787444
1184,48.922795160247304,4.499999999999999,97.16347403260102,876.3583963460101
1185,42.60980697763761,0.35714285714285715,92.19043903762334,898.5730463649977
1186,44.59799149300626,6.322314049586777,90.99709276800009,420.77175877270224
1187,49.31283855921746,4.541284403669724,93.56507974268771,1896.1898579271103
1188,47.35757623319898,0.39473684210526316,87.89871078637128,3872.6592272151697
1189,44.20152985105137,0.3688524590163934,96.15159541694955,915.8624142192297
1190,49.31283855921746,4.541284403669724,93.96237742634358,862.0750862721409
1191,44.993880150457116,1.8749999999999998,89.08221283181274,139.51061343672717
1192,47.35757623319898,-0.39473684210526017,89.10274984766082,19963.80613067466
1193,44.993880150457116,6.375,89.05292946634012,126.45369336154155
1194,49.702390326630685,4.583333333333333,87.51260640729625,94.71066605321491
1195,43.406858485936986,6.89516129032258,94.02163581233148,361.901662711679
1196,42.2103698396502,8.858267716535433,97.11951527396818,15.855919059540582
1197,42.2103698396502,2.4803149606299213,87.04608390072433,12919.273826103654
1198,44.20152985105137,5.532786885245901,87.41815747750024,847.3082686903508
1199,48.5322537274423,1.2162162162162162,93.85559378179879,459.30224858826926
1200,44.20152985105137,6.270491803278689,96.87009896239483,868.4010299067539
1201,50.091456801832585,4.6261682242990645,90.81863738824876,416.0410992329462
1202,50.091456801832585,3.7850467289719627,91.07938067055268,2.456953325179727
1203,47.35757623319898,6.7105263157894735,94.11750767744333,854.7849157492083
1204,45.78396716177502,6.483050847457627,90.18889246720191,887.3065932759847
1205,43.80448796297494,0.36585365853658536,87.15366977342894,189.39432528313196
1206,44.59799149300626,5.578512396694214,95.86692671826499,900.182707111918
1207,45.78396716177502,1.1440677966101693,94.46470320145916,105.65123786930205
1208,47.749650829136584,-4.380530973451357,93.94382577015743,103.12470083923441
1209,41.411188638099254,9.140625,95.95272873852612,72.40888331770603
1210,46.1781796469964,5.769230769230768,95.07644246141959,169.64250686078242
1211,45.78396716177502,1.9067796610169492,89.32348752809875,928.2749195417456
1212,48.5322537274423,7.702702702702703,91.11205575852372,922.2942947397908
1213,43.80448796297494,4.024390243902438,88.28629667616276,174.42196469977262
1214,44.59799149300626,6.322314049586777,88.33470781133886,847.5228135926724
1215,48.141207794360284,-4.419642857142833,95.08908059757638,888.7602439474763
1216,48.922795160247304,0.40909090909090906,97.3568484603615,111.9206681427977
1217,44.59799149300626,5.578512396694214,98.70683525036017,76.04514947194698
1218,44.59799149300626,1.859504132231405,94.49666047855601,9899.01876614617
1219,47.749650829136584,7.566371681415929,89.05108690103772,856.4275622105389
1220,42.60980697763761,2.5,88.05814259553291,19904.47156742324
1221,48.5322537274423,4.459459459459459,96.7962302154788,154.53160113981528
1222,46.1781796469964,6.538461538461539,93.92173360929075,883.1914864837231
1223,42.60980697763761,1.0714285714285714,94.37744178590859,103.71037776351844
1224,46.1781796469964,2.6923076923076925,96.44728254206615,120.7445338457282
1225,44.59799149300626,0.371900826446281,95.44378712622122,426.7815727407965
1226,46.57184741344958,5.818965517241379,97.0429275021121,146.52665540975562
1227,47.749650829136584,-4.380530973451357,87.50329486857055,75.76420169222568
1228,41.81031489577859,8.789062499999998,96.03030221145329,121.48621759287194
1229,46.1781796469964,0.38461538461538464,97.25610825140517,4.449665872652106
1230,43.008633994236924,1.08,90.34171163918737,883.6273279459456
1231,48.141207794360284,-2.8125,94.64002670714846,412.4988404420481
1232,48.141207794360284,6.830357142857143,90.67528218718802,36.08248699163499
1233,49.702390326630685,1.25,98.64707767937325,77.96649504501424
1234,44.59799149300626,1.859504132231405,87.23415360250235,40.56635932843607
1235,46.96497733995481,5.869565217391305,93.93318414044963,854.8730657218237
1236,43.406858485936986,6.169354838709678,88.81998899952698,36.06480193526748
1237,45.78396716177502,4.957627118644068,95.56112146369094,899.2391952081933
1238,42.2103698396502,2.4803149606299213,88.94429015783616,2.0
1239,48.141207794360284,2.0089285714285716,89.69244621360362,115.52597234198885
1240,43.406858485936986,6.89516129032258,92.92350477213888,1885.0021789787993
1241,43.80448796297494,1.0975609756097562,98.09073094325333,888.0447603366528
1242,43.80448796297494,0.36585365853658536,89.39643043704645,24.577510278613676
1243,43.406858485936986,3.2661290322580645,88.52517065665577,920.1694610450185
1244,44.20152985105137,7.008196721311475,96.18256738069071,413.1618616279784
1245,44.993880150457116,6.375,93.00446576348692,928.2032119940599
1246,48.5322537274423,1.2162162162162162,98.05078492632875,851.1616182143181
1247,49.702390326630685,2.083333333333333,88.55661476766811,876.5537138719615
1248,43.008633994236924,6.84,94.70496270068719,125871.4750492369
1249,44.993880150457116,6.375,89.6611284046519,108.0054489286472
1250,43.80448796297494,4.024390243902438,88.69096855463837,858.4278684412219
1251,45.78396716177502,5.720338983050848,95.18382539805675,389.5464708076043
1252,48.922795160247304,-1.227272727272748,94.08667044618458,6.4524808006740795
1253,48.5322537274423,0.40540540540540543,96.12741773885826,2.0
1254,44.59799149300626,5.578512396694214,90.62171573722706,49.59418279075091
1255,46.1781796469964,5.769230769230768,92.3199969058043,866.3016900864712
1256,48.141207794360284,4.419642857142857,91.77076657545601,466.6733632902826
1257,45.78396716177502,6.483050847457627,98.9748664634077,456.7594040189029
1258,49.31283855921746,3.7155963302752295,90.42008031067107,2.3451443348229004
1259,44.993880150457116,1.8749999999999998,90.45300076200768,396.0301134071138
1260,47.749650829136584,6.769911504424779,91.13561801425075,2858.6246796674577
1261,43.80448796297494,4.024390243902438,93.76525731081412,180.93950960629718
1262,47.35757623319898,3.5526315789473686,89.90830273492416,858.7337559183596
1263,45.78396716177502,2.669491525423729,98.09669029447441,907.2351898576821
1264,50.48004426244293,2.9716981132075473,90.07958850206948,908.5210584056305
1265,49.31283855921746,6.192660550458715,97.84162193567836,432.1075758453724
1266,46.57184741344958,4.267241379310344,88.033885295306,931.7004477523991
1267,45.78396716177502,5.720338983050848,94.83193185552592,178.1971279372568
1268,44.993880150457116,4.875000000000001,97.9879210348384,1878.485381475013
1269,47.749650829136584,-1.991150442477874,88.8497295701687,111.48832882407343
1270,44.59799149300626,6.322314049586777,98.77704529236762,129.13714032030416
1271,43.406858485936986,5.443548387096773,92.38409609947789,13.844241778000123
1272,43.80448796297494,1.829268292682927,98.49326404719966,912.1709847912939
1273,49.702390326630685,3.7499999999999996,95.09725748848034,189.52945252039495
1274,45.78396716177502,5.720338983050848,90.53194559700778,106.58480868980844
1275,48.922795160247304,5.318181818181819,89.10362937152249,107.76480075854796
1276,47.749650829136584,1.1946902654867255,90.55643128480173,1920.445753977972
1277,41.81031489577859,8.789062499999998,87.91726846810404,924.1744487222911
1278,48.5322537274423,2.8378378378378377,88.5202438282417,456.83254793491494
1279,45.78396716177502,-1.144067796610159,88.04710383023806,855.9746270057187
1280,44.993880150457116,6.375,91.99337261644307,399.655809622485
1281,44.59799149300626,-1.115702479338836,96.60421216952552,178.32443195808236
1282,45.38920300540005,6.42857142857143,88.48734471475247,1966.9308694187835
1283,50.48004426244293,2.9716981132075473,88.34084451423502,53.0465981929308
1284,47.35757623319898,6.7105263157894735,94.67535447970734,195.7364151223484
1285,45.38920300540005,2.6470588235294117,89.21469311037316,157.535319451348
1286,48.922795160247304,2.0454545454545454,87.96848241961861,416.8547103909704
1287,46.96497733995481,1.1739130434782608,88.82455797543776,387.6049631574607
1288,49.702390326630685,2.083333333333333,98.20725438565785,431.82564504624975
1289,49.31283855921746,-0.41284403669726544,96.89206118542918,60.78316260203716
1290,46.57184741344958,5.818965517241379,91.13010523754387,427.676256639645
1291,48.5322537274423,2.0270270270270268,94.82221417390032,112.45558833865906
1292,45.38920300540005,-0.3781512605041826,93.46342394972093,84.80053999437332
1293,44.59799149300626,6.322314049586777,95.1012420846822,20.17873396261179
1294,43.80448796297494,4.024390243902438,95.17389386128306,901.8600983327923
1295,48.141207794360284,4.419642857142857,94.50124455457161,237.6188832439875
1296,48.5322537274423,-3.6486486486486456,90.08491830876937,859.2727060078473
1297,48.922795160247304,5.318181818181819,87.30008396277717,890.8822812002331
1298,44.993880150457116,-0.375,92.41911554650709,875.7657836993287
1299,44.20152985105137,0.3688524590163934,97.77820462583966,396.8947255767953
1300,49.702390326630685,2.083333333333333,93.81943112955575,176.6614604556312
1301,42.60980697763761,0.35714285714285715,97.0160471762254,171.3924821351858
1302,49.31283855921746,0.4128440366972477,99.06943003014379,863.4701440864849
1303,45.38920300540005,5.672268907563025,88.78175419094299,414.4318171616813
1304,44.20152985105137,1.1065573770491803,95.29316836600091,928.9388050822228
1305,43.406858485936986,6.89516129032258,95.0641664117344,936.9452560547969
1306,44.20152985105137,1.8442622950819674,98.92298409665764,77.35345725571369
1307,43.80448796297494,4.75609756097561,98.99383306928215,58.79020761695741
1308,47.35757623319898,-1.9736842105263008,95.22638256910355,860.4491819505716
1309,43.80448796297494,6.219512195121951,89.79668346447394,138.40938192122923
1310,49.31283855921746,-0.41284403669726544,96.63731237256482,2.0
1311,43.008633994236924,1.08,88.0735179335309,1878.318469506133
1312,45.38920300540005,6.42857142857143,96.4388027274952,105.60686913509419
1313,43.80448796297494,6.951219512195122,98.02997275236356,2896.0168579573
1314,45.78396716177502,1.9067796610169492,91.48566023016585,887.7013069002821
1315,44.59799149300626,1.115702479338843,94.52377148084214,901.8603898981611
1316,45.38920300540005,4.159663865546218,92.08732415862606,94.06420199408039
1317,44.20152985105137,3.319672131147541,92.18679773193945,108.82584503530362
1318,48.922795160247304,0.40909090909090906,90.63206901210762,433.54243623841995
1319,49.31283855921746,2.8899082568807337,96.22447133612083,78.18597625951574
1320,47.749650829136584,2.7876106194690267,98.3702581143378,140.26562931854755
1321,48.5322537274423,6.891891891891892,98.43017109701515,147.34064007305813
1322,43.406858485936986,6.89516129032258,88.9296045633838,71.44247780772209
1323,48.141207794360284,-4.419642857142833,97.56676590743287,96.02189790585642
1324,42.2103698396502,8.858267716535433,95.89620594141282,909.9697377455802
1325,47.35757623319898,-2.763157894736878,89.91489964462302,75.53398609347376
1326,48.141207794360284,1.2053571428571428,87.63031338676595,2.0
1327,43.80448796297494,3.292682926829268,90.10922009448265,860.1216613709304
1328,44.59799149300626,2.603305785123967,98.05632690480985,9931.925949899165
1329,45.78396716177502,-1.144067796610159,94.55390619750088,151.64428526006768
1330,45.38920300540005,6.42857142857143,95.67854089333659,49.284382943546326
1331,44.20152985105137,1.8442622950819674,89.97020904483603,469.0008760540647
1332,48.141207794360284,-3.616071428571388,95.6563912430672,1936.8058298782382
1333,41.411188638099254,9.140625,87.17153912482436,908.563799794922
1334,42.2103698396502,8.858267716535433,91.39105354242494,857.9801957067666
1335,44.59799149300626,1.859504132231405,94.47777703247343,144.51343066774336
1336,48.141207794360284,3.6160714285714284,88.5497554125478,448.4221310654053
1337,44.59799149300626,5.578512396694214,96.90909588161888,34.461103109514106
1338,49.31283855921746,6.192660550458715,89.68804437526433,875.6495399066874
1339,49.702390326630685,1.25,94.78023752591083,890.1003135974571
1340,47.749650829136584,5.176991150442479,91.76730909943878,7950.306973728516
1341,45.78396716177502,3.4322033898305087,94.11391880482692,120.39022136623353
1342,43.406858485936986,6.169354838709678,88.07821731228375,2.0
1343,44.20152985105137,3.319672131147541,87.03917048341401,451.11351014784486
1344,44.20152985105137,4.795081967213115,98.02169894476255,884.3684514288307
1345,46.1781796469964,5.000000000000001,90.13014871833126,910.5507778253283
1346,47.35757623319898,-0.39473684210526017,96.87211465321654,89.88798493814934
1347,46.96497733995481,6.6521739130434785,99.1663916534428,120.98846092437202
1348,41.81031489577859,8.789062499999998,89.39288966028961,427.27880661985483
1349,49.702390326630685,3.7499999999999996,90.07298944846437,151.37374239883204
1350,43.406858485936986,6.169354838709678,94.91440951667333,932.5018968068517
1351,44.993880150457116,1.8749999999999998,98.74092198825494,399.2476464941463
1352,46.1781796469964,-1.9230769230769056,98.10355885797058,913.422473791824
1353,44.20152985105137,2.581967213114754,93.03369526418004,709.2057898980194
1354,45.78396716177502,6.483050847457627,96.59900840934529,905.1283367824666
1355,43.406858485936986,6.89516129032258,88.41268907818024,152.28827473192615
1356,43.008633994236924,1.8,98.89139216499586,923.3916500546005
1357,46.1781796469964,4.230769230769231,98.72717458972747,126.64618264264102
1358,47.749650829136584,-4.380530973451357,88.78324729994763,451.46747940362656
1359,44.993880150457116,3.375,90.50728245134823,99.91639672821933
1360,43.008633994236924,5.3999999999999995,87.99686211925594,400.5227522709715
1361,48.141207794360284,6.830357142857143,90.15690762557914,145.88984030402165
1362,44.993880150457116,6.375,96.83074622493913,123.17333683554673
1363,44.993880150457116,7.125,91.42876324755646,9855.750862879937
1364,44.20152985105137,4.057377049180328,87.86574436144993,71.68267781837973
1365,48.5322537274423,2.0270270270270268,90.99515962301713,909.5858485572526
1366,44.20152985105137,1.8442622950819674,98.94090423534163,24894.49629424951
1367,43.008633994236924,3.24,94.51249546132964,2.0
1368,48.141207794360284,0.4017857142857143,91.90538716124426,881.9376558391294
1369,48.141207794360284,-0.4017857142857224,88.82045203266087,117.08655479972464
1370,42.2103698396502,2.4803149606299213,99.00106272794999,7.012660622015527
1371,48.141207794360284,0.4017857142857143,96.88514375457679,183.27759548921262
1372,43.406858485936986,3.991935483870967,90.28200833297223,3866.1118798053303
1373,45.78396716177502,6.483050847457627,87.66135963201816,2.0
1374,47.749650829136584,2.7876106194690267,87.50815625072697,847.1367201810543
1375,43.406858485936986,6.89516129032258,88.22237730034166,419.1977586563904
1376,45.78396716177502,0.3813559322033898,93.9439648133887,936.532617428956
1377,45.38920300540005,2.6470588235294117,98.27316260580379,30.544156039036746
1378,46.96497733995481,4.304347826086956,92.95424536886748,876.45758469802
1379,44.993880150457116,4.124999999999999,97.15328850566205,876.0140999396182
1380,48.5322537274423,7.702702702702703,92.29278656109338,872.5604622652502
1381,46.57184741344958,3.4913793103448274,95.5132879642325,3907.5321101105783
1382,42.2103698396502,2.4803149606299213,95.82232477766095,920.7836265202384
1383,47.749650829136584,5.973451327433628,88.91877800885175,7.815667718321014
1384,44.59799149300626,1.859504132231405,91.21341166810647,397.3149547885057
1385,47.35757623319898,6.7105263157894735,94.60276242629968,181.09891546781873
1386,43.80448796297494,1.0975609756097562,87.66836169543774,142.34677591536996
1387,48.5322537274423,1.2162162162162162,91.21749374357908,383.0606202652084
1388,42.2103698396502,2.4803149606299213,93.4360650344917,175.02658896382735
1389,45.78396716177502,1.9067796610169492,99.12716242368506,260.3965562149113
1390,48.141207794360284,-0.4017857142857224,92.6664852598414,15871.85413925398
1391,49.31283855921746,6.192660550458715,96.83186867469122,33.04865468006888
1392,48.5322537274423,-3.6486486486486456,92.1124401454015,2839.4225893337502
1393,45.38920300540005,3.403361344537815,96.6132429583891,403.9229458964875
1394,47.35757623319898,-2.763157894736878,94.1064686694228,858.3642015443585
1395,43.406858485936986,0.3629032258064516,97.72087693112377,923.0053652432562
1396,46.1781796469964,5.769230769230768,91.83966674631215,164.55310437999782
1397,47.749650829136584,2.7876106194690267,94.21179549235073,251.4940806452435
1398,44.993880150457116,6.375,94.51646565167296,186.20318817663946
1399,44.20152985105137,0.3688524590163934,91.92080511271213,170.8501263279266
1400,48.5322537274423,-4.459459459459481,88.52612439482908,2865.9019147543613
1401,48.5322537274423,-3.6486486486486456,87.92331246649354,922.6129995645509
1402,49.702390326630685,2.9166666666666665,87.0363214619502,44.062754331490964
1403,44.20152985105137,4.057377049180328,97.55104004705625,43.58868528050397
1404,44.59799149300626,3.3471074380165287,89.7060989758004,239.6098149652869
1405,45.78396716177502,4.957627118644068,89.39383379459223,38.46966319675493
1406,43.406858485936986,2.5403225806451615,95.8776510532241,856.9084496009027
1407,43.80448796297494,4.75609756097561,90.74200874907987,62.82333014348723
1408,44.993880150457116,2.625,93.07475635861402,434.34048197925216
1409,43.406858485936986,6.169354838709678,88.76711970749697,2.0
1410,48.141207794360284,6.0267857142857135,98.66934979611285,145.19302732512006
1411,48.922795160247304,6.954545454545455,97.26558292604626,875.1001042690339
1412,47.749650829136584,6.769911504424779,97.42432868874616,406.66769761939076
1413,49.31283855921746,2.0642201834862384,91.78716486333339,12884.356187717929
1414,45.38920300540005,4.915966386554622,96.22754945988856,936.7579500569279
1415,42.60980697763761,0.35714285714285715,88.52035226933552,163.93865010898327
1416,49.702390326630685,3.7499999999999996,86.94122531027963,9.715873068533961
1417,48.922795160247304,-0.40909090909093493,87.07530896268086,927.8410151249765
1418,45.78396716177502,1.9067796610169492,94.00841368019655,1952.9209781799775
1419,43.008633994236924,-0.36000000000001364,92.4168725040702,920.0133035607276
1420,47.35757623319898,5.131578947368422,93.22985308518633,54.31053232777528
1421,45.38920300540005,1.134453781512605,86.92757521535873,158478.73135577477
1422,49.702390326630685,4.583333333333333,91.99001968098187,119.59001320905114
1423,48.5322537274423,3.648648648648649,95.63884709644113,889.8212885374869
1424,41.81031489577859,8.789062499999998,92.25111803608077,1942.3557517904412
1425,42.60980697763761,-0.3571428571428896,95.82692972409751,109.4846267811462
1426,50.48004426244293,2.1226415094339623,89.66287704629978,1943.0943862896336
1427,42.60980697763761,2.5,96.79946560521019,142.053002185973
1428,44.59799149300626,0.371900826446281,94.02862734206194,9935.567066117572
1429,43.406858485936986,6.169354838709678,89.38453331236822,129.59772761126766
1430,45.78396716177502,2.669491525423729,89.70917012552461,4929.815406198789
1431,45.38920300540005,2.6470588235294117,94.4929086804935,14.073547458434106
1432,45.78396716177502,6.483050847457627,96.98620304174867,885.1454663364763
1433,44.59799149300626,4.09090909090909,91.89867249314767,441.37005617697537
1434,48.5322537274423,2.0270270270270268,89.98492520619075,402.21957144077123
1435,49.702390326630685,1.25,97.46622473709316,104.10346857632233
1436,47.35757623319898,2.763157894736842,94.9983465147016,883.9943598110169
1437,44.59799149300626,-0.37190082644627864,92.32148243280521,88.30379789409713
1438,48.141207794360284,5.2232142857142865,92.83966882508263,456.335108049517
1439,44.59799149300626,4.834710743801653,89.30315790377766,117.23376672648386
1440,42.2103698396502,2.4803149606299213,94.47836093451261,4950.583203294173
1441,48.922795160247304,2.0454545454545454,91.18342617591101,2.0
1442,44.59799149300626,4.834710743801653,99.11989193901218,93.12691147154518
1443,45.78396716177502,0.3813559322033898,92.73968835942992,112.40783214880943
1444,43.406858485936986,6.169354838709678,92.81356698402774,188.21099177014867
1445,48.5322537274423,-0.40540540540536085,93.77915335010096,108.17964364318176
1446,44.59799149300626,6.322314049586777,98.1158924207494,411.9447492532904
1447,43.406858485936986,1.8145161290322582,96.66246175339877,936.2449705431451
1448,42.60980697763761,1.7857142857142856,92.36121513716711,886.0195185725622
1449,44.59799149300626,5.578512396694214,95.64723515844629,699.3260911309327
1450,45.78396716177502,-1.144067796610159,94.00436721320216,33.24885364284904
1451,44.993880150457116,6.375,92.89754320682721,880.3609900766048
1452,43.406858485936986,6.89516129032258,89.15382119278944,75.11132757333321
1453,44.993880150457116,0.375,92.52833976069408,909.2857361584232
1454,49.702390326630685,1.25,89.82493189610008,115.82651118848497
1455,43.008633994236924,-0.36000000000001364,98.0908252451661,189.52658032510027
1456,44.59799149300626,6.322314049586777,90.91743749582702,160.1428801687755
1457,44.59799149300626,4.834710743801653,98.57545354470143,931.970349429484
1458,48.141207794360284,6.830357142857143,93.41679412500154,53.55047391995624
1459,44.59799149300626,2.603305785123967,94.53454257303066,465.5774009748106
1460,46.57184741344958,4.267241379310344,93.526012400719,61.941857904845705
1461,44.59799149300626,1.859504132231405,88.32839926826624,883.7438766011492
1462,48.922795160247304,5.318181818181819,91.39734894213221,1932.5919254634516
1463,44.59799149300626,2.603305785123967,87.98561170017395,270.9834423267213
1464,41.411188638099254,9.140625,94.43276175190685,409.59370857742306
1465,49.702390326630685,-2.0833333333333144,92.3056747120481,2881.102681187744
1466,42.2103698396502,8.858267716535433,96.40862771131331,433.3429337263536
1467,46.57184741344958,-0.38793103448279,89.50593901090018,409.23722816127315
1468,43.406858485936986,6.89516129032258,88.79433236337272,674.8006534683068
1469,43.80448796297494,2.560975609756097,91.78160439394347,878.8697858796747
1470,45.38920300540005,-0.3781512605041826,98.24463520425803,42.918128772167115
1471,44.20152985105137,4.057377049180328,95.53736515902887,920.1645836214578
1472,43.406858485936986,7.620967741935484,91.94091148248775,275.16172722582314
1473,46.57184741344958,-1.1637931034482563,93.22022415179353,24.24232161395878
1474,47.35757623319898,6.7105263157894735,87.81908765886419,909.227897247177
1475,44.59799149300626,4.09090909090909,98.98097124407637,171.82943512935412
1476,43.80448796297494,5.48780487804878,94.96087401557884,39.39446312215508
1477,44.20152985105137,-1.106557377049171,90.33234195256186,861.5069441354397
1478,43.80448796297494,4.024390243902438,93.99964825562853,938.6453118157042
1479,46.1781796469964,-1.9230769230769056,88.10087474846884,1544.6044594465704
1480,43.80448796297494,6.951219512195122,98.74579186057163,4969.987800628318
1481,48.922795160247304,-0.40909090909093493,88.9296535994086,934.7544891995066
1482,45.38920300540005,6.42857142857143,94.72987285363942,2.0
1483,50.48004426244293,2.1226415094339623,89.82026451760473,173.28196772242174
1484,47.35757623319898,6.7105263157894735,95.63211146377151,919.3605022583486
1485,46.96497733995481,5.869565217391305,96.39569201599804,167.1084469786295
1486,46.57184741344958,5.043103448275863,95.05272100934917,851.4148500997139
1487,44.59799149300626,6.322314049586777,94.33258934358041,852.9079546251464
1488,46.57184741344958,1.9396551724137931,97.79778850603124,166.56661422219224
1489,45.78396716177502,1.1440677966101693,87.75679294345959,1930.5967240470252
1490,48.141207794360284,-0.4017857142857224,90.86623551799407,420.52014678622464
1491,46.96497733995481,-2.7391304347825667,89.8565783708217,392.768088654024
1492,48.141207794360284,-3.616071428571388,99.02411934963746,158464.35507283785
1493,49.31283855921746,6.192660550458715,91.56823129155985,413.4977109405199
1494,44.993880150457116,5.624999999999999,95.83215966883398,81.5920324201276
1495,44.59799149300626,4.09090909090909,95.20079679358021,427.6242244987488
1496,44.993880150457116,6.375,89.40101865079545,917.9433601062625
1497,45.78396716177502,3.4322033898305087,89.73765005945639,906.3088653265215
1498,46.96497733995481,-0.39130434782612156,90.27953778944216,909.9791073312359
1499,43.406858485936986,5.443548387096773,91.84199318300426,884.7546185965738
1500,45.38920300540005,3.403361344537815,89.67921184615525,117.66295391112916
1501,45.78396716177502,5.720338983050848,87.07151281742713,932.9943124755316
1502,49.702390326630685,0.4166666666666667,97.62722300158873,1894.1717413861954
1503,47.35757623319898,-1.9736842105263008,98.74294502571829,90.11174052669254
1504,46.96497733995481,-0.39130434782612156,90.98769212700277,55.665565513995304
1505,46.57184741344958,5.818965517241379,90.95277316388172,9928.724644514388
1506,44.993880150457116,1.8749999999999998,86.92319004065261,934.9481564691073
1507,45.38920300540005,4.915966386554622,95.14219122219215,1893.487131740793
1508,44.993880150457116,5.624999999999999,96.93618026865536,1353.204411176424
1509,44.20152985105137,-0.3688524590164093,88.55653191379466,448.2825561004197
1510,43.80448796297494,6.219512195121951,88.72944937445558,865.459390273977
1511,44.20152985105137,1.8442622950819674,96.54312329465301,450.93620752785637
1512,42.60980697763761,2.5,94.353813054221,12.809037768558715
1513,50.091456801832585,2.9439252336448596,87.36921809108807,896.4902182451203
1514,48.141207794360284,2.8125,94.42793885915339,422.03875719371877
1515,50.48004426244293,2.1226415094339623,90.6155052996191,865.868746806222
1516,44.59799149300626,1.115702479338843,91.30798117208003,420.0952911925792
1517,43.008633994236924,1.8,96.31687362651942,412.27842536122307
1518,47.749650829136584,1.9911504424778759,96.77493265665649,78.0179321821484
1519,43.008633994236924,-1.079999999999984,91.70634768119291,128.47394380062153
1520,49.31283855921746,2.8899082568807337,98.51130894254894,71.02216029036599
1521,43.008633994236924,-0.36000000000001364,91.78324774607873,90.93026647172174
1522,46.96497733995481,1.1739130434782608,96.34027048289609,9906.480312148764
1523,48.922795160247304,3.681818181818182,92.7875460876786,67.91848363927913
1524,45.78396716177502,6.483050847457627,97.86410547088713,124.30625125663403
1525,47.749650829136584,5.176991150442479,97.99808129133575,847.9833917850691
1526,47.749650829136584,-2.787610619469035,87.85481427515279,854.1171161804249
1527,47.35757623319898,1.9736842105263157,98.37440705184895,68.38392538315483
1528,43.80448796297494,4.75609756097561,96.93723577312792,911.5871964752242
1529,45.38920300540005,5.672268907563025,96.55676891654542,908.9210997561679
1530,47.35757623319898,3.5526315789473686,89.26132194326964,110.20426968686884
1531,44.993880150457116,5.624999999999999,96.71027683341919,132.86640884069655
1532,44.20152985105137,1.8442622950819674,97.24674566496077,3882.2340394646676
1533,47.749650829136584,7.566371681415929,90.38036190757282,921.5927081738258
1534,46.1781796469964,1.1538461538461537,98.57540414531839,881.5523962940082
1535,48.922795160247304,-0.40909090909093493,87.42826047762664,29.587788199330607
1536,48.141207794360284,1.2053571428571428,88.60024383359925,194.88569978046516
1537,44.59799149300626,5.578512396694214,93.46679893931892,460.9985082404583
1538,48.141207794360284,1.2053571428571428,93.88898515354035,86.46611321798086
1539,45.38920300540005,4.159663865546218,94.6957469812919,380.81546998101794
1540,44.20152985105137,1.1065573770491803,87.03983570249457,851.2512034145301
1541,48.922795160247304,5.318181818181819,98.67714408212576,149.95080814960477
1542,45.38920300540005,-0.3781512605041826,87.36600043093642,907.5878102843933
1543,47.749650829136584,5.176991150442479,88.50957042455485,926.2200698742936
1544,42.60980697763761,-0.3571428571428896,87.00494336648127,148.28819115083076
1545,45.78396716177502,5.720338983050848,93.79027549582135,925.6588212216155
1546,43.80448796297494,4.75609756097561,98.31905009182402,41.12986851530602
1547,45.38920300540005,6.42857142857143,94.95484723409066,925.3682263667023
1548,49.702390326630685,4.583333333333333,96.90524824955737,67.72217242231997
1549,44.993880150457116,-1.125,86.99628333170533,29.963053064261775
1550,42.60980697763761,2.5,93.51579072405903,864.0107831530162
1551,44.993880150457116,4.875000000000001,92.47126708262617,397.93181217442316
1552,43.80448796297494,6.951219512195122,92.98306711170333,1941.8793213349581
1553,43.406858485936986,-0.3629032258064626,87.68527355817896,165.75626817464683
1554,48.141207794360284,-3.616071428571388,95.19700102820454,132.19820427594885
1555,48.141207794360284,6.830357142857143,93.0381638623249,418.7201826880988
1556,44.993880150457116,5.624999999999999,96.2646001461584,386.3880980230197
1557,46.1781796469964,0.38461538461538464,92.80585828154645,157.4762410311966
1558,43.406858485936986,2.5403225806451615,88.59325701685717,880.28245600541
1559,43.008633994236924,1.8,94.73255810419593,900.8923239063473
1560,46.96497733995481,1.9565217391304348,88.89789048698536,930.1448642793893
1561,48.141207794360284,-0.4017857142857224,97.53622030728984,9905.45786309606
1562,43.80448796297494,1.829268292682927,94.31620053029027,123.15248864106789
1563,47.749650829136584,-4.380530973451357,88.69684087875837,887.2814199873071
1564,43.80448796297494,6.951219512195122,98.70188390055296,179.46824698862264
1565,46.1781796469964,4.230769230769231,93.23438931104309,875.0660516955056
1566,44.59799149300626,4.09090909090909,87.6929151961923,400.85132950127445
1567,48.922795160247304,2.8636363636363633,94.47871963395875,125885.52322284314
1568,44.993880150457116,6.375,89.91953346330718,891.2920931253108
1569,45.78396716177502,1.9067796610169492,96.69442680942622,4920.84025375869
1570,44.993880150457116,2.625,96.85149355503479,924.5041503897207
1571,48.5322537274423,-3.6486486486486456,98.91033243652545,1925.4026131552625
1572,44.20152985105137,4.057377049180328,93.02066125829384,918.06937977986
1573,43.406858485936986,5.443548387096773,92.41115614118208,388.707458705683
1574,48.141207794360284,7.633928571428571,96.10945015790453,116.59077565781992
1575,48.922795160247304,2.8636363636363633,88.3693182265129,168.9034474816236
1576,50.091456801832585,4.6261682242990645,93.56993181744095,2.0
1577,44.59799149300626,0.371900826446281,93.56255222824997,435.50985803204225
1578,44.993880150457116,5.624999999999999,87.87774493581016,421.84079380882076
1579,45.38920300540005,6.42857142857143,91.92865021628583,436.41747594432155
1580,48.141207794360284,-2.008928571428555,97.2877325298955,9915.401827608956
1581,46.57184741344958,3.4913793103448274,97.3250363672346,1953.6464526787086
1582,44.993880150457116,4.124999999999999,87.98663263452947,72.568841347623
1583,45.78396716177502,7.245762711864407,87.89165912724091,168.26895474793673
1584,41.81031489577859,8.789062499999998,90.04126130237806,221.38883050684703
1585,48.5322537274423,2.0270270270270268,97.56705734644996,164.58394899009505
1586,44.59799149300626,6.322314049586777,88.32206906832272,913.0834625399181
1587,46.57184741344958,-1.1637931034482563,95.66448081779983,435.54198342984193
1588,46.1781796469964,5.769230769230768,88.00813190684066,470.23708961559464
1589,44.20152985105137,1.8442622950819674,94.43493958193375,930.1541295507704
1590,44.59799149300626,6.322314049586777,91.1529331525345,915.4106458380619
1591,41.81031489577859,8.789062499999998,96.53012442549993,56.615115864629274
1592,48.5322537274423,1.2162162162162162,89.67127498919669,886.599158620442
1593,48.922795160247304,4.499999999999999,94.62527031151639,274.84092685835367
1594,44.20152985105137,2.581967213114754,89.6961890775476,135.5067637190855
1595,44.993880150457116,1.125,95.58026165015154,12.166844750501578
1596,47.749650829136584,-4.380530973451357,97.55290951884513,408.98538029930114
1597,49.31283855921746,-0.41284403669726544,88.29425001425857,162.3347807873921
1598,48.922795160247304,1.2272727272727273,97.46081647493793,116.4692248636182
1599,43.008633994236924,1.08,94.08546209776145,880.5737945344707
1600,48.141207794360284,2.8125,88.29833777590078,903.9996083434402
1601,47.35757623319898,6.7105263157894735,92.05338194619583,113.50187297786482
1602,48.141207794360284,-3.616071428571388,88.74525983625837,11.857850882987776
1603,46.96497733995481,1.9565217391304348,95.40541937203825,928.8199603747128
1604,49.31283855921746,4.541284403669724,96.18112267471764,2.0
1605,45.38920300540005,3.403361344537815,88.05977264023994,3877.139238738037
1606,49.31283855921746,4.541284403669724,93.07598929419841,859.578372935478
1607,43.80448796297494,4.024390243902438,96.81595256938442,147.51018365156392
1608,48.141207794360284,-2.008928571428555,98.37008099847259,114.24702557536685
1609,45.38920300540005,5.672268907563025,93.17158186488413,2.0
1610,43.406858485936986,7.620967741935484,98.55054419858742,109.38943114148618
1611,44.59799149300626,1.859504132231405,93.44589291459766,59.59848627917228
1612,45.38920300540005,4.915966386554622,91.6286914588031,854.7394917075563
1613,47.35757623319898,6.7105263157894735,97.22165464242065,75.18233446599974
1614,47.35757623319898,-3.5526315789473415,92.90551997261178,438.8569777548972
1615,44.59799149300626,4.09090909090909,92.63230164701048,847.8352112981315
1616,41.81031489577859,9.4921875,92.87092349547417,137.00413660061437
1617,44.59799149300626,3.3471074380165287,97.20321448099135,4.080071397503647
1618,45.38920300540005,6.42857142857143,97.01020224508035,5.263804536036936
1619,44.20152985105137,3.319672131147541,91.74618708343162,2.0
1620,45.78396716177502,4.194915254237288,90.89342167950866,894.4929941808856
1621,49.31283855921746,2.8899082568807337,92.89185502356023,145.81679662752686
1622,45.38920300540005,-1.1344537815126046,93.85561845413862,912.3959159121869
1623,42.60980697763761,8.928571428571429,89.72938987409366,257.59787017954324
1624,48.5322537274423,-1.2162162162161962,96.58616616862824,384.25993425681685
1625,44.59799149300626,6.322314049586777,92.8213040275522,427.48936260835194
1626,48.141207794360284,4.419642857142857,90.9019213061803,886.3226317682545
1627,45.38920300540005,5.672268907563025,88.07119688036262,126.17419277098229
1628,48.922795160247304,2.8636363636363633,89.73574256527878,50.869762279776715
1629,45.78396716177502,1.1440677966101693,98.53801853715309,458.65634172181166
1630,44.20152985105137,6.270491803278689,90.57198594981888,149.77468878807014
1631,46.96497733995481,0.391304347826087,88.8511842400483,367.3156119897775
1632,44.59799149300626,3.3471074380165287,92.48575048627306,865.6300329787605
1633,43.80448796297494,4.024390243902438,90.59464653433642,413.9491581835262
1634,43.008633994236924,-1.079999999999984,87.25465100066167,857.2797253767349
1635,48.141207794360284,-2.008928571428555,90.77767540571422,450.09676927231715
1636,46.57184741344958,6.594827586206897,93.5389192851418,894.7033198359699
1637,48.5322537274423,5.270270270270271,93.62293094759941,884.1010805889159
1638,41.81031489577859,8.789062499999998,91.15853683782312,442.8706701300632
1639,43.008633994236924,-1.079999999999984,92.3112675608226,875.6362624560903
1640,45.38920300540005,5.672268907563025,98.74179150554458,936.587550922952
1641,43.406858485936986,2.5403225806451615,91.4165832205337,260.10502640357805
1642,45.38920300540005,3.403361344537815,89.98398159175989,187.6351533761399
1643,44.993880150457116,6.375,89.79478961917046,902.3589213711335
1644,48.922795160247304,2.0454545454545454,92.44779788885596,738.2551610164721
1645,44.20152985105137,6.270491803278689,96.18978864685322,23.516739379040807
1646,48.5322537274423,0.40540540540540543,89.32481567212004,1889.775005137598
1647,43.406858485936986,0.3629032258064516,95.52262117838224,2.0
1648,43.80448796297494,2.560975609756097,87.0892073937348,897.3961654539737
1649,44.20152985105137,1.1065573770491803,91.94103354440334,900.6519427795963
1650,49.702390326630685,2.9166666666666665,96.38506088352415,4926.729634634188
1651,47.35757623319898,1.1842105263157894,90.95535006353626,14.39247725473704
1652,47.749650829136584,6.769911504424779,93.75578878283261,849.9457919153843
1653,46.96497733995481,4.304347826086956,89.31219718750808,239.475046989006
1654,48.922795160247304,2.0454545454545454,95.95686574746486,151.38792919226998
1655,42.60980697763761,0.35714285714285715,87.45682702440553,33.9601877206122
1656,45.38920300540005,6.42857142857143,97.27808216928742,463.4184289734986
1657,47.35757623319898,1.1842105263157894,89.22736728772001,403.0595861405533
1658,46.57184741344958,5.818965517241379,97.56227177384518,41.65869418785257
1659,45.78396716177502,1.1440677966101693,91.11260509516555,854.8407198339945
1660,44.993880150457116,4.875000000000001,95.70019090881628,894.1261568947434
1661,45.38920300540005,2.6470588235294117,90.73299475143764,903.3085207344509
1662,43.008633994236924,6.84,97.9738560504088,1933.566279259456
1663,45.78396716177502,-1.144067796610159,88.29217325049983,186.18211936331392
1664,41.81031489577859,8.789062499999998,88.97911063329977,4926.36553827999
1665,43.406858485936986,3.2661290322580645,92.90613429688665,934.0418060494995
1666,48.141207794360284,6.830357142857143,87.79372313864303,136.32441834643052
1667,43.008633994236924,-0.36000000000001364,89.19965028535768,71.25488301160661
1668,48.922795160247304,-2.045454545454561,98.46880731698054,274.6233331526387
1669,43.80448796297494,6.951219512195122,98.87948809548372,182.84028547162808
1670,46.96497733995481,-0.39130434782612156,91.40286650019131,533.9441658003155
1671,43.406858485936986,6.89516129032258,98.20142097612789,750.7575407452325
1672,43.406858485936986,6.169354838709678,93.54683073827505,897.8942263761559
1673,43.80448796297494,4.75609756097561,90.13159020305557,425.329025105566
1674,43.80448796297494,3.292682926829268,95.43228066390681,41.80372240895229
1675,47.35757623319898,1.1842105263157894,94.86256886206958,931.8067183281598
1676,48.922795160247304,0.40909090909090906,99.03806700374135,142.17790288434892
1677,46.57184741344958,-1.9396551724138362,90.0714070075241,9892.258638523976
1678,48.5322537274423,-2.0270270270270316,95.03490510317681,48.85414035581946
1679,44.59799149300626,6.322314049586777,87.45381150250229,6198.137428825217
1680,47.35757623319898,-0.39473684210526017,88.14730526467524,34.33508246638363
1681,42.2103698396502,8.858267716535433,86.88571348984345,107.43196951016343
1682,44.59799149300626,0.371900826446281,99.16777694205291,10.307163606563869
1683,43.80448796297494,6.951219512195122,96.67864351082241,883.8432335511874
1684,48.5322537274423,2.0270270270270268,96.50576783104748,929.3040585024606
1685,43.406858485936986,5.443548387096773,93.12245386238403,268.4850950006172
1686,43.008633994236924,-1.8000000000000114,90.51462251774211,2889.927153161009
1687,45.78396716177502,6.483050847457627,88.6181874449901,847.8924028755506
1688,44.993880150457116,5.624999999999999,90.3229933437121,860.3258773921514
1689,44.20152985105137,-0.3688524590164093,91.39923807777745,927.7761680229864
1690,48.5322537274423,-1.2162162162161962,96.14712360262568,136.45621718997796
1691,45.78396716177502,-0.38135593220340525,93.4897874622407,161.81799073691292
1692,46.57184741344958,5.818965517241379,87.74404602382967,1935.4773745837315
1693,48.5322537274423,3.648648648648649,87.05235229664929,1919.004517098489
1694,46.96497733995481,5.869565217391305,88.02114060953146,9936.15588678471
1695,49.31283855921746,4.541284403669724,91.83407704570558,1921.893364209482
1696,49.702390326630685,0.4166666666666667,98.33117904414019,53.998012207744985
1697,48.5322537274423,2.0270270270270268,94.6039511026454,920.9830092857158
1698,42.60980697763761,-0.3571428571428896,96.67366538473564,186.34441569965247
1699,45.38920300540005,6.42857142857143,92.56016070371751,99892.21493851194
1700,42.60980697763761,-0.3571428571428896,91.21907926969035,398.17984913721807
1701,46.1781796469964,6.538461538461539,88.08880907607472,457.0528636717824
1702,47.35757623319898,3.5526315789473686,97.58223153663702,439.68358654136193
1703,45.38920300540005,0.37815126050420167,96.46615840687593,147.46181053895782
1704,46.1781796469964,-1.153846153846132,88.8413692210863,25.68814297352937
1705,48.922795160247304,5.318181818181819,93.15529173419627,1901.4622613545384
1706,44.59799149300626,0.371900826446281,92.83286169136863,914.3922658465738
1707,48.141207794360284,7.633928571428571,94.45808758418875,60.57107000266406
1708,44.993880150457116,6.375,98.49918500815951,906.2800406947874
1709,44.59799149300626,1.859504132231405,93.93294767502472,859.0231422446049
1710,48.5322537274423,5.270270270270271,93.49592478021628,186.03782182430103
1711,49.31283855921746,2.8899082568807337,87.43372573142308,117.57615136914967
1712,43.80448796297494,1.829268292682927,87.58150245850473,932.2568151292407
1713,45.78396716177502,3.4322033898305087,89.09167645679335,882.3011422072959
1714,49.31283855921746,2.0642201834862384,87.22290155110797,452.65215784705674
1715,41.81031489577859,9.4921875,95.97490844331125,853.9260984081956
1716,49.31283855921746,2.0642201834862384,95.70878664054132,34.3644875541852
1717,44.59799149300626,6.322314049586777,88.41679921375194,399.36286373121493
1718,41.81031489577859,8.789062499999998,97.06400108458799,89.86708902179993
1719,48.141207794360284,-0.4017857142857224,88.66482321217492,97.43455591144833
1720,48.5322537274423,2.8378378378378377,90.52725764664737,870.1256072908125
1721,48.922795160247304,-0.40909090909093493,89.86541540880062,1952.9931036249657
1722,47.35757623319898,1.1842105263157894,91.35309213618346,183.66025031486976
1723,48.922795160247304,3.681818181818182,89.93831014855918,97.15456780264482
1724,44.59799149300626,6.322314049586777,92.85328252816873,866.1937245331593
1725,49.31283855921746,2.8899082568807337,91.79515112676084,935.8446510971464
1726,45.38920300540005,1.8907563025210086,99.00599107485603,897.3718812378385
1727,41.411188638099254,9.140625,87.49989899866628,935.0838219306777
1728,43.80448796297494,6.219512195121951,88.49790964553154,444.57775710950875
1729,44.993880150457116,6.375,87.46328432035307,898.4857955373717
1730,47.35757623319898,1.9736842105263157,94.46696956759516,60.86189068760848
1731,44.993880150457116,6.375,87.48316415130425,159.17388201549358
1732,45.38920300540005,4.159663865546218,97.06869310884746,177.38995029141753
1733,46.1781796469964,5.000000000000001,93.15112063592527,426.34384269543915
1734,48.5322537274423,1.2162162162162162,93.34636069040471,2894.3768463569018
1735,43.008633994236924,0.36000000000000004,93.73211587052775,936.8183087850579
1736,45.78396716177502,1.1440677966101693,88.87706504460111,57.86646713916551
1737,48.141207794360284,2.8125,89.22103793958593,78.55900674262985
1738,46.96497733995481,5.869565217391305,90.72834450643109,163.30743407040273
1739,46.1781796469964,1.1538461538461537,94.08459103244641,133.78331851467937
1740,43.406858485936986,0.3629032258064516,89.37646255214473,855.5550911430212
1741,44.20152985105137,4.057377049180328,88.17725428123524,1924.9899568517756
1742,43.80448796297494,0.36585365853658536,98.79950906611302,7894.836692188867
1743,50.48004426244293,2.9716981132075473,87.09903275410659,867.7142505133979
1744,46.1781796469964,1.9230769230769234,96.68335384051541,925.5029010760197
1745,45.78396716177502,5.720338983050848,96.52035472804913,436.3826346916478
1746,50.091456801832585,2.9439252336448596,90.48210334879816,97.40951780157688
1747,47.749650829136584,5.973451327433628,88.41111011525433,436.0117412743666
1748,44.20152985105137,7.008196721311475,88.54355913185881,457.9527008499612
1749,48.5322537274423,2.0270270270270268,95.36722276927922,895.5365980996265
1750,45.38920300540005,5.672268907563025,94.66798059313636,102.50965020768959
1751,48.141207794360284,6.830357142857143,96.46155205830863,168.01644728616787
1752,50.48004426244293,2.9716981132075473,98.3873455495118,166.12623079765996
1753,47.749650829136584,0.39823008849557523,95.29512941546336,6253.471930279403
1754,42.2103698396502,8.858267716535433,88.67893281224725,377.7246525434406
1755,43.80448796297494,4.75609756097561,89.79447650795126,899.4933358785493
1756,42.60980697763761,8.928571428571429,97.14351334191153,898.1523633405269
1757,45.78396716177502,6.483050847457627,89.36631099709737,122.66171643723084
1758,48.922795160247304,6.136363636363636,87.68872078901165,470.07096508734014
1759,45.38920300540005,6.42857142857143,95.44382414452623,1897.0097592470142
1760,45.78396716177502,1.9067796610169492,91.73367322726264,400.28539653754314
1761,43.406858485936986,2.5403225806451615,98.15890608591917,3923.7296822500493
1762,48.922795160247304,3.681818181818182,94.75623238495236,100.11549187933649
1763,45.78396716177502,6.483050847457627,87.88829248336337,25.221457893953332
1764,48.5322537274423,4.459459459459459,98.52013959271052,1887.6016754035475
1765,47.35757623319898,6.7105263157894735,89.9882173327438,928.484449169412
1766,44.20152985105137,4.057377049180328,90.93801925162265,99951.6976188085
1767,45.78396716177502,5.720338983050848,91.73032395817913,875.7898386197477
1768,46.96497733995481,-1.956521739130494,87.44437033697358,3874.668190203941
1769,46.57184741344958,4.267241379310344,92.951291232692,921.9927464976291
1770,45.78396716177502,3.4322033898305087,88.2551660397824,927.4652788723005
1771,43.80448796297494,2.560975609756097,91.71407661240343,468.10159040826306
1772,43.008633994236924,1.08,91.09186631101784,174.2191208608568
1773,42.60980697763761,2.5,96.35143240556017,3862.2721025239816
1774,43.80448796297494,2.560975609756097,96.68861332498511,259.3874606403079
1775,47.35757623319898,5.131578947368422,88.64663963545233,446.21259619224827
1776,44.59799149300626,6.322314049586777,91.2806022345188,379.2906607653303
1777,46.1781796469964,-1.9230769230769056,91.36626623880926,464.9807177014039
1778,47.749650829136584,4.380530973451327,88.62012291980564,396.8978729036281
1779,43.406858485936986,2.5403225806451615,96.63617474399038,11.057560571757026
1780,49.702390326630685,2.9166666666666665,95.49553766230723,939.2455145641343
1781,43.008633994236924,2.52,89.12963372485447,378.0486746137779
1782,45.78396716177502,3.4322033898305087,91.28275229619274,847.4679898256594
1783,44.993880150457116,-0.375,88.05986747771813,60.38775716734865
1784,44.59799149300626,2.603305785123967,94.49499555067116,2.0
1785,43.008633994236924,1.08,88.23345922064833,113.72279607804576
1786,44.993880150457116,-0.375,98.99801771138337,883.6781823206796
1787,44.993880150457116,5.624999999999999,96.43861118871645,38.76014566673125
1788,49.31283855921746,4.541284403669724,91.57892069342104,1945.1711035892213
1789,45.38920300540005,3.403361344537815,93.91960624418869,100.36455714531179
1790,48.5322537274423,4.459459459459459,98.04497874306297,95.75799291394492
1791,44.20152985105137,4.057377049180328,93.649303223307,83.27370507829862
1792,45.38920300540005,1.8907563025210086,88.92585968583806,2.0
1793,44.59799149300626,5.578512396694214,91.43364654814827,904.7260771593653
1794,49.702390326630685,4.583333333333333,97.15588111384446,937.0493838629294
1795,48.922795160247304,1.2272727272727273,94.684644330927,855.3646344224807
1796,44.20152985105137,1.8442622950819674,94.76179294688224,86.89262397150897
1797,49.31283855921746,5.366972477064221,97.46375255596257,131.37101737260622
1798,49.31283855921746,5.366972477064221,97.81748704720816,400.8116311618694
1799,50.48004426244293,2.9716981132075473,98.15566464419885,4938.4637037111515
1800,42.60980697763761,3.2142857142857144,87.93769530850699,114.63251852825172
1801,44.20152985105137,4.057377049180328,93.539111290011,892.1512277176857
1802,46.96497733995481,1.9565217391304348,95.93711693637526,318.4569443399501
1803,47.749650829136584,-0.3982300884955521,96.15532084962224,136.9183623715486
1804,46.96497733995481,0.391304347826087,94.24037099981847,386.3662620557006
1805,43.80448796297494,1.0975609756097562,88.82374698232347,23.624861729779116
1806,44.59799149300626,3.3471074380165287,96.62469150997657,913.1433964146651
1807,48.141207794360284,2.0089285714285716,95.66600305662384,112.84534103147726
1808,48.5322537274423,-2.0270270270270316,87.84052900754655,890.1992928559532
1809,48.922795160247304,3.681818181818182,92.52668969712651,22.079121790387322
1810,44.59799149300626,2.603305785123967,88.91895934265827,4945.615177026219
1811,44.20152985105137,-0.3688524590164093,90.94103474829689,89.49648764829537
1812,47.749650829136584,6.769911504424779,87.05296737107416,939.4627869594464
1813,50.091456801832585,3.7850467289719627,91.7060106857413,916.5206814788487
1814,48.922795160247304,0.40909090909090906,93.60265157000944,9863.157541472528
1815,42.2103698396502,2.4803149606299213,94.39281580012684,402.2293773319028
1816,47.749650829136584,-1.19469026548677,94.92266840239375,890.8208937709983
1817,43.80448796297494,0.36585365853658536,97.06676312078721,169.07578223526707
1818,44.993880150457116,6.375,89.44331161941274,84.8204888905052
1819,46.57184741344958,0.3879310344827586,88.22353339214405,376.70203002848723
1820,48.141207794360284,6.0267857142857135,97.2650078196968,74.75156262169705
1821,48.922795160247304,-0.40909090909093493,88.68901382186405,19928.873587150207
1822,44.993880150457116,6.375,98.85778167709756,37.165901501109
1823,43.80448796297494,1.0975609756097562,97.1479929194403,847.5519300305135
1824,44.59799149300626,1.115702479338843,93.00779651372467,859.2163978586962
1825,45.38920300540005,4.159663865546218,98.94138227760789,445.6785317191152
1826,49.702390326630685,4.583333333333333,87.96588071234717,870.4017570551341
1827,42.2103698396502,2.4803149606299213,90.548802532736,47.94598821555593
1828,43.80448796297494,4.024390243902438,94.61368961752379,457.9064447728865
1829,47.749650829136584,-1.19469026548677,91.0838541811609,132.2248204114901
1830,42.2103698396502,8.858267716535433,98.26804309760838,3894.9696968043418
1831,44.993880150457116,4.875000000000001,87.61181861859467,901.678204007639
1832,44.993880150457116,1.8749999999999998,93.5975129321076,9902.561561531124
1833,44.20152985105137,5.532786885245901,94.05553126619677,5.427222745761684
1834,43.80448796297494,6.219512195121951,94.78553384382185,131.30710188164466
1835,44.59799149300626,1.859504132231405,89.95115973301935,90.7984732239754
1836,48.5322537274423,1.2162162162162162,91.2556061839912,2.0
1837,47.35757623319898,-2.763157894736878,97.16284645936895,112.4145068975765
1838,43.008633994236924,-1.079999999999984,89.18667581014395,875.5964842505132
1839,48.141207794360284,-4.419642857142833,96.95205468925411,107.45526523074898
1840,46.96497733995481,-2.7391304347825667,93.74383762247705,424.68907645654735
1841,46.1781796469964,6.538461538461539,96.22524076644328,1549.6179863730442
1842,46.1781796469964,-1.153846153846132,95.57955832825064,880.2876606125294
1843,44.993880150457116,5.624999999999999,89.34386701552894,179.63191067680683
1844,42.60980697763761,1.0714285714285714,93.81186803860166,169.85178060121376
1845,47.749650829136584,0.39823008849557523,97.47547709889884,386.2362348417513
1846,48.922795160247304,-0.40909090909093493,92.1130789800587,80.858294558565
1847,48.141207794360284,3.6160714285714284,98.75525591694235,861.576372045014
1848,43.008633994236924,0.36000000000000004,92.375375104282,166.18155259290933
1849,44.59799149300626,1.115702479338843,88.50591138861206,929.9511607238113
1850,47.749650829136584,-2.787610619469035,91.56879676699093,899.950084900513
1851,43.80448796297494,6.219512195121951,98.5684053002463,854.2218830511424
1852,43.406858485936986,5.443548387096773,90.73864322653613,166.2033563040676
1853,43.406858485936986,3.2661290322580645,97.48035338452411,98.11781606191373
1854,43.008633994236924,6.84,97.65137803863264,906.0870299293829
1855,47.749650829136584,3.5840707964601775,91.08590196334849,408.3786679967572
1856,44.20152985105137,6.270491803278689,87.80843419429402,104.65766851741667
1857,45.78396716177502,3.4322033898305087,95.72510283509186,90.66437483598563
1858,43.406858485936986,2.5403225806451615,90.64507921333241,74.56331078514309
1859,44.20152985105137,3.319672131147541,96.4635302029784,906.4030741727254
1860,43.80448796297494,1.0975609756097562,92.25061098368649,106.52768679588623
1861,44.59799149300626,1.859504132231405,92.80554873065216,437.4221876855095
1862,48.5322537274423,-0.40540540540536085,96.40778766328894,383.21195218517823
1863,45.38920300540005,6.42857142857143,91.47974025142831,694.0529331869317
1864,41.81031489577859,8.789062499999998,92.25677721042017,937.7133184153245
1865,42.60980697763761,0.35714285714285715,91.40199927081392,934.7676185101578
1866,49.702390326630685,4.583333333333333,91.2905430240453,382.8724598212733
1867,48.5322537274423,7.702702702702703,93.33261332224973,2.0
1868,48.5322537274423,2.0270270270270268,96.75118971682008,232.97153291911476
1869,44.20152985105137,3.319672131147541,91.2203667375049,852.8693122353983
1870,43.80448796297494,6.951219512195122,93.31069293852502,459.8888970135126
1871,48.141207794360284,6.830357142857143,95.01745657625246,867.0044505762289
1872,45.38920300540005,0.37815126050420167,90.12770607252126,68.43887023288535
1873,43.406858485936986,2.5403225806451615,90.23131924820325,865.501148906944
1874,44.20152985105137,3.319672131147541,98.33406329978784,83.89217339295753
1875,45.38920300540005,5.672268907563025,95.71150159999299,898.0623718206703
1876,44.993880150457116,3.375,93.90438933146706,155.1192996859764
1877,45.38920300540005,1.134453781512605,94.72619675842786,885.3406734869712
1878,47.749650829136584,-0.3982300884955521,87.18544990920047,11.002422693346375
1879,45.38920300540005,-1.1344537815126046,94.3752847391239,185.471247441469
1880,44.59799149300626,6.322314049586777,93.11963970351673,883.8186145171596
1881,43.406858485936986,6.89516129032258,93.5570508470823,105.59351822767317
1882,44.993880150457116,-0.375,91.19119206436012,912.0786789644866
1883,44.20152985105137,7.008196721311475,87.78854288182245,860.5677948367335
1884,48.5322537274423,6.891891891891892,89.1666211405218,847.0352937211495
1885,45.78396716177502,3.4322033898305087,98.55638614468968,161.50160931684815
1886,50.48004426244293,2.9716981132075473,91.81141854636618,405.52173477299976
1887,47.749650829136584,2.7876106194690267,92.56418752049669,850.0999858504696
1888,44.20152985105137,3.319672131147541,87.4619131954832,398.3106174133684
1889,41.81031489577859,8.789062499999998,87.28307609862688,881.7140584069025
1890,48.922795160247304,3.681818181818182,95.62706171050168,266.7430112962389
1891,46.57184741344958,-1.9396551724138362,93.47247274365402,94.5031465265383
1892,43.80448796297494,4.024390243902438,93.10923714481277,99.88403317473058
1893,48.141207794360284,6.0267857142857135,89.79039925024829,2.0
1894,45.38920300540005,6.42857142857143,95.99348718976508,138.29108872384327
1895,44.20152985105137,4.057377049180328,88.84293817843712,897.5593911081428
1896,44.993880150457116,6.375,89.12404277088706,911.7266244646561
1897,48.141207794360284,2.0089285714285716,92.48626440294422,94.60825295927945
1898,46.96497733995481,1.9565217391304348,90.34356794978278,6235.0523466256745
1899,43.80448796297494,2.560975609756097,89.84600988047367,419.924197317338
1900,45.38920300540005,6.42857142857143,94.69678443288105,2352.7224900646925
1901,50.48004426244293,2.1226415094339623,94.7647237517286,884.3605536942323
1902,44.20152985105137,7.008196721311475,96.92592128715546,889.2665958362372
1903,49.702390326630685,2.9166666666666665,91.92505461774249,31.107599680556987
1904,44.20152985105137,4.795081967213115,87.69499647228251,102.55737536691392
1905,48.141207794360284,5.2232142857142865,90.18188733000893,2.0
1906,42.60980697763761,8.928571428571429,98.92361180097629,887.2921156097736
1907,46.96497733995481,5.869565217391305,94.11646594848155,157.48076131850968
1908,47.35757623319898,6.7105263157894735,95.52839673248788,909.375016714685
1909,48.5322537274423,3.648648648648649,86.92633155297754,155.05248390686947
1910,47.35757623319898,1.1842105263157894,93.23231976883062,919.6082358639865
1911,43.406858485936986,6.89516129032258,87.28263239388086,55.79676834215337
1912,41.411188638099254,9.140625,93.81648060909416,78.87455523145132
1913,46.96497733995481,5.869565217391305,98.16847788501688,155.9088226415193
1914,45.78396716177502,1.1440677966101693,98.77820204112054,185.74812732976181
1915,44.20152985105137,1.8442622950819674,93.4996306151093,159.36286138078907
1916,43.008633994236924,0.36000000000000004,92.4535425321003,902.1714901029035
1917,44.993880150457116,4.124999999999999,98.48450389169824,37.54709899951488
1918,46.57184741344958,3.4913793103448274,95.05521093242693,160.4724797789848
1919,46.1781796469964,0.38461538461538464,87.60371373059596,925.2150785997208
1920,44.59799149300626,6.322314049586777,92.5516908415977,21.240210999660377
1921,50.48004426244293,2.1226415094339623,89.75348942189216,3907.5845656606616
1922,44.993880150457116,6.375,92.60491965705593,39890.31363423709
1923,46.96497733995481,1.9565217391304348,92.41779472621623,33.01361155588101
1924,43.80448796297494,4.024390243902438,93.95917027018461,134.0166351867254
1925,48.922795160247304,2.0454545454545454,91.16094837945357,169.82164911799038
1926,44.993880150457116,2.625,88.7904178465102,906.1620241095625
1927,45.78396716177502,5.720338983050848,93.04462936627152,849.6545730712784
1928,44.59799149300626,0.371900826446281,96.98913002800172,864.8218622375608
1929,49.31283855921746,3.7155963302752295,94.9295038957349,900.2497937678581
1930,44.993880150457116,1.8749999999999998,90.95118863793533,48.91843424673844
1931,45.38920300540005,7.184873949579832,98.36169819101549,923.9530264090156
1932,45.38920300540005,7.184873949579832,98.05631818783223,884.0018792528654
1933,44.993880150457116,5.624999999999999,89.36684031801691,659.9704775277439
1934,44.59799149300626,4.834710743801653,87.30493958711725,1881.9266882121115
1935,43.80448796297494,4.75609756097561,95.94773899394602,882.3381202398609
1936,47.749650829136584,6.769911504424779,96.96030804765331,94.19316038593021
1937,43.80448796297494,-0.3658536585365937,98.77124219454826,248.34408532176872
1938,45.78396716177502,-1.144067796610159,97.76330605595199,413.88933294611115
1939,49.31283855921746,-0.41284403669726544,94.16713154625475,14.978261414253327
1940,49.31283855921746,2.0642201834862384,93.38361536983602,4941.2342104815325
1941,47.35757623319898,-3.5526315789473415,87.16822710574056,54.649775147667086
1942,43.80448796297494,2.560975609756097,89.83567165431992,881.447260571566
1943,44.20152985105137,0.3688524590163934,92.47194275164189,422.68772936673645
1944,43.80448796297494,3.292682926829268,94.49851808434241,2.0
1945,45.38920300540005,2.6470588235294117,93.68413488911287,2859.625409864042
1946,46.1781796469964,-1.153846153846132,95.96537999207695,929.78566300069
1947,48.5322537274423,3.648648648648649,90.26008464529156,435.70098331678764
1948,47.35757623319898,6.7105263157894735,93.76921856721036,106.5078931120323
1949,46.1781796469964,6.538461538461539,87.86290385103112,50.88898226502439
1950,48.922795160247304,2.0454545454545454,91.87395982524895,165.8459850414126
1951,48.141207794360284,-4.419642857142833,96.06539326207461,118.19717357851559
1952,44.993880150457116,4.124999999999999,95.31442882428303,423.01991324876
1953,44.20152985105137,4.057377049180328,99.05711076866575,9850.876982890557
1954,41.411188638099254,9.140625,90.23604041909515,516.1155758495471
1955,43.008633994236924,-0.36000000000001364,92.97297866768558,1882.5730018471816
1956,44.59799149300626,0.371900826446281,90.8504561752058,866.86126973884
1957,46.1781796469964,3.4615384615384612,92.22383524413846,400.32062943221626
1958,44.993880150457116,-0.375,97.33539350525635,930.6532474403414
1959,43.80448796297494,2.560975609756097,95.19403719184149,397.52087791399845
1960,48.922795160247304,-0.40909090909093493,97.66685845422552,935.0434103770021
1961,46.1781796469964,0.38461538461538464,89.29383603847387,134.15091139501334
1962,43.406858485936986,2.5403225806451615,97.54878859260265,54.77729837546303
1963,46.57184741344958,0.3879310344827586,87.54519914650953,930.8745940027268
1964,44.993880150457116,0.375,97.7471026480715,846.9893873962653
1965,44.993880150457116,2.625,90.84525129283075,1879.803572035461
1966,48.141207794360284,2.0089285714285716,90.68013298251114,3881.2989817898
1967,46.96497733995481,4.304347826086956,93.1530633979087,14.118832197451724
1968,47.35757623319898,-3.5526315789473415,98.42937643660359,418.8893882833536
1969,49.702390326630685,0.4166666666666667,87.40371121181298,170.9531906972615
1970,50.091456801832585,4.6261682242990645,91.10920534924784,859.0268154867259
1971,43.406858485936986,1.088709677419355,97.33047646604065,911.5476715091913
1972,47.749650829136584,7.566371681415929,91.6521664444143,129.30211680379026
1973,45.38920300540005,2.6470588235294117,89.23937995347984,459.1912903580564
1974,47.749650829136584,-0.3982300884955521,92.01752398559864,884.975305810565
1975,42.60980697763761,1.0714285714285714,91.51990463949491,57.81541227803093
1976,47.749650829136584,5.973451327433628,98.09834403089317,917.959069579894
1977,46.1781796469964,5.769230769230768,96.2218763237184,852.8430295221384
1978,43.406858485936986,6.89516129032258,93.0627180835404,4892.771761576599
1979,43.406858485936986,2.5403225806451615,99.02859477760703,155.31406517691485
1980,48.141207794360284,2.0089285714285716,92.5458437033676,43.60090145302098
1981,43.80448796297494,4.75609756097561,87.52719631105242,422.8827560572922
1982,45.78396716177502,2.669491525423729,90.03586289949368,31.522460225574385
1983,45.78396716177502,5.720338983050848,92.1646830288621,9877.266444805473
1984,48.5322537274423,2.0270270270270268,88.69285153760234,6.037704475773679
1985,48.922795160247304,0.40909090909090906,98.5164819767333,898.9954509245665
1986,44.20152985105137,3.319672131147541,96.28482887928413,436.31058955283174
1987,45.78396716177502,7.245762711864407,90.1129364872173,168.1533817196542
1988,46.1781796469964,-1.9230769230769056,94.05484918604385,20.72381209844208
1989,44.20152985105137,3.319672131147541,95.68378417279143,857.8709335342659
1990,44.20152985105137,-0.3688524590164093,98.43708762265705,846.3021361161664
1991,48.5322537274423,6.891891891891892,97.65637994062166,129.43145432856204
1992,44.993880150457116,5.624999999999999,93.1932755507372,1949.5771234891151
1993,48.5322537274423,2.0270270270270268,96.37158222587914,139.6823180308273
1994,44.20152985105137,6.270491803278689,93.73819538426564,381.89744439406144
1995,44.59799149300626,2.603305785123967,93.63388594989608,449.7809133938257
1996,42.60980697763761,3.2142857142857144,88.15952623381087,39.32112403690319
1997,49.31283855921746,4.541284403669724,88.28660352011273,3848.324947339215
1998,49.31283855921746,2.0642201834862384,93.37788413293929,170.76412255940585
1999,47.749650829136584,-3.5840707964601393,90.12029848435773,28.801488149446048
2000,47.749650829136584,6.769911504424779,87.08787386030268,176.39341088467347
2001,47.749650829136584,2.7876106194690267,95.70225939146903,850.9934004257354
2002,43.008633994236924,3.24,87.22308843561312,428.04526029814764
2003,47.749650829136584,2.7876106194690267,94.10483407246753,880.5331651938595
2004,47.749650829136584,7.566371681415929,93.48461672029562,15.122279741404801
2005,44.20152985105137,6.270491803278689,98.78316636394553,131.0455798768134
2006,45.78396716177502,1.1440677966101693,92.79189781888526,919.5759293418855
2007,43.80448796297494,1.0975609756097562,87.5892410442707,28.322612257833885
2008,49.31283855921746,3.7155963302752295,93.62266131234509,930.9282914255484
2009,45.78396716177502,6.483050847457627,97.12924156453212,34.8132873088339
2010,49.702390326630685,2.083333333333333,99.13500362297424,924.342787711958
2011,49.31283855921746,2.8899082568807337,92.08993998082433,164.69670370231444
2012,43.008633994236924,3.24,90.74523026088627,854.7529066541963
2013,48.5322537274423,2.0270270270270268,97.98356968018052,67.79608855447258
2014,45.38920300540005,4.915966386554622,89.14039363115099,20.90040811433765
2015,46.1781796469964,0.38461538461538464,94.34360179839865,100.76866243320984
2016,46.96497733995481,0.391304347826087,91.77382374003372,54.25855080682988
2017,43.008633994236924,1.8,87.32459971898497,143.34361798473807
2018,50.091456801832585,3.7850467289719627,91.05286894531754,428.5726476073449
2019,44.59799149300626,3.3471074380165287,90.07373009431308,847.410317439397
2020,42.60980697763761,-0.3571428571428896,95.21868819274339,910.3818895966714
2021,45.38920300540005,6.42857142857143,98.53186052325061,868.5399350749449
2022,42.60980697763761,0.35714285714285715,90.10985997960945,853.6724040916005
2023,49.31283855921746,0.4128440366972477,96.78083292237572,187.20217983979205
2024,46.1781796469964,2.6923076923076925,87.4932085540899,399.2824997457138
2025,47.749650829136584,6.769911504424779,93.47276383226001,188.41091993630693
2026,44.20152985105137,3.319672131147541,87.66672752863231,926.7575279051686
2027,42.2103698396502,9.566929133858267,98.34218212617843,106.97488115093573
2028,47.749650829136584,5.176991150442479,96.27929690841196,2.0
2029,44.59799149300626,1.859504132231405,94.85010117251696,866.9993753126016
2030,48.141207794360284,3.6160714285714284,96.91902114686766,94.60535520631217
2031,45.38920300540005,-1.1344537815126046,94.72382403240036,1883.1808754026065
2032,45.78396716177502,4.194915254237288,98.78479419611132,932.043123725346
2033,42.2103698396502,3.188976377952756,95.58421793524515,26.610328044830542
2034,44.993880150457116,5.624999999999999,98.2193988008844,42.6504584595565
2035,46.96497733995481,0.391304347826087,93.2184066559143,414.70413725422077
2036,48.922795160247304,-3.681818181818187,88.18542470797368,853.8177984945236
2037,48.5322537274423,4.459459459459459,93.36152094414157,126.79448222609008
2038,48.141207794360284,-4.419642857142833,88.29519059453189,887.5019313213414
2039,47.749650829136584,3.5840707964601775,94.07350986904757,849.3380719520587
2040,43.406858485936986,3.2661290322580645,92.76961177346253,148.8242592938381
2041,45.38920300540005,7.184873949579832,94.42827543807216,2.0
2042,45.38920300540005,4.159663865546218,86.95808894851838,897.9453582593708
2043,48.922795160247304,-3.681818181818187,89.18539667541974,100.24587952952136
2044,43.406858485936986,5.443548387096773,92.8841123752979,924.3489025401934
2045,44.20152985105137,2.581967213114754,98.55335966507909,204.31984614309536
2046,49.31283855921746,4.541284403669724,91.49542870476785,582.445259742506
2047,44.20152985105137,0.3688524590163934,92.0120147340788,936.3962734079305
2048,45.38920300540005,5.672268907563025,95.59402862586539,933.4761808833157
2049,48.922795160247304,0.40909090909090906,94.20573316345876,169.43278938812657
2050,45.78396716177502,2.669491525423729,90.50161775466083,97.6575264237698
2051,45.78396716177502,6.483050847457627,91.83807792875346,905.7720959304536
2052,48.5322537274423,-4.459459459459481,89.47128738023446,263.87144072959836
2053,42.60980697763761,1.7857142857142856,98.7481109996073,88.97031191268321
2054,43.406858485936986,3.2661290322580645,88.34500188548452,1930.4362859355917
2055,44.59799149300626,4.09090909090909,91.34716900517189,92.24863630374581
2056,45.78396716177502,3.4322033898305087,87.14458365622575,2.0
2057,46.1781796469964,0.38461538461538464,89.52231020077383,2.0
2058,44.59799149300626,1.859504132231405,96.43626622682902,857.9174109700167
2059,45.38920300540005,6.42857142857143,89.26462232510985,870.2418064315391
2060,49.31283855921746,2.8899082568807337,87.77281397483236,142.74154657544366
2061,45.38920300540005,1.8907563025210086,92.66544378766054,146.70004149986406
2062,43.80448796297494,5.48780487804878,86.95717080734603,155.29861651529777
2063,45.78396716177502,3.4322033898305087,87.82525594558948,876.0293954326513
2064,49.31283855921746,0.4128440366972477,96.73814317906672,16.555268342446496
2065,43.80448796297494,2.560975609756097,96.33623848335552,2894.6978977922804
2066,48.141207794360284,5.2232142857142865,98.09471096251778,103.67392653218994
2067,47.749650829136584,5.973451327433628,97.3037347330453,397855.50109392195
2068,48.5322537274423,7.702702702702703,95.18050050858047,77.87385957512123
2069,47.35757623319898,7.499999999999999,87.45746182988148,904.6449750246637
2070,44.20152985105137,6.270491803278689,96.46269647549495,104.06738058357558
2071,45.38920300540005,3.403361344537815,97.18664594127686,28.838038346804442
2072,48.141207794360284,6.0267857142857135,96.64316329208387,937.0176937418792
2073,43.406858485936986,6.89516129032258,93.10629670184066,931.9507306092548
2074,43.406858485936986,7.620967741935484,89.66141220914758,183.57806503608924
2075,43.406858485936986,6.89516129032258,97.1842945086217,882.9924793697699
2076,48.141207794360284,-0.4017857142857224,95.75972476882627,459.38442815173505
2077,45.78396716177502,1.9067796610169492,98.93309606021805,930.1361421501388
2078,41.81031489577859,8.789062499999998,88.676828110932,144.51319795456715
2079,43.80448796297494,0.36585365853658536,89.57089922529374,435.27830239099524
2080,49.702390326630685,0.4166666666666667,89.39747820612692,407.630274868133
2081,49.31283855921746,3.7155963302752295,96.57043220286047,161.65915500590432
2082,45.78396716177502,4.194915254237288,89.08617989913549,1887.6056097036776
2083,43.008633994236924,5.3999999999999995,87.62334621994941,74.82127433854957
2084,45.38920300540005,5.672268907563025,99.1564834176393,65.96907205112734
2085,45.78396716177502,-1.144067796610159,87.13251722488967,561.6534725912271
2086,48.922795160247304,5.318181818181819,97.05314549863354,868.9326956983522
2087,44.59799149300626,1.859504132231405,91.2656865921888,90.36404618064282
2088,43.80448796297494,6.951219512195122,97.13599397651016,177.90555683672596
2089,46.96497733995481,-0.39130434782612156,93.6550619342246,3932.147584283827
2090,43.80448796297494,1.0975609756097562,97.91779188565629,114.30859815370299
2091,42.60980697763761,-0.3571428571428896,98.23949568821091,872.3352288814316
2092,48.141207794360284,6.0267857142857135,86.94688414636997,894.8138587710707
2093,45.38920300540005,4.159663865546218,87.7209465807367,380.74481045164794
2094,47.749650829136584,-2.787610619469035,89.88312782811647,3879.545832419181
2095,43.80448796297494,3.292682926829268,94.99896374119452,893.7202300177432
2096,44.993880150457116,1.125,97.74281858390859,387.81626129168995
2097,44.993880150457116,-1.125,92.47621280290933,468.24136900069857
2098,43.80448796297494,4.024390243902438,94.24341499640185,879.9292995305126
2099,46.57184741344958,5.043103448275863,89.10609725936146,848.4845509008126
2100,43.008633994236924,6.12,96.70858289426938,938.1963667848635
2101,45.38920300540005,4.915966386554622,98.7645096298709,162.97559687677634
2102,48.5322537274423,6.081081081081081,90.11693230065656,137.8179841262771
2103,44.59799149300626,6.322314049586777,92.92940175950942,99.84215305795172
2104,43.80448796297494,3.292682926829268,87.84030976063605,5.549925102578821
2105,47.35757623319898,5.131578947368422,93.7049597670726,8.37874976706328
2106,43.406858485936986,4.717741935483871,93.03250226107744,935.4902427699492
2107,43.008633994236924,3.24,88.5277722619529,875.4766094677873
2108,47.749650829136584,-4.380530973451357,92.24292912058212,869.8840188775057
2109,41.81031489577859,8.789062499999998,90.90259499106045,855.5149694793564
2110,48.5322537274423,2.0270270270270268,93.27928860732646,928.9660143660345
2111,48.141207794360284,5.2232142857142865,93.99794610365974,403.9447554776847
2112,48.141207794360284,2.0089285714285716,86.93976774107978,935.6016001085235
2113,43.008633994236924,1.08,96.20953698378044,164.10381996748737
2114,44.59799149300626,1.859504132231405,95.57167573081735,2875.3601347696886
2115,48.5322537274423,5.270270270270271,91.27726733056986,881.8216647586219
2116,46.1781796469964,-1.153846153846132,87.46458385168151,118.96901148760429
2117,44.993880150457116,6.375,96.12881438411995,464.4512964359968
2118,48.922795160247304,0.40909090909090906,98.61198874905162,442.0337726755589
2119,43.406858485936986,-1.0887096774193878,89.7522919251082,59.690700411200524
2120,43.80448796297494,4.75609756097561,90.78199990319075,848.1879382110496
2121,45.38920300540005,0.37815126050420167,89.04747959289526,144.3938838967811
2122,42.2103698396502,2.4803149606299213,93.90162104356077,13.426835783248732
2123,46.1781796469964,2.6923076923076925,88.66555629843197,4884.397581236249
2124,41.81031489577859,8.789062499999998,91.15437669036257,863.9215322612979
2125,44.59799149300626,4.09090909090909,95.3617400070034,937.6394314497292
2126,44.993880150457116,-1.125,93.71578006916299,874.7447987158594
2127,48.5322537274423,-4.459459459459481,91.53136596391222,163.0175372601297
2128,43.406858485936986,-1.8145161290322562,91.95821587560476,427.348935147563
2129,46.1781796469964,5.769230769230768,93.73782115090636,874.6479673592619
2130,48.5322537274423,6.891891891891892,86.90869884476867,6868.271831229609
2131,50.48004426244293,2.9716981132075473,87.75548999297493,117.42093686741062
2132,45.38920300540005,6.42857142857143,97.65147408120052,937.0313879118822
2133,45.38920300540005,4.159663865546218,87.74845484466347,2854.2494256201057
2134,44.20152985105137,1.8442622950819674,95.48997462624052,872.9786362147826
2135,43.008633994236924,1.08,98.15888135164151,3137.4722509042927
2136,49.31283855921746,-0.41284403669726544,90.14365379519819,181.0660495155759
2137,44.20152985105137,3.319672131147541,91.33022570893323,4925.827778653222
2138,48.141207794360284,2.0089285714285716,93.81306869619402,883.1135745495516
2139,43.406858485936986,4.717741935483871,97.65733724101067,7.833535766014456
2140,43.80448796297494,6.951219512195122,98.44529543840295,1938.5184282281796
2141,45.38920300540005,5.672268907563025,95.9245399478169,406.98089886359475
2142,44.20152985105137,1.1065573770491803,87.84592613534916,389.5505095247913
2143,47.35757623319898,4.342105263157895,94.99685158684287,466.1705868621742
2144,45.78396716177502,4.194915254237288,91.83162132015264,65.9019650204185
2145,43.80448796297494,6.951219512195122,92.61662157132264,395.9312535248
2146,45.78396716177502,3.4322033898305087,87.41985503110257,923.3010308704617
2147,46.96497733995481,3.5217391304347827,89.13814258345968,2.0
2148,45.78396716177502,6.483050847457627,96.54790754489574,125.91569808835855
2149,43.406858485936986,0.3629032258064516,92.39813133614604,2.0
2150,47.35757623319898,-2.763157894736878,90.53280471144858,188.93632508418708
2151,48.5322537274423,-2.0270270270270316,91.50059266492163,891.1084077474992
2152,44.20152985105137,1.1065573770491803,97.3022273704046,913.169842143421
2153,43.406858485936986,0.3629032258064516,96.04995148235378,3924.1502106972066
2154,48.922795160247304,3.681818181818182,90.1645702546401,853.5929611934242
2155,47.749650829136584,0.39823008849557523,88.19030260638964,117.84347815081034
2156,48.5322537274423,2.8378378378378377,89.90414297647793,2854.8125266559755
2157,46.96497733995481,0.391304347826087,98.16828929596836,905.8252252929344
2158,45.78396716177502,1.1440677966101693,93.95302757049464,503.89300581040806
2159,44.20152985105137,5.532786885245901,93.4214889310135,880.8770489971166
2160,44.59799149300626,1.859504132231405,94.11806575817437,2856.1644560195537
2161,44.993880150457116,6.375,91.27401656346566,886.1230389691787
2162,46.96497733995481,1.1739130434782608,96.73237517395435,168.04474836939687
2163,43.406858485936986,2.5403225806451615,93.29814502866266,886.3216128418278
2164,45.78396716177502,4.194915254237288,88.18189519595599,6.899279566195507
2165,42.2103698396502,8.858267716535433,88.32422145431647,176.0069692278204
2166,44.993880150457116,-1.125,93.45882185885006,184.79291215731104
2167,48.5322537274423,0.40540540540540543,98.37541409557663,75.34059183869637
2168,44.59799149300626,4.834710743801653,90.60905837379062,2.0
2169,47.35757623319898,6.7105263157894735,97.4991170951823,57.247675151163634
2170,44.59799149300626,5.578512396694214,96.25060114296069,868.0331789756009
2171,49.31283855921746,4.541284403669724,89.85048930982909,914.2710887737466
2172,48.5322537274423,-1.2162162162161962,87.268603841077,49977.293787790986
2173,43.406858485936986,4.717741935483871,88.01573316578295,158.3304336421458
2174,48.141207794360284,-3.616071428571388,95.7774168415932,850.7355991793498
2175,43.406858485936986,1.8145161290322582,89.24579380997066,3877.328236112268
2176,47.749650829136584,-3.5840707964601393,91.34004251750416,75.45066619267497
2177,44.59799149300626,1.115702479338843,93.01845393936912,887.7674180921475
2178,44.59799149300626,6.322314049586777,95.73720116125911,899.4572535133657
2179,45.38920300540005,1.8907563025210086,88.14267951797997,33.23390530656994
2180,47.35757623319898,1.1842105263157894,91.78203478498942,932.7329492060795
2181,48.141207794360284,6.830357142857143,92.80303734835513,917.6578902659378
2182,49.702390326630685,2.083333333333333,93.50266225697078,3.1813241062919118
2183,47.35757623319898,1.1842105263157894,96.85748077006944,34.37434750919343
2184,44.59799149300626,1.859504132231405,88.8885127882182,11.684507357470782
2185,42.60980697763761,0.35714285714285715,96.74042862047898,153.20208711255475
2186,43.406858485936986,6.89516129032258,95.3075862215672,424.8952058439837
2187,44.20152985105137,-0.3688524590164093,93.66887639936773,441.54084875551246
2188,43.80448796297494,3.292682926829268,95.39467897350718,123.5984915524293
2189,44.59799149300626,3.3471074380165287,91.8532076381697,1954.1182837482324
2190,47.749650829136584,6.769911504424779,88.44780388849175,167.995442985623
2191,43.008633994236924,3.24,94.95246441487011,9.750274592867974
2192,44.59799149300626,4.09090909090909,93.31610335562428,137.96864467670437
2193,45.38920300540005,7.184873949579832,94.62731972484006,440.64694075731666
2194,48.922795160247304,6.954545454545455,90.94698167534393,185.63092256684192
2195,45.78396716177502,1.1440677966101693,97.98636317382098,126.32409500566361
2196,45.78396716177502,3.4322033898305087,94.0169005443035,56.13475446155714
2197,43.406858485936986,6.169354838709678,87.83235187428748,919.5552392493776
2198,45.38920300540005,6.42857142857143,92.34390941189163,158415.34026104
2199,46.96497733995481,-0.39130434782612156,96.1477344307887,150.90650719368557
2200,42.2103698396502,8.858267716535433,96.58816140011949,173.89096159598452
2201,48.922795160247304,6.954545454545455,92.92643605246471,856.5779270605655
2202,46.1781796469964,4.230769230769231,97.82763143128454,888.0166283816984
2203,49.702390326630685,4.583333333333333,90.10500512764287,178.48463445154843
2204,44.20152985105137,4.795081967213115,91.83533623765678,1932.101180259744
2205,43.008633994236924,6.12,97.87804912878678,461.50535262037994
2206,47.749650829136584,-3.5840707964601393,97.84739784671257,382.3772533992391
2207,43.406858485936986,4.717741935483871,95.21373219827176,865.544251542944
2208,47.749650829136584,-1.19469026548677,97.36179539329352,4923.810176515851
2209,43.008633994236924,5.3999999999999995,87.86994060740017,911.8486123427252
2210,44.20152985105137,6.270491803278689,97.440002118095,6.755955124774621
2211,43.80448796297494,4.75609756097561,90.74889100444608,152.12803522530797
2212,50.091456801832585,2.9439252336448596,88.97661743130503,396.92646365606566
2213,42.60980697763761,-0.3571428571428896,89.74230444278956,144.2755823120803
2214,44.20152985105137,3.319672131147541,91.928446925384,882.3009235028686
2215,47.35757623319898,1.1842105263157894,89.89380881812754,921.7798625023994
2216,43.406858485936986,0.3629032258064516,90.74829463615762,892.0570378381354
2217,47.749650829136584,-3.5840707964601393,88.40252744087525,78886.37535435171
2218,43.406858485936986,6.89516129032258,90.47027927939683,125.75261784104114
2219,48.922795160247304,6.954545454545455,93.8502189991144,937.0352820243593
2220,44.59799149300626,-0.37190082644627864,92.24015586698407,903.1032266143653
2221,45.38920300540005,5.672268907563025,91.04637515054651,165.31032224201954
2222,48.922795160247304,2.8636363636363633,96.01610059101277,892.9273447363021
2223,47.749650829136584,1.1946902654867255,97.81142166068868,41.39992942832131
2224,50.48004426244293,2.9716981132075473,96.15349170206274,910.2144866517065
2225,45.78396716177502,4.194915254237288,90.87861341150574,441.528486293979
2226,47.35757623319898,0.39473684210526316,95.98938604469687,134.46576402127985
2227,44.993880150457116,4.124999999999999,88.6276675186329,868.3950874382978
2228,47.749650829136584,-0.3982300884955521,88.34081213595208,863.9621221768356
2229,47.749650829136584,-0.3982300884955521,91.03393128489601,97.92115145135541
2230,44.20152985105137,4.795081967213115,96.73899361761613,2.0
2231,49.702390326630685,-2.0833333333333144,89.83172112569171,266.39684596254176
2232,43.008633994236924,2.52,87.58536007260115,468.36890179754647
2233,43.406858485936986,3.991935483870967,88.35923929864654,937.5412195894697
2234,44.59799149300626,4.09090909090909,97.35873212163438,2887.4764299398785
2235,44.993880150457116,4.124999999999999,94.56106979365636,438.98358152950084
2236,43.008633994236924,1.08,89.91956238548458,899.0892568933767
2237,48.141207794360284,2.0089285714285716,93.662523509922,316.1296683974992
2238,49.31283855921746,-0.41284403669726544,93.35377172865536,896.6715382740873
2239,47.749650829136584,0.39823008849557523,94.81761730592223,95.8536116128031
2240,43.80448796297494,4.024390243902438,89.6649855231921,169.2320505626896
2241,49.702390326630685,2.083333333333333,97.43230437634824,861.6475232301675
2242,44.993880150457116,1.8749999999999998,90.62064412761897,2.0
2243,41.411188638099254,9.140625,95.32400066865995,889.2753279729197
2244,43.406858485936986,4.717741935483871,87.02986282459601,924.6813624334967
2245,45.38920300540005,3.403361344537815,91.35750042797109,181.62349316374832
2246,49.31283855921746,3.7155963302752295,91.10326501277346,380.6103369802791
2247,43.406858485936986,1.088709677419355,93.53202272714977,929.612006516792
2248,44.993880150457116,4.124999999999999,87.69110655980742,905.9313365818537
2249,48.922795160247304,-2.863636363636317,96.54365828254491,132.63831882417892
2250,48.922795160247304,2.0454545454545454,89.47230044589405,148.45000241440877
2251,43.008633994236924,5.3999999999999995,95.10010980234568,875.6285006371967
2252,44.59799149300626,4.09090909090909,96.68907591790608,463.8111120805222
2253,43.406858485936986,0.3629032258064516,93.73523656446127,72.84831317972267
2254,43.406858485936986,7.620967741935484,95.94208361911097,142.25086771544332
2255,44.993880150457116,0.375,94.90131863543044,1915.7676203829897
2256,45.38920300540005,2.6470588235294117,91.1468065115134,878.5393481808736
2257,46.1781796469964,5.769230769230768,96.75184666596161,39863.73300439249
2258,47.35757623319898,5.131578947368422,90.45151555025025,903.2253019230878
2259,46.1781796469964,6.538461538461539,93.83838696328989,3905.4364877470334
2260,43.80448796297494,1.0975609756097562,96.00208661630501,100.87916041284753
2261,44.993880150457116,4.875000000000001,91.4368272142112,904.6256921809112
2262,43.008633994236924,1.08,90.54540407109543,2.0
2263,45.78396716177502,0.3813559322033898,92.46843559461607,873.0865090058697
2264,44.993880150457116,5.624999999999999,96.85306571845105,396.01515732271133
2265,44.993880150457116,7.125,98.28833428134395,158.50545492528641
2266,44.993880150457116,3.375,93.54968945228607,933.09459499777
2267,44.59799149300626,-0.37190082644627864,94.89615672107995,930.5468265894077
2268,48.141207794360284,-0.4017857142857224,97.93930353872442,2.0
2269,45.38920300540005,1.8907563025210086,87.97892914038187,853.9062428785543
2270,48.922795160247304,5.318181818181819,89.65111607009533,167.805417615485
2271,46.57184741344958,0.3879310344827586,95.51743288518747,188.91412235645697
2272,45.78396716177502,6.483050847457627,96.91733226770164,923.5870750056104
2273,44.59799149300626,1.859504132231405,97.33641943642183,142.21108643231324
2274,42.60980697763761,2.5,91.89211599555506,3911.689540415858
2275,44.993880150457116,4.875000000000001,87.87625934892637,82.26020789760177
2276,44.20152985105137,4.795081967213115,92.18701204797269,870.5697588829058
2277,45.38920300540005,1.134453781512605,89.63430744261889,873.5076724909275
2278,44.993880150457116,-1.125,90.40658925411995,116.77027179601497
2279,49.31283855921746,5.366972477064221,96.34506767373507,148.79182053242084
2280,47.749650829136584,4.380530973451327,87.72222798122878,924.4505886839906
2281,46.96497733995481,4.304347826086956,96.95998516931472,901.5947887397107
2282,45.78396716177502,4.957627118644068,92.05504234147354,150.7095582481642
2283,49.702390326630685,4.583333333333333,94.11415974729586,442.70222311597354
2284,48.5322537274423,2.0270270270270268,87.87974223420193,18.47315182998326
2285,47.749650829136584,-4.380530973451357,90.93969011388674,97.5944103936747
2286,42.2103698396502,2.4803149606299213,87.88028516803026,407.95381260516234
2287,47.35757623319898,-4.342105263157919,98.69191491325803,31.610587866617276
2288,45.78396716177502,5.720338983050848,96.73409417212699,927.1227300507995
2289,48.141207794360284,2.8125,92.47217769121575,887.8803373829478
2290,44.993880150457116,5.624999999999999,89.54511031766657,3915.0935181315426
2291,47.749650829136584,-3.5840707964601393,98.33461312018937,880.1965375608333
2292,48.141207794360284,6.830357142857143,91.02218594370531,3896.281030574076
2293,45.38920300540005,2.6470588235294117,88.74690370072058,457.5411961856107
2294,50.48004426244293,2.1226415094339623,93.74946103893409,850.9984304104656
2295,50.48004426244293,2.1226415094339623,98.4689044314051,9940.28949786969
2296,48.141207794360284,-4.419642857142833,86.884673261051,864.1215477432804
2297,49.702390326630685,2.9166666666666665,89.72673389429094,2.0
2298,48.922795160247304,6.136363636363636,98.40000410790368,889.6953707904424
2299,47.35757623319898,-1.9736842105263008,88.88067037669038,1933.8816538122574
2300,43.80448796297494,4.75609756097561,88.14281588077282,912.1704879453528
2301,44.993880150457116,0.375,93.82705427245938,792.8428117649298
2302,45.38920300540005,1.8907563025210086,97.39902709866016,873.2566881992061
2303,47.749650829136584,-1.19469026548677,92.69986427531255,78952.99695185691
2304,43.008633994236924,-0.36000000000001364,99.10632627330395,34.145961331515444
2305,46.57184741344958,5.818965517241379,95.12805889450743,871.9858241701623
2306,48.922795160247304,2.0454545454545454,87.7060342460211,130.54116660286644
2307,44.993880150457116,6.375,99.08458791249036,863.4831698604993
2308,48.922795160247304,-3.681818181818187,91.80127628327936,853.3170889612054
2309,47.35757623319898,-0.39473684210526017,90.35795845122345,68.10418052722187
2310,45.38920300540005,1.134453781512605,93.6910663047363,96.71206928403458
2311,43.406858485936986,6.89516129032258,90.56295736572409,857.7026785553564
2312,45.78396716177502,6.483050847457627,87.84411678929226,54.46195452682319
2313,44.59799149300626,-1.115702479338836,86.85630758647903,122.50137370911976
2314,41.81031489577859,8.789062499999998,92.3410300234018,924.590571558969
2315,48.5322537274423,2.0270270270270268,97.07420236068695,149.82494969111752
2316,47.749650829136584,-4.380530973451357,93.85056560939587,409.5705333429926
2317,46.57184741344958,4.267241379310344,99.16459696840305,3900.5819113693224
2318,46.1781796469964,4.230769230769231,90.35083302917955,105.71646313894436
2319,46.1781796469964,0.38461538461538464,90.2689052036036,177.42386846315316
2320,43.008633994236924,3.24,88.73054994622028,852.9520510450646
2321,44.20152985105137,1.8442622950819674,88.78767854665254,899.5700389725951
2322,44.993880150457116,5.624999999999999,90.32955437222107,1921.2826860503023
2323,47.35757623319898,2.763157894736842,96.57377036525502,1966.9180117573235
2324,43.80448796297494,7.682926829268292,97.97182746273373,906.2398993808056
2325,42.60980697763761,2.5,98.86188667242229,106.23801451320973
2326,43.80448796297494,6.951219512195122,89.6537559021652,2.0
2327,50.48004426244293,1.2735849056603774,97.65198741894069,174.8411142315684
2328,44.993880150457116,-0.375,90.83591956724125,61.664567752525045
2329,49.31283855921746,0.4128440366972477,88.1383229277062,885.4947966137024
2330,47.749650829136584,5.176991150442479,97.50540747179417,870.0713195926061
2331,49.31283855921746,2.0642201834862384,94.58858568137693,8.896643651461478
2332,44.993880150457116,5.624999999999999,88.79651517859591,925.0127326796218
2333,44.59799149300626,5.578512396694214,92.08325932297281,115.24681584470125
2334,48.922795160247304,-3.681818181818187,90.35610189304944,259.8991683570314
2335,46.57184741344958,0.3879310344827586,95.88774121720769,872.2015361597615
2336,45.78396716177502,2.669491525423729,92.39105021366764,246.82342131616102
2337,46.96497733995481,6.6521739130434785,99.04000757715444,347.9925126832385
2338,48.922795160247304,-0.40909090909093493,87.48594769556266,20.607993427929625
2339,46.1781796469964,2.6923076923076925,91.14094170166986,182.6394061874409
2340,44.20152985105137,5.532786885245901,92.7619300036018,902.5475061934239
2341,49.31283855921746,5.366972477064221,93.03703846717357,1965.9384077033105
2342,49.31283855921746,-0.41284403669726544,90.69550012600536,187.9591245874289
2343,46.96497733995481,1.9565217391304348,95.78733617491447,219.66442203977482
2344,42.60980697763761,1.0714285714285714,97.5668104281538,883.0647992475493
2345,44.59799149300626,4.09090909090909,98.40356226376011,3910.0784651806453
2346,44.59799149300626,5.578512396694214,96.70998966166134,123.33111976621714
2347,46.96497733995481,4.304347826086956,97.25256410352006,329.6313788346214
2348,44.993880150457116,4.124999999999999,93.61003630570961,912.2935429981751
2349,50.48004426244293,2.9716981132075473,96.94116432457601,853.9652497858938
2350,44.993880150457116,-0.375,90.55379670114449,44.92062486643888
2351,43.008633994236924,5.3999999999999995,91.68269786710125,859.6137123966082
2352,44.993880150457116,5.624999999999999,90.70663850592646,86.10649186325045
2353,43.406858485936986,6.89516129032258,92.57337727324824,425.5643478107119
2354,44.20152985105137,2.581967213114754,90.33459213882438,439.1987375265088
2355,48.922795160247304,-0.40909090909093493,98.69276479890111,937.4153707393925
2356,43.008633994236924,2.52,90.66026557906335,391.1150324323322
2357,49.31283855921746,4.541284403669724,87.97332767552268,128.79555066186123
2358,45.38920300540005,5.672268907563025,93.34389303169837,107.4011685799893
2359,48.5322537274423,2.8378378378378377,87.51374827342855,936.8043173793487
2360,50.48004426244293,2.9716981132075473,88.11270408932236,77.59706644741725
2361,46.1781796469964,4.230769230769231,89.49241829940901,230.2931202392654
2362,47.749650829136584,-1.19469026548677,92.53374240629294,86.33731369740293
2363,45.78396716177502,6.483050847457627,92.12788709279852,905.1953131411117
2364,44.993880150457116,1.125,96.64994145815209,399.6897881018822
2365,49.702390326630685,4.583333333333333,95.92336243513799,160.44011679533133
2366,48.922795160247304,-0.40909090909093493,92.03741410761442,164.83406585339566
2367,45.38920300540005,6.42857142857143,90.89803058029108,929.9038346461043
2368,47.35757623319898,-1.1842105263157805,90.70157501515116,457.008014556709
2369,44.20152985105137,3.319672131147541,96.3642724902216,887.8370141219496
2370,44.59799149300626,1.859504132231405,87.45438604625069,1906.043380751171
2371,43.406858485936986,3.2661290322580645,86.99085625298505,1921.5742366006718
2372,44.59799149300626,6.322314049586777,96.60383436846469,150.4505690577412
2373,46.1781796469964,5.769230769230768,92.70033793955179,4920.459807481555
2374,44.59799149300626,4.834710743801653,88.34826949408078,2.0
2375,47.749650829136584,-4.380530973451357,89.69473081590542,171.778941238502
2376,47.35757623319898,1.9736842105263157,98.32215516511917,1901.9497581480764
2377,43.80448796297494,3.292682926829268,97.36858862695813,126.67467737128275
2378,45.78396716177502,1.1440677966101693,95.52902497170545,125.98820567149069
2379,43.80448796297494,4.024390243902438,92.76614165586204,139.0257281743676
2380,43.80448796297494,6.951219512195122,93.25976007071323,854.7855720552907
2381,43.406858485936986,4.717741935483871,98.86386162785087,300.5477531264763
2382,43.008633994236924,6.12,98.74496073044226,890.6134636526023
2383,46.1781796469964,5.769230769230768,89.44088708408044,1899.0166793505366
2384,47.35757623319898,5.921052631578947,96.77681556964454,874.1634467051781
2385,44.993880150457116,1.8749999999999998,89.21543955284203,95.68937096856324
2386,46.96497733995481,6.6521739130434785,89.41923117108482,3851.352495482525
2387,44.993880150457116,4.875000000000001,95.0877352987519,122.19773168957111
2388,44.59799149300626,-0.37190082644627864,91.76484012295222,66.17762747620493
2389,44.59799149300626,6.322314049586777,98.30958726963482,33.77022130955389
2390,46.96497733995481,-1.956521739130494,87.87257754106228,463.9451278294007
2391,48.5322537274423,-4.459459459459481,93.14576977005255,46.63821017056235
2392,46.1781796469964,5.769230769230768,98.13901685991002,60.164999292275986
2393,48.5322537274423,2.8378378378378377,97.95030615132573,137.88186377147346
2394,43.008633994236924,1.08,88.68790675333592,129.77116911810646
2395,47.35757623319898,-0.39473684210526017,91.28169177501961,852.2574630593163
2396,48.5322537274423,5.270270270270271,94.38735145180327,918.7977276717028
2397,50.091456801832585,4.6261682242990645,88.7258545825743,901.4521306761591
2398,44.59799149300626,1.115702479338843,98.77322016850574,121.31133821731105
2399,44.993880150457116,-0.375,98.08960949709753,113.73180131010946
2400,47.35757623319898,-1.9736842105263008,88.8259033952109,7965.690556371978
2401,49.31283855921746,5.366972477064221,88.23104536560179,2.0
2402,46.1781796469964,0.38461538461538464,87.8324187657758,938.5166748546161
2403,47.35757623319898,3.5526315789473686,98.02011721642849,93.12704072430078
2404,44.59799149300626,4.834710743801653,89.17018020226107,3936.340892420679
2405,44.993880150457116,5.624999999999999,91.90694859134689,156.54026631805337
2406,46.96497733995481,5.869565217391305,92.33147737255874,332.9639990260022
2407,48.141207794360284,-4.419642857142833,94.14907801419632,884.4718160421068
2408,41.81031489577859,8.789062499999998,87.67994498564975,847.0688852542146
2409,45.78396716177502,1.9067796610169492,89.5845818031694,145.7857373478962
2410,44.59799149300626,6.322314049586777,98.30887972661114,457.04913398137467
2411,48.5322537274423,2.0270270270270268,98.00657994613417,891.8571998893975
2412,45.78396716177502,6.483050847457627,96.44537664244297,8.011549314007215
2413,49.702390326630685,0.4166666666666667,87.06855765492269,2.0
2414,45.38920300540005,0.37815126050420167,90.82169075735142,387.91902756981614
2415,42.60980697763761,-0.3571428571428896,94.49205881142368,56.412374265445315
2416,46.57184741344958,0.3879310344827586,90.20141987176103,871.0776017181682
2417,49.702390326630685,3.7499999999999996,98.02199060122884,99.93640838618121
2418,49.702390326630685,1.25,94.56232781113177,262.80473702693445
2419,46.57184741344958,1.9396551724137931,87.68185603005338,92.01433884845927
2420,48.5322537274423,6.891891891891892,98.01437941606042,453.1890029331937
2421,50.091456801832585,4.6261682242990645,98.64451233246838,47.87713831297074
2422,44.20152985105137,6.270491803278689,87.74659735867522,2.0
2423,45.78396716177502,2.669491525423729,93.40911465626596,12.768635416245141
2424,47.749650829136584,-1.991150442477874,90.55220518306184,4937.632156508271
2425,43.008633994236924,1.8,91.61167170932826,62.063322328759035
2426,48.922795160247304,-2.045454545454561,88.99409325242087,884.8969229532246
2427,42.60980697763761,3.2142857142857144,93.91417215064227,21.850821675525886
2428,47.35757623319898,4.342105263157895,98.64718167921075,43.608694055494816
2429,43.008633994236924,0.36000000000000004,93.03624871601745,424.5972575898368
2430,44.993880150457116,5.624999999999999,87.80460843091932,392.8306931378754
2431,43.406858485936986,0.3629032258064516,94.39777716307069,4912.183745034383
2432,41.81031489577859,8.789062499999998,90.97233406106298,3922.0880815110736
2433,47.749650829136584,-1.991150442477874,97.32206601878568,907.1694238466123
2434,42.60980697763761,-0.3571428571428896,92.14651268478339,851.5881080245855
2435,46.57184741344958,2.7155172413793105,89.16037256755621,385.67641928955993
2436,46.57184741344958,1.9396551724137931,89.13868640939366,162.66218971584465
2437,47.35757623319898,-1.9736842105263008,96.30612092455075,3935.1956243303607
2438,45.38920300540005,5.672268907563025,90.0783327584136,851.8407917483222
2439,48.5322537274423,5.270270270270271,96.28910329404162,685.9667203358293
2440,45.38920300540005,6.42857142857143,89.3235540952305,107.8137206060098
2441,45.38920300540005,5.672268907563025,90.76104692416685,10.370908626868946
2442,44.20152985105137,-1.106557377049171,92.54857697264217,3924.1433349518306
2443,43.406858485936986,1.088709677419355,98.46164707062063,143.93031691331947
2444,46.1781796469964,-1.153846153846132,98.3120367804112,368.88439997856136
2445,47.35757623319898,0.39473684210526316,89.33586758666158,47.112735489049484
2446,47.749650829136584,5.973451327433628,91.17745948428637,925.1162354520293
2447,48.141207794360284,2.8125,88.59349209562514,2.0
2448,49.31283855921746,2.0642201834862384,93.12580962457695,924.1976703742986
2449,47.35757623319898,-1.1842105263157805,92.48457281498952,60.98110776592452
2450,47.749650829136584,6.769911504424779,97.90638286559067,1365.6913446008568
2451,42.60980697763761,-0.3571428571428896,98.2894294452386,891.5646664460784
2452,45.38920300540005,6.42857142857143,91.49490417319855,74.16819330291905
2453,46.96497733995481,0.391304347826087,92.88939225604071,465.7023659766419
2454,44.993880150457116,1.8749999999999998,97.84712977075841,143.45413663018365
2455,48.5322537274423,2.0270270270270268,96.72793716002379,81.50272076710347
2456,45.78396716177502,0.3813559322033898,86.88261866315736,932.0856675401499
2457,44.993880150457116,6.375,90.74250402032465,183.5570458502596
2458,45.78396716177502,6.483050847457627,91.9781128812512,181.35959595189144
2459,46.57184741344958,-1.9396551724138362,89.62157195736371,76.98913120509457
2460,41.81031489577859,9.4921875,89.2445666420228,174.52853399963846
2461,43.406858485936986,-1.8145161290322562,87.28565383024603,935.979230993107
2462,44.993880150457116,6.375,94.6746527709544,165.72957351983052
2463,45.38920300540005,-0.3781512605041826,90.03888756588366,4912.404702560062
2464,44.993880150457116,6.375,87.45763095453756,3930.663771239835
2465,48.141207794360284,5.2232142857142865,89.63736804565633,63.47608124328295
2466,46.57184741344958,4.267241379310344,96.67464426238337,81.00420407624603
2467,49.702390326630685,3.7499999999999996,97.26438379365388,933.1790496916122
2468,45.78396716177502,5.720338983050848,92.77703818866263,178.80742278893757
2469,45.38920300540005,5.672268907563025,91.9042502260208,2.0
2470,48.141207794360284,-3.616071428571388,98.8966068527482,126.33702650589464
2471,42.60980697763761,-0.3571428571428896,89.2569861768122,850.1875636807164
2472,43.008633994236924,5.3999999999999995,89.44201563705732,913.3245673378315
2473,44.20152985105137,1.8442622950819674,90.41518662607767,57.25166636303644
2474,45.38920300540005,4.915966386554622,88.90280276751989,44.89630077119999
2475,43.406858485936986,6.89516129032258,91.4419868266906,2838.3130162039197
2476,48.5322537274423,1.2162162162162162,98.03833046522081,898.2578812637388
2477,43.80448796297494,3.292682926829268,94.34264120490208,847.729745003049
2478,48.5322537274423,0.40540540540540543,91.85231106757848,903.9061109069094
2479,43.80448796297494,4.024390243902438,98.34713050197281,244.19538459802365
2480,47.749650829136584,-4.380530973451357,87.41177550392095,900.5459836838486
2481,43.406858485936986,6.89516129032258,89.37844361167812,169.55787193610797
2482,42.60980697763761,1.7857142857142856,93.77956013835897,113.19516596753306
2483,48.5322537274423,3.648648648648649,94.34506752923146,891.3269390817057
2484,45.78396716177502,3.4322033898305087,87.30659198219533,201.44250946595676
2485,42.2103698396502,9.566929133858267,91.74012641939323,19902.97316743674
2486,45.78396716177502,5.720338983050848,94.74318615262398,159.7081524216421
2487,43.406858485936986,5.443548387096773,95.37559130508605,2835.3809968455976
2488,44.993880150457116,3.375,94.61268828816578,3852.985900768265
2489,46.96497733995481,-1.956521739130494,90.74824492043639,112.20584924051542
2490,47.749650829136584,-2.787610619469035,87.9228744050199,912.997422202648
2491,48.141207794360284,6.0267857142857135,92.04777803222876,263.8449079905389
2492,44.20152985105137,-1.106557377049171,88.32010726491595,2373.907020058365
2493,46.57184741344958,1.9396551724137931,98.51721656229009,382.1853749542588
2494,45.38920300540005,1.8907563025210086,92.67474242361764,896.1146695462047
2495,45.78396716177502,6.483050847457627,90.71058416842381,394.3440995550245
2496,44.993880150457116,1.125,96.27877208489917,106.00406914696399
2497,43.406858485936986,6.169354838709678,92.96985997453372,92.92241441547206
2498,42.2103698396502,9.566929133858267,90.62822930241371,228.25668591512203
2499,46.57184741344958,-0.38793103448279,96.78641142843526,899.618800706363
2500,43.406858485936986,0.3629032258064516,97.46805225768631,852.5179728177205
2501,44.20152985105137,-0.3688524590164093,95.04733046415663,878.6817727887558
2502,44.993880150457116,0.375,87.394063574035,130.06834078335442
2503,42.60980697763761,3.2142857142857144,93.7843583207513,404.7882148015475
2504,48.141207794360284,4.419642857142857,96.23995931558898,9.125731210053424
2505,48.922795160247304,6.136363636363636,88.42271553838904,919.0441975451515
2506,43.406858485936986,3.991935483870967,89.60849597202777,78929.74526422317
2507,46.1781796469964,-1.153846153846132,97.66755950422485,185.03831022589827
2508,43.406858485936986,3.2661290322580645,87.0770660819744,2.0
2509,43.008633994236924,1.08,96.09950221726322,76.93827870309764
2510,49.31283855921746,2.8899082568807337,92.6566348890537,867.3773076566774
2511,43.406858485936986,-1.0887096774193878,92.30434310729132,854.7122806033487
2512,45.78396716177502,1.1440677966101693,86.92324577794939,909.7545844910906
2513,45.38920300540005,1.8907563025210086,96.86901556948769,117.51562696186846
2514,44.993880150457116,6.375,91.1958914305948,902.1667566427581
2515,43.008633994236924,-1.079999999999984,93.50198350476002,878.4797249633399
2516,50.091456801832585,2.9439252336448596,95.10355282747084,147.93733912597702
2517,45.78396716177502,5.720338983050848,95.43530435014009,451.0266561579359
2518,44.59799149300626,6.322314049586777,98.62209031255311,64.76051736368679
2519,44.20152985105137,2.581967213114754,93.39784185309585,383.94692893877817
2520,44.59799149300626,6.322314049586777,91.6983243526041,938.9790956885743
2521,48.5322537274423,2.0270270270270268,98.59352083438075,208.51557375390735
2522,47.749650829136584,-0.3982300884955521,94.65972996078818,925.943622099587
2523,46.96497733995481,3.5217391304347827,90.49277497725159,847.878091159006
2524,43.80448796297494,4.75609756097561,88.29024540609662,88.88093134268753
2525,47.749650829136584,-4.380530973451357,97.14820450810683,716.5126674102498
2526,48.141207794360284,6.830357142857143,91.22557171958877,422.5089146676529
2527,42.60980697763761,8.928571428571429,94.8831050212442,181.40267983192552
2528,50.48004426244293,2.9716981132075473,92.61812783490464,49.811502057494216
2529,41.411188638099254,9.140625,89.23653949694612,189.37649661000384
2530,44.59799149300626,4.834710743801653,94.1807788917969,24.466132766910636
2531,43.406858485936986,0.3629032258064516,87.55607322502959,38.53005476087851
2532,47.749650829136584,-1.19469026548677,91.8698911633244,189.02689834350588
2533,50.091456801832585,2.102803738317757,93.56661085887686,140.24346937193877
2534,44.20152985105137,4.057377049180328,92.16437626727931,2866.0223656578373
2535,43.406858485936986,1.088709677419355,96.04560739817744,171.28033601474596
2536,44.20152985105137,4.795081967213115,96.96380646648527,900.3588539811041
2537,48.5322537274423,2.8378378378378377,96.33367858118585,440.024755082818
2538,44.20152985105137,6.270491803278689,87.29779915390971,883.5215074255502
2539,43.80448796297494,0.36585365853658536,89.17649550985125,120.26603928278529
2540,44.59799149300626,2.603305785123967,93.45604159015261,3905.032223610557
2541,44.20152985105137,-0.3688524590164093,98.35251689845016,439.90995489077557
2542,43.406858485936986,3.2661290322580645,97.0494098776854,923.3626703970724
2543,44.993880150457116,5.624999999999999,97.14794453398564,166.5756128760776
2544,48.922795160247304,2.0454545454545454,90.55042603063693,39.31002227085473
2545,45.78396716177502,6.483050847457627,92.07825635566078,874.0107285058435
2546,49.31283855921746,-0.41284403669726544,92.61668614190401,2.0
2547,46.57184741344958,-0.38793103448279,88.69906159506411,400.3541607458762
2548,46.57184741344958,-0.38793103448279,87.2063371290541,89.38125650073086
2549,49.31283855921746,4.541284403669724,98.50817095617843,859.5018554159338
2550,46.96497733995481,0.391304347826087,89.75948273788357,15880.028617451451
2551,48.922795160247304,6.954545454545455,89.74969379804688,392.49283605936296
2552,43.80448796297494,5.48780487804878,87.80978791884489,919.0335014700111
2553,42.60980697763761,1.7857142857142856,98.26981391320294,423.80891802070784
2554,49.31283855921746,6.192660550458715,93.9325684076671,415.18666994433363
2555,42.60980697763761,2.5,94.9691197372253,2905.1913657435243
2556,45.38920300540005,4.159663865546218,98.04805764534983,1882.6879614661302
2557,47.749650829136584,-0.3982300884955521,91.03385299941529,909.1082207034293
2558,49.31283855921746,-0.41284403669726544,94.41562043134232,136.21592940511883
2559,45.78396716177502,-1.144067796610159,87.29763980804078,450.680346947095
2560,43.80448796297494,4.024390243902438,89.08449441581034,104.28129246727764
2561,44.20152985105137,0.3688524590163934,97.00115545445588,377.70425056660537
2562,49.31283855921746,0.4128440366972477,96.28393350616564,406.7933953708314
2563,49.31283855921746,6.192660550458715,91.09110152054551,923.4616072553096
2564,46.57184741344958,-1.9396551724138362,91.4098095485867,1902.707642840107
2565,47.749650829136584,-1.19469026548677,93.42230901993763,188.4547153321753
2566,48.141207794360284,-2.008928571428555,86.84228577476254,2.0
2567,47.749650829136584,-3.5840707964601393,89.76629875925653,932.8971675631662
2568,43.80448796297494,4.75609756097561,89.35287563741272,79.36424440130722
2569,43.008633994236924,-0.36000000000001364,89.88472005444464,857.7817061559891
2570,46.57184741344958,-1.1637931034482563,96.71902177757147,2.0
2571,43.008633994236924,3.24,90.25889161050458,181.78449988360347
2572,47.35757623319898,5.921052631578947,89.14388536759859,39862.645366606965
2573,45.78396716177502,5.720338983050848,93.05167799249264,39.57081513335031
2574,48.141207794360284,-3.616071428571388,97.4484549696794,220.16414137354803
2575,44.59799149300626,0.371900826446281,89.76764937264136,141.02396337016705
2576,42.2103698396502,8.858267716535433,87.75578410211669,1932.6249330866474
2577,44.993880150457116,5.624999999999999,91.15677937792832,935.2663337497419
2578,46.96497733995481,3.5217391304347827,96.03204583882645,110.37244460641168
2579,44.59799149300626,1.115702479338843,93.61164106642194,29.02243685750522
2580,48.922795160247304,-0.40909090909093493,96.84005753588507,859.4276109043218
2581,43.008633994236924,0.36000000000000004,98.6674224272351,153.91934246747755
2582,45.78396716177502,-0.38135593220340525,96.5717963503459,873.5011982495679
2583,45.78396716177502,1.1440677966101693,94.20585545632318,2.487366306781234
2584,44.993880150457116,2.625,92.91016973765434,57.25740842377356
2585,44.993880150457116,6.375,87.31263345737072,877.9750381944756
2586,49.31283855921746,5.366972477064221,98.97778455052186,99.19416404603534
2587,44.59799149300626,5.578512396694214,91.49381770922092,931.5863868573488
2588,47.749650829136584,1.1946902654867255,88.63095200372193,16.802457652821435
2589,44.20152985105137,1.1065573770491803,94.96482365190295,100.56731420929941
2590,43.80448796297494,6.951219512195122,90.31803979804738,199902.89228091604
2591,43.80448796297494,4.75609756097561,93.9993154319793,263.85234588356406
2592,45.38920300540005,6.42857142857143,94.01024965040105,883.1708090145421
2593,45.38920300540005,3.403361344537815,92.29074028822343,83.898354583749
2594,48.5322537274423,2.8378378378378377,97.06451750276517,854.0200980198372
2595,43.80448796297494,1.0975609756097562,90.07037866572945,890.4165824658029
2596,47.749650829136584,7.566371681415929,92.32862230655756,144.25751550753364
2597,45.78396716177502,7.245762711864407,93.46802524240499,922.6027356654073
2598,47.749650829136584,-3.5840707964601393,94.92442842119172,852.0000979832076
2599,48.5322537274423,2.0270270270270268,96.47518336064165,177.201871528355
2600,44.993880150457116,6.375,91.63645928567531,459.8005636136194
2601,49.31283855921746,1.238532110091743,94.70637325298087,558.1919245698829
2602,44.20152985105137,5.532786885245901,88.60953589179208,74.63598539828624
2603,47.35757623319898,5.131578947368422,98.324043172616,183.2082129866269
2604,50.48004426244293,1.2735849056603774,91.48849906279868,157.0360238266548
2605,45.38920300540005,1.8907563025210086,95.7910732652472,182.40071828037094
2606,49.702390326630685,4.583333333333333,87.07965660295952,901.3772732769646
2607,47.749650829136584,-4.380530973451357,89.31479742199764,405.5844929225324
2608,44.20152985105137,0.3688524590163934,92.8290750045393,3895.7850423895825
2609,49.31283855921746,2.8899082568807337,97.61239171259699,135.07756608458004
2610,43.406858485936986,1.8145161290322582,93.34956773042865,188.93291315198647
2611,50.48004426244293,2.1226415094339623,98.28766261746152,909.4702980341393
2612,47.749650829136584,2.7876106194690267,92.78650480720668,451.4139053032912
2613,44.20152985105137,4.795081967213115,92.8726934359209,452.1383502894974
2614,47.35757623319898,5.131578947368422,88.21533678107038,13.962964245439993
2615,48.922795160247304,4.499999999999999,96.68289625496125,181.3842881421462
2616,46.96497733995481,4.304347826086956,89.83963200185498,124.95206619898289
2617,47.749650829136584,6.769911504424779,97.8913509281566,249913.57451893756
2618,43.406858485936986,2.5403225806451615,98.03819940047754,141.55583002232044
2619,47.35757623319898,4.342105263157895,98.46308107365604,1145.227864618262
2620,43.80448796297494,3.292682926829268,93.25855334846527,874.8004499251837
2621,43.008633994236924,1.08,95.10084288224046,155.9264186545535
2622,46.1781796469964,6.538461538461539,96.41452977810302,449.6162687596816
2623,43.008633994236924,5.3999999999999995,88.35003706589723,926.2470917873084
2624,46.96497733995481,-1.173913043478251,94.17213658368341,939.6588708871078
2625,42.60980697763761,-0.3571428571428896,87.2444789443124,71.85560317502677
2626,48.922795160247304,2.0454545454545454,92.96490402881612,155.3335821044118
2627,44.59799149300626,5.578512396694214,88.66557334079899,153.41377466452846
2628,45.78396716177502,6.483050847457627,89.03634923379609,7.854641731543936
2629,46.57184741344958,1.9396551724137931,91.26166564706217,850.3781820086971
2630,44.993880150457116,-1.125,92.11726721058122,930.7197828483278
2631,44.59799149300626,-0.37190082644627864,94.43534918680096,173.87037032860437
2632,50.48004426244293,2.1226415094339623,87.70997636882265,894.7783354653222
2633,48.5322537274423,-4.459459459459481,93.0442708189864,859.6035916743266
2634,44.20152985105137,1.1065573770491803,89.03262484160956,171.25514884770934
2635,44.59799149300626,3.3471074380165287,93.86890636290578,61.40009787923171
2636,42.60980697763761,-0.3571428571428896,94.60397635197867,885.1616989354087
2637,44.20152985105137,7.008196721311475,93.67814011185267,930.6399730047451
2638,42.60980697763761,2.5,95.90769034954978,877.8129222131718
2639,44.59799149300626,-1.115702479338836,90.91974487436579,2.0
2640,47.749650829136584,-0.3982300884955521,96.26403848880202,100.8987207870972
2641,48.922795160247304,5.318181818181819,92.12157269902366,22.69107710511061
2642,43.80448796297494,2.560975609756097,92.79152673403863,468.9999911797505
2643,44.59799149300626,1.115702479338843,94.73072367032678,899.9266066200541
2644,49.702390326630685,-2.0833333333333144,87.05624203425278,44.91675455173944
2645,46.96497733995481,4.304347826086956,94.80053494277071,925.5588307026293
2646,42.60980697763761,8.928571428571429,94.38099779181864,458.26049387874787
2647,45.78396716177502,-1.144067796610159,90.62609886615267,879.1012695054608
2648,46.1781796469964,6.538461538461539,87.83672097487116,9893.14235695198
2649,45.78396716177502,2.669491525423729,87.8940518379875,30.370713288039887
2650,48.141207794360284,6.830357142857143,98.20060532633973,1919.8648336761985
2651,46.96497733995481,6.6521739130434785,95.2604460173529,53.31157692600081
2652,46.96497733995481,6.6521739130434785,88.29823346571737,178.89475835405185
2653,49.31283855921746,1.238532110091743,91.16040899719142,929.6610051601423
2654,43.80448796297494,0.36585365853658536,94.0733940202111,1936.475692819614
2655,46.1781796469964,2.6923076923076925,97.05740592579096,422.7892527422707
2656,43.80448796297494,6.951219512195122,87.3550511350997,849.0840100693382
2657,43.406858485936986,3.2661290322580645,89.70807775001067,884.7933050270326
2658,48.141207794360284,6.830357142857143,97.76216126274254,923.8118745552529
2659,44.59799149300626,2.603305785123967,86.9476797359666,50.82856556728922
2660,45.78396716177502,4.957627118644068,89.2674221692127,916.7073331620351
2661,43.406858485936986,-1.8145161290322562,98.6602943202319,404.6732947816218
2662,48.141207794360284,6.830357142857143,94.31958449177661,382.5457031770847
2663,44.59799149300626,5.578512396694214,90.02813416892096,221.12609708805604
2664,44.993880150457116,5.624999999999999,87.62704026280032,424.83932840384085
2665,47.749650829136584,-1.19469026548677,87.17236382785612,3923.3399996892044
2666,48.5322537274423,2.0270270270270268,89.81117158743798,452.98701153582005
2667,44.59799149300626,1.859504132231405,97.65443557997584,4927.361090724415
2668,44.20152985105137,4.057377049180328,91.90227276631448,82.6151249190363
2669,47.35757623319898,5.131578947368422,95.66895414951865,889.7997037823772
2670,44.59799149300626,1.115702479338843,98.13591930620784,917.386880377657
2671,46.57184741344958,4.267241379310344,91.80311783758002,875.706968718936
2672,44.20152985105137,1.1065573770491803,89.1408343859411,853.0974977529124
2673,48.141207794360284,3.6160714285714284,93.21822576949077,464.9767236299147
2674,43.008633994236924,1.08,98.00230457517104,932.6330937350205
2675,47.749650829136584,-2.787610619469035,96.70199701184781,920.3324388349903
2676,46.96497733995481,5.869565217391305,87.61409076131115,51.24905090751772
2677,49.31283855921746,2.0642201834862384,95.30358318678806,928.7682815873881
2678,48.922795160247304,6.954545454545455,93.84595096711921,188.21134204883262
2679,45.38920300540005,2.6470588235294117,97.99417727969218,117.43301670164959
2680,47.749650829136584,6.769911504424779,88.24583154309052,935.4004941021049
2681,43.406858485936986,1.088709677419355,93.4276309621996,258.9573463854557
2682,50.091456801832585,2.102803738317757,97.6281285004354,916.173579482174
2683,46.96497733995481,-0.39130434782612156,91.8280958192494,121.7169981551248
2684,47.35757623319898,-2.763157894736878,92.76315763146457,2.0
2685,50.091456801832585,2.9439252336448596,87.66573075475351,414.9117504365253
2686,48.5322537274423,0.40540540540540543,90.23927717086191,39.31916557958598
2687,46.1781796469964,1.1538461538461537,90.79319349675723,899.2685104840236
2688,45.78396716177502,6.483050847457627,98.48582610230807,127.30943594895689
2689,46.57184741344958,-1.1637931034482563,90.29726259844487,377.50858393152043
2690,45.38920300540005,4.915966386554622,92.4883076085304,32.183723944815235
2691,44.993880150457116,4.124999999999999,95.02501526436802,131.9806175326026
2692,50.48004426244293,2.9716981132075473,88.76278032859653,907.7585947197184
2693,45.78396716177502,4.194915254237288,92.82078086600134,67.09350354421278
2694,42.60980697763761,-0.3571428571428896,95.91092711216476,865.6966819031836
2695,45.38920300540005,3.403361344537815,97.46419111873367,2370.0705881376102
2696,44.59799149300626,4.834710743801653,94.47192309916795,875.9286367930506
2697,47.35757623319898,3.5526315789473686,94.9955334262209,917.0055447738896
2698,43.80448796297494,1.0975609756097562,88.28822954748985,44.04741747324634
2699,43.80448796297494,0.36585365853658536,98.49403448351231,116.12444480098975
2700,45.38920300540005,3.403361344537815,88.37068775126653,1897.788946892504
2701,42.2103698396502,8.858267716535433,96.37180809264841,886.9720963562237
2702,48.5322537274423,0.40540540540540543,90.06844647048923,863.315157839814
2703,50.091456801832585,2.9439252336448596,98.33642111360139,870.8967563439089
2704,43.80448796297494,0.36585365853658536,95.66398554897563,188.2695700500003
2705,43.80448796297494,5.48780487804878,96.11394397108423,9.212995265939162
2706,48.922795160247304,-0.40909090909093493,89.48828844004221,908.6827117670126
2707,47.749650829136584,6.769911504424779,92.25563702314517,875.57683667906
2708,50.091456801832585,2.9439252336448596,94.37185144702863,398.55775319864364
2709,47.749650829136584,-1.19469026548677,96.31956614334408,1915.0290414632452
2710,43.80448796297494,1.0975609756097562,88.03928602454602,153.8270819180758
2711,45.38920300540005,2.6470588235294117,98.7022260036902,135.36237576731648
2712,46.96497733995481,0.391304347826087,97.76833921383171,936.3485519225412
2713,46.96497733995481,-2.7391304347825667,90.13935955983449,912.6111776223622
2714,50.48004426244293,1.2735849056603774,96.90639078594589,429.00329536942434
2715,47.749650829136584,-0.3982300884955521,93.23385109796727,55.81649912933331
2716,44.59799149300626,1.115702479338843,92.50054547563383,100.38613955318789
2717,42.2103698396502,8.858267716535433,90.6783830195978,868.5362080321609
2718,43.406858485936986,3.2661290322580645,93.94617459017131,175.4004264509049
2719,50.091456801832585,4.6261682242990645,95.79596033740322,924.9749740725912
2720,43.008633994236924,1.8,91.83954524718943,4896.739657609522
2721,43.80448796297494,2.560975609756097,94.50699308625109,915.3194558548165
2722,43.80448796297494,1.829268292682927,95.39186362155966,172.09223101535713
2723,45.78396716177502,2.669491525423729,95.54653361170828,910.011879987079
2724,46.57184741344958,5.818965517241379,87.4531306063267,160.57162827686386
2725,47.35757623319898,0.39473684210526316,97.37177219714681,75.48219721472321
2726,49.31283855921746,4.541284403669724,92.45417559562304,3.176023524568813
2727,48.141207794360284,-3.616071428571388,90.03767998966717,175.69853987758825
2728,47.749650829136584,2.7876106194690267,89.77296636088653,1927.5764381808979
2729,45.78396716177502,5.720338983050848,92.7763627406005,110.9408130864523
2730,44.20152985105137,4.795081967213115,97.723949215153,96.60902509638821
2731,45.78396716177502,4.957627118644068,91.42916593438451,9879.757573347892
2732,49.31283855921746,2.0642201834862384,96.05961049835182,2.0
2733,42.60980697763761,8.928571428571429,87.95965828731362,909.102485935575
2734,42.60980697763761,1.0714285714285714,92.68621967917483,147.29980641467657
2735,43.80448796297494,2.560975609756097,99.07020559476037,5.390388583299126
2736,41.81031489577859,8.789062499999998,96.32472644587384,2384.686456423334
2737,45.38920300540005,6.42857142857143,89.38159914203251,60.6335570854181
2738,42.60980697763761,-0.3571428571428896,93.01511517231616,455.56810162401547
2739,49.31283855921746,-2.0642201834862135,89.67045349529381,126.41752132188329
2740,46.96497733995481,5.869565217391305,91.82226657049895,20.372649136849816
2741,48.141207794360284,-3.616071428571388,96.43196270460044,12.114748460777278
2742,48.141207794360284,2.8125,96.33347560021788,47.60849952861088
2743,48.5322537274423,2.0270270270270268,89.60136257662786,23.71154698740897
2744,44.993880150457116,6.375,98.18750195755976,901.2042817508839
2745,43.80448796297494,1.829268292682927,94.07433524787238,407.7701976612042
2746,44.993880150457116,1.125,91.44902299902057,156.79836424403143
2747,48.5322537274423,3.648648648648649,93.02151702597916,195.37379792949523
2748,43.80448796297494,6.219512195121951,94.22088116360072,2893.3362447670925
2749,44.993880150457116,-0.375,93.71328912300677,1951.3276663123409
2750,46.57184741344958,1.9396551724137931,92.82029692330552,887.1508473069418
2751,44.59799149300626,4.834710743801653,93.06035027828153,1156.0441993304273
2752,47.749650829136584,5.973451327433628,88.95119765357292,146.53985236367456
2753,47.35757623319898,-0.39473684210526017,96.79491767160057,173.66512041076786
2754,43.008633994236924,6.12,93.51297353828416,855.2235663901344
2755,47.749650829136584,-1.991150442477874,88.35090102828995,858.3277860005135
2756,45.78396716177502,4.194915254237288,96.27713823644243,404.97914634491923
2757,43.008633994236924,1.08,98.32136963110595,182.2926457715272
2758,44.20152985105137,0.3688524590163934,98.51324119816215,39879.71856700049
2759,49.31283855921746,2.8899082568807337,91.31166588383451,920.1686850132572
2760,48.5322537274423,3.648648648648649,88.4096568824494,272.71805439977476
2761,50.48004426244293,2.1226415094339623,93.23483194471572,890.7880733692148
2762,44.993880150457116,7.125,88.13574345434188,124.43479960284574
2763,45.78396716177502,1.1440677966101693,98.34158522732656,39.28729712190276
2764,48.5322537274423,2.0270270270270268,89.04456229215596,161.00826793642779
2765,42.60980697763761,8.928571428571429,89.91398262936497,183.31432423581668
2766,45.38920300540005,4.159663865546218,91.78543669445371,2.0
2767,47.749650829136584,1.1946902654867255,91.48982977096013,918.1861131040283
2768,45.78396716177502,-1.144067796610159,96.59403480943577,163.99276857402347
2769,44.59799149300626,5.578512396694214,92.42890377206967,706.1778852937642
2770,49.31283855921746,-1.2385321100917395,88.87646323499807,25.115508843274636
2771,47.749650829136584,-4.380530973451357,90.09912750115986,79.75260658229449
2772,43.80448796297494,5.48780487804878,93.11451559859361,1881.7892847463233
2773,45.78396716177502,3.4322033898305087,88.56772975473451,853.650235905053
2774,45.38920300540005,6.42857142857143,94.29889534332177,4899.866302005102
2775,46.1781796469964,6.538461538461539,93.77799897062772,199932.34785358224
2776,49.702390326630685,4.583333333333333,95.59411139439334,169.5830830110471
2777,48.5322537274423,-4.459459459459481,98.3902721502682,137.3401569941194
2778,45.78396716177502,0.3813559322033898,98.056933649263,931.8269834707282
2779,48.141207794360284,6.830357142857143,98.49778848299644,199910.83540798243
2780,49.31283855921746,0.4128440366972477,89.81079367680265,860.2113056150914
2781,43.406858485936986,2.5403225806451615,88.35732939330411,912.0328622149058
2782,42.2103698396502,9.566929133858267,90.53980853491359,907.8386336139603
2783,43.80448796297494,3.292682926829268,97.8320532577264,162.29198303891474
2784,43.406858485936986,3.991935483870967,98.82381346278584,500.212273913127
2785,47.749650829136584,1.1946902654867255,97.36627374101674,923.9052703810892
2786,42.60980697763761,9.642857142857142,88.10684467308698,878.5203853586871
2787,48.141207794360284,3.6160714285714284,98.51476100181428,2.0
2788,42.60980697763761,2.5,91.99878175041412,154.06805473934918
2789,41.81031489577859,9.4921875,86.94938904238688,63.2473509437754
2790,44.20152985105137,1.1065573770491803,92.24720345324835,108.28643453305358
2791,42.2103698396502,9.566929133858267,87.38349113292423,1933.9502915685264
2792,45.38920300540005,-0.3781512605041826,93.53637031537878,5.0688033081731945
2793,47.749650829136584,5.973451327433628,90.95331057389966,102.47333782971641
2794,46.1781796469964,-1.9230769230769056,92.65225097235113,142.09173985324904
2795,44.993880150457116,4.124999999999999,94.31684177987285,856.2167554608998
2796,49.31283855921746,6.192660550458715,97.48949378965183,442.8069990641393
2797,44.993880150457116,6.375,94.90185910443681,101.79754670460352
2798,42.2103698396502,9.566929133858267,92.13830039634831,73.93609254572728
2799,48.141207794360284,2.8125,96.86934488269289,109.97491922130801
2800,43.80448796297494,3.292682926829268,97.96953990021284,420.01575569235814
2801,43.008633994236924,3.24,88.215483732626,125.1480442341629
2802,42.60980697763761,1.0714285714285714,93.40439401107805,3938.192741691595
2803,42.60980697763761,9.642857142857142,90.32090682735925,392.10469205125116
2804,45.38920300540005,3.403361344537815,87.39520643896368,16.91338747793337
2805,42.2103698396502,8.858267716535433,94.9888952208604,891.4061541474725
2806,44.20152985105137,6.270491803278689,97.411080453718,150.59896217853725
2807,48.5322537274423,6.891891891891892,88.77230521465658,867.6785481758093
2808,45.78396716177502,5.720338983050848,96.79136863204806,128.86261136720339
2809,44.20152985105137,1.8442622950819674,97.28917503765905,469.2581659256683
2810,47.749650829136584,2.7876106194690267,98.08425400884495,904.8347419230114
2811,44.59799149300626,0.371900826446281,90.07445516957353,2885.806214175131
2812,44.59799149300626,4.09090909090909,97.94820271403937,120.71230425274518
2813,48.5322537274423,6.891891891891892,90.74937940350569,153.25214342881242
2814,45.38920300540005,-1.1344537815126046,93.62984348291033,392.39430951087655
2815,43.80448796297494,0.36585365853658536,87.43590502223684,2879.111795796161
2816,45.78396716177502,-1.144067796610159,87.35765109923442,1920.4025463839598
2817,50.48004426244293,2.9716981132075473,95.66948371341792,33.72209244974839
2818,50.48004426244293,2.9716981132075473,92.27442946754437,56.46277937621665
2819,46.96497733995481,2.739130434782609,89.95918580290882,414.94783319876063
2820,43.008633994236924,-1.079999999999984,89.13003030364716,42.775307213308245
2821,48.141207794360284,-2.8125,95.00732108273913,157.9850286057793
2822,44.993880150457116,-1.125,86.84418165584644,65.36163341275278
2823,48.141207794360284,-4.419642857142833,96.71885865527436,862.2150121481269
2824,47.35757623319898,5.921052631578947,87.76373905702,4892.372613952797
2825,43.406858485936986,3.2661290322580645,89.14348882114588,158436.41919631843
2826,44.20152985105137,3.319672131147541,91.52851759288832,171.07525774859914
2827,48.922795160247304,2.8636363636363633,92.80026248157941,850.6208132478947
2828,46.1781796469964,5.769230769230768,91.1407120210384,931.1730586480145
2829,49.702390326630685,1.25,90.7499425993076,48.6388900179546
2830,45.78396716177502,5.720338983050848,98.72168740562185,878.9745799398834
2831,44.59799149300626,3.3471074380165287,94.65344380282302,185.90536443029572
2832,48.922795160247304,-0.40909090909093493,87.11616992391197,96.44705163095091
2833,47.749650829136584,-1.991150442477874,92.08775711979565,183.21759094630914
2834,46.57184741344958,5.818965517241379,97.57021240234523,26.195502888579927
2835,43.008633994236924,6.84,90.53045601982772,880.8040705149758
2836,41.81031489577859,8.789062499999998,87.93442965646007,117.01190812991744
2837,49.702390326630685,4.583333333333333,96.17469826223841,142.90216748613636
2838,44.20152985105137,7.008196721311475,94.23204911213813,50.596099235462496
2839,46.96497733995481,-2.7391304347825667,93.82843858863401,933.8006108104036
2840,46.57184741344958,4.267241379310344,87.47214926832704,413.45722444839515
2841,44.20152985105137,6.270491803278689,88.47563138950711,470.27106187992734
2842,43.008633994236924,6.84,94.42796736320004,468.3117388220511
2843,42.60980697763761,2.5,89.34777338235105,186.63333228847904
2844,44.993880150457116,1.125,93.04917246850503,89.234170910626
2845,46.96497733995481,2.739130434782609,93.54746062957747,896.3742575708038
2846,43.80448796297494,2.560975609756097,90.30802760710702,53.82724935076055
2847,47.749650829136584,3.5840707964601775,98.52727543875922,41.29060177311512
2848,45.38920300540005,-1.1344537815126046,97.14702909015435,885.4188300969538
2849,46.96497733995481,3.5217391304347827,95.69606978660411,97.63463317109822
2850,44.59799149300626,1.859504132231405,87.74973588033978,140.8574908122022
2851,47.749650829136584,0.39823008849557523,88.06349160034812,400.3068706973023
2852,48.141207794360284,2.8125,92.90291101050087,381.62739348982575
2853,43.008633994236924,6.84,88.74331396868025,884.928508188859
2854,48.922795160247304,4.499999999999999,98.90177461224651,858.2669921271684
2855,45.38920300540005,0.37815126050420167,88.7142722715006,864.8314004987039
2856,48.141207794360284,-4.419642857142833,92.83406699429938,886.6429163683159
2857,49.702390326630685,3.7499999999999996,91.24999718906557,134.60811999662837
2858,49.702390326630685,2.9166666666666665,94.62745741283086,147.72497301565986
2859,48.5322537274423,-1.2162162162161962,88.32384119173972,295.1686792415335
2860,43.406858485936986,6.169354838709678,92.08959094220658,141.16175948804928
2861,47.749650829136584,-3.5840707964601393,90.19520080664574,24930.483937422614
2862,42.60980697763761,2.5,97.73599895324284,917.9543791572144
2863,44.993880150457116,1.8749999999999998,87.31873452303282,74.15977104003028
2864,46.1781796469964,-1.9230769230769056,98.07622575926669,2.0
2865,44.993880150457116,1.8749999999999998,97.02388935522379,8.253993626726945
2866,45.38920300540005,2.6470588235294117,90.48616803362675,113.18143085802191
2867,44.20152985105137,6.270491803278689,96.53431207681402,46.92418791991885
2868,47.749650829136584,-3.5840707964601393,87.20805457827524,442.25578934904325
2869,46.96497733995481,1.9565217391304348,98.75870443728523,931.7139988417193
2870,43.008633994236924,1.08,93.34101381356027,893.7495024599478
2871,42.60980697763761,1.7857142857142856,90.55125619949114,100.62339970045865
2872,43.008633994236924,1.08,91.2306295903528,181.6930459535318
2873,46.1781796469964,2.6923076923076925,87.62050846829506,423.888341128733
2874,43.80448796297494,1.829268292682927,99.04088067500965,916.7500872601773
2875,45.78396716177502,5.720338983050848,87.3034558483553,925.8042503729273
2876,45.78396716177502,-1.144067796610159,94.81135127216041,1947.9148219409656
2877,48.141207794360284,6.0267857142857135,92.25166909449251,424.8636306818487
2878,44.993880150457116,3.375,98.53343832942339,880.449490311142
2879,48.141207794360284,2.0089285714285716,89.82725393425217,45.577148036706284
2880,47.35757623319898,-4.342105263157919,93.40609381628578,465.3204676650275
2881,43.406858485936986,4.717741935483871,92.76783866363463,115.22410594314536
2882,48.141207794360284,6.830357142857143,95.43840678339699,257.52365703550197
2883,49.31283855921746,5.366972477064221,87.63840500903947,861.591947019965
2884,49.31283855921746,4.541284403669724,89.17224778532713,118.8846282779722
2885,42.60980697763761,1.0714285714285714,89.43207966144344,13.338305020580192
2886,45.38920300540005,1.134453781512605,95.90576639126338,2.0
2887,46.1781796469964,0.38461538461538464,89.11408697776291,2.0
2888,43.80448796297494,6.219512195121951,93.86356528990386,2.0
2889,43.406858485936986,1.088709677419355,89.44057160319512,44.795548976599704
2890,47.35757623319898,-4.342105263157919,97.39618105014516,111.16242123313445
2891,44.59799149300626,6.322314049586777,98.44896106998269,103.10039326232074
2892,43.80448796297494,0.36585365853658536,93.23604140362788,39927.54339345307
2893,44.59799149300626,1.859504132231405,91.11009338566933,140.5191399689133
2894,48.5322537274423,5.270270270270271,89.67586896674112,54.02437384707878
2895,43.406858485936986,6.89516129032258,87.42732582028138,451.0803612277133
2896,45.38920300540005,5.672268907563025,90.11566514687742,931.7021730539673
2897,47.749650829136584,-3.5840707964601393,94.8033969995453,875.3724119274491
2898,46.1781796469964,5.000000000000001,93.42299953996734,136.13928462881395
2899,49.702390326630685,2.9166666666666665,98.47225729312169,462.66914642126176
2900,48.5322537274423,1.2162162162162162,91.65497219771295,886.8939287235175
2901,44.20152985105137,-0.3688524590164093,95.32048638922005,891.0423332969169
2902,50.48004426244293,1.2735849056603774,92.85809999375002,871.7646430283385
2903,46.1781796469964,2.6923076923076925,93.15938145136312,935.7267225376507
2904,45.38920300540005,4.159663865546218,90.10636227325635,935.5059819286523
2905,49.31283855921746,2.0642201834862384,92.41107649671405,683.9245090401776
2906,42.2103698396502,8.858267716535433,92.61771776388056,248.86085965091405
2907,48.141207794360284,-3.616071428571388,95.48786491287869,863.94655901956
2908,47.35757623319898,1.1842105263157894,98.42871907958786,919.2569907947036
2909,47.35757623319898,1.1842105263157894,90.84807236442781,2.0
2910,48.141207794360284,-2.8125,87.337803906265,99931.98002345627
2911,50.48004426244293,1.2735849056603774,92.94843697806515,84.02312550871888
2912,44.20152985105137,3.319672131147541,93.54281625841678,396.71300423057136
2913,42.2103698396502,2.4803149606299213,88.84563921932897,936.1085155348358
2914,48.141207794360284,-4.419642857142833,96.20234150482462,104.7858160923274
2915,44.59799149300626,3.3471074380165287,98.98540409465564,401.4386031593191
2916,44.20152985105137,4.795081967213115,98.49401214132948,56.81556041119293
2917,43.406858485936986,3.2661290322580645,89.21373081831449,179.82930196450963
2918,46.1781796469964,4.230769230769231,97.57482255304762,80.90913542155637
2919,47.35757623319898,0.39473684210526316,95.45971934551288,165.94981857647372
2920,47.35757623319898,6.7105263157894735,92.39666618927026,170.2910355467929
2921,44.20152985105137,1.1065573770491803,93.50027496454038,125854.36270854637
2922,43.80448796297494,6.219512195121951,97.2398206934452,125939.32355018653
2923,48.141207794360284,1.2053571428571428,92.73905899376393,47.19187075204874
2924,46.96497733995481,6.6521739130434785,91.36443013639654,890.3735942252567
2925,43.008633994236924,2.52,92.90895060396818,13.100589416419433
2926,43.80448796297494,5.48780487804878,93.92585840120788,2.0
2927,41.81031489577859,8.789062499999998,89.11332354705046,42.080198603829785
2928,44.20152985105137,6.270491803278689,97.90831567226095,7959.498452762919
2929,46.57184741344958,4.267241379310344,95.06276986561768,3898.9709658142197
2930,44.993880150457116,3.375,94.55497541661288,89.9901316222585
2931,44.59799149300626,3.3471074380165287,87.98951593825927,72.54697065292716
2932,49.31283855921746,-0.41284403669726544,94.21024950722332,111.62422598240913
2933,45.38920300540005,6.42857142857143,88.22887309607448,429.41273378208905
2934,44.20152985105137,1.1065573770491803,87.75758428922441,468.50805334269126
2935,48.5322537274423,-3.6486486486486456,93.35028999443381,103.264534411718
2936,43.80448796297494,1.829268292682927,91.73693732002415,899.9720435411348
2937,44.993880150457116,1.8749999999999998,94.03281513407101,142.08459773675997
2938,42.60980697763761,2.5,87.87494645481155,2838.623467105038
2939,49.702390326630685,4.583333333333333,92.09829072402911,868.6911145877334
2940,47.749650829136584,6.769911504424779,88.92967647085219,279.10158708807364
2941,44.993880150457116,4.875000000000001,99.01265010274744,910.3956338817608
2942,47.749650829136584,-0.3982300884955521,93.7272069776437,919.1638759921514
2943,44.20152985105137,1.8442622950819674,95.23631392934871,133.6675728239302
2944,44.20152985105137,6.270491803278689,90.80358460110513,155.39598859895898
2945,48.922795160247304,4.499999999999999,87.93646555609287,3870.403335867709
2946,45.38920300540005,2.6470588235294117,98.8717221074082,74.20646755794333
2947,45.38920300540005,1.134453781512605,90.34330099100825,7.911759525589709
2948,46.96497733995481,6.6521739130434785,92.00465644344752,385.0231215906079
2949,43.008633994236924,-0.36000000000001364,94.75159793139989,913.9332562320061
2950,43.406858485936986,0.3629032258064516,87.13110110951777,904.6830660213176
2951,44.59799149300626,6.322314049586777,96.76741692830704,2817.7455837719613
2952,44.20152985105137,1.8442622950819674,93.45571765021388,442.1565665552945
2953,45.78396716177502,3.4322033898305087,90.2402198976699,39.23070183944617
2954,43.008633994236924,6.84,87.56699597701261,847.3882457000343
2955,44.59799149300626,6.322314049586777,88.76695219585169,906.7895978446094
2956,44.20152985105137,3.319672131147541,97.83138116081798,35.587701288027745
2957,43.406858485936986,5.443548387096773,95.21781156009811,78.48748799943331
2958,47.749650829136584,-4.380530973451357,89.8772698616819,2.0
2959,43.80448796297494,5.48780487804878,87.61153623069448,848.942460434248
2960,48.141207794360284,2.8125,95.27794449833958,1377.0176592174262
2961,47.35757623319898,-0.39473684210526017,93.85158806141969,873.0562283056266
2962,47.35757623319898,-2.763157894736878,91.75877518204145,19928.697616789243
2963,42.2103698396502,8.858267716535433,91.24357919419097,19.20502149677854
2964,43.406858485936986,4.717741935483871,89.4602125575456,1925.7330792149478
2965,44.59799149300626,-1.115702479338836,95.00283858244498,917.9595021379293
2966,44.20152985105137,3.319672131147541,98.80642595147692,144.15374992633215
2967,45.38920300540005,-1.1344537815126046,88.9419722729703,9911.129424086961
2968,42.60980697763761,1.7857142857142856,94.12663231658141,132.54486932368388
2969,45.78396716177502,6.483050847457627,92.00957471613788,1880.504717246743
2970,46.96497733995481,-0.39130434782612156,92.303254228468,938.838578212815
2971,48.5322537274423,6.891891891891892,89.9316897902815,900.2960712763053
2972,43.80448796297494,2.560975609756097,96.93278938499394,464.00773875952814
2973,44.20152985105137,4.057377049180328,92.80540441963264,50.0128403748081
2974,46.57184741344958,0.3879310344827586,93.5311545588934,441.2694265710905
2975,50.091456801832585,4.6261682242990645,90.56812448149282,162.9348142290042
2976,43.406858485936986,1.8145161290322582,89.02241119812201,911.1173902999982
2977,50.48004426244293,2.9716981132075473,87.83801568192162,900.4437365206594
2978,44.59799149300626,-0.37190082644627864,95.58636036459036,1950.8676497175584
2979,42.2103698396502,2.4803149606299213,89.20282815797665,2.0
2980,46.1781796469964,-1.9230769230769056,95.27087225973823,916.4048285379627
2981,48.141207794360284,-2.008928571428555,91.58065736042357,3884.993886633708
2982,44.59799149300626,-0.37190082644627864,91.90052404881459,910.2041432147545
2983,43.80448796297494,6.951219512195122,92.59673940034351,55.52432606504093
2984,45.38920300540005,6.42857142857143,91.29517752319421,29.071819805297842
2985,42.2103698396502,2.4803149606299213,88.002047264718,2.0
2986,49.31283855921746,0.4128440366972477,90.62364472226115,859.9307455316456
2987,45.38920300540005,0.37815126050420167,94.92586445776739,860.2211431703312
2988,44.20152985105137,1.8442622950819674,94.95271538356289,39936.63215527808
2989,43.406858485936986,5.443548387096773,90.34285584272521,181.1386880129989
2990,48.141207794360284,0.4017857142857143,92.47830966273196,151.94989939920475
2991,43.80448796297494,4.024390243902438,89.1679717761656,858.5779643054343
2992,45.38920300540005,6.42857142857143,89.37964303367083,921.5730524089649
2993,46.57184741344958,5.818965517241379,87.1116130478783,3875.16885682316
2994,48.5322537274423,2.0270270270270268,97.85381356361316,914.532655309009
2995,43.406858485936986,6.169354838709678,89.38382751418351,234.04325636862802
2996,48.5322537274423,6.081081081081081,89.59427761298502,861.8623990821417
2997,47.35757623319898,2.763157894736842,90.25796327479877,931.1829762261946
2998,47.749650829136584,-1.991150442477874,88.30227840448633,411.41098971570403
2999,43.406858485936986,6.89516129032258,94.62599369487555,101.09897805623402
3000,44.59799149300626,4.834710743801653,87.71794438642364,76.900856747908
3001,43.80448796297494,4.024390243902438,88.39225069276351,2.0
3002,47.749650829136584,3.5840707964601775,94.69108637476319,887.9529143623272
3003,44.993880150457116,6.375,90.96592391999687,45.19689100989813
3004,44.993880150457116,0.375,95.504961473514,113.08241585866347
3005,43.406858485936986,1.088709677419355,93.68604533774464,136.93115377165293
3006,43.008633994236924,3.24,89.95570950874095,461.77668633819655
3007,50.48004426244293,2.9716981132075473,94.76302002929202,181.10077840142026
3008,44.59799149300626,4.834710743801653,88.17660698136227,874.3120598286736
3009,49.31283855921746,0.4128440366972477,93.45386359868905,15.205947933266568
3010,45.38920300540005,6.42857142857143,92.17874635229177,52.141595785409365
3011,47.749650829136584,-2.787610619469035,90.10763470162892,417.62046870246445
3012,47.35757623319898,1.9736842105263157,94.20824785105783,154.18241403758003
3013,46.96497733995481,1.9565217391304348,97.52242430654304,136.0206851949085
3014,44.993880150457116,6.375,99.1607993151419,21.365132425760514
3015,47.35757623319898,-3.5526315789473415,94.25277103216285,1901.6866283528818
3016,44.20152985105137,3.319672131147541,91.76112207089439,879.6804120989462
3017,46.57184741344958,-1.1637931034482563,89.56517770061114,50.88642228211156
3018,49.31283855921746,4.541284403669724,89.96948787741731,20.293238414680978
3019,43.80448796297494,2.560975609756097,92.73024913432911,9922.524079569957
3020,47.749650829136584,-2.787610619469035,91.28975194505169,876.3469024514004
3021,46.1781796469964,6.538461538461539,98.07736563853426,191.12350392889675
3022,44.59799149300626,5.578512396694214,91.30256968701417,882.7842212649512
3023,47.35757623319898,-3.5526315789473415,91.36741770896248,899.8809244896562
3024,49.31283855921746,2.0642201834862384,91.49449010069704,907.2801312679929
3025,46.96497733995481,-2.7391304347825667,97.0710398322658,402.21973641226003
3026,42.60980697763761,1.7857142857142856,94.76255048557981,248.98373023558003
3027,44.59799149300626,0.371900826446281,94.32867217937492,2.0
3028,44.59799149300626,4.09090909090909,90.90303234952943,2874.1528397338975
3029,44.993880150457116,-1.125,96.85240629041107,851.9657484565902
3030,48.141207794360284,3.6160714285714284,87.29249569049652,94.97944254822384
3031,46.1781796469964,2.6923076923076925,97.51544913884368,2818.3299317257765
3032,44.20152985105137,5.532786885245901,93.16163177068847,1965.131228831099
3033,48.922795160247304,3.681818181818182,91.679819796711,78874.80313698394
3034,47.749650829136584,-4.380530973451357,92.95973697813317,936.7431603809151
3035,47.749650829136584,-4.380530973451357,94.97407950764357,158474.0484891
3036,46.1781796469964,6.538461538461539,86.99019229044342,113.45626901896787
3037,42.2103698396502,9.566929133858267,97.5252624349115,926.7836908700839
3038,49.31283855921746,4.541284403669724,92.30391723007415,920.7650833600504
3039,45.38920300540005,3.403361344537815,91.00360575002328,107.38969862276673
3040,48.141207794360284,0.4017857142857143,88.44579080291354,38.35078448375195
3041,42.2103698396502,2.4803149606299213,92.20898740376929,15880.061755607756
3042,48.922795160247304,7.7727272727272725,92.94879516815794,136.11389103535873
3043,46.57184741344958,-1.1637931034482563,91.74778276812388,935.7521999386195
3044,44.20152985105137,4.057377049180328,95.1213580097479,2.0
3045,44.59799149300626,-0.37190082644627864,91.96665846410102,2.0
3046,46.1781796469964,4.230769230769231,98.69033177908956,393.55284647127445
3047,47.35757623319898,-0.39473684210526017,94.15223527225872,110.82081132588624
3048,46.57184741344958,5.818965517241379,96.73649860973165,879.0612748177199
3049,47.749650829136584,6.769911504424779,88.09946451740213,465.51924861411806
3050,48.141207794360284,6.0267857142857135,91.66774288951744,27.02047033785319
3051,45.78396716177502,5.720338983050848,90.93386125567527,73.06393629747335
3052,47.749650829136584,6.769911504424779,93.81926683091005,176.72798838506975
3053,47.749650829136584,-2.787610619469035,97.3895308317354,85.4888003702317
3054,44.59799149300626,1.859504132231405,87.75357585828402,911.119054258871
3055,42.2103698396502,2.4803149606299213,87.68930602332959,189.09473330452158
3056,44.993880150457116,5.624999999999999,97.24915090895956,35.64380548805659
3057,49.31283855921746,-0.41284403669726544,89.41063428153409,406.88712176163267
3058,49.31283855921746,-2.0642201834862135,94.99160068382803,34.24118887986449
3059,42.60980697763761,2.5,93.52532393163072,54.84448052466646
3060,47.749650829136584,-0.3982300884955521,97.02258196749212,111.21587509108898
3061,48.922795160247304,2.0454545454545454,88.27490857583878,932.1938530725753
3062,44.993880150457116,4.124999999999999,88.33372725601801,2858.5421096101986
3063,44.993880150457116,6.375,93.67934556806435,921.776286481262
3064,44.59799149300626,1.115702479338843,98.5015916094761,152.90801658904377
3065,47.749650829136584,6.769911504424779,91.89073798000005,125.70795134000579
3066,50.091456801832585,2.102803738317757,90.82095364544338,453.674182168299
3067,42.60980697763761,-0.3571428571428896,94.24005253218495,889.084902794496
3068,47.749650829136584,3.5840707964601775,98.29523466698001,125864.81305131142
3069,44.59799149300626,4.834710743801653,97.07503990376993,56.26857733030241
3070,44.20152985105137,0.3688524590163934,99.11786426853904,11.773793115160714
3071,44.993880150457116,5.624999999999999,87.10596216527166,880.4748978442935
3072,47.35757623319898,3.5526315789473686,88.13851919341991,923.6450164711401
3073,47.749650829136584,7.566371681415929,94.27297231220692,928.0672395424592
3074,44.993880150457116,4.124999999999999,96.88211361669885,875.4986541040039
3075,43.406858485936986,6.169354838709678,90.33029456914711,4935.326543446051
3076,42.60980697763761,1.7857142857142856,89.74031905166585,426.1337880821259
3077,48.922795160247304,5.318181818181819,96.50857801754847,1961.4423104913935
3078,48.5322537274423,6.081081081081081,87.50527824648665,9862.752991047548
3079,42.60980697763761,1.7857142857142856,91.31626162271944,928.3204542710693
3080,44.20152985105137,4.057377049180328,93.07170551522692,142.1752460559718
3081,43.406858485936986,-1.0887096774193878,93.71835100999215,91.22734764353234
3082,48.141207794360284,5.2232142857142865,95.779028025072,452.9265845357154
3083,44.993880150457116,2.625,91.13900919284497,384.2719532353227
3084,44.59799149300626,-1.115702479338836,94.31108331789748,937.9022694195526
3085,44.59799149300626,5.578512396694214,93.9948644767913,39.21285578853052
3086,46.57184741344958,-0.38793103448279,93.5776724035616,119.21745237146476
3087,50.091456801832585,2.102803738317757,94.64045347266736,898.4615912415242
3088,44.993880150457116,1.8749999999999998,89.99964987775378,36.48460033292408
3089,47.749650829136584,3.5840707964601775,87.82394676925148,147.0325572372549
3090,45.78396716177502,1.1440677966101693,88.21003859735015,176.33348604222778
3091,42.60980697763761,8.928571428571429,89.55736464912104,858.0045967371057
3092,46.57184741344958,5.818965517241379,92.99900338259242,70.63277280147166
3093,43.406858485936986,2.5403225806451615,97.12074502348497,932.5310183454154
3094,48.141207794360284,2.0089285714285716,95.41780268392769,380.3214537782267
3095,44.59799149300626,4.834710743801653,96.53153228588891,2354.389494388395
3096,42.2103698396502,8.858267716535433,91.09489640474354,394.99559954641325
3097,48.922795160247304,4.499999999999999,91.76046551231236,126.85270431079587
3098,50.48004426244293,2.9716981132075473,91.62228604585769,61.81597443971863
3099,46.1781796469964,6.538461538461539,89.14828594612862,2.0
3100,48.922795160247304,2.0454545454545454,87.56237461916811,441.4035161468843
3101,44.20152985105137,5.532786885245901,94.05608177330723,43.06593609517052
3102,43.008633994236924,6.12,99.03921363598418,178.35145106377547
3103,46.1781796469964,6.538461538461539,88.82430805177904,847.5707291910318
3104,47.749650829136584,5.973451327433628,87.39076162258812,127.1376495239586
3105,46.1781796469964,6.538461538461539,96.42582236420918,79.87561463794651
3106,44.20152985105137,2.581967213114754,89.91167725495097,905.6391896283545
3107,50.48004426244293,2.9716981132075473,96.98291479201649,3933.470676761902
3108,44.993880150457116,3.375,95.4524242987023,39.433898386338626
3109,44.993880150457116,5.624999999999999,98.49274232164359,69.25793312238069
3110,44.993880150457116,-0.375,91.8142858645087,6280.154398956012
3111,47.749650829136584,1.1946902654867255,94.9027531960072,5.550603105785994
3112,44.20152985105137,1.8442622950819674,92.54032668450868,12504.130961215033
3113,48.922795160247304,2.0454545454545454,94.52321937782673,2.0
3114,48.141207794360284,3.6160714285714284,92.34123299580395,936.6216979520241
3115,43.406858485936986,6.89516129032258,89.10775304478989,141.10129955541694
3116,44.20152985105137,4.057377049180328,93.0987610040043,3885.73191208485
3117,50.091456801832585,1.2616822429906542,93.36678746562868,145.34702825453166
3118,47.749650829136584,2.7876106194690267,96.7712491275986,867.9344909308302
3119,48.141207794360284,6.830357142857143,95.87081020732498,28.397717024008383
3120,47.749650829136584,6.769911504424779,94.92661447758572,112.41630809358118
3121,47.749650829136584,2.7876106194690267,88.14441770243732,905.3128298792714
3122,49.31283855921746,2.8899082568807337,95.67271448087887,438.89741469163147
3123,45.78396716177502,2.669491525423729,93.00039257958645,2885.487671003046
3124,44.20152985105137,3.319672131147541,97.81914363312441,243.71602257213732
3125,44.993880150457116,5.624999999999999,98.15669101484497,935.4142081636714
3126,44.59799149300626,4.834710743801653,87.49080856311659,381.3416161476034
3127,48.922795160247304,0.40909090909090906,96.88283756182287,15871.151224191666
3128,42.60980697763761,2.5,87.28462503628003,6271.85364975191
3129,43.406858485936986,1.8145161290322582,91.28839084195003,150.7275760193856
3130,43.80448796297494,4.75609756097561,93.51893604129674,1323.0916311594528
3131,43.80448796297494,6.951219512195122,88.57629589310356,928.4625858073413
3132,43.008633994236924,-0.36000000000001364,96.01426221860304,98.44818727989146
3133,45.38920300540005,6.42857142857143,86.93810409168198,858.5358411086653
3134,48.141207794360284,4.419642857142857,88.84773807429494,24.42283746957422
3135,44.993880150457116,6.375,93.94427689809693,925.0493496393667
3136,44.20152985105137,4.795081967213115,95.58992797021503,79.50874385321498
3137,44.20152985105137,4.057377049180328,98.11441367897682,23.412866747831444
3138,45.38920300540005,3.403361344537815,95.47285659415081,182.09900700532
3139,49.31283855921746,4.541284403669724,95.03123468859074,561.9468848463835
3140,46.96497733995481,6.6521739130434785,91.63058876580286,930.7501261285854
3141,43.008633994236924,6.84,86.85460799954389,9917.190631391739
3142,44.993880150457116,2.625,88.21993637562242,319.168035630672
3143,45.38920300540005,5.672268907563025,93.43335896581584,17.80616670704824
3144,47.749650829136584,6.769911504424779,95.07512022085157,897.6213700528604
3145,46.96497733995481,5.869565217391305,91.92165784643497,465.2369434481152
3146,43.008633994236924,1.08,95.80645887690805,380.5734688810994
3147,44.59799149300626,3.3471074380165287,93.27969569806007,141.95912920273636
3148,43.80448796297494,2.560975609756097,87.70716374691347,419.92111803929083
3149,45.78396716177502,1.9067796610169492,89.15007521298165,154.93922948727902
3150,44.993880150457116,6.375,97.11496475342346,900.0938730023508
3151,47.749650829136584,2.7876106194690267,95.72981900710599,449.87565334875205
3152,44.59799149300626,-0.37190082644627864,97.82782025085157,937.6171503920434
3153,46.1781796469964,5.769230769230768,88.1909204897962,449.62315280678985
3154,45.78396716177502,0.3813559322033898,99.05183717998844,110.62120667323393
3155,44.59799149300626,1.115702479338843,89.36756963112252,929.5524099817145
3156,42.60980697763761,0.35714285714285715,86.97855348566026,459.4949568309097
3157,49.31283855921746,3.7155963302752295,99.14220305396236,96.75372833302175
3158,43.80448796297494,-1.097560975609781,90.27683729959728,858.290794581573
3159,47.749650829136584,-1.19469026548677,94.98198952798823,163.34107087838686
3160,45.78396716177502,0.3813559322033898,88.95477839748835,927.4587907219548
3161,50.091456801832585,3.7850467289719627,93.93799793800963,384.4776805854025
3162,47.35757623319898,0.39473684210526316,97.94927569845295,890.5215691114759
3163,45.78396716177502,-0.38135593220340525,90.74389009790907,36.781793508085016
3164,49.31283855921746,2.0642201834862384,95.01125676319364,180.24770056771945
3165,45.78396716177502,6.483050847457627,89.098640063354,19975.31121941857
3166,43.008633994236924,-1.079999999999984,94.45457866447818,916.2035137412133
3167,48.922795160247304,5.318181818181819,90.92933212147757,71.61058999219755
3168,44.20152985105137,-0.3688524590164093,89.3901007105542,128.05481930520438
3169,46.1781796469964,0.38461538461538464,90.66411164450906,151.02729079152894
3170,44.59799149300626,1.859504132231405,88.9833650812256,866.7005513378307
3171,47.749650829136584,6.769911504424779,97.92152315167353,900.0885160278116
3172,48.5322537274423,6.891891891891892,91.66642799323111,897.7500725844249
3173,48.5322537274423,6.891891891891892,89.81801933309542,425.31755306023064
3174,49.31283855921746,5.366972477064221,92.32568924457838,916.9425597968911
3175,48.141207794360284,2.0089285714285716,90.74793650868531,282.4860716522194
3176,44.59799149300626,3.3471074380165287,95.98908149264062,52.10989033902549
3177,43.406858485936986,-1.8145161290322562,98.81335215801128,464.70894984597066
3178,43.80448796297494,6.219512195121951,92.19030306387367,4919.035616745656
3179,44.59799149300626,5.578512396694214,97.38848901551695,911.3605666768674
3180,48.922795160247304,6.136363636363636,93.77927804756933,680.3811710481415
3181,47.749650829136584,-1.991150442477874,88.69726173663072,865.5858677285821
3182,47.35757623319898,2.763157894736842,95.27804181063875,2906.303488426888
3183,47.749650829136584,3.5840707964601775,93.17050169400687,241.8134645502912
3184,45.38920300540005,2.6470588235294117,94.76039649396371,151.72386941510462
3185,45.38920300540005,5.672268907563025,97.76135473298453,10880.771758175511
3186,46.96497733995481,2.739130434782609,92.22163570276417,933.4198604122072
3187,46.96497733995481,1.9565217391304348,97.91185066320922,148.03844411167287
3188,43.406858485936986,0.3629032258064516,96.0721475391309,392.04360362305084
3189,43.80448796297494,3.292682926829268,92.8487996032485,188.65687799282185
3190,47.35757623319898,2.763157894736842,94.19897226981563,65.74575057173595
3191,43.008633994236924,5.3999999999999995,90.8054408449931,4971.468724450274
3192,42.60980697763761,2.5,98.9686897477859,183.9055556856374
3193,47.35757623319898,6.7105263157894735,94.97323643830441,937.1416144300716
3194,46.96497733995481,1.9565217391304348,87.35724679246296,87.51790011548474
3195,45.38920300540005,0.37815126050420167,90.8173039531272,452.746652791626
3196,42.60980697763761,1.0714285714285714,94.43703175407819,2.0
3197,43.406858485936986,6.89516129032258,87.50470459007461,902.3510504163426
3198,48.922795160247304,4.499999999999999,87.12149877168356,713.6236693359394
3199,46.57184741344958,4.267241379310344,92.3467837243278,858.9426439925966
3200,45.38920300540005,6.42857142857143,90.88647232524436,13.08728775841231
3201,45.78396716177502,-0.38135593220340525,92.19376075734509,98.60615702005164
3202,48.141207794360284,2.8125,90.04123352402547,25.31434603752313
3203,43.406858485936986,4.717741935483871,88.79634105491436,132.9758667070059
3204,44.59799149300626,4.834710743801653,95.2586651913755,859.5217396894864
3205,43.406858485936986,1.8145161290322582,93.18522819696261,465.96801167657077
3206,43.406858485936986,4.717741935483871,89.25185289067166,854.734356782952
3207,44.20152985105137,5.532786885245901,90.73714521893542,453.7431798897452
3208,46.1781796469964,-1.153846153846132,94.06593518325609,125.96496712286412
3209,44.993880150457116,5.624999999999999,87.68545379653796,113.37740580913778
3210,48.5322537274423,6.891891891891892,88.56771772868734,59.23691021976359
3211,44.59799149300626,4.834710743801653,87.69678640772803,928.9195878095165
3212,48.141207794360284,0.4017857142857143,96.79029779580985,856.0900307206228
3213,44.59799149300626,6.322314049586777,96.0952769226176,85.97926112934
3214,48.141207794360284,-2.8125,96.107288051026,80.9491126898602
3215,48.922795160247304,-1.227272727272748,95.61568317217736,936.4234746794288
3216,48.5322537274423,7.702702702702703,94.99988067953613,895.6221742439035
3217,50.48004426244293,1.2735849056603774,92.69833668463835,869.5291464124429
3218,44.20152985105137,1.8442622950819674,94.66171962705334,185.0317099634603
3219,44.20152985105137,3.319672131147541,87.29246845120355,121.08674501978747
3220,45.38920300540005,2.6470588235294117,94.41511227594428,15881.626702227466
3221,48.5322537274423,6.891891891891892,96.40743524348063,912.6900594385277
3222,48.922795160247304,0.40909090909090906,93.0010819127802,138.65365205748313
3223,50.091456801832585,2.9439252336448596,91.16941551542493,928.4480012232337
3224,48.5322537274423,-4.459459459459481,90.23008781350022,900.6950928633713
3225,43.008633994236924,1.08,94.66792679092609,136.57994429549962
3226,47.749650829136584,0.39823008849557523,95.30657469439869,233.47927665276694
3227,46.96497733995481,1.9565217391304348,97.51766523921033,85.67773929557539
3228,48.922795160247304,5.318181818181819,90.9963970025783,45.17268322553008
3229,48.141207794360284,-4.419642857142833,96.3173281872144,889.3694908507337
3230,45.38920300540005,3.403361344537815,93.72947872377537,123.53012707508155
3231,44.993880150457116,5.624999999999999,97.67199860394125,919.8354415111136
3232,47.749650829136584,1.9911504424778759,93.35678391077447,158396.12368896918
3233,49.31283855921746,2.0642201834862384,93.2248581236126,26.552162697192657
3234,46.57184741344958,3.4913793103448274,93.91201742349298,398.7242627568534
3235,48.141207794360284,-2.008928571428555,96.05415595152361,914.2002426775194
3236,48.141207794360284,-4.419642857142833,98.73140704926159,910.0946905613388
3237,42.60980697763761,8.928571428571429,87.70032974623602,901.0286336264107
3238,44.993880150457116,6.375,87.47047283187892,159.49178729767135
3239,45.38920300540005,6.42857142857143,98.38825145564131,384.8772535047134
3240,46.1781796469964,1.9230769230769234,93.38166291019778,849.3544596455442
3241,46.1781796469964,5.769230769230768,94.33737077429791,9914.634486126346
3242,45.38920300540005,5.672268907563025,92.7687118350897,150.02609653305413
3243,44.59799149300626,6.322314049586777,87.92440580707148,2846.752118129635
3244,44.59799149300626,-1.115702479338836,96.29861920188341,124.34442437714833
3245,48.5322537274423,-2.837837837837867,96.02636816358986,62921.946482044164
3246,45.78396716177502,-1.144067796610159,90.64725655634933,872.9310955568728
3247,46.1781796469964,0.38461538461538464,90.58497504701407,391.8493334221488
3248,43.406858485936986,6.89516129032258,97.0869189368045,855.122818149488
3249,44.993880150457116,7.125,87.68688015811759,125.7453450805984
3250,45.38920300540005,4.915966386554622,97.64948564210404,126.47032756951073
3251,48.922795160247304,-2.045454545454561,89.96391970781593,46.5257716725156
3252,44.993880150457116,5.624999999999999,94.07893775666372,46.793866059798056
3253,48.922795160247304,-1.227272727272748,98.36786927866967,158.90781025324378
3254,47.35757623319898,-2.763157894736878,95.11431675921753,901.923636811491
3255,48.5322537274423,2.8378378378378377,91.88358527362134,853.4259276281982
3256,44.59799149300626,6.322314049586777,95.26378447298474,40.593410405627296
3257,48.141207794360284,6.0267857142857135,91.01515361812429,929.9108229855822
3258,46.57184741344958,4.267241379310344,90.22793029331808,851.3582127552398
3259,43.008633994236924,1.08,99.13292022491815,7800.846272456539
3260,48.141207794360284,6.0267857142857135,96.07375864223584,872.9066033245674
3261,45.38920300540005,1.134453781512605,94.69065095928582,79.84888454494323
3262,46.1781796469964,2.6923076923076925,91.14406915048897,399.26440029766803
3263,50.091456801832585,2.9439252336448596,87.4200019265882,866.1156507520027
3264,43.80448796297494,3.292682926829268,87.20620422304802,2.0
3265,49.31283855921746,4.541284403669724,93.65020894248751,2.0
3266,45.78396716177502,4.957627118644068,96.2231834386018,55.09631974005418
3267,45.38920300540005,7.184873949579832,93.46456767730587,116.53604154456437
3268,44.993880150457116,6.375,97.12519629136136,247.4302853268254
3269,44.59799149300626,6.322314049586777,87.23418856623744,409.1231968884848
3270,47.749650829136584,3.5840707964601775,91.28313222964059,59.76034611677042
3271,50.48004426244293,2.9716981132075473,89.71354635340744,873.9105079341473
3272,44.20152985105137,2.581967213114754,92.31087881734615,849.7207199951764
3273,45.38920300540005,5.672268907563025,87.68709354399842,135.42520240865275
3274,43.406858485936986,1.8145161290322582,98.59889247107856,2.0
3275,43.80448796297494,6.951219512195122,89.54076870869598,27.108140658063082
3276,43.406858485936986,2.5403225806451615,98.18860815871156,178.3368921196992
3277,45.78396716177502,6.483050847457627,92.03186591823514,68.38404512393966
3278,47.35757623319898,-3.5526315789473415,98.99287172203518,171.77189973291127
3279,43.80448796297494,3.292682926829268,93.64885136462966,859.7545763315867
3280,45.78396716177502,1.9067796610169492,98.30026765674394,452.2894264010685
3281,48.141207794360284,1.2053571428571428,86.9026082492868,107.49364451286479
3282,43.406858485936986,4.717741935483871,96.03984745657552,157.20898601077064
3283,43.406858485936986,-1.0887096774193878,97.93638314425748,855.3234575540047
3284,45.78396716177502,4.194915254237288,88.46532308425904,932.6094672482579
3285,49.31283855921746,-2.0642201834862135,87.95193175731046,898.9045007215038
3286,46.57184741344958,1.9396551724137931,92.0146323773164,456.7380837744265
3287,43.80448796297494,4.75609756097561,98.33754440866817,165.3607411441825
3288,43.008633994236924,2.52,93.5198926897204,166.57807734205176
3289,48.141207794360284,6.0267857142857135,93.3521760340679,938.4217290790169
3290,49.31283855921746,4.541284403669724,88.48393569361697,6.339794492335821
3291,43.406858485936986,6.89516129032258,86.84876333298692,49960.15549371216
3292,46.57184741344958,2.7155172413793105,96.76609357278302,871.0873458876738
3293,45.38920300540005,5.672268907563025,87.85657345558931,876.3359897161873
3294,42.2103698396502,2.4803149606299213,94.56185810800439,5.666122356316219
3295,49.31283855921746,4.541284403669724,98.08786914360664,852.6613169189045
3296,44.59799149300626,1.115702479338843,89.35812968929176,407.20125351861736
3297,49.31283855921746,7.018348623853211,94.94601502898902,42.32085309522537
3298,46.96497733995481,-1.956521739130494,87.75759434228968,128.12453378406323
3299,43.80448796297494,4.75609756097561,94.2052875082078,1883.839073046904
3300,46.1781796469964,6.538461538461539,88.78593233167466,454.27530980545777
3301,41.411188638099254,9.140625,95.87656331268157,187.92356948361208
3302,45.38920300540005,6.42857142857143,90.5278926241775,24.422751080310082
3303,47.35757623319898,5.921052631578947,92.52122402587163,886.6639571585705
3304,48.141207794360284,-4.419642857142833,94.15404834823977,883.1348500196046
3305,46.96497733995481,1.1739130434782608,88.88315254745451,855.327342937766
3306,46.96497733995481,-2.7391304347825667,95.95211322378503,425.5980683752936
3307,49.31283855921746,4.541284403669724,90.54395343621088,267.1502784891823
3308,46.96497733995481,6.6521739130434785,94.90801876034554,848.8230085717482
3309,45.78396716177502,4.194915254237288,88.71113143945344,108.47322669754388
3310,44.20152985105137,2.581967213114754,95.24523085623704,3901.272933102665
3311,44.59799149300626,1.859504132231405,88.31260734505396,847.4212972604389
3312,44.20152985105137,1.1065573770491803,92.02486236224115,142.80807370637118
3313,50.48004426244293,2.9716981132075473,89.84271681843609,381.86455574955374
3314,48.141207794360284,-4.419642857142833,96.0416609342567,915.3344430090643
3315,44.59799149300626,3.3471074380165287,90.03279530995326,72.5165382842419
3316,45.78396716177502,5.720338983050848,97.65744564538895,134.70649226950246
3317,50.48004426244293,2.1226415094339623,97.78928960333158,875.8257019482006
3318,43.80448796297494,4.75609756097561,89.20541742993923,144.70440241154677
3319,43.80448796297494,0.36585365853658536,94.32484630184436,911.2065201165816
3320,45.38920300540005,6.42857142857143,87.85816897475209,55.66440317284434
3321,49.31283855921746,4.541284403669724,91.59527462243683,901.870622900286
3322,44.20152985105137,-0.3688524590164093,95.57576190810168,22.080929839661582
3323,44.993880150457116,1.8749999999999998,94.86939855750958,2.0
3324,43.80448796297494,2.560975609756097,94.4534562836,1909.9565168333243
3325,44.20152985105137,6.270491803278689,90.29564115073134,720.0118551046107
3326,43.80448796297494,4.75609756097561,91.42510270631139,160.7416424827797
3327,45.38920300540005,2.6470588235294117,88.02798714194388,108.11979590934305
3328,48.5322537274423,2.0270270270270268,95.65153554564026,856.2172913050987
3329,44.59799149300626,4.09090909090909,93.04682369229171,424.68816548296536
3330,44.993880150457116,6.375,95.51567288908348,99918.7022977923
3331,44.20152985105137,4.795081967213115,89.86498761336767,19974.323739634783
3332,48.5322537274423,-3.6486486486486456,90.79241361486807,861.8969461093709
3333,48.141207794360284,2.8125,90.90385662053562,373.40377731272827
3334,43.008633994236924,1.08,87.14344330666812,411.7945107541182
3335,44.20152985105137,5.532786885245901,90.9817363219391,876.7560014948194
3336,43.008633994236924,3.24,96.69010368013075,40.04721265082735
3337,44.20152985105137,6.270491803278689,97.86104281340552,150.38128742870958
3338,44.993880150457116,4.124999999999999,93.23248280520484,25.823420541683856
3339,44.59799149300626,1.859504132231405,92.4182661448525,24.789727216521907
3340,43.008633994236924,0.36000000000000004,87.20346139198276,91.02379256915452
3341,44.993880150457116,1.8749999999999998,97.62476905092524,407.5442869602392
3342,44.993880150457116,-1.125,86.99308308884724,908.7869122738164
3343,48.5322537274423,6.081081081081081,98.48115283591535,407.71944146663833
3344,45.78396716177502,4.957627118644068,92.85672015186275,153.52562336083616
3345,44.20152985105137,1.8442622950819674,90.9918423445271,29.652556933437655
3346,47.749650829136584,6.769911504424779,98.21363350127953,454.49700445752563
3347,48.141207794360284,5.2232142857142865,87.12748382137622,125.18811815615852
3348,47.35757623319898,4.342105263157895,93.95121621085879,855.606200432075
3349,47.749650829136584,0.39823008849557523,93.59221719839122,9942.123880529296
3350,48.141207794360284,6.830357142857143,89.49155549882444,45.31430144762142
3351,46.1781796469964,4.230769230769231,92.070942111758,99.08592275177546
3352,43.008633994236924,3.24,94.78003483860537,398.76715182885386
3353,45.38920300540005,1.134453781512605,95.75930459989931,9869.53974704586
3354,48.141207794360284,2.0089285714285716,86.84790534836239,904.7274260244094
3355,49.31283855921746,-0.41284403669726544,98.37912353639905,1909.9752547064952
3356,44.59799149300626,6.322314049586777,88.79379359022859,152.74808904215257
3357,46.57184741344958,0.3879310344827586,89.66989908781372,99933.35906048241
3358,43.80448796297494,6.951219512195122,90.05123337101335,40.72766244838268
3359,44.59799149300626,2.603305785123967,87.28607460038367,13.764358572370377
3360,43.80448796297494,4.024390243902438,88.25219568621874,930.9648241258623
3361,47.749650829136584,7.566371681415929,99.00323547418239,2879.8345588488332
3362,44.59799149300626,6.322314049586777,90.68730373607717,34.10446666620823
3363,47.749650829136584,6.769911504424779,88.1657613031231,46.457029131051016
3364,42.60980697763761,0.35714285714285715,88.07309559854247,3.0575669571540907
3365,44.993880150457116,-0.375,95.65734570314045,41.633333976808075
3366,47.35757623319898,6.7105263157894735,97.30442686807945,97.89184392926065
3367,47.749650829136584,6.769911504424779,89.96764476646239,9881.923380467226
3368,48.141207794360284,2.8125,87.0863694531686,872.178517543048
3369,44.59799149300626,6.322314049586777,89.53870034527081,906.8388867680885
3370,48.141207794360284,-4.419642857142833,87.50685878698988,906.0831282976541
3371,44.993880150457116,4.124999999999999,88.03299177194987,443.5087095850329
3372,47.749650829136584,6.769911504424779,92.10514287353342,912.7681529466201
3373,44.59799149300626,3.3471074380165287,89.62409936754972,849.6172239460576
3374,43.80448796297494,6.219512195121951,93.20304017962468,144.28817168108367
3375,43.80448796297494,1.829268292682927,89.92331282745945,462.3038382725794
3376,44.20152985105137,7.008196721311475,98.42737396555688,442.3788491413569
3377,48.141207794360284,2.0089285714285716,97.97427906446816,920.8980804188226
3378,48.922795160247304,2.0454545454545454,93.7896973354122,19916.557922952143
3379,44.59799149300626,6.322314049586777,91.13420214595358,186.8758263907928
3380,46.96497733995481,5.869565217391305,91.4644203016636,902.091219960072
3381,46.1781796469964,6.538461538461539,91.85112388899655,39.06756569991397
3382,49.702390326630685,1.25,95.76526066706207,906.2997981073452
3383,47.749650829136584,5.973451327433628,92.36785676869343,169.38748009177831
3384,49.702390326630685,2.083333333333333,97.33253042058622,6.419065910117456
3385,43.406858485936986,7.620967741935484,98.47292882005424,165.78141676161906
3386,47.749650829136584,1.1946902654867255,90.9235850860704,854.2624595585901
3387,45.38920300540005,6.42857142857143,93.72217173403274,49.605858183925314
3388,49.702390326630685,3.7499999999999996,87.94000746661469,2853.901718426595
3389,44.59799149300626,4.09090909090909,89.25579040430449,27.121388673329438
3390,47.35757623319898,6.7105263157894735,91.87144408871369,2901.8455909112927
3391,43.008633994236924,1.8,89.32749872030607,884.4771090563106
3392,43.008633994236924,0.36000000000000004,97.59039062599034,150.98155331169366
3393,47.35757623319898,6.7105263157894735,88.71117388550827,177.92007929712986
3394,43.008633994236924,2.52,92.42034279068136,895.0205103245472
3395,41.411188638099254,9.140625,94.22832173938056,851.3906127231317
3396,43.80448796297494,-0.3658536585365937,95.29429829622096,873.3629644771278
3397,43.406858485936986,3.2661290322580645,91.48863209698762,177.22023427535288
3398,47.749650829136584,2.7876106194690267,97.49336838602622,409.3924639646917
3399,44.993880150457116,1.125,93.8064145535731,78927.83018373563
3400,49.31283855921746,4.541284403669724,92.20954081580314,99.87921715056284
3401,48.922795160247304,2.8636363636363633,87.62982296357599,192.98649196243176
3402,41.411188638099254,9.140625,92.53816930909927,134.2596652681761
3403,47.35757623319898,6.7105263157894735,96.88388567009198,902.6300505856879
3404,44.20152985105137,5.532786885245901,94.33308173464152,902.2859654159308
3405,43.80448796297494,5.48780487804878,97.01307480487867,134.5342987992407
3406,43.406858485936986,4.717741935483871,92.9188516014761,29.131961055929303
3407,41.411188638099254,9.140625,88.20100638306697,2.0
3408,47.749650829136584,0.39823008849557523,87.00051870042017,237.65898360198676
3409,49.702390326630685,4.583333333333333,90.5505554357518,186.5646951563121
3410,46.1781796469964,0.38461538461538464,95.37454250382567,62842.25841024856
3411,48.5322537274423,1.2162162162162162,96.5450871425653,396.3903888350547
3412,50.091456801832585,3.7850467289719627,90.46499331434542,118.63413826098324
3413,46.96497733995481,4.304347826086956,92.94012926852155,1886.860551785587
3414,43.80448796297494,2.560975609756097,91.96956053257952,411.74179944589594
3415,45.38920300540005,-1.1344537815126046,91.83438019133904,850.6718515631402
3416,47.35757623319898,3.5526315789473686,89.64198799276807,36.853448531994246
3417,44.59799149300626,1.859504132231405,88.42096879713927,174.4626558759781
3418,48.141207794360284,-2.008928571428555,89.20850958305286,3918.5274336602497
3419,50.091456801832585,2.102803738317757,87.49288462357161,847.6438817091938
3420,44.20152985105137,-1.106557377049171,89.2265463013161,157.50881578854398
3421,44.993880150457116,6.375,86.94809716976032,858.9669413832177
3422,44.20152985105137,-1.106557377049171,94.48376103889889,1950.202524382371
3423,49.702390326630685,3.7499999999999996,90.70051067419021,126.38944909104089
3424,43.406858485936986,1.8145161290322582,98.83750860564845,421.88332568343856
3425,44.993880150457116,6.375,89.17134632376657,6218.600251583622
3426,45.38920300540005,-1.1344537815126046,91.03622843373572,78.34620468332703
3427,44.993880150457116,6.375,91.17315224228672,888.399404831048
3428,43.406858485936986,6.169354838709678,86.93924715053411,855.4643029541062
3429,44.993880150457116,2.625,97.10468872497226,875.8780272919848
3430,44.993880150457116,1.8749999999999998,87.21727657437862,160.47363212795133
3431,41.81031489577859,8.789062499999998,98.4226919596221,143.99392032417882
3432,44.20152985105137,6.270491803278689,97.79261826194217,877.2978920606824
3433,46.1781796469964,-0.3846153846153584,93.44404717810015,100.59436931351487
3434,44.20152985105137,0.3688524590163934,93.53325075150246,201.36080702619643
3435,46.57184741344958,2.7155172413793105,94.79797217466178,86.87892293979951
3436,48.141207794360284,-2.8125,91.53876427459268,2.0
3437,44.993880150457116,4.124999999999999,94.72029902028153,9881.76034093412
3438,43.008633994236924,-1.079999999999984,87.36812962673918,257.45890721727585
3439,43.008633994236924,-0.36000000000001364,87.47771231860963,9875.768789841972
3440,47.35757623319898,-1.9736842105263008,92.44082651074443,61.0019316181721
3441,45.38920300540005,4.159663865546218,93.59983834507302,846.9742371889131
3442,48.141207794360284,6.830357142857143,97.73686491981931,93.80059114832588
3443,41.411188638099254,9.140625,88.0471059887066,910.4463988928612
3444,42.2103698396502,9.566929133858267,96.90514217984594,908.4514543622837
3445,44.59799149300626,1.115702479338843,89.37558160879038,46.01343833724756
3446,43.80448796297494,4.75609756097561,91.62734583996232,1955.6622893487163
3447,44.20152985105137,1.8442622950819674,90.70309841471993,90.36966645443272
3448,44.993880150457116,4.124999999999999,91.703811830775,854.9934716220257
3449,49.31283855921746,1.238532110091743,88.60800701219402,31939.08642042589
3450,45.78396716177502,2.669491525423729,93.04269419454576,939.3545902785147
3451,44.59799149300626,4.834710743801653,96.67162754178779,4959.539583527566
3452,44.59799149300626,4.834710743801653,92.23598371706824,156.66891063049502
3453,46.96497733995481,-2.7391304347825667,92.87482449528771,42.210931372811274
3454,42.60980697763761,1.0714285714285714,97.22899437681502,86.97206019802279
3455,48.5322537274423,-3.6486486486486456,95.4802104934344,418.54692348148086
3456,45.78396716177502,-1.144067796610159,92.87276225756699,911.4344719226793
3457,44.59799149300626,6.322314049586777,89.9771730728596,66.31787847152489
3458,44.59799149300626,6.322314049586777,97.69917858835589,869.6332446107546
3459,44.59799149300626,1.115702479338843,93.90255221117152,148.27412770942865
3460,47.749650829136584,-4.380530973451357,89.5144075492149,156.05249296590088
3461,48.5322537274423,6.081081081081081,90.12360821201709,870.3177916099303
3462,44.993880150457116,-0.375,96.68819729989235,394.36720720279044
3463,44.993880150457116,4.124999999999999,87.36077438801742,917.3223003161037
3464,48.141207794360284,0.4017857142857143,99.07530152505949,69.43540956327816
3465,44.59799149300626,-0.37190082644627864,88.3412582875922,910.4069902162178
3466,45.78396716177502,2.669491525423729,96.60966111789968,19.854821830262917
3467,44.59799149300626,4.09090909090909,91.636056704773,90.05830248617761
3468,43.406858485936986,1.8145161290322582,92.89558853275925,868.5116981118175
3469,48.5322537274423,-3.6486486486486456,97.64357477340033,930.75284964985
3470,50.091456801832585,2.9439252336448596,91.8644597486832,116.98408567393543
3471,43.80448796297494,1.829268292682927,93.46583345403266,149.86912764889024
3472,44.993880150457116,5.624999999999999,87.42164147076453,444.9863970139139
3473,44.59799149300626,-1.115702479338836,86.86716201426533,98.84204224784523
3474,43.406858485936986,1.8145161290322582,89.81187393343238,917.0476823411357
3475,43.80448796297494,4.75609756097561,95.14654497507657,905.2994591018245
3476,42.60980697763761,9.642857142857142,88.23226567979577,63.68863674658881
3477,45.38920300540005,5.672268907563025,88.14859792885095,392.07907280744917
3478,45.78396716177502,6.483050847457627,91.83989413948129,905.6724256806674
3479,46.57184741344958,-1.9396551724138362,94.72758282164622,154.34338946207436
3480,48.5322537274423,5.270270270270271,95.55915155426287,861.296458153681
3481,44.993880150457116,0.375,88.97819539547109,12.271918845426013
3482,47.749650829136584,-4.380530973451357,87.7675142444648,853.6506218739883
3483,43.008633994236924,6.84,98.42553678110619,67.66947238917005
3484,44.993880150457116,1.8749999999999998,90.01525219785773,923.1307263589651
3485,44.993880150457116,4.124999999999999,97.28853481385165,162.34042236026613
3486,46.96497733995481,1.9565217391304348,97.42045149699777,129.72741169947176
3487,49.31283855921746,0.4128440366972477,96.34790287638785,926.3576542068213
3488,49.702390326630685,2.083333333333333,88.85084414408406,12.234551734815865
3489,46.1781796469964,4.230769230769231,96.89573206416188,180.50564248501175
3490,48.922795160247304,1.2272727272727273,96.31152795525902,168.76370416198264
3491,44.993880150457116,5.624999999999999,94.12196847311644,131.160223851145
3492,43.406858485936986,-1.8145161290322562,90.93790007906172,1954.6382028155592
3493,43.406858485936986,-1.0887096774193878,90.03886595181608,898.189002434806
3494,44.59799149300626,2.603305785123967,88.2392276681881,19.68605273106585
3495,48.141207794360284,6.830357142857143,93.1228554024066,886.8411598856056
3496,43.406858485936986,5.443548387096773,93.99359887627244,437.89636876189047
3497,43.008633994236924,0.36000000000000004,91.19022506948471,1918.688819713667
3498,48.141207794360284,3.6160714285714284,92.67718084135494,143.58181732417114
3499,44.20152985105137,4.057377049180328,91.24235767993977,497.6891039096636
3500,47.749650829136584,-2.787610619469035,94.64664733710715,418.73488637220333
3501,43.80448796297494,4.75609756097561,97.91291923780011,410.6538948298687
3502,41.411188638099254,9.140625,88.78578059040221,386.5030312552006
3503,49.702390326630685,1.25,91.4677190192399,96.21901850047192
3504,43.008633994236924,1.8,88.48052563387564,899.6862050970193
3505,44.993880150457116,6.375,94.4563366160878,383.0601204247569
3506,42.2103698396502,8.858267716535433,95.78242193736828,6210.480949052501
3507,45.78396716177502,4.194915254237288,98.31441150559472,120.57164190429921
3508,43.406858485936986,3.2661290322580645,90.24861240013193,876.8389079096245
3509,49.31283855921746,2.8899082568807337,98.54969056833464,3898.11849741356
3510,47.35757623319898,-2.763157894736878,87.58546336656498,870.8001853673182
3511,49.31283855921746,4.541284403669724,94.19650459814872,935.8715361622171
3512,42.2103698396502,8.858267716535433,87.51414555388563,922.1593070292989
3513,43.80448796297494,6.219512195121951,97.81488230117677,164.4007039941397
3514,43.406858485936986,3.991935483870967,93.38092741423745,850.9687867844785
3515,42.60980697763761,0.35714285714285715,94.99939510779092,69.62080567549107
3516,48.922795160247304,1.2272727272727273,97.00542206968174,443.83509532702004
3517,46.57184741344958,1.9396551724137931,88.60555885035114,107.1609140426802
3518,49.31283855921746,5.366972477064221,87.29518470881735,895.9371598491524
3519,48.141207794360284,6.830357142857143,97.62056653031486,438.44448418861873
3520,48.141207794360284,-2.8125,90.68407218791201,186.95738460716984
3521,45.78396716177502,4.194915254237288,88.32307975177469,124.09735308894729
3522,47.749650829136584,6.769911504424779,92.58739200798958,199924.34668050485
3523,48.922795160247304,3.681818181818182,94.14072533891425,23.897309125793644
3524,48.5322537274423,-3.6486486486486456,87.20518539106475,8.674403626513222
3525,48.5322537274423,3.648648648648649,90.19764425982096,101.35087528709033
3526,42.2103698396502,8.858267716535433,87.2267880711662,9890.353845305293
3527,44.20152985105137,6.270491803278689,91.95933542644866,15870.628166223181
3528,42.2103698396502,2.4803149606299213,97.8322478418595,868.1290691837535
3529,46.1781796469964,-1.153846153846132,98.95683129555378,938.6375820110063
3530,47.749650829136584,-4.380530973451357,94.59974581432452,99.89636773467383
3531,43.80448796297494,4.024390243902438,88.7555543362738,9898.562473916569
3532,47.35757623319898,6.7105263157894735,97.97304030622992,62.332972904215566
3533,47.749650829136584,-0.3982300884955521,93.20695229845083,39.80420932770315
3534,48.141207794360284,-2.008928571428555,88.65109470923667,45.79949998406545
3535,48.5322537274423,1.2162162162162162,98.18099697598132,473.61515293283026
3536,47.749650829136584,5.176991150442479,96.16252734585203,907.5970729912339
3537,46.96497733995481,1.9565217391304348,95.82009899328487,167.29123718070895
3538,44.59799149300626,4.834710743801653,95.52110939200892,12545.050744374212
3539,49.31283855921746,2.8899082568807337,89.25417422655173,270.11034528632365
3540,48.141207794360284,6.830357142857143,89.38757980749256,66.47735842206154
3541,43.80448796297494,5.48780487804878,95.24752740587992,393.62174233696805
3542,48.5322537274423,3.648648648648649,89.4965874890464,875.6782660907995
3543,47.35757623319898,-1.1842105263157805,92.19862967639149,923.6450155319219
3544,43.406858485936986,6.169354838709678,96.45328275289279,388.4253187958578
3545,48.5322537274423,6.081081081081081,96.47496844382692,848.9281340317301
3546,48.922795160247304,0.40909090909090906,92.38903448969543,123.45635938168712
3547,45.78396716177502,6.483050847457627,96.56654317828901,865.307460191125
3548,47.35757623319898,0.39473684210526316,97.09706682002769,39863.54879753978
3549,45.38920300540005,-1.1344537815126046,94.80979473950607,11.644856571875746
3550,43.80448796297494,4.75609756097561,89.60543313338265,1363.466918365449
3551,48.5322537274423,2.0270270270270268,90.18631463834411,463.1501661364393
3552,44.993880150457116,1.8749999999999998,90.68302271752097,116.72768175904528
3553,45.38920300540005,0.37815126050420167,88.1825219564578,4943.630658423771
3554,48.5322537274423,2.8378378378378377,90.17539157903316,406.17347169094865
3555,44.993880150457116,6.375,89.36897674580794,151.85455551188585
3556,47.749650829136584,-4.380530973451357,92.41600915597553,83.26811699613701
3557,45.78396716177502,6.483050847457627,98.0069393563579,113.35300546105444
3558,48.922795160247304,0.40909090909090906,88.04509521137449,923.840172387303
3559,45.78396716177502,3.4322033898305087,95.66808431209078,855.4420716299002
3560,47.35757623319898,1.9736842105263157,95.23429875469462,1959.5627582256723
3561,43.80448796297494,6.951219512195122,87.94778732873101,107.8434361325732
3562,49.31283855921746,2.0642201834862384,98.19207420927314,50.62707280937176
3563,46.1781796469964,2.6923076923076925,93.80810557166612,2.0
3564,45.78396716177502,2.669491525423729,91.24501581540389,423.86511686422904
3565,44.20152985105137,2.581967213114754,96.15016043444902,199863.5762434902
3566,44.993880150457116,1.125,89.97294067217523,880.6657081684572
3567,44.59799149300626,4.09090909090909,95.31585626468139,141.57327232787364
3568,43.80448796297494,1.0975609756097562,87.30840710636593,937.6205348893676
3569,43.406858485936986,5.443548387096773,97.1072904613409,907.8312461770034
3570,47.35757623319898,4.342105263157895,92.32259640269353,2.0
3571,45.38920300540005,5.672268907563025,94.59554394494668,918.8337996786042
3572,43.406858485936986,2.5403225806451615,89.51553575985312,138.10089000933021
3573,41.81031489577859,8.789062499999998,95.10057998252118,66.05820635273116
3574,43.008633994236924,0.36000000000000004,96.3447643936826,105.35533789861178
3575,46.96497733995481,-3.521739130434753,92.64937793119383,395.50805552540146
3576,48.141207794360284,2.8125,94.37082928832989,225.6340426549687
3577,45.78396716177502,6.483050847457627,92.42902257246051,132.9639433029614
3578,44.20152985105137,4.795081967213115,97.81903666577003,78.25004237333121
3579,45.78396716177502,6.483050847457627,92.96883107926871,901.7280330784582
3580,45.78396716177502,5.720338983050848,97.13850683223437,78946.63315091524
3581,43.406858485936986,1.8145161290322582,96.66839772590012,906.6004614370007
3582,46.96497733995481,4.304347826086956,91.8341539654154,136.07523686690402
3583,43.406858485936986,5.443548387096773,89.62617696544744,113.5104536596271
3584,46.57184741344958,-0.38793103448279,91.77845465655147,101.53115148801524
3585,47.35757623319898,6.7105263157894735,96.94482345128431,59.03973648757397
3586,45.78396716177502,1.9067796610169492,89.59551149366774,455.2441694679245
3587,44.20152985105137,-1.106557377049171,93.31304615053176,852.6209545530556
3588,48.5322537274423,0.40540540540540543,96.72114405778014,883.9651990222496
3589,48.141207794360284,2.8125,91.12341340587427,876.0465620964666
3590,42.60980697763761,2.5,94.66090770478253,134.48480275649203
3591,48.5322537274423,-1.2162162162161962,89.82253474795078,151.2458403380212
3592,45.38920300540005,-0.3781512605041826,88.09861191137018,876.4539855328339
3593,44.993880150457116,1.8749999999999998,96.59093688752428,159.69158388273414
3594,45.78396716177502,6.483050847457627,87.98363246200094,99.30561728914486
3595,44.59799149300626,1.115702479338843,90.152598136535,170.6758553089748
3596,48.141207794360284,-2.8125,97.31145844310272,125.5480614884084
3597,45.38920300540005,6.42857142857143,91.04353155424562,32.87546757903577
3598,46.96497733995481,-2.7391304347825667,98.83626160262773,922.9915677217834
3599,44.59799149300626,3.3471074380165287,98.9202091092096,930.1847623442519
3600,48.5322537274423,2.0270270270270268,90.11279318136016,102.45108913845134
3601,44.993880150457116,0.375,87.323369851057,20.145195109861767
3602,48.141207794360284,2.0089285714285716,95.4671804510797,894.3999249496409
3603,47.749650829136584,-4.380530973451357,92.35934154330674,98.82254361455058
3604,48.141207794360284,-4.419642857142833,88.00352890646474,179.10513706489144
3605,48.141207794360284,1.2053571428571428,95.49939482773004,19.80074596688834
3606,43.406858485936986,0.3629032258064516,87.20759812859932,105.32830368753083
3607,47.749650829136584,-2.787610619469035,97.50764096323795,911.3319557464123
3608,43.008633994236924,-1.079999999999984,88.45117989981266,914.9310345962534
3609,42.2103698396502,2.4803149606299213,88.30100459701215,96.86132093114935
3610,44.993880150457116,0.375,88.94140354816976,153.71859201850486
3611,48.5322537274423,2.8378378378378377,98.67588384856086,57.71122334108144
3612,46.96497733995481,-1.956521739130494,95.31139678406929,25.228771695699344
3613,43.80448796297494,4.024390243902438,96.66861425228511,99937.79038482807
3614,46.96497733995481,5.869565217391305,91.67207135385306,868.3376763221013
3615,48.922795160247304,2.0454545454545454,90.92776342999298,448.57829965630833
3616,45.38920300540005,6.42857142857143,89.6811996488491,902.7512257180501
3617,43.406858485936986,3.2661290322580645,92.74570678069244,926.1034563100001
3618,43.80448796297494,4.024390243902438,93.62421659306672,915.6569523068126
3619,48.5322537274423,-1.2162162162161962,94.5372731901653,2.0
3620,44.59799149300626,4.834710743801653,89.96977518970596,86.13981133845563
3621,48.141207794360284,-4.419642857142833,98.53014847742577,868.1220450226709
3622,48.141207794360284,-4.419642857142833,88.8630917546509,171.30396637453117
3623,43.406858485936986,6.89516129032258,98.74348899001191,19945.869545821493
3624,47.749650829136584,2.7876106194690267,87.01488225723787,871.4096681321506
3625,47.749650829136584,6.769911504424779,92.75189558461992,4959.396860594834
3626,50.48004426244293,1.2735849056603774,90.89419652004169,94.05608262487699
3627,43.406858485936986,6.89516129032258,92.3350276832366,933.5807721988247
3628,43.80448796297494,3.292682926829268,93.83232852326384,147.2920168141241
3629,44.993880150457116,6.375,92.15840163138148,78904.34190370474
3630,44.20152985105137,5.532786885245901,91.8888374449283,70.39268018334293
3631,48.5322537274423,5.270270270270271,95.8336312059933,429.98505817878805
3632,45.78396716177502,2.669491525423729,95.21587376274987,911.3138746664147
3633,46.96497733995481,1.1739130434782608,97.02749310277575,261.8333470956285
3634,48.922795160247304,2.0454545454545454,89.87800382012155,395.150187675911
3635,45.78396716177502,6.483050847457627,94.27369205335312,39893.3364872754
3636,43.008633994236924,6.84,93.99286866525784,227.68377769949933
3637,49.702390326630685,3.7499999999999996,91.32073454648555,852.2050433627461
3638,47.749650829136584,-1.991150442477874,92.8157946535198,14.611630080620628
3639,48.141207794360284,6.830357142857143,90.67095171613155,926.7713209827605
3640,48.141207794360284,-0.4017857142857224,88.49344730102383,866.0124617939643
3641,43.008633994236924,3.24,89.42252955407353,183.77653978060994
3642,45.78396716177502,4.194915254237288,88.056618218398,2.0
3643,45.78396716177502,4.194915254237288,95.17911230338359,848.321301584961
3644,44.20152985105137,7.008196721311475,94.886479941871,2.0
3645,48.5322537274423,5.270270270270271,98.55464994186084,2.0
3646,45.78396716177502,6.483050847457627,95.79315985360392,855.9707949333674
3647,46.1781796469964,5.769230769230768,87.45407229913712,87.33448856356722
3648,44.993880150457116,4.124999999999999,97.6903159706882,88.88679158116449
3649,41.411188638099254,9.140625,97.40983716065762,867.6104859946208
3650,43.80448796297494,0.36585365853658536,92.25929559724601,14.156036631419282
3651,46.57184741344958,5.818965517241379,94.00025213777234,143.7848086053578
3652,43.406858485936986,0.3629032258064516,98.87432587500601,65.92757391647027
3653,48.5322537274423,-3.6486486486486456,93.40849735324011,702.5461669794505
3654,49.702390326630685,1.25,97.96613043488944,870.270016862158
3655,48.141207794360284,6.0267857142857135,87.80599316396568,888.8602981007303
3656,47.35757623319898,-1.9736842105263008,89.13801413337947,118.11020149333446
3657,45.38920300540005,1.8907563025210086,92.22581666258414,33.382196048714476
3658,44.993880150457116,6.375,93.98802958061624,27.668250276803327
3659,43.008633994236924,5.3999999999999995,96.8337707211842,231.6107461407766
3660,45.38920300540005,1.8907563025210086,99.02723369827484,3927.9603651672273
3661,45.78396716177502,-1.144067796610159,91.5614521571367,101.5590256565629
3662,49.31283855921746,0.4128440366972477,87.39939215940848,118.77679304574824
3663,49.702390326630685,2.083333333333333,96.6663905108342,39.67637617293958
3664,45.38920300540005,6.42857142857143,94.21269950854193,852.6741546150139
3665,46.1781796469964,-1.9230769230769056,89.23170045718415,875.9399449459177
3666,43.406858485936986,1.8145161290322582,92.92943421558546,864.3726909057474
3667,48.5322537274423,6.891891891891892,95.96105050158272,932.6956431628603
3668,50.091456801832585,4.6261682242990645,96.32443723117582,408.39074940688823
3669,45.78396716177502,1.1440677966101693,92.99149483854787,57.82944984027685
3670,48.141207794360284,-0.4017857142857224,90.57329497522339,133.19248246492864
3671,49.31283855921746,0.4128440366972477,98.8450119481066,870.4781863250107
3672,44.20152985105137,2.581967213114754,94.92099537187568,855.0387591533607
3673,48.922795160247304,6.954545454545455,91.80559958129813,440.57021010239623
3674,44.993880150457116,5.624999999999999,90.26900979205605,876.9079761009929
3675,47.749650829136584,-3.5840707964601393,95.812093914354,862.6378821298919
3676,48.5322537274423,-2.0270270270270316,89.778336345143,939.0190343911852
3677,46.96497733995481,-0.39130434782612156,88.88893381020382,846.5513964096168
3678,43.80448796297494,4.75609756097561,93.38120177479071,906.8540209582509
3679,46.57184741344958,4.267241379310344,90.39109139040302,115.23087895006485
3680,44.20152985105137,5.532786885245901,94.5032721517569,875.4106778977108
3681,48.5322537274423,0.40540540540540543,88.19517389687294,1923.0682995515713
3682,43.80448796297494,0.36585365853658536,94.81175389405816,175.70543144735302
3683,48.141207794360284,-0.4017857142857224,90.30532732023246,907.0114677455476
3684,44.59799149300626,4.834710743801653,86.8423085640386,890.004273489232
3685,45.38920300540005,-1.1344537815126046,88.29602789448236,17.30825529937662
3686,43.008633994236924,-0.36000000000001364,98.33671233077386,722.5515872223845
3687,46.57184741344958,1.9396551724137931,97.470685247784,55.521562310825914
3688,49.31283855921746,4.541284403669724,89.6702567473479,9858.579706924531
3689,50.091456801832585,2.9439252336448596,96.41292921392412,917.1263515001809
3690,43.406858485936986,0.3629032258064516,94.26235422298687,44.45417794803027
3691,45.38920300540005,4.159663865546218,98.80939635759958,50.95880089081456
3692,43.80448796297494,1.0975609756097562,91.36944620302006,849.1996199788363
3693,48.141207794360284,-2.008928571428555,95.15803850920963,157.6797547826433
3694,47.35757623319898,-0.39473684210526017,87.58850824583207,3.994038539732108
3695,49.702390326630685,1.25,91.65459543992651,448.24984323823816
3696,42.60980697763761,-0.3571428571428896,98.72045309111137,176.63788003680057
3697,44.59799149300626,4.09090909090909,93.48226423098882,39.77787554732191
3698,43.008633994236924,-0.36000000000001364,90.3640722865671,914.1557270227908
3699,47.749650829136584,6.769911504424779,88.22118202894163,1965.6095996220126
3700,44.993880150457116,5.624999999999999,95.44707613481997,899.9630086907039
3701,44.59799149300626,5.578512396694214,94.69226311002278,920.5753317156365
3702,47.35757623319898,5.131578947368422,91.37364068343328,101.01244187639837
3703,43.406858485936986,3.2661290322580645,98.55885398158716,121.79173404378352
3704,42.60980697763761,1.7857142857142856,87.10164262072958,97.498047509624
3705,43.008633994236924,0.36000000000000004,90.55630368479548,902.6149959622852
3706,44.20152985105137,4.057377049180328,98.17238935399334,3940.023631460584
3707,47.749650829136584,-4.380530973451357,90.7524875492011,887.5142965260977
3708,47.749650829136584,-3.5840707964601393,89.90740661738128,939.0634587269006
3709,42.60980697763761,-0.3571428571428896,93.4296672046188,863.0475224715011
3710,50.48004426244293,2.9716981132075473,96.9179691338599,176.5561444390773
3711,44.20152985105137,1.8442622950819674,88.03022428053286,229.79516635836913
3712,44.20152985105137,0.3688524590163934,98.45944904360495,25.850022200152555
3713,44.993880150457116,6.375,96.59859262160903,2.1290658451929314
3714,41.81031489577859,8.789062499999998,89.01526804817226,880.825505479972
3715,47.35757623319898,3.5526315789473686,95.55830051266155,302.09096036299496
3716,47.35757623319898,-1.9736842105263008,91.51242659313601,455.88268564652543
3717,49.31283855921746,-0.41284403669726544,91.73075548368035,459.81417414207715
3718,45.78396716177502,0.3813559322033898,96.46760431130545,127.8834755532674
3719,47.749650829136584,6.769911504424779,98.70749066885088,400.78695258319965
3720,47.35757623319898,-1.1842105263157805,88.29238230827943,397.0820553163591
3721,43.406858485936986,1.088709677419355,91.96318327612143,176.8947929766304
3722,43.008633994236924,-0.36000000000001364,92.74951052041393,920.0283302873721
3723,48.141207794360284,2.0089285714285716,91.4035275289348,382.93593608062855
3724,46.96497733995481,-2.7391304347825667,91.23826043039526,852.0711598145947
3725,43.008633994236924,-1.079999999999984,87.45670378445834,1901.0293075683712
3726,49.31283855921746,2.8899082568807337,95.21145124751258,934.2936244535513
3727,48.922795160247304,2.0454545454545454,92.1665614480857,1884.1948789269645
3728,48.5322537274423,6.891891891891892,89.18481275770652,124.63044659982874
3729,44.993880150457116,4.124999999999999,96.83161015282255,4.035478192292466
3730,48.5322537274423,4.459459459459459,96.68183463363951,120.68567185473782
3731,42.2103698396502,2.4803149606299213,92.82012321092925,128.47113268283334
3732,45.78396716177502,1.1440677966101693,90.49619796033863,1946.732677059918
3733,45.78396716177502,-1.144067796610159,94.6121293244508,866.3489691208176
3734,47.749650829136584,2.7876106194690267,90.36756691232473,29.301573289190213
3735,45.78396716177502,4.194915254237288,89.70025865056083,58.32780962621501
3736,44.59799149300626,3.3471074380165287,95.8042743887222,69.30433277828443
3737,44.20152985105137,5.532786885245901,87.3156584874551,860.4557018217268
3738,44.20152985105137,6.270491803278689,87.9367951478526,893.3311100734088
3739,44.993880150457116,1.125,86.91960423443709,932.2302395322658
3740,43.008633994236924,2.52,88.64041982232183,3897.649806876599
3741,43.80448796297494,6.951219512195122,87.64933082975358,94.1956451434535
3742,44.20152985105137,6.270491803278689,99.12186470481402,142.18139014161687
3743,49.31283855921746,2.0642201834862384,90.37599908656098,111.53057129937145
3744,50.48004426244293,2.1226415094339623,88.59175238956031,163.8021829804767
3745,48.141207794360284,6.830357142857143,89.76311887388512,1964.2502159115443
3746,44.59799149300626,3.3471074380165287,98.3695902255604,519.8189123948429
3747,46.1781796469964,0.38461538461538464,93.25764295238152,894.2009232862126
3748,46.57184741344958,-1.9396551724138362,91.25877569878726,411.0569420573816
3749,43.406858485936986,-0.3629032258064626,97.54918311007017,2.0
3750,43.008633994236924,1.08,91.63876383100511,19.833319254435583
3751,43.008633994236924,5.3999999999999995,90.91289817253248,445.5655491096707
3752,47.35757623319898,4.342105263157895,89.34100335896034,888.1254571447189
3753,44.59799149300626,6.322314049586777,91.42222969518997,100.50047109754324
3754,47.749650829136584,7.566371681415929,90.70403218194471,889.1025670984699
3755,48.141207794360284,2.8125,95.10359569592194,916.8940996484826
3756,48.141207794360284,2.0089285714285716,90.38590406565754,187.25313281422268
3757,47.35757623319898,-1.9736842105263008,93.90453374040278,896.777084322892
3758,46.1781796469964,5.769230769230768,87.61478573123621,183.780885851261
3759,43.406858485936986,1.088709677419355,89.14098178368864,875.4632964684556
3760,48.922795160247304,-0.40909090909093493,91.79511825967316,902.2810881168318
3761,44.20152985105137,4.057377049180328,98.38037861300505,99929.63896608303
3762,45.38920300540005,4.915966386554622,91.41536800713473,157.90372898123383
3763,47.749650829136584,-2.787610619469035,94.93031455663547,186.87503866850136
3764,45.78396716177502,6.483050847457627,89.94373805027224,74.68182564808781
3765,47.35757623319898,0.39473684210526316,88.29731925252761,95.4764860552162
3766,44.993880150457116,4.124999999999999,87.53072461126428,880.1740230239519
3767,46.1781796469964,6.538461538461539,90.5755628888702,2355.3159965803725
3768,48.5322537274423,7.702702702702703,88.70289446671534,179.62126635474394
3769,48.922795160247304,-2.045454545454561,88.91939697784508,82.37410749258936
3770,45.38920300540005,6.42857142857143,96.20625841321935,131.29223943872233
3771,43.008633994236924,2.52,87.02647852682134,385.7423900433223
3772,47.35757623319898,-1.1842105263157805,93.69030330416228,133.74203719804103
3773,44.20152985105137,4.057377049180328,91.44319310937047,108.5542703932914
3774,44.59799149300626,2.603305785123967,93.08130332942335,893.5097347562362
3775,43.008633994236924,-0.36000000000001364,93.74576909637719,2.0
3776,43.80448796297494,6.951219512195122,90.66622767887903,446.5094044650972
3777,45.38920300540005,-0.3781512605041826,90.4567387954395,911.6026588369849
3778,44.59799149300626,2.603305785123967,95.84264832336247,122.96363711612406
3779,43.008633994236924,1.8,97.5216882714972,851.960623342989
3780,46.57184741344958,6.594827586206897,89.15714617586794,872.504128068731
3781,47.35757623319898,6.7105263157894735,87.96857968633127,868.1594300193209
3782,50.48004426244293,2.9716981132075473,97.86755646489804,379.0995986542579
3783,43.406858485936986,0.3629032258064516,91.08258434883041,158.42509413507588
3784,43.80448796297494,4.75609756097561,93.61856691027165,924.8030328606684
3785,48.922795160247304,5.318181818181819,91.19255209035781,900.5429181211038
3786,44.993880150457116,1.125,88.28286423520011,147.2491484971609
3787,45.78396716177502,4.194915254237288,94.03857565671512,40.82845237843721
3788,48.922795160247304,-0.40909090909093493,93.32217401756343,23.949778187776204
3789,42.2103698396502,9.566929133858267,89.28736329250212,36.10028491033321
3790,48.141207794360284,6.830357142857143,92.3708589780812,742.9942589006353
3791,49.31283855921746,4.541284403669724,96.61943265217529,13.0555402626173
3792,44.993880150457116,4.124999999999999,94.05066801545087,154.16568160376264
3793,44.20152985105137,4.057377049180328,87.96075776541606,898.9001994173524
3794,49.702390326630685,2.083333333333333,93.58215151569057,135.37403695180475
3795,44.59799149300626,2.603305785123967,95.4367283750952,902.0653556750608
3796,45.38920300540005,4.915966386554622,96.5722513550554,896.4789310851328
3797,48.922795160247304,4.499999999999999,94.5057891291252,113.95981232921922
3798,48.5322537274423,-2.0270270270270316,88.63664550127709,891.2670572247608
3799,45.38920300540005,-0.3781512605041826,95.5341097334178,897.2021180371787
3800,47.749650829136584,-0.3982300884955521,95.10409192761718,180.87862969642336
3801,42.60980697763761,0.35714285714285715,87.12790766048464,98.33347727747193
3802,43.80448796297494,6.951219512195122,91.84980636150438,433.544640187224
3803,41.81031489577859,8.789062499999998,90.88943666565653,2832.7331658548337
3804,47.749650829136584,5.973451327433628,95.00022961129731,863.3348551193079
3805,42.2103698396502,2.4803149606299213,89.4517273291753,78.63084722899106
3806,46.1781796469964,5.769230769230768,94.05559375309153,876.8430051463777
3807,46.96497733995481,0.391304347826087,98.06939485991762,236.50656454937297
3808,49.31283855921746,0.4128440366972477,96.62893615279619,848.2774572067365
3809,49.31283855921746,1.238532110091743,98.17747455514522,892.9083981424062
3810,44.59799149300626,6.322314049586777,98.90479295662023,428.9798637675253
3811,45.78396716177502,2.669491525423729,86.96544795859108,917.9331019280213
3812,48.141207794360284,-3.616071428571388,94.43024081607929,889.179596816029
3813,44.993880150457116,5.624999999999999,91.86355560292,855.6497751692982
3814,47.749650829136584,3.5840707964601775,97.37315943722375,66.66353050700903
3815,44.993880150457116,1.125,89.90179060624175,924.8108727768133
3816,46.96497733995481,4.304347826086956,98.93646343977882,3870.1148398929854
3817,43.80448796297494,7.682926829268292,94.32321152778168,59.18577409335795
3818,43.80448796297494,6.951219512195122,96.58152282617505,409.7011742633846
3819,45.78396716177502,5.720338983050848,87.83454945187871,119.72440994600618
3820,46.96497733995481,1.1739130434782608,89.04303971422526,899.314649628859
3821,46.96497733995481,5.086956521739131,96.1749494827864,889.014912312223
3822,43.80448796297494,4.75609756097561,87.09908834389373,61.30563479556039
3823,47.35757623319898,6.7105263157894735,96.84099820867054,937.6733549133615
3824,48.141207794360284,6.830357142857143,87.0041698613671,82.98444246834109
3825,48.922795160247304,1.2272727272727273,94.83921599563472,912.696149860261
3826,45.78396716177502,4.194915254237288,91.26224942318129,387.1346475224998
3827,45.78396716177502,5.720338983050848,94.296989865769,150.34607729173962
3828,43.406858485936986,2.5403225806451615,95.34888316260945,70.69042925032778
3829,48.141207794360284,-4.419642857142833,90.99800572980864,75.76024982844028
3830,46.57184741344958,0.3879310344827586,88.08392563125949,870.3092823722338
3831,43.80448796297494,5.48780487804878,87.65664453484202,454.5943606429922
3832,43.80448796297494,7.682926829268292,94.03420453684996,51.139110336301634
3833,46.57184741344958,0.3879310344827586,93.26405806857198,46.0624933599247
3834,45.78396716177502,2.669491525423729,95.95959863203143,24.221807010255517
3835,47.35757623319898,1.1842105263157894,93.12257610242413,895.946720226677
3836,43.008633994236924,-0.36000000000001364,91.98687678296326,885.9627381969426
3837,48.922795160247304,-0.40909090909093493,91.67776626279219,16.715988433287556
3838,43.008633994236924,-0.36000000000001364,87.15176297876346,461.6974350667644
3839,44.59799149300626,5.578512396694214,90.9191516747016,30.908880927805892
3840,45.38920300540005,4.915966386554622,98.87359577295875,1928.192192451436
3841,49.702390326630685,2.083333333333333,97.55131717066644,1939.3261088550742
3842,45.78396716177502,5.720338983050848,90.84871967219294,881.688904011715
3843,46.57184741344958,-0.38793103448279,94.02160217666291,2871.1970527676554
3844,48.5322537274423,6.891891891891892,97.20986877776113,917.1406072358476
3845,44.59799149300626,1.859504132231405,92.23259489923369,922.4904700847663
3846,42.2103698396502,2.4803149606299213,87.05151211096441,468.51037673862294
3847,45.38920300540005,-1.1344537815126046,87.7108912621947,140.5425719836871
3848,44.20152985105137,1.8442622950819674,93.13109120168107,101.589955077454
3849,49.31283855921746,4.541284403669724,98.79100623118191,149.87284205061127
3850,46.1781796469964,2.6923076923076925,95.31192307748466,859.8525289512679
3851,48.922795160247304,-2.045454545454561,87.6708103422826,78.48702008025205
3852,44.993880150457116,5.624999999999999,89.11686567281777,119.61473485050817
3853,42.60980697763761,0.35714285714285715,96.3345687038305,395.1334419407849
3854,44.59799149300626,3.3471074380165287,97.13370931975662,108.32080885957956
3855,49.31283855921746,-0.41284403669726544,94.3704461396538,847.3740598197538
3856,46.96497733995481,1.9565217391304348,94.68713429334692,2847.0101376943394
3857,45.38920300540005,6.42857142857143,87.17408930563487,897.3000399246463
3858,46.57184741344958,-1.9396551724138362,96.97053559365911,871.7296230866955
3859,43.406858485936986,1.088709677419355,96.52302344006004,740.7730581542746
3860,43.80448796297494,6.219512195121951,89.99434284502604,409.48950446151764
3861,44.993880150457116,5.624999999999999,95.51450833677269,86.00783986606105
3862,46.96497733995481,-2.7391304347825667,89.43570388408553,1898.3556179112168
3863,47.749650829136584,5.176991150442479,87.31571660565534,115.15534203514646
3864,48.922795160247304,5.318181818181819,89.26413845107658,34.495732725006256
3865,46.96497733995481,1.9565217391304348,88.98055519292083,897.9030548079774
3866,46.1781796469964,0.38461538461538464,90.94412314563647,80.08719095224194
3867,44.59799149300626,4.834710743801653,91.93472397652822,169.59892011159468
3868,44.59799149300626,2.603305785123967,93.10707222314038,2.0
3869,49.31283855921746,4.541284403669724,92.69525254262683,59.241376534100965
3870,46.57184741344958,4.267241379310344,90.14353845375896,78.78287875256453
3871,48.141207794360284,1.2053571428571428,87.18392915301723,14.541581105066436
3872,48.5322537274423,6.081081081081081,94.2212409821087,868.6705268579855
3873,43.406858485936986,0.3629032258064516,91.64826674505184,925.1423704726628
3874,49.702390326630685,4.583333333333333,90.49872265425917,170.22535970169423
3875,46.1781796469964,2.6923076923076925,97.46530717941414,936.9059568418155
3876,48.5322537274423,-3.6486486486486456,96.01997067268654,99.62487527628495
3877,43.406858485936986,7.620967741935484,97.34599654164754,149.07419566619896
3878,45.38920300540005,6.42857142857143,92.93143388308177,66.63334258346555
3879,48.141207794360284,-2.8125,88.3489331086696,857.3675180402333
3880,45.78396716177502,-0.38135593220340525,95.35137211706781,202.3611572244342
3881,44.20152985105137,3.319672131147541,89.32588617826922,855.0892886464718
3882,42.60980697763761,8.928571428571429,92.23201197305079,901.5539734041989
3883,48.141207794360284,-4.419642857142833,87.60484569623057,451.18176506779446
3884,43.008633994236924,0.36000000000000004,96.93471846797988,859.5816547434587
3885,43.008633994236924,-0.36000000000001364,88.28440651752061,3866.301059523996
3886,43.008633994236924,6.12,97.9369968256359,137.45545483339785
3887,44.993880150457116,-0.375,97.43006282344092,163.97976506972432
3888,44.993880150457116,6.375,92.5367767901904,887.7855088395037
3889,46.57184741344958,-1.9396551724138362,95.98840298969043,854.4699863193631
3890,44.20152985105137,6.270491803278689,94.39118643427838,81.66485002590312
3891,45.38920300540005,4.915966386554622,96.68755867069896,171.475189227198
3892,44.59799149300626,4.834710743801653,92.10901856281568,394.9725712045405
3893,46.1781796469964,5.769230769230768,96.4956010695006,200.12736704312937
3894,44.20152985105137,3.319672131147541,92.50903254673688,81.5252764337351
3895,43.80448796297494,-1.097560975609781,98.43298617863901,2857.077512599189
3896,48.5322537274423,3.648648648648649,92.81987020770535,901.7555790769945
3897,43.406858485936986,1.088709677419355,92.51115263093041,404.7308153380059
3898,45.38920300540005,5.672268907563025,96.4874120946828,875.9988602446905
3899,43.406858485936986,3.2661290322580645,96.89324445902038,1906.8496365497328
3900,46.1781796469964,5.769230769230768,93.65361038811623,58.75802616666622
3901,46.96497733995481,-0.39130434782612156,88.99603450171938,115.96610327066566
3902,43.008633994236924,6.12,92.57821756959848,449.01484800906456
3903,47.749650829136584,3.5840707964601775,98.7738518264281,913.2445350032148
3904,43.406858485936986,2.5403225806451615,96.10294534000258,4.723572097419566
3905,45.78396716177502,5.720338983050848,96.77746076866272,24887.660668197244
3906,45.38920300540005,2.6470588235294117,87.22709068288151,385.63764385479976
3907,47.35757623319898,2.763157894736842,92.57953867298725,164.00942392787402
3908,44.993880150457116,0.375,94.71317642054603,134.65742216016594
3909,47.35757623319898,6.7105263157894735,96.98723792037678,79.4064411013953
3910,49.702390326630685,3.7499999999999996,87.42133432086644,910.9160138559384
3911,47.749650829136584,7.566371681415929,97.27673296893698,4948.61418409261
3912,50.48004426244293,2.1226415094339623,93.58634383557452,188.02427407188299
3913,42.2103698396502,8.858267716535433,89.21633132386457,4920.1693374750585
3914,42.60980697763761,-0.3571428571428896,90.71053905477234,921.005970313624
3915,46.57184741344958,4.267241379310344,90.28780530284149,404.5108551368215
3916,44.20152985105137,3.319672131147541,93.39252831562561,874.1092152576205
3917,47.35757623319898,-0.39473684210526017,87.44981902177496,272.7365917541883
3918,44.59799149300626,4.09090909090909,88.71448314675065,460.5809267047815
3919,43.80448796297494,4.75609756097561,96.7944745408751,16.50797485553924
3920,42.60980697763761,1.7857142857142856,88.37108386904485,881.0722053811029
3921,46.57184741344958,6.594827586206897,89.6675958249115,13.684181501314226
3922,43.80448796297494,2.560975609756097,92.39045479363,918.9040850750471
3923,47.749650829136584,6.769911504424779,93.21826408491557,921.365845999307
3924,41.81031489577859,8.789062499999998,96.24415354902675,110.09816444375187
3925,49.702390326630685,0.4166666666666667,92.3116547685155,148.31171963988146
3926,44.993880150457116,5.624999999999999,96.54069281443962,404.6980033264024
3927,44.59799149300626,2.603305785123967,94.37816792091985,849.8850606670635
3928,44.59799149300626,6.322314049586777,88.14121329743581,132.28708920240817
3929,48.922795160247304,-0.40909090909093493,88.68528777444223,848.5773052618467
3930,42.60980697763761,0.35714285714285715,92.17725366466658,136.89176060556827
3931,48.141207794360284,1.2053571428571428,91.66268136578606,15.125945699122035
3932,44.993880150457116,6.375,95.97745201074082,2.0
3933,48.141207794360284,-4.419642857142833,93.94361739954516,39.81819919598566
3934,47.35757623319898,1.9736842105263157,91.5524044381646,911.1279321863406
3935,45.38920300540005,6.42857142857143,88.87635760778835,7867.8637163294625
3936,46.1781796469964,2.6923076923076925,89.58556337755927,235.40386342902934
3937,48.5322537274423,6.891891891891892,93.88576497558758,427.345961810991
3938,48.5322537274423,-2.837837837837867,91.99983592137458,64.5303395484631
3939,46.1781796469964,2.6923076923076925,93.18984576530937,455.02818510741866
3940,44.20152985105137,6.270491803278689,88.87526051499975,63.34426186856946
3941,43.008633994236924,1.8,94.91501809992343,854.4414340073542
3942,48.922795160247304,0.40909090909090906,97.2780314046052,3854.709360237772
3943,46.57184741344958,4.267241379310344,89.98029887303518,90.94770324767087
3944,48.922795160247304,3.681818181818182,92.88649368457,902.4585246537185
3945,50.091456801832585,2.9439252336448596,98.86741072060136,2.0
3946,44.59799149300626,3.3471074380165287,90.89275921456796,171.1882885614504
3947,44.993880150457116,4.875000000000001,94.10210308562226,45.008320042985126
3948,48.5322537274423,6.891891891891892,87.88580263971963,161.027870468457
3949,48.141207794360284,-2.008928571428555,94.23206298108173,78.96311512521237
3950,50.091456801832585,4.6261682242990645,87.87951410092043,170.22076260739047
3951,43.406858485936986,1.088709677419355,98.66294564850637,191.43423059246658
3952,42.2103698396502,8.858267716535433,95.6068752898227,138.1292970335238
3953,48.5322537274423,2.0270270270270268,96.52174032485645,868.6595653437881
3954,48.141207794360284,-2.8125,95.45462070969415,2425.4085911546604
3955,43.406858485936986,6.89516129032258,94.04296631892772,182.26507341195168
3956,43.008633994236924,-1.079999999999984,92.34532915861479,89.13317516730643
3957,46.1781796469964,2.6923076923076925,97.35390028470599,124.94722284515366
3958,49.31283855921746,0.4128440366972477,98.63282829680819,930.4632639422739
3959,49.702390326630685,3.7499999999999996,92.98395111045807,469.90495714149625
3960,44.993880150457116,1.125,98.30946470150938,385.71302937526326
3961,46.57184741344958,4.267241379310344,93.97229733039097,66.03833638731354
3962,49.702390326630685,1.25,93.47567159893127,381.89881432873915
3963,44.993880150457116,1.8749999999999998,92.40496838524517,128.37609374345888
3964,50.48004426244293,2.9716981132075473,89.36608194862893,3912.354884682222
3965,43.80448796297494,2.560975609756097,86.88336678550644,1005.8145967197818
3966,47.35757623319898,1.9736842105263157,89.76965569796052,30.49052530763028
3967,49.702390326630685,3.7499999999999996,93.12241624105735,430.2114906060963
3968,44.993880150457116,2.625,91.44947211713223,104.79373656967786
3969,46.57184741344958,5.818965517241379,92.32669916769564,186.7586615237717
3970,42.2103698396502,8.858267716535433,98.93167846464408,937.6172205618872
3971,45.38920300540005,6.42857142857143,91.08688047082228,438.05185217140996
3972,47.749650829136584,-4.380530973451357,92.37495539707017,152.96895489216874
3973,44.20152985105137,1.1065573770491803,88.38315494835717,97.21594971320654
3974,47.749650829136584,7.566371681415929,87.40579401775445,913.6561303368635
3975,43.008633994236924,2.52,96.3799965642017,858.6071122770471
3976,46.96497733995481,-1.956521739130494,93.83253398621704,395.13676087881134
3977,45.38920300540005,6.42857142857143,96.20553401839094,101.4510386602957
3978,49.31283855921746,0.4128440366972477,88.59962867508169,152.98267205537724
3979,46.1781796469964,5.000000000000001,93.84519135370832,6272.274812204446
3980,43.406858485936986,1.088709677419355,89.92521914692247,432.69219418264197
3981,43.80448796297494,4.75609756097561,89.60088031213719,182.3109316844281
3982,48.141207794360284,-4.419642857142833,86.97555551266441,433.6538140493362
3983,48.141207794360284,-3.616071428571388,88.34111320398166,906.9752453239379
3984,43.80448796297494,6.951219512195122,90.61949915572382,155.5700494645319
3985,43.008633994236924,-0.36000000000001364,88.18335443561651,81.75852220132856
3986,48.922795160247304,2.8636363636363633,98.99706731390233,846.2131433388118
3987,45.78396716177502,1.1440677966101693,90.61225591984261,871.3468279105507
3988,47.35757623319898,-2.763157894736878,88.34089104114604,886.2244825586329
3989,43.406858485936986,6.89516129032258,89.23844715652231,939.2265408514461
3990,48.922795160247304,0.40909090909090906,94.02058374209402,169.2803268201592
3991,48.141207794360284,6.830357142857143,87.5941709107767,25.868118936758613
3992,44.20152985105137,6.270491803278689,97.40670296688013,6202.6730267238545
3993,49.31283855921746,0.4128440366972477,98.69136216064342,272.8657911944677
3994,45.78396716177502,6.483050847457627,89.8368377644892,858.2124200172645
3995,46.1781796469964,-0.3846153846153584,92.34771067465675,871.6916441808057
3996,47.35757623319898,-3.5526315789473415,87.10083530369728,451.7669879490826
3997,46.57184741344958,4.267241379310344,94.64314222513453,96.05486431442235
3998,45.38920300540005,4.159663865546218,91.87724099436879,899.5087047963463
3999,48.5322537274423,6.891891891891892,90.13564072076025,914.7292359427261
4000,44.993880150457116,0.375,89.33543279943419,456.4316884078619
4001,43.80448796297494,4.75609756097561,94.8008768400103,409.93219837383305
4002,44.20152985105137,6.270491803278689,91.90609349059822,46.73323659980435
4003,48.5322537274423,5.270270270270271,88.99420013130597,30.51708830445035
4004,48.5322537274423,4.459459459459459,95.25821625945952,155.32992091289307
4005,47.749650829136584,6.769911504424779,93.77054082669045,142.6552429369885
4006,46.96497733995481,4.304347826086956,97.35778401271583,4931.9118623479635
4007,46.1781796469964,0.38461538461538464,88.19001332581364,908.4263274623165
4008,44.59799149300626,5.578512396694214,96.49402377543792,869.6936029763953
4009,49.31283855921746,2.0642201834862384,95.05399224973574,430.9294723492883
4010,49.702390326630685,2.083333333333333,88.16252570357022,75.6268253503296
4011,46.57184741344958,4.267241379310344,95.33302601389373,12913.408272733532
4012,44.59799149300626,6.322314049586777,92.23615700544174,170.98679829397247
4013,48.141207794360284,2.8125,98.48409841402356,42.94096453630917
4014,44.59799149300626,0.371900826446281,88.49036124312387,413.7132149843938
4015,47.749650829136584,5.973451327433628,94.66829812425034,936.7248266008851
4016,43.008633994236924,0.36000000000000004,91.47491315552249,1508.7128920232376
4017,43.008633994236924,1.08,98.63256478273044,2.0
4018,47.749650829136584,-0.3982300884955521,90.85552253562355,1347.8405619413297
4019,48.141207794360284,-2.8125,98.69997442641805,125.28328453365233
4020,46.1781796469964,0.38461538461538464,97.91588775560578,6.193128092158686
4021,47.749650829136584,0.39823008849557523,90.13980364001065,928.5186021546746
4022,44.59799149300626,4.834710743801653,96.69274065014221,933.5525059958427
4023,43.406858485936986,0.3629032258064516,99.11937769984041,849.7498460375484
4024,44.59799149300626,4.834710743801653,89.91266418962398,504.0157946913853
4025,43.80448796297494,-1.097560975609781,92.1739055311622,917.6626577106366
4026,46.57184741344958,5.818965517241379,93.257908734235,909.2676272860461
4027,48.5322537274423,6.081081081081081,90.45446070926695,1883.1489665152187
4028,44.20152985105137,4.057377049180328,87.01970898127078,456.2669998283991
4029,46.96497733995481,4.304347826086956,89.50167132120485,9861.355778428971
4030,44.59799149300626,4.09090909090909,90.28789929260418,158415.39716639623
4031,47.749650829136584,6.769911504424779,92.26294159618496,48.142743350185874
4032,48.922795160247304,0.40909090909090906,88.8808890262279,929.0676584708982
4033,41.81031489577859,8.789062499999998,97.54740035778595,418.0613599990629
4034,48.5322537274423,6.081081081081081,95.4651876087962,176.51485176517053
4035,41.81031489577859,8.789062499999998,87.83009922917199,855.0232082988
4036,42.2103698396502,8.858267716535433,94.75430561569375,15.382728202403287
4037,43.80448796297494,4.024390243902438,94.7965332400491,422.85382146547215
4038,44.59799149300626,2.603305785123967,98.62511633024457,935.7518177914586
4039,44.993880150457116,1.125,86.87511446728497,99.67560347786824
4040,43.406858485936986,6.169354838709678,89.85202756843124,232.72051674213668
4041,47.749650829136584,-1.991150442477874,98.26043235268945,3890.9236650021166
4042,45.78396716177502,4.194915254237288,98.31730850308125,242.84267043778226
4043,44.993880150457116,6.375,95.67231745922786,163.62832404208075
4044,46.1781796469964,0.38461538461538464,96.27276061005283,335.9322672840202
4045,46.1781796469964,5.769230769230768,87.90015728433525,432.2322330719067
4046,47.35757623319898,7.499999999999999,93.17621984532308,860.947177093691
4047,45.38920300540005,-1.1344537815126046,89.644917999673,913.7713409758611
4048,43.406858485936986,3.2661290322580645,89.01484149084294,383.6132054628094
4049,48.141207794360284,5.2232142857142865,96.76790794713126,919.0280777447726
4050,43.008633994236924,-0.36000000000001364,88.40331734691812,442.5319420145682
4051,44.59799149300626,6.322314049586777,92.58987678324858,154.85136150090491
4052,43.80448796297494,7.682926829268292,98.40171466352606,869.0756666906796
4053,45.38920300540005,6.42857142857143,89.0727323623541,887.791424667093
4054,43.80448796297494,1.829268292682927,98.89836048270685,460.09406726352694
4055,50.091456801832585,2.9439252336448596,99.10285904258575,15.733920122156377
4056,43.80448796297494,6.951219512195122,93.66607378709567,76.98707642793677
4057,49.702390326630685,3.7499999999999996,88.86817996849504,131.37972232070808
4058,43.008633994236924,0.36000000000000004,90.69742719609893,130.20041378300448
4059,41.81031489577859,8.789062499999998,92.0135912963199,873.9196577177015
4060,47.749650829136584,-1.19469026548677,90.62013875029628,2.0
4061,48.141207794360284,6.830357142857143,90.27121906166725,899.6773921352632
4062,44.20152985105137,-0.3688524590164093,98.82602522646454,122.57269394896204
4063,47.749650829136584,3.5840707964601775,88.64600328128043,142.29144309341552
4064,43.406858485936986,6.169354838709678,95.84166557292795,438.3372171786741
4065,48.922795160247304,4.499999999999999,86.84428493436147,100.76310020195301
4066,48.5322537274423,0.40540540540540543,94.11556659377713,1143.7599498423908
4067,42.2103698396502,8.858267716535433,98.10524395926028,31.28343903748987
4068,44.59799149300626,4.834710743801653,90.36477203553517,378.0404043119361
4069,43.406858485936986,3.2661290322580645,89.06890435855226,929.0296172290845
4070,47.35757623319898,6.7105263157894735,94.77311293329537,855.8910528252552
4071,44.59799149300626,4.834710743801653,95.56618805036815,134.48312768046338
4072,44.993880150457116,4.124999999999999,95.24408951479035,206.50798216768968
4073,44.993880150457116,5.624999999999999,90.73403863874076,884.3383528576973
4074,44.59799149300626,5.578512396694214,89.90676017962932,9908.879173420954
4075,44.993880150457116,1.125,98.62132150701811,1893.1654005664627
4076,46.1781796469964,5.769230769230768,98.20159762886294,156.59566475835996
4077,47.749650829136584,-4.380530973451357,92.44195131936117,199846.6510539912
4078,43.80448796297494,0.36585365853658536,97.19552783483512,2.0
4079,48.141207794360284,-3.616071428571388,92.37678946320987,2.0
4080,44.59799149300626,6.322314049586777,92.01223648496229,921.0194031715055
4081,48.141207794360284,-2.008928571428555,88.69100191107867,92.98328360971145
4082,44.993880150457116,6.375,92.03855943427257,17.980485057520433
4083,44.20152985105137,4.795081967213115,93.46498474600708,110.12940492517737
4084,48.141207794360284,-4.419642857142833,87.10520334001602,231.3714469897016
4085,49.31283855921746,2.8899082568807337,92.26964036368683,891.8131705526237
4086,48.5322537274423,1.2162162162162162,96.44610558983466,858.549970986416
4087,44.993880150457116,5.624999999999999,95.1395110035663,110.33822196843933
4088,43.406858485936986,3.2661290322580645,94.57734584589753,420.5505398967524
4089,49.702390326630685,4.583333333333333,98.02158107883699,2871.399224661522
4090,44.20152985105137,4.057377049180328,87.05238773522578,918.2536771461794
4091,47.35757623319898,-1.9736842105263008,93.68187822036995,148.10296796771323
4092,45.78396716177502,5.720338983050848,96.512725173453,19937.407435419747
4093,43.008633994236924,-0.36000000000001364,93.50827852688012,884.9414324217477
4094,47.35757623319898,-4.342105263157919,90.78622799773345,18.889044731964482
4095,45.78396716177502,4.194915254237288,88.41937258166435,4.131858917966111
4096,50.091456801832585,1.2616822429906542,97.73353064446539,76.18946403785908
4097,48.922795160247304,0.40909090909090906,92.61742276682197,890.9644835145378
4098,47.749650829136584,5.973451327433628,97.61060675589478,84.48016867207018
4099,49.702390326630685,0.4166666666666667,94.0001313963435,426.48173836547403
4100,44.993880150457116,7.125,95.06283755198942,35.55092811570363
4101,46.1781796469964,5.769230769230768,96.70073791225653,2828.6275045661473
4102,45.38920300540005,6.42857142857143,94.8658922598144,157.26994477962475
4103,48.5322537274423,-1.2162162162161962,91.67735900384234,1942.6766620150333
4104,47.749650829136584,-1.19469026548677,93.17307855285216,3922.321987202653
4105,44.59799149300626,3.3471074380165287,96.68722385508576,2.0
4106,42.60980697763761,-0.3571428571428896,91.37000835902896,392.2995749605058
4107,49.31283855921746,0.4128440366972477,91.5522580426534,2.0
4108,43.008633994236924,1.08,87.94707272200935,1944.5282474532485
4109,44.993880150457116,1.125,98.08744976283978,431.4777082965222
4110,45.38920300540005,-1.1344537815126046,87.89517661794508,25.645920832436396
4111,45.78396716177502,-1.144067796610159,94.73199203257656,44.75319051164771
4112,49.31283855921746,4.541284403669724,91.86802749087795,174.7242009426754
4113,48.922795160247304,2.0454545454545454,91.77262688350089,3895.3080201013054
4114,44.993880150457116,4.875000000000001,95.13303783513896,880.0218923018125
4115,47.35757623319898,-1.9736842105263008,87.62818481632667,934.7273748317998
4116,43.008633994236924,6.12,94.0869042706592,167.1983214035193
4117,46.57184741344958,-1.1637931034482563,96.34244662807937,8.486762799576761
4118,48.5322537274423,2.8378378378378377,96.96700595297345,9917.826503197623
4119,44.20152985105137,1.8442622950819674,88.87331330182286,2.0
4120,47.749650829136584,-1.19469026548677,97.86262180410986,3938.4788110362633
4121,45.38920300540005,4.159663865546218,94.82647519380495,168.17843713092822
4122,44.59799149300626,6.322314049586777,97.65923351062555,2.0
4123,43.008633994236924,1.8,92.80572979346242,878.8470830709596
4124,43.80448796297494,3.292682926829268,93.51599011603255,15937.993816682883
4125,44.59799149300626,4.834710743801653,98.14578507856857,7962.333949353089
4126,44.59799149300626,5.578512396694214,97.89524166756776,72.14932103975764
4127,42.60980697763761,1.7857142857142856,92.32246624357418,83.13301783495744
4128,47.749650829136584,-1.19469026548677,90.19145278364537,465.5009049569477
4129,50.48004426244293,1.2735849056603774,91.61584483049597,862.610946126767
4130,47.749650829136584,7.566371681415929,91.54776037233906,894.5848161664087
4131,48.141207794360284,-4.419642857142833,90.35109233051789,83.02624296215332
4132,44.59799149300626,3.3471074380165287,90.11668454525888,6233.333765368151
4133,44.993880150457116,-1.125,97.38887308414245,863.0600978975594
4134,44.993880150457116,4.124999999999999,87.65905381392366,928.2858423326753
4135,50.091456801832585,2.9439252336448596,95.10761962400444,447.1123100004532
4136,44.20152985105137,3.319672131147541,88.90363349356306,188.30324125229322
4137,47.35757623319898,6.7105263157894735,91.02115208584527,9942.082969792269
4138,44.59799149300626,3.3471074380165287,87.56622893965607,731.7596209505716
4139,45.38920300540005,6.42857142857143,90.1345533722935,934.4940100898482
4140,47.35757623319898,-1.1842105263157805,96.30230660281003,4928.452506751613
4141,48.5322537274423,2.0270270270270268,97.70033038046918,874.525181722835
4142,48.922795160247304,2.0454545454545454,89.51915430157138,453.51752533419557
4143,43.406858485936986,1.088709677419355,92.52327070979116,2.0
4144,43.008633994236924,6.84,92.6117022418003,6.759475720890661
4145,44.59799149300626,1.859504132231405,97.551573717399,93.73417415953055
4146,48.922795160247304,4.499999999999999,96.2333688139136,85.70747494418524
4147,46.57184741344958,-1.9396551724138362,93.16587264414487,117.90170336392879
4148,44.20152985105137,3.319672131147541,95.01771689445687,140.04625956784582
4149,43.80448796297494,1.829268292682927,97.2106269722438,164.37765641606921
4150,48.922795160247304,-0.40909090909093493,86.95208942943664,205.47191158139125
4151,50.48004426244293,1.2735849056603774,91.73825335448973,38.582665776166074
4152,44.20152985105137,1.1065573770491803,97.99129565544958,8.026142863697089
4153,46.96497733995481,2.739130434782609,95.93450536771519,874.0836237671745
4154,47.749650829136584,4.380530973451327,93.52491780258731,445.14093461369987
4155,50.48004426244293,3.8207547169811322,93.37910956840517,377.8684812956855
4156,45.38920300540005,5.672268907563025,91.05835866114964,861.7138870772473
4157,43.406858485936986,3.2661290322580645,93.26231128425454,922.2214453216261
4158,42.60980697763761,8.928571428571429,94.81699196500648,238.78751632109066
4159,45.38920300540005,-1.1344537815126046,91.93359566425418,863.8053939972658
4160,45.38920300540005,2.6470588235294117,95.58681233386798,4931.11151100117
4161,48.922795160247304,1.2272727272727273,97.3910744032214,925.9617172367731
4162,45.38920300540005,6.42857142857143,88.66348327689771,230.90889119097062
4163,46.96497733995481,-0.39130434782612156,92.36665649767535,864.9318111129601
4164,44.993880150457116,5.624999999999999,91.80286129395385,80.87423725239388
4165,46.57184741344958,1.9396551724137931,95.23667992126053,461.8794277449036
4166,47.749650829136584,0.39823008849557523,89.87683076051273,19901.079164310635
4167,48.922795160247304,2.8636363636363633,94.63770018721581,431.4109852593188
4168,47.35757623319898,4.342105263157895,97.60246734488703,2882.832373624278
4169,48.922795160247304,2.8636363636363633,91.93057532145691,185.23949808664761
4170,48.5322537274423,-0.40540540540536085,98.04070735344354,249837.47856782915
4171,41.81031489577859,8.789062499999998,99.08874962026027,688.1822486179368
4172,45.78396716177502,0.3813559322033898,88.06306819121104,7.975883890104998
4173,45.38920300540005,4.915966386554622,89.66330506477011,846.7826118257098
4174,43.406858485936986,6.89516129032258,98.55180583450954,126.6463504082066
4175,41.411188638099254,9.140625,98.65155329989645,2.682894398689972
4176,44.993880150457116,1.8749999999999998,87.96956674526207,920.0840413864343
4177,43.80448796297494,6.219512195121951,87.01656366136883,127.15695372631272
4178,47.35757623319898,6.7105263157894735,88.74843438884885,912.4736854605327
4179,47.35757623319898,1.1842105263157894,99.12450544395092,132.66837132790786
4180,46.57184741344958,-1.9396551724138362,88.99870682147295,90.20565111219533
4181,44.59799149300626,4.834710743801653,93.02944668464724,9914.592077543848
4182,44.59799149300626,5.578512396694214,97.22444509799323,165.07489886558707
4183,47.35757623319898,5.131578947368422,87.08037141478218,851.3609007377014
4184,48.5322537274423,2.0270270270270268,94.21398224263389,854.0554049943477
4185,44.993880150457116,-1.125,90.22494409641823,461.8442702207635
4186,48.5322537274423,1.2162162162162162,97.40541287291883,1964.3513829640733
4187,44.993880150457116,1.125,90.30743744957856,874.2391272105798
4188,44.59799149300626,6.322314049586777,95.22739251787553,183.6498319016082
4189,44.59799149300626,-1.115702479338836,95.06319794754003,933.0870901583221
4190,44.20152985105137,6.270491803278689,89.51873404397196,83.03302362548195
4191,43.406858485936986,6.89516129032258,87.25039900394157,450.123302332966
4192,45.78396716177502,-1.144067796610159,91.81834538718344,4902.396971098237
4193,44.20152985105137,3.319672131147541,90.38091074606734,858.8825390708355
4194,44.993880150457116,6.375,96.7531719203479,918.8676074570842
4195,48.141207794360284,2.0089285714285716,96.65741565699571,867.701028307234
4196,49.702390326630685,0.4166666666666667,92.43813204961738,925.8822993367343
4197,47.749650829136584,-3.5840707964601393,94.23795422424152,3920.0651506866852
4198,45.78396716177502,0.3813559322033898,94.21126345845191,125.91771377553609
4199,44.993880150457116,6.375,96.95528194483904,76.8671344458495
4200,43.406858485936986,3.2661290322580645,92.02024148526053,406.632910294322
4201,48.141207794360284,2.8125,90.20470730054217,882.8253611539769
4202,48.5322537274423,0.40540540540540543,90.071248457189,105.73507190896491
4203,42.60980697763761,-0.3571428571428896,93.45145383149928,2.0
4204,48.922795160247304,6.136363636363636,92.33535118445066,156.81735262846416
4205,45.78396716177502,5.720338983050848,92.21754052403257,9871.618242929619
4206,44.993880150457116,2.625,87.89630317221265,880.6663944655934
4207,45.38920300540005,5.672268907563025,95.64596552457701,182.587281704034
4208,48.922795160247304,1.2272727272727273,89.4217225989662,89.25914522039562
4209,49.31283855921746,2.0642201834862384,89.21182471477611,162.62297207902822
4210,48.922795160247304,5.318181818181819,91.86253451373634,76.96358388532512
4211,44.993880150457116,2.625,89.5973350188562,42.60579852709414
4212,45.38920300540005,6.42857142857143,93.97810185486075,1938.0876234411649
4213,48.141207794360284,-2.008928571428555,91.34246583876966,158469.2473262844
4214,44.993880150457116,-0.375,92.33226504852838,73.8676147006112
4215,43.80448796297494,6.951219512195122,93.46224889583847,14.602381749733327
4216,49.702390326630685,4.583333333333333,89.29414137487213,150.9899086233862
4217,45.78396716177502,-1.144067796610159,88.67760973398005,390.51219525661213
4218,44.59799149300626,6.322314049586777,97.64060127574147,95.86231576090701
4219,47.749650829136584,3.5840707964601775,92.13405688826512,138.4972806456404
4220,47.35757623319898,2.763157894736842,91.85416315294594,93.7447300149117
4221,44.993880150457116,5.624999999999999,87.25999949994491,905.4948233504176
4222,43.008633994236924,1.8,92.97021899670516,886.1806267598544
4223,43.80448796297494,6.219512195121951,93.65008150837505,861.8740724166863
4224,44.993880150457116,1.8749999999999998,93.70169171662955,176.3610534113805
4225,44.20152985105137,3.319672131147541,95.4929553224434,1945.6779970158539
4226,46.96497733995481,5.869565217391305,88.96536582206832,9877.31739308101
4227,44.59799149300626,0.371900826446281,89.90702592507638,79.01848733125004
4228,45.78396716177502,4.194915254237288,96.7726567182252,103.890887564544
4229,48.141207794360284,2.8125,98.51153083901396,436.69219691258877
4230,44.59799149300626,-1.115702479338836,88.41516397179693,34.46420069254387
4231,45.38920300540005,6.42857142857143,92.96598551477597,279.55418362344057
4232,46.96497733995481,3.5217391304347827,89.42722003059323,726.8015065065691
4233,43.008633994236924,5.3999999999999995,87.5488706353032,434.1241396981012
4234,50.091456801832585,3.7850467289719627,90.80455411648279,151.5095746748719
4235,47.35757623319898,5.131578947368422,88.51785571227813,448.8304501121991
4236,49.31283855921746,2.0642201834862384,95.53096374301364,6223.735975231043
4237,44.20152985105137,-0.3688524590164093,93.4241981309125,96.39022659148233
4238,44.59799149300626,-1.115702479338836,88.51980027565703,868.0988916044377
4239,47.35757623319898,-4.342105263157919,86.94857770543618,8.58572284922197
4240,44.59799149300626,4.834710743801653,96.74404825821371,21.034350301945064
4241,46.57184741344958,5.043103448275863,88.94831741587963,455.60343079412905
4242,44.20152985105137,6.270491803278689,94.2344520683123,41.86674472305246
4243,45.78396716177502,1.9067796610169492,90.93470714655922,2.0
4244,46.1781796469964,0.38461538461538464,93.99608553156679,77.86861608497794
4245,43.008633994236924,-0.36000000000001364,90.69228356115609,465.0029927831945
4246,47.749650829136584,3.5840707964601775,87.84949233107784,883.2883209335682
4247,48.922795160247304,-0.40909090909093493,89.53694930683845,94.6142134747627
4248,44.993880150457116,2.625,89.10057829700048,872.3035205947216
4249,42.2103698396502,2.4803149606299213,92.05961342463947,83.7973811235008
4250,46.96497733995481,-1.173913043478251,94.85447414809678,855.1437968854455
4251,49.31283855921746,2.8899082568807337,90.0554970409664,187.28058477696305
4252,47.35757623319898,-1.9736842105263008,86.98197892267218,867.7757968019018
4253,45.38920300540005,0.37815126050420167,93.24179909363134,135928.71859515426
4254,48.5322537274423,6.891891891891892,94.22903558613787,3881.239373128663
4255,44.59799149300626,2.603305785123967,98.70856603791496,2.0
4256,41.411188638099254,9.140625,94.04011317571573,1200.0671149414268
4257,45.78396716177502,1.9067796610169492,92.62277556763952,21.07457939319534
4258,46.96497733995481,1.9565217391304348,93.86256938070417,4926.1167446973595
4259,46.57184741344958,6.594827586206897,98.26186197870229,129.8473748653288
4260,48.922795160247304,-2.045454545454561,96.96884455483702,174.0735815994332
4261,43.406858485936986,-1.0887096774193878,90.77577776207924,34.67382691099141
4262,46.1781796469964,1.1538461538461537,89.71584721153737,45.8326061148343
4263,46.57184741344958,1.9396551724137931,90.04046831623181,890.6152574906001
4264,44.59799149300626,2.603305785123967,93.05371964952406,3919.159277438812
4265,46.1781796469964,-0.3846153846153584,95.98416641807854,854.2955703580905
4266,44.59799149300626,1.115702479338843,93.03814821518444,887.2051850868716
4267,49.31283855921746,2.8899082568807337,87.63602045037626,901.6462940911293
4268,43.80448796297494,6.219512195121951,95.71211467894075,121.45690057445698
4269,42.60980697763761,1.0714285714285714,96.71973644136736,9.576940662084962
4270,44.59799149300626,1.115702479338843,90.38481658510155,2.0
4271,42.60980697763761,2.5,94.9309906374955,160.22191543781193
4272,48.5322537274423,4.459459459459459,92.04098476090442,112.03429244472015
4273,45.78396716177502,5.720338983050848,97.75391446527945,18.81786136359606
4274,44.993880150457116,4.875000000000001,97.18293674834895,82.20313715612876
4275,44.993880150457116,1.8749999999999998,93.32594623133645,52.44427320945107
4276,46.57184741344958,-1.9396551724138362,95.28960455504685,1964.9544903514138
4277,47.35757623319898,-2.763157894736878,97.67867197219773,60.97148222285812
4278,48.5322537274423,0.40540540540540543,92.94094667796219,445.36734446181595
4279,46.57184741344958,3.4913793103448274,90.6648945954216,848.7713002440188
4280,48.5322537274423,6.891891891891892,96.11198253950828,449.5838414264679
4281,44.20152985105137,4.057377049180328,89.50088354196586,38.68546599662066
4282,48.141207794360284,6.830357142857143,91.55741769097362,146.16486169192962
4283,49.31283855921746,2.0642201834862384,97.44952384090487,12.843638722060554
4284,45.38920300540005,6.42857142857143,95.72330097856708,180.09127581197657
4285,44.993880150457116,4.124999999999999,91.74985209650654,87.1083684257032
4286,43.406858485936986,6.89516129032258,89.43432686444787,462.6809661195043
4287,44.993880150457116,1.125,91.15180576025513,879.9903428276037
4288,47.35757623319898,-0.39473684210526017,90.31567947761093,441.37635556791616
4289,43.80448796297494,4.75609756097561,88.94692541806053,269.25621843186474
4290,45.38920300540005,5.672268907563025,95.97464286095634,176.41205621349238
4291,49.31283855921746,-0.41284403669726544,89.90506158716423,926.609025976336
4292,45.38920300540005,-1.1344537815126046,92.40085411240973,102.28239388054774
4293,43.008633994236924,3.24,91.52377030682118,892.9567143019427
4294,46.57184741344958,5.043103448275863,98.94961456943578,900.2411835102656
4295,47.749650829136584,-0.3982300884955521,91.58967211625028,199.24349130869004
4296,48.5322537274423,2.8378378378378377,87.77191161163675,136.6770606547652
4297,48.5322537274423,4.459459459459459,87.88167722908324,396.924154430117
4298,46.1781796469964,6.538461538461539,94.05428777680238,35.525947111369256
4299,44.993880150457116,4.124999999999999,94.1532546274989,9.95570454913401
4300,48.922795160247304,0.40909090909090906,91.93876295593417,45.47052123627405
4301,42.60980697763761,0.35714285714285715,92.1095221936717,86.32212668657832
4302,44.20152985105137,6.270491803278689,87.4763537063974,421.204831952294
4303,44.993880150457116,2.625,93.21082221196203,928.9401791162921
4304,43.406858485936986,0.3629032258064516,93.05784543237486,109.46486259190888
4305,49.31283855921746,-0.41284403669726544,88.59547750192151,3865.78711833653
4306,45.78396716177502,5.720338983050848,88.03794797784555,4943.80359005586
4307,44.993880150457116,6.375,88.25799847404876,6228.562077609295
4308,43.406858485936986,0.3629032258064516,88.0066000128782,925.3161341291329
4309,43.80448796297494,2.560975609756097,94.27582102359548,166.03689124238883
4310,47.749650829136584,-4.380530973451357,89.20593441479178,24.423700238888074
4311,42.60980697763761,1.0714285714285714,89.8968614140323,467.86853959326476
4312,48.5322537274423,0.40540540540540543,88.91359286490007,460.5506335307159
4313,43.406858485936986,6.89516129032258,98.64537385079595,929.2029296081103
4314,42.2103698396502,2.4803149606299213,97.30506141197898,158409.81769469904
4315,48.5322537274423,-0.40540540540536085,89.63130896535777,424.07826563073326
4316,44.20152985105137,1.8442622950819674,90.82806842968941,157.818713397617
4317,49.702390326630685,3.7499999999999996,89.37364941196769,85.64976260835732
4318,46.57184741344958,-1.1637931034482563,92.89118045356753,2.0
4319,45.38920300540005,2.6470588235294117,87.07102921728843,424.76866157330477
4320,44.993880150457116,1.8749999999999998,95.02584808928836,458.2674876745786
4321,43.008633994236924,-0.36000000000001364,93.29648531931977,921.3632002288226
4322,44.59799149300626,4.834710743801653,97.87859946662465,421.4936904977151
4323,45.78396716177502,5.720338983050848,88.79203650667475,1970.2049104247833
4324,43.80448796297494,6.219512195121951,96.69904915976832,859.7235371776246
4325,42.60980697763761,2.5,96.56399825080848,926.1845795389592
4326,50.091456801832585,3.7850467289719627,88.29927397847779,65.31640062607158
4327,42.2103698396502,9.566929133858267,91.68371120535514,930.8813780883778
4328,48.922795160247304,1.2272727272727273,88.86831107920942,874.4591841628992
4329,43.80448796297494,6.219512195121951,89.93903737705546,77.17643491403037
4330,47.749650829136584,-3.5840707964601393,90.04832019382354,87.73817678889027
4331,48.5322537274423,2.0270270270270268,93.67291558750054,2873.6993001217425
4332,46.1781796469964,-1.153846153846132,91.84556551303302,2.5390673631583343
4333,44.59799149300626,1.115702479338843,98.51858635023524,391.14439077744373
4334,46.57184741344958,0.3879310344827586,88.28919602674915,143.81558249403696
4335,49.31283855921746,2.0642201834862384,98.8443788303007,871.3071667677704
4336,44.993880150457116,4.875000000000001,89.63310744076304,925.9632489387509
4337,43.008633994236924,2.52,96.35180874612921,164.51563134786178
4338,46.57184741344958,0.3879310344827586,90.95805113749009,235.10535004314733
4339,48.141207794360284,7.633928571428571,88.5098278888405,19923.952128026034
4340,45.78396716177502,0.3813559322033898,97.34760421459984,908.5183124925669
4341,49.702390326630685,-2.0833333333333144,90.6148576036761,1906.5902764242298
4342,43.80448796297494,6.951219512195122,94.86196109561999,307.4427545111543
4343,43.406858485936986,0.3629032258064516,93.78569306015385,108.77366921802846
4344,44.993880150457116,2.625,92.6303936783541,187.23812156152297
4345,46.96497733995481,1.9565217391304348,92.94227422497254,887.2809300580803
4346,43.80448796297494,4.024390243902438,95.8271783706395,44.29551467353067
4347,45.38920300540005,6.42857142857143,87.85878533594445,124.83527606911923
4348,43.406858485936986,0.3629032258064516,94.98410100933408,10.33742484591031
4349,44.993880150457116,7.125,97.84157438872155,260.4609898322099
4350,43.80448796297494,2.560975609756097,87.52188638380474,922.1482776841765
4351,44.993880150457116,4.124999999999999,88.47767505273241,2.0
4352,46.1781796469964,1.1538461538461537,95.61975812629662,874.5154435606889
4353,42.60980697763761,8.928571428571429,92.18048913063423,3850.2697840078085
4354,45.38920300540005,5.672268907563025,91.74654762894879,110.03221690230917
4355,44.993880150457116,5.624999999999999,88.42885492556378,880.2491216560989
4356,48.141207794360284,-4.419642857142833,93.08415426823652,9924.465833883965
4357,44.993880150457116,6.375,88.29114939806314,7894.563771916779
4358,44.993880150457116,0.375,92.69352390887609,109.15012655105225
4359,48.141207794360284,2.0089285714285716,96.24421760334457,39.37475603555205
4360,49.31283855921746,2.0642201834862384,89.98446284197345,65.30601929632195
4361,44.993880150457116,5.624999999999999,92.74749657737036,882.8796069554294
4362,44.20152985105137,-1.106557377049171,99.07434498532824,890.3078686713251
4363,45.38920300540005,4.159663865546218,95.22601336482094,874.1750906802686
4364,48.141207794360284,-3.616071428571388,97.13263020310204,153.791211100905
4365,44.59799149300626,3.3471074380165287,91.88884696924775,76.92978854969415
4366,49.31283855921746,-0.41284403669726544,96.29607948285427,711.3285550488398
4367,46.1781796469964,-0.3846153846153584,87.317830637364,406.40890760578395
4368,48.5322537274423,6.891891891891892,88.25062400510879,891.2708043668579
4369,48.141207794360284,2.0089285714285716,89.28832671745832,349.15294600665055
4370,48.141207794360284,5.2232142857142865,91.72643884920605,154.92161574900751
4371,46.57184741344958,1.9396551724137931,97.18968956372878,134.99025334222708
4372,49.31283855921746,0.4128440366972477,91.04121499380132,98.79681098499236
4373,46.57184741344958,5.818965517241379,94.80796349339657,122.75095138040668
4374,45.38920300540005,1.8907563025210086,95.5228591339241,36.400126986792216
4375,45.78396716177502,5.720338983050848,94.00378003252312,158.54823789060043
4376,46.57184741344958,0.3879310344827586,91.16632245347483,4.893873260120468
4377,43.406858485936986,1.8145161290322582,93.90291615617117,85.92671593769083
4378,48.5322537274423,2.8378378378378377,90.99561633263657,896.8870565112217
4379,45.38920300540005,0.37815126050420167,87.81530431552144,149.10886951573812
4380,49.31283855921746,2.8899082568807337,99.08423458299482,872.2965003237041
4381,49.31283855921746,5.366972477064221,88.29929072213825,887.5290035178662
4382,44.993880150457116,1.125,87.68678120221033,717.7007011203223
4383,45.38920300540005,-1.1344537815126046,97.61601025766721,6218.9302523881
4384,43.406858485936986,6.89516129032258,90.53477000829665,2.0
4385,45.38920300540005,6.42857142857143,94.75672886383799,894.3451953415447
4386,42.60980697763761,8.928571428571429,90.84447563671705,6223.069668707531
4387,49.702390326630685,-1.25,91.59423147707136,933.0530678168047
4388,48.922795160247304,3.681818181818182,90.03379470410414,75.91082260853966
4389,49.702390326630685,4.583333333333333,91.00448896441978,149.7052586644137
4390,48.141207794360284,2.0089285714285716,91.8366170888491,78.37632434774817
4391,45.38920300540005,5.672268907563025,95.67005332059276,851.3396561419943
4392,44.59799149300626,1.115702479338843,93.14590650455148,886.0585212469036
4393,49.702390326630685,4.583333333333333,98.46628267323771,145.40373181044635
4394,42.60980697763761,1.7857142857142856,87.33402400005006,446.70867703894487
4395,43.406858485936986,2.5403225806451615,93.0361932931677,879.3992233759699
4396,47.749650829136584,-0.3982300884955521,93.98215144753621,209.20671419937642
4397,49.31283855921746,-0.41284403669726544,98.16096156236463,930.4678690170136
4398,48.5322537274423,-3.6486486486486456,87.41997469950745,904.6460640558322
4399,48.5322537274423,0.40540540540540543,93.86365170241012,20.087517722073912
4400,48.5322537274423,0.40540540540540543,97.29222031809243,857.5447776425208
4401,45.38920300540005,3.403361344537815,89.77505853687929,109.32505476419709
4402,47.749650829136584,2.7876106194690267,97.58690392292826,459.7109575962031
4403,46.96497733995481,3.5217391304347827,87.06433180501756,4962.623213234963
4404,41.81031489577859,8.789062499999998,95.83005874690332,938.3104749883628
4405,44.59799149300626,5.578512396694214,98.33013520725846,183.99557643817988
4406,42.60980697763761,1.7857142857142856,94.84024839422891,134.1231462149883
4407,48.5322537274423,2.8378378378378377,92.2032957730488,108.91910825961969
4408,46.57184741344958,0.3879310344827586,87.3694596987662,441.6615050914049
4409,45.38920300540005,6.42857142857143,98.15987218628493,46.901024864920046
4410,49.31283855921746,-0.41284403669726544,92.61133911409621,453.7603149767871
4411,50.48004426244293,2.1226415094339623,87.18187520366953,2.0
4412,44.59799149300626,4.09090909090909,95.26754172588281,148.39418370425562
4413,44.59799149300626,0.371900826446281,92.76111487010101,102.5323015449657
4414,46.1781796469964,0.38461538461538464,88.26661652653829,9891.592640198862
4415,45.78396716177502,6.483050847457627,89.42841511210197,890.772367891569
4416,46.1781796469964,1.9230769230769234,87.59915730456993,159.7823848269642
4417,50.091456801832585,4.6261682242990645,93.87242388419729,35.32648570444851
4418,47.35757623319898,-2.763157894736878,94.42180723343304,430.31768308396937
4419,48.5322537274423,-0.40540540540536085,93.07083841741385,99.669585903152
4420,48.922795160247304,3.681818181818182,96.84349003396653,444.4874317843986
4421,42.60980697763761,3.2142857142857144,97.38816941463683,924.6271462435844
4422,44.993880150457116,4.124999999999999,94.34591792274615,855.8749764073656
4423,44.20152985105137,3.319672131147541,86.99008663354522,861.5098812218122
4424,47.35757623319898,5.131578947368422,95.33838202363118,447.8086165887014
4425,46.57184741344958,4.267241379310344,91.92884768571679,2879.84067944285
4426,48.141207794360284,-0.4017857142857224,93.7759016663881,3462.1469861840314
4427,48.922795160247304,2.8636363636363633,94.74231692835217,427.37429388832663
4428,48.5322537274423,-0.40540540540536085,91.08647290715444,140.4102977982761
4429,43.80448796297494,4.024390243902438,98.12037842772236,389.01633350474697
4430,44.59799149300626,4.834710743801653,88.38923730047897,86.0046236026107
4431,45.38920300540005,6.42857142857143,95.02773152487266,862.3101888169929
4432,45.78396716177502,4.957627118644068,86.89092387767084,418.25632394928846
4433,43.008633994236924,-1.8000000000000114,98.21930051303374,40.98056514813105
4434,49.31283855921746,6.192660550458715,88.13457149219997,92.00181665078628
4435,47.749650829136584,-3.5840707964601393,87.93808601672052,403.4863836741241
4436,46.96497733995481,0.391304347826087,90.89009077297844,1531.8374619516378
4437,43.80448796297494,2.560975609756097,91.36895033352468,466.11580674135
4438,41.81031489577859,8.789062499999998,89.4287685844328,876.4603935045292
4439,47.749650829136584,0.39823008849557523,93.99206073371315,155.09323265160486
4440,43.406858485936986,6.89516129032258,92.25399427018816,469.74013010169836
