,Latitude in degrees,Longitude in degrees,Frequency(MHz),EIRP
0,26.93583333333334,54.38611111111112,87.6,96000
1,36.92138888888888,46.11305555555556,87.6,80000
2,30.187777777777775,48.434444444444445,87.6,40000
4,39.18722222222223,47.080555555555556,87.6,12000
5,35.12027777777778,52.37361111111111,87.6,8000
6,36.8036111111111,48.87,87.6,8000
7,36.78083333333333,55.14749999999998,87.6,1810
8,33.958333333333336,46.36611111111111,87.6,320
9,30.940277777777776,55.404444444444444,87.6,300
10,27.483333333333334,52.61666666666667,87.6,190
11,35.566388888888895,49.12666666666666,87.6,150
12,36.08277777777778,52.809722222222234,87.6,100
13,36.93333333333333,48.95,87.6,0
14,27.82222222222223,52.080555555555556,87.6,0
15,29.266666666666666,51.21666666666667,87.6,0
16,37.84916666666666,46.8311111111111,87.6,0
17,33.28333333333333,47.50833333333331,87.6,0
18,34.00944444444445,50.8352777777778,87.6,0
19,35.460833333333326,59.18194444444445,87.7,3000
20,36.37222222222223,56.02083333333332,87.7,2000
21,38.32944444444445,44.869444444444454,87.7,2000
22,28.766666666666666,57.016666666666666,87.7,250
23,34.51194444444444,48.69833333333333,87.7,0
24,32.468888888888884,50.11833333333332,87.7,0
25,35.22500000000001,48.208333333333336,87.7,0
26,31.75416666666667,49.81805555555554,87.7,0
27,28.816666666666666,52.916666666666664,87.7,0
28,30.278333333333336,53.234999999999985,87.7,0
29,34.63194444444445,48.29472222222222,87.7,0
30,37.92972222222222,46.12138888888889,87.7,0
31,36.131111111111125,50.66833333333332,87.7,0
32,37.65,48.05833333333334,87.7,0
33,32.918333333333344,47.30055555555554,87.8,96000
34,34.68944444444444,49.88416666666666,87.8,20000
35,36.7888888888889,45.67527777777779,87.8,4000
36,31.246388888888895,49.717500000000015,87.8,1200
37,27.15416666666667,53.05277777777776,87.8,1000
38,37.481111111111126,47.04527777777776,87.8,100
39,35.81111111111112,51.777777777777764,87.8,100
40,34.483333333333334,46.266666666666666,87.8,0
41,28.97499999999999,53.2,87.8,0
42,36.66333333333332,49.55333333333333,87.8,0
44,37.033055555555556,50.3263888888889,87.8,0
45,35.31388888888889,46.36666666666667,87.8,0
46,37.811111111111096,48.90833333333334,87.8,0
49,27.42555555555556,56.1725,87.9,60000
50,33.45861111111111,49.48555555555556,87.9,300
51,35.98861111111111,51.57916666666666,87.9,100
52,36.14166666666666,49.2,87.9,0
53,39.21305555555555,47.97472222222222,87.9,0
54,31.374166666666667,50.12722222222222,87.9,0
56,31.134999999999998,61.643888888888895,88.0,240000
57,37.980555555555554,46.63805555555556,88.0,120000
58,29.98527777777777,56.76166666666667,88.0,105000
59,34.30805555555554,47.03472222222223,88.0,96000
60,35.827499999999986,51.44694444444444,88.0,96000
61,34.03666666666666,58.58611111111112,88.0,74000
62,36.41166666666667,51.97861111111112,88.0,63000
63,35.75361111111111,53.689444444444455,88.0,60000
64,35.54722222222223,46.16527777777778,88.0,30000
65,36.23444444444444,59.567499999999995,88.0,13000
66,31.763333333333335,59.99444444444446,88.0,13000
67,29.39666666666667,52.73361111111112,88.0,10000
68,34.85861111111111,47.62555555555555,88.0,10000
69,37.577222222222225,57.20777777777777,88.0,9000
70,32.968611111111116,59.1988888888889,88.0,6000
71,31.323055555555555,48.720833333333324,88.0,5000
72,25.316666666666666,60.666666666666664,88.0,4000
73,37.28027777777778,58.94361111111111,88.0,4000
74,39.30194444444445,44.49416666666668,88.0,4000
75,36.415555555555564,56.757500000000014,88.0,3000
76,35.430277777777775,47.07805555555555,88.0,3000
77,33.47944444444443,48.34333333333335,88.0,2000
78,36.26583333333334,46.17861111111112,88.0,1580
79,37.58861111111111,48.60166666666665,88.0,1410
80,39.08249999999999,44.44388888888889,88.0,1280
81,36.842222222222226,56.88583333333334,88.0,1200
82,38.86277777777778,47.0225,88.0,890
83,32.33638888888888,50.86638888888889,88.0,890
84,32.00833333333334,51.784444444444446,88.0,890
85,33.6,56.916666666666664,88.0,890
86,34.33194444444445,48.78777777777778,88.0,700
87,33.52361111111111,47.84777777777779,88.0,540
88,32.1,54.00166666666665,88.0,390
89,35.189444444444455,47.382500000000014,88.0,300
90,33.80694444444445,46.32777777777779,88.0,300
91,31.871666666666663,51.16805555555553,88.0,300
92,33.62138888888888,46.42777777777777,88.0,300
93,28.54805555555555,53.36166666666667,88.0,300
94,29.612499999999994,51.66194444444445,88.0,300
95,29.25888888888888,54.410833333333315,88.0,250
96,36.14944444444444,45.463333333333324,88.0,250
97,34.81666666666667,46.53333333333333,88.0,190
98,37.384722222222216,46.24611111111111,88.0,190
99,33.043888888888894,47.76916666666667,88.0,190
100,35.86166666666667,47.591388888888886,88.0,150
101,35.77666666666667,52.87666666666668,88.0,150
102,33.766666666666666,55.016666666666666,88.0,150
103,30.9,52.68333333333333,88.0,100
104,36.10833333333334,51.314722222222215,88.0,100
105,37.71722222222222,46.22277777777776,88.0,100
106,36.03055555555556,52.175000000000004,88.0,100
107,33.75972222222222,46.56833333333334,88.0,100
108,35.76194444444445,49.28222222222221,88.0,0
109,30.06833333333333,53.14777777777779,88.0,0
110,36.72,49.138888888888886,88.0,0
111,37.09166666666666,50.186111111111096,88.0,0
112,32.0,50.661111111111104,88.0,0
113,28.445555555555558,56.39833333333333,88.0,0
114,34.791944444444454,48.12805555555555,88.0,0
115,35.97138888888888,45.892222222222216,88.0,0
116,33.30777777777779,47.030000000000015,88.0,0
117,36.523333333333326,46.19055555555556,88.0,0
118,28.73305555555556,54.53527777777779,88.0,0
119,31.717777777777776,50.306388888888875,88.0,0
120,35.92777777777776,47.025000000000006,88.0,0
121,33.3,47.1,88.0,0
122,27.52499999999999,57.88055555555555,88.0,0
123,33.729166666666664,59.19166666666667,88.0,0
124,34.12861111111112,45.88805555555556,88.0,0
125,33.45000000000001,50.288888888888884,88.0,0
126,34.75833333333334,48.51611111111111,88.0,0
127,36.513888888888886,51.152777777777786,88.0,0
128,27.435,53.32277777777779,88.0,0
129,37.15611111111111,50.1,88.0,0
130,31.50833333333334,50.833333333333336,88.0,0
131,37.15722222222222,48.991666666666674,88.0,0
132,36.40555555555555,45.37083333333332,88.0,0
133,34.179166666666674,48.38999999999999,88.0,0
134,30.116666666666667,51.525000000000006,88.0,0
135,35.04055555555555,46.34833333333333,88.0,0
137,35.164166666666674,47.78527777777777,88.0,0
138,35.30833333333334,49.1,88.0,0
139,31.266666666666666,56.8,88.0,0
140,30.616666666666667,53.19166666666667,88.0,0
141,30.2575,51.97944444444445,88.0,0
143,33.93472222222221,49.40111111111111,88.0,0
144,31.188888888888883,52.52166666666665,88.0,0
145,30.449722222222213,53.36277777777778,88.0,0
146,36.4,47.11666666666667,88.0,0
147,34.55,48.45,88.0,0
148,30.651666666666664,51.596388888888896,88.0,0
149,37.222500000000004,45.28611111111112,88.0,0
154,27.914722222222228,52.12166666666668,88.1,500
155,32.7875,48.147222222222226,88.1,0
156,32.07777777777777,49.37166666666668,88.1,0
158,36.894444444444446,45.213055555555535,88.2,30000
159,28.88027777777777,56.03111111111112,88.2,26000
160,36.42750000000001,49.59027777777778,88.2,13000
161,29.095555555555556,58.3111111111111,88.2,2000
162,32.39444444444443,48.38333333333333,88.2,1500
163,28.981388888888894,50.83444444444444,88.2,500
164,32.7,47.266666666666666,88.2,300
165,38.583333333333336,45.808333333333316,88.2,180
166,34.46194444444444,48.187777777777775,88.2,100
167,34.33305555555556,50.488333333333344,88.2,0
168,27.897777777777776,53.44472222222222,88.2,0
169,39.166666666666664,47.55,88.2,0
170,35.13333333333333,49.708333333333336,88.2,0
171,34.16694444444444,50.697777777777766,88.2,0
172,35.02222222222222,50.325,88.2,0
173,36.671944444444435,54.176666666666655,88.3,230000
174,25.721388888888892,57.8025,88.3,150000
175,34.07749999999999,49.662499999999994,88.3,100000
176,38.21694444444444,48.70555555555555,88.3,83000
178,35.512499999999996,51.758888888888904,88.3,1000
179,39.65,47.916666666666664,88.3,1000
180,33.18472222222223,50.43694444444445,88.3,790
181,30.21833333333333,57.55027777777779,88.3,600
182,28.647777777777776,52.03972222222224,88.3,300
183,36.708333333333336,46.55888888888888,88.3,190
184,34.576388888888886,48.27499999999998,88.3,100
185,30.32805555555555,50.2038888888889,88.3,70
186,37.35833333333334,47.035833333333336,88.3,0
187,27.21055555555556,53.60833333333334,88.3,0
188,29.42916666666666,51.29305555555554,88.3,0
189,37.10527777777778,57.510555555555555,88.3,0
190,30.01805555555556,51.95777777777777,88.3,0
191,33.245833333333344,47.72944444444445,88.3,0
192,37.94166666666667,47.53333333333333,88.3,0
193,30.585555555555555,51.3686111111111,88.3,0
194,33.45416666666668,46.741666666666674,88.3,0
195,34.184444444444445,48.998333333333335,88.3,0
198,33.53777777777778,46.29972222222223,88.4,100000
199,30.712499999999995,49.843055555555566,88.4,96000
200,30.317500000000006,51.45416666666668,88.4,300
201,32.86666666666668,53.06666666666667,88.4,300
202,29.838333333333328,53.36694444444445,88.4,250
203,35.712500000000006,52.080555555555556,88.4,100
204,38.97388888888888,47.13638888888888,88.4,0
206,35.749722222222225,59.35472222222222,88.5,126000
207,38.906111111111116,45.18694444444445,88.5,87000
208,34.64083333333333,60.38333333333333,88.5,74000
209,29.929166666666674,55.7988888888889,88.5,58000
210,26.15222222222222,61.002777777777766,88.5,55000
211,34.659444444444446,50.7,88.5,50000
212,30.766388888888894,53.18499999999999,88.5,48000
213,36.557222222222215,48.42722222222223,88.5,37000
214,32.516666666666666,51.296944444444435,88.5,20000
215,31.88361111111112,54.40027777777778,88.5,17000
216,32.02472222222222,49.16944444444445,88.5,15000
217,30.292777777777783,55.82666666666666,88.5,11000
218,37.49611111111111,45.08833333333334,88.5,10000
219,36.58944444444445,51.60416666666666,88.5,3000
220,31.88638888888888,49.97472222222222,88.5,3000
221,38.36222222222221,45.84361111111111,88.5,2000
222,35.31666666666667,58.45,88.5,1690
223,32.76805555555556,59.86083333333334,88.5,1410
224,34.468888888888884,47.863333333333344,88.5,890
225,29.50638888888889,57.852500000000006,88.5,890
226,32.094444444444434,48.28333333333333,88.5,500
227,33.764166666666675,49.88500000000001,88.5,500
228,28.38694444444445,53.0225,88.5,300
229,35.86833333333335,52.564444444444455,88.5,100
230,33.85305555555555,49.347500000000004,88.5,0
231,35.94416666666666,45.93638888888891,88.5,0
232,36.82416666666666,58.50111111111111,88.5,0
233,29.0575,57.9238888888889,88.5,0
234,33.468333333333334,49.07444444444444,88.5,0
235,27.66694444444444,54.1411111111111,88.5,0
236,35.16055555555556,49.640277777777776,88.5,0
237,36.70944444444445,49.252500000000005,88.5,0
238,28.77444444444445,52.5063888888889,88.5,0
239,35.16888888888889,46.25472222222223,88.5,0
240,29.526111111111113,51.82972222222223,88.5,0
241,36.16388888888889,52.972222222222214,88.5,0
245,29.483333333333334,60.86666666666667,88.6,3000
246,27.59361111111111,53.85444444444444,88.6,250
247,36.44416666666666,50.58694444444445,88.6,0
248,35.38055555555555,49.99361111111111,88.6,0
249,29.933333333333334,56.56666666666667,88.6,0
250,28.816666666666666,52.98750000000002,88.6,0
251,27.776111111111113,54.00388888888887,88.6,0
252,35.20833333333333,48.71666666666667,88.6,0
253,34.802499999999995,46.936111111111124,88.6,0
254,32.34527777777779,49.09027777777778,88.6,0
255,36.81944444444444,50.19861111111109,88.6,0
256,36.166666666666664,57.04166666666667,88.6,0
257,36.67499999999999,54.56666666666667,88.6,0
258,29.056944444444444,52.62083333333332,88.6,0
261,28.592222222222226,51.15500000000001,88.7,100000
262,31.35,47.9,88.7,40000
263,34.75472222222223,48.82111111111111,88.7,13000
264,33.55500000000001,51.893888888888895,88.7,11000
265,30.02805555555555,53.009166666666665,88.7,3000
266,35.48388888888889,50.961944444444455,88.7,1000
267,36.56666666666668,53.05,88.7,500
268,36.232222222222205,53.56083333333334,88.7,150
269,36.812222222222225,49.44194444444445,88.7,150
270,35.93583333333333,51.46638888888889,88.7,100
271,36.17583333333333,53.32166666666667,88.7,0
272,29.924166666666665,57.51333333333332,88.7,0
273,34.528333333333336,49.99583333333333,88.7,0
274,38.43333333333333,48.86666666666667,88.7,0
275,31.526388888888885,49.88333333333333,88.7,0
276,39.39444444444443,48.35277777777776,88.7,0
277,32.259166666666665,50.567222222222235,88.7,0
278,34.43111111111112,48.69055555555556,88.7,0
279,33.016666666666666,59.561111111111124,88.7,0
280,37.4,57.93333333333333,88.7,0
281,38.86805555555555,46.002777777777766,88.7,0
287,37.67555555555555,45.97333333333333,88.8,12000
288,35.238888888888894,46.218888888888884,88.8,10000
289,33.44416666666666,48.00111111111111,88.8,3000
290,29.232777777777777,56.624444444444435,88.8,390
291,30.583333333333332,50.25,88.8,100
292,33.136944444444445,47.38444444444444,88.8,0
293,37.25944444444443,55.74527777777779,88.8,0
294,26.841666666666672,60.17222222222222,88.8,0
295,33.60416666666667,60.0,88.8,0
296,32.952777777777776,47.78472222222223,88.8,0
297,29.63277777777779,52.03666666666666,88.8,0
298,29.48305555555556,54.33638888888888,88.8,0
306,35.80083333333333,51.084722222222226,88.9,12000
307,36.31444444444445,53.21472222222224,88.9,100
308,38.67305555555554,45.588055555555556,88.9,0
309,37.9,55.96666666666667,88.9,0
314,32.879444444444445,52.39972222222222,89.0,195000
315,32.080833333333324,48.827222222222225,89.0,100000
316,38.5961111111111,47.18305555555556,89.0,98000
317,37.441111111111105,49.82999999999999,89.0,80000
318,36.60416666666667,59.9263888888889,89.0,63000
319,36.388055555555546,57.60611111111112,89.0,42000
320,27.713611111111117,52.22111111111111,89.0,40000
321,29.21527777777777,53.57777777777779,89.0,17000
322,28.97666666666667,58.882777777777775,89.0,16000
323,35.26111111111113,60.33111111111112,89.0,12000
324,33.564722222222215,48.90527777777777,89.0,12000
325,37.34722222222222,47.796944444444435,89.0,11000
326,37.238333333333344,58.48777777777777,89.0,7000
327,38.85,45.67777777777779,89.0,5000
328,37.62277777777777,58.49944444444444,89.0,4000
329,29.45,55.7,89.0,4000
330,36.83194444444445,54.40638888888888,89.0,3000
331,34.304722222222225,46.10583333333334,89.0,3000
332,31.434722222222227,60.12972222222223,89.0,1810
333,38.043055555555554,45.10111111111111,89.0,1580
334,27.74833333333333,54.46861111111113,89.0,1090
335,36.28944444444444,54.156111111111116,89.0,890
336,33.94444444444445,48.051388888888894,89.0,790
337,36.396388888888886,54.97027777777778,89.0,390
338,28.216666666666665,61.21666666666667,89.0,300
339,38.55,44.93333333333333,89.0,300
340,35.74166666666666,51.91388888888889,89.0,200
341,33.36666666666667,53.666666666666664,89.0,150
342,28.940277777777776,52.5338888888889,89.0,150
343,26.236666666666675,60.22944444444445,89.0,150
344,36.13583333333334,53.0586111111111,89.0,140
345,35.92583333333333,51.53222222222223,89.0,100
346,36.102777777777774,52.08888888888888,89.0,100
347,35.27638888888889,47.12888888888888,89.0,100
348,36.01527777777777,51.488055555555555,89.0,100
349,37.016666666666666,54.45,89.0,0
350,37.71944444444444,48.958333333333336,89.0,0
351,36.974999999999994,50.56666666666667,89.0,0
352,28.10888888888888,57.71555555555557,89.0,0
353,33.16444444444444,59.71416666666667,89.0,0
354,34.49166666666666,48.2847222222222,89.0,0
355,32.94166666666667,50.12222222222224,89.0,0
356,29.913888888888888,57.69972222222223,89.0,0
357,33.87361111111111,49.561111111111124,89.0,0
358,27.2,60.68333333333333,89.0,0
359,29.866666666666667,51.70277777777779,89.0,0
360,33.92777777777776,50.45,89.0,0
361,33.37916666666666,46.60416666666666,89.0,0
362,36.76611111111112,49.43055555555556,89.0,0
363,36.446111111111115,51.279444444444444,89.0,0
364,30.771111111111107,49.722222222222214,89.0,0
365,31.15138888888888,56.43361111111112,89.0,0
366,36.713888888888874,45.13472222222223,89.0,0
367,29.280833333333327,56.853888888888896,89.0,0
368,33.861111111111114,58.52222222222222,89.0,0
369,30.007777777777783,55.794166666666676,89.0,0
370,31.416666666666668,51.56666666666667,89.0,0
377,27.866666666666667,51.96666666666667,89.3,100
379,30.433333333333334,49.083333333333336,89.4,96000
380,35.827499999999986,51.44694444444444,89.5,96000
381,35.12027777777778,52.37361111111111,89.6,8000
382,36.78083333333333,55.14749999999998,89.6,1810
383,27.15416666666667,53.05277777777776,89.6,1000
384,33.958333333333336,46.36611111111111,89.6,320
385,37.84916666666666,46.8311111111111,89.6,0
386,34.00944444444445,50.8352777777778,89.6,0
387,36.8036111111111,48.87,89.6,0
389,25.721388888888892,57.8025,89.7,150000
390,30.187777777777775,48.434444444444445,89.7,40000
391,35.460833333333326,59.18194444444445,89.7,3000
392,36.37222222222223,56.02083333333332,89.7,2000
393,33.88277777777776,51.37222222222222,89.7,300
394,35.22500000000001,48.208333333333336,89.7,0
395,32.918333333333344,47.30055555555554,89.8,96000
396,34.68944444444444,49.88416666666666,89.8,20000
397,36.7888888888889,45.67527777777779,89.8,4000
398,37.25,55.15,89.8,500
399,37.481111111111126,47.04527777777776,89.8,100
400,37.033055555555556,50.3263888888889,89.8,0
401,30.12138888888889,55.108611111111095,89.8,0
402,37.811111111111096,48.90833333333334,89.8,0
403,39.21305555555555,47.97472222222222,89.9,100000
404,26.93583333333334,54.38611111111112,89.9,96000
406,31.134999999999998,61.643888888888895,90.0,240000
407,37.980555555555554,46.63805555555556,90.0,120000
408,29.98527777777777,56.76166666666667,90.0,105000
409,35.827499999999986,51.44694444444444,90.0,96000
411,34.03666666666666,58.58611111111112,90.0,74000
412,36.41166666666667,51.97861111111112,90.0,63000
413,35.75361111111111,53.689444444444455,90.0,60000
414,35.54722222222223,46.16527777777778,90.0,30000
415,36.23444444444444,59.567499999999995,90.0,13000
416,29.39666666666667,52.73361111111112,90.0,10000
417,37.577222222222225,57.20777777777777,90.0,9000
418,32.968611111111116,59.1988888888889,90.0,6000
419,31.323055555555555,48.720833333333324,90.0,5000
420,35.430277777777775,47.07805555555555,90.0,3000
421,37.58861111111111,48.60166666666665,90.0,1410
422,38.86277777777778,47.0225,90.0,890
423,32.33638888888888,50.86638888888889,90.0,890
424,27.716111111111108,57.629722222222206,90.0,790
425,34.33194444444445,48.78777777777778,90.0,700
426,32.1,54.00166666666665,90.0,390
427,33.62138888888888,46.42777777777777,90.0,300
428,28.54805555555555,53.36166666666667,90.0,300
429,36.708333333333336,46.55888888888888,90.0,190
430,36.10833333333334,51.314722222222215,90.0,100
431,35.77694444444445,52.50305555555555,90.0,100
432,28.445555555555558,56.39833333333333,90.0,0
433,34.791944444444454,48.12805555555555,90.0,0
434,35.97138888888888,45.892222222222216,90.0,0
435,33.30777777777779,47.030000000000015,90.0,0
436,31.966666666666665,51.288888888888884,90.0,0
437,36.523333333333326,46.19055555555556,90.0,0
438,28.73305555555556,54.53527777777779,90.0,0
439,35.92777777777776,47.025000000000006,90.0,0
440,33.3,47.1,90.0,0
441,34.75833333333334,48.51611111111111,90.0,0
442,36.513888888888886,51.152777777777786,90.0,0
443,30.292499999999997,57.09388888888889,90.0,0
444,37.15611111111111,50.1,90.0,0
445,31.50833333333334,50.833333333333336,90.0,0
446,33.5725,46.81444444444443,90.0,0
448,31.266666666666666,56.8,90.0,0
449,33.93472222222221,49.40111111111111,90.0,0
450,34.55,48.45,90.0,0
451,30.651666666666664,51.596388888888896,90.0,0
454,27.42555555555556,56.1725,90.1,60000
457,36.42750000000001,49.59027777777778,90.2,13000
458,32.39444444444443,48.38333333333333,90.2,1500
459,28.981388888888894,50.83444444444444,90.2,500
460,27.85,60.166666666666664,90.2,300
461,32.7,47.266666666666666,90.2,300
462,27.897777777777776,53.44472222222222,90.2,0
463,35.02222222222222,50.325,90.2,0
464,36.671944444444435,54.176666666666655,90.3,230000
465,34.07749999999999,49.662499999999994,90.3,100000
466,29.257222222222214,50.3025,90.3,100000
467,38.21694444444444,48.70555555555555,90.3,11000
468,30.712499999999995,49.843055555555566,90.3,10000
469,35.512499999999996,51.758888888888904,90.3,1000
470,33.53777777777778,46.29972222222223,90.4,100000
471,29.838333333333328,53.36694444444445,90.4,250
472,35.712500000000006,52.080555555555556,90.4,100
473,38.906111111111116,45.18694444444445,90.5,87000
474,34.64083333333333,60.38333333333333,90.5,74000
475,29.929166666666674,55.7988888888889,90.5,58000
476,34.659444444444446,50.7,90.5,50000
477,36.557222222222215,48.42722222222223,90.5,37000
478,32.516666666666666,51.296944444444435,90.5,20000
479,31.88361111111112,54.40027777777778,90.5,17000
480,37.49611111111111,45.08833333333334,90.5,10000
481,38.36222222222221,45.84361111111111,90.5,2000
482,33.764166666666675,49.88500000000001,90.5,500
483,35.86833333333335,52.564444444444455,90.5,100
484,35.94416666666666,45.93638888888891,90.5,0
485,28.473333333333326,53.54138888888889,90.5,0
486,36.16388888888889,52.972222222222214,90.5,0
487,33.53777777777778,46.29972222222223,90.6,100000
488,29.483333333333334,60.86666666666667,90.6,3000
489,28.981388888888894,50.83444444444444,90.6,10
490,35.38055555555555,49.99361111111111,90.6,0
491,29.933333333333334,56.56666666666667,90.6,0
492,34.802499999999995,46.936111111111124,90.6,0
493,36.166666666666664,57.04166666666667,90.6,0
494,31.35,47.9,90.7,40000
495,34.75472222222223,48.82111111111111,90.7,13000
496,33.55500000000001,51.893888888888895,90.7,11000
497,35.48388888888889,50.961944444444455,90.7,11000
498,36.56666666666668,53.05,90.7,500
499,36.232222222222205,53.56083333333334,90.7,150
500,38.43333333333333,48.86666666666667,90.7,0
501,38.86805555555555,46.002777777777766,90.7,0
502,31.7225,54.769999999999996,90.8,600
503,34.791944444444454,48.12805555555555,90.8,0
504,35.80083333333333,51.084722222222226,90.9,12000
505,32.879444444444445,52.39972222222222,91.0,195000
506,37.441111111111105,49.82999999999999,91.0,80000
507,36.60416666666667,59.9263888888889,91.0,63000
508,36.388055555555546,57.60611111111112,91.0,42000
509,28.97666666666667,58.882777777777775,91.0,16000
510,33.564722222222215,48.90527777777777,91.0,12000
511,37.34722222222222,47.796944444444435,91.0,11000
512,36.83194444444445,54.40638888888888,91.0,3000
513,34.304722222222225,46.10583333333334,91.0,3000
514,36.28944444444444,54.156111111111116,91.0,890
515,29.157777777777785,54.02583333333333,91.0,850
516,36.396388888888886,54.97027777777778,91.0,390
517,35.27638888888889,47.12888888888888,91.0,100
518,37.016666666666666,54.45,91.0,0
519,33.695,46.29472222222222,91.0,0
520,29.913888888888888,57.69972222222223,91.0,0
521,33.92777777777776,50.45,91.0,0
522,33.37916666666666,46.60416666666666,91.0,0
523,31.15138888888888,56.43361111111112,91.0,0
524,38.10249999999999,46.32777777777779,91.0,0
527,28.094166666666663,51.60611111111112,91.1,100000
528,26.566666666666666,54.88333333333333,91.1,50
531,32.0575,50.79833333333333,91.3,0
532,39.35,45.06666666666667,91.4,0
533,35.827499999999986,51.44694444444444,91.5,96000
534,36.23444444444444,59.567499999999995,91.5,13000
535,36.92138888888888,46.11305555555556,91.6,80000
536,39.18722222222223,47.080555555555556,91.6,12000
537,35.12027777777778,52.37361111111111,91.6,8000
538,36.8036111111111,48.87,91.6,8000
539,36.78083333333333,55.14749999999998,91.6,1810
540,33.958333333333336,46.36611111111111,91.6,320
541,30.940277777777776,55.404444444444444,91.6,300
542,27.483333333333334,52.61666666666667,91.6,190
543,35.566388888888895,49.12666666666666,91.6,150
544,36.08277777777778,52.809722222222234,91.6,100
545,27.82222222222223,52.080555555555556,91.6,0
546,29.266666666666666,51.21666666666667,91.6,0
547,37.84916666666666,46.8311111111111,91.6,0
548,35.460833333333326,59.18194444444445,91.7,3000
549,36.37222222222223,56.02083333333332,91.7,2000
550,38.32944444444445,44.869444444444454,91.7,2000
551,28.766666666666666,57.016666666666666,91.7,250
552,32.468888888888884,50.11833333333332,91.7,0
553,32.259166666666665,50.567222222222235,91.7,0
554,35.22500000000001,48.208333333333336,91.7,0
555,37.92972222222222,46.12138888888889,91.7,0
556,36.131111111111125,50.66833333333332,91.7,0
557,37.65,48.05833333333334,91.7,0
558,32.918333333333344,47.30055555555554,91.8,96000
559,27.42555555555556,56.1725,91.8,60000
560,34.68944444444444,49.88416666666666,91.8,20000
561,36.7888888888889,45.67527777777779,91.8,4000
562,31.246388888888895,49.717500000000015,91.8,1200
563,37.25,55.15,91.8,500
564,37.481111111111126,47.04527777777776,91.8,100
565,35.81111111111112,51.777777777777764,91.8,100
566,36.66333333333332,49.55333333333333,91.8,0
568,37.033055555555556,50.3263888888889,91.8,0
569,37.811111111111096,48.90833333333334,91.8,0
570,39.21305555555555,47.97472222222222,91.9,100000
571,33.45861111111111,49.48555555555556,91.9,300
572,34.27611111111111,47.57166666666667,91.9,300
573,35.98861111111111,51.57916666666666,91.9,100
574,28.65555555555555,51.38055555555555,91.9,0
575,31.134999999999998,61.643888888888895,92.0,240000
576,37.980555555555554,46.63805555555556,92.0,120000
577,29.98527777777777,56.76166666666667,92.0,105000
578,35.827499999999986,51.44694444444444,92.0,96000
579,34.03666666666666,58.58611111111112,92.0,74000
580,36.41166666666667,51.97861111111112,92.0,63000
581,35.75361111111111,53.689444444444455,92.0,60000
582,35.54722222222223,46.16527777777778,92.0,30000
583,36.23444444444444,59.567499999999995,92.0,13000
584,31.763333333333335,59.99444444444446,92.0,13000
585,29.39666666666667,52.73361111111112,92.0,10000
586,34.85861111111111,47.62555555555555,92.0,10000
587,37.577222222222225,57.20777777777777,92.0,9000
588,34.116944444444435,46.53194444444445,92.0,7000
589,32.968611111111116,59.1988888888889,92.0,6000
590,34.30805555555554,47.03472222222223,92.0,6000
591,31.323055555555555,48.720833333333324,92.0,5000
592,37.28027777777778,58.94361111111111,92.0,4000
593,39.30194444444445,44.49416666666668,92.0,4000
594,36.415555555555564,56.757500000000014,92.0,3000
595,35.430277777777775,47.07805555555555,92.0,3000
596,37.58861111111111,48.60166666666665,92.0,1410
597,39.08249999999999,44.44388888888889,92.0,1280
598,36.842222222222226,56.88583333333334,92.0,1200
599,38.86277777777778,47.0225,92.0,890
600,32.33638888888888,50.86638888888889,92.0,890
601,33.6,56.916666666666664,92.0,890
602,34.33194444444445,48.78777777777778,92.0,700
603,33.52361111111111,47.84777777777779,92.0,540
604,32.1,54.00166666666665,92.0,390
605,35.189444444444455,47.382500000000014,92.0,300
606,33.80694444444445,46.32777777777779,92.0,300
607,30.503611111111113,50.75555555555555,92.0,300
608,31.871666666666663,51.16805555555553,92.0,300
609,33.62138888888888,46.42777777777777,92.0,300
610,28.54805555555555,53.36166666666667,92.0,300
611,29.612499999999994,51.66194444444445,92.0,300
612,29.25888888888888,54.410833333333315,92.0,250
613,36.14944444444444,45.463333333333324,92.0,250
614,37.384722222222216,46.24611111111111,92.0,190
615,36.708333333333336,46.55888888888888,92.0,190
616,35.86166666666667,47.591388888888886,92.0,150
617,35.77666666666667,52.87666666666668,92.0,150
618,33.766666666666666,55.016666666666666,92.0,150
619,30.9,52.68333333333333,92.0,100
620,37.71722222222222,46.22277777777776,92.0,100
621,36.03055555555556,52.175000000000004,92.0,100
622,32.0,50.661111111111104,92.0,0
623,33.30777777777779,47.030000000000015,92.0,0
624,36.523333333333326,46.19055555555556,92.0,0
625,28.73305555555556,54.53527777777779,92.0,0
626,35.92777777777776,47.025000000000006,92.0,0
627,33.729166666666664,59.19166666666667,92.0,0
628,33.45000000000001,50.288888888888884,92.0,0
629,34.75833333333334,48.51611111111111,92.0,0
630,36.513888888888886,51.152777777777786,92.0,0
631,27.435,53.32277777777779,92.0,0
632,37.15611111111111,50.1,92.0,0
633,31.50833333333334,50.833333333333336,92.0,0
634,33.5725,46.81444444444443,92.0,0
635,37.15722222222222,48.991666666666674,92.0,0
636,34.179166666666674,48.38999999999999,92.0,0
637,35.04055555555555,46.34833333333333,92.0,0
638,35.164166666666674,47.78527777777777,92.0,0
639,30.2575,51.97944444444445,92.0,0
640,31.188888888888883,52.52166666666665,92.0,0
641,36.4,47.11666666666667,92.0,0
642,30.651666666666664,51.596388888888896,92.0,0
643,37.222500000000004,45.28611111111112,92.0,0
645,37.26527777777778,46.09027777777778,92.1,1300
646,27.914722222222228,52.12166666666668,92.1,500
649,28.88027777777777,56.03111111111112,92.2,26000
650,32.39444444444443,48.38333333333333,92.2,20000
651,36.42750000000001,49.59027777777778,92.2,13000
652,29.095555555555556,58.3111111111111,92.2,2000
653,28.981388888888894,50.83444444444444,92.2,500
654,32.7,47.266666666666666,92.2,300
655,38.583333333333336,45.808333333333316,92.2,180
656,39.166666666666664,47.55,92.2,0
657,35.02222222222222,50.325,92.2,0
659,36.671944444444435,54.176666666666655,92.3,230000
660,34.07749999999999,49.662499999999994,92.3,100000
661,38.21694444444444,48.70555555555555,92.3,83000
662,35.512499999999996,51.758888888888904,92.3,1000
663,39.65,47.916666666666664,92.3,1000
664,33.18472222222223,50.43694444444445,92.3,790
665,36.39805555555556,48.64611111111111,92.3,300
666,37.35833333333334,47.035833333333336,92.3,0
667,29.42916666666666,51.29305555555554,92.3,0
668,36.74305555555555,47.65833333333334,92.3,0
669,33.45416666666668,46.741666666666674,92.3,0
673,32.86666666666668,53.06666666666667,92.4,300
674,29.838333333333328,53.36694444444445,92.4,250
675,35.712500000000006,52.080555555555556,92.4,100
676,38.97388888888888,47.13638888888888,92.4,0
677,34.71666666666667,46.65,92.4,0
678,35.749722222222225,59.35472222222222,92.5,126000
679,33.53777777777778,46.29972222222223,92.5,100000
680,38.906111111111116,45.18694444444445,92.5,87000
681,34.64083333333333,60.38333333333333,92.5,74000
682,29.929166666666674,55.7988888888889,92.5,58000
683,26.15222222222222,61.002777777777766,92.5,55000
684,34.659444444444446,50.7,92.5,50000
685,30.766388888888894,53.18499999999999,92.5,48000
686,36.557222222222215,48.42722222222223,92.5,37000
687,32.516666666666666,51.296944444444435,92.5,20000
688,31.88361111111112,54.40027777777778,92.5,17000
689,32.02472222222222,49.16944444444445,92.5,15000
690,30.292777777777783,55.82666666666666,92.5,11000
691,37.49611111111111,45.08833333333334,92.5,10000
692,36.58944444444445,51.60416666666666,92.5,3000
693,38.36222222222221,45.84361111111111,92.5,2000
694,35.31666666666667,58.45,92.5,1690
695,32.76805555555556,59.86083333333334,92.5,1410
696,34.468888888888884,47.863333333333344,92.5,890
697,33.764166666666675,49.88500000000001,92.5,500
698,33.5111111111111,46.18333333333333,92.5,190
699,35.86833333333335,52.564444444444455,92.5,100
700,27.852777777777774,52.05,92.5,0
701,35.94416666666666,45.93638888888891,92.5,0
702,29.0575,57.9238888888889,92.5,0
703,33.468333333333334,49.07444444444444,92.5,0
704,27.66694444444444,54.1411111111111,92.5,0
705,36.16388888888889,52.972222222222214,92.5,0
707,29.483333333333334,60.86666666666667,92.6,3000
708,30.583333333333332,50.25,92.6,100
709,36.44416666666666,50.58694444444445,92.6,0
710,29.933333333333334,56.56666666666667,92.6,0
711,28.816666666666666,52.98750000000002,92.6,0
712,34.802499999999995,46.936111111111124,92.6,0
713,36.81944444444444,50.19861111111109,92.6,0
714,29.056944444444444,52.62083333333332,92.6,0
715,28.592222222222226,51.15500000000001,92.7,100000
716,30.187777777777775,48.434444444444445,92.7,40000
717,31.35,47.9,92.7,40000
718,34.75472222222223,48.82111111111111,92.7,13000
719,33.55500000000001,51.893888888888895,92.7,11000
720,30.02805555555555,53.009166666666665,92.7,3000
721,36.56666666666668,53.05,92.7,500
722,36.812222222222225,49.44194444444445,92.7,150
723,35.93583333333333,51.46638888888889,92.7,100
724,28.883333333333333,51.27499999999998,92.7,0
725,36.17583333333333,53.32166666666667,92.7,0
726,29.924166666666665,57.51333333333332,92.7,0
727,34.528333333333336,49.99583333333333,92.7,0
728,38.43333333333333,48.86666666666667,92.7,0
729,39.39444444444443,48.35277777777776,92.7,0
730,38.86805555555555,46.002777777777766,92.7,0
732,25.721388888888892,57.8025,92.8,150000
733,35.238888888888894,46.218888888888884,92.8,10000
734,32.201666666666675,48.25305555555555,92.8,5000
735,33.44416666666666,48.00111111111111,92.8,3000
736,29.232777777777777,56.624444444444435,92.8,390
737,28.940277777777776,52.5338888888889,92.8,150
738,33.136944444444445,47.38444444444444,92.8,0
739,26.841666666666672,60.17222222222222,92.8,0
742,27.713611111111117,52.22111111111111,92.9,40000
743,35.80083333333333,51.084722222222226,92.9,12000
744,36.31444444444445,53.21472222222224,92.9,100
745,38.67305555555554,45.588055555555556,92.9,0
746,32.879444444444445,52.39972222222222,93.0,195000
747,32.080833333333324,48.827222222222225,93.0,100000
748,38.5961111111111,47.18305555555556,93.0,98000
749,26.93583333333334,54.38611111111112,93.0,96000
750,37.441111111111105,49.82999999999999,93.0,80000
751,36.60416666666667,59.9263888888889,93.0,63000
752,29.21527777777777,53.57777777777779,93.0,17000
753,35.26111111111113,60.33111111111112,93.0,12000
754,33.564722222222215,48.90527777777777,93.0,12000
755,37.34722222222222,47.796944444444435,93.0,11000
756,30.712499999999995,49.843055555555566,93.0,10000
757,37.238333333333344,58.48777777777777,93.0,7000
758,38.85,45.67777777777779,93.0,5000
759,37.62277777777777,58.49944444444444,93.0,4000
760,29.45,55.7,93.0,4000
761,36.83194444444445,54.40638888888888,93.0,3000
762,34.304722222222225,46.10583333333334,93.0,3000
763,31.434722222222227,60.12972222222223,93.0,1810
764,38.043055555555554,45.10111111111111,93.0,1580
765,27.74833333333333,54.46861111111113,93.0,1090
766,36.28944444444444,54.156111111111116,93.0,890
767,29.157777777777785,54.02583333333333,93.0,850
768,33.94444444444445,48.051388888888894,93.0,790
769,36.396388888888886,54.97027777777778,93.0,390
770,28.216666666666665,61.21666666666667,93.0,300
771,38.55,44.93333333333333,93.0,300
772,27.366666666666667,62.333333333333336,93.0,300
773,35.74166666666666,51.91388888888889,93.0,200
774,36.13583333333334,53.0586111111111,93.0,140
775,35.549722222222215,52.48749999999999,93.0,100
776,36.102777777777774,52.08888888888888,93.0,100
777,35.27638888888889,47.12888888888888,93.0,100
778,36.01527777777777,51.488055555555555,93.0,100
779,35.823055555555555,51.26472222222222,93.0,100
780,33.695,46.29472222222222,93.0,0
781,28.10888888888888,57.71555555555557,93.0,0
782,32.94166666666667,50.12222222222224,93.0,0
783,33.72777777777777,46.5,93.0,0
784,29.913888888888888,57.69972222222223,93.0,0
785,33.92777777777776,50.45,93.0,0
786,36.446111111111115,51.279444444444444,93.0,0
787,31.15138888888888,56.43361111111112,93.0,0
788,36.713888888888874,45.13472222222223,93.0,0
789,29.280833333333327,56.853888888888896,93.0,0
790,31.416666666666668,51.56666666666667,93.0,0
791,38.10249999999999,46.32777777777779,93.0,0
792,34.68944444444444,49.88416666666666,93.1,10000
793,34.659444444444446,50.7,93.1,5000
794,36.8036111111111,48.87,93.1,1000
795,30.187777777777775,48.434444444444445,93.2,40000
796,28.592222222222226,51.15500000000001,93.3,200000
797,35.80083333333333,51.084722222222226,93.3,5000
798,36.83194444444445,54.40638888888888,93.3,3000
799,27.866666666666667,51.96666666666667,93.3,100
800,37.10527777777778,57.510555555555555,93.3,0
802,31.323055555555555,48.720833333333324,93.4,4000
803,27.190555555555562,56.25333333333333,93.4,0
805,33.47944444444443,48.34333333333335,93.5,200000
806,35.749722222222225,59.35472222222222,93.5,126000
807,35.827499999999986,51.44694444444444,93.5,96000
808,34.64083333333333,60.38333333333333,93.5,74000
809,32.59722222222221,51.643888888888895,93.5,40000
810,26.56055555555556,54.00388888888887,93.5,20000
811,36.23444444444444,59.567499999999995,93.5,13000
812,35.75361111111111,53.689444444444455,93.5,13000
813,29.39666666666667,52.73361111111112,93.5,13000
814,34.75833333333334,48.51611111111111,93.5,12000
815,36.42750000000001,49.59027777777778,93.5,11000
816,36.41166666666667,51.97861111111112,93.5,10000
817,36.557222222222215,48.42722222222223,93.5,8000
818,34.07749999999999,49.662499999999994,93.5,4000
819,37.577222222222225,57.20777777777777,93.5,3000
820,37.15611111111111,50.1,93.5,3000
821,37.293611111111105,49.59527777777779,93.5,3000
823,35.12027777777778,52.37361111111111,93.6,8000
824,36.8036111111111,48.87,93.6,8000
825,30.940277777777776,55.404444444444444,93.6,300
826,27.483333333333334,52.61666666666667,93.6,190
827,27.82222222222223,52.080555555555556,93.6,0
828,29.266666666666666,51.21666666666667,93.6,0
829,37.84916666666666,46.8311111111111,93.6,0
830,33.88277777777776,51.37222222222222,93.7,11000
831,35.460833333333326,59.18194444444445,93.7,3000
832,36.37222222222223,56.02083333333332,93.7,2000
833,36.131111111111125,50.66833333333332,93.7,1000
834,28.766666666666666,57.016666666666666,93.7,250
835,28.981388888888894,50.83444444444444,93.7,0
836,35.22500000000001,48.208333333333336,93.7,0
837,37.92972222222222,46.12138888888889,93.7,0
838,30.187777777777775,48.434444444444445,93.8,40000
839,32.918333333333344,47.30055555555554,93.8,38000
840,34.68944444444444,49.88416666666666,93.8,20000
841,31.246388888888895,49.717500000000015,93.8,1000
842,37.25,55.15,93.8,500
843,37.481111111111126,47.04527777777776,93.8,100
844,37.033055555555556,50.3263888888889,93.8,0
845,37.811111111111096,48.90833333333334,93.8,0
846,39.21305555555555,47.97472222222222,93.9,100000
848,31.134999999999998,61.643888888888895,94.0,240000
849,37.980555555555554,46.63805555555556,94.0,120000
850,29.98527777777777,56.76166666666667,94.0,105000
851,35.827499999999986,51.44694444444444,94.0,96000
852,34.03666666666666,58.58611111111112,94.0,74000
853,36.41166666666667,51.97861111111112,94.0,63000
854,35.75361111111111,53.689444444444455,94.0,60000
855,35.54722222222223,46.16527777777778,94.0,30000
856,36.23444444444444,59.567499999999995,94.0,13000
857,29.39666666666667,52.73361111111112,94.0,10000
858,37.577222222222225,57.20777777777777,94.0,9000
859,32.968611111111116,59.1988888888889,94.0,6000
860,34.30805555555554,47.03472222222223,94.0,6000
861,25.316666666666666,60.666666666666664,94.0,4000
862,37.28027777777778,58.94361111111111,94.0,4000
863,35.430277777777775,47.07805555555555,94.0,3000
864,31.323055555555555,48.720833333333324,94.0,2000
865,33.47944444444443,48.34333333333335,94.0,2000
866,39.08249999999999,44.44388888888889,94.0,1280
867,36.842222222222226,56.88583333333334,94.0,1200
868,38.86277777777778,47.0225,94.0,890
869,32.33638888888888,50.86638888888889,94.0,890
870,32.00833333333334,51.784444444444446,94.0,890
871,34.33194444444445,48.78777777777778,94.0,700
872,32.1,54.00166666666665,94.0,390
873,35.189444444444455,47.382500000000014,94.0,300
874,30.503611111111113,50.75555555555555,94.0,300
875,29.25888888888888,54.410833333333315,94.0,250
876,37.384722222222216,46.24611111111111,94.0,190
877,36.708333333333336,46.55888888888888,94.0,190
878,35.77666666666667,52.87666666666668,94.0,150
879,33.766666666666666,55.016666666666666,94.0,150
880,30.9,52.68333333333333,94.0,100
881,36.10833333333334,51.314722222222215,94.0,100
882,37.71722222222222,46.22277777777776,94.0,100
883,32.0,50.661111111111104,94.0,0
884,36.523333333333326,46.19055555555556,94.0,0
885,28.73305555555556,54.53527777777779,94.0,0
886,35.92777777777776,47.025000000000006,94.0,0
887,33.45000000000001,50.288888888888884,94.0,0
888,34.75833333333334,48.51611111111111,94.0,0
889,36.513888888888886,51.152777777777786,94.0,0
890,37.15611111111111,50.1,94.0,0
891,31.50833333333334,50.833333333333336,94.0,0
892,34.179166666666674,48.38999999999999,94.0,0
893,31.188888888888883,52.52166666666665,94.0,0
894,36.4,47.11666666666667,94.0,0
895,34.55,48.45,94.0,0
896,30.651666666666664,51.596388888888896,94.0,0
897,38.21694444444444,48.70555555555555,94.1,83000
898,39.65,47.916666666666664,94.1,1000
899,27.914722222222228,52.12166666666668,94.1,500
901,27.42555555555556,56.1725,94.2,48000
902,28.88027777777777,56.03111111111112,94.2,26000
903,32.39444444444443,48.38333333333333,94.2,20000
904,36.42750000000001,49.59027777777778,94.2,13000
905,29.095555555555556,58.3111111111111,94.2,2000
906,28.981388888888894,50.83444444444444,94.2,500
907,32.7,47.266666666666666,94.2,300
908,38.583333333333336,45.808333333333316,94.2,180
909,35.02222222222222,50.325,94.2,0
910,36.671944444444435,54.176666666666655,94.3,230000
911,34.07749999999999,49.662499999999994,94.3,100000
912,35.84472222222223,51.00944444444445,94.3,20000
913,30.712499999999995,49.843055555555566,94.3,2000
914,35.512499999999996,51.758888888888904,94.3,1000
915,33.18472222222223,50.43694444444445,94.3,790
916,37.35833333333334,47.035833333333336,94.3,0
917,27.21055555555556,53.60833333333334,94.3,0
918,29.42916666666666,51.29305555555554,94.3,0
919,36.131111111111125,50.66833333333332,94.3,0
920,33.53777777777778,46.29972222222223,94.4,100000
921,35.712500000000006,52.080555555555556,94.4,200
922,38.97388888888888,47.13638888888888,94.4,0
923,35.749722222222225,59.35472222222222,94.5,126000
924,38.906111111111116,45.18694444444445,94.5,87000
925,34.64083333333333,60.38333333333333,94.5,74000
926,29.929166666666674,55.7988888888889,94.5,58000
927,26.15222222222222,61.002777777777766,94.5,55000
928,34.659444444444446,50.7,94.5,50000
929,30.766388888888894,53.18499999999999,94.5,48000
930,36.557222222222215,48.42722222222223,94.5,37000
931,31.88361111111112,54.40027777777778,94.5,17000
932,30.292777777777783,55.82666666666666,94.5,11000
933,37.49611111111111,45.08833333333334,94.5,10000
935,38.36222222222221,45.84361111111111,94.5,2000
936,31.88638888888888,49.97472222222222,94.5,1000
937,32.02472222222222,49.16944444444445,94.5,1000
938,34.468888888888884,47.863333333333344,94.5,890
939,29.0575,57.9238888888889,94.5,0
940,36.16388888888889,52.972222222222214,94.5,0
941,34.304722222222225,46.10583333333334,94.6,3000
942,29.483333333333334,60.86666666666667,94.6,3000
943,32.34527777777779,49.09027777777778,94.6,1000
944,36.44416666666666,50.58694444444445,94.6,0
945,29.933333333333334,56.56666666666667,94.6,0
946,28.816666666666666,52.98750000000002,94.6,0
947,34.802499999999995,46.936111111111124,94.6,0
948,37.016666666666666,55.14166666666667,94.6,0
949,33.5111111111111,48.708333333333336,94.6,0
951,34.75472222222223,48.82111111111111,94.7,13000
952,33.55500000000001,51.893888888888895,94.7,11000
953,38.43333333333333,48.86666666666667,94.7,10000
954,31.35,47.9,94.7,2000
955,31.526388888888885,49.88333333333333,94.7,1000
956,35.48388888888889,50.961944444444455,94.7,1000
957,36.56666666666668,53.05,94.7,500
958,33.80694444444445,46.32777777777779,94.7,300
959,36.232222222222205,53.56083333333334,94.7,150
960,36.812222222222225,49.44194444444445,94.7,150
961,29.924166666666665,57.51333333333332,94.7,0
962,37.4,57.93333333333333,94.7,0
963,38.86805555555555,46.002777777777766,94.7,0
964,28.592222222222226,51.15500000000001,94.8,100000
965,37.67555555555555,45.97333333333333,94.8,13000
966,35.238888888888894,46.218888888888884,94.8,10000
967,29.232777777777777,56.624444444444435,94.8,390
968,33.136944444444445,47.38444444444444,94.8,0
969,26.841666666666672,60.17222222222222,94.8,0
970,25.721388888888892,57.8025,94.9,150000
971,35.80083333333333,51.084722222222226,94.9,13000
972,36.31444444444445,53.21472222222224,94.9,100
973,38.67305555555554,45.588055555555556,94.9,0
974,32.879444444444445,52.39972222222222,95.0,195000
975,38.5961111111111,47.18305555555556,95.0,98000
976,26.93583333333334,54.38611111111112,95.0,96000
977,37.441111111111105,49.82999999999999,95.0,80000
978,36.60416666666667,59.9263888888889,95.0,63000
980,29.21527777777777,53.57777777777779,95.0,17000
981,28.97666666666667,58.882777777777775,95.0,16000
982,33.564722222222215,48.90527777777777,95.0,12000
983,37.34722222222222,47.796944444444435,95.0,11000
984,31.35,47.9,95.0,10000
985,37.238333333333344,58.48777777777777,95.0,7000
986,38.85,45.67777777777779,95.0,5000
987,29.45,55.7,95.0,4000
988,36.83194444444445,54.40638888888888,95.0,3000
989,31.434722222222227,60.12972222222223,95.0,1810
990,38.043055555555554,45.10111111111111,95.0,1580
991,32.080833333333324,48.827222222222225,95.0,1000
992,36.28944444444444,54.156111111111116,95.0,890
993,29.157777777777785,54.02583333333333,95.0,850
994,33.94444444444445,48.051388888888894,95.0,790
995,36.396388888888886,54.97027777777778,95.0,390
996,28.216666666666665,61.21666666666667,95.0,300
997,33.36666666666667,53.666666666666664,95.0,150
998,26.236666666666675,60.22944444444445,95.0,150
999,36.13583333333334,53.0586111111111,95.0,140
1000,35.27638888888889,47.12888888888888,95.0,100
1001,28.10888888888888,57.71555555555557,95.0,0
1002,32.94166666666667,50.12222222222224,95.0,0
1003,29.913888888888888,57.69972222222223,95.0,0
1004,27.2,60.68333333333333,95.0,0
1005,31.15138888888888,56.43361111111112,95.0,0
1006,29.280833333333327,56.853888888888896,95.0,0
1007,31.416666666666668,51.56666666666667,95.0,0
1008,35.78111111111112,51.41027777777777,95.0,0
1011,34.659444444444446,50.7,95.1,30000
1012,27.190555555555562,56.25333333333333,95.2,4000
1013,36.396388888888886,54.97027777777778,95.2,4000
1014,32.39444444444443,48.38333333333333,95.2,2000
1015,30.187777777777775,48.434444444444445,95.2,1000
1016,33.88277777777776,51.37222222222222,95.2,1000
1017,35.80083333333333,51.084722222222226,95.3,30000
1018,36.83194444444445,54.40638888888888,95.3,3000
1019,28.981388888888894,50.83444444444444,95.3,1000
1020,27.866666666666667,51.96666666666667,95.3,100
1023,31.323055555555555,48.720833333333324,95.4,4000
1024,35.749722222222225,59.35472222222222,95.5,126000
1025,35.827499999999986,51.44694444444444,95.5,96000
1026,34.64083333333333,60.38333333333333,95.5,74000
1027,38.21694444444444,48.70555555555555,95.5,50000
1028,36.23444444444444,59.567499999999995,95.5,20000
1029,36.42750000000001,49.59027777777778,95.5,13000
1030,35.75361111111111,53.689444444444455,95.5,8000
1031,36.557222222222215,48.42722222222223,95.5,8000
1032,34.07749999999999,49.662499999999994,95.5,5000
1033,32.59722222222221,51.643888888888895,95.5,5000
1034,33.47944444444443,48.34333333333335,95.5,5000
1035,29.39666666666667,52.73361111111112,95.5,5000
1036,31.88361111111112,54.40027777777778,95.5,5000
1037,37.577222222222225,57.20777777777777,95.5,3000
1038,37.293611111111105,49.59527777777779,95.5,3000
1039,36.56666666666668,53.05,95.5,3000
1040,38.10249999999999,46.32777777777779,95.5,3000
1041,38.32944444444445,44.869444444444454,95.5,2000
1042,32.59722222222221,51.643888888888895,95.5,1000
1043,32.094444444444434,48.28333333333333,95.5,400
1044,36.39805555555556,48.64611111111111,95.5,300
1045,36.17583333333333,53.32166666666667,95.5,0
1046,29.98527777777777,56.76166666666667,95.5,0
1047,30.651666666666664,51.596388888888896,95.5,0
1051,36.92138888888888,46.11305555555556,95.6,80000
1052,30.187777777777775,48.434444444444445,95.6,40000
1053,39.18722222222223,47.080555555555556,95.6,12000
1054,35.12027777777778,52.37361111111111,95.6,8000
1055,36.8036111111111,48.87,95.6,8000
1056,36.78083333333333,55.14749999999998,95.6,1810
1057,30.940277777777776,55.404444444444444,95.6,300
1058,27.483333333333334,52.61666666666667,95.6,190
1059,35.566388888888895,49.12666666666666,95.6,150
1060,36.08277777777778,52.809722222222234,95.6,100
1061,27.82222222222223,52.080555555555556,95.6,0
1062,29.266666666666666,51.21666666666667,95.6,0
1063,37.84916666666666,46.8311111111111,95.6,0
1064,35.460833333333326,59.18194444444445,95.7,3000
1065,36.37222222222223,56.02083333333332,95.7,2000
1066,33.88277777777776,51.37222222222222,95.7,300
1067,28.766666666666666,57.016666666666666,95.7,250
1068,31.589999999999993,55.56666666666667,95.7,180
1069,32.468888888888884,50.11833333333332,95.7,0
1070,35.22500000000001,48.208333333333336,95.7,0
1071,37.92972222222222,46.12138888888889,95.7,0
1072,36.131111111111125,50.66833333333332,95.7,0
1074,32.918333333333344,47.30055555555554,95.8,38000
1075,34.68944444444444,49.88416666666666,95.8,20000
1076,31.246388888888895,49.717500000000015,95.8,1200
1077,37.25,55.15,95.8,500
1078,37.481111111111126,47.04527777777776,95.8,100
1079,35.81111111111112,51.777777777777764,95.8,100
1080,36.66333333333332,49.55333333333333,95.8,0
1082,37.033055555555556,50.3263888888889,95.8,0
1083,37.811111111111096,48.90833333333334,95.8,0
1084,33.45861111111111,49.48555555555556,95.9,300
1085,35.98861111111111,51.57916666666666,95.9,100
1086,39.21305555555555,47.97472222222222,95.9,0
1087,31.134999999999998,61.643888888888895,96.0,240000
1088,37.980555555555554,46.63805555555556,96.0,120000
1089,29.98527777777777,56.76166666666667,96.0,105000
1090,35.827499999999986,51.44694444444444,96.0,96000
1091,34.03666666666666,58.58611111111112,96.0,74000
1092,36.41166666666667,51.97861111111112,96.0,63000
1093,27.42555555555556,56.1725,96.0,60000
1094,35.75361111111111,53.689444444444455,96.0,60000
1095,35.54722222222223,46.16527777777778,96.0,30000
1096,36.23444444444444,59.567499999999995,96.0,13000
1097,31.763333333333335,59.99444444444446,96.0,13000
1098,29.39666666666667,52.73361111111112,96.0,10000
1099,34.85861111111111,47.62555555555555,96.0,10000
1100,34.116944444444435,46.53194444444445,96.0,7000
1101,32.968611111111116,59.1988888888889,96.0,6000
1102,34.30805555555554,47.03472222222223,96.0,6000
1103,31.323055555555555,48.720833333333324,96.0,5000
1104,25.316666666666666,60.666666666666664,96.0,4000
1105,37.28027777777778,58.94361111111111,96.0,4000
1106,39.30194444444445,44.49416666666668,96.0,4000
1107,37.577222222222225,57.20777777777777,96.0,3000
1108,36.415555555555564,56.757500000000014,96.0,3000
1109,35.430277777777775,47.07805555555555,96.0,3000
1110,33.47944444444443,48.34333333333335,96.0,2000
1111,37.58861111111111,48.60166666666665,96.0,1410
1112,39.08249999999999,44.44388888888889,96.0,1280
1113,36.842222222222226,56.88583333333334,96.0,1200
1114,38.86277777777778,47.0225,96.0,890
1115,32.33638888888888,50.86638888888889,96.0,890
1116,32.00833333333334,51.784444444444446,96.0,890
1117,33.6,56.916666666666664,96.0,890
1118,34.33194444444445,48.78777777777778,96.0,700
1119,33.52361111111111,47.84777777777779,96.0,540
1120,32.1,54.00166666666665,96.0,390
1121,35.189444444444455,47.382500000000014,96.0,300
1122,30.503611111111113,50.75555555555555,96.0,300
1123,31.871666666666663,51.16805555555553,96.0,300
1124,33.62138888888888,46.42777777777777,96.0,300
1125,28.54805555555555,53.36166666666667,96.0,300
1126,29.612499999999994,51.66194444444445,96.0,300
1127,29.25888888888888,54.410833333333315,96.0,250
1128,36.14944444444444,45.463333333333324,96.0,250
1129,37.384722222222216,46.24611111111111,96.0,190
1130,36.708333333333336,46.55888888888888,96.0,190
1131,35.86166666666667,47.591388888888886,96.0,150
1132,28.940277777777776,52.5338888888889,96.0,150
1133,35.77666666666667,52.87666666666668,96.0,150
1134,33.766666666666666,55.016666666666666,96.0,150
1135,30.9,52.68333333333333,96.0,100
1136,37.71722222222222,46.22277777777776,96.0,100
1137,36.03055555555556,52.175000000000004,96.0,100
1138,32.0,50.661111111111104,96.0,0
1139,35.97138888888888,45.892222222222216,96.0,0
1140,33.30777777777779,47.030000000000015,96.0,0
1141,36.523333333333326,46.19055555555556,96.0,0
1142,28.73305555555556,54.53527777777779,96.0,0
1143,35.92777777777776,47.025000000000006,96.0,0
1144,34.36666666666667,56.93333333333333,96.0,0
1145,33.729166666666664,59.19166666666667,96.0,0
1146,33.45000000000001,50.288888888888884,96.0,0
1147,33.95,56.28333333333333,96.0,0
1148,34.75833333333334,48.51611111111111,96.0,0
1149,30.016666666666666,54.32666666666668,96.0,0
1150,36.513888888888886,51.152777777777786,96.0,0
1151,27.435,53.32277777777779,96.0,0
1152,37.15611111111111,50.1,96.0,0
1153,31.50833333333334,50.833333333333336,96.0,0
1154,37.15722222222222,48.991666666666674,96.0,0
1155,34.179166666666674,48.38999999999999,96.0,0
1156,35.164166666666674,47.78527777777777,96.0,0
1157,30.2575,51.97944444444445,96.0,0
1158,33.93472222222221,49.40111111111111,96.0,0
1159,36.4,47.11666666666667,96.0,0
1160,34.55,48.45,96.0,0
1161,30.651666666666664,51.596388888888896,96.0,0
1162,37.222500000000004,45.28611111111112,96.0,0
1165,38.21694444444444,48.70555555555555,96.1,83000
1166,39.65,47.916666666666664,96.1,1000
1167,27.914722222222228,52.12166666666668,96.1,500
1168,30.05,50.152777777777786,96.1,140
1169,36.894444444444446,45.213055555555535,96.2,30000
1170,28.88027777777777,56.03111111111112,96.2,26000
1171,36.42750000000001,49.59027777777778,96.2,13000
1172,29.095555555555556,58.3111111111111,96.2,2000
1173,32.39444444444443,48.38333333333333,96.2,1500
1174,28.981388888888894,50.83444444444444,96.2,500
1175,32.7,47.266666666666666,96.2,300
1176,38.583333333333336,45.808333333333316,96.2,180
1177,35.02222222222222,50.325,96.2,0
1178,36.671944444444435,54.176666666666655,96.3,230000
1179,34.07749999999999,49.662499999999994,96.3,100000
1180,30.712499999999995,49.843055555555566,96.3,96000
1181,27.713611111111117,52.22111111111111,96.3,40000
1182,35.512499999999996,51.758888888888904,96.3,1000
1183,33.18472222222223,50.43694444444445,96.3,790
1184,37.35833333333334,47.035833333333336,96.3,0
1185,27.21055555555556,53.60833333333334,96.3,0
1186,29.42916666666666,51.29305555555554,96.3,0
1187,33.45416666666668,46.741666666666674,96.3,0
1188,32.86666666666668,53.06666666666667,96.4,300
1189,29.838333333333328,53.36694444444445,96.4,250
1190,35.712500000000006,52.080555555555556,96.4,100
1191,38.97388888888888,47.13638888888888,96.4,0
1192,35.749722222222225,59.35472222222222,96.5,126000
1193,33.53777777777778,46.29972222222223,96.5,100000
1194,38.906111111111116,45.18694444444445,96.5,87000
1195,34.64083333333333,60.38333333333333,96.5,74000
1196,29.929166666666674,55.7988888888889,96.5,58000
1197,34.659444444444446,50.7,96.5,50000
1198,30.766388888888894,53.18499999999999,96.5,48000
1199,36.557222222222215,48.42722222222223,96.5,37000
1200,32.516666666666666,51.296944444444435,96.5,20000
1201,31.88361111111112,54.40027777777778,96.5,17000
1202,32.02472222222222,49.16944444444445,96.5,15000
1203,30.292777777777783,55.82666666666666,96.5,11000
1204,37.49611111111111,45.08833333333334,96.5,10000
1205,36.58944444444445,51.60416666666666,96.5,3000
1206,38.36222222222221,45.84361111111111,96.5,2000
1207,35.31666666666667,58.45,96.5,1690
1208,32.76805555555556,59.86083333333334,96.5,1410
1209,34.468888888888884,47.863333333333344,96.5,890
1210,33.764166666666675,49.88500000000001,96.5,500
1211,35.86833333333335,52.564444444444455,96.5,100
1212,35.94416666666666,45.93638888888891,96.5,0
1213,29.0575,57.9238888888889,96.5,0
1214,33.468333333333334,49.07444444444444,96.5,0
1215,36.16388888888889,52.972222222222214,96.5,0
1217,29.483333333333334,60.86666666666667,96.6,3000
1218,36.44416666666666,50.58694444444445,96.6,0
1219,28.816666666666666,52.98750000000002,96.6,0
1220,34.802499999999995,46.936111111111124,96.6,0
1221,36.81944444444444,50.19861111111109,96.6,0
1222,29.056944444444444,52.62083333333332,96.6,0
1224,28.592222222222226,51.15500000000001,96.7,100000
1225,31.35,47.9,96.7,40000
1226,34.75472222222223,48.82111111111111,96.7,13000
1227,33.55500000000001,51.893888888888895,96.7,11000
1228,30.02805555555555,53.009166666666665,96.7,3000
1229,35.48388888888889,50.961944444444455,96.7,1000
1230,36.56666666666668,53.05,96.7,500
1231,36.232222222222205,53.56083333333334,96.7,150
1232,36.812222222222225,49.44194444444445,96.7,150
1233,35.93583333333333,51.46638888888889,96.7,100
1234,36.17583333333333,53.32166666666667,96.7,0
1235,29.924166666666665,57.51333333333332,96.7,0
1236,34.528333333333336,49.99583333333333,96.7,0
1237,38.43333333333333,48.86666666666667,96.7,0
1238,39.39444444444443,48.35277777777776,96.7,0
1239,32.259166666666665,50.567222222222235,96.7,0
1240,32.166666666666664,47.583333333333336,96.7,0
1241,37.4,57.93333333333333,96.7,0
1242,38.86805555555555,46.002777777777766,96.7,0
1243,26.93583333333334,54.38611111111112,96.8,96000
1245,37.67555555555555,45.97333333333333,96.8,13000
1246,35.238888888888894,46.218888888888884,96.8,10000
1247,32.201666666666675,48.25305555555555,96.8,5000
1248,33.44416666666666,48.00111111111111,96.8,3000
1249,29.232777777777777,56.624444444444435,96.8,390
1250,30.583333333333332,50.25,96.8,100
1252,25.721388888888892,57.8025,96.9,150000
1253,35.80083333333333,51.084722222222226,96.9,12000
1254,38.67305555555554,45.588055555555556,96.9,0
1255,32.879444444444445,52.39972222222222,97.0,195000
1256,32.080833333333324,48.827222222222225,97.0,100000
1257,38.5961111111111,47.18305555555556,97.0,98000
1258,37.441111111111105,49.82999999999999,97.0,80000
1259,36.60416666666667,59.9263888888889,97.0,63000
1260,36.388055555555546,57.60611111111112,97.0,42000
1261,29.21527777777777,53.57777777777779,97.0,17000
1262,28.97666666666667,58.882777777777775,97.0,16000
1263,35.26111111111113,60.33111111111112,97.0,12000
1264,33.564722222222215,48.90527777777777,97.0,12000
1265,37.34722222222222,47.796944444444435,97.0,11000
1266,37.238333333333344,58.48777777777777,97.0,7000
1267,38.85,45.67777777777779,97.0,5000
1268,37.62277777777777,58.49944444444444,97.0,4000
1269,29.45,55.7,97.0,4000
1270,36.83194444444445,54.40638888888888,97.0,3000
1271,34.304722222222225,46.10583333333334,97.0,3000
1272,31.434722222222227,60.12972222222223,97.0,1810
1273,38.043055555555554,45.10111111111111,97.0,1580
1274,27.74833333333333,54.46861111111113,97.0,1090
1275,36.28944444444444,54.156111111111116,97.0,890
1276,29.157777777777785,54.02583333333333,97.0,850
1277,33.94444444444445,48.051388888888894,97.0,790
1278,36.396388888888886,54.97027777777778,97.0,390
1279,28.216666666666665,61.21666666666667,97.0,300
1280,38.55,44.93333333333333,97.0,300
1281,27.366666666666667,62.333333333333336,97.0,300
1282,35.74166666666666,51.91388888888889,97.0,200
1283,26.236666666666675,60.22944444444445,97.0,150
1284,35.92583333333333,51.53222222222223,97.0,100
1285,35.93888888888888,52.24527777777779,97.0,100
1286,36.102777777777774,52.08888888888888,97.0,100
1287,35.27638888888889,47.12888888888888,97.0,100
1288,35.640277777777776,52.31388888888889,97.0,100
1289,36.01527777777777,51.488055555555555,97.0,100
1290,35.823055555555555,51.26472222222222,97.0,100
1291,28.10888888888888,57.71555555555557,97.0,0
1292,32.94166666666667,50.12222222222224,97.0,0
1293,29.913888888888888,57.69972222222223,97.0,0
1294,33.92777777777776,50.45,97.0,0
1295,36.446111111111115,51.279444444444444,97.0,0
1296,31.15138888888888,56.43361111111112,97.0,0
1297,36.713888888888874,45.13472222222223,97.0,0
1298,29.280833333333327,56.853888888888896,97.0,0
1299,31.416666666666668,51.56666666666667,97.0,0
1300,38.10249999999999,46.32777777777779,97.0,0
1302,34.659444444444446,50.7,97.1,20000
1303,30.187777777777775,48.434444444444445,97.2,96000
1304,27.866666666666667,51.96666666666667,97.3,100
1305,34.791944444444454,48.12805555555555,97.3,0
1306,33.53777777777778,46.29972222222223,97.4,100000
1307,35.827499999999986,51.44694444444444,97.5,96000
1308,36.23444444444444,59.567499999999995,97.5,13000
1309,30.187777777777775,48.434444444444445,97.6,40000
1310,36.8036111111111,48.87,97.6,8000
1311,26.93583333333334,54.38611111111112,97.7,96000
1312,26.56055555555556,54.00388888888887,97.7,20000
1313,33.88277777777776,51.37222222222222,97.7,11000
1314,35.460833333333326,59.18194444444445,97.7,3000
1315,32.918333333333344,47.30055555555554,97.8,150000
1316,34.68944444444444,49.88416666666666,97.8,20000
1317,27.716111111111108,57.629722222222206,97.8,790
1318,33.299722222222215,49.82916666666666,97.8,300
1319,37.811111111111096,48.90833333333334,97.8,0
1321,39.65,47.916666666666664,97.9,1000
1322,39.21305555555555,47.97472222222222,97.9,0
1324,35.827499999999986,51.44694444444444,98.0,96000
1326,36.41166666666667,51.97861111111112,98.0,63000
1328,37.980555555555554,46.63805555555556,98.0,13500
1329,36.23444444444444,59.567499999999995,98.0,13000
1330,29.39666666666667,52.73361111111112,98.0,10000
1331,32.968611111111116,59.1988888888889,98.0,6000
1332,31.323055555555555,48.720833333333324,98.0,5000
1333,33.47944444444443,48.34333333333335,98.0,2000
1334,33.63111111111111,51.44333333333332,98.0,0
1336,37.81388888888889,57.29166666666667,98.1,0
1338,36.42750000000001,49.59027777777778,98.2,13000
1339,30.712499999999995,49.843055555555566,98.2,10000
1341,36.671944444444435,54.176666666666655,98.3,230000
1342,38.21694444444444,48.70555555555555,98.3,40000
1343,34.07749999999999,49.662499999999994,98.3,10000
1344,35.512499999999996,51.758888888888904,98.3,1000
1345,35.712500000000006,52.080555555555556,98.4,200
1346,33.53777777777778,46.29972222222223,98.5,100000
1347,38.906111111111116,45.18694444444445,98.5,87000
1348,34.64083333333333,60.38333333333333,98.5,74000
1350,29.929166666666674,55.7988888888889,98.5,58000
1351,34.659444444444446,50.7,98.5,50000
1352,36.557222222222215,48.42722222222223,98.5,37000
1353,37.49611111111111,45.08833333333334,98.5,10000
1354,36.16388888888889,52.972222222222214,98.5,0
1355,27.42555555555556,56.1725,98.6,60000
1356,29.483333333333334,60.86666666666667,98.6,3000
1360,31.35,47.9,98.7,40000
1361,36.39805555555556,48.64611111111111,98.8,300
1362,35.80083333333333,51.084722222222226,98.9,12000
1363,32.879444444444445,52.39972222222222,99.0,195000
1364,37.441111111111105,49.82999999999999,99.0,80000
1365,27.713611111111117,52.22111111111111,99.0,40000
1366,33.564722222222215,48.90527777777777,99.0,12000
1367,37.238333333333344,58.48777777777777,99.0,7000
1368,34.304722222222225,46.10583333333334,99.0,3000
1369,31.589999999999993,55.56666666666667,99.0,180
1370,35.27638888888889,47.12888888888888,99.0,100
1371,38.10249999999999,46.32777777777779,99.0,0
1372,34.659444444444446,50.7,99.1,50000
1373,26.56055555555556,54.00388888888887,99.2,20000
1374,31.133333333333333,53.28333333333333,99.2,0
1376,30.708333333333325,48.393611111111106,99.3,150000
1377,39.21305555555555,47.97472222222222,99.3,0
1379,35.827499999999986,51.44694444444444,99.5,96000
1380,36.23444444444444,59.567499999999995,99.5,10000
1381,29.39666666666667,52.73361111111112,99.5,10000
1382,37.577222222222225,57.20777777777777,99.5,9000
1383,32.968611111111116,59.1988888888889,99.5,0
1384,37.577222222222225,57.20777777777777,99.5,0
1385,36.92138888888888,46.11305555555556,99.6,80000
1386,30.187777777777775,48.434444444444445,99.6,40000
1387,39.18722222222223,47.080555555555556,99.6,12000
1388,35.12027777777778,52.37361111111111,99.6,8000
1389,36.8036111111111,48.87,99.6,8000
1390,36.78083333333333,55.14749999999998,99.6,1810
1391,30.940277777777776,55.404444444444444,99.6,300
1392,27.483333333333334,52.61666666666667,99.6,190
1393,35.566388888888895,49.12666666666666,99.6,150
1394,36.08277777777778,52.809722222222234,99.6,100
1395,27.82222222222223,52.080555555555556,99.6,0
1396,29.266666666666666,51.21666666666667,99.6,0
1397,37.84916666666666,46.8311111111111,99.6,0
1398,26.93583333333334,54.38611111111112,99.7,96000
1400,25.316666666666666,60.666666666666664,99.7,4000
1401,35.460833333333326,59.18194444444445,99.7,3000
1402,36.37222222222223,56.02083333333332,99.7,2000
1403,33.88277777777776,51.37222222222222,99.7,1000
1404,28.766666666666666,57.016666666666666,99.7,250
1405,32.468888888888884,50.11833333333332,99.7,0
1406,35.22500000000001,48.208333333333336,99.7,0
1407,37.92972222222222,46.12138888888889,99.7,0
1408,36.131111111111125,50.66833333333332,99.7,0
1409,32.918333333333344,47.30055555555554,99.8,150000
1410,34.68944444444444,49.88416666666666,99.8,20000
1411,36.7888888888889,45.67527777777779,99.8,4000
1412,31.246388888888895,49.717500000000015,99.8,1200
1413,27.15416666666667,53.05277777777776,99.8,1000
1414,36.39805555555556,48.64611111111111,99.8,300
1415,37.481111111111126,47.04527777777776,99.8,100
1416,35.81111111111112,51.777777777777764,99.8,100
1417,36.66333333333332,49.55333333333333,99.8,0
1419,37.811111111111096,48.90833333333334,99.8,0
1420,29.257222222222214,50.3025,99.9,100000
1421,33.45861111111111,49.48555555555556,99.9,300
1422,35.98861111111111,51.57916666666666,99.9,100
1423,39.21305555555555,47.97472222222222,99.9,0
1424,31.134999999999998,61.643888888888895,100.0,240000
1425,37.980555555555554,46.63805555555556,100.0,120000
1426,29.98527777777777,56.76166666666667,100.0,105000
1427,36.23444444444444,59.567499999999995,100.0,96000
1428,35.827499999999986,51.44694444444444,100.0,96000
1429,34.03666666666666,58.58611111111112,100.0,74000
1430,36.41166666666667,51.97861111111112,100.0,63000
1431,35.75361111111111,53.689444444444455,100.0,60000
1432,35.54722222222223,46.16527777777778,100.0,30000
1433,31.763333333333335,59.99444444444446,100.0,13000
1434,29.39666666666667,52.73361111111112,100.0,10000
1435,34.85861111111111,47.62555555555555,100.0,10000
1436,37.577222222222225,57.20777777777777,100.0,9000
1437,34.116944444444435,46.53194444444445,100.0,7000
1438,32.968611111111116,59.1988888888889,100.0,6000
1439,34.30805555555554,47.03472222222223,100.0,6000
1440,31.323055555555555,48.720833333333324,100.0,5000
1441,37.28027777777778,58.94361111111111,100.0,4000
1442,39.30194444444445,44.49416666666668,100.0,4000
1443,36.415555555555564,56.757500000000014,100.0,3000
1444,35.430277777777775,47.07805555555555,100.0,3000
1445,33.47944444444443,48.34333333333335,100.0,2000
1446,36.26583333333334,46.17861111111112,100.0,1580
1447,37.58861111111111,48.60166666666665,100.0,1410
1448,39.08249999999999,44.44388888888889,100.0,1280
1449,36.842222222222226,56.88583333333334,100.0,1200
1450,38.86277777777778,47.0225,100.0,890
1451,32.33638888888888,50.86638888888889,100.0,890
1452,32.00833333333334,51.784444444444446,100.0,890
1453,33.6,56.916666666666664,100.0,890
1454,34.33194444444445,48.78777777777778,100.0,700
1455,33.52361111111111,47.84777777777779,100.0,540
1456,32.1,54.00166666666665,100.0,390
1457,35.189444444444455,47.382500000000014,100.0,300
1458,30.503611111111113,50.75555555555555,100.0,300
1459,31.871666666666663,51.16805555555553,100.0,300
1460,33.62138888888888,46.42777777777777,100.0,300
1461,28.54805555555555,53.36166666666667,100.0,300
1462,29.612499999999994,51.66194444444445,100.0,300
1463,29.25888888888888,54.410833333333315,100.0,250
1464,36.14944444444444,45.463333333333324,100.0,250
1465,37.384722222222216,46.24611111111111,100.0,190
1466,36.708333333333336,46.55888888888888,100.0,190
1467,35.86166666666667,47.591388888888886,100.0,150
1468,35.77666666666667,52.87666666666668,100.0,150
1469,33.766666666666666,55.016666666666666,100.0,150
1470,30.9,52.68333333333333,100.0,100
1471,36.10833333333334,51.314722222222215,100.0,100
1472,37.71722222222222,46.22277777777776,100.0,100
1473,36.03055555555556,52.175000000000004,100.0,100
1474,32.32777777777778,53.37222222222222,100.0,0
1475,32.0,50.661111111111104,100.0,0
1476,35.97138888888888,45.892222222222216,100.0,0
1477,33.30777777777779,47.030000000000015,100.0,0
1478,36.523333333333326,46.19055555555556,100.0,0
1479,28.73305555555556,54.53527777777779,100.0,0
1480,35.92777777777776,47.025000000000006,100.0,0
1481,33.729166666666664,59.19166666666667,100.0,0
1482,33.45000000000001,50.288888888888884,100.0,0
1483,34.75833333333334,48.51611111111111,100.0,0
1484,36.513888888888886,51.152777777777786,100.0,0
1485,27.435,53.32277777777779,100.0,0
1486,30.480555555555554,54.21111111111112,100.0,0
1487,37.15722222222222,48.991666666666674,100.0,0
1488,36.40555555555555,45.37083333333332,100.0,0
1489,34.179166666666674,48.38999999999999,100.0,0
1490,35.164166666666674,47.78527777777777,100.0,0
1491,33.016666666666666,55.561111111111124,100.0,0
1492,30.2575,51.97944444444445,100.0,0
1493,33.93472222222221,49.40111111111111,100.0,0
1494,31.188888888888883,52.52166666666665,100.0,0
1495,36.4,47.11666666666667,100.0,0
1496,34.55,48.45,100.0,0
1497,30.651666666666664,51.596388888888896,100.0,0
1498,37.222500000000004,45.28611111111112,100.0,0
1499,27.914722222222228,52.12166666666668,100.1,500
1501,27.42555555555556,56.1725,100.2,60000
1502,36.894444444444446,45.213055555555535,100.2,30000
1503,28.88027777777777,56.03111111111112,100.2,26000
1504,36.42750000000001,49.59027777777778,100.2,13000
1505,29.095555555555556,58.3111111111111,100.2,2000
1506,32.39444444444443,48.38333333333333,100.2,1500
1507,28.981388888888894,50.83444444444444,100.2,500
1508,32.7,47.266666666666666,100.2,300
1509,38.583333333333336,45.808333333333316,100.2,180
1511,36.671944444444435,54.176666666666655,100.3,230000
1512,34.07749999999999,49.662499999999994,100.3,100000
1513,38.21694444444444,48.70555555555555,100.3,83000
1514,35.512499999999996,51.758888888888904,100.3,1000
1515,39.65,47.916666666666664,100.3,1000
1516,33.18472222222223,50.43694444444445,100.3,790
1517,37.35833333333334,47.035833333333336,100.3,0
1518,27.21055555555556,53.60833333333334,100.3,0
1519,29.42916666666666,51.29305555555554,100.3,0
1520,33.45416666666668,46.741666666666674,100.3,0
1521,32.86666666666668,53.06666666666667,100.4,300
1522,35.712500000000006,52.080555555555556,100.4,100
1523,35.749722222222225,59.35472222222222,100.5,126000
1524,33.53777777777778,46.29972222222223,100.5,100000
1526,38.906111111111116,45.18694444444445,100.5,87000
1527,34.64083333333333,60.38333333333333,100.5,74000
1528,29.929166666666674,55.7988888888889,100.5,58000
1529,26.15222222222222,61.002777777777766,100.5,55000
1530,34.659444444444446,50.7,100.5,50000
1531,30.766388888888894,53.18499999999999,100.5,48000
1532,36.557222222222215,48.42722222222223,100.5,37000
1533,32.516666666666666,51.296944444444435,100.5,20000
1534,31.88361111111112,54.40027777777778,100.5,17000
1535,32.02472222222222,49.16944444444445,100.5,15000
1536,30.292777777777783,55.82666666666666,100.5,11000
1537,30.712499999999995,49.843055555555566,100.5,10000
1538,37.49611111111111,45.08833333333334,100.5,10000
1539,36.58944444444445,51.60416666666666,100.5,3000
1540,38.36222222222221,45.84361111111111,100.5,2000
1541,35.31666666666667,58.45,100.5,1690
1542,32.76805555555556,59.86083333333334,100.5,1410
1543,34.468888888888884,47.863333333333344,100.5,890
1544,33.764166666666675,49.88500000000001,100.5,500
1545,35.86833333333335,52.564444444444455,100.5,100
1546,35.94416666666666,45.93638888888891,100.5,0
1547,29.0575,57.9238888888889,100.5,0
1548,33.468333333333334,49.07444444444444,100.5,0
1549,36.16388888888889,52.972222222222214,100.5,0
1550,29.483333333333334,60.86666666666667,100.6,3000
1551,36.44416666666666,50.58694444444445,100.6,0
1552,35.38055555555555,49.99361111111111,100.6,0
1553,29.933333333333334,56.56666666666667,100.6,0
1554,34.802499999999995,46.936111111111124,100.6,0
1555,36.81944444444444,50.19861111111109,100.6,0
1556,29.056944444444444,52.62083333333332,100.6,0
1557,28.592222222222226,51.15500000000001,100.7,100000
1558,31.35,47.9,100.7,40000
1559,34.75472222222223,48.82111111111111,100.7,13000
1560,33.55500000000001,51.893888888888895,100.7,11000
1561,35.74444444444445,51.37527777777779,100.7,10000
1562,30.02805555555555,53.009166666666665,100.7,3000
1563,36.56666666666668,53.05,100.7,500
1564,36.812222222222225,49.44194444444445,100.7,150
1565,35.93583333333333,51.46638888888889,100.7,100
1566,29.924166666666665,57.51333333333332,100.7,0
1567,34.528333333333336,49.99583333333333,100.7,0
1568,38.43333333333333,48.86666666666667,100.7,0
1569,39.39444444444443,48.35277777777776,100.7,0
1570,37.4,57.93333333333333,100.7,0
1571,25.721388888888892,57.8025,100.8,150000
1572,35.238888888888894,46.218888888888884,100.8,10000
1573,32.201666666666675,48.25305555555555,100.8,5000
1574,33.44416666666666,48.00111111111111,100.8,3000
1575,29.232777777777777,56.624444444444435,100.8,390
1576,30.583333333333332,50.25,100.8,100
1577,33.136944444444445,47.38444444444444,100.8,0
1578,26.841666666666672,60.17222222222222,100.8,0
1579,35.80083333333333,51.084722222222226,100.9,12000
1580,36.31444444444445,53.21472222222224,100.9,100
1581,38.67305555555554,45.588055555555556,100.9,0
1582,32.879444444444445,52.39972222222222,101.0,195000
1583,32.080833333333324,48.827222222222225,101.0,100000
1584,38.5961111111111,47.18305555555556,101.0,98000
1585,37.441111111111105,49.82999999999999,101.0,80000
1586,36.388055555555546,57.60611111111112,101.0,42000
1587,29.21527777777777,53.57777777777779,101.0,17000
1588,28.97666666666667,58.882777777777775,101.0,16000
1589,35.26111111111113,60.33111111111112,101.0,12000
1590,33.564722222222215,48.90527777777777,101.0,12000
1591,37.34722222222222,47.796944444444435,101.0,11000
1592,37.238333333333344,58.48777777777777,101.0,7000
1593,38.85,45.67777777777779,101.0,5000
1594,29.45,55.7,101.0,4000
1595,36.83194444444445,54.40638888888888,101.0,3000
1596,34.304722222222225,46.10583333333334,101.0,3000
1597,31.434722222222227,60.12972222222223,101.0,1810
1598,38.043055555555554,45.10111111111111,101.0,1580
1599,27.74833333333333,54.46861111111113,101.0,1090
1600,36.28944444444444,54.156111111111116,101.0,890
1601,29.157777777777785,54.02583333333333,101.0,850
1602,33.94444444444445,48.051388888888894,101.0,790
1603,36.396388888888886,54.97027777777778,101.0,390
1604,28.216666666666665,61.21666666666667,101.0,300
1605,38.55,44.93333333333333,101.0,300
1606,33.36666666666667,53.666666666666664,101.0,150
1607,26.236666666666675,60.22944444444445,101.0,150
1608,36.13583333333334,53.0586111111111,101.0,140
1609,35.92583333333333,51.53222222222223,101.0,100
1610,36.102777777777774,52.08888888888888,101.0,100
1611,35.27638888888889,47.12888888888888,101.0,100
1612,28.10888888888888,57.71555555555557,101.0,0
1613,29.913888888888888,57.69972222222223,101.0,0
1614,27.2,60.68333333333333,101.0,0
1615,33.92777777777776,50.45,101.0,0
1616,31.15138888888888,56.43361111111112,101.0,0
1617,36.713888888888874,45.13472222222223,101.0,0
1618,29.280833333333327,56.853888888888896,101.0,0
1619,31.416666666666668,51.56666666666667,101.0,0
1620,28.166666666666668,51.4,101.1,100000
1621,26.56055555555556,54.00388888888887,101.1,20000
1622,34.659444444444446,50.7,101.1,5000
1623,26.566666666666666,54.88333333333333,101.1,50
1625,38.21694444444444,48.70555555555555,101.3,250000
1626,35.80083333333333,51.084722222222226,101.3,13000
1627,36.83194444444445,54.40638888888888,101.3,3000
1628,27.866666666666667,51.96666666666667,101.3,100
1629,31.323055555555555,48.720833333333324,101.4,4000
1631,35.827499999999986,51.44694444444444,101.5,96000
1632,36.23444444444444,59.567499999999995,101.5,13000
1633,36.557222222222215,48.42722222222223,101.5,8000
1634,34.07749999999999,49.662499999999994,101.5,5000
1635,31.589999999999993,55.56666666666667,101.5,180
1636,31.48111111111111,54.12416666666665,101.5,0
1639,30.187777777777775,48.434444444444445,101.6,40000
1640,36.8036111111111,48.87,101.6,8000
1641,32.918333333333344,47.30055555555554,101.8,96000
1642,27.42555555555556,56.1725,101.8,60000
1643,34.68944444444444,49.88416666666666,101.8,20000
1644,37.033055555555556,50.3263888888889,101.8,0
1645,37.811111111111096,48.90833333333334,101.8,0
1647,39.18722222222223,47.080555555555556,101.9,100000
1648,39.21305555555555,47.97472222222222,101.9,0
1649,35.827499999999986,51.44694444444444,102.0,96000
1650,34.03666666666666,58.58611111111112,102.0,74000
1651,36.41166666666667,51.97861111111112,102.0,63000
1653,35.75361111111111,53.689444444444455,102.0,20000
1654,29.39666666666667,52.73361111111112,102.0,20000
1655,36.23444444444444,59.567499999999995,102.0,13000
1656,31.323055555555555,48.720833333333324,102.0,5000
1657,32.1,54.00166666666665,102.0,390
1658,37.89583333333334,57.47666666666666,102.0,0
1659,37.980555555555554,46.63805555555556,102.0,0
1661,33.63999999999999,46.40833333333334,102.1,0
1663,36.42750000000001,49.59027777777778,102.2,13000
1664,36.671944444444435,54.176666666666655,102.3,230000
1665,38.21694444444444,48.70555555555555,102.3,40000
1666,34.07749999999999,49.662499999999994,102.3,10000
1667,35.512499999999996,51.758888888888904,102.3,1000
1668,36.20555555555555,49.2,102.3,0
1669,33.53777777777778,46.29972222222223,102.4,100000
1670,35.712500000000006,52.080555555555556,102.4,100
1672,38.906111111111116,45.18694444444445,102.5,87000
1673,34.64083333333333,60.38333333333333,102.5,78000
1674,34.659444444444446,50.7,102.5,50000
1675,36.557222222222215,48.42722222222223,102.5,37000
1676,31.88361111111112,54.40027777777778,102.5,17000
1677,37.49611111111111,45.08833333333334,102.5,10000
1678,29.483333333333334,60.86666666666667,102.6,3000
1679,31.35,47.9,102.7,40000
1680,33.55500000000001,51.893888888888895,102.7,8000
1681,31.940000000000005,55.88249999999999,102.7,150
1682,31.133333333333333,53.28333333333333,102.7,0
1683,38.43333333333333,48.86666666666667,102.7,0
1684,26.93583333333334,54.38611111111112,102.8,96000
1685,35.80083333333333,51.084722222222226,102.9,30000
1686,27.903888888888886,52.28944444444443,102.9,500
1688,32.879444444444445,52.39972222222222,103.0,195000
1689,37.441111111111105,49.82999999999999,103.0,71000
1690,27.42555555555556,56.1725,103.0,60000
1691,33.564722222222215,48.90527777777777,103.0,12000
1692,30.712499999999995,49.843055555555566,103.0,10000
1693,34.304722222222225,46.10583333333334,103.0,3000
1694,35.27638888888889,47.12888888888888,103.0,100
1695,38.10249999999999,46.32777777777779,103.0,0
1696,34.659444444444446,50.7,103.1,5000
1697,26.56055555555556,54.00388888888887,103.3,20000
1698,35.80083333333333,51.084722222222226,103.3,12000
1699,36.83194444444445,54.40638888888888,103.3,3000
1701,31.323055555555555,48.720833333333324,103.4,8000
1702,34.908333333333324,48.43333333333333,103.4,0
1703,35.827499999999986,51.44694444444444,103.5,96000
1704,36.23444444444444,59.567499999999995,103.5,10000
1706,36.92138888888888,46.11305555555556,103.6,80000
1707,39.18722222222223,47.080555555555556,103.6,12000
1708,35.12027777777778,52.37361111111111,103.6,8000
1709,36.8036111111111,48.87,103.6,8000
1710,36.78083333333333,55.14749999999998,103.6,1810
1711,30.940277777777776,55.404444444444444,103.6,300
1712,27.483333333333334,52.61666666666667,103.6,190
1713,35.566388888888895,49.12666666666666,103.6,150
1714,36.08277777777778,52.809722222222234,103.6,100
1715,27.82222222222223,52.080555555555556,103.6,0
1716,29.266666666666666,51.21666666666667,103.6,0
1717,37.84916666666666,46.8311111111111,103.6,0
1719,36.37222222222223,56.02083333333332,103.7,2000
1720,28.766666666666666,57.016666666666666,103.7,250
1721,32.468888888888884,50.11833333333332,103.7,0
1722,35.22500000000001,48.208333333333336,103.7,0
1723,37.92972222222222,46.12138888888889,103.7,0
1724,36.131111111111125,50.66833333333332,103.7,0
1725,32.918333333333344,47.30055555555554,103.8,96000
1726,34.68944444444444,49.88416666666666,103.8,20000
1727,36.7888888888889,45.67527777777779,103.8,4000
1728,31.246388888888895,49.717500000000015,103.8,1200
1729,27.15416666666667,53.05277777777776,103.8,1000
1730,37.25,55.15,103.8,500
1731,37.481111111111126,47.04527777777776,103.8,100
1732,35.81111111111112,51.777777777777764,103.8,100
1733,36.66333333333332,49.55333333333333,103.8,0
1735,37.033055555555556,50.3263888888889,103.8,0
1736,37.811111111111096,48.90833333333334,103.8,0
1737,33.45861111111111,49.48555555555556,103.9,300
1738,35.98861111111111,51.57916666666666,103.9,100
1739,39.21305555555555,47.97472222222222,103.9,0
1741,31.134999999999998,61.643888888888895,104.0,240000
1742,37.980555555555554,46.63805555555556,104.0,126000
1743,29.98527777777777,56.76166666666667,104.0,105000
1744,35.827499999999986,51.44694444444444,104.0,96000
1745,34.03666666666666,58.58611111111112,104.0,74000
1746,36.41166666666667,51.97861111111112,104.0,63000
1747,35.75361111111111,53.689444444444455,104.0,60000
1748,35.54722222222223,46.16527777777778,104.0,30000
1749,36.23444444444444,59.567499999999995,104.0,13000
1750,31.763333333333335,59.99444444444446,104.0,13000
1751,29.39666666666667,52.73361111111112,104.0,10000
1752,34.85861111111111,47.62555555555555,104.0,10000
1753,37.577222222222225,57.20777777777777,104.0,9000
1754,32.968611111111116,59.1988888888889,104.0,6000
1755,34.30805555555554,47.03472222222223,104.0,6000
1756,31.323055555555555,48.720833333333324,104.0,5000
1757,25.316666666666666,60.666666666666664,104.0,4000
1758,37.28027777777778,58.94361111111111,104.0,4000
1759,39.30194444444445,44.49416666666668,104.0,4000
1760,36.415555555555564,56.757500000000014,104.0,3000
1761,35.430277777777775,47.07805555555555,104.0,3000
1762,36.26583333333334,46.17861111111112,104.0,1580
1763,37.58861111111111,48.60166666666665,104.0,1410
1764,39.08249999999999,44.44388888888889,104.0,1280
1765,36.842222222222226,56.88583333333334,104.0,1200
1766,38.86277777777778,47.0225,104.0,890
1767,32.33638888888888,50.86638888888889,104.0,890
1768,32.00833333333334,51.784444444444446,104.0,890
1769,33.6,56.916666666666664,104.0,890
1770,34.33194444444445,48.78777777777778,104.0,700
1771,33.52361111111111,47.84777777777779,104.0,540
1772,32.1,54.00166666666665,104.0,390
1773,35.189444444444455,47.382500000000014,104.0,300
1774,36.10833333333334,51.314722222222215,104.0,300
1775,30.503611111111113,50.75555555555555,104.0,300
1776,31.871666666666663,51.16805555555553,104.0,300
1777,33.62138888888888,46.42777777777777,104.0,300
1778,28.54805555555555,53.36166666666667,104.0,300
1779,29.612499999999994,51.66194444444445,104.0,300
1780,29.25888888888888,54.410833333333315,104.0,250
1781,36.14944444444444,45.463333333333324,104.0,250
1782,37.384722222222216,46.24611111111111,104.0,190
1783,36.708333333333336,46.55888888888888,104.0,190
1784,35.86166666666667,47.591388888888886,104.0,150
1785,35.77666666666667,52.87666666666668,104.0,150
1786,33.766666666666666,55.016666666666666,104.0,150
1787,37.71722222222222,46.22277777777776,104.0,100
1788,36.03055555555556,52.175000000000004,104.0,100
1789,32.0,50.661111111111104,104.0,0
1790,35.97138888888888,45.892222222222216,104.0,0
1791,36.523333333333326,46.19055555555556,104.0,0
1792,28.73305555555556,54.53527777777779,104.0,0
1793,35.92777777777776,47.025000000000006,104.0,0
1794,33.729166666666664,59.19166666666667,104.0,0
1795,33.45000000000001,50.288888888888884,104.0,0
1796,34.75833333333334,48.51611111111111,104.0,0
1797,27.435,53.32277777777779,104.0,0
1798,31.50833333333334,50.833333333333336,104.0,0
1799,37.15722222222222,48.991666666666674,104.0,0
1800,37.22416666666667,55.39083333333335,104.0,0
1801,36.40555555555555,45.37083333333332,104.0,0
1802,34.179166666666674,48.38999999999999,104.0,0
1803,35.04055555555555,46.34833333333333,104.0,0
1804,35.164166666666674,47.78527777777777,104.0,0
1805,30.2575,51.97944444444445,104.0,0
1806,33.93472222222221,49.40111111111111,104.0,0
1807,36.4,47.11666666666667,104.0,0
1808,34.55,48.45,104.0,0
1809,30.651666666666664,51.596388888888896,104.0,0
1810,37.222500000000004,45.28611111111112,104.0,0
1812,27.914722222222228,52.12166666666668,104.1,500
1813,36.894444444444446,45.213055555555535,104.2,30000
1814,28.88027777777777,56.03111111111112,104.2,26000
1815,36.42750000000001,49.59027777777778,104.2,13000
1816,29.095555555555556,58.3111111111111,104.2,2000
1817,32.39444444444443,48.38333333333333,104.2,1500
1818,28.981388888888894,50.83444444444444,104.2,500
1819,32.7,47.266666666666666,104.2,300
1820,35.02222222222222,50.325,104.2,0
1821,36.671944444444435,54.176666666666655,104.3,230000
1822,34.07749999999999,49.662499999999994,104.3,100000
1823,38.21694444444444,48.70555555555555,104.3,83000
1824,27.42555555555556,56.1725,104.3,60000
1825,35.512499999999996,51.758888888888904,104.3,1000
1826,39.65,47.916666666666664,104.3,1000
1827,33.18472222222223,50.43694444444445,104.3,790
1828,37.35833333333334,47.035833333333336,104.3,0
1829,29.42916666666666,51.29305555555554,104.3,0
1830,33.45416666666668,46.741666666666674,104.3,0
1831,33.53777777777778,46.29972222222223,104.4,100000
1832,27.713611111111117,52.22111111111111,104.4,40000
1833,32.86666666666668,53.06666666666667,104.4,300
1834,29.838333333333328,53.36694444444445,104.4,250
1835,35.712500000000006,52.080555555555556,104.4,100
1836,38.97388888888888,47.13638888888888,104.4,0
1837,35.749722222222225,59.35472222222222,104.5,126000
1840,38.906111111111116,45.18694444444445,104.5,87000
1841,34.64083333333333,60.38333333333333,104.5,74000
1842,29.929166666666674,55.7988888888889,104.5,58000
1843,26.15222222222222,61.002777777777766,104.5,55000
1844,34.659444444444446,50.7,104.5,50000
1845,30.766388888888894,53.18499999999999,104.5,48000
1846,36.557222222222215,48.42722222222223,104.5,37000
1847,32.516666666666666,51.296944444444435,104.5,20000
1848,31.88361111111112,54.40027777777778,104.5,17000
1849,32.02472222222222,49.16944444444445,104.5,15000
1850,30.292777777777783,55.82666666666666,104.5,11000
1851,30.712499999999995,49.843055555555566,104.5,10000
1852,37.49611111111111,45.08833333333334,104.5,10000
1853,36.58944444444445,51.60416666666666,104.5,3000
1854,38.36222222222221,45.84361111111111,104.5,2000
1855,35.31666666666667,58.45,104.5,1690
1856,32.76805555555556,59.86083333333334,104.5,1410
1857,34.468888888888884,47.863333333333344,104.5,890
1858,33.764166666666675,49.88500000000001,104.5,500
1859,35.86833333333335,52.564444444444455,104.5,100
1860,35.94416666666666,45.93638888888891,104.5,0
1861,29.0575,57.9238888888889,104.5,0
1862,33.468333333333334,49.07444444444444,104.5,0
1863,36.16388888888889,52.972222222222214,104.5,0
1864,26.93583333333334,54.38611111111112,104.6,96000
1865,29.483333333333334,60.86666666666667,104.6,3000
1866,27.190555555555562,56.25333333333333,104.6,500
1867,36.44416666666666,50.58694444444445,104.6,0
1868,35.38055555555555,49.99361111111111,104.6,0
1869,29.933333333333334,56.56666666666667,104.6,0
1870,34.802499999999995,46.936111111111124,104.6,0
1871,36.81944444444444,50.19861111111109,104.6,0
1872,37.4,57.93333333333333,104.6,0
1873,29.056944444444444,52.62083333333332,104.6,0
1875,28.592222222222226,51.15500000000001,104.7,100000
1876,31.35,47.9,104.7,40000
1877,34.75472222222223,48.82111111111111,104.7,13000
1878,33.55500000000001,51.893888888888895,104.7,11000
1879,35.48388888888889,50.961944444444455,104.7,11000
1880,30.02805555555555,53.009166666666665,104.7,3000
1881,36.56666666666668,53.05,104.7,500
1882,36.232222222222205,53.56083333333334,104.7,150
1883,36.812222222222225,49.44194444444445,104.7,150
1884,35.93583333333333,51.46638888888889,104.7,100
1885,36.17583333333333,53.32166666666667,104.7,0
1886,29.924166666666665,57.51333333333332,104.7,0
1887,34.528333333333336,49.99583333333333,104.7,0
1888,38.43333333333333,48.86666666666667,104.7,0
1889,39.39444444444443,48.35277777777776,104.7,0
1890,32.259166666666665,50.567222222222235,104.7,0
1891,35.78111111111112,51.41027777777777,104.7,0
1892,37.67555555555555,45.97333333333333,104.8,13000
1893,35.238888888888894,46.218888888888884,104.8,10000
1894,32.201666666666675,48.25305555555555,104.8,5000
1895,33.44416666666666,48.00111111111111,104.8,3000
1896,29.232777777777777,56.624444444444435,104.8,390
1897,30.583333333333332,50.25,104.8,100
1898,33.136944444444445,47.38444444444444,104.8,0
1899,26.841666666666672,60.17222222222222,104.8,0
1901,30.187777777777775,48.434444444444445,104.9,40000
1902,35.80083333333333,51.084722222222226,104.9,12000
1903,38.67305555555554,45.588055555555556,104.9,0
1904,32.879444444444445,52.39972222222222,105.0,195000
1905,25.721388888888892,57.8025,105.0,150000
1906,32.080833333333324,48.827222222222225,105.0,100000
1907,38.5961111111111,47.18305555555556,105.0,98000
1908,37.441111111111105,49.82999999999999,105.0,80000
1909,36.60416666666667,59.9263888888889,105.0,63000
1910,29.21527777777777,53.57777777777779,105.0,17000
1911,28.97666666666667,58.882777777777775,105.0,16000
1912,35.26111111111113,60.33111111111112,105.0,12000
1913,33.564722222222215,48.90527777777777,105.0,12000
1914,37.34722222222222,47.796944444444435,105.0,11000
1915,37.238333333333344,58.48777777777777,105.0,7000
1916,38.85,45.67777777777779,105.0,5000
1917,29.45,55.7,105.0,4000
1918,36.83194444444445,54.40638888888888,105.0,3000
1919,34.304722222222225,46.10583333333334,105.0,3000
1920,31.434722222222227,60.12972222222223,105.0,1810
1921,27.74833333333333,54.46861111111113,105.0,1090
1922,36.28944444444444,54.156111111111116,105.0,890
1923,29.157777777777785,54.02583333333333,105.0,850
1924,33.94444444444445,48.051388888888894,105.0,790
1925,36.396388888888886,54.97027777777778,105.0,390
1926,28.216666666666665,61.21666666666667,105.0,300
1927,38.55,44.93333333333333,105.0,300
1928,27.366666666666667,62.333333333333336,105.0,300
1929,35.74166666666666,51.91388888888889,105.0,200
1930,33.36666666666667,53.666666666666664,105.0,150
1931,26.236666666666675,60.22944444444445,105.0,150
1932,36.13583333333334,53.0586111111111,105.0,140
1933,35.92583333333333,51.53222222222223,105.0,100
1934,36.102777777777774,52.08888888888888,105.0,100
1935,35.27638888888889,47.12888888888888,105.0,100
1936,36.01527777777777,51.488055555555555,105.0,100
1937,28.10888888888888,57.71555555555557,105.0,0
1938,29.913888888888888,57.69972222222223,105.0,0
1939,27.2,60.68333333333333,105.0,0
1940,33.92777777777776,50.45,105.0,0
1941,31.15138888888888,56.43361111111112,105.0,0
1942,36.713888888888874,45.13472222222223,105.0,0
1943,29.280833333333327,56.853888888888896,105.0,0
1944,31.416666666666668,51.56666666666667,105.0,0
1946,26.56055555555556,54.00388888888887,105.1,20000
1947,34.659444444444446,50.7,105.1,5000
1950,36.894444444444446,45.213055555555535,105.3,30000
1951,35.80083333333333,51.084722222222226,105.3,10000
1952,36.83194444444445,54.40638888888888,105.3,3000
1953,27.866666666666667,51.96666666666667,105.3,100
1954,33.991666666666674,50.68333333333333,105.3,0
1955,31.323055555555555,48.720833333333324,105.4,4000
1956,35.827499999999986,51.44694444444444,105.5,96000
1957,36.23444444444444,59.567499999999995,105.5,10000
1958,34.07749999999999,49.662499999999994,105.5,8000
1959,36.557222222222215,48.42722222222223,105.5,8000
1960,36.92138888888888,46.11305555555556,105.6,80000
1961,39.18722222222223,47.080555555555556,105.6,12000
1962,35.12027777777778,52.37361111111111,105.6,8000
1963,36.8036111111111,48.87,105.6,8000
1964,25.316666666666666,60.666666666666664,105.6,4000
1965,36.78083333333333,55.14749999999998,105.6,1810
1966,27.190555555555562,56.25333333333333,105.6,500
1967,30.940277777777776,55.404444444444444,105.6,300
1968,27.483333333333334,52.61666666666667,105.6,190
1969,35.566388888888895,49.12666666666666,105.6,150
1970,36.08277777777778,52.809722222222234,105.6,100
1971,27.82222222222223,52.080555555555556,105.6,0
1972,29.266666666666666,51.21666666666667,105.6,0
1973,37.84916666666666,46.8311111111111,105.6,0
1974,30.187777777777775,48.434444444444445,105.7,40000
1975,35.460833333333326,59.18194444444445,105.7,3000
1976,36.37222222222223,56.02083333333332,105.7,2000
1977,38.32944444444445,44.869444444444454,105.7,1000
1978,33.88277777777776,51.37222222222222,105.7,300
1979,28.766666666666666,57.016666666666666,105.7,250
1980,32.468888888888884,50.11833333333332,105.7,0
1981,35.22500000000001,48.208333333333336,105.7,0
1982,37.92972222222222,46.12138888888889,105.7,0
1983,36.131111111111125,50.66833333333332,105.7,0
1984,32.918333333333344,47.30055555555554,105.8,150000
1985,26.93583333333334,54.38611111111112,105.8,96000
1986,34.68944444444444,49.88416666666666,105.8,20000
1988,36.7888888888889,45.67527777777779,105.8,4000
1989,31.246388888888895,49.717500000000015,105.8,1200
1990,27.15416666666667,53.05277777777776,105.8,1000
1991,37.25,55.15,105.8,500
1992,37.481111111111126,47.04527777777776,105.8,100
1993,35.81111111111112,51.777777777777764,105.8,100
1994,36.66333333333332,49.55333333333333,105.8,0
1996,37.033055555555556,50.3263888888889,105.8,0
1997,37.811111111111096,48.90833333333334,105.8,0
1998,33.45861111111111,49.48555555555556,105.9,300
1999,35.98861111111111,51.57916666666666,105.9,100
2000,30.55,49.06666666666667,105.9,0
2001,31.134999999999998,61.643888888888895,106.0,240000
2002,37.980555555555554,46.63805555555556,106.0,126000
2003,29.98527777777777,56.76166666666667,106.0,105000
2004,35.827499999999986,51.44694444444444,106.0,96000
2005,34.03666666666666,58.58611111111112,106.0,74000
2006,36.41166666666667,51.97861111111112,106.0,63000
2007,35.75361111111111,53.689444444444455,106.0,60000
2008,35.54722222222223,46.16527777777778,106.0,30000
2009,36.23444444444444,59.567499999999995,106.0,13000
2010,31.763333333333335,59.99444444444446,106.0,13000
2011,29.39666666666667,52.73361111111112,106.0,10000
2012,34.85861111111111,47.62555555555555,106.0,10000
2013,37.577222222222225,57.20777777777777,106.0,9000
2014,34.116944444444435,46.53194444444445,106.0,7000
2015,32.968611111111116,59.1988888888889,106.0,6000
2016,34.30805555555554,47.03472222222223,106.0,6000
2017,31.323055555555555,48.720833333333324,106.0,5000
2018,37.28027777777778,58.94361111111111,106.0,4000
2019,39.30194444444445,44.49416666666668,106.0,4000
2020,36.415555555555564,56.757500000000014,106.0,3000
2021,35.430277777777775,47.07805555555555,106.0,3000
2022,36.26583333333334,46.17861111111112,106.0,1580
2023,37.58861111111111,48.60166666666665,106.0,1410
2024,36.842222222222226,56.88583333333334,106.0,1200
2025,38.86277777777778,47.0225,106.0,890
2026,32.33638888888888,50.86638888888889,106.0,890
2027,33.6,56.916666666666664,106.0,890
2028,34.33194444444445,48.78777777777778,106.0,700
2029,33.52361111111111,47.84777777777779,106.0,540
2030,32.1,54.00166666666665,106.0,390
2031,35.189444444444455,47.382500000000014,106.0,300
2032,30.503611111111113,50.75555555555555,106.0,300
2033,31.871666666666663,51.16805555555553,106.0,300
2034,28.54805555555555,53.36166666666667,106.0,300
2035,29.612499999999994,51.66194444444445,106.0,300
2036,36.14944444444444,45.463333333333324,106.0,250
2037,37.384722222222216,46.24611111111111,106.0,190
2038,35.86166666666667,47.591388888888886,106.0,150
2039,35.77666666666667,52.87666666666668,106.0,150
2040,33.766666666666666,55.016666666666666,106.0,150
2041,30.9,52.68333333333333,106.0,100
2042,36.10833333333334,51.314722222222215,106.0,100
2043,37.71722222222222,46.22277777777776,106.0,100
2044,36.03055555555556,52.175000000000004,106.0,100
2045,32.0,50.661111111111104,106.0,0
2046,35.97138888888888,45.892222222222216,106.0,0
2047,33.30777777777779,47.030000000000015,106.0,0
2048,36.523333333333326,46.19055555555556,106.0,0
2049,28.73305555555556,54.53527777777779,106.0,0
2050,35.92777777777776,47.025000000000006,106.0,0
2051,33.729166666666664,59.19166666666667,106.0,0
2052,33.45000000000001,50.288888888888884,106.0,0
2053,34.75833333333334,48.51611111111111,106.0,0
2054,36.513888888888886,51.152777777777786,106.0,0
2055,27.435,53.32277777777779,106.0,0
2056,37.15611111111111,50.1,106.0,0
2057,37.15722222222222,48.991666666666674,106.0,0
2058,36.40555555555555,45.37083333333332,106.0,0
2059,34.179166666666674,48.38999999999999,106.0,0
2060,35.04055555555555,46.34833333333333,106.0,0
2061,35.164166666666674,47.78527777777777,106.0,0
2062,30.2575,51.97944444444445,106.0,0
2063,36.4,47.11666666666667,106.0,0
2064,34.55,48.45,106.0,0
2065,30.651666666666664,51.596388888888896,106.0,0
2066,37.222500000000004,45.28611111111112,106.0,0
2068,27.914722222222228,52.12166666666668,106.1,500
2069,28.88027777777777,56.03111111111112,106.2,26000
2070,36.42750000000001,49.59027777777778,106.2,13000
2071,35.80083333333333,51.084722222222226,106.2,12000
2072,29.095555555555556,58.3111111111111,106.2,2000
2073,32.39444444444443,48.38333333333333,106.2,1500
2074,28.981388888888894,50.83444444444444,106.2,500
2075,32.7,47.266666666666666,106.2,300
2076,38.583333333333336,45.808333333333316,106.2,180
2077,35.02222222222222,50.325,106.2,0
2078,36.671944444444435,54.176666666666655,106.3,230000
2079,34.07749999999999,49.662499999999994,106.3,100000
2080,38.21694444444444,48.70555555555555,106.3,40000
2081,35.512499999999996,51.758888888888904,106.3,1000
2082,33.18472222222223,50.43694444444445,106.3,790
2083,37.35833333333334,47.035833333333336,106.3,0
2084,29.42916666666666,51.29305555555554,106.3,0
2085,33.45416666666668,46.741666666666674,106.3,0
2086,33.53777777777778,46.29972222222223,106.4,100000
2087,30.712499999999995,49.843055555555566,106.4,96000
2088,32.86666666666668,53.06666666666667,106.4,300
2089,29.838333333333328,53.36694444444445,106.4,250
2090,35.712500000000006,52.080555555555556,106.4,100
2091,38.97388888888888,47.13638888888888,106.4,0
2092,35.749722222222225,59.35472222222222,106.5,126000
2093,38.906111111111116,45.18694444444445,106.5,87000
2094,34.64083333333333,60.38333333333333,106.5,74000
2095,29.929166666666674,55.7988888888889,106.5,58000
2096,26.15222222222222,61.002777777777766,106.5,55000
2097,34.659444444444446,50.7,106.5,50000
2098,36.557222222222215,48.42722222222223,106.5,37000
2099,32.516666666666666,51.296944444444435,106.5,20000
2100,31.88361111111112,54.40027777777778,106.5,17000
2101,32.02472222222222,49.16944444444445,106.5,15000
2102,30.292777777777783,55.82666666666666,106.5,11000
2103,37.49611111111111,45.08833333333334,106.5,10000
2104,36.58944444444445,51.60416666666666,106.5,3000
2105,38.36222222222221,45.84361111111111,106.5,2000
2106,35.31666666666667,58.45,106.5,1690
2107,32.76805555555556,59.86083333333334,106.5,1410
2108,34.468888888888884,47.863333333333344,106.5,890
2109,33.764166666666675,49.88500000000001,106.5,500
2110,35.86833333333335,52.564444444444455,106.5,100
2111,35.94416666666666,45.93638888888891,106.5,0
2112,29.0575,57.9238888888889,106.5,0
2113,33.468333333333334,49.07444444444444,106.5,0
2114,36.16388888888889,52.972222222222214,106.5,0
2116,27.42555555555556,56.1725,106.6,60000
2117,34.304722222222225,46.10583333333334,106.6,3000
2118,29.483333333333334,60.86666666666667,106.6,3000
2119,29.933333333333334,56.56666666666667,106.6,0
2120,34.802499999999995,46.936111111111124,106.6,0
2121,36.572222222222216,52.00833333333334,106.6,0
2122,36.81944444444444,50.19861111111109,106.6,0
2123,29.056944444444444,52.62083333333332,106.6,0
2124,31.35,47.9,106.7,40000
2125,34.75472222222223,48.82111111111111,106.7,13000
2126,33.55500000000001,51.893888888888895,106.7,11000
2127,35.48388888888889,50.961944444444455,106.7,11000
2128,30.02805555555555,53.009166666666665,106.7,3000
2129,36.56666666666668,53.05,106.7,500
2130,36.232222222222205,53.56083333333334,106.7,150
2131,36.812222222222225,49.44194444444445,106.7,150
2132,36.17583333333333,53.32166666666667,106.7,0
2133,29.924166666666665,57.51333333333332,106.7,0
2134,34.528333333333336,49.99583333333333,106.7,0
2135,32.259166666666665,50.567222222222235,106.7,0
2136,37.4,57.93333333333333,106.7,0
2137,38.86805555555555,46.002777777777766,106.7,0
2138,35.78111111111112,51.41027777777777,106.7,0
2139,28.592222222222226,51.15500000000001,106.8,100000
2140,35.238888888888894,46.218888888888884,106.8,10000
2141,32.201666666666675,48.25305555555555,106.8,5000
2142,33.44416666666666,48.00111111111111,106.8,3000
2143,29.232777777777777,56.624444444444435,106.8,390
2144,30.583333333333332,50.25,106.8,100
2145,33.136944444444445,47.38444444444444,106.8,0
2146,26.841666666666672,60.17222222222222,106.8,0
2147,25.721388888888892,57.8025,106.9,150000
2148,35.80083333333333,51.084722222222226,106.9,12000
2149,38.67305555555554,45.588055555555556,106.9,0
2150,32.879444444444445,52.39972222222222,107.0,195000
2151,32.080833333333324,48.827222222222225,107.0,100000
2152,38.5961111111111,47.18305555555556,107.0,98000
2153,36.388055555555546,57.60611111111112,107.0,42000
2154,37.441111111111105,49.82999999999999,107.0,25000
2155,29.21527777777777,53.57777777777779,107.0,17000
2156,28.97666666666667,58.882777777777775,107.0,16000
2157,35.26111111111113,60.33111111111112,107.0,12000
2158,33.564722222222215,48.90527777777777,107.0,12000
2159,37.34722222222222,47.796944444444435,107.0,11000
2160,37.238333333333344,58.48777777777777,107.0,7000
2161,38.85,45.67777777777779,107.0,5000
2162,37.62277777777777,58.49944444444444,107.0,4000
2163,29.45,55.7,107.0,4000
2164,36.83194444444445,54.40638888888888,107.0,3000
2165,31.434722222222227,60.12972222222223,107.0,1810
2166,38.043055555555554,45.10111111111111,107.0,1580
2167,27.74833333333333,54.46861111111113,107.0,1090
2168,36.28944444444444,54.156111111111116,107.0,890
2169,33.94444444444445,48.051388888888894,107.0,790
2170,36.396388888888886,54.97027777777778,107.0,390
2171,38.55,44.93333333333333,107.0,300
2172,35.74166666666666,51.91388888888889,107.0,200
2173,26.236666666666675,60.22944444444445,107.0,150
2174,36.13583333333334,53.0586111111111,107.0,140
2175,36.102777777777774,52.08888888888888,107.0,100
2176,35.27638888888889,47.12888888888888,107.0,100
2177,35.9038888888889,52.18555555555555,107.0,0
2178,28.10888888888888,57.71555555555557,107.0,0
2179,32.94166666666667,50.12222222222224,107.0,0
2180,29.913888888888888,57.69972222222223,107.0,0
2181,33.92777777777776,50.45,107.0,0
2182,36.446111111111115,51.279444444444444,107.0,0
2183,31.15138888888888,56.43361111111112,107.0,0
2184,36.713888888888874,45.13472222222223,107.0,0
2185,29.280833333333327,56.853888888888896,107.0,0
2186,31.416666666666668,51.56666666666667,107.0,0
2187,38.10249999999999,46.32777777777779,107.0,0
2189,34.659444444444446,50.7,107.1,5000
2190,32.98611111111111,50.41388888888889,107.2,0
2191,35.80083333333333,51.084722222222226,107.3,13000
2192,36.83194444444445,54.40638888888888,107.3,3000
2193,27.866666666666667,51.96666666666667,107.3,100
2194,31.323055555555555,48.720833333333324,107.4,4000
2196,35.827499999999986,51.44694444444444,107.5,96000
2197,36.42750000000001,49.59027777777778,107.5,11000
2198,36.23444444444444,59.567499999999995,107.5,10000
2199,34.07749999999999,49.662499999999994,107.5,8000
2200,36.557222222222215,48.42722222222223,107.5,8000
2201,26.56055555555556,54.00388888888887,107.8,20000
2202,37.22416666666667,55.39083333333335,107.8,0
2203,35.78111111111112,51.41027777777777,107.9,0
