,Latitude in degrees,Longitude in degrees,Frequency(MHz),EIRP
0,32.64555555555555,-115.54166666666664,50.015,20
1,19.770555555555557,-98.79166666666666,50.018,50
2,25.729166666666664,-100.29166666666667,50.067,0
3,20.6875,-103.37499999999999,50.08,25
4,17.46666666666667,-97.23333333333333,87.9,0
5,19.533611111111114,-99.12999999999998,88.1,95130
6,19.533611111111114,-99.12999999999998,88.1,95130
7,20.50611111111111,-100.82388888888887,88.1,10000
8,18.883333333333336,-96.93333333333334,88.1,10000
9,19.98,-102.28333333333333,88.1,10000
10,17.04444444444444,-97.59444444444442,88.1,6000
11,20.902222222222225,-88.75222222222223,88.1,6000
12,26.944444444444443,-101.46111111111111,88.1,5450
13,25.64666666666666,-100.31305555555556,88.1,3000
14,19.533611111111114,-99.12999999999998,88.1,951
15,19.533611111111114,-99.12999999999998,88.1,951
16,29.123888888888892,-110.9463888888889,88.1,610
17,20.61666666666667,-103.87777777777777,88.1,0
18,17.973055555555554,-96.15833333333335,88.1,0
19,21.164166666666663,-86.84277777777777,88.1,0
20,31.891111111111115,-116.63166666666666,88.1,0
21,19.74194444444445,-88.69916666666667,88.1,0
22,25.64666666666666,-100.31305555555556,88.1,0
23,32.511111111111106,-116.56666666666668,88.1,0
24,21.222222222222225,-102.17777777777776,88.1,0
25,16.76111111111111,-93.12777777777775,88.3,25000
26,17.318055555555556,-96.49305555555554,88.3,6000
27,18.905833333333337,-100.15277777777777,88.3,1000
28,19.21555555555555,-101.70583333333333,88.3,0
29,32.58333333333334,-115.59444444444442,88.3,0
30,19.8975,-100.44972222222223,88.3,0
31,31.01666666666667,-114.85000000000001,88.3,0
32,17.104444444444443,-96.84972222222221,88.3,0
33,20.995833333333334,-100.37194444444445,88.3,0
34,20.995833333333334,-100.37194444444445,88.3,0
35,21.527777777777775,-104.88333333333334,88.3,0
36,19.944444444444443,-97.97777777777777,88.3,0
37,20.96944444444444,-89.62277777777778,88.5,25000
38,17.986944444444447,-94.54361111111112,88.5,25000
39,18.75555555555556,-96.12777777777777,88.5,25000
40,22.23472222222222,-97.86083333333335,88.5,25000
41,28.647500000000004,-106.05,88.5,10000
42,18.911111111111108,-99.23333333333333,88.5,10000
43,17.8,-97.77777777777776,88.5,3000
44,20.677777777777774,-101.36111111111109,88.5,3000
45,25.76666666666667,-108.97777777777777,88.5,3000
46,25.625555555555557,-100.32055555555556,88.5,3000
47,22.151388888888885,-100.98083333333332,88.5,3000
48,17.9875,-92.9113888888889,88.5,2747
49,32.511111111111106,-116.56666666666668,88.5,1000
50,19.8,-99.1,88.5,500
51,32.46666666666667,-114.77777777777776,88.5,400
52,22.151388888888885,-100.98083333333332,88.5,30
53,32.511111111111106,-116.27777777777777,88.5,0
54,25.724166666666665,-99.71694444444444,88.5,0
55,21.920000000000005,-102.2663888888889,88.7,25000
56,24.788888888888895,-107.38388888888889,88.7,25000
57,20.606111111111115,-100.36888888888888,88.7,6000
58,20.600555555555555,-103.365,88.7,3000
59,18.116666666666667,-95.88333333333334,88.7,3000
60,32.48694444444445,-116.99472222222222,88.7,1150
61,25.543611111111108,-103.49194444444443,88.7,1000
62,20.350000000000005,-102.0,88.7,350
63,20.600555555555555,-103.365,88.7,300
64,16.56722222222222,-96.73083333333335,88.7,0
65,20.609166666666663,-105.22972222222221,88.7,0
66,30.994444444444444,-116.1,88.7,0
67,32.511111111111106,-116.56666666666668,88.7,0
68,19.34388888888889,-99.09000000000002,88.9,90000
69,16.875277777777775,-99.91611111111112,88.9,25000
70,23.200555555555557,-106.42777777777779,88.9,25000
71,25.47222222222222,-101.00083333333332,88.9,25000
72,27.111111111111107,-109.43333333333335,88.9,22900
73,27.49333333333334,-99.51555555555555,88.9,15000
74,21.160555555555558,-101.71555555555557,88.9,10000
75,29.123888888888892,-110.9463888888889,88.9,6500
76,17.050000000000004,-96.71666666666668,88.9,3000
77,19.681944444444447,-103.25666666666666,88.9,3000
78,17.266666666666666,-97.69444444444444,88.9,3000
79,18.63305555555556,-91.83194444444446,88.9,2700
80,17.700000000000003,-92.80000000000001,88.9,1000
81,31.877777777777776,-112.85000000000001,88.9,600
82,25.47222222222222,-101.00083333333332,88.9,250
83,17.8,-96.9611111111111,88.9,245
84,17.733333333333338,-92.01666666666668,88.9,0
85,25.538888888888888,-108.46333333333334,88.9,0
86,18.611111111111107,-98.46666666666667,88.9,0
87,20.96944444444444,-89.62277777777778,88.9,0
88,19.664722222222217,-101.52416666666669,88.9,0
89,20.756111111111114,-103.2411111111111,89.1,50030
90,25.994166666666672,-98.13833333333335,89.1,50000
91,14.994444444444444,-92.17777777777776,89.1,25000
92,22.65,-103.0,89.1,25000
93,21.17444444444444,-105.13138888888888,89.1,25000
94,27.95,-101.22777777777777,89.1,25000
95,18.75555555555556,-96.12777777777777,89.1,25000
96,31.891111111111115,-116.63166666666666,89.1,6000
97,20.259444444444448,-100.88833333333335,89.1,6000
98,20.61666666666667,-99.12777777777775,89.1,3000
99,26.91666666666667,-105.65,89.1,3000
100,31.291666666666664,-110.99666666666668,89.1,3000
101,20.84611111111111,-86.8783333333333,89.1,3000
102,23.077777777777776,-109.7,89.1,3000
103,30.533333333333335,-111.12222222222222,89.1,3000
104,16.769166666666663,-93.08444444444443,89.1,3000
105,21.227777777777774,-98.4111111111111,89.1,500
106,14.994444444444444,-92.17777777777776,89.1,250
107,31.291666666666664,-110.99666666666668,89.1,30
108,31.291666666666664,-110.99666666666668,89.1,30
109,31.291666666666664,-110.99666666666668,89.1,30
110,23.077777777777776,-109.7,89.1,30
111,32.58333333333334,-115.59444444444442,89.1,0
112,25.543611111111108,-103.49194444444443,89.1,0
113,19.733333333333338,-100.27777777777777,89.1,0
114,16.32833333333333,-96.59611111111111,89.1,0
115,16.23944444444444,-95.2136111111111,89.1,0
116,31.01666666666667,-114.85000000000001,89.1,0
117,15.744444444444444,-96.46666666666667,89.1,0
118,19.411111111111108,-100.37777777777777,89.1,0
119,19.191666666666666,-98.00166666666668,89.3,50000
120,17.9875,-92.9113888888889,89.3,50000
121,19.24944444444445,-103.70750000000002,89.3,36000
122,25.76666666666667,-108.97777777777777,89.3,25000
123,23.65,-100.65,89.3,25000
124,19.700000000000003,-101.12777777777775,89.3,25000
125,22.23472222222222,-97.86083333333335,89.3,12500
126,22.23472222222222,-97.86083333333335,89.3,12500
127,28.647500000000004,-106.05,89.3,10000
128,20.447777777777777,-97.31999999999998,89.3,10000
129,20.934722222222227,-89.55805555555554,89.3,9520
130,17.49444444444444,-91.43333333333335,89.3,6000
131,27.49305555555556,-109.94694444444443,89.3,3950
132,25.724166666666665,-99.71694444444444,89.3,3000
133,17.266666666666666,-97.69444444444444,89.3,3000
134,25.04722222222222,-105.42500000000001,89.3,1000
135,20.048611111111114,-99.3447222222222,89.3,1000
136,19.527777777777775,-98.88333333333334,89.3,746
137,17.727777777777778,-97.32777777777777,89.3,245
138,25.724166666666665,-99.71694444444444,89.3,30
139,25.724166666666665,-99.71694444444444,89.3,30
140,25.724166666666665,-99.71694444444444,89.3,30
141,25.724166666666665,-99.71694444444444,89.3,30
142,17.266666666666666,-97.69444444444444,89.3,30
143,17.727777777777778,-97.32777777777777,89.3,2
144,23.709722222222222,-99.12250000000002,89.3,0
145,27.944444444444443,-110.90000000000002,89.3,0
146,19.74194444444445,-88.69916666666667,89.3,0
147,22.151388888888885,-100.98083333333332,89.3,0
148,18.65,-99.20000000000002,89.3,0
149,25.583333333333336,-97.75000000000001,89.5,100000
150,16.083333333333336,-93.75000000000001,89.5,97000
151,18.911111111111108,-97.0,89.5,60000
152,20.609166666666663,-105.22972222222221,89.5,50580
153,24.788888888888895,-107.38388888888889,89.5,25000
154,32.46666666666667,-114.77777777777776,89.5,15000
155,26.49444444444444,-100.17777777777776,89.5,3000
156,25.561111111111106,-103.43333333333335,89.5,3000
157,25.788888888888895,-99.17777777777778,89.5,2440
158,31.291666666666664,-110.99666666666668,89.5,1250
159,20.591944444444447,-100.41083333333333,89.5,550
160,16.56722222222222,-96.73083333333335,89.5,0
161,21.527777777777775,-102.23333333333333,89.5,0
162,20.600555555555555,-103.365,89.5,0
163,20.600555555555555,-103.365,89.5,0
164,20.600555555555555,-103.365,89.5,0
165,20.600555555555555,-103.365,89.5,0
166,20.600555555555555,-103.365,89.5,0
167,16.453333333333333,-95.02833333333334,89.5,0
168,27.500000000000004,-99.51666666666667,89.5,0
169,16.233333333333334,-97.30000000000001,89.5,0
170,19.533611111111114,-99.12999999999998,89.7,100000
171,17.071111111111108,-96.73277777777778,89.7,50000
172,21.077777777777776,-97.64166666666667,89.7,25000
173,16.875277777777775,-99.91611111111112,89.7,25000
174,29.123888888888892,-110.9463888888889,89.7,25000
175,19.050000000000004,-104.33333333333334,89.7,24760
176,28.416666666666668,-106.87777777777777,89.7,10000
177,20.04444444444444,-100.74444444444444,89.7,6000
178,18.266666666666666,-93.22777777777777,89.7,6000
179,23.200555555555557,-106.42777777777779,89.7,3000
180,23.416666666666668,-100.12777777777775,89.7,3000
181,25.47222222222222,-101.00083333333332,89.7,3000
182,19.111111111111107,-98.30000000000001,89.7,3000
183,19.4175,-102.04277777777776,89.7,3000
184,25.725277777777777,-100.31027777777778,89.7,1000
185,18.84805555555555,-98.93805555555556,89.7,500
186,16.500000000000004,-95.46111111111111,89.7,245
187,18.46666666666667,-95.30000000000001,89.7,170
188,19.111111111111107,-98.30000000000001,89.7,30
189,16.500000000000004,-95.46111111111111,89.7,2
190,18.676111111111116,-88.38916666666668,89.7,0
191,21.16111111111111,-100.9611111111111,89.7,0
192,31.891111111111115,-116.63166666666666,89.7,0
193,25.538888888888888,-108.46333333333334,89.7,0
194,27.111111111111107,-109.43333333333335,89.7,0
195,27.111111111111107,-109.43333333333335,89.7,0
196,22.151388888888885,-100.98083333333332,89.7,0
197,31.377777777777776,-116.33333333333334,89.7,0
198,16.733333333333338,-93.71666666666668,89.9,25000
199,20.077777777777776,-97.05,89.9,25000
200,20.609166666666663,-105.22972222222221,89.9,19870
201,20.685277777777774,-103.39,89.9,14220
202,32.63861111111112,-115.47194444444443,89.9,13000
203,30.729999999999997,-112.15861111111114,89.9,12360
204,20.468888888888884,-86.89972222222222,89.9,10000
205,22.79444444444444,-102.59444444444442,89.9,8500
206,20.259444444444448,-100.88833333333335,89.9,6000
207,16.118333333333332,-92.05250000000001,89.9,2500
208,31.291666666666664,-110.99666666666668,89.9,1250
209,27.753055555555555,-107.635,89.9,610
210,20.350000000000005,-102.0,89.9,50
211,31.291666666666664,-110.99666666666668,89.9,12
212,24.788888888888895,-107.38388888888889,89.9,0
213,19.55611111111111,-88.04194444444444,89.9,0
214,25.416666666666668,-102.19444444444444,89.9,0
215,18.089999999999996,-96.11388888888888,89.9,0
216,20.520555555555553,-99.89583333333333,89.9,0
217,25.724166666666665,-99.71694444444444,90.1,100000
218,26.04833333333334,-98.39222222222222,90.1,100000
219,19.23777777777778,-99.63138888888886,90.1,29760
220,27.944444444444443,-110.90000000000002,90.1,25000
221,16.453333333333333,-95.02833333333334,90.1,25000
222,25.76666666666667,-108.97777777777777,90.1,25000
223,20.96944444444444,-89.62277777777778,90.1,25000
224,22.151388888888885,-100.98083333333332,90.1,25000
225,21.79444444444444,-103.32777777777777,90.1,25000
226,22.23472222222222,-97.86083333333335,90.1,23880
227,19.044166666666673,-98.21083333333335,90.1,19740
228,28.644444444444442,-106.06666666666668,90.1,19640
229,17.9875,-92.9113888888889,90.1,15000
230,18.75555555555556,-96.12777777777777,90.1,10000
231,20.083333333333336,-98.37777777777777,90.1,10000
232,24.131388888888885,-110.27777777777779,90.1,9800
233,20.995833333333334,-100.37194444444445,90.1,3000
234,27.97777777777777,-114.03305555555556,90.1,1964
235,17.04444444444444,-97.59444444444442,90.1,245
236,30.16666666666667,-111.12777777777775,90.1,115
237,21.920000000000005,-102.2663888888889,90.1,50
238,20.995833333333334,-100.37194444444445,90.1,30
239,16.28333333333334,-97.82777777777775,90.1,30
240,17.04444444444444,-97.59444444444442,90.1,2
241,31.700000000000003,-106.5111111111111,90.1,0
242,24.788888888888895,-107.38388888888889,90.1,0
243,30.527777777777775,-115.93333333333334,90.1,0
244,19.700000000000003,-101.12777777777775,90.1,0
245,16.500000000000004,-95.46111111111111,90.1,0
246,32.50611111111111,-117.03944444444444,90.3,93120
247,21.160555555555558,-101.71555555555557,90.3,37960
248,23.14083333333333,-102.83500000000001,90.3,25000
249,26.91666666666667,-105.65,90.3,25000
250,25.561111111111106,-103.43333333333335,90.3,25000
251,16.76111111111111,-93.12777777777775,90.3,25000
252,20.609166666666663,-105.22972222222221,90.3,15240
253,24.788888888888895,-107.38388888888889,90.3,15000
254,18.61666666666667,-99.19444444444444,90.3,3000
255,31.34444444444444,-110.93333333333334,90.3,3000
256,20.611111111111107,-103.30000000000001,90.3,3000
257,20.611111111111107,-103.30000000000001,90.3,30
258,29.383333333333333,-114.4111111111111,90.3,0
259,20.447777777777777,-97.31999999999998,90.3,0
260,19.37388888888889,-99.10944444444445,90.5,100000
261,27.683333333333334,-105.17777777777776,90.5,30000
262,21.920000000000005,-102.2663888888889,90.5,25000
263,28.227777777777774,-105.46666666666667,90.5,25000
264,26.778611111111115,-101.83749999999998,90.5,25000
265,18.350000000000005,-99.54444444444442,90.5,25000
266,18.111111111111107,-94.04444444444445,90.5,25000
267,30.383333333333333,-107.97777777777777,90.5,25000
268,21.527777777777775,-98.38333333333335,90.5,25000
269,19.585555555555555,-97.00777777777776,90.5,25000
270,27.49305555555556,-109.94694444444443,90.5,20000
271,18.910000000000004,-103.87055555555555,90.5,14400
272,17.655277777777776,-101.57416666666664,90.5,9650
273,20.04444444444444,-100.74444444444444,90.5,6000
274,23.200555555555557,-106.42777777777779,90.5,5000
275,18.533333333333335,-96.61666666666667,90.5,3000
276,25.66166666666667,-100.4211111111111,90.5,3000
277,17.527777777777775,-97.69444444444444,90.5,3000
278,17.74166666666667,-91.77777777777776,90.5,1000
279,19.37388888888889,-99.10944444444445,90.5,1000
280,19.37388888888889,-99.10944444444445,90.5,1000
281,19.37388888888889,-99.10944444444445,90.5,1000
282,26.083333333333336,-98.28333333333333,90.5,17
283,25.538888888888888,-108.46333333333334,90.5,0
284,16.883333333333336,-95.04444444444444,90.5,0
285,19.911111111111108,-102.01666666666668,90.5,0
286,21.527777777777775,-104.88333333333334,90.5,0
287,32.63861111111112,-115.47194444444443,90.7,100000
288,20.600555555555555,-103.365,90.7,49970
289,29.123888888888892,-110.9463888888889,90.7,40340
290,30.729999999999997,-112.15861111111114,90.7,25000
291,18.377777777777776,-95.80000000000001,90.7,25000
292,18.46111111111111,-97.38333333333335,90.7,25000
293,14.92861111111111,-92.27194444444446,90.7,19000
294,30.622222222222224,-110.96111111111111,90.7,15000
295,32.48694444444445,-116.99472222222222,90.7,11500
296,21.164166666666663,-86.84277777777777,90.7,10000
297,19.283888888888892,-98.43583333333335,90.7,6000
298,23.649166666666666,-103.60833333333332,90.7,6000
299,21.014166666666664,-101.25833333333335,90.7,3000
300,22.65,-103.0,90.7,3000
301,29.123888888888892,-110.9463888888889,90.7,403
302,29.123888888888892,-110.9463888888889,90.7,403
303,19.533333333333335,-101.64444444444443,90.7,30
304,19.57777777777778,-102.28333333333333,90.7,30
305,20.989166666666662,-97.70583333333333,90.7,0
306,19.21555555555555,-101.70583333333333,90.7,0
307,19.21555555555555,-101.70583333333333,90.7,0
308,32.63333333333334,-114.85000000000001,90.7,0
309,24.788888888888895,-107.38388888888889,90.7,0
310,19.533333333333335,-101.64444444444443,90.7,0
311,16.73888888888889,-92.64444444444443,90.7,0
312,18.14444444444444,-93.09444444444443,90.9,100000
313,18.75555555555556,-96.12777777777777,90.9,60000
314,28.644444444444442,-106.06666666666668,90.9,50000
315,20.584444444444443,-100.39805555555554,90.9,50000
316,20.96944444444444,-89.62277777777778,90.9,25000
317,22.151388888888885,-100.98083333333332,90.9,25000
318,19.76666666666667,-104.37777777777777,90.9,10000
319,19.83222222222222,-90.51555555555555,90.9,10000
320,21.13,-98.4211111111111,90.9,6000
321,25.80777777777778,-108.96972222222225,90.9,4000
322,19.367777777777782,-99.26527777777778,90.9,3000
323,25.724166666666665,-99.71694444444444,90.9,3000
324,27.49333333333334,-99.51555555555555,90.9,3000
325,17.677777777777774,-97.98333333333335,90.9,3000
326,22.23472222222222,-97.86083333333335,90.9,3000
327,24.46666666666667,-99.48333333333335,90.9,3000
328,19.827777777777776,-97.3583333333333,90.9,2000
329,26.083333333333336,-98.28333333333333,90.9,1970
330,18.883333333333336,-99.06666666666668,90.9,1900
331,27.944444444444443,-110.90000000000002,90.9,1500
332,27.944444444444443,-110.90000000000002,90.9,1500
333,16.32833333333333,-96.59611111111111,90.9,600
334,20.584444444444443,-100.39805555555554,90.9,500
335,19.367777777777782,-99.26527777777778,90.9,30
336,27.49333333333334,-99.51555555555555,90.9,30
337,25.942500000000006,-97.90694444444446,90.9,17
338,25.724166666666665,-99.71694444444444,90.9,8
339,16.32833333333333,-96.59611111111111,90.9,6
340,19.83222222222222,-90.51555555555555,90.9,0
341,16.23944444444444,-95.2136111111111,90.9,0
342,31.377777777777776,-116.33333333333334,90.9,0
343,32.50611111111111,-117.03944444444444,91.1,100000
344,20.609166666666663,-105.22972222222221,91.1,50000
345,27.790000000000003,-101.55694444444443,91.1,49770
346,22.733333333333338,-98.96111111111111,91.1,25000
347,26.821111111111104,-107.06916666666665,91.1,25000
348,25.561111111111106,-103.43333333333335,91.1,25000
349,16.76111111111111,-93.12777777777775,91.1,25000
350,21.160555555555558,-101.71555555555557,91.1,18330
351,24.160555555555558,-110.30166666666666,91.1,13000
352,19.421944444444442,-102.06444444444445,91.1,10000
353,18.611111111111107,-98.46666666666667,91.1,6000
354,20.34444444444444,-102.75000000000001,91.1,6000
355,32.46666666666667,-114.77777777777776,91.1,3000
356,20.083333333333336,-98.37777777777777,91.1,3000
357,20.609166666666663,-105.22972222222221,91.1,500
358,24.160555555555558,-110.30166666666666,91.1,130
359,32.46666666666667,-114.77777777777776,91.1,30
360,20.083333333333336,-98.37777777777777,91.1,30
361,18.533333333333335,-96.61666666666667,91.1,0
362,21.007222222222225,-99.18972222222224,91.1,0
363,18.149166666666662,-96.50916666666664,91.1,0
364,19.533611111111114,-99.12999999999998,91.3,99450
365,27.49333333333334,-99.51555555555555,91.3,50000
366,25.942500000000006,-97.90694444444446,91.3,49720
367,21.920000000000005,-102.2663888888889,91.3,25000
368,28.416666666666668,-106.87777777777777,91.3,25000
369,25.47222222222222,-101.00083333333332,91.3,25000
370,23.76666666666667,-98.22777777777777,91.3,15000
371,23.200555555555557,-106.42777777777779,91.3,10000
372,17.500000000000004,-93.12666666666665,91.3,10000
373,18.910000000000004,-103.87055555555555,91.3,10000
374,24.03,-104.61749999999999,91.3,6000
375,18.875,-97.00416666666665,91.3,3000
376,25.200000000000003,-99.82777777777775,91.3,3000
377,20.911111111111108,-100.74444444444444,91.3,3000
378,19.116666666666667,-98.77777777777776,91.3,2870
379,19.533611111111114,-99.12999999999998,91.3,994
380,19.533611111111114,-99.12999999999998,91.3,994
381,18.65,-100.15000000000002,91.3,0
382,18.521111111111107,-88.28777777777778,91.3,0
383,20.04444444444444,-97.51666666666667,91.3,0
384,25.538888888888888,-108.46333333333334,91.3,0
385,30.04444444444444,-115.75000000000001,91.3,0
386,21.351666666666667,-98.22972222222221,91.3,0
387,19.700000000000003,-101.12777777777775,91.5,100000
388,20.65111111111111,-103.39694444444444,91.5,99070
389,22.79444444444444,-102.59444444444442,91.5,50000
390,32.64305555555555,-115.45277777777778,91.5,14568
391,21.164166666666663,-86.84277777777777,91.5,10000
392,29.123888888888892,-110.9463888888889,91.5,10000
393,14.92861111111111,-92.27194444444446,91.5,10000
394,20.738333333333337,-97.51916666666668,91.5,10000
395,29.325833333333335,-100.93083333333333,91.5,6000
396,16.73888888888889,-92.64444444444443,91.5,2900
397,30.729999999999997,-112.15861111111114,91.5,1510
398,23.075,-109.67500000000003,91.5,1000
399,25.76666666666667,-102.98333333333335,91.5,100
400,16.733333333333338,-93.71666666666668,91.5,0
401,21.160555555555558,-101.71555555555557,91.5,0
402,26.911111111111108,-101.41666666666667,91.5,0
403,16.611111111111107,-95.98333333333335,91.5,0
404,17.050000000000004,-96.71666666666668,91.5,0
405,17.266666666666666,-97.69444444444444,91.5,0
406,25.64666666666666,-100.31305555555556,91.7,100000
407,19.24944444444445,-103.70750000000002,91.7,31440
408,28.644444444444442,-106.06666666666668,91.7,25000
409,16.453333333333333,-95.02833333333334,91.7,25000
410,25.76666666666667,-108.97777777777777,91.7,25000
411,19.248888888888896,-99.58583333333331,91.7,25000
412,21.944444444444443,-99.98333333333335,91.7,25000
413,27.32916666666667,-112.27027777777776,91.7,25000
414,17.9875,-92.9113888888889,91.7,25000
415,19.044166666666673,-98.21083333333335,91.7,24800
416,32.505277777777785,-117.02999999999999,91.7,23700
417,22.23472222222222,-97.86083333333335,91.7,12500
418,19.519166666666667,-96.88583333333335,91.7,10000
419,20.606111111111115,-100.36888888888888,91.7,6000
420,19.994444444444444,-102.27777777777777,91.7,6000
421,21.165833333333335,-98.66638888888889,91.7,3000
422,20.194444444444443,-98.05,91.7,3000
423,15.916666666666668,-96.41666666666667,91.7,3000
424,26.827777777777776,-113.59444444444442,91.7,3000
425,26.083333333333336,-98.28333333333333,91.7,3000
426,19.116666666666667,-98.77777777777776,91.7,300
427,28.644444444444442,-106.06666666666668,91.7,250
428,28.644444444444442,-106.06666666666668,91.7,250
429,15.916666666666668,-96.41666666666667,91.7,30
430,26.083333333333336,-98.28333333333333,91.7,30
431,26.083333333333336,-98.28333333333333,91.7,30
432,26.083333333333336,-98.28333333333333,91.7,30
433,26.083333333333336,-98.28333333333333,91.7,30
434,20.609166666666663,-105.22972222222221,91.9,50000
435,27.850000000000005,-101.12777777777775,91.9,50000
436,20.688888888888886,-88.20000000000002,91.9,25000
437,22.16111111111111,-100.98333333333335,91.9,13420
438,22.733333333333338,-98.96111111111111,91.9,12140
439,24.829166666666662,-107.40583333333332,91.9,10000
440,17.8,-97.77777777777776,91.9,3000
441,20.677777777777774,-101.36111111111109,91.9,3000
442,20.611111111111107,-103.30000000000001,91.9,3000
443,18.61666666666667,-99.19444444444444,91.9,500
444,17.8,-97.77777777777776,91.9,30
445,18.354722222222225,-100.6661111111111,91.9,0
446,32.28333333333334,-117.01666666666668,91.9,0
447,22.151388888888885,-100.98083333333332,91.9,0
448,20.611111111111107,-103.30000000000001,91.9,0
449,20.611111111111107,-103.30000000000001,91.9,0
450,30.994444444444444,-116.1,91.9,0
451,18.97777777777777,-97.90277777777777,91.9,0
452,25.561111111111106,-103.43333333333335,91.9,0
453,19.39444444444445,-99.17388888888888,92.1,146350
454,17.655277777777776,-101.57416666666664,92.1,50000
455,18.875,-97.00416666666665,92.1,49950
456,16.875277777777775,-99.91611111111112,92.1,25000
457,27.49305555555556,-109.94694444444443,92.1,25000
458,23.20111111111111,-106.42694444444443,92.1,25000
459,31.891111111111115,-116.63166666666666,92.1,12500
460,21.527777777777775,-104.88333333333334,92.1,6000
461,19.050000000000004,-102.27777777777777,92.1,3000
462,24.03388888888889,-104.64305555555556,92.1,3000
463,25.788888888888895,-99.17777777777778,92.1,3000
464,25.46666666666667,-108.07500000000002,92.1,3000
465,16.79138888888889,-96.67500000000003,92.1,3000
466,17.04444444444444,-97.93333333333334,92.1,3000
467,19.050000000000004,-104.33333333333334,92.1,2870
468,20.934722222222227,-89.55805555555554,92.1,2850
469,23.20111111111111,-106.42694444444443,92.1,250
470,17.04444444444444,-97.93333333333334,92.1,30
471,28.227777777777774,-105.46666666666667,92.1,0
472,19.191666666666666,-98.00166666666668,92.1,0
473,25.47222222222222,-101.00083333333332,92.1,0
474,20.911111111111108,-100.74444444444444,92.1,0
475,17.266666666666666,-97.69444444444444,92.1,0
476,29.07305555555556,-110.95055555555555,92.3,50000
477,20.65111111111111,-103.39694444444444,92.3,49860
478,25.942500000000006,-97.90694444444446,92.3,30000
479,21.14555555555555,-101.7,92.3,29010
480,18.646388888888886,-91.83805555555556,92.3,25000
481,19.700000000000003,-101.12777777777775,92.3,25000
482,16.76111111111111,-93.12777777777775,92.3,25000
483,32.63861111111112,-115.47194444444443,92.3,21900
484,21.266666666666666,-98.30000000000001,92.3,20680
485,16.73888888888889,-92.64444444444443,92.3,20000
486,25.561111111111106,-103.43333333333335,92.3,15000
487,21.164166666666663,-86.84277777777777,92.3,10000
488,18.14444444444444,-94.43333333333335,92.3,10000
489,18.994444444444444,-99.1,92.3,164
490,23.67861111111111,-103.79444444444444,92.3,130
491,22.733333333333338,-98.96111111111111,92.3,17
492,23.67861111111111,-103.79444444444444,92.3,1
493,20.690833333333337,-99.81888888888886,92.3,0
494,18.089999999999996,-96.11388888888888,92.3,0
496,32.50611111111111,-117.03944444444444,92.5,100000
497,25.625555555555557,-100.32055555555556,92.5,95520
498,19.191666666666666,-98.00166666666668,92.5,75000
499,19.23777777777778,-99.63138888888886,92.5,48330
500,22.350000000000005,-105.51666666666667,92.5,25000
501,28.644444444444442,-106.06666666666668,92.5,25000
502,16.20888888888889,-92.11555555555556,92.5,25000
503,19.172777777777778,-96.13861111111113,92.5,25000
504,22.23472222222222,-97.86083333333335,92.5,20000
505,26.89166666666667,-111.98333333333335,92.5,15000
506,17.9875,-92.9113888888889,92.5,14490
507,19.24944444444445,-103.70750000000002,92.5,10000
508,25.76666666666667,-108.97777777777777,92.5,10000
509,19.733333333333338,-100.27777777777777,92.5,6000
510,20.116666666666667,-98.74444444444444,92.5,6000
511,19.74194444444445,-88.69916666666667,92.5,3857
512,20.950555555555553,-101.19722222222221,92.5,3000
513,21.311111111111114,-100.51666666666667,92.5,3000
514,27.136944444444442,-114.30000000000001,92.5,1710
515,19.191666666666666,-98.00166666666668,92.5,750
516,20.950555555555553,-101.19722222222221,92.5,30
517,17.561111111111106,-99.5111111111111,92.5,0
518,26.778611111111115,-101.83749999999998,92.5,0
519,21.883333333333336,-102.30000000000001,92.7,65000
520,18.46111111111111,-95.22777777777777,92.7,49980
521,26.821111111111104,-107.06916666666665,92.7,25000
522,24.131388888888885,-110.27777777777779,92.7,25000
523,20.688888888888886,-88.20000000000002,92.7,25000
524,20.609166666666663,-105.22972222222221,92.7,10000
525,20.600555555555555,-103.365,92.7,6000
526,20.606111111111115,-100.36888888888888,92.7,6000
527,20.194444444444443,-98.05,92.7,3000
528,31.308333333333334,-109.54166666666664,92.7,1000
529,20.350000000000005,-102.0,92.7,500
530,20.600555555555555,-103.365,92.7,60
531,19.683333333333334,-100.56666666666668,92.7,0
532,19.683333333333334,-100.56666666666668,92.7,0
533,19.664722222222217,-101.52416666666669,92.7,0
534,23.727777777777778,-102.97777777777777,92.7,0
535,30.994444444444444,-116.1,92.7,0
536,16.36388888888889,-95.02222222222223,92.7,0
537,16.76111111111111,-93.12777777777775,92.7,0
538,17.683333333333334,-97.56666666666668,92.7,0
539,20.97777777777777,-89.61666666666667,92.9,100000
540,19.683333333333334,-99.01666666666668,92.9,100000
541,19.39444444444445,-99.17388888888888,92.9,79070
542,27.49305555555556,-109.94694444444443,92.9,50000
543,19.052777777777774,-104.32027777777778,92.9,50000
544,27.116666666666667,-104.92777777777778,92.9,25000
545,17.700000000000003,-92.80000000000001,92.9,25000
546,21.827777777777776,-105.20000000000002,92.9,25000
547,24.788888888888895,-107.38388888888889,92.9,15000
548,31.74194444444445,-116.72666666666666,92.9,15000
549,18.561111111111106,-99.6111111111111,92.9,14100
550,28.416666666666668,-106.87777777777777,92.9,9500
551,20.259444444444448,-100.88833333333335,92.9,6000
552,27.700000000000003,-114.90000000000002,92.9,3000
553,16.835277777777772,-97.90527777777778,92.9,3000
554,29.325833333333335,-100.93083333333333,92.9,3000
555,24.047777777777785,-104.62944444444445,92.9,3000
556,19.050000000000004,-98.20000000000002,92.9,3000
557,17.28333333333334,-96.61666666666667,92.9,3000
558,20.97777777777777,-89.61666666666667,92.9,1000
559,20.97777777777777,-89.61666666666667,92.9,1000
560,20.97777777777777,-89.61666666666667,92.9,1000
561,19.683333333333334,-99.01666666666668,92.9,1000
562,16.23944444444444,-95.2136111111111,92.9,500
563,19.050000000000004,-98.20000000000002,92.9,30
564,16.23944444444444,-95.2136111111111,92.9,5
565,16.835277777777772,-97.90527777777778,92.9,0
566,31.727777777777778,-116.69444444444444,92.9,0
567,20.661111111111104,-103.3861111111111,93.1,79800
568,23.200555555555557,-106.42777777777779,93.1,50000
569,26.04833333333334,-98.39222222222222,93.1,50000
570,21.077777777777776,-97.64166666666667,93.1,40000
571,25.561111111111106,-103.43333333333335,93.1,38560
572,29.123888888888892,-110.9463888888889,93.1,25000
573,19.700000000000003,-101.12777777777775,93.1,25000
574,23.075,-109.67500000000003,93.1,25000
575,22.151388888888885,-100.98083333333332,93.1,25000
576,14.92861111111111,-92.27194444444446,93.1,25000
577,18.46111111111111,-97.38333333333335,93.1,15000
578,16.76111111111111,-93.12777777777775,93.1,15000
579,21.164166666666663,-86.84277777777777,93.1,10000
580,18.14444444444444,-94.43333333333335,93.1,10000
581,21.116666666666667,-101.66666666666669,93.1,3000
582,27.95,-101.22777777777777,93.1,3000
583,20.351666666666667,-99.96305555555558,93.1,0
584,18.16111111111111,-100.66666666666669,93.1,0
586,25.64666666666666,-100.31305555555556,93.3,50050
587,15.877777777777776,-97.05,93.3,50000
588,19.29777777777778,-99.65222222222222,93.3,49330
589,19.153888888888886,-96.10833333333333,93.3,30937
590,28.644444444444442,-106.09444444444443,93.3,25000
591,19.24944444444445,-103.70750000000002,93.3,25000
592,30.994444444444444,-110.30000000000001,93.3,15150
593,18.911111111111108,-99.23333333333333,93.3,10000
594,23.767777777777777,-105.3638888888889,93.3,6000
595,19.74194444444445,-88.69916666666667,93.3,6000
596,25.80777777777778,-108.96972222222225,93.3,4000
597,22.76111111111111,-102.51666666666667,93.3,3000
598,18.458888888888886,-88.84444444444445,93.3,3000
599,21.944444444444443,-99.98333333333335,93.3,3000
600,16.527777777777775,-96.98333333333335,93.3,3000
601,27.942222222222217,-110.90472222222225,93.3,1500
602,27.32916666666667,-112.27027777777776,93.3,454
603,28.644444444444442,-106.09444444444443,93.3,250
604,20.86111111111111,-90.39722222222223,93.3,0
605,19.019444444444442,-102.10888888888887,93.3,0
606,21.944444444444443,-99.98333333333335,93.3,0
607,16.955555555555552,-96.4777777777778,93.3,0
609,20.702777777777776,-101.39083333333332,93.5,30000
610,19.66527777777777,-103.46222222222222,93.5,25000
611,20.609166666666663,-105.22972222222221,93.5,25000
612,22.23472222222222,-97.86083333333335,93.5,20390
613,31.31666666666667,-113.54444444444442,93.5,15000
614,25.47222222222222,-101.00083333333332,93.5,15000
615,18.994444444444444,-97.46111111111111,93.5,6000
616,19.194444444444443,-100.14444444444443,93.5,6000
617,25.877777777777776,-97.5111111111111,93.5,3000
618,16.73888888888889,-92.64444444444443,93.5,3000
619,20.648333333333333,-98.65,93.5,3000
620,25.877777777777776,-97.5111111111111,93.5,30
621,25.877777777777776,-97.5111111111111,93.5,30
622,17.59444444444444,-99.17777777777778,93.5,0
623,16.453333333333333,-95.02833333333334,93.5,0
624,25.877777777777776,-97.5111111111111,93.5,0
625,20.200000000000003,-87.46666666666667,93.5,0
626,20.648333333333333,-98.65,93.5,0
627,20.97777777777777,-89.61666666666667,93.7,100000
628,19.533611111111114,-99.12999999999998,93.7,60480
629,21.920000000000005,-102.2663888888889,93.7,56700
630,28.227777777777774,-105.46666666666667,93.7,50000
631,16.91222222222222,-99.89555555555557,93.7,30500
632,24.827777777777776,-100.06666666666668,93.7,25000
633,25.538888888888888,-108.46333333333334,93.7,25000
634,17.700000000000003,-92.80000000000001,93.7,25000
635,17.050000000000004,-96.71666666666668,93.7,25000
636,19.421944444444442,-102.06444444444445,93.7,25000
637,19.05138888888889,-104.2936111111111,93.7,15000
638,21.500000000000004,-104.90000000000002,93.7,10000
639,17.9875,-92.9113888888889,93.7,6000
640,24.788888888888895,-107.38388888888889,93.7,3000
641,17.46111111111111,-98.0,93.7,3000
642,27.111111111111107,-109.43333333333335,93.7,2830
643,19.533611111111114,-99.12999999999998,93.7,604
644,24.208333333333336,-105.50416666666668,93.7,0
645,31.891111111111115,-116.63166666666666,93.7,0
646,16.116666666666667,-92.69444444444444,93.7,0
647,31.91666666666667,-116.30000000000001,93.7,0
648,32.48694444444445,-116.99472222222222,93.7,0
649,18.61666666666667,-95.66666666666669,93.7,0
650,20.600555555555555,-103.365,93.9,88430
651,16.76111111111111,-93.12777777777775,93.9,59000
652,19.700000000000003,-101.12777777777775,93.9,28960
653,17.944444444444443,-94.90000000000002,93.9,25000
654,18.646388888888886,-91.83805555555556,93.9,25000
655,22.824999999999996,-99.00972222222222,93.9,25000
656,14.92861111111111,-92.27194444444446,93.9,25000
657,25.561111111111106,-103.43333333333335,93.9,25000
658,17.961111111111116,-102.20000000000002,93.9,19700
659,18.350000000000005,-99.54444444444442,93.9,15000
660,20.738333333333337,-97.51916666666668,93.9,14490
661,23.200555555555557,-106.42777777777779,93.9,10000
662,29.07305555555556,-110.95055555555555,93.9,9570
663,28.347222222222218,-100.85416666666666,93.9,6000
664,20.606111111111115,-100.36888888888888,93.9,6000
665,26.39166666666667,-99.07916666666667,93.9,3000
666,26.944444444444443,-101.46111111111111,93.9,3000
667,21.160555555555558,-101.71555555555557,93.9,3000
668,31.01666666666667,-114.85000000000001,93.9,3000
669,32.46666666666667,-114.77777777777776,93.9,3000
670,18.46111111111111,-97.38333333333335,93.9,3000
671,20.468888888888884,-86.89972222222222,93.9,100
672,32.70000000000001,-114.74444444444444,93.9,0
673,15.877777777777776,-97.05,94.1,30000
674,28.644444444444442,-106.06666666666668,94.1,25000
675,25.76666666666667,-108.97777777777777,94.1,25000
676,25.64666666666666,-100.31305555555556,94.1,25000
677,22.151388888888885,-100.98083333333332,94.1,25000
678,19.063055555555557,-98.21444444444447,94.1,20000
679,17.266666666666666,-97.69444444444444,94.1,15000
680,19.196111111111108,-96.13555555555556,94.1,10000
681,17.9875,-92.9113888888889,94.1,10000
682,19.994444444444444,-102.27777777777777,94.1,6000
683,24.04722222222222,-104.63222222222223,94.1,3000
684,27.97777777777777,-114.03305555555556,94.1,3000
685,16.54722222222222,-95.08611111111111,94.1,3000
686,27.49333333333334,-99.51555555555555,94.1,3000
687,24.76833333333333,-107.5838888888889,94.1,1500
688,18.91666666666667,-99.23333333333333,94.1,500
689,21.000555555555554,-98.65722222222223,94.1,100
690,19.416666666666668,-99.41666666666667,94.1,20
691,19.416666666666668,-99.41666666666667,94.1,20
692,19.416666666666668,-99.41666666666667,94.1,20
693,19.416666666666668,-99.41666666666667,94.1,20
694,19.416666666666668,-99.41666666666667,94.1,20
695,24.76833333333333,-107.5838888888889,94.1,15
696,24.76833333333333,-107.5838888888889,94.1,15
697,21.994444444444444,-99.01666666666668,94.1,0
698,19.99722222222222,-96.78055555555557,94.1,0
699,20.96944444444444,-89.62277777777778,94.1,0
700,16.23388888888889,-93.89861111111111,94.3,25000
701,22.850000000000005,-105.80000000000001,94.3,25000
702,20.68777777777778,-101.35583333333335,94.3,25000
703,19.590277777777775,-98.55222222222221,94.3,15000
704,19.050000000000004,-102.27777777777777,94.3,10000
705,20.609166666666663,-105.22972222222221,94.3,10000
706,20.194444444444443,-96.87777777777777,94.3,6000
707,19.66527777777777,-103.46222222222222,94.3,1830
708,18.14444444444444,-97.09444444444443,94.3,245
709,27.683333333333334,-101.30000000000001,94.3,100
710,23.213055555555556,-102.88833333333335,94.3,50
711,23.213055555555556,-102.88833333333335,94.3,0
712,18.083333333333336,-92.14444444444443,94.3,0
713,19.8975,-100.44972222222223,94.3,0
714,20.229999999999993,-99.22777777777777,94.3,0
715,30.994444444444444,-116.1,94.3,0
716,20.827777777777776,-102.76111111111109,94.3,0
717,20.648333333333333,-98.65,94.3,0
718,19.533611111111114,-99.12999999999998,94.5,100000
719,28.227777777777774,-105.46666666666667,94.5,50000
720,22.23472222222222,-97.86083333333335,94.5,50000
721,16.91222222222222,-99.89555555555557,94.5,31000
722,21.91305555555555,-102.31583333333332,94.5,25000
723,21.944444444444443,-99.98333333333335,94.5,25000
724,21.827777777777776,-105.20000000000002,94.5,25000
725,32.473888888888894,-116.89777777777779,94.5,20000
726,18.883333333333336,-96.93333333333334,94.5,15000
727,24.02361111111111,-99.25833333333335,94.5,14750
728,20.97777777777777,-89.61666666666667,94.5,10000
729,30.729999999999997,-112.15861111111114,94.5,3000
730,25.538888888888888,-108.46333333333334,94.5,3000
731,28.700000000000003,-100.51666666666667,94.5,3000
732,17.111111111111107,-96.06666666666668,94.5,3000
733,19.233333333333334,-101.45833333333333,94.5,3000
734,21.144444444444442,-88.15000000000002,94.5,3000
735,24.788888888888895,-107.38388888888889,94.5,2350
736,19.533611111111114,-99.12999999999998,94.5,1000
737,19.533611111111114,-99.12999999999998,94.5,1000
738,19.533611111111114,-99.12999999999998,94.5,1000
739,17.111111111111107,-96.06666666666668,94.5,30
740,18.19888888888889,-98.0513888888889,94.5,0
741,17.266666666666666,-97.69444444444444,94.5,0
742,20.606111111111115,-100.36888888888888,94.7,70000
743,22.76111111111111,-102.51666666666667,94.7,50000
744,20.676388888888894,-103.38277777777779,94.7,29950
745,25.561111111111106,-103.43333333333335,94.7,29650
746,26.944444444444443,-101.46111111111111,94.7,25000
747,25.543611111111108,-103.49194444444443,94.7,25000
748,23.200555555555557,-106.42777777777779,94.7,25000
749,21.266666666666666,-98.30000000000001,94.7,25000
750,14.92861111111111,-92.27194444444446,94.7,25000
751,29.07305555555556,-110.95055555555555,94.7,15400
752,31.891111111111115,-116.63166666666666,94.7,3000
753,17.961111111111116,-102.20000000000002,94.7,3000
754,17.561111111111106,-99.5111111111111,94.7,2778
755,27.111111111111107,-109.43333333333335,94.7,1648
756,16.76111111111111,-93.12777777777775,94.7,680
757,30.34444444444444,-110.17777777777776,94.7,590
758,29.683333333333334,-110.97777777777777,94.7,590
759,29.76111111111111,-109.30000000000001,94.7,590
760,30.79444444444444,-110.87777777777777,94.7,590
761,29.8,-109.66666666666669,94.7,590
762,29.683333333333334,-108.97777777777777,94.7,590
763,29.050000000000004,-109.23333333333333,94.7,590
764,29.311111111111114,-109.74444444444444,94.7,590
765,30.533333333333335,-111.12222222222222,94.7,590
766,28.377777777777776,-108.92777777777778,94.7,590
767,25.561111111111106,-103.43333333333335,94.7,296
768,31.891111111111115,-116.63166666666666,94.7,30
769,17.961111111111116,-102.20000000000002,94.7,0
770,19.411111111111108,-102.14444444444443,94.7,0
771,17.34444444444444,-98.01666666666668,94.7,0
772,20.200000000000003,-87.46666666666667,94.7,0
774,19.053888888888892,-98.225,94.9,50000
775,17.9875,-92.9113888888889,94.9,50000
776,21.164166666666663,-86.84277777777777,94.9,25000
777,28.8,-106.20000000000002,94.9,25000
778,17.050000000000004,-96.71666666666668,94.9,25000
779,18.75555555555556,-96.12777777777777,94.9,25000
780,22.23472222222222,-97.86083333333335,94.9,12500
781,18.911111111111108,-99.23333333333333,94.9,10000
782,26.91666666666667,-105.65,94.9,10000
783,25.650277777777777,-100.28944444444446,94.9,10000
784,20.49444444444444,-99.23333333333333,94.9,6000
785,22.733333333333338,-98.96111111111111,94.9,3000
786,19.24944444444445,-103.70750000000002,94.9,3000
787,16.130555555555553,-97.60694444444444,94.9,3000
788,21.164166666666663,-86.84277777777777,94.9,250
789,16.20888888888889,-92.11555555555556,94.9,0
790,16.20888888888889,-92.11555555555556,94.9,0
791,24.03,-104.61749999999999,94.9,0
792,19.51638888888889,-101.60972222222222,94.9,0
793,21.245833333333337,-102.33083333333332,94.9,0
794,18.233333333333334,-94.87777777777777,94.9,0
795,20.677777777777777,-101.34805555555553,95.1,36000
796,23.213055555555556,-102.88833333333335,95.1,33200
797,15.444444444444443,-92.90000000000002,95.1,29680
798,24.131388888888885,-110.27777777777779,95.1,25000
799,19.050000000000004,-102.27777777777777,95.1,10000
800,19.411111111111108,-100.37777777777777,95.1,10000
801,30.698611111111116,-116.00527777777779,95.1,6000
802,19.827777777777776,-97.36111111111109,95.1,6000
803,25.46666666666667,-108.07500000000002,95.1,3000
804,21.644444444444442,-102.97777777777777,95.1,3000
805,27.969999999999995,-107.60027777777778,95.1,3000
806,19.66527777777777,-103.46222222222222,95.1,1000
807,19.55611111111111,-88.04194444444444,95.1,0
808,19.55611111111111,-88.04194444444444,95.1,0
809,16.453333333333333,-95.02833333333334,95.1,0
810,18.116666666666667,-95.88333333333334,95.1,0
811,17.14444444444444,-93.32777777777777,95.1,0
812,24.850000000000005,-99.56666666666668,95.3,100000
813,19.34388888888889,-99.09000000000002,95.3,90000
814,22.151388888888885,-100.98083333333332,95.3,31600
815,22.23472222222222,-97.86083333333335,95.3,30410
816,16.875277777777775,-99.91611111111112,95.3,25000
817,30.729999999999997,-112.15861111111114,95.3,25000
818,28.227777777777774,-105.46666666666667,95.3,25000
819,19.050000000000004,-104.33333333333334,95.3,25000
820,17.986944444444447,-94.54361111111112,95.3,25000
821,16.76111111111111,-92.64444444444443,95.3,25000
822,21.500000000000004,-104.90000000000002,95.3,13400
823,24.829166666666662,-107.40583333333332,95.3,12810
824,20.934722222222227,-89.55805555555554,95.3,10000
825,18.521111111111107,-88.28777777777778,95.3,9240
826,26.416666666666668,-108.61666666666667,95.3,6000
827,18.75555555555556,-96.12777777777777,95.3,6000
828,26.08666666666667,-98.27194444444446,95.3,6000
829,17.655277777777776,-101.57416666666664,95.3,5000
830,27.01666666666667,-100.5111111111111,95.3,4000
831,32.31388888888889,-116.66555555555557,95.3,4000
832,19.700000000000003,-101.12777777777775,95.3,3000
833,17.79444444444444,-96.32777777777777,95.3,3000
834,18.19888888888889,-98.0513888888889,95.3,2000
835,21.164166666666663,-86.84277777777777,95.3,0
836,16.56722222222222,-96.73083333333335,95.3,0
837,21.527777777777775,-102.23333333333333,95.3,0
838,16.23944444444444,-95.2136111111111,95.3,0
839,18.500000000000004,-99.56666666666668,95.3,0
840,20.279166666666665,-97.96138888888889,95.3,0
841,20.68138888888889,-103.42444444444443,95.5,88433
842,20.586388888888884,-100.39555555555555,95.5,50000
843,18.646388888888886,-91.83805555555556,95.5,25000
844,18.583333333333336,-100.88333333333334,95.5,25000
845,14.92861111111111,-92.27194444444446,95.5,25000
846,18.91666666666667,-98.17777777777776,95.5,14860
847,27.111111111111107,-109.43333333333335,95.5,12300
848,25.561111111111106,-103.43333333333335,95.5,12000
849,19.585555555555555,-97.00777777777776,95.5,10000
850,29.123888888888892,-110.9463888888889,95.5,4300
851,29.325833333333335,-100.93083333333333,95.5,3520
852,31.891111111111115,-116.63166666666666,95.5,3080
853,21.116666666666667,-101.66666666666669,95.5,3000
854,19.191666666666666,-98.00166666666668,95.5,3000
855,22.79444444444444,-102.59444444444442,95.5,3000
856,18.797222222222228,-103.15555555555555,95.5,2970
857,30.622222222222224,-110.96111111111111,95.5,531
858,14.92861111111111,-92.27194444444446,95.5,250
859,32.620000000000005,-115.39638888888891,95.5,100
860,19.585555555555555,-97.00777777777776,95.5,100
861,19.191666666666666,-98.00166666666668,95.5,30
862,19.191666666666666,-98.00166666666668,95.5,30
863,19.200000000000003,-99.46666666666667,95.5,0
864,31.01666666666667,-114.85000000000001,95.5,0
865,25.64666666666666,-100.31305555555556,95.7,100000
866,18.25833333333333,-94.87916666666666,95.7,50000
867,18.978888888888882,-99.24555555555557,95.7,31190
868,21.920000000000005,-102.2663888888889,95.7,25000
869,27.136944444444442,-114.30000000000001,95.7,25000
870,28.644444444444442,-106.06666666666668,95.7,25000
871,28.644444444444442,-106.06666666666668,95.7,25000
872,22.733333333333338,-98.96111111111111,95.7,25000
873,24.03,-104.61749999999999,95.7,25000
874,17.961111111111116,-102.20000000000002,95.7,25000
875,26.01666666666667,-111.3583333333333,95.7,25000
876,17.050000000000004,-96.71666666666668,95.7,25000
877,27.32916666666667,-112.27027777777776,95.7,25000
878,17.9875,-92.9113888888889,95.7,25000
879,19.8,-99.87777777777777,95.7,3000
880,20.14444444444444,-101.20000000000002,95.7,3000
881,18.200000000000003,-97.66666666666669,95.7,3000
882,27.49333333333334,-99.51555555555555,95.7,2770
883,20.123333333333328,-98.73500000000001,95.7,2750
884,16.20888888888889,-92.11555555555556,95.7,1970
885,16.90833333333333,-92.09305555555555,95.7,1000
886,28.644444444444442,-106.06666666666668,95.7,250
887,19.50694444444444,-99.13916666666667,95.7,100
888,19.238888888888887,-104.58083333333333,95.7,0
889,16.733333333333338,-93.71666666666668,95.7,0
890,26.416666666666668,-108.61666666666667,95.7,0
891,16.73888888888889,-92.64444444444443,95.7,0
892,16.345555555555553,-95.21027777777778,95.7,0
893,20.609166666666663,-105.22972222222221,95.9,25000
894,28.233333333333334,-100.74444444444444,95.9,25000
895,19.46666666666667,-97.69444444444444,95.9,15000
896,24.131388888888885,-110.27777777777779,95.9,9800
897,17.266666666666666,-97.69444444444444,95.9,6000
898,26.39166666666667,-99.07916666666667,95.9,3000
899,19.994444444444444,-102.71666666666668,95.9,3000
900,21.160555555555558,-101.71555555555557,95.9,3000
901,19.233333333333334,-101.45833333333333,95.9,3000
902,20.61666666666667,-103.28333333333333,95.9,2000
903,20.61666666666667,-103.28333333333333,95.9,20
904,20.883333333333336,-89.88333333333334,95.9,10
905,20.690833333333337,-99.81888888888886,95.9,0
906,31.891111111111115,-116.63166666666666,95.9,0
907,30.698611111111116,-116.00527777777779,95.9,0
908,28.233333333333334,-100.74444444444444,95.9,0
909,19.207222222222217,-99.25805555555556,96.1,100000
910,16.76111111111111,-93.12777777777775,96.1,30500
911,16.875277777777775,-99.91611111111112,96.1,25000
912,27.683333333333334,-105.17777777777776,96.1,25000
913,18.883333333333336,-96.93333333333334,96.1,25000
914,19.050000000000004,-104.33333333333334,96.1,25000
915,18.500000000000004,-99.56666666666668,96.1,25000
916,22.151388888888885,-100.98083333333332,96.1,15360
917,17.050000000000004,-96.71666666666668,96.1,15000
918,29.200000000000003,-108.12777777777775,96.1,10000
919,23.709722222222222,-99.12250000000002,96.1,10000
920,21.527777777777775,-104.88333333333334,96.1,10000
921,24.826944444444447,-107.38138888888889,96.1,3000
922,27.49333333333334,-99.51555555555555,96.1,3000
923,17.9875,-92.9113888888889,96.1,3000
924,19.833333333333332,-101.71666666666668,96.1,3000
925,22.23472222222222,-97.86083333333335,96.1,1797
926,22.76111111111111,-102.51666666666667,96.1,1120
927,19.191666666666666,-98.00166666666668,96.1,1000
928,25.76666666666667,-108.97777777777777,96.1,450
929,27.49333333333334,-99.51555555555555,96.1,30
930,27.49333333333334,-99.51555555555555,96.1,30
931,27.49333333333334,-99.51555555555555,96.1,30
932,19.191666666666666,-98.00166666666668,96.1,10
933,19.191666666666666,-98.00166666666668,96.1,10
934,19.191666666666666,-98.00166666666668,96.1,10
935,20.350000000000005,-102.0,96.1,0
936,20.638888888888893,-87.07500000000002,96.1,0
937,20.638888888888893,-87.07500000000002,96.1,0
938,21.245833333333337,-102.33083333333332,96.1,0
939,20.65,-103.32777777777777,96.3,29720
940,14.92861111111111,-92.27194444444446,96.3,25000
941,23.075,-109.67500000000003,96.3,14400
942,16.23944444444444,-95.2136111111111,96.3,10400
943,26.911111111111108,-101.41666666666667,96.3,10000
944,19.700000000000003,-101.12777777777775,96.3,10000
945,21.16111111111111,-100.93333333333334,96.3,6000
946,21.144444444444442,-88.15000000000002,96.3,6000
947,29.07305555555556,-110.95055555555555,96.3,3000
948,25.561111111111106,-103.43333333333335,96.3,2800
949,19.93611111111111,-105.2472222222222,96.3,1000
950,16.23944444444444,-95.2136111111111,96.3,104
951,16.23944444444444,-95.2136111111111,96.3,104
952,16.23944444444444,-95.2136111111111,96.3,104
953,16.95,-96.75000000000001,96.3,20
954,18.75555555555556,-96.12777777777777,96.3,0
955,21.266666666666666,-98.30000000000001,96.3,0
956,31.01666666666667,-114.85000000000001,96.3,0
957,25.724166666666665,-99.71694444444444,96.5,100000
958,22.82555555555556,-102.55583333333333,96.5,100000
959,24.03,-104.61749999999999,96.5,50000
960,17.9875,-92.9113888888889,96.5,50000
961,31.879444444444445,-112.84249999999999,96.5,40560
962,18.75555555555556,-96.12777777777777,96.5,39330
963,27.700000000000003,-114.90000000000002,96.5,25000
964,28.644444444444442,-106.06666666666668,96.5,25000
965,23.677777777777774,-100.17777777777776,96.5,25000
966,25.76666666666667,-108.97777777777777,96.5,25000
967,19.31666666666667,-97.92777777777778,96.5,20000
968,18.911111111111108,-99.23333333333333,96.5,12487
969,20.49444444444444,-99.23333333333333,96.5,5060
970,17.46666666666667,-97.23333333333333,96.5,3000
971,19.416666666666668,-99.41666666666667,96.5,3000
972,16.28333333333334,-97.82777777777775,96.5,3000
973,18.920000000000005,-100.29833333333332,96.5,1500
974,20.608333333333334,-101.65833333333335,96.5,50
975,19.416666666666668,-99.41666666666667,96.5,30
976,20.733333333333338,-89.74444444444444,96.5,10
977,32.51666666666667,-114.90000000000002,96.5,0
978,19.416666666666668,-99.41666666666667,96.5,0
979,31.291666666666664,-110.99666666666668,96.7,38400
980,19.66527777777777,-103.46222222222222,96.7,30800
981,20.738333333333337,-97.51916666666668,96.7,25000
982,24.131388888888885,-110.27777777777779,96.7,9770
983,19.83222222222222,-90.51555555555555,96.7,6000
984,20.259444444444448,-100.88833333333335,96.7,6000
985,27.49333333333334,-99.51555555555555,96.7,3000
986,28.68666666666667,-100.55083333333332,96.7,3000
987,20.827777777777776,-102.76111111111109,96.7,3000
988,19.411111111111108,-100.37777777777777,96.7,2650
989,19.55611111111111,-88.04194444444444,96.7,2183
990,21.160555555555558,-101.71555555555557,96.7,1000
991,16.01666666666667,-95.66666666666669,96.7,245
992,27.49333333333334,-99.51555555555555,96.7,30
993,16.01666666666667,-95.66666666666669,96.7,2
994,17.851111111111113,-99.71222222222224,96.7,0
995,30.698611111111116,-116.00527777777779,96.7,0
996,26.91666666666667,-105.65,96.9,100000
997,19.39444444444445,-99.17388888888888,96.9,51190
998,32.635555555555555,-115.45444444444446,96.9,50000
999,22.16111111111111,-100.98333333333335,96.9,41890
1000,16.91222222222222,-99.89555555555557,96.9,30500
1001,22.23472222222222,-97.86083333333335,96.9,28800
1002,27.49305555555556,-109.94694444444443,96.9,25000
1003,24.788888888888895,-107.38388888888889,96.9,25000
1004,23.65,-100.65,96.9,25000
1005,18.111111111111107,-96.12777777777775,96.9,25000
1006,17.050000000000004,-96.71666666666668,96.9,18000
1007,19.585555555555555,-97.00777777777776,96.9,14330
1008,19.04222222222222,-98.195,96.9,10000
1009,24.850000000000005,-99.56666666666668,96.9,6000
1010,16.76111111111111,-93.12777777777775,96.9,3290
1011,19.833333333333332,-101.71666666666668,96.9,3000
1012,31.891111111111115,-116.63166666666666,96.9,2930
1013,20.96944444444444,-89.62277777777778,96.9,2000
1014,17.050000000000004,-96.71666666666668,96.9,180
1015,31.891111111111115,-116.63166666666666,96.9,29
1016,32.70000000000001,-114.74444444444444,96.9,0
1017,19.82361111111111,-101.04,96.9,0
1018,20.383333333333333,-100.0,97.1,61040
1019,20.680000000000007,-103.38416666666667,97.1,57600
1020,29.123888888888892,-110.9463888888889,97.1,25000
1021,15.16111111111111,-92.46666666666667,97.1,25000
1022,26.911111111111108,-101.41666666666667,97.1,25000
1023,23.727777777777778,-102.97777777777777,97.1,25000
1024,25.561111111111106,-103.43333333333335,97.1,20000
1025,27.49333333333334,-99.51555555555555,97.1,12500
1026,20.083333333333336,-98.37777777777777,97.1,6000
1027,23.200555555555557,-106.42777777777779,97.1,3000
1028,17.65,-99.525,97.1,3000
1029,16.23944444444444,-95.2136111111111,97.1,2940
1030,17.561111111111106,-99.5111111111111,97.1,1000
1031,18.19888888888889,-98.0513888888889,97.1,0
1032,18.19888888888889,-98.0513888888889,97.1,0
1033,29.325833333333335,-100.93083333333333,97.1,0
1034,19.019444444444442,-102.10888888888887,97.1,0
1035,20.606111111111115,-100.36888888888888,97.1,0
1036,31.01666666666667,-114.85000000000001,97.1,0
1037,16.24444444444444,-92.36111111111109,97.1,0
1038,25.64666666666666,-100.31305555555556,97.3,95445
1039,21.881944444444446,-102.29111111111109,97.3,56700
1040,18.978888888888882,-99.24555555555557,97.3,31170
1041,28.8,-106.20000000000002,97.3,30000
1042,31.308333333333334,-109.54166666666664,97.3,25000
1043,19.83222222222222,-90.51555555555555,97.3,25000
1044,21.266666666666666,-98.79444444444444,97.3,25000
1045,17.9875,-92.9113888888889,97.3,14290
1046,28.49444444444444,-100.92777777777778,97.3,6000
1047,18.14444444444444,-96.85000000000001,97.3,3000
1048,18.850000000000005,-97.1,97.3,3000
1049,16.34222222222222,-98.06111111111113,97.3,3000
1050,19.116666666666667,-98.77777777777776,97.3,300
1051,19.911111111111108,-99.36111111111109,97.3,200
1052,20.46111111111111,-97.09444444444443,97.3,0
1053,18.14444444444444,-96.85000000000001,97.3,0
1054,25.76666666666667,-108.97777777777777,97.3,0
1055,19.700000000000003,-101.12777777777775,97.3,0
1056,19.416666666666668,-99.04444444444444,97.3,0
1057,32.5611111111111,-114.98333333333335,97.3,0
1058,28.49444444444444,-100.92777777777778,97.3,0
1059,21.160555555555558,-101.71555555555557,97.5,31540
1060,27.683333333333334,-105.17777777777776,97.5,25000
1061,25.04444444444444,-111.65,97.5,25000
1062,19.683333333333334,-103.48333333333335,97.5,25000
1063,24.131388888888885,-110.27777777777779,97.5,25000
1064,20.194444444444443,-98.05,97.5,6000
1065,23.709722222222222,-99.12250000000002,97.5,5380
1066,19.050000000000004,-102.27777777777777,97.5,3000
1067,21.164166666666663,-86.84277777777777,97.5,3000
1068,20.76666666666667,-104.09444444444443,97.5,3000
1069,25.561111111111106,-103.43333333333335,97.5,3000
1070,31.291666666666664,-110.99666666666668,97.5,1610
1071,21.164166666666663,-86.84277777777777,97.5,30
1072,20.609166666666663,-105.22972222222221,97.5,0
1073,30.698611111111116,-116.00527777777779,97.5,0
1074,17.911111111111108,-99.69444444444444,97.5,0
1075,19.533611111111114,-99.12999999999998,97.7,99710
1076,16.91222222222222,-99.89555555555557,97.7,91500
1077,20.97777777777777,-89.61666666666667,97.7,80000
1078,22.151388888888885,-100.98083333333332,97.7,50000
1079,21.500000000000004,-104.90000000000002,97.7,50000
1080,19.585555555555555,-97.00777777777776,97.7,50000
1081,22.23472222222222,-97.86083333333335,97.7,29190
1082,27.49305555555556,-109.94694444444443,97.7,25000
1083,24.788888888888895,-107.38388888888889,97.7,25000
1084,19.050000000000004,-104.33333333333334,97.7,25000
1085,29.561111111111106,-104.41666666666667,97.7,25000
1086,27.850000000000005,-101.12777777777775,97.7,25000
1087,18.521111111111107,-88.28777777777778,97.7,10000
1088,19.833333333333332,-101.71666666666668,97.7,6000
1089,17.050000000000004,-96.71666666666668,97.7,5000
1090,25.200000000000003,-99.82777777777775,97.7,3000
1091,16.76111111111111,-93.12777777777775,97.7,3000
1092,25.873611111111114,-97.50861111111111,97.7,2860
1093,25.47222222222222,-101.00083333333332,97.7,2850
1094,26.533333333333335,-100.5111111111111,97.7,2380
1095,30.994444444444444,-110.30000000000001,97.7,1210
1096,19.533611111111114,-99.12999999999998,97.7,997
1097,19.533611111111114,-99.12999999999998,97.7,997
1098,26.49444444444444,-100.17777777777776,97.7,0
1099,20.606111111111115,-100.36888888888888,97.9,100000
1100,20.756111111111114,-103.2411111111111,97.9,98200
1101,23.200555555555557,-106.42777777777779,97.9,25000
1102,31.87277777777778,-116.63138888888886,97.9,10000
1103,14.92861111111111,-92.27194444444446,97.9,3200
1104,28.690277777777784,-100.51944444444446,97.9,3000
1105,25.561111111111106,-103.43333333333335,97.9,3000
1106,22.82555555555556,-102.55583333333333,97.9,2811
1107,18.877777777777776,-97.6111111111111,97.9,250
1108,32.70000000000001,-114.74444444444444,97.9,0
1109,20.971944444444446,-98.17222222222223,97.9,0
1110,31.891111111111115,-116.63166666666666,97.9,0
1111,18.14444444444444,-93.09444444444443,97.9,0
1112,29.727777777777778,-115.14444444444443,97.9,0
1113,20.638888888888893,-87.07500000000002,98.1,50000
1114,19.283888888888892,-98.43583333333335,98.1,50000
1115,22.350000000000005,-105.51666666666667,98.1,25000
1116,21.994444444444444,-99.01666666666668,98.1,25000
1117,24.03,-104.61749999999999,98.1,25000
1118,25.644444444444442,-100.23444444444445,98.1,25000
1119,16.34222222222222,-98.06111111111113,98.1,25000
1120,16.345555555555553,-95.21027777777778,98.1,25000
1121,19.196111111111108,-96.13555555555556,98.1,25000
1122,21.883333333333336,-102.30000000000001,98.1,15000
1123,18.911111111111108,-99.23333333333333,98.1,15000
1124,19.180833333333336,-103.69111111111113,98.1,5000
1125,18.646388888888886,-91.83805555555556,98.1,3000
1126,25.538888888888888,-108.46333333333334,98.1,3000
1127,19.994444444444444,-102.27777777777777,98.1,3000
1128,20.10666666666667,-98.73694444444445,98.1,2415
1129,27.111111111111107,-109.43333333333335,98.1,1000
1130,17.944444444444443,-94.90000000000002,98.1,0
1131,17.46666666666667,-97.23333333333333,98.1,0
1132,17.561111111111106,-99.5111111111111,98.1,0
1133,19.700000000000003,-101.12777777777775,98.1,0
1134,31.67083333333333,-106.51944444444446,98.3,100000
1135,32.553333333333335,-116.02861111111113,98.3,30000
1136,19.050000000000004,-102.27777777777777,98.3,25000
1137,28.416666666666668,-106.87777777777777,98.3,25000
1138,21.644444444444442,-102.97777777777777,98.3,25000
1139,24.131388888888885,-110.27777777777779,98.3,25000
1140,20.609166666666663,-105.22972222222221,98.3,25000
1141,25.76666666666667,-102.98333333333335,98.3,25000
1142,21.14555555555555,-101.7,98.3,20000
1143,30.698611111111116,-116.00527777777779,98.3,14000
1144,17.9875,-92.9113888888889,98.3,9300
1145,19.8975,-100.44972222222223,98.3,3000
1146,20.609166666666663,-105.22972222222221,98.3,250
1147,31.891111111111115,-116.63166666666666,98.3,0
1148,18.827777777777776,-97.06666666666668,98.3,0
1149,18.616944444444446,-100.20805555555556,98.3,0
1150,19.37388888888889,-99.10944444444445,98.5,100000
1151,24.810277777777774,-107.39444444444443,98.5,50529
1152,22.151388888888885,-100.98083333333332,98.5,31600
1153,23.14083333333333,-102.83500000000001,98.5,25000
1154,26.91666666666667,-105.65,98.5,25000
1155,22.23472222222222,-97.86083333333335,98.5,25000
1156,19.59083333333333,-97.09305555555555,98.5,22100
1157,25.724166666666665,-99.71694444444444,98.5,20000
1158,16.76111111111111,-93.12777777777775,98.5,15300
1159,20.97777777777777,-89.61666666666667,98.5,15000
1160,17.071111111111108,-96.73277777777778,98.5,14880
1161,16.875277777777775,-99.91611111111112,98.5,10000
1162,19.833333333333332,-101.71666666666668,98.5,6000
1163,27.49305555555556,-109.94694444444443,98.5,5400
1164,17.655277777777776,-101.57416666666664,98.5,5000
1165,31.308333333333334,-109.54166666666664,98.5,3000
1166,21.527777777777775,-104.88333333333334,98.5,3000
1167,16.12805555555556,-97.60055555555557,98.5,2970
1168,19.37388888888889,-99.10944444444445,98.5,1000
1169,29.07305555555556,-110.95055555555555,98.5,500
1170,18.14444444444444,-94.43333333333335,98.5,0
1171,18.14444444444444,-96.85000000000001,98.5,0
1172,32.28333333333334,-117.01666666666668,98.5,0
1173,31.01666666666667,-114.85000000000001,98.5,0
1174,18.133055555555558,-97.06861111111111,98.5,0
1175,20.600555555555555,-103.365,98.7,100000
1176,20.584444444444443,-100.39805555555554,98.7,39000
1177,22.733333333333338,-98.96111111111111,98.7,25000
1178,17.961111111111116,-102.20000000000002,98.7,25000
1179,18.116666666666667,-95.88333333333334,98.7,25000
1180,23.200555555555557,-106.42777777777779,98.7,25000
1181,14.92861111111111,-92.27194444444446,98.7,25000
1182,19.191666666666666,-98.00166666666668,98.7,20000
1183,18.169444444444444,-93.01833333333332,98.7,6000
1184,17.04444444444444,-97.93333333333334,98.7,6000
1185,30.533333333333335,-111.12222222222222,98.7,6000
1186,28.49444444444444,-100.92777777777778,98.7,3000
1187,25.561111111111106,-103.43333333333335,98.7,2930
1188,26.911111111111108,-101.41666666666667,98.7,748
1189,23.727777777777778,-102.97777777777777,98.7,150
1190,23.727777777777778,-102.97777777777777,98.7,1
1191,17.03666666666667,-92.18833333333335,98.7,0
1192,29.727777777777778,-115.14444444444443,98.7,0
1193,32.50611111111111,-117.03944444444444,98.9,50000
1194,18.646388888888886,-91.83805555555556,98.9,30000
1195,21.920000000000005,-102.2663888888889,98.9,25000
1196,28.227777777777774,-105.46666666666667,98.9,25000
1197,24.03,-104.61749999999999,98.9,25000
1198,25.64666666666666,-100.31305555555556,98.9,25000
1199,18.75555555555556,-96.12777777777777,98.9,25000
1200,20.954444444444444,-89.56888888888889,98.9,25000
1201,25.80777777777778,-108.96972222222225,98.9,15000
1202,20.194444444444443,-98.05,98.9,5600
1203,19.24944444444445,-103.70750000000002,98.9,5000
1204,19.28333333333334,-99.66666666666669,98.9,3190
1205,17.46666666666667,-97.23333333333333,98.9,3000
1206,20.677777777777774,-101.36111111111109,98.9,3000
1207,32.62777777777777,-114.85000000000001,98.9,0
1208,20.0,-100.54444444444442,98.9,0
1209,32.48694444444445,-116.99472222222222,98.9,0
1211,31.879444444444445,-112.84249999999999,99.1,50000
1212,18.882222222222225,-99.05583333333333,99.1,50000
1213,16.20888888888889,-92.11555555555556,99.1,25000
1214,19.944444444444443,-96.83333333333333,99.1,25000
1215,17.9875,-92.9113888888889,99.1,25000
1216,18.46111111111111,-97.38333333333335,99.1,15000
1217,20.351666666666667,-99.96305555555558,99.1,10000
1218,31.67083333333333,-106.51944444444446,99.1,9740
1219,20.512500000000003,-104.03277777777777,99.1,6000
1220,19.050000000000004,-102.27777777777777,99.1,6000
1221,22.879166666666666,-109.92222222222225,99.1,4820
1222,24.131388888888885,-110.27777777777779,99.1,4820
1223,30.365555555555552,-109.68361111111112,99.1,3000
1224,28.68666666666667,-100.55083333333332,99.1,3000
1225,17.34444444444444,-98.01666666666668,99.1,3000
1226,20.827777777777776,-102.76111111111109,99.1,3000
1227,25.04444444444444,-111.65,99.1,2190
1228,27.32916666666667,-112.27027777777776,99.1,2190
1229,19.91666666666667,-103.01666666666668,99.1,1500
1230,27.683333333333334,-114.90000000000002,99.1,1090
1231,27.700000000000003,-114.90000000000002,99.1,1090
1232,27.97777777777777,-114.03305555555556,99.1,1090
1233,26.01666666666667,-111.3583333333333,99.1,1090
1234,25.543611111111108,-103.49194444444443,99.1,0
1235,19.700000000000003,-101.12777777777775,99.1,0
1236,30.698611111111116,-116.00527777777779,99.1,0
1237,16.955555555555552,-96.4777777777778,99.1,0
1238,19.31666666666667,-97.92777777777778,99.1,0
1239,20.97777777777777,-89.61666666666667,99.3,98580
1240,19.34388888888889,-99.09000000000002,99.3,90000
1241,29.533333333333335,-109.54444444444442,99.3,46000
1242,18.521111111111107,-88.28777777777778,99.3,25000
1243,28.644444444444442,-106.06666666666668,99.3,25000
1244,25.46666666666667,-108.07500000000002,99.3,25000
1245,18.077777777777776,-94.4111111111111,99.3,25000
1246,17.050000000000004,-96.71666666666668,99.3,25000
1247,25.47222222222222,-101.00083333333332,99.3,25000
1248,21.527777777777775,-104.88333333333334,99.3,25000
1249,32.50611111111111,-117.03944444444444,99.3,25000
1250,16.76111111111111,-93.12777777777775,99.3,25000
1251,18.533333333333335,-92.65,99.3,19680
1252,18.850000000000005,-97.1,99.3,15000
1253,16.91222222222222,-99.89555555555557,99.3,14460
1254,27.49333333333334,-99.51555555555555,99.3,14330
1255,22.227777777777774,-97.85000000000001,99.3,12500
1256,27.49305555555556,-109.94694444444443,99.3,10000
1257,21.160555555555558,-101.71555555555557,99.3,10000
1258,22.79444444444444,-102.59444444444442,99.3,10000
1259,23.709722222222222,-99.12250000000002,99.3,5380
1260,21.164166666666663,-86.84277777777777,99.3,3000
1261,16.233333333333334,-97.30000000000001,99.3,3000
1262,22.151388888888885,-100.98083333333332,99.3,1886
1263,27.49333333333334,-99.51555555555555,99.3,143
1264,19.500000000000004,-101.87777777777777,99.3,30
1265,20.259444444444448,-100.88833333333335,99.3,0
1266,16.233333333333334,-97.30000000000001,99.3,0
1267,16.233333333333334,-97.30000000000001,99.3,0
1268,16.345555555555553,-95.21027777777778,99.3,0
1269,20.685277777777774,-103.39,99.5,28390
1270,25.543611111111108,-103.49194444444443,99.5,25000
1271,14.92861111111111,-92.27194444444446,99.5,25000
1272,23.200555555555557,-106.42777777777779,99.5,14100
1273,20.738333333333337,-97.51916666666668,99.5,10000
1274,17.758055555555554,-92.59416666666665,99.5,6000
1275,20.259444444444448,-100.88833333333335,99.5,6000
1276,29.123888888888892,-110.9463888888889,99.5,3000
1277,19.312222222222225,-98.24055555555556,99.5,3000
1278,29.833333333333332,-107.48333333333335,99.5,2980
1279,20.733333333333338,-99.38333333333335,99.5,2800
1280,27.942222222222217,-110.90472222222225,99.5,2210
1281,26.911111111111108,-101.41666666666667,99.5,1910
1282,17.97777777777777,-97.01666666666668,99.5,245
1283,31.891111111111115,-116.63166666666666,99.5,0
1284,18.833333333333332,-99.69444444444444,99.5,0
1285,29.727777777777778,-115.14444444444443,99.5,0
1286,19.911111111111108,-102.14444444444443,99.5,0
1287,25.67083333333333,-100.31083333333332,99.7,50530
1288,18.75555555555556,-96.12777777777777,99.7,49500
1289,17.758055555555554,-92.59416666666665,99.7,31540
1290,32.473888888888894,-116.89777777777779,99.7,30000
1291,21.994444444444444,-99.01666666666668,99.7,25000
1292,19.24944444444445,-103.70750000000002,99.7,25000
1293,17.961111111111116,-102.20000000000002,99.7,25000
1294,25.76666666666667,-108.97777777777777,99.7,25000
1295,24.03,-104.61749999999999,99.7,14850
1296,19.80777777777778,-97.38388888888889,99.7,6000
1297,21.850000000000005,-102.71666666666668,99.7,3000
1298,17.561111111111106,-99.5111111111111,99.7,3000
1299,29.325833333333335,-100.93083333333333,99.7,3000
1300,19.683333333333334,-100.56666666666668,99.7,3000
1301,18.646388888888886,-91.83805555555556,99.7,3000
1302,20.096666666666668,-98.71388888888889,99.7,3000
1303,19.416666666666668,-102.05,99.7,3000
1304,21.13,-98.4211111111111,99.7,2800
1305,20.411111111111108,-98.20000000000002,99.7,2800
1306,19.285833333333333,-99.65305555555554,99.7,2670
1307,32.473888888888894,-116.89777777777779,99.7,300
1308,20.638888888888893,-87.07500000000002,99.7,100
1309,18.84805555555555,-98.93805555555556,99.7,0
1310,17.961111111111116,-102.20000000000002,99.7,0
1311,20.125555555555557,-88.93638888888889,99.7,0
1312,27.850000000000005,-101.12777777777775,99.7,0
1313,17.74166666666667,-91.77777777777776,99.9,80000
1314,28.416666666666668,-106.87777777777777,99.9,50000
1315,21.123055555555553,-101.68861111111113,99.9,50000
1316,20.609166666666663,-105.22972222222221,99.9,50000
1317,31.308333333333334,-109.54166666666664,99.9,27400
1318,15.727777777777776,-96.46666666666667,99.9,25000
1319,28.699444444444445,-100.54444444444442,99.9,21690
1320,18.611111111111107,-98.46666666666667,99.9,6000
1321,18.47222222222222,-97.39500000000001,99.9,2730
1322,25.561111111111106,-103.43333333333335,99.9,600
1323,26.833333333333332,-100.66666666666669,99.9,100
1324,20.677777777777774,-103.33333333333334,99.9,0
1325,24.131388888888885,-110.27777777777779,99.9,0
1326,30.698611111111116,-116.00527777777779,99.9,0
1327,16.500000000000004,-95.46111111111111,99.9,0
1328,15.55,-92.33333333333334,99.9,0
1329,19.794444444444448,-101.17777777777778,99.9,0
1330,19.533611111111114,-99.12999999999998,100.1,80000
1331,18.14444444444444,-94.43333333333335,100.1,52470
1332,30.729999999999997,-112.15861111111114,100.1,50000
1333,22.16111111111111,-100.98333333333335,100.1,41890
1334,24.810277777777774,-107.39444444444443,100.1,31300
1335,22.23472222222222,-97.86083333333335,100.1,30400
1336,26.91666666666667,-105.65,100.1,25000
1337,29.561111111111106,-104.41666666666667,100.1,25000
1338,21.266666666666666,-98.30000000000001,100.1,25000
1339,16.76111111111111,-93.12777777777775,100.1,25000
1340,21.920000000000005,-102.2663888888889,100.1,15000
1341,18.872499999999995,-99.20055555555555,100.1,15000
1342,20.97777777777777,-89.61666666666667,100.1,15000
1343,16.91222222222222,-99.89555555555557,100.1,14460
1344,19.238888888888887,-104.58083333333333,100.1,10000
1345,19.050000000000004,-104.33333333333334,100.1,10000
1346,17.071111111111108,-96.73277777777778,100.1,9550
1347,17.8,-97.77777777777776,100.1,3000
1348,25.200000000000003,-99.82777777777775,100.1,3000
1349,25.47222222222222,-101.00083333333332,100.1,3000
1350,16.20888888888889,-92.11555555555556,100.1,1000
1351,18.521111111111107,-88.28777777777778,100.1,100
1352,21.111111111111107,-87.48333333333335,100.1,100
1353,20.200000000000003,-87.46666666666667,100.1,100
1354,27.49305555555556,-109.94694444444443,100.1,0
1355,18.116666666666667,-95.88333333333334,100.1,0
1356,25.561111111111106,-103.43333333333335,100.1,0
1357,20.600555555555555,-103.365,100.3,97000
1358,19.83222222222222,-90.51555555555555,100.3,39800
1359,25.561111111111106,-103.43333333333335,100.3,30000
1360,23.200555555555557,-106.42777777777779,100.3,25000
1361,19.416666666666668,-98.15000000000002,100.3,20700
1362,20.606111111111115,-100.36888888888888,100.3,15000
1363,18.850000000000005,-97.1,100.3,10000
1364,29.123888888888892,-110.9463888888889,100.3,9800
1365,26.911111111111108,-101.41666666666667,100.3,5900
1366,14.989722222222222,-92.16805555555555,100.3,1890
1367,21.164166666666663,-86.84277777777777,100.3,0
1368,21.164166666666663,-86.84277777777777,100.3,0
1369,31.891111111111115,-116.63166666666666,100.3,0
1370,32.28333333333334,-117.01666666666668,100.3,0
1371,29.727777777777778,-115.14444444444443,100.3,0
1372,23.14083333333333,-102.83500000000001,100.5,100000
1373,19.153888888888886,-96.10833333333333,100.5,92000
1374,20.048611111111114,-99.3447222222222,100.5,30000
1375,28.227777777777774,-105.46666666666667,100.5,25000
1376,21.994444444444444,-99.01666666666668,100.5,25000
1377,17.266666666666666,-97.69444444444444,100.5,25000
1378,24.03,-104.61749999999999,100.5,24790
1379,25.76666666666667,-108.97777777777777,100.5,10000
1380,21.151111111111106,-88.93777777777778,100.5,8687
1381,19.55611111111111,-88.04194444444444,100.5,3000
1382,16.32833333333333,-96.59611111111111,100.5,3000
1383,19.43583333333333,-102.07500000000002,100.5,3000
1384,18.646388888888886,-91.83805555555556,100.5,2660
1385,24.111111111111107,-99.82777777777775,100.5,2650
1386,18.61666666666667,-99.19444444444444,100.5,1900
1387,27.9475,-110.90000000000002,100.5,1500
1388,16.91388888888889,-97.53194444444445,100.5,40
1389,19.24944444444445,-103.70750000000002,100.5,0
1390,27.9475,-110.90000000000002,100.5,0
1391,16.500000000000004,-95.46111111111111,100.5,0
1392,20.200000000000003,-101.15000000000002,100.5,0
1393,31.67083333333333,-106.51944444444446,100.7,100000
1394,21.941666666666663,-105.17000000000002,100.7,25000
1395,18.46111111111111,-97.38333333333335,100.7,25000
1396,21.01666666666667,-101.27777777777777,100.7,18600
1397,26.083333333333336,-99.6111111111111,100.7,15000
1398,29.325833333333335,-100.93083333333333,100.7,3000
1399,24.131388888888885,-110.27777777777779,100.7,3000
1400,20.609166666666663,-105.22972222222221,100.7,3000
1401,31.67083333333333,-106.51944444444446,100.7,1000
1402,31.67083333333333,-106.51944444444446,100.7,1000
1403,21.051944444444445,-99.815,100.7,0
1404,24.111111111111107,-105.93333333333334,100.7,0
1405,30.698611111111116,-116.00527777777779,100.7,0
1406,16.083333333333336,-93.75000000000001,100.7,0
1407,19.207222222222217,-99.25805555555556,100.9,100000
1408,18.521111111111107,-88.28777777777778,100.9,50000
1409,24.850000000000005,-98.17777777777776,100.9,30000
1410,17.200000000000003,-100.43333333333335,100.9,29340
1411,21.883333333333336,-102.30000000000001,100.9,25000
1412,19.700000000000003,-101.12777777777775,100.9,25000
1413,21.266666666666666,-98.30000000000001,100.9,25000
1414,16.800833333333333,-95.11444444444444,100.9,20000
1415,28.644444444444442,-106.06666666666668,100.9,15220
1416,27.49305555555556,-109.94694444444443,100.9,13370
1417,22.23472222222222,-97.86083333333335,100.9,12500
1418,17.986944444444447,-94.54361111111112,100.9,10000
1419,17.050000000000004,-96.71666666666668,100.9,10000
1420,25.47222222222222,-101.00083333333332,100.9,9720
1421,25.200000000000003,-99.82777777777775,100.9,6000
1422,18.46111111111111,-96.36111111111109,100.9,6000
1423,29.561111111111106,-104.41666666666667,100.9,3900
1424,17.877777777777776,-98.12777777777775,100.9,3000
1425,21.111111111111107,-89.28333333333333,100.9,3000
1426,28.68666666666667,-100.55083333333332,100.9,3000
1427,19.700000000000003,-101.12777777777775,100.9,250
1428,17.877777777777776,-98.12777777777775,100.9,30
1429,19.050000000000004,-102.27777777777777,100.9,0
1430,19.050000000000004,-102.27777777777777,100.9,0
1431,17.700000000000003,-92.80000000000001,100.9,0
1433,20.68138888888889,-103.42444444444443,101.1,96730
1434,20.606111111111115,-100.36888888888888,101.1,46900
1435,25.543611111111108,-103.49194444444443,101.1,25000
1436,29.123888888888892,-110.9463888888889,101.1,25000
1437,21.160555555555558,-101.71555555555557,101.1,25000
1438,31.87277777777778,-116.63138888888886,101.1,3320
1439,21.49027777777778,-104.89416666666668,101.1,3000
1440,26.911111111111108,-101.41666666666667,101.1,2400
1441,17.34444444444444,-98.01666666666668,101.1,245
1442,27.31666666666667,-102.4111111111111,101.1,100
1443,17.34444444444444,-98.01666666666668,101.1,2
1444,19.561944444444443,-97.24194444444446,101.1,0
1446,17.04444444444444,-97.93333333333334,101.1,0
1447,29.727777777777778,-115.14444444444443,101.1,0
1448,14.92861111111111,-92.27194444444446,101.1,0
1449,19.290555555555557,-99.65444444444444,101.3,63140
1450,25.80777777777778,-108.96972222222225,101.3,30000
1451,18.90722222222222,-98.43444444444447,101.3,25000
1452,28.416666666666668,-106.87777777777777,101.3,25000
1453,18.646388888888886,-91.83805555555556,101.3,25000
1454,24.03,-104.61749999999999,101.3,25000
1455,25.64666666666666,-100.31305555555556,101.3,25000
1456,19.421944444444442,-102.06444444444445,101.3,25000
1457,27.944444444444443,-110.90000000000002,101.3,8000
1458,18.850000000000005,-97.1,101.3,6000
1459,22.151388888888885,-100.98083333333332,101.3,5000
1460,18.111111111111107,-96.12777777777775,101.3,5000
1461,20.554166666666664,-98.4888888888889,101.3,4940
1462,32.65,-115.48333333333335,101.3,3000
1463,31.308333333333334,-109.54166666666664,101.3,1538
1464,25.80777777777778,-108.96972222222225,101.3,300
1465,25.80777777777778,-108.96972222222225,101.3,300
1466,25.80777777777778,-108.96972222222225,101.3,300
1467,25.80777777777778,-108.96972222222225,101.3,300
1468,24.61666666666667,-101.41666666666667,101.3,100
1469,18.111111111111107,-96.12777777777775,101.3,50
1470,32.65,-115.48333333333335,101.3,30
1471,24.61666666666667,-101.41666666666667,101.3,1
1472,21.850000000000005,-102.71666666666668,101.3,0
1473,16.453333333333333,-95.02833333333334,101.3,0
1474,17.266666666666666,-97.69444444444444,101.3,0
1475,25.994166666666672,-98.13833333333335,101.5,100000
1476,19.76666666666667,-104.37777777777777,101.5,25000
1477,24.131388888888885,-110.27777777777779,101.5,25000
1478,20.96944444444444,-89.62277777777778,101.5,25000
1479,18.411111111111108,-93.22777777777777,101.5,25000
1480,16.083333333333336,-93.75000000000001,101.5,25000
1481,21.160555555555558,-101.71555555555557,101.5,20000
1482,16.875277777777775,-99.91611111111112,101.5,10000
1483,27.49333333333334,-99.51555555555555,101.5,3000
1484,22.879166666666666,-109.92222222222225,101.5,0
1485,16.20888888888889,-92.11555555555556,101.5,0
1486,20.600555555555555,-103.365,101.5,0
1487,20.600555555555555,-103.365,101.5,0
1488,17.04444444444444,-97.93333333333334,101.5,0
1489,30.04444444444444,-115.66666666666669,101.5,0
1490,16.73888888888889,-92.64444444444443,101.5,0
1491,27.683333333333334,-105.17777777777776,101.7,100000
1492,23.709722222222222,-99.12250000000002,101.7,100000
1493,18.75555555555556,-96.12777777777777,101.7,80640
1494,18.14444444444444,-94.43333333333335,101.7,61520
1495,21.920000000000005,-102.2663888888889,101.7,58800
1496,19.39444444444445,-99.17388888888888,101.7,51190
1497,18.84805555555555,-98.93805555555556,101.7,50000
1498,26.91666666666667,-105.65,101.7,50000
1499,28.644444444444442,-106.06666666666668,101.7,25000
1500,27.49305555555556,-109.94694444444443,101.7,25000
1501,24.788888888888895,-107.38388888888889,101.7,25000
1502,19.700000000000003,-101.12777777777775,101.7,25000
1503,17.050000000000004,-96.71666666666668,101.7,25000
1504,29.561111111111106,-104.41666666666667,101.7,25000
1505,16.76111111111111,-93.12777777777775,101.7,25000
1506,18.521111111111107,-88.28777777777778,101.7,15000
1507,28.699444444444445,-100.54444444444442,101.7,3000
1508,16.61666666666667,-98.15000000000002,101.7,3000
1509,18.910000000000004,-103.87055555555555,101.7,3000
1510,21.920000000000005,-102.2663888888889,101.7,588
1511,21.920000000000005,-102.2663888888889,101.7,588
1512,22.23472222222222,-97.86083333333335,101.7,0
1513,20.600555555555555,-103.365,101.9,98200
1514,21.164166666666663,-86.84277777777777,101.9,50000
1515,21.266666666666666,-98.30000000000001,101.9,46300
1516,17.655277777777776,-101.57416666666664,101.9,25000
1517,32.64305555555555,-115.45277777777778,101.9,14118
1518,19.83222222222222,-90.51555555555555,101.9,10000
1519,21.527777777777775,-104.88333333333334,101.9,10000
1520,29.123888888888892,-110.9463888888889,101.9,9400
1521,20.259444444444448,-100.88833333333335,101.9,6000
1522,31.891111111111115,-116.63166666666666,101.9,3000
1523,27.500000000000004,-99.51666666666667,101.9,3000
1524,25.561111111111106,-103.43333333333335,101.9,3000
1525,16.20888888888889,-92.11555555555556,101.9,0
1526,20.96944444444444,-89.62277777777778,101.9,0
1527,29.727777777777778,-115.14444444444443,101.9,0
1528,25.625555555555557,-100.32055555555556,102.1,99600
1529,17.500000000000004,-93.12666666666665,102.1,50000
1530,19.05722222222222,-98.22944444444447,102.1,50000
1531,19.29777777777778,-99.65222222222222,102.1,50000
1532,18.883333333333336,-96.93333333333334,102.1,25000
1533,27.944444444444443,-110.90000000000002,102.1,25000
1534,22.151388888888885,-100.98083333333332,102.1,25000
1535,19.421944444444442,-102.06444444444445,102.1,25000
1536,28.227777777777774,-105.46666666666667,102.1,20000
1537,19.55611111111111,-88.04194444444444,102.1,20000
1538,21.165833333333335,-98.66638888888889,102.1,3000
1539,19.24944444444445,-103.70750000000002,102.1,3000
1540,19.700000000000003,-98.75000000000001,102.1,20
1541,26.8275,-109.64222222222223,102.1,0
1542,26.8275,-109.64222222222223,102.1,0
1543,16.73055555555555,-92.72555555555556,102.1,0
1544,16.91222222222222,-99.89555555555557,102.3,50000
1545,21.160555555555558,-101.71555555555557,102.3,25000
1546,15.744444444444444,-96.46666666666667,102.3,25000
1547,27.49333333333334,-99.51555555555555,102.3,13550
1548,30.95,-110.30000000000001,102.3,3000
1549,29.325833333333335,-100.93083333333333,102.3,3000
1550,19.76666666666667,-104.37777777777777,102.3,1830
1551,28.433333333333337,-111.41666666666667,102.3,525
1552,26.79444444444444,-101.41666666666667,102.3,100
1553,27.311111111111114,-103.69444444444444,102.3,100
1554,18.500000000000004,-98.75000000000001,102.3,0
1555,30.04444444444444,-115.66666666666669,102.3,0
1556,27.850000000000005,-101.12777777777775,102.3,0
1557,19.533611111111114,-99.12999999999998,102.5,80100
1558,26.083333333333336,-98.28333333333333,102.5,49950
1559,32.50611111111111,-117.03944444444444,102.5,32800
1560,28.644444444444442,-106.06666666666668,102.5,25000
1561,27.49305555555556,-109.94694444444443,102.5,25000
1562,24.788888888888895,-107.38388888888889,102.5,25000
1563,17.700000000000003,-92.80000000000001,102.5,25000
1564,25.80777777777778,-108.96972222222225,102.5,25000
1565,19.700000000000003,-101.12777777777775,102.5,25000
1566,25.47222222222222,-101.00083333333332,102.5,25000
1567,23.709722222222222,-99.12250000000002,102.5,10100
1568,29.561111111111106,-104.41666666666667,102.5,9530
1569,32.46666666666667,-114.77777777777776,102.5,3000
1570,17.683333333333334,-97.56666666666668,102.5,3000
1571,17.9875,-92.9113888888889,102.5,2860
1572,28.68666666666667,-100.55083333333332,102.5,1000
1573,32.50611111111111,-117.03944444444444,102.5,328
1574,32.50611111111111,-117.03944444444444,102.5,328
1575,32.50611111111111,-117.03944444444444,102.5,328
1576,22.297222222222224,-101.575,102.5,4
1577,22.297222222222224,-101.575,102.5,0
1578,26.91666666666667,-105.65,102.5,0
1579,22.23472222222222,-97.86083333333335,102.5,0
1580,17.030555555555555,-96.51944444444446,102.5,0
1581,16.083333333333336,-93.75000000000001,102.5,0
1582,16.76111111111111,-93.12777777777775,102.5,0
1583,16.527777777777775,-96.98333333333335,102.5,0
1584,14.92861111111111,-92.27194444444446,102.7,92000
1585,20.680000000000007,-103.38416666666667,102.7,85440
1586,19.83222222222222,-90.51555555555555,102.7,25000
1587,21.164166666666663,-86.84277777777777,102.7,25000
1588,23.200555555555557,-106.42777777777779,102.7,25000
1589,25.561111111111106,-103.43333333333335,102.7,25000
1590,21.266666666666666,-98.30000000000001,102.7,10000
1591,31.291666666666664,-110.99666666666668,102.7,9650
1592,29.123888888888892,-110.9463888888889,102.7,5000
1593,20.677777777777774,-101.36111111111109,102.7,3000
1594,18.089999999999996,-96.11388888888888,102.7,245
1595,17.561111111111106,-99.5111111111111,102.7,150
1596,26.994444444444444,-102.09444444444443,102.7,100
1597,32.58333333333334,-115.59444444444442,102.7,0
1598,20.96944444444444,-89.62277777777778,102.7,0
1599,19.8975,-100.44972222222223,102.7,0
1600,20.606111111111115,-100.36888888888888,102.7,0
1601,20.606111111111115,-100.36888888888888,102.7,0
1602,20.606111111111115,-100.36888888888888,102.7,0
1603,29.727777777777778,-115.14444444444443,102.7,0
1604,25.64666666666666,-100.31305555555556,102.9,100000
1605,27.683333333333334,-105.17777777777776,102.9,50000
1606,19.196111111111108,-96.13555555555556,102.9,50000
1607,17.74166666666667,-91.77777777777776,102.9,41300
1608,21.920000000000005,-102.2663888888889,102.9,25000
1609,17.050000000000004,-96.71666666666668,102.9,25000
1610,18.46111111111111,-97.38333333333335,102.9,25000
1611,20.083333333333336,-98.37777777777777,102.9,25000
1612,18.96944444444444,-99.22222222222224,102.9,7300
1613,20.259444444444448,-100.88833333333335,102.9,6000
1614,21.994444444444444,-99.01666666666668,102.9,3000
1615,19.24944444444445,-103.70750000000002,102.9,3000
1616,26.083333333333336,-98.28333333333333,102.9,3000
1617,17.266666666666666,-97.69444444444444,102.9,3000
1618,24.03,-104.61749999999999,102.9,2850
1619,26.49444444444444,-100.17777777777776,102.9,2600
1620,27.790000000000003,-101.55694444444443,102.9,1000
1621,26.083333333333336,-98.28333333333333,102.9,30
1622,17.944444444444443,-94.90000000000002,102.9,0
1623,25.76666666666667,-108.97777777777777,102.9,0
1624,16.76111111111111,-92.64444444444443,102.9,0
1625,19.233333333333334,-101.45833333333333,102.9,0
1626,17.9875,-92.9113888888889,102.9,0
1627,22.291666666666664,-97.82222222222224,103.1,50000
1628,20.96944444444444,-89.62277777777778,103.1,25000
1629,26.911111111111108,-101.41666666666667,103.1,25000
1630,16.875277777777775,-99.91611111111112,103.1,15000
1631,30.95,-110.30000000000001,103.1,10000
1632,22.151388888888885,-100.98083333333332,103.1,10000
1633,29.325833333333335,-100.93083333333333,103.1,6000
1634,21.116666666666667,-101.66666666666669,103.1,3000
1635,20.233333333333334,-103.59444444444442,103.1,3000
1636,19.994444444444444,-102.27777777777777,103.1,3000
1637,15.833333333333334,-96.3222222222222,103.1,2900
1638,28.850000000000005,-111.48333333333335,103.1,534
1639,30.95,-110.30000000000001,103.1,100
1640,20.638888888888893,-87.07500000000002,103.1,0
1641,20.606111111111115,-100.36888888888888,103.1,0
1642,30.04444444444444,-115.66666666666669,103.1,0
1643,19.43388888888889,-99.14055555555557,103.3,58130
1644,24.850000000000005,-99.56666666666668,103.3,50000
1645,19.044166666666673,-98.21083333333335,103.3,50000
1646,27.116666666666667,-109.83333333333333,103.3,41250
1647,27.311111111111114,-100.25000000000001,103.3,25000
1648,28.416666666666668,-106.87777777777777,103.3,25000
1649,17.700000000000003,-92.80000000000001,103.3,25000
1650,25.47222222222222,-101.00083333333332,103.3,25000
1651,32.64305555555555,-115.45277777777778,103.3,14118
1652,24.788888888888895,-107.38388888888889,103.3,10000
1653,31.891111111111115,-116.63166666666666,103.3,8800
1654,20.911111111111108,-100.74444444444444,103.3,6000
1655,17.46666666666667,-97.23333333333333,103.3,3000
1656,23.14083333333333,-102.83500000000001,103.3,3000
1657,26.083333333333336,-98.28333333333333,103.3,3000
1658,18.377777777777776,-95.80000000000001,103.3,2760
1659,19.43388888888889,-99.14055555555557,103.3,581
1660,19.43388888888889,-99.14055555555557,103.3,581
1661,19.43388888888889,-99.14055555555557,103.3,581
1662,19.43388888888889,-99.14055555555557,103.3,581
1663,18.350000000000005,-99.54444444444442,103.3,0
1664,19.700000000000003,-101.12777777777775,103.3,0
1665,17.9875,-92.9113888888889,103.3,0
1667,20.66638888888889,-103.36,103.5,30000
1668,18.14444444444444,-94.43333333333335,103.5,25000
1669,25.76666666666667,-108.97777777777777,103.5,25000
1670,22.23472222222222,-97.86083333333335,103.5,25000
1671,14.92861111111111,-92.27194444444446,103.5,25000
1672,16.76111111111111,-93.12777777777775,103.5,25000
1673,31.291666666666664,-110.99666666666668,103.5,20850
1674,21.266666666666666,-98.30000000000001,103.5,10000
1675,25.561111111111106,-103.43333333333335,103.5,10000
1676,31.67083333333333,-106.51944444444446,103.5,9840
1677,25.416666666666668,-102.19444444444444,103.5,100
1678,21.164166666666663,-86.84277777777777,103.5,0
1679,29.111111111111107,-110.9611111111111,103.5,0
1680,18.62638888888889,-100.89972222222222,103.5,0
1681,23.200555555555557,-106.42777777777779,103.5,0
1682,20.379166666666663,-98.96111111111111,103.5,0
1683,25.64666666666666,-100.31305555555556,103.7,100000
1684,19.169999999999998,-96.1338888888889,103.7,30000
1685,21.994444444444444,-99.01666666666668,103.7,25000
1686,18.59166666666667,-99.25777777777778,103.7,24190
1687,28.644444444444442,-106.06666666666668,103.7,15220
1688,24.850000000000005,-98.17777777777776,103.7,15000
1689,24.03,-104.61749999999999,103.7,10000
1690,20.50222222222222,-100.92138888888888,103.7,6000
1691,19.644444444444442,-99.12777777777775,103.7,3000
1692,27.9475,-110.90000000000002,103.7,3000
1693,20.375277777777775,-99.65055555555554,103.7,3000
1694,27.49333333333334,-99.51555555555555,103.7,3000
1695,28.68666666666667,-100.55083333333332,103.7,3000
1696,21.883333333333336,-102.30000000000001,103.7,2790
1697,25.64666666666666,-100.31305555555556,103.7,1000
1698,25.64666666666666,-100.31305555555556,103.7,1000
1699,25.64666666666666,-100.31305555555556,103.7,1000
1700,27.49333333333334,-99.51555555555555,103.7,30
1701,21.34666666666666,-97.68611111111112,103.7,0
1702,19.51638888888889,-101.60972222222222,103.7,0
1703,19.51638888888889,-101.60972222222222,103.7,0
1704,17.509166666666665,-91.98222222222222,103.7,0
1705,17.266666666666666,-97.69444444444444,103.7,0
1706,16.880555555555553,-99.85694444444445,103.9,31000
1707,19.76666666666667,-104.37777777777777,103.9,25000
1708,19.683333333333334,-100.56666666666668,103.9,25000
1709,18.46111111111111,-95.22777777777777,103.9,25000
1710,22.151388888888885,-100.98083333333332,103.9,25000
1711,22.23472222222222,-97.86083333333335,103.9,25000
1712,16.233333333333334,-93.23333333333333,103.9,25000
1713,20.96944444444444,-89.62277777777778,103.9,14850
1714,22.879166666666666,-109.92222222222225,103.9,6000
1715,18.61666666666667,-90.71666666666668,103.9,6000
1716,20.411111111111108,-98.20000000000002,103.9,6000
1717,19.994444444444444,-102.27777777777777,103.9,6000
1718,21.025000000000002,-101.27777777777777,103.9,5000
1719,29.325833333333335,-100.93083333333333,103.9,4000
1720,17.583333333333336,-97.54444444444442,103.9,3000
1721,29.433333333333337,-110.4111111111111,103.9,590
1722,29.325833333333335,-100.93083333333333,103.9,40
1723,29.325833333333335,-100.93083333333333,103.9,40
1724,29.325833333333335,-100.93083333333333,103.9,40
1725,31.891111111111115,-116.63166666666666,103.9,0
1726,21.644444444444442,-102.97777777777777,103.9,0
1727,20.606111111111115,-100.36888888888888,103.9,0
1728,30.04444444444444,-115.66666666666669,103.9,0
1729,18.077777777777776,-96.54444444444442,103.9,0
1730,32.571111111111115,-115.44972222222223,104.1,100000
1731,19.43388888888889,-99.14055555555557,104.1,58130
1732,21.123055555555553,-101.68861111111113,104.1,50000
1733,24.788888888888895,-107.38388888888889,104.1,25000
1734,17.700000000000003,-92.80000000000001,104.1,25000
1735,17.9875,-92.9113888888889,104.1,25000
1736,24.02361111111111,-99.25833333333335,104.1,14750
1737,31.891111111111115,-116.63166666666666,104.1,6000
1738,26.911111111111108,-101.41666666666667,104.1,5000
1739,28.416666666666668,-106.87777777777777,104.1,3000
1740,17.527777777777775,-97.48333333333335,104.1,3000
1741,19.43388888888889,-99.14055555555557,104.1,581
1742,19.43388888888889,-99.14055555555557,104.1,581
1743,19.43388888888889,-99.14055555555557,104.1,581
1744,19.43388888888889,-99.14055555555557,104.1,581
1745,27.01666666666667,-108.93333333333334,104.1,525
1746,17.527777777777775,-97.48333333333335,104.1,30
1747,19.31666666666667,-97.93333333333334,104.1,0
1748,19.31666666666667,-97.93333333333334,104.1,0
1749,25.47222222222222,-101.00083333333332,104.1,0
1750,20.351666666666667,-99.96305555555558,104.1,0
1751,21.527777777777775,-104.88333333333334,104.1,0
1752,27.116666666666667,-104.92777777777778,104.3,50000
1753,31.291666666666664,-110.99666666666668,104.3,50000
1754,28.233333333333334,-100.74444444444444,104.3,50000
1755,20.675277777777776,-103.3586111111111,104.3,40320
1756,31.67083333333333,-106.51944444444446,104.3,28710
1757,25.543611111111108,-103.49194444444443,104.3,25000
1758,15.16111111111111,-92.46666666666667,104.3,25000
1759,23.200555555555557,-106.42777777777779,104.3,25000
1760,19.700000000000003,-101.12777777777775,104.3,25000
1761,20.609166666666663,-105.22972222222221,104.3,20000
1762,22.23472222222222,-97.86083333333335,104.3,12500
1763,25.76666666666667,-108.97777777777777,104.3,10000
1764,29.123888888888892,-110.9463888888889,104.3,3000
1765,21.164166666666663,-86.84277777777777,104.3,2844
1766,19.191666666666666,-98.00166666666668,104.3,400
1767,19.191666666666666,-98.00166666666668,104.3,400
1768,19.191666666666666,-98.00166666666668,104.3,4
1769,19.191666666666666,-98.00166666666668,104.3,4
1770,20.989166666666662,-97.70583333333333,104.3,0
1771,19.838611111111106,-98.03166666666667,104.3,0
1772,19.838611111111106,-98.03166666666667,104.3,0
1773,17.561111111111106,-99.5111111111111,104.3,0
1774,18.14444444444444,-94.43333333333335,104.3,0
1775,29.727777777777778,-115.14444444444443,104.3,0
1776,18.829722222222227,-98.94611111111111,104.5,59640
1777,32.48694444444445,-116.99472222222222,104.5,57290
1778,21.920000000000005,-102.2663888888889,104.5,25000
1779,28.647500000000004,-106.05,104.5,25000
1780,19.24944444444445,-103.70750000000002,104.5,25000
1781,18.883333333333336,-96.93333333333334,104.5,25000
1782,24.03,-104.61749999999999,104.5,25000
1783,27.111111111111107,-109.43333333333335,104.5,22900
1784,25.67083333333333,-100.31083333333332,104.5,19920
1785,20.077777777777776,-97.05,104.5,14500
1786,20.519444444444442,-100.80166666666665,104.5,10000
1787,20.123333333333328,-98.73500000000001,104.5,10000
1788,17.994444444444444,-93.37777777777777,104.5,6000
1789,19.55611111111111,-88.04194444444444,104.5,6000
1790,19.194444444444443,-100.14444444444443,104.5,3000
1791,18.111111111111107,-94.04444444444445,104.5,2730
1792,32.48694444444445,-116.99472222222222,104.5,572
1793,32.48694444444445,-116.99472222222222,104.5,572
1794,20.869722222222226,-87.60305555555553,104.5,100
1795,19.416666666666668,-99.04444444444444,104.5,20
1796,20.331944444444442,-102.35805555555557,104.5,0
1797,16.875277777777775,-99.91611111111112,104.7,25000
1798,25.538888888888888,-108.46333333333334,104.7,25000
1799,26.91666666666667,-105.65,104.7,25000
1800,22.23472222222222,-97.86083333333335,104.7,25000
1801,30.994444444444444,-110.30000000000001,104.7,15000
1802,28.416666666666668,-106.87777777777777,104.7,10000
1803,19.8,-99.87777777777777,104.7,6000
1804,20.28333333333334,-102.54444444444442,104.7,6000
1805,18.46111111111111,-95.22777777777777,104.7,5600
1806,20.65555555555555,-103.7027777777778,104.7,3000
1807,22.116666666666667,-103.27777777777777,104.7,2000
1808,21.290277777777778,-101.85166666666665,104.7,2000
1809,30.527777777777775,-115.93333333333334,104.7,0
1810,20.200000000000003,-87.46666666666667,104.7,0
1811,19.533611111111114,-99.12999999999998,104.9,89400
1812,30.383333333333333,-107.97777777777777,104.9,49650
1813,27.49305555555556,-109.94694444444443,104.9,25000
1814,17.700000000000003,-92.80000000000001,104.9,25000
1815,25.47222222222222,-101.00083333333332,104.9,25000
1816,22.151388888888885,-100.98083333333332,104.9,25000
1817,21.527777777777775,-104.88333333333334,104.9,25000
1818,17.9875,-92.9113888888889,104.9,25000
1819,32.63861111111112,-115.47194444444443,104.9,10000
1820,32.48694444444445,-116.99472222222222,104.9,7500
1821,24.850000000000005,-99.56666666666668,104.9,6000
1822,20.606111111111115,-100.36888888888888,104.9,6000
1823,20.083333333333336,-101.5111111111111,104.9,3000
1824,17.850000000000005,-97.19444444444444,104.9,3000
1825,19.66527777777777,-103.46222222222222,104.9,900
1826,18.982499999999995,-99.5038888888889,104.9,500
1827,28.416666666666668,-106.87777777777777,104.9,100
1828,27.49333333333334,-99.51555555555555,104.9,15
1829,20.04444444444444,-97.51666666666667,104.9,0
1830,24.788888888888895,-107.38388888888889,104.9,0
1831,31.891111111111115,-116.63166666666666,104.9,0
1832,26.911111111111108,-101.41666666666667,104.9,0
1833,32.31111111111111,-116.65,104.9,0
1834,17.34444444444444,-98.01666666666668,104.9,0
1835,21.164166666666663,-86.84277777777777,105.1,100000
1836,31.40722222222222,-106.42083333333332,105.1,50000
1837,29.07305555555556,-110.95055555555555,105.1,39560
1838,27.116666666666667,-104.92777777777778,105.1,30000
1839,17.561111111111106,-99.5111111111111,105.1,25000
1840,20.96944444444444,-89.62277777777778,105.1,25000
1841,23.200555555555557,-106.42777777777779,105.1,25000
1842,19.700000000000003,-101.12777777777775,105.1,25000
1843,31.291666666666664,-110.99666666666668,105.1,25000
1844,27.95,-101.22777777777777,105.1,25000
1845,20.609166666666663,-105.22972222222221,105.1,25000
1846,19.191666666666666,-98.00166666666668,105.1,15510
1847,29.325833333333335,-100.93083333333333,105.1,6000
1848,25.775000000000002,-103.2736111111111,105.1,6000
1849,18.46111111111111,-96.36111111111109,105.1,6000
1850,20.65111111111111,-103.39694444444444,105.1,5280
1851,21.116666666666667,-101.66666666666669,105.1,3000
1852,29.07305555555556,-110.95055555555555,105.1,395
1853,19.83222222222222,-90.51555555555555,105.1,0
1854,17.8,-96.9611111111111,105.1,0
1855,19.337777777777774,-102.36277777777778,105.1,0
1856,21.920000000000005,-102.2663888888889,105.3,58800
1857,25.644444444444442,-100.23444444444445,105.3,30000
1858,17.8,-97.77777777777776,105.3,25000
1859,18.910000000000004,-103.87055555555555,105.3,25000
1860,18.831111111111113,-98.94472222222221,105.3,15000
1861,24.03,-104.61749999999999,105.3,10000
1862,27.942222222222217,-110.90472222222225,105.3,10000
1863,20.116666666666667,-98.74444444444444,105.3,10000
1864,28.647500000000004,-106.05,105.3,3000
1865,19.944444444444443,-97.97777777777777,105.3,2000
1866,19.416666666666668,-99.41666666666667,105.3,1150
1867,31.31666666666667,-113.54444444444442,105.3,750
1868,21.920000000000005,-102.2663888888889,105.3,588
1869,21.920000000000005,-102.2663888888889,105.3,588
1870,24.322222222222223,-107.3611111111111,105.3,100
1871,19.416666666666668,-99.41666666666667,105.3,20
1872,19.416666666666668,-99.41666666666667,105.3,20
1873,24.131388888888885,-110.27777777777779,105.5,25000
1874,23.65,-100.65,105.5,25000
1875,32.420833333333334,-115.30472222222224,105.5,15000
1876,16.875277777777775,-99.91611111111112,105.5,10000
1877,20.533333333333335,-98.48333333333335,105.5,10000
1878,20.561111111111106,-102.51666666666667,105.5,6000
1879,18.93833333333334,-97.11277777777777,105.5,4970
1880,28.700000000000003,-100.51666666666667,105.5,3858
1881,20.125555555555557,-88.93638888888889,105.5,3200
1882,20.512500000000003,-104.03277777777777,105.5,3000
1883,20.677777777777774,-101.36111111111109,105.5,3000
1884,26.911111111111108,-101.41666666666667,105.5,3000
1885,30.365555555555552,-109.68361111111112,105.5,45
1886,22.23472222222222,-97.86083333333335,105.5,20
1887,19.191666666666666,-98.00166666666668,105.5,4
1888,20.411111111111108,-87.3211111111111,105.5,0
1889,19.8,-99.87777777777777,105.5,0
1890,32.63333333333334,-114.85000000000001,105.5,0
1891,19.700000000000003,-101.12777777777775,105.5,0
1892,19.191666666666666,-98.00166666666668,105.5,0
1893,30.04444444444444,-115.66666666666669,105.5,0
1894,32.416666666666664,-115.9611111111111,105.5,0
1895,19.533611111111114,-99.12999999999998,105.7,36080
1896,25.46111111111111,-100.85000000000001,105.7,25000
1897,27.49305555555556,-109.94694444444443,105.7,25000
1898,17.986944444444447,-94.54361111111112,105.7,25000
1899,17.071111111111108,-96.73277777777778,105.7,10000
1900,22.16111111111111,-100.98333333333335,105.7,10000
1901,32.31388888888889,-116.66555555555557,105.7,8200
1902,21.290277777777778,-101.85166666666665,105.7,6000
1903,24.850000000000005,-99.56666666666668,105.7,6000
1904,18.26111111111111,-92.09444444444443,105.7,6000
1905,28.416666666666668,-106.87777777777777,105.7,3000
1906,21.527777777777775,-104.88333333333334,105.7,3000
1907,19.533611111111114,-99.12999999999998,105.7,360
1908,19.533611111111114,-99.12999999999998,105.7,360
1909,19.533611111111114,-99.12999999999998,105.7,360
1910,28.82555555555556,-111.9397222222222,105.7,0
1911,25.724166666666665,-99.71694444444444,105.7,0
1912,19.14111111111111,-101.46888888888888,105.7,0
1913,32.28333333333334,-117.01666666666668,105.7,0
1914,19.994444444444444,-102.27777777777777,105.7,0
1915,31.67083333333333,-106.51944444444446,105.9,100000
1916,20.911111111111108,-100.74444444444444,105.9,50000
1917,20.490833333333335,-103.04,105.9,30000
1918,20.96944444444444,-89.62277777777778,105.9,25000
1919,21.266666666666666,-98.30000000000001,105.9,25000
1920,27.850000000000005,-101.12777777777775,105.9,25000
1921,25.561111111111106,-103.43333333333335,105.9,25000
1922,16.76111111111111,-93.12777777777775,105.9,25000
1923,22.23472222222222,-97.86083333333335,105.9,12500
1924,19.191666666666666,-98.00166666666668,105.9,10000
1925,25.873611111111114,-97.50861111111111,105.9,4950
1926,17.994444444444444,-93.37777777777777,105.9,3000
1927,32.63861111111112,-115.47194444444443,105.9,3000
1928,20.609166666666663,-105.22972222222221,105.9,3000
1929,21.164166666666663,-86.84277777777777,105.9,2770
1930,31.67083333333333,-106.51944444444446,105.9,1000
1931,31.67083333333333,-106.51944444444446,105.9,1000
1932,31.67083333333333,-106.51944444444446,105.9,1000
1933,29.123888888888892,-110.9463888888889,105.9,750
1934,31.291666666666664,-110.99666666666668,105.9,600
1935,15.877777777777776,-97.05,105.9,500
1936,15.877777777777776,-97.05,105.9,5
1937,31.891111111111115,-116.63166666666666,105.9,0
1938,19.416666666666668,-101.9102777777778,105.9,0
1939,19.416666666666668,-101.9102777777778,105.9,0
1940,25.64666666666666,-100.31305555555556,106.1,100000
1941,28.644444444444442,-106.06666666666668,106.1,40000
1942,21.883333333333336,-102.30000000000001,106.1,25000
1943,18.75555555555556,-96.12777777777777,106.1,25000
1944,20.10666666666667,-98.73694444444445,106.1,5000
1945,23.14083333333333,-102.83500000000001,106.1,3000
1946,19.416666666666668,-99.41666666666667,106.1,3000
1947,17.050000000000004,-96.71666666666668,106.1,3000
1948,16.453333333333333,-95.02833333333334,106.1,2160
1949,16.12805555555556,-97.60055555555557,106.1,483
1950,18.98194444444444,-99.23583333333335,106.1,203
1951,19.847222222222218,-101.11805555555554,106.1,0
1952,19.700000000000003,-101.12777777777775,106.1,0
1953,16.76333333333333,-96.49333333333333,106.1,0
1955,18.46111111111111,-97.38333333333335,106.3,25000
1956,17.9875,-92.9113888888889,106.3,25000
1957,19.66527777777777,-103.46222222222222,106.3,24700
1958,28.699444444444445,-100.54444444444442,106.3,14620
1959,20.68777777777778,-101.35583333333335,106.3,7500
1960,20.638888888888893,-87.07500000000002,106.3,3000
1961,19.411111111111108,-100.37777777777777,106.3,3000
1962,17.46666666666667,-97.23333333333333,106.3,0
1963,15.86111111111111,-96.33333333333334,106.3,0
1964,30.04444444444444,-115.66666666666669,106.3,0
1965,16.877777777777776,-93.20000000000002,106.3,0
1966,17.39805555555555,-96.29333333333331,106.3,0
1967,17.030555555555555,-96.51944444444446,106.3,0
1968,19.31666666666667,-97.92777777777778,106.3,0
1969,17.266666666666666,-97.69444444444444,106.3,0
1970,19.34388888888889,-99.09000000000002,106.5,90000
1971,17.050000000000004,-96.71666666666668,106.5,30000
1972,18.350000000000005,-99.54444444444442,106.5,25000
1973,18.111111111111107,-96.12777777777775,106.5,25000
1974,25.47222222222222,-101.00083333333332,106.5,10000
1975,20.606111111111115,-100.36888888888888,106.5,6000
1976,21.29416666666667,-97.83722222222222,106.5,5000
1977,17.677777777777774,-98.1,106.5,3000
1978,22.79444444444444,-102.59444444444442,106.5,3000
1979,20.288055555555562,-90.05750000000002,106.5,0
1980,31.67083333333333,-106.51944444444446,106.7,100000
1981,27.790000000000003,-101.55694444444443,106.7,50000
1982,20.490833333333335,-103.04,106.7,30000
1983,25.543611111111108,-103.49194444444443,106.7,25000
1984,25.561111111111106,-103.43333333333335,106.7,25000
1985,31.291666666666664,-110.99666666666668,106.7,19510
1986,27.911111111111108,-101.15833333333335,106.7,15000
1987,20.49444444444444,-99.23333333333333,106.7,6000
1988,29.123888888888892,-110.9463888888889,106.7,3000
1989,23.200555555555557,-106.42777777777779,106.7,3000
1990,32.65,-115.48333333333335,106.7,2020
1991,31.67083333333333,-106.51944444444446,106.7,1000
1992,31.67083333333333,-106.51944444444446,106.7,1000
1993,31.67083333333333,-106.51944444444446,106.7,1000
1994,16.8,-93.27777777777777,106.7,0
1995,19.191666666666666,-98.00166666666668,106.7,0
1996,17.032499999999995,-97.95777777777778,106.7,0
1997,16.73888888888889,-92.64444444444443,106.7,0
1998,14.92861111111111,-92.27194444444446,106.7,0
1999,20.0,-100.51666666666667,106.7,0
2000,19.18111111111111,-99.41638888888892,106.7,0
2001,18.91666666666667,-99.23333333333333,106.9,46940
2002,31.308333333333334,-109.54166666666664,106.9,25000
2003,21.883333333333336,-102.30000000000001,106.9,25000
2004,28.644444444444442,-106.06666666666668,106.9,25000
2005,25.64666666666666,-100.31305555555556,106.9,25000
2006,19.187777777777775,-96.13444444444444,106.9,10000
2007,21.024722222222216,-104.38666666666667,106.9,3700
2008,18.083333333333336,-92.14444444444443,106.9,3000
2009,19.700000000000003,-101.12777777777775,106.9,3000
2010,27.942222222222217,-110.90472222222225,106.9,360
2011,19.31666666666667,-97.93333333333334,106.9,0
2012,19.70722222222222,-99.78666666666665,106.9,0
2013,19.416666666666668,-99.41666666666667,106.9,0
2014,17.34444444444444,-98.01666666666668,106.9,0
2015,19.785000000000004,-98.55305555555557,106.9,0
2016,16.955555555555552,-96.4777777777778,106.9,0
2017,25.942500000000006,-97.90694444444446,107.1,50000
2018,26.911111111111108,-101.41666666666667,107.1,50000
2019,18.266666666666666,-93.22777777777777,107.1,32350
2020,32.63333333333334,-114.85000000000001,107.1,25000
2021,21.227777777777774,-99.46666666666667,107.1,25000
2022,20.077777777777776,-97.05,107.1,10000
2023,19.411111111111108,-100.37777777777777,107.1,10000
2024,19.66527777777777,-103.46222222222222,107.1,3200
2025,21.160555555555558,-101.71555555555557,107.1,3000
2026,28.68666666666667,-100.55083333333332,107.1,3000
2027,19.911111111111108,-102.14444444444443,107.1,500
2028,16.883333333333336,-95.04444444444444,107.1,40
2029,18.28333333333334,-100.27777777777777,107.1,0
2030,18.116666666666667,-95.88333333333334,107.1,0
2031,19.028888888888883,-98.27499999999999,107.1,0
2032,19.533611111111114,-99.12999999999998,107.3,92320
2033,27.49333333333334,-99.51555555555555,107.3,23000
2034,32.473888888888894,-116.89777777777779,107.3,15000
2035,17.850000000000005,-96.87777777777777,107.3,3000
2036,21.850000000000005,-102.71666666666668,107.3,2950
2037,19.533611111111114,-99.12999999999998,107.3,923
2038,19.533611111111114,-99.12999999999998,107.3,923
2039,20.700000000000003,-98.01666666666668,107.3,400
2040,32.473888888888894,-116.89777777777779,107.3,150
2041,20.700000000000003,-102.80000000000001,107.3,0
2042,30.994444444444444,-110.30000000000001,107.3,0
2043,21.480833333333333,-101.2136111111111,107.3,0
2044,19.405,-101.6377777777778,107.3,0
2045,31.67083333333333,-106.51944444444446,107.5,57500
2046,18.14444444444444,-94.43333333333335,107.5,52200
2047,20.521666666666672,-100.80944444444445,107.5,48000
2048,20.49444444444444,-100.93333333333334,107.5,48000
2049,18.883333333333336,-96.93333333333334,107.5,25000
2050,25.533333333333335,-103.225,107.5,25000
2051,20.600555555555555,-103.365,107.5,23900
2052,29.08361111111111,-110.95833333333331,107.5,10000
2053,18.611111111111107,-98.46666666666667,107.5,2000
2054,17.377777777777776,-95.92777777777778,107.5,245
2055,19.65,-102.06666666666668,107.5,10
2056,17.377777777777776,-95.92777777777778,107.5,2
2057,18.14444444444444,-96.85000000000001,107.5,0
2058,27.277777777777782,-108.2786111111111,107.5,0
2059,19.26111111111111,-103.74444444444444,107.5,0
2060,25.64666666666666,-100.31305555555556,107.7,50000
2061,19.59083333333333,-97.09305555555555,107.7,30000
2062,21.920000000000005,-102.2663888888889,107.7,25000
2063,18.91666666666667,-99.23333333333333,107.7,3000
2064,32.48694444444445,-116.99472222222222,107.7,3000
2065,20.51166666666667,-86.94527777777779,107.7,1900
2066,16.32833333333333,-96.59611111111111,107.7,813
2067,21.920000000000005,-102.2663888888889,107.7,0
2068,21.165833333333335,-98.66638888888889,107.7,0
2069,20.49444444444444,-99.23333333333333,107.7,0
2070,19.51638888888889,-101.60972222222222,107.7,0
2071,19.233333333333334,-101.45833333333333,107.7,0
2072,23.14083333333333,-102.83500000000001,107.9,100000
2073,32.46666666666667,-114.77777777777776,107.9,100000
2074,19.191666666666666,-98.00166666666668,107.9,50000
2075,26.819166666666668,-105.89055555555557,107.9,39070
2076,31.308333333333334,-109.54166666666664,107.9,25000
2077,16.727777777777778,-93.0,107.9,20000
2078,23.709722222222222,-99.12250000000002,107.9,14860
2079,19.533611111111114,-99.12999999999998,107.9,10000
2080,28.68666666666667,-100.55083333333332,107.9,10000
2081,19.561111111111106,-100.46666666666667,107.9,5850
2082,22.879166666666666,-109.92222222222225,107.9,3000
2083,20.677777777777774,-101.36111111111109,107.9,3000
2084,20.96944444444444,-89.62277777777778,107.9,3000
2085,20.606111111111115,-100.36888888888888,107.9,3000
2086,20.88277777777778,-103.83666666666666,107.9,3000
2087,20.34444444444444,-102.75000000000001,107.9,2000
2088,16.8,-96.69444444444444,107.9,1090
2089,17.111111111111107,-96.06666666666668,107.9,1060
2090,17.266666666666666,-97.69444444444444,107.9,500
2091,18.04444444444444,-96.90000000000002,107.9,370
2092,19.194444444444443,-102.85000000000001,107.9,320
2093,16.12805555555556,-97.60055555555557,107.9,245
2094,16.727777777777778,-93.0,107.9,200
2095,16.727777777777778,-93.0,107.9,200
2096,19.42694444444444,-102.06249999999999,107.9,181
2097,19.533611111111114,-99.12999999999998,107.9,100
2098,19.533611111111114,-99.12999999999998,107.9,100
2099,19.54916666666667,-103.80833333333334,107.9,39
2100,20.96944444444444,-89.62277777777778,107.9,30
2101,16.12805555555556,-97.60055555555557,107.9,2
