,Latitude in degrees,Longitude in degrees,Frequency(MHz),EIRP
0,70.98527777777777,-6.85,50.079,10
1,76.5088888888889,25.015277777777783,50.445,10
2,78.06138888888889,13.61916666666667,50.446,30
3,74.5033333333333,18.997499999999995,50.449,10
4,69.10416666666666,18.375,50.451,30
5,59.066388888888895,10.434444444444443,50.455,25
6,70.98527777777777,-6.85,50.479,10
7,60.99416666666665,11.338333333333335,87.6,43251
8,69.6363888888889,18.99805555555556,87.6,404
9,59.62861111111109,9.500000000000004,87.6,125
10,69.96333333333332,26.707222222222217,87.6,99
11,61.29944444444444,7.845277777777777,87.6,88
12,59.23916666666667,10.956111111111111,87.6,64
13,59.50111111111111,6.194722222222222,87.6,54
14,60.47527777777776,5.4594444444444425,87.6,39
15,63.46194444444443,11.404722222222224,87.6,24
16,61.097777777777765,6.281944444444443,87.6,24
17,67.99333333333333,15.626666666666663,87.6,24
18,59.41166666666667,8.431388888888888,87.6,24
19,58.891944444444434,6.888055555555555,87.6,24
20,66.97555555555557,14.167777777777777,87.6,24
21,61.76444444444443,5.288055555555558,87.6,24
22,62.94194444444443,8.148888888888887,87.6,24
23,62.20555555555555,6.496666666666667,87.6,22
24,63.21083333333334,9.004166666666666,87.6,22
25,62.82,10.048333333333332,87.6,18
26,62.36805555555556,7.093055555555553,87.6,18
27,62.10277777777779,5.501388888888891,87.6,18
28,62.040277777777774,6.973333333333334,87.6,16
29,60.386944444444445,5.281666666666665,87.6,15
30,59.680000000000014,8.047777777777778,87.6,15
31,60.722222222222214,5.629722222222223,87.6,15
32,63.96222222222221,10.21666666666667,87.6,13
33,68.81527777777778,14.55638888888889,87.6,12
34,68.86472222222221,17.78333333333334,87.6,9
35,63.73777777777777,10.044166666666666,87.6,9
36,63.63583333333334,11.2675,87.6,5
37,58.39833333333333,6.4144444444444435,87.6,5
38,68.47472222222223,17.664166666666667,87.6,2
39,67.65722222222223,12.722222222222223,87.6,2
40,60.82777777777777,6.259722222222223,87.6,1
41,68.7575,16.38694444444445,87.6,1
42,60.830555555555556,6.21,87.6,1
43,70.63944444444442,23.697777777777777,87.7,14655
44,60.53833333333334,8.197222222222223,87.7,485
45,60.89750000000001,8.24638888888889,87.7,385
46,69.0027777777778,18.56083333333333,87.7,122
47,66.94833333333334,13.540000000000001,87.7,97
48,62.42916666666666,6.190277777777778,87.7,50
49,60.10999999999999,6.537500000000002,87.7,47
50,59.68055555555556,9.669166666666667,87.7,34
51,60.236388888888904,9.38777777777778,87.7,31
52,66.79861111111109,15.384444444444444,87.7,31
53,60.21694444444445,5.890833333333333,87.7,24
54,68.67222222222222,17.71472222222222,87.7,24
55,68.61416666666668,15.614166666666666,87.7,24
56,66.56666666666666,13.5,87.7,20
57,59.724166666666655,10.355555555555554,87.7,18
58,58.84805555555555,6.137499999999999,87.7,18
59,67.24222222222221,14.630555555555556,87.7,16
60,61.10305555555557,7.523888888888889,87.7,12
61,60.12861111111112,8.679444444444446,87.7,12
62,65.73694444444445,12.523055555555556,87.7,12
63,68.99138888888889,15.640833333333333,87.7,8
64,65.10722222222223,12.068888888888893,87.7,7
65,59.603611111111114,5.805277777777779,87.7,6
66,63.1738888888889,9.7225,87.7,6
67,67.9827777777778,16.27333333333334,87.7,4
68,64.4602777777778,10.907222222222222,87.7,3
69,58.66277777777778,6.625555555555554,87.7,2
70,60.38027777777777,5.887777777777777,87.7,1
71,62.52166666666665,8.995000000000003,87.7,1
72,67.4558333333333,15.560000000000004,87.7,1
73,68.61666666666666,16.561111111111106,87.7,1
74,58.70333333333333,8.658611111111114,87.8,24889
75,70.87583333333336,28.90611111111112,87.8,863
76,63.525000000000006,10.890833333333333,87.8,398
77,68.10111111111111,13.526111111111108,87.8,306
78,62.563055555555536,7.534722222222221,87.8,232
79,59.123055555555545,11.43388888888889,87.8,222
80,67.13694444444445,16.12138888888889,87.8,185
81,59.82305555555554,10.65,87.8,147
82,63.3911111111111,8.068055555555555,87.8,70
83,61.33722222222223,10.316944444444442,87.8,46
84,60.90833333333334,7.2972222222222225,87.8,40
85,61.518611111111106,7.289722222222223,87.8,24
86,68.24944444444442,17.375,87.8,24
87,62.28777777777778,6.6561111111111115,87.8,24
88,60.15861111111112,9.746388888888886,87.8,21
89,68.66305555555556,18.72583333333333,87.8,20
90,62.197500000000005,6.145555555555554,87.8,16
91,61.766666666666666,6.833333333333333,87.8,12
92,61.49583333333333,7.592222222222223,87.8,6
93,69.04861111111109,17.93861111111111,87.8,2
94,67.7166666666667,15.866666666666667,87.8,2
95,68.23333333333333,16.366666666666667,87.8,2
96,69.40277777777779,17.30277777777778,87.8,2
97,67.03333333333333,14.983333333333333,87.8,2
98,64.94416666666667,11.960277777777781,87.8,1
99,62.192499999999995,7.142500000000001,87.8,1
100,69.47722222222222,25.480555555555554,87.9,1500
101,60.70916666666666,9.023055555555556,87.9,352
102,58.94027777777778,5.706666666666667,87.9,140
103,66.85361111111114,13.64111111111111,87.9,116
104,62.71611111111111,8.495277777777776,87.9,79
105,68.77194444444443,17.27138888888889,87.9,61
106,68.47333333333333,16.5375,87.9,49
107,59.48722222222223,9.906111111111109,87.9,42
108,60.37972222222223,6.146111111111112,87.9,40
109,61.76472222222222,6.154166666666666,87.9,31
110,69.2,19.083333333333332,87.9,24
111,69.90000000000002,27.05,87.9,24
112,62.34472222222222,7.413333333333334,87.9,24
113,62.2,5.85,87.9,18
114,62.32944444444445,8.064166666666667,87.9,18
115,62.06055555555556,6.793611111111111,87.9,4
116,66.50861111111112,14.908888888888894,87.9,2
117,66.41666666666667,13.153611111111115,87.9,2
118,65.58027777777777,14.013333333333334,87.9,2
119,59.681666666666665,6.755833333333332,87.9,1
120,65.38555555555556,12.2725,87.9,1
121,65.6511111111111,13.15444444444444,87.9,1
122,64.18555555555555,10.411388888888885,87.9,1
123,69.27749999999999,17.080555555555563,87.9,1
124,61.034444444444446,5.155,88.0,23768
125,60.80861111111112,9.615833333333335,88.0,21677
126,58.46083333333332,8.764444444444443,88.0,100
127,62.21249999999999,9.540833333333333,88.0,95
128,69.98388888888887,23.28305555555556,88.0,84
129,64.94583333333333,13.189444444444446,88.0,49
130,68.45916666666669,15.911666666666669,88.0,24
131,68.8,15.166666666666666,88.0,24
132,59.7,7.9,88.0,24
133,59.41333333333332,7.42861111111111,88.0,23
134,67.51250000000002,15.523333333333333,88.0,16
135,66.87749999999998,14.731666666666666,88.0,15
136,68.21638888888889,14.111111111111114,88.0,12
137,64.575,11.178055555555558,88.0,12
138,62.93333333333333,10.211111111111109,88.0,12
139,59.36666666666667,8.033333333333333,88.0,2
140,67.13333333333334,14.95,88.0,1
141,69.75083333333333,30.13027777777777,88.1,18450
142,60.179999999999986,5.446388888888889,88.1,100
143,61.90166666666665,6.665000000000002,88.1,79
144,59.76805555555556,6.0775,88.1,52
145,62.78472222222223,8.126388888888886,88.1,24
146,59.01694444444445,6.47638888888889,88.1,24
147,68.77138888888886,17.800555555555555,88.1,18
148,66.9411111111111,15.295000000000002,88.1,18
149,65.08555555555556,12.401388888888894,88.1,16
150,67.50861111111112,12.069722222222225,88.1,12
151,68.68611111111112,16.028888888888883,88.1,8
152,67.45,14.733333333333333,88.1,2
153,67.94055555555556,13.090277777777779,88.1,2
154,65.81138888888889,13.354722222222223,88.1,1
155,68.6525,18.193888888888893,88.1,1
156,58.825277777777764,7.804444444444447,88.1,1
157,58.35,6.2,88.1,1
158,59.23583333333334,9.699166666666665,88.2,48529
159,70.07444444444444,20.431388888888883,88.2,30620
160,60.99277777777778,11.34,88.2,123
161,63.475555555555545,11.172500000000001,88.2,31
162,61.476111111111116,10.231944444444446,88.2,24
163,62.58611111111112,7.81222222222222,88.2,24
164,61.611944444444454,6.654166666666666,88.2,18
165,62.58833333333332,11.749444444444443,88.2,12
166,59.46666666666667,6.466666666666667,88.2,12
167,61.92805555555555,7.941388888888888,88.2,12
168,62.199166666666656,5.178888888888888,88.2,2
169,63.80666666666666,9.738611111111112,88.3,75162
170,58.192777777777785,6.932499999999998,88.3,30620
171,60.69416666666665,6.414166666666667,88.3,29242
172,68.12055555555554,15.708888888888888,88.3,61
173,62.0238888888889,5.600555555555555,88.3,54
174,62.089999999999996,5.919444444444445,88.3,24
175,69.83333333333333,25.1,88.3,2
176,68.80944444444445,16.525555555555552,88.4,313
177,62.266666666666666,7.133333333333334,88.4,125
178,60.84583333333333,10.896111111111113,88.4,50
179,62.5686111111111,9.710833333333333,88.4,39
180,61.281111111111095,10.123888888888889,88.4,27
181,60.36583333333333,9.66388888888889,88.4,24
182,69.4152777777778,17.215555555555554,88.4,24
183,59.83416666666668,10.286944444444444,88.4,22
184,70.5,25.116666666666667,88.4,18
185,62.320833333333326,5.832222222222221,88.4,18
186,68.25527777777776,13.61861111111111,88.4,18
187,70.93361111111112,-7.01138888888889,88.4,15
188,62.4,6.583333333333333,88.4,13
189,61.203611111111115,8.376388888888886,88.4,12
190,70.54666666666665,23.37694444444444,88.4,2
191,70.35277777777776,26.5,88.4,2
192,62.1,6.556111111111112,88.4,2
193,68.0,13.266666666666667,88.4,2
194,59.15500000000001,6.227222222222222,88.4,1
195,60.287222222222205,10.203333333333333,88.4,1
196,65.48333333333336,12.433333333333334,88.4,1
197,66.20833333333334,13.739166666666668,88.5,22182
198,58.63333333333332,5.954722222222221,88.5,991
199,60.728888888888875,8.85777777777778,88.5,306
200,58.76749999999999,9.105555555555554,88.5,178
201,59.46250000000002,9.034999999999998,88.5,100
202,59.72305555555555,7.567777777777777,88.5,75
203,68.9086111111111,15.058888888888893,88.5,61
204,59.77472222222222,6.757777777777777,88.5,45
205,71.04638888888887,28.114722222222227,88.5,37
206,63.661111111111104,12.051666666666666,88.5,31
207,61.99861111111112,5.276944444444444,88.5,24
208,59.65361111111111,5.9163888888888865,88.5,15
209,59.58305555555556,8.476944444444445,88.5,15
210,62.55944444444445,7.120833333333336,88.5,15
211,61.74555555555557,6.421944444444446,88.5,12
212,58.976111111111116,7.547777777777777,88.5,12
213,59.35944444444445,8.161944444444446,88.5,8
214,59.53333333333333,7.916666666666667,88.5,2
215,63.78333333333333,12.316666666666666,88.5,1
216,62.1738888888889,10.695277777777779,88.6,14655
217,60.29777777777777,5.362500000000002,88.6,251
218,69.23333333333332,19.98333333333333,88.6,49
219,62.03333333333333,5.683333333333334,88.6,37
220,70.23249999999999,22.270833333333336,88.6,24
221,61.403055555555575,7.316944444444444,88.6,24
222,59.248333333333335,6.33888888888889,88.6,24
223,59.66277777777778,6.3277777777777775,88.6,22
224,69.03361111111111,19.39527777777778,88.6,18
225,69.2663888888889,18.811944444444446,88.6,2
226,59.96249999999999,6.646111111111112,88.6,2
227,58.61805555555556,6.465277777777777,88.6,1
228,60.27611111111111,6.36638888888889,88.6,1
229,69.37888888888891,19.006666666666675,88.6,1
230,59.988611111111126,10.668055555555554,88.7,54450
231,61.43722222222223,5.858611111111109,88.7,7345
232,69.30000000000003,25.349722222222226,88.7,1084
233,69.96305555555558,19.613333333333326,88.7,394
234,70.04305555555554,22.273611111111112,88.7,49
235,63.52583333333333,10.89,88.7,49
236,58.776388888888896,5.970277777777778,88.7,20
237,67.02666666666666,14.031388888888888,88.7,18
238,64.23333333333333,10.666666666666666,88.7,18
239,70.63138888888888,29.728055555555553,88.7,12
240,59.646666666666654,6.79638888888889,88.7,12
241,60.61388888888889,5.843888888888889,88.7,5
242,67.4072222222222,14.63111111111111,88.7,2
243,60.56833333333334,5.968333333333332,88.7,1
244,69.69916666666666,18.63138888888889,88.7,1
245,58.218888888888884,7.851666666666668,88.8,57016
246,68.42138888888888,17.481944444444444,88.8,54450
247,70.09666666666665,29.819999999999997,88.8,209
248,78.22249999999998,15.623055555555556,88.8,200
249,59.479166666666664,5.977499999999999,88.8,49
250,63.04305555555554,9.696111111111112,88.8,49
251,62.13611111111112,6.005555555555554,88.8,37
252,61.05944444444445,6.99,88.8,24
253,70.49416666666664,27.06638888888889,88.8,12
254,69.86944444444445,18.905277777777773,88.8,7
255,62.08027777777777,6.794444444444444,88.8,2
256,66.91666666666667,15.333333333333334,88.8,1
257,64.41444444444443,12.212500000000002,88.9,94624
258,69.71083333333334,22.064166666666672,88.9,160
259,60.87194444444446,10.613611111111112,88.9,128
260,66.82777777777775,13.383333333333333,88.9,104
261,61.06055555555556,7.893888888888889,88.9,86
262,61.55999999999999,9.800833333333333,88.9,73
263,59.56388888888889,8.563055555555556,88.9,49
264,62.12972222222223,5.2825000000000015,88.9,49
265,60.10999999999999,6.537500000000002,88.9,47
266,61.27555555555557,10.42888888888889,88.9,39
267,60.58305555555556,10.019166666666665,88.9,24
268,61.03333333333333,9.500000000000004,88.9,24
269,58.91222222222223,6.0180555555555575,88.9,21
270,70.66666666666669,23.70500000000001,88.9,3
271,61.45,7.088055555555558,88.9,3
272,62.96638888888889,11.243055555555554,88.9,2
273,61.243055555555564,8.85,88.9,2
274,66.78333333333333,15.7,88.9,2
275,62.14388888888887,6.615277777777776,88.9,2
276,59.455000000000005,8.356111111111108,88.9,1
277,59.35305555555557,6.218611111111112,88.9,1
278,62.187777777777775,6.3824999999999985,88.9,1
279,59.21666666666667,8.95,88.9,1
280,69.96666666666667,19.15,88.9,1
281,66.99277777777777,14.839166666666667,89.0,185
282,61.90166666666665,6.665000000000002,89.0,128
283,61.54972222222223,11.092499999999998,89.0,42
284,69.36111111111109,19.616666666666667,89.0,27
285,61.14611111111111,6.746666666666667,89.0,24
286,63.029444444444444,11.720833333333335,89.0,24
287,77.89666666666668,16.726666666666663,89.0,20
288,69.82361111111113,18.571111111111108,89.0,19
289,60.627777777777794,8.605833333333335,89.0,18
290,59.68500000000001,8.9975,89.0,18
291,59.10249999999998,7.454444444444447,89.0,18
292,69.53999999999999,19.023611111111112,89.0,18
293,58.333333333333336,6.266666666666667,89.0,15
294,69.91666666666667,23.05083333333334,89.0,12
295,61.002500000000005,10.113611111111112,89.0,12
296,67.21,15.181666666666665,89.0,2
297,58.80888888888888,6.380833333333333,89.0,1
298,62.20750000000001,6.612499999999998,89.0,1
299,60.49944444444444,7.871111111111113,89.0,1
300,65.7166666666667,13.216666666666667,89.0,1
301,61.31666666666667,6.583333333333333,89.0,1
302,60.37722222222222,5.381388888888888,89.1,27925
303,62.93083333333334,7.926944444444445,89.1,23768
304,59.175277777777765,11.428611111111113,89.1,22131
305,66.29027777777777,14.144999999999996,89.1,641
306,58.91472222222222,5.611666666666669,89.1,485
307,59.97111111111111,11.04527777777778,89.1,61
308,68.2461111111111,14.654166666666669,89.1,24
309,61.3611111111111,9.662777777777778,89.1,24
310,68.6686111111111,14.774722222222222,89.1,24
311,62.782777777777774,11.191388888888888,89.1,24
312,70.09694444444446,20.74555555555556,89.1,24
313,61.4,11.783333333333333,89.1,24
314,61.1,10.344444444444441,89.1,24
315,58.8,6.75,89.1,1
316,70.98444444444445,25.89944444444444,89.2,14997
317,60.57361111111111,9.064166666666667,89.2,38
318,60.58444444444444,12.356666666666667,89.2,37
319,61.84166666666667,10.25416666666667,89.2,31
320,60.27416666666668,8.958333333333336,89.2,29
321,60.43305555555556,8.425833333333332,89.2,25
322,60.58694444444445,9.759166666666667,89.2,24
323,61.86722222222223,8.268055555555557,89.2,24
324,59.43333333333333,9.283333333333333,89.2,21
325,67.39861111111112,15.70638888888889,89.2,20
326,60.265555555555565,10.432499999999997,89.2,19
327,58.526388888888874,6.149166666666668,89.2,7
328,61.81666666666667,8.95,89.2,2
329,61.1886111111111,5.814722222222222,89.2,2
330,58.95222222222222,8.526666666666664,89.2,1
331,58.833333333333336,8.1,89.2,1
332,65.65694444444445,11.82833333333333,89.3,33574
333,60.84583333333333,10.896111111111113,89.3,120
334,60.85,8.52222222222222,89.3,61
335,61.33722222222223,10.316944444444442,89.3,46
336,58.86666666666667,7.7,89.3,40
337,61.68805555555556,9.569444444444441,89.3,37
338,61.13916666666667,8.68527777777778,89.3,37
339,58.30111111111111,6.654166666666666,89.3,24
340,59.86749999999999,9.931111111111111,89.3,24
341,61.189444444444455,7.2266666666666675,89.3,21
342,60.733333333333334,7.116666666666666,89.3,20
343,58.86666666666667,5.933333333333334,89.3,20
344,70.23416666666665,28.07138888888889,89.3,17
345,62.95944444444445,10.899444444444443,89.3,12
346,63.43527777777777,11.267222222222221,89.3,12
347,59.62,10.4575,89.3,4
348,60.36666666666667,9.833333333333334,89.3,3
349,60.58555555555555,10.352777777777778,89.3,2
350,61.23194444444445,6.060277777777778,89.3,2
351,67.68333333333334,15.816666666666666,89.3,2
352,60.75,7.133333333333334,89.3,1
353,61.89000000000002,6.107777777777777,89.4,7345
354,69.29166666666667,18.13222222222223,89.4,4325
355,62.1738888888889,10.695277777777779,89.4,474
356,59.42277777777778,5.328888888888887,89.4,91
357,58.03222222222221,7.450833333333333,89.4,39
358,60.841388888888886,10.098055555555558,89.4,24
359,58.86166666666667,6.797499999999999,89.4,24
360,58.59805555555555,6.722777777777779,89.4,24
361,59.59305555555554,6.706111111111111,89.4,16
362,69.90444444444444,29.312222222222225,89.4,12
363,62.916666666666664,9.761111111111108,89.4,12
364,59.333333333333336,6.466666666666667,89.4,12
365,63.05888888888888,11.468055555555555,89.4,3
366,63.68333333333333,10.65,89.4,2
367,63.7636111111111,11.38611111111111,89.4,2
368,61.31666666666667,9.833333333333334,89.4,2
369,64.78333333333333,13.383333333333333,89.4,2
370,60.860277777777775,7.11,89.4,1
371,61.16611111111111,11.443333333333337,89.4,1
372,63.916666666666664,10.4,89.4,1
373,60.66888888888889,5.778055555555555,89.4,1
374,59.85083333333333,8.655555555555553,89.5,54450
375,58.46083333333332,8.764444444444443,89.5,100
376,60.49194444444446,6.891388888888888,89.5,42
377,58.31388888888889,6.3488888888888875,89.5,24
378,61.18499999999999,6.519166666666668,89.5,24
379,61.83694444444445,10.895000000000001,89.5,18
380,63.22194444444446,10.25111111111111,89.5,12
381,65.46916666666667,13.666666666666666,89.5,12
382,61.34583333333335,6.089444444444445,89.5,12
383,62.38777777777777,7.195833333333331,89.5,2
384,63.81222222222224,12.170833333333329,89.5,2
385,60.666666666666664,6.466666666666667,89.5,2
386,58.516666666666666,8.533333333333333,89.5,2
387,60.960277777777776,6.938055555555555,89.5,1
388,63.39583333333333,11.076944444444441,89.5,1
389,59.72472222222222,6.729166666666668,89.5,1
390,70.0175,19.600277777777777,89.6,97
391,70.33638888888888,31.03222222222222,89.6,79
392,58.58861111111113,7.775555555555554,89.6,49
393,66.76055555555556,13.467222222222222,89.6,37
394,63.26749999999999,9.78861111111111,89.6,35
395,68.61055555555556,14.474166666666665,89.6,24
396,60.18999999999999,6.094166666666666,89.6,24
397,62.666666666666664,9.283333333333333,89.6,24
398,69.56666666666666,19.683333333333334,89.6,24
399,69.55111111111111,21.321666666666676,89.6,19
400,61.16777777777778,5.934444444444443,89.6,18
401,65.36666666666666,14.0,89.6,9
402,66.17777777777775,13.75,89.6,2
403,68.13333333333334,13.45,89.6,2
404,67.86666666666666,15.85,89.6,2
405,61.7,9.7,89.6,2
406,63.49944444444444,9.406111111111112,89.6,1
407,68.37194444444445,16.615000000000006,89.6,1
408,69.1,19.73333333333334,89.6,1
409,66.41666666666667,14.809444444444441,89.6,0
410,70.11305555555556,22.933611111111105,89.7,2118
411,60.37722222222222,5.381388888888888,89.7,2000
412,78.06138888888889,13.61916666666667,89.7,153
413,62.09722222222222,9.0425,89.7,122
414,64.2977777777778,10.291388888888891,89.7,122
415,61.85305555555555,11.873055555555556,89.7,79
416,60.50666666666666,9.149722222222223,89.7,61
417,61.99916666666666,7.616111111111112,89.7,60
418,61.35138888888889,10.089722222222223,89.7,42
419,70.67,29.710277777777776,89.7,31
420,59.96722222222221,10.344722222222224,89.7,31
421,68.73361111111112,16.156388888888895,89.7,24
422,65.31666666666666,12.966666666666667,89.7,24
423,61.62305555555557,7.288333333333335,89.7,18
424,60.65194444444446,6.096111111111109,89.7,17
425,68.88916666666667,17.969166666666663,89.7,16
426,62.59361111111113,11.379444444444445,89.7,15
427,58.94222222222224,7.684999999999999,89.7,9
428,62.583333333333336,9.033333333333333,89.7,2
429,65.76194444444445,13.29305555555556,89.7,1
430,69.62166666666666,18.322222222222223,89.7,1
431,63.53333333333333,8.416666666666666,89.7,1
432,60.16749999999999,11.99444444444444,89.8,32810
433,67.17388888888887,15.027499999999996,89.8,29242
434,63.771944444444436,10.951666666666672,89.8,1247
435,69.6363888888889,18.99805555555556,89.8,255
436,63.37138888888889,9.166666666666666,89.8,79
437,60.88333333333333,5.466666666666667,89.8,39
438,58.66027777777777,6.743888888888889,89.8,34
439,60.259166666666665,5.829722222222223,89.8,24
440,58.766666666666666,7.516666666666667,89.8,24
441,61.03333333333333,9.15,89.8,24
442,62.95,11.816666666666666,89.8,15
443,58.29000000000002,6.42861111111111,89.8,12
444,61.10305555555557,7.523888888888889,89.8,12
445,61.391944444444455,7.4416666666666655,89.8,12
446,59.516666666666666,5.716666666666667,89.8,12
447,62.71972222222222,9.936388888888889,89.8,9
448,61.474166666666655,5.406388888888889,89.8,8
449,58.86805555555556,5.745555555555554,89.8,4
450,61.518611111111106,6.408333333333335,89.8,2
451,62.11444444444443,5.198888888888887,89.8,2
452,61.659722222222236,5.924722222222221,89.8,1
453,59.44972222222223,8.164444444444444,89.8,1
454,60.86666666666667,8.383333333333333,89.8,1
455,60.53833333333334,8.197222222222223,89.9,443
456,59.46250000000002,9.034999999999998,89.9,238
457,60.89777777777779,9.6,89.9,176
458,69.17694444444447,17.80222222222222,89.9,153
459,59.50111111111111,6.194722222222222,89.9,54
460,65.8811111111111,14.078055555555558,89.9,42
461,68.66055555555556,16.080833333333338,89.9,37
462,69.82416666666666,20.88361111111112,89.9,31
463,61.46666666666667,9.3,89.9,29
464,68.24944444444442,17.375,89.9,24
465,62.179999999999986,10.219444444444445,89.9,21
466,70.47611111111111,24.239999999999995,89.9,15
467,68.69916666666666,17.41611111111111,89.9,12
468,58.31666666666667,6.933333333333334,89.9,12
469,63.1738888888889,9.7225,89.9,12
470,69.83333333333333,19.983333333333334,89.9,2
471,60.3,8.983333333333333,89.9,1
472,60.603611111111114,7.517777777777777,89.9,1
473,58.50555555555555,8.599166666666669,89.9,1
474,62.575,6.318611111111109,90.0,49659
475,61.31916666666667,12.188333333333334,90.0,443
476,60.663055555555566,8.03416666666667,90.0,306
477,60.17166666666665,10.373611111111112,90.0,140
478,69.91666666666667,24.99166666666667,90.0,97
479,59.4525,10.634722222222221,90.0,88
480,66.17666666666666,12.945000000000002,90.0,49
481,60.10999999999999,6.537500000000002,90.0,47
482,63.10277777777779,11.292499999999999,90.0,31
483,58.24277777777778,7.340277777777778,90.0,31
484,60.32833333333333,8.489166666666664,90.0,24
485,65.82777777777775,13.229444444444445,90.0,24
486,68.56666666666666,16.28333333333334,90.0,24
487,70.98527777777777,-6.85,90.0,21
488,61.28916666666667,9.994444444444444,90.0,18
489,60.52361111111111,5.234166666666666,90.0,18
490,61.78333333333333,10.466666666666667,90.0,18
491,62.42972222222223,11.273888888888889,90.0,15
492,61.22527777777776,10.434999999999999,90.0,10
493,58.38333333333333,6.05,90.0,7
494,61.07777777777777,5.606111111111109,90.0,6
495,68.69916666666666,17.99416666666667,90.0,2
496,60.54666666666668,6.695555555555554,90.0,2
497,59.863333333333344,6.023611111111111,90.0,2
498,65.25000000000003,12.716666666666667,90.0,2
499,61.339444444444425,7.7616666666666685,90.0,1
500,58.64944444444444,9.125277777777779,90.0,1
501,70.47611111111111,22.145555555555557,90.1,1219
502,69.27861111111109,16.008055555555554,90.1,185
503,60.728888888888875,8.85777777777778,90.1,61
504,59.97444444444444,10.658333333333339,90.1,45
505,70.70833333333334,29.274166666666666,90.1,40
506,60.08388888888888,9.045555555555557,90.1,39
507,60.61388888888889,11.232222222222221,90.1,37
508,66.6686111111111,13.36277777777778,90.1,37
509,69.34583333333333,18.80111111111111,90.1,24
510,64.94583333333333,13.189444444444446,90.1,24
511,58.420277777777784,6.690555555555555,90.1,24
512,58.98027777777777,6.969444444444445,90.1,23
513,65.56666666666666,14.15,90.1,22
514,70.09638888888887,28.622500000000002,90.1,18
515,64.5,10.878333333333336,90.1,16
516,61.46666666666667,11.035277777777775,90.1,15
517,64.98333333333333,11.716666666666667,90.1,12
518,61.56277777777778,10.091666666666669,90.1,12
519,61.16388888888889,6.648888888888891,90.1,12
520,59.35583333333334,7.355277777777779,90.1,9
521,60.68666666666666,5.745000000000002,90.1,9
522,62.85,9.85,90.1,9
523,70.60361111111112,24.60555555555555,90.1,2
524,66.49222222222221,13.110277777777782,90.1,2
525,66.38333333333334,14.316666666666666,90.1,1
526,64.44222222222221,11.562500000000002,90.2,97
527,62.66472222222222,8.581388888888888,90.2,61
528,68.85722222222223,18.342777777777776,90.2,49
529,60.915555555555564,7.219444444444445,90.2,44
530,61.07944444444445,8.942777777777776,90.2,31
531,66.96666666666667,15.35,90.2,24
532,61.91972222222221,8.224722222222221,90.2,21
533,61.49361111111111,6.098333333333333,90.2,21
534,61.603611111111114,5.103611111111111,90.2,20
535,61.680000000000014,10.931111111111111,90.2,18
536,61.82916666666666,6.1655555555555575,90.2,18
537,65.13833333333334,12.208888888888893,90.2,16
538,60.26277777777778,9.964722222222225,90.2,15
539,59.11750000000002,7.4988888888888905,90.2,12
540,60.453055555555544,10.070555555555556,90.2,12
541,59.65722222222223,6.7858333333333345,90.2,2
542,62.029444444444444,4.998055555555554,90.2,2
543,71.13333333333334,25.85,90.2,2
544,64.2,10.3,90.2,2
545,64.35277777777776,10.469722222222225,90.2,2
546,63.36666666666667,9.6,90.2,1
547,67.83194444444447,15.007222222222222,90.3,133660
548,69.21722222222223,23.435,90.3,17179
549,59.22027777777778,5.428333333333332,90.3,9908
550,59.23583333333334,9.699166666666665,90.3,2985
551,60.55999999999999,8.39861111111111,90.3,106
552,62.5525,10.315555555555557,90.3,49
553,71.03638888888891,27.859166666666663,90.3,39
554,63.1,9.983333333333333,90.3,30
555,59.659444444444446,6.011944444444443,90.3,25
556,61.25972222222223,5.463055555555556,90.3,12
557,62.86305555555554,10.08777777777778,90.3,12
558,60.31666666666667,6.333333333333333,90.3,12
559,58.88805555555556,8.996666666666664,90.3,9
560,70.06333333333335,28.080555555555556,90.3,9
561,59.0,8.533333333333333,90.3,8
562,63.42222222222222,10.431944444444444,90.3,6
563,63.21555555555554,8.07527777777778,90.3,2
564,62.03694444444442,6.783055555555556,90.3,1
565,60.84583333333333,10.896111111111113,90.4,4100
566,61.29944444444444,7.845277777777777,90.4,88
567,64.45,10.733333333333333,90.4,31
568,64.96444444444442,12.184444444444443,90.4,24
569,62.215277777777786,8.508611111111113,90.4,24
570,63.29583333333333,9.133888888888889,90.4,24
571,60.21916666666667,9.57472222222222,90.4,24
572,59.7,7.9,90.4,24
573,62.019999999999996,5.5388888888888905,90.4,18
574,69.0,18.94444444444444,90.4,15
575,58.13472222222223,8.005555555555556,90.4,13
576,61.01944444444445,6.381666666666666,90.4,12
577,70.79166666666667,28.073055555555555,90.4,12
578,69.51555555555554,17.477499999999996,90.4,12
579,61.49583333333333,7.592222222222223,90.4,12
580,63.0136111111111,10.33972222222222,90.4,12
581,61.66944444444445,6.421944444444446,90.4,8
582,59.38333333333333,6.466666666666667,90.4,4
583,65.79444444444447,13.238333333333335,90.4,3
584,59.77472222222222,6.757777777777777,90.4,1
585,70.07444444444444,20.431388888888883,90.5,30620
586,64.28472222222223,11.092777777777776,90.5,238
587,62.18972222222221,6.0022222222222235,90.5,217
588,62.5686111111111,9.710833333333333,90.5,198
589,63.45666666666666,11.67666666666667,90.5,150
590,63.5,9.816666666666666,90.5,80
591,59.95722222222223,10.806666666666667,90.5,71
592,68.69916666666666,17.41611111111111,90.5,40
593,62.13305555555556,9.905833333333332,90.5,31
594,61.66027777777777,7.276111111111112,90.5,27
595,61.402777777777786,6.2275,90.5,27
596,63.98694444444445,10.406666666666666,90.5,24
597,60.791944444444454,5.954999999999998,90.5,24
598,58.47944444444445,7.381388888888888,90.5,24
599,68.66305555555556,18.72583333333333,90.5,20
600,59.516666666666666,6.65,90.5,20
601,62.94555555555554,11.04444444444444,90.5,18
602,61.42305555555554,6.765277777777777,90.5,16
603,58.44722222222222,8.754722222222224,90.5,15
604,58.64083333333335,6.09638888888889,90.5,15
605,62.091388888888886,6.856944444444444,90.5,13
606,60.3,10.566666666666666,90.5,12
607,60.47694444444444,8.0525,90.5,12
608,69.59444444444442,25.933333333333334,90.5,9
609,59.166666666666664,8.45,90.5,8
610,65.34055555555557,12.511944444444445,90.5,2
611,58.78194444444445,7.34111111111111,90.5,1
612,59.423333333333325,8.183611111111107,90.5,1
613,61.733333333333334,6.65,90.5,1
614,62.21666666666667,6.6,90.5,1
615,58.97472222222222,9.214166666666667,90.6,198
616,61.034444444444446,5.155,90.6,122
617,70.40111111111108,26.71638888888888,90.6,82
618,68.9086111111111,15.058888888888893,90.6,61
619,61.18222222222224,8.238055555555558,90.6,49
620,59.544166666666676,9.23138888888889,90.6,47
621,59.62555555555555,7.773888888888889,90.6,31
622,65.03500000000001,11.836388888888886,90.6,24
623,61.56916666666667,5.721944444444443,90.6,24
624,66.39,14.522777777777778,90.6,24
625,61.79111111111111,6.497222222222222,90.6,21
626,65.8786111111111,13.801666666666671,90.6,18
627,59.99555555555555,5.990555555555555,90.6,18
628,60.53972222222221,6.736388888888889,90.6,12
629,59.397222222222226,6.1127777777777785,90.6,12
630,58.21666666666667,6.578333333333332,90.6,12
631,64.18333333333334,10.25,90.6,12
632,59.43333333333333,8.816666666666666,90.6,12
633,59.483333333333334,8.4,90.6,2
634,68.65,16.850000000000005,90.6,2
635,60.1,8.783333333333337,90.6,2
636,59.83555555555555,6.304999999999999,90.6,1
637,58.828888888888876,6.798333333333332,90.6,1
638,60.26333333333335,9.268333333333334,90.6,1
639,66.80861111111109,13.958333333333332,90.6,1
640,62.93083333333334,7.926944444444445,90.7,23768
641,66.53027777777777,12.820555555555558,90.7,735
642,59.23916666666667,10.956111111111111,90.7,119
643,60.80861111111112,9.615833333333335,90.7,111
644,70.09666666666665,29.819999999999997,90.7,104
645,60.238055555555555,8.581944444444444,90.7,99
646,61.22833333333334,6.086666666666667,90.7,79
647,59.7611111111111,10.04527777777778,90.7,70
648,60.72805555555555,10.607777777777777,90.7,63
649,59.66472222222222,10.596666666666668,90.7,57
650,58.50694444444444,7.134166666666666,90.7,49
651,60.41138888888889,7.240833333333333,90.7,49
652,58.10083333333333,7.523888888888889,90.7,42
653,61.27555555555557,10.42888888888889,90.7,39
654,68.92555555555558,19.528333333333336,90.7,24
655,59.20555555555555,8.044722222222225,90.7,24
656,58.53333333333333,8.342777777777778,90.7,24
657,59.040833333333346,11.423055555555557,90.7,24
658,69.17972222222221,18.450277777777778,90.7,24
659,59.66277777777778,6.3277777777777775,90.7,22
660,69.05305555555555,17.057777777777783,90.7,21
661,60.57194444444446,5.8036111111111115,90.7,18
662,58.704999999999984,7.77222222222222,90.7,18
663,58.84805555555555,6.137499999999999,90.7,18
664,68.86472222222221,17.78333333333334,90.7,18
665,70.40944444444442,24.533611111111117,90.7,18
666,60.47472222222222,5.318333333333332,90.7,15
667,60.416944444444454,5.834166666666666,90.7,15
668,59.61166666666667,8.440833333333336,90.7,12
669,64.51666666666667,11.516666666666667,90.7,12
670,59.85944444444445,9.034722222222225,90.7,9
671,61.73638888888888,5.919444444444445,90.7,6
672,67.9827777777778,16.27333333333334,90.7,4
673,70.54666666666665,23.37694444444444,90.7,2
674,69.63333333333334,18.05,90.7,2
675,60.53333333333333,9.833333333333334,90.7,1
676,60.36611111111111,6.276111111111112,90.8,164
677,60.71805555555556,7.639444444444445,90.8,122
678,69.94333333333333,23.351944444444435,90.8,61
679,59.15333333333333,9.67027777777778,90.8,60
680,66.7,15.45,90.8,49
681,61.739722222222234,11.174444444444443,90.8,34
682,66.31277777777778,14.030000000000001,90.8,31
683,69.27194444444446,19.433611111111116,90.8,31
684,68.76166666666667,15.205000000000002,90.8,24
685,62.701666666666675,11.339444444444446,90.8,24
686,60.60472222222222,8.357222222222221,90.8,24
687,59.3263888888889,6.259444444444445,90.8,18
688,58.59527777777779,8.932499999999997,90.8,18
689,64.89333333333335,13.53111111111111,90.8,18
690,59.26694444444445,9.921944444444442,90.8,15
691,61.333333333333336,5.4061111111111115,90.8,12
692,68.56500000000003,15.82805555555555,90.8,12
693,68.77000000000002,17.16527777777778,90.8,12
694,68.68055555555556,14.447777777777777,90.8,12
695,58.45,6.6,90.8,12
696,65.40361111111109,13.671111111111113,90.8,9
697,59.28972222222221,8.765555555555558,90.8,8
698,60.5063888888889,9.205555555555557,90.8,2
699,67.59166666666664,15.725277777777777,90.8,2
700,68.14305555555556,15.469444444444449,90.8,2
701,70.3288888888889,22.94833333333333,90.8,2
702,67.50861111111112,12.069722222222225,90.8,2
703,59.947777777777766,6.665833333333332,90.8,2
704,68.0,13.266666666666667,90.8,2
705,60.8,6.583333333333333,90.8,2
706,60.17222222222222,5.725555555555557,90.8,1
707,63.771944444444436,10.951666666666672,90.9,31333
708,70.29333333333332,24.95,90.9,701
709,67.29472222222222,14.486111111111114,90.9,141
710,60.38972222222223,10.031944444444443,90.9,125
711,61.76472222222222,6.154166666666666,90.9,61
712,69.75916666666666,18.854444444444447,90.9,53
713,61.913055555555566,7.037222222222222,90.9,49
714,59.88166666666667,8.690555555555555,90.9,49
715,62.156111111111116,6.241111111111111,90.9,42
716,62.12333333333333,7.171944444444443,90.9,37
717,68.17777777777775,13.366666666666667,90.9,24
718,65.5347222222222,13.380277777777778,90.9,24
719,69.26666666666667,29.233333333333334,90.9,22
720,62.09861111111112,5.755555555555556,90.9,21
721,61.317499999999995,6.242777777777776,90.9,12
722,58.35,7.2,90.9,12
723,58.61666666666667,6.916666666666667,90.9,2
724,58.733333333333334,6.766666666666667,90.9,1
725,67.13694444444445,16.12138888888889,91.0,185
726,62.266666666666666,7.133333333333334,91.0,134
727,59.82305555555554,10.65,91.0,108
728,58.33194444444445,6.30638888888889,91.0,99
729,69.89611111111111,21.61777777777778,91.0,97
730,65.2763888888889,12.265833333333331,91.0,80
731,64.85944444444445,11.635277777777777,91.0,80
732,59.72305555555555,7.567777777777777,91.0,75
733,61.11638888888889,12.067499999999999,91.0,49
734,61.016666666666666,6.516666666666667,91.0,31
735,60.52416666666665,6.092777777777779,91.0,24
736,62.72805555555555,8.11888888888889,91.0,18
737,61.32805555555555,5.741944444444446,91.0,18
738,61.040833333333346,7.806666666666667,91.0,18
739,59.488333333333344,8.630277777777778,91.0,16
740,58.995000000000005,7.734722222222221,91.0,12
741,61.19166666666667,5.318611111111109,91.0,12
742,66.05,13.55,91.0,12
743,60.55361111111112,6.948333333333335,91.0,12
744,59.28527777777777,7.419722222222223,91.0,9
745,61.610277777777775,6.5219444444444425,91.0,9
746,59.30194444444444,8.430555555555559,91.0,9
747,66.90000000000002,14.833333333333334,91.0,2
748,62.11388888888889,6.543055555555556,91.0,2
749,59.07416666666668,8.75111111111111,91.0,2
750,62.02916666666666,6.727499999999999,91.0,2
751,60.47638888888888,8.183055555555557,91.0,2
752,70.25000000000003,19.5,91.0,1
753,65.64444444444443,12.739166666666668,91.0,1
754,59.22027777777778,5.428333333333332,91.1,119120
755,68.42138888888888,17.481944444444444,91.1,54450
756,61.89777777777779,9.28361111111111,91.1,52000
757,70.46833333333335,28.23527777777777,91.1,14655
758,69.74305555555557,21.09027777777778,91.1,15
759,60.97194444444443,5.444722222222222,91.1,2
760,60.8,6.166666666666667,91.1,1
761,66.64833333333335,13.573888888888888,91.1,1
762,58.1,7.666666666666667,91.1,1
763,58.76777777777777,9.105555555555554,91.2,300
764,69.71805555555554,19.12888888888889,91.2,111
765,58.61277777777778,7.431111111111111,91.2,24
766,69.8911111111111,21.432777777777776,91.2,24
767,59.18999999999999,7.515555555555557,91.2,24
768,63.21694444444445,8.538333333333332,91.2,18
769,62.93666666666666,10.655833333333334,91.2,12
770,64.9686111111111,11.808611111111109,91.2,2
771,64.39055555555557,10.49194444444445,91.2,2
772,69.45,17.35,91.2,2
773,62.233333333333334,7.433333333333334,91.2,2
774,60.666666666666664,5.9,91.2,1
775,64.16527777777779,10.484999999999998,91.2,1
776,59.67083333333332,9.52222222222222,91.3,36813
777,61.87500000000001,4.989999999999998,91.3,27925
778,70.11305555555556,22.933611111111105,91.3,2118
779,64.2111111111111,12.369999999999997,91.3,485
780,60.37722222222222,5.381388888888888,91.3,400
781,78.92777777777779,11.952777777777776,91.3,73
782,70.04194444444443,19.274444444444445,91.3,49
783,65.12111111111113,12.534444444444443,91.3,49
784,62.58833333333332,11.749444444444443,91.3,24
785,64.575,11.178055555555558,91.3,24
786,70.04666666666665,27.627499999999998,91.3,20
787,60.825,5.853611111111111,91.3,18
788,69.27833333333331,19.900555555555556,91.3,12
789,68.0,13.266666666666667,91.3,4
790,61.52583333333333,12.079166666666662,91.3,2
791,65.80222222222223,13.208888888888893,91.3,2
792,63.93333333333333,10.416666666666666,91.3,2
793,63.583333333333336,9.55,91.3,2
794,61.33194444444445,11.09416666666667,91.4,368
795,66.8,13.516666666666667,91.4,160
796,62.46277777777778,9.549722222222224,91.4,61
797,60.97361111111111,10.534444444444443,91.4,26
798,59.916666666666664,6.6,91.4,26
799,58.30111111111111,6.654166666666666,91.4,24
800,68.82444444444447,18.196388888888883,91.4,24
801,59.91944444444445,6.58,91.4,16
802,62.843055555555566,11.336388888888893,91.4,12
803,60.44027777777778,5.609166666666665,91.4,12
804,59.31666666666667,7.333333333333333,91.4,12
805,63.396666666666654,9.514722222222225,91.4,2
806,64.78333333333333,13.383333333333333,91.4,2
807,62.61138888888888,8.923333333333334,91.4,1
808,61.17333333333335,7.120277777777778,91.5,15346
809,67.83194444444447,15.007222222222222,91.5,13366
810,63.04333333333335,10.24,91.5,485
811,59.48944444444445,8.090277777777779,91.5,128
812,65.63916666666664,14.021944444444445,91.5,122
813,70.52777777777777,24.000555555555554,91.5,40
814,59.65361111111111,5.9163888888888865,91.5,30
815,70.02388888888889,20.981388888888894,91.5,24
816,59.65666666666666,6.804999999999999,91.5,18
817,58.717500000000015,9.219444444444445,91.5,18
818,60.227499999999985,5.683888888888888,91.5,10
819,61.726111111111116,6.528055555555555,91.5,9
820,59.37027777777778,6.440833333333333,91.5,4
821,59.744722222222215,5.947777777777778,91.5,2
822,58.22638888888888,8.031666666666666,91.5,1
823,58.512499999999996,6.525277777777779,91.5,1
824,62.51138888888889,7.768611111111113,91.5,1
825,66.42611111111111,15.21611111111111,91.6,336
826,59.773055555555544,7.3488888888888875,91.6,306
827,58.44722222222222,8.754722222222224,91.6,223
828,60.38527777777777,6.0244444444444465,91.6,31
829,64.2,10.1,91.6,30
830,63.43999999999999,9.271944444444443,91.6,24
831,64.16416666666667,10.175555555555555,91.6,24
832,69.38472222222225,20.191388888888888,91.6,24
833,62.31527777777778,11.708888888888888,91.6,24
834,62.07138888888889,6.279166666666668,91.6,21
835,61.43055555555556,12.121388888888891,91.6,18
836,62.58166666666666,9.181111111111111,91.6,12
837,70.63944444444442,23.697777777777777,91.6,11
838,66.49555555555554,13.213888888888889,91.6,2
839,65.91527777777779,12.940277777777778,91.6,1
840,70.62777777777777,21.986944444444447,91.6,1
841,60.66888888888889,5.778055555555555,91.6,1
842,60.80861111111112,9.615833333333335,91.7,21677
843,59.54666666666668,10.196388888888887,91.7,251
844,59.20555555555555,8.044722222222225,91.7,185
845,60.60277777777776,6.421944444444446,91.7,50
846,68.09388888888887,13.17666666666667,91.7,37
847,61.733333333333334,6.783333333333333,91.7,24
848,66.26666666666667,13.55,91.7,24
849,67.02666666666666,14.031388888888888,91.7,18
850,62.03083333333331,7.513055555555557,91.7,4
851,61.5488888888889,6.458333333333332,91.7,4
852,70.23249999999999,22.33972222222222,91.7,3
853,58.63333333333332,5.954722222222221,91.8,36813
854,69.29166666666667,18.13222222222223,91.8,26669
855,69.75083333333333,30.13027777777777,91.8,18450
856,63.44055555555556,10.908888888888894,91.8,99
857,61.85305555555555,11.873055555555556,91.8,79
858,59.62416666666668,8.930833333333332,91.8,42
859,59.578888888888876,7.332777777777779,91.8,24
860,59.41166666666667,8.431388888888888,91.8,24
861,61.86722222222223,8.268055555555557,91.8,24
862,59.20222222222222,9.955277777777777,91.8,18
863,58.666666666666664,8.983333333333333,91.8,12
864,60.32694444444444,5.261388888888888,91.8,7
865,59.48166666666667,11.646111111111113,91.8,2
866,59.13833333333334,9.053333333333333,91.8,1
867,66.33333333333333,14.633333333333333,91.8,1
868,64.41444444444443,12.212500000000002,91.9,94624
869,62.575,6.318611111111109,91.9,49659
870,59.988611111111126,10.668055555555554,91.9,883
871,60.406111111111095,6.635000000000002,91.9,336
872,68.10111111111111,13.526111111111108,91.9,306
873,66.99277777777777,14.839166666666667,91.9,185
874,59.972500000000004,8.86111111111111,91.9,24
875,61.166666666666664,12.55,91.9,20
876,59.56361111111111,7.960277777777778,91.9,18
877,58.71666666666667,8.316666666666666,91.9,9
878,61.46666666666667,10.3,91.9,2
879,70.24583333333331,23.39055555555556,91.9,1
880,60.82777777777777,6.259722222222223,91.9,0
881,60.830555555555556,6.21,91.9,0
882,69.30000000000003,25.349722222222226,92.0,1084
883,66.85361111111114,13.64111111111111,92.0,116
884,59.257500000000014,11.170000000000003,92.0,99
885,61.84166666666667,10.25416666666667,92.0,61
886,62.666666666666664,9.077777777777774,92.0,54
887,62.61666666666667,9.633333333333336,92.0,49
888,61.18499999999999,6.519166666666668,92.0,49
889,59.14916666666669,7.541388888888888,92.0,40
890,66.15,12.61083333333333,92.0,37
891,60.730555555555554,10.603611111111114,92.0,31
892,62.13805555555556,10.543055555555553,92.0,24
893,68.45916666666669,15.911666666666669,92.0,24
894,68.19583333333335,17.555555555555557,92.0,24
895,61.983333333333334,11.116666666666667,92.0,24
896,61.54972222222223,11.092499999999998,92.0,21
897,69.80944444444445,26.28388888888889,92.0,20
898,77.89666666666668,16.726666666666663,92.0,20
899,61.796944444444435,8.498055555555554,92.0,18
900,61.474166666666655,5.406388888888889,92.0,16
901,67.7166666666667,15.866666666666667,92.0,15
902,60.390277777777776,5.8036111111111115,92.0,12
903,61.71694444444445,9.379444444444445,92.0,12
904,70.49416666666664,27.06638888888889,92.0,12
905,60.81694444444445,5.348333333333333,92.0,2
906,61.666666666666664,9.741388888888888,92.0,2
907,70.77777777777776,23.15,92.0,2
908,59.39277777777778,6.3130555555555565,92.0,1
909,60.17166666666665,10.373611111111112,92.1,140
910,66.29027777777777,14.144999999999996,92.1,60
911,66.82472222222225,15.532499999999999,92.1,49
912,60.083333333333336,6.0,92.1,49
913,61.13916666666667,8.68527777777778,92.1,37
914,60.73555555555556,10.974166666666665,92.1,35
915,68.80083333333333,15.351666666666665,92.1,31
916,62.25,8.181111111111111,92.1,24
917,58.31666666666667,6.933333333333334,92.1,24
918,59.81249999999999,6.775277777777776,92.1,24
919,69.83638888888888,20.78333333333334,92.1,24
920,58.891944444444434,6.888055555555555,92.1,24
921,67.72777777777777,15.31555555555556,92.1,24
922,69.55111111111111,21.321666666666676,92.1,19
923,68.09694444444446,16.365,92.1,16
924,58.48944444444445,8.884166666666669,92.1,15
925,59.419999999999995,8.056944444444447,92.1,15
926,61.11666666666667,5.824166666666666,92.1,12
927,68.4775,16.872499999999995,92.1,12
928,70.5,25.116666666666667,92.1,9
929,61.3111111111111,5.356111111111112,92.1,8
930,59.528333333333336,5.905555555555553,92.1,8
931,60.648611111111116,5.947777777777778,92.1,2
932,67.07194444444443,14.30222222222222,92.1,2
933,60.603611111111114,7.517777777777777,92.1,1
934,68.67472222222221,17.13777777777778,92.1,1
935,70.93333333333334,27.438055555555557,92.1,1
936,67.13333333333334,14.95,92.1,1
937,67.20361111111112,14.430277777777778,92.1,1
938,67.15,15.983333333333333,92.1,1
939,59.22027777777778,5.428333333333332,92.2,153
940,70.09666666666665,29.819999999999997,92.2,128
941,60.472500000000004,7.8405555555555555,92.2,122
942,69.6363888888889,18.99805555555556,92.2,81
943,60.36583333333333,9.66388888888889,92.2,49
944,60.47527777777776,5.4594444444444425,92.2,39
945,70.60805555555555,22.279722222222215,92.2,24
946,68.67222222222222,17.71472222222222,92.2,24
947,69.45,19.67777777777777,92.2,24
948,70.01000000000002,22.100555555555555,92.2,24
949,58.449166666666684,6.5388888888888905,92.2,24
950,65.43055555555556,12.487222222222218,92.2,16
951,68.83472222222223,17.378333333333334,92.2,8
952,65.58027777777777,14.013333333333334,92.2,2
953,64.20722222222223,10.392499999999998,92.2,2
954,66.15944444444445,13.90111111111111,92.2,1
955,68.41166666666669,15.98472222222222,92.2,1
956,59.23583333333334,9.699166666666665,92.3,48529
957,61.89000000000002,6.107777777777777,92.3,7345
958,59.680277777777775,6.5313888888888885,92.3,49
959,69.23333333333332,19.98333333333333,92.3,49
960,66.6686111111111,13.36277777777778,92.3,37
961,59.01694444444445,6.47638888888889,92.3,24
962,59.46666666666667,6.466666666666667,92.3,24
963,65.0352777777778,12.540555555555555,92.3,21
964,60.7,8.533333333333333,92.3,18
965,60.281388888888905,6.1866666666666665,92.3,17
966,66.05916666666667,12.923333333333334,92.3,12
967,60.666666666666664,6.466666666666667,92.3,2
968,66.46083333333331,13.225277777777782,92.3,1
969,69.91388888888889,20.1575,92.3,1
970,63.26111111111113,10.357777777777777,92.4,59704
971,68.54416666666665,14.868888888888886,92.4,29923
972,61.29944444444444,7.845277777777777,92.4,88
973,60.915555555555564,7.219444444444445,92.4,44
974,60.26277777777778,9.964722222222225,92.4,31
975,70.98527777777777,-6.85,92.4,30
976,60.43305555555556,8.425833333333332,92.4,25
977,60.21694444444445,5.890833333333333,92.4,24
978,61.333333333333336,6.716666666666667,92.4,24
979,59.87527777777776,6.38111111111111,92.4,2
980,62.7,7.7,92.4,2
981,58.218888888888884,7.851666666666668,92.5,57016
982,60.99416666666665,11.338333333333335,92.5,43251
983,70.46833333333335,28.23527777777777,92.5,14655
984,62.197500000000005,6.145555555555554,92.5,26
985,61.14611111111111,6.746666666666667,92.5,24
986,69.79583333333335,19.50805555555556,92.5,24
987,65.4413888888889,14.032500000000004,92.5,16
988,65.59333333333332,13.371666666666668,92.5,16
989,60.86083333333334,5.51111111111111,92.5,12
990,61.40972222222221,5.028611111111113,92.5,12
991,70.26750000000001,23.419999999999998,92.5,2
992,60.733333333333334,6.15,92.5,2
993,69.65,18.14444444444444,92.5,2
994,69.37888888888891,19.006666666666675,92.5,1
995,59.666666666666664,10.566666666666666,92.5,1
996,59.87388888888887,5.493888888888889,92.6,36813
997,59.718888888888884,10.245277777777776,92.6,299
998,65.08555555555556,11.838611111111106,92.6,61
999,58.94416666666665,5.662499999999998,92.6,48
1000,64.68277777777777,13.729166666666668,92.6,30
1001,69.9313888888889,20.972777777777786,92.6,24
1002,70.07388888888887,18.958888888888886,92.6,21
1003,62.156111111111116,6.241111111111111,92.6,16
1004,70.245,21.786111111111108,92.6,16
1005,59.166666666666664,8.45,92.6,16
1006,69.98388888888887,23.28305555555556,92.6,12
1007,66.98333333333333,14.0,92.6,12
1008,65.28333333333333,12.65,92.6,12
1009,61.86638888888889,9.13888888888889,92.6,11
1010,62.1,6.133333333333334,92.6,2
1011,69.49,17.343611111111116,92.6,1
1012,69.78500000000001,18.755555555555564,92.6,1
1013,61.55999999999999,9.800833333333333,92.7,73
1014,60.728888888888875,8.85777777777778,92.7,61
1015,60.238055555555555,8.581944444444444,92.7,50
1016,62.12972222222223,5.2825000000000015,92.7,49
1017,63.42222222222222,10.431944444444444,92.7,31
1018,61.391944444444455,7.4416666666666655,92.7,24
1019,66.96666666666667,15.35,92.7,24
1020,60.453055555555544,10.070555555555556,92.7,24
1021,62.293888888888894,6.878333333333336,92.7,18
1022,62.55944444444445,7.120833333333336,92.7,15
1023,64.45,10.733333333333333,92.7,15
1024,58.334722222222226,6.413888888888889,92.7,10
1025,62.43277777777777,7.856666666666667,92.7,9
1026,66.66027777777778,13.072222222222223,92.7,8
1027,62.05444444444444,6.392777777777775,92.7,1
1028,58.846388888888896,6.762777777777779,92.7,1
1029,61.43722222222223,5.858611111111109,92.8,7345
1030,60.38777777777777,10.619722222222226,92.8,306
1031,62.25861111111112,7.15111111111111,92.8,80
1032,60.45,10.5,92.8,60
1033,68.69916666666666,17.41611111111111,92.8,40
1034,61.27555555555557,10.42888888888889,92.8,39
1035,62.13305555555556,9.905833333333332,92.8,31
1036,59.19694444444444,7.601388888888888,92.8,31
1037,69.56472222222224,18.548333333333325,92.8,24
1038,68.92972222222221,15.4475,92.8,24
1039,61.189444444444455,7.2266666666666675,92.8,21
1040,61.516666666666666,12.516666666666667,92.8,18
1041,65.40361111111109,13.671111111111113,92.8,18
1042,66.01777777777781,12.624722222222221,92.8,10
1043,67.09083333333335,14.261666666666663,92.8,8
1044,61.03833333333334,7.623333333333334,92.8,2
1045,58.6,6.766666666666667,92.8,2
1046,58.70611111111109,7.477222222222222,92.8,2
1047,59.96249999999999,6.646111111111112,92.8,2
1048,70.1,22.85,92.8,2
1049,64.35277777777776,10.469722222222225,92.8,2
1050,60.960277777777776,6.938055555555555,92.8,1
1051,64.1,10.55,92.8,1
1052,62.5,6.1,92.8,1
1053,62.647222222222226,9.516666666666667,92.8,0
1054,68.42138888888888,17.481944444444444,92.9,134
1055,64.85944444444445,11.635277777777777,92.9,80
1056,60.663055555555566,8.03416666666667,92.9,61
1057,68.26583333333332,13.826111111111109,92.9,39
1058,61.518611111111106,7.289722222222223,92.9,24
1059,59.66277777777778,6.3277777777777775,92.9,22
1060,63.395277777777764,8.978888888888891,92.9,18
1061,68.88916666666667,17.969166666666663,92.9,16
1062,60.722222222222214,5.629722222222223,92.9,15
1063,69.0,18.94444444444444,92.9,15
1064,62.643611111111106,8.12277777777778,92.9,12
1065,66.85000000000002,13.716666666666667,92.9,10
1066,68.72805555555556,17.485000000000007,92.9,2
1067,69.83305555555556,21.905277777777766,92.9,2
1068,58.918611111111105,6.266666666666667,92.9,1
1069,62.59694444444444,8.953611111111114,92.9,1
1070,59.985000000000014,10.67027777777778,93.0,1845
1071,58.920555555555566,5.79,93.0,640
1072,63.44055555555556,10.908888888888894,93.0,321
1073,70.575,23.99166666666667,93.0,157
1074,58.14944444444444,7.0519444444444455,93.0,125
1075,58.629444444444445,8.911111111111108,93.0,112
1076,69.27194444444446,19.433611111111116,93.0,61
1077,60.37972222222223,6.146111111111112,93.0,40
1078,71.03638888888891,27.859166666666663,93.0,39
1079,61.285833333333336,8.04861111111111,93.0,31
1080,61.476111111111116,10.231944444444446,93.0,24
1081,70.33333333333333,21.466666666666665,93.0,24
1082,61.171944444444456,10.110277777777782,93.0,24
1083,58.86666666666667,7.7,93.0,20
1084,64.45777777777779,13.624722222222221,93.0,18
1085,62.85,9.85,93.0,18
1086,60.47472222222222,5.318333333333332,93.0,15
1087,70.47611111111111,24.239999999999995,93.0,15
1088,61.7186111111111,8.328333333333335,93.0,12
1089,59.8311111111111,6.251944444444443,93.0,2
1090,64.85777777777777,13.05277777777778,93.0,2
1091,62.41722222222221,6.951111111111113,93.0,2
1092,58.61666666666667,6.916666666666667,93.0,2
1093,61.84361111111111,9.429722222222223,93.0,2
1094,62.181666666666665,5.15,93.0,1
1095,66.21750000000002,13.645833333333329,93.0,1
1096,58.56666666666667,7.466666666666667,93.0,1
1097,63.36666666666667,9.6,93.0,1
1098,69.68333333333334,25.9,93.0,1
1099,66.69777777777776,13.306111111111111,93.0,0
1100,69.27861111111109,16.008055555555554,93.1,185
1101,65.87833333333332,13.303888888888892,93.1,86
1102,62.5525,10.315555555555557,93.1,49
1103,61.739722222222234,11.174444444444443,93.1,34
1104,59.68055555555556,9.669166666666667,93.1,34
1105,65.03500000000001,11.836388888888886,93.1,24
1106,70.3263888888889,23.044444444444448,93.1,24
1107,64.39166666666667,11.370833333333335,93.1,24
1108,58.976111111111116,7.547777777777777,93.1,24
1109,62.56666666666667,9.350000000000003,93.1,24
1110,63.29583333333333,9.133888888888889,93.1,24
1111,61.92805555555555,7.941388888888888,93.1,24
1112,62.28777777777778,6.6561111111111115,93.1,24
1113,61.939166666666665,10.013055555555557,93.1,18
1114,69.53999999999999,19.023611111111112,93.1,18
1115,59.00888888888888,8.270833333333332,93.1,15
1116,61.09833333333333,7.468333333333332,93.1,2
1117,61.31666666666667,5.466666666666667,93.1,2
1118,61.333333333333336,12.25,93.1,2
1119,66.80861111111109,13.958333333333332,93.1,1
1120,60.93222222222221,8.413611111111107,93.1,1
1121,58.13472222222223,8.005555555555556,93.2,147
1122,66.31472222222222,14.124722222222221,93.2,141
1123,62.84555555555554,8.640277777777778,93.2,49
1124,59.544166666666676,9.23138888888889,93.2,44
1125,60.84583333333333,10.896111111111113,93.2,37
1126,65.18333333333334,12.266666666666667,93.2,31
1127,60.841388888888886,10.098055555555558,93.2,24
1128,61.48194444444445,7.686944444444444,93.2,24
1129,60.58305555555556,10.019166666666665,93.2,24
1130,58.420277777777784,6.690555555555555,93.2,24
1131,61.87861111111109,6.798611111111113,93.2,18
1132,64.89333333333335,13.53111111111111,93.2,18
1133,62.46416666666667,6.798888888888888,93.2,15
1134,60.028055555555554,9.861944444444447,93.2,15
1135,59.583333333333336,8.21666666666667,93.2,12
1136,59.578888888888876,11.012500000000001,93.2,10
1137,59.213055555555535,10.94,93.2,6
1138,70.43805555555556,22.257777777777772,93.2,2
1139,61.516666666666666,5.5,93.2,2
1140,64.2,10.3,93.2,2
1141,61.65666666666666,5.802222222222223,93.2,1
1142,65.36666666666666,14.266666666666667,93.2,1
1143,60.69416666666665,6.414166666666667,93.3,29242
1144,67.17388888888887,15.027499999999996,93.3,29242
1145,69.57166666666667,20.432500000000005,93.3,2547
1146,62.563055555555536,7.534722222222221,93.3,134
1147,61.33722222222223,10.316944444444442,93.3,46
1148,64.17777777777775,13.983333333333333,93.3,37
1149,62.3625,6.034166666666666,93.3,24
1150,58.766666666666666,7.516666666666667,93.3,24
1151,62.30444444444444,7.32527777777778,93.3,18
1152,62.17944444444444,6.213611111111112,93.3,3
1153,69.68333333333334,29.4,93.3,2
1154,59.45222222222222,8.305000000000001,93.3,1
1155,61.16611111111111,11.443333333333337,93.3,1
1156,63.771944444444436,10.951666666666672,93.4,31261
1157,65.31388888888888,13.44861111111111,93.4,1432
1158,70.87583333333336,28.90611111111112,93.4,863
1159,69.94333333333333,23.351944444444435,93.4,107
1160,61.07944444444445,8.942777777777776,93.4,61
1161,62.197500000000005,11.419166666666664,93.4,24
1162,61.33916666666667,6.316111111111113,93.4,24
1163,65.34055555555557,12.511944444444445,93.4,2
1164,66.21916666666667,13.396666666666667,93.4,1
1165,68.70555555555555,18.109722222222224,93.4,1
1166,59.22027777777778,5.428333333333332,93.5,119120
1167,59.988611111111126,10.668055555555554,93.5,100000
1168,66.53027777777777,12.820555555555558,93.5,735
1169,62.09722222222222,9.0425,93.5,122
1170,69.89611111111111,21.61777777777778,93.5,97
1171,68.80944444444445,16.525555555555552,93.5,61
1172,62.13805555555556,10.543055555555553,93.5,24
1173,68.05027777777778,16.053888888888892,93.5,24
1174,64.54444444444442,13.683333333333334,93.5,24
1175,69.34583333333333,18.80111111111111,93.5,24
1176,61.49361111111111,6.098333333333333,93.5,21
1177,61.611944444444454,6.654166666666666,93.5,18
1178,61.855277777777765,10.291944444444443,93.5,2
1179,61.52583333333333,12.079166666666662,93.5,2
1180,69.63333333333334,18.05,93.5,2
1181,69.69916666666666,18.63138888888889,93.5,1
1182,70.25000000000003,19.5,93.5,1
1183,61.87500000000001,4.989999999999998,93.6,250610
1184,70.63944444444442,23.697777777777777,93.6,14655
1185,60.81027777777778,10.759999999999998,93.6,300
1186,78.06138888888889,13.61916666666667,93.6,153
1187,62.46277777777778,9.549722222222224,93.6,61
1188,64.94583333333333,13.189444444444446,93.6,49
1189,64.80805555555555,11.875555555555554,93.6,45
1190,64.88555555555556,12.452499999999997,93.6,40
1191,61.403055555555575,7.316944444444444,93.6,24
1192,62.54138888888889,9.113333333333333,93.6,24
1193,62.95944444444445,10.899444444444443,93.6,24
1194,68.71249999999999,15.173333333333334,93.6,21
1195,64.91194444444446,11.555833333333334,93.6,21
1196,65.8811111111111,14.078055555555558,93.6,21
1197,62.832222222222235,11.224722222222221,93.6,18
1198,68.77694444444444,18.516111111111115,93.6,16
1199,64.23333333333333,10.666666666666666,93.6,9
1200,69.47083333333332,30.03249999999999,93.6,8
1201,64.575,11.271666666666663,93.6,7
1202,68.4627777777778,17.165000000000006,93.6,6
1203,65.46666666666667,14.35,93.6,2
1204,64.69361111111114,12.823611111111111,93.6,1
1205,58.733333333333334,6.766666666666667,93.6,1
1206,58.36666666666667,7.033333333333333,93.6,1
1207,58.70333333333333,8.658611111111114,93.7,24889
1208,61.29944444444444,7.845277777777777,93.7,88
1209,70.40111111111108,26.71638888888888,93.7,82
1210,66.41555555555554,14.805277777777778,93.7,37
1211,61.46666666666667,9.3,93.7,29
1212,69.4152777777778,17.215555555555554,93.7,24
1213,58.21666666666667,6.578333333333332,93.7,24
1214,69.03361111111111,19.39527777777778,93.7,18
1215,64.72861111111109,13.497777777777777,93.7,15
1216,68.73805555555556,16.28,93.7,12
1217,66.9411111111111,15.295000000000002,93.7,4
1218,60.90750000000001,10.32972222222222,93.7,3
1219,61.23194444444445,6.060277777777778,93.7,2
1220,60.1,8.783333333333337,93.7,2
1221,65.25305555555555,12.802499999999998,93.7,1
1222,65.64444444444443,12.739166666666668,93.7,1
1223,69.21722222222223,23.435,93.8,17179
1224,60.44833333333333,5.216666666666667,93.8,400
1225,61.33194444444445,11.09416666666667,93.8,368
1226,59.773055555555544,7.3488888888888875,93.8,306
1227,66.17666666666666,12.945000000000002,93.8,243
1228,59.885555555555555,8.547222222222219,93.8,199
1229,65.63916666666664,14.021944444444445,93.8,122
1230,62.66472222222222,8.581388888888888,93.8,61
1231,63.36666666666667,9.383333333333333,93.8,49
1232,60.915555555555564,7.219444444444445,93.8,44
1233,61.35138888888889,10.089722222222223,93.8,42
1234,61.040833333333346,7.806666666666667,93.8,30
1235,61.235277777777796,5.573055555555556,93.8,24
1236,61.11750000000002,6.474722222222221,93.8,24
1237,61.726111111111116,6.528055555555555,93.8,18
1238,68.77138888888886,17.800555555555555,93.8,18
1239,60.388888888888886,5.710555555555556,93.8,18
1240,63.06666666666667,9.627777777777775,93.8,18
1241,62.36805555555556,7.093055555555553,93.8,18
1242,58.53777777777778,6.490833333333333,93.8,16
1243,69.86944444444445,18.905277777777773,93.8,7
1244,59.43694444444445,10.631666666666671,93.8,4
1245,59.52611111111111,10.672222222222217,93.8,4
1246,59.66472222222222,10.596666666666668,93.8,3
1247,64.83888888888889,11.389722222222222,93.8,1
1248,61.583333333333336,5.986388888888889,93.8,1
1249,64.16527777777779,10.484999999999998,93.8,1
1250,60.87,8.515000000000002,93.8,1
1251,67.83194444444447,15.007222222222222,93.9,133660
1252,60.16749999999999,11.99444444444444,93.9,32810
1253,60.53833333333334,8.197222222222223,93.9,286
1254,62.18972222222221,6.0022222222222235,93.9,217
1255,63.11611111111111,7.712222222222223,93.9,70
1256,61.49694444444444,6.991111111111113,93.9,54
1257,62.05694444444445,7.2647222222222245,93.9,45
1258,61.233333333333334,8.233333333333333,93.9,31
1259,59.75166666666668,10.20111111111111,93.9,25
1260,58.21666666666667,7.15,93.9,24
1261,59.330555555555556,7.323611111111111,93.9,24
1262,61.806388888888904,10.206944444444444,93.9,24
1263,59.439444444444455,8.51388888888889,93.9,18
1264,61.12916666666666,9.072499999999998,93.9,18
1265,64.46666666666667,11.483333333333333,93.9,16
1266,65.29527777777778,12.162500000000001,93.9,15
1267,60.26027777777777,5.899166666666668,93.9,2
1268,58.38333333333333,7.183333333333334,93.9,1
1269,70.07444444444444,20.431388888888883,94.0,30620
1270,60.36611111111111,6.276111111111112,94.0,164
1271,59.48944444444445,8.090277777777779,94.0,128
1272,58.13472222222223,8.005555555555556,94.0,70
1273,62.82,10.048333333333332,94.0,37
1274,61.68805555555556,9.569444444444441,94.0,37
1275,63.42222222222222,10.431944444444444,94.0,27
1276,58.61277777777778,7.431111111111111,94.0,24
1277,70.94194444444446,27.35944444444445,94.0,24
1278,62.666666666666664,9.283333333333333,94.0,24
1279,59.18999999999999,7.515555555555557,94.0,24
1280,59.43333333333333,9.283333333333333,94.0,21
1281,61.561111111111124,6.473055555555556,94.0,18
1282,61.083333333333336,5.8,94.0,3
1283,59.750555555555565,6.781944444444443,94.0,2
1284,62.52999999999999,6.7172222222222215,94.0,2
1285,61.059722222222206,7.507499999999999,94.0,2
1286,60.3,8.983333333333333,94.0,1
1287,60.983333333333334,8.966666666666667,94.0,1
1288,59.220833333333346,10.870277777777781,94.1,50816
1289,65.65694444444445,11.82833333333333,94.1,5572
1290,60.44388888888889,9.392777777777775,94.1,39
1291,62.65527777777777,11.751388888888888,94.1,32
1292,61.07777777777777,6.5988888888888875,94.1,31
1293,61.32416666666668,12.788333333333336,94.1,24
1294,62.545,7.718888888888887,94.1,24
1295,61.86722222222223,8.268055555555557,94.1,24
1296,61.35,11.666666666666666,94.1,24
1297,63.333333333333336,8.716666666666667,94.1,23
1298,62.20555555555555,6.496666666666667,94.1,22
1299,61.333333333333336,9.761111111111108,94.1,18
1300,60.45555555555555,10.360833333333336,94.1,15
1301,69.2483333333333,25.72333333333334,94.1,13
1302,68.61111111111113,15.774722222222222,94.1,12
1303,61.43333333333333,7.25,94.1,12
1304,60.85,5.983333333333333,94.1,9
1305,62.86666666666667,8.516666666666667,94.1,7
1306,65.48333333333336,12.433333333333334,94.1,2
1307,60.64638888888889,9.86111111111111,94.1,1
1308,62.0013888888889,6.05111111111111,94.1,1
1309,58.63333333333332,5.954722222222221,94.2,36813
1310,66.82777777777775,13.383333333333333,94.2,104
1311,60.84583333333333,10.896111111111113,94.2,99
1312,62.28972222222221,5.618333333333332,94.2,52
1313,61.913055555555566,7.037222222222222,94.2,49
1314,60.32833333333333,8.489166666666664,94.2,24
1315,64.87666666666668,13.821111111111113,94.2,24
1316,62.09861111111112,5.755555555555556,94.2,21
1317,58.78333333333333,8.21666666666667,94.2,21
1318,61.42305555555554,6.765277777777777,94.2,16
1319,66.0186111111111,12.628055555555559,94.2,16
1320,61.06666666666667,9.383333333333333,94.2,15
1321,59.213055555555535,8.706944444444444,94.2,12
1322,62.32666666666668,7.502500000000001,94.2,2
1323,70.52166666666668,23.409166666666664,94.2,2
1324,60.564722222222215,9.716111111111111,94.2,2
1325,71.09944444444447,25.37333333333334,94.2,1
1326,60.25833333333334,10.672222222222217,94.2,1
1327,67.86027777777778,16.008888888888887,94.2,1
1328,59.46666666666667,8.433333333333334,94.2,1
1329,62.1738888888889,10.695277777777779,94.3,14655
1330,64.28472222222223,11.092777777777776,94.3,243
1331,62.315,7.046666666666667,94.3,185
1332,69.0027777777778,18.56083333333333,94.3,122
1333,60.236388888888904,9.38777777777778,94.3,61
1334,60.9,8.344444444444441,94.3,40
1335,60.57361111111111,9.064166666666667,94.3,38
1336,67.57777777777777,15.7475,94.3,24
1337,60.902777777777764,8.32,94.3,24
1338,61.79111111111111,6.497222222222222,94.3,21
1339,64.6863888888889,11.316388888888886,94.3,18
1340,59.728888888888875,6.132777777777779,94.3,18
1341,59.97111111111111,9.779166666666665,94.3,18
1342,59.06666666666667,7.583333333333333,94.3,12
1343,62.38333333333333,7.216666666666667,94.3,2
1344,70.8,24.633333333333333,94.3,2
1345,69.62166666666666,18.322222222222223,94.3,1
1346,60.17222222222222,5.725555555555557,94.3,1
1347,60.951944444444464,7.099166666666665,94.3,1
1348,60.406111111111095,6.635000000000002,94.4,336
1349,69.6363888888889,18.99805555555556,94.4,254
1350,60.38972222222223,10.031944444444443,94.4,176
1351,69.91666666666667,24.99166666666667,94.4,97
1352,62.42916666666666,6.190277777777778,94.4,50
1353,59.62555555555555,7.773888888888889,94.4,31
1354,66.97555555555557,14.167777777777777,94.4,24
1355,59.36666666666667,8.033333333333333,94.4,2
1356,59.23555555555556,7.469444444444445,94.4,1
1357,66.44,14.292777777777783,94.4,1
1358,63.80666666666666,9.738611111111112,94.5,75162
1359,61.034444444444446,5.155,94.5,47424
1360,68.54416666666665,14.868888888888886,94.5,29923
1361,59.72805555555555,10.846666666666668,94.5,494
1362,78.22249999999998,15.623055555555556,94.5,200
1363,60.472500000000004,7.8405555555555555,94.5,122
1364,59.41166666666667,5.2730555555555565,94.5,82
1365,58.44777777777779,7.217777777777777,94.5,42
1366,69.66666666666669,29.1,94.5,42
1367,60.08388888888888,9.045555555555557,94.5,39
1368,71.04638888888887,28.114722222222227,94.5,37
1369,69.7,29.566666666666666,94.5,20
1370,59.41333333333332,7.42861111111111,94.5,12
1371,58.440833333333345,7.524999999999999,94.5,2
1372,69.56444444444446,19.139444444444447,94.5,2
1373,70.21666666666667,19.52777777777777,94.5,2
1374,58.78194444444445,7.34111111111111,94.5,1
1375,70.11305555555556,22.933611111111105,94.6,2118
1376,58.629444444444445,8.911111111111108,94.6,100
1377,60.728888888888875,8.85777777777778,94.6,99
1378,61.10944444444445,10.411666666666662,94.6,82
1379,66.29027777777777,14.144999999999996,94.6,60
1380,66.82472222222225,15.532499999999999,94.6,49
1381,62.13611111111112,6.005555555555554,94.6,37
1382,58.995000000000005,7.734722222222221,94.6,24
1383,59.248333333333335,6.33888888888889,94.6,24
1384,59.646666666666654,6.79638888888889,94.6,24
1385,61.56277777777778,10.091666666666669,94.6,24
1386,60.7,8.533333333333333,94.6,18
1387,59.28972222222221,8.765555555555558,94.6,16
1388,59.78805555555556,7.641388888888891,94.6,12
1389,59.68500000000001,8.9975,94.6,9
1390,59.83555555555555,6.304999999999999,94.6,1
1391,67.00694444444444,14.561944444444446,94.6,1
1392,60.416666666666664,9.344444444444441,94.6,1
1393,69.47722222222222,25.480555555555554,94.7,1500
1394,60.38777777777777,10.619722222222226,94.7,497
1395,69.17694444444447,17.80222222222222,94.7,153
1396,59.83416666666668,10.286944444444444,94.7,50
1397,58.765,5.842222222222221,94.7,47
1398,62.5686111111111,9.710833333333333,94.7,39
1399,59.20555555555555,8.044722222222225,94.7,37
1400,62.09416666666665,6.860555555555555,94.7,31
1401,61.43055555555556,12.121388888888891,94.7,30
1402,62.95,11.816666666666666,94.7,30
1403,62.782777777777774,11.191388888888888,94.7,24
1404,68.04583333333335,16.280555555555555,94.7,24
1405,62.215277777777786,8.508611111111113,94.7,24
1406,65.82777777777775,13.229444444444445,94.7,24
1407,60.79972222222223,6.693333333333333,94.7,24
1408,61.34583333333335,6.089444444444445,94.7,24
1409,64.43333333333337,11.416666666666666,94.7,21
1410,61.86638888888889,9.13888888888889,94.7,21
1411,61.796944444444435,8.498055555555554,94.7,18
1412,68.69916666666666,17.41611111111111,94.7,12
1413,64.91555555555554,11.497222222222222,94.7,1
1414,59.175277777777765,11.428611111111113,94.8,35892
1415,60.37722222222222,5.381388888888888,94.8,27925
1416,67.30166666666665,14.418888888888887,94.8,101
1417,62.2988888888889,7.235555555555553,94.8,92
1418,78.92777777777779,11.952777777777776,94.8,73
1419,65.12111111111113,12.534444444444443,94.8,49
1420,70.67,29.710277777777776,94.8,31
1421,68.53666666666669,16.705555555555556,94.8,25
1422,62.4,6.583333333333333,94.8,13
1423,66.41111111111108,12.866666666666667,94.8,8
1424,62.396944444444465,10.918888888888894,94.8,2
1425,60.40388888888887,8.413888888888886,94.8,1
1426,70.47611111111111,22.145555555555557,94.9,1219
1427,69.96333333333332,26.707222222222217,94.9,99
1428,60.87194444444446,10.613611111111112,94.9,79
1429,68.70027777777779,15.47138888888889,94.9,61
1430,63.42222222222222,10.431944444444444,94.9,50
1431,62.08916666666667,5.380000000000001,94.9,49
1432,61.281111111111095,10.123888888888889,94.9,27
1433,59.61166666666667,8.440833333333336,94.9,24
1434,69.77416666666666,18.475000000000005,94.9,24
1435,59.972500000000004,8.86111111111111,94.9,24
1436,65.8,13.966666666666667,94.9,24
1437,70.09638888888887,28.622500000000002,94.9,18
1438,60.350555555555566,10.079722222222223,94.9,18
1439,69.37305555555557,19.32833333333333,94.9,16
1440,61.81583333333332,4.935555555555556,94.9,2
1441,61.45944444444445,5.8774999999999995,94.9,2
1442,61.580277777777795,9.67666666666667,94.9,2
1443,64.36083333333332,10.826944444444448,94.9,1
1444,60.99416666666665,11.338333333333335,95.0,5970
1445,58.192777777777785,6.932499999999998,95.0,3945
1446,70.87583333333336,28.90611111111112,95.0,863
1447,69.27861111111109,16.008055555555554,95.0,185
1448,59.544166666666676,9.23138888888889,95.0,44
1449,64.83333333333333,13.633333333333333,95.0,37
1450,70.98527777777777,-6.85,95.0,25
1451,61.476111111111116,10.231944444444446,95.0,24
1452,62.99944444444444,10.509444444444442,95.0,18
1453,65.36666666666666,14.0,95.0,18
1454,68.25527777777776,13.61861111111111,95.0,18
1455,66.81166666666667,13.957222222222223,95.0,16
1456,59.407499999999985,10.006666666666668,95.0,12
1457,68.91916666666667,16.258611111111108,95.0,2
1458,70.7063888888889,23.31277777777778,95.0,2
1459,59.947777777777766,6.665833333333332,95.0,2
1460,62.93083333333334,7.926944444444445,95.1,23768
1461,61.17333333333335,7.120277777777778,95.1,15346
1462,69.57166666666667,20.432500000000005,95.1,4200
1463,59.54666666666668,10.196388888888887,95.1,198
1464,59.97972222222221,10.895833333333334,95.1,128
1465,70.56666666666666,23.683333333333334,95.1,49
1466,60.028055555555554,9.616111111111111,95.1,24
1467,60.12861111111112,8.679444444444446,95.1,24
1468,58.88805555555556,8.996666666666664,95.1,18
1469,61.78333333333333,10.466666666666667,95.1,18
1470,59.419999999999995,8.056944444444447,95.1,15
1471,60.166666666666664,12.416666666666666,95.1,13
1472,70.55,30.1,95.1,2
1473,65.65694444444445,11.82833333333333,95.2,33574
1474,61.31916666666667,12.188333333333334,95.2,443
1475,58.97472222222222,9.214166666666667,95.2,198
1476,59.72305555555555,7.567777777777777,95.2,75
1477,58.8352777777778,5.790555555555556,95.2,70
1478,64.17805555555555,13.853888888888891,95.2,60
1479,59.77472222222222,6.757777777777777,95.2,45
1480,70.70833333333334,29.274166666666666,95.2,40
1481,59.57416666666668,8.595833333333331,95.2,40
1482,62.03333333333333,5.683333333333334,95.2,37
1483,63.10277777777779,11.292499999999999,95.2,31
1484,61.87305555555557,6.538333333333332,95.2,27
1485,62.701666666666675,11.339444444444446,95.2,24
1486,59.57444444444444,8.597777777777777,95.2,24
1487,60.27138888888889,6.624722222222221,95.2,21
1488,68.96111111111108,17.766666666666666,95.2,18
1489,61.75,5.116666666666666,95.2,12
1490,63.44166666666667,11.5975,95.2,3
1491,69.26999999999997,18.735555555555553,95.2,1
1492,63.48749999999999,11.308055555555555,95.2,1
1493,60.80861111111112,9.615833333333335,95.3,21677
1494,68.9086111111111,15.058888888888893,95.3,61
1495,59.516666666666666,6.65,95.3,39
1496,59.659444444444446,6.011944444444443,95.3,25
1497,68.05027777777778,16.053888888888892,95.3,24
1498,60.55361111111112,6.948333333333335,95.3,24
1499,59.724166666666655,10.355555555555554,95.3,18
1500,59.10249999999998,7.454444444444447,95.3,18
1501,61.7186111111111,8.328333333333335,95.3,12
1502,62.03777777777778,5.366666666666666,95.3,3
1503,63.661111111111104,12.051666666666666,95.3,3
1504,61.61555555555557,5.6961111111111125,95.3,2
1505,70.98444444444445,25.89944444444444,95.4,14997
1506,60.37722222222222,5.381388888888888,95.4,800
1507,58.50694444444444,7.134166666666666,95.4,49
1508,68.56500000000003,15.82805555555555,95.4,24
1509,59.578888888888876,7.332777777777779,95.4,24
1510,59.266666666666666,6.166666666666667,95.4,24
1511,62.179999999999986,10.219444444444445,95.4,21
1512,61.83694444444445,10.895000000000001,95.4,18
1513,63.081944444444424,10.234444444444444,95.4,12
1514,58.39833333333333,6.4144444444444435,95.4,10
1515,62.94555555555554,11.04444444444444,95.4,9
1516,68.55527777777779,16.54944444444445,95.4,8
1517,61.1886111111111,5.814722222222222,95.4,2
1518,63.96583333333332,12.101944444444449,95.4,1
1519,59.67083333333332,9.52222222222222,95.5,59704
1520,67.17388888888887,15.027499999999996,95.5,29242
1521,65.31388888888888,13.44861111111111,95.5,1368
1522,66.29027777777777,14.144999999999996,95.5,299
1523,63.42222222222222,10.431944444444444,95.5,100
1524,63.029444444444444,11.720833333333335,95.5,49
1525,62.373055555555545,6.330833333333333,95.5,45
1526,61.402777777777786,6.2275,95.5,27
1527,77.89666666666668,16.726666666666663,95.5,20
1528,58.40722222222223,7.408888888888887,95.5,18
1529,64.45777777777779,13.624722222222221,95.5,18
1530,62.293888888888894,6.878333333333336,95.5,18
1531,63.7577777777778,10.43361111111111,95.5,12
1532,61.75222222222222,11.952499999999997,95.5,12
1533,61.758888888888904,6.347777777777777,95.5,12
1534,62.71972222222222,9.936388888888889,95.5,9
1535,69.68333333333334,29.4,95.5,2
1536,60.7,6.9,95.5,1
1537,64.43333333333337,11.183333333333334,95.5,1
1538,62.51138888888889,7.768611111111113,95.5,1
1539,61.33194444444445,11.09416666666667,95.6,5970
1540,59.22027777777778,5.428333333333332,95.6,153
1541,58.449166666666684,6.5388888888888905,95.6,122
1542,62.666666666666664,9.077777777777774,95.6,55
1543,60.915555555555564,7.219444444444445,95.6,44
1544,62.156111111111116,6.241111111111111,95.6,42
1545,60.38527777777777,6.0244444444444465,95.6,31
1546,58.846388888888896,6.762777777777779,95.6,24
1547,60.791944444444454,5.954999999999998,95.6,24
1548,61.95083333333335,7.0375,95.6,24
1549,59.680277777777775,6.5313888888888885,95.6,24
1550,64.05,10.0,95.6,24
1551,61.76444444444443,5.288055555555558,95.6,24
1552,63.21083333333334,9.004166666666666,95.6,22
1553,62.166388888888896,10.598333333333333,95.6,21
1554,70.04666666666665,27.627499999999998,95.6,20
1555,58.94222222222224,7.684999999999999,95.6,18
1556,58.88472222222223,9.036111111111115,95.6,13
1557,64.5,10.878333333333336,95.6,8
1558,61.05833333333334,7.664722222222221,95.6,2
1559,58.825277777777764,7.804444444444447,95.6,1
1560,59.39277777777778,6.3130555555555565,95.6,1
1561,64.18555555555555,10.411388888888885,95.6,1
1562,69.29166666666667,18.13222222222223,95.7,26669
1563,60.85,8.52222222222222,95.7,520
1564,59.23916666666667,10.956111111111111,95.7,119
1565,62.266666666666666,5.483333333333333,95.7,95
1566,70.33638888888888,31.03222222222222,95.7,79
1567,60.47472222222222,5.318333333333332,95.7,77
1568,62.24611111111111,5.451111111111113,95.7,61
1569,59.59583333333333,6.7972222222222225,95.7,54
1570,60.41138888888889,7.240833333333333,95.7,49
1571,61.18222222222224,8.238055555555558,95.7,49
1572,60.58444444444444,12.356666666666667,95.7,37
1573,58.13472222222223,8.005555555555556,95.7,35
1574,60.093055555555566,10.836388888888886,95.7,31
1575,59.916666666666664,6.6,95.7,26
1576,64.93611111111112,11.759999999999998,95.7,24
1577,62.58611111111112,7.81222222222222,95.7,24
1578,62.083333333333336,11.683333333333334,95.7,24
1579,58.35,7.2,95.7,24
1580,66.7,13.3,95.7,24
1581,60.81027777777778,10.642499999999998,95.7,18
1582,59.91944444444445,6.58,95.7,16
1583,61.56916666666667,5.721944444444443,95.7,12
1584,58.38333333333333,6.05,95.7,3
1585,62.96638888888889,11.243055555555554,95.7,1
1586,64.65333333333334,11.258055555555554,95.7,1
1587,63.45666666666666,11.67666666666667,95.8,177
1588,59.4525,10.634722222222221,95.8,161
1589,59.15333333333333,9.67027777777778,95.8,60
1590,60.60277777777776,6.421944444444446,95.8,50
1591,59.783888888888875,10.498055555555554,95.8,49
1592,65.36194444444443,12.671388888888892,95.8,49
1593,59.19694444444444,7.601388888888888,95.8,31
1594,60.57194444444446,5.8036111111111115,95.8,18
1595,61.16777777777778,5.934444444444443,95.8,18
1596,70.23416666666665,28.07138888888889,95.8,17
1597,59.449166666666684,7.92111111111111,95.8,15
1598,58.233333333333334,7.48,95.8,12
1599,61.266666666666666,12.483333333333333,95.8,3
1600,70.85250000000003,29.125277777777775,95.8,3
1601,59.82305555555554,10.315277777777776,95.8,3
1602,64.39055555555557,10.49194444444445,95.8,2
1603,67.86666666666666,15.85,95.8,2
1604,62.05444444444444,6.392777777777775,95.8,1
1605,61.89777777777779,9.28361111111111,95.9,52000
1606,60.38777777777777,10.619722222222226,95.9,306
1607,70.575,23.99166666666667,95.9,168
1608,66.71527777777779,13.71166666666667,95.9,37
1609,60.45,10.5,95.9,30
1610,68.80444444444444,14.844722222222218,95.9,24
1611,69.26666666666667,29.233333333333334,95.9,22
1612,62.019999999999996,5.5388888888888905,95.9,18
1613,58.235277777777796,6.528611111111113,95.9,18
1614,68.09694444444446,16.365,95.9,16
1615,59.488333333333344,8.630277777777778,95.9,16
1616,59.75194444444443,10.20111111111111,95.9,15
1617,68.4627777777778,17.165000000000006,95.9,12
1618,60.25,9.002499999999998,95.9,2
1619,61.059722222222206,7.507499999999999,95.9,2
1620,62.187777777777775,6.3824999999999985,95.9,1
1621,63.80666666666666,9.738611111111112,96.0,75162
1622,59.87388888888887,5.493888888888889,96.0,36813
1623,58.70333333333333,8.658611111111114,96.0,24889
1624,70.09666666666665,29.819999999999997,96.0,255
1625,68.09388888888887,13.17666666666667,96.0,37
1626,68.61416666666668,15.614166666666666,96.0,24
1627,68.56666666666666,16.28333333333334,96.0,24
1628,69.96111111111108,22.003611111111113,96.0,16
1629,60.62666666666668,8.157500000000002,96.0,12
1630,69.08916666666664,15.7,96.0,12
1631,61.561111111111124,6.473055555555556,96.0,9
1632,60.26333333333335,9.268333333333334,96.0,1
1633,60.16749999999999,11.99444444444444,96.1,32810
1634,66.20833333333334,13.739166666666668,96.1,22182
1635,69.30000000000003,25.349722222222226,96.1,1084
1636,59.46250000000002,9.034999999999998,96.1,238
1637,70.0175,19.600277777777777,96.1,97
1638,62.71611111111111,8.495277777777776,96.1,79
1639,61.76472222222222,6.154166666666666,96.1,61
1640,71.03638888888891,27.859166666666663,96.1,39
1641,59.98888888888889,10.23111111111111,96.1,39
1642,68.67222222222222,17.71472222222222,96.1,27
1643,58.30111111111111,6.654166666666666,96.1,24
1644,59.35583333333334,7.355277777777779,96.1,18
1645,70.06333333333335,28.080555555555556,96.1,9
1646,70.59722222222223,22.113333333333333,96.1,2
1647,60.86666666666667,8.383333333333333,96.1,1
1648,62.03694444444442,6.783055555555556,96.1,1
1649,69.75944444444445,20.466944444444444,96.2,243
1650,63.99194444444446,11.546944444444446,96.2,128
1651,58.24277777777778,7.340277777777778,96.2,61
1652,61.07777777777777,6.5988888888888875,96.2,31
1653,61.66027777777777,7.276111111111112,96.2,27
1654,58.891944444444434,6.888055555555555,96.2,24
1655,63.0136111111111,10.33972222222222,96.2,24
1656,70.11222222222224,22.52805555555555,96.2,21
1657,58.654166666666654,7.070555555555555,96.2,21
1658,61.680000000000014,10.931111111111111,96.2,18
1659,61.333333333333336,6.716666666666667,96.2,12
1660,62.832222222222235,11.224722222222221,96.2,9
1661,58.515833333333326,6.926666666666667,96.2,1
1662,61.3686111111111,8.284722222222225,96.2,1
1663,62.575,6.318611111111109,96.3,49659
1664,61.10944444444445,10.411666666666662,96.3,82
1665,69.94333333333333,23.351944444444435,96.3,61
1666,60.9025,11.823055555555555,96.3,61
1667,58.29000000000002,6.42861111111111,96.3,24
1668,61.25972222222223,5.463055555555556,96.3,24
1669,63.04305555555554,9.696111111111112,96.3,24
1670,70.02388888888889,20.981388888888894,96.3,24
1671,67.72777777777777,15.31555555555556,96.3,24
1672,59.46638888888889,11.128333333333329,96.3,22
1673,62.93666666666666,10.655833333333334,96.3,12
1674,61.07777777777777,5.606111111111109,96.3,12
1675,67.10166666666666,15.44111111111111,96.3,12
1676,64.43333333333337,10.566666666666666,96.3,12
1677,59.65666666666666,6.804999999999999,96.3,9
1678,65.46666666666667,14.35,96.3,2
1679,59.85083333333333,8.655555555555553,96.4,54450
1680,60.415555555555564,5.205833333333331,96.4,630
1681,68.26583333333332,13.826111111111109,96.4,39
1682,61.739722222222234,11.174444444444443,96.4,34
1683,62.13305555555556,9.905833333333332,96.4,31
1684,58.21666666666667,7.15,96.4,24
1685,65.5347222222222,13.380277777777778,96.4,24
1686,69.90000000000002,27.05,96.4,24
1687,61.75,11.216666666666667,96.4,20
1688,62.56666666666667,9.350000000000003,96.4,12
1689,61.11638888888889,12.067499999999999,96.5,497
1690,69.0027777777778,18.56083333333333,96.5,198
1691,60.47527777777776,5.4594444444444425,96.5,99
1692,66.85361111111114,13.64111111111111,96.5,99
1693,61.3,10.211111111111109,96.5,40
1694,70.94194444444446,27.35944444444445,96.5,24
1695,60.79972222222223,6.693333333333333,96.5,24
1696,61.91972222222221,8.224722222222221,96.5,21
1697,66.85000000000002,13.716666666666667,96.5,20
1698,69.01333333333335,23.043055555555554,96.5,19
1699,62.42972222222223,11.273888888888889,96.5,15
1700,60.386944444444445,5.281666666666665,96.5,15
1701,63.16361111111113,8.495555555555553,96.5,6
1702,59.8311111111111,6.251944444444443,96.5,2
1703,59.81249999999999,6.775277777777776,96.5,2
1704,64.41444444444443,12.212500000000002,96.6,94624
1705,70.63944444444442,23.697777777777777,96.6,14655
1706,58.920555555555566,5.79,96.6,640
1707,59.04333333333335,9.67666666666667,96.6,128
1708,60.84583333333333,10.896111111111113,96.6,99
1709,58.30111111111111,6.654166666666666,96.6,99
1710,59.69472222222222,10.609722222222219,96.6,92
1711,59.93333333333333,11.041944444444443,96.6,70
1712,58.66027777777777,6.743888888888889,96.6,34
1713,62.47361111111111,8.178611111111113,96.6,24
1714,60.52555555555557,9.461944444444446,96.6,24
1715,61.32416666666668,12.788333333333336,96.6,12
1716,61.62083333333332,5.578333333333332,96.6,12
1717,68.68055555555556,14.447777777777777,96.6,12
1718,58.53777777777778,6.490833333333333,96.6,8
1719,60.69416666666665,6.414166666666667,96.7,29242
1720,60.17166666666665,10.373611111111112,96.7,140
1721,68.42138888888888,17.481944444444444,96.7,134
1722,63.31055555555556,8.455000000000002,96.7,114
1723,62.496388888888895,11.563888888888888,96.7,73
1724,60.73166666666667,10.315277777777776,96.7,61
1725,58.31388888888889,6.3488888888888875,96.7,49
1726,69.66666666666669,29.1,96.7,42
1727,61.806388888888904,10.206944444444444,96.7,24
1728,61.18333333333333,8.966666666666667,96.7,24
1729,68.71249999999999,15.173333333333334,96.7,21
1730,67.09083333333335,14.261666666666663,96.7,16
1731,58.64083333333335,6.09638888888889,96.7,15
1732,70.63138888888888,29.728055555555553,96.7,12
1733,63.1,9.344444444444441,96.7,8
1734,58.80888888888888,6.380833333333333,96.7,1
1735,67.54222222222221,14.741944444444442,96.7,1
1736,63.483333333333334,10.816666666666666,96.8,99
1737,61.22833333333334,6.086666666666667,96.8,79
1738,69.6363888888889,18.99805555555556,96.8,50
1739,62.42722222222223,7.992500000000001,96.8,49
1740,62.315,7.046666666666667,96.8,37
1741,60.27416666666668,8.958333333333336,96.8,29
1742,69.17972222222221,18.450277777777778,96.8,24
1743,61.56277777777778,10.091666666666669,96.8,24
1744,66.39,14.522777777777778,96.8,24
1745,62.10277777777779,5.501388888888891,96.8,18
1746,61.48194444444445,7.686944444444444,96.8,12
1747,59.333333333333336,6.466666666666667,96.8,12
1748,62.86666666666667,8.516666666666667,96.8,7
1749,66.9411111111111,15.295000000000002,96.8,4
1750,60.53833333333334,8.197222222222223,96.9,286
1751,69.27861111111109,16.008055555555554,96.9,185
1752,65.63916666666664,14.021944444444445,96.9,122
1753,62.09722222222222,9.0425,96.9,122
1754,62.77222222222224,7.615277777777776,96.9,100
1755,61.85305555555555,11.873055555555556,96.9,79
1756,61.90166666666665,6.665000000000002,96.9,79
1757,61.49694444444444,6.991111111111113,96.9,54
1758,66.7,15.45,96.9,49
1759,60.44388888888889,9.392777777777775,96.9,39
1760,64.16416666666667,10.175555555555555,96.9,24
1761,67.57777777777777,15.7475,96.9,24
1762,70.01000000000002,22.100555555555555,96.9,24
1763,59.516666666666666,5.716666666666667,96.9,24
1764,63.15,8.183333333333334,96.9,16
1765,62.06055555555556,6.793611111111111,96.9,4
1766,59.87527777777776,6.38111111111111,96.9,2
1767,67.00694444444444,14.561944444444446,96.9,1
1768,61.68416666666666,5.804444444444447,96.9,1
1769,58.218888888888884,7.851666666666668,97.0,57016
1770,70.46833333333335,28.23527777777777,97.0,14655
1771,70.01083333333334,26.365833333333324,97.0,1000
1772,59.82305555555554,10.65,97.0,1000
1773,66.53027777777777,12.820555555555558,97.0,735
1774,68.70027777777779,15.47138888888889,97.0,61
1775,61.68805555555556,9.569444444444441,97.0,37
1776,59.86749999999999,9.931111111111111,97.0,24
1777,68.85722222222223,18.342777777777776,97.0,24
1778,62.94194444444443,8.148888888888887,97.0,24
1779,69.56666666666666,19.683333333333334,97.0,24
1780,60.27138888888889,6.624722222222221,97.0,21
1781,64.87666666666668,13.821111111111113,97.0,12
1782,60.31666666666667,6.333333333333333,97.0,12
1783,59.26777777777777,10.407222222222222,97.0,12
1784,60.227499999999985,5.683888888888888,97.0,10
1785,68.40611111111109,15.975277777777777,97.0,2
1786,60.99416666666665,11.338333333333335,97.1,36813
1787,61.43722222222223,5.858611111111109,97.1,7345
1788,62.18972222222221,6.0022222222222235,97.1,217
1789,69.17694444444447,17.80222222222222,97.1,153
1790,69.27194444444446,19.433611111111116,97.1,61
1791,58.86583333333335,9.418333333333335,97.1,50
1792,69.82416666666666,20.88361111111112,97.1,31
1793,62.8988888888889,7.364444444444444,97.1,24
1794,61.26138888888889,6.538333333333332,97.1,24
1795,62.645555555555546,8.750555555555557,97.1,24
1796,61.796944444444435,8.498055555555554,97.1,18
1797,65.08555555555556,12.401388888888894,97.1,16
1798,62.133611111111115,7.184999999999999,97.1,4
1799,61.81583333333332,4.935555555555556,97.1,2
1800,68.47472222222223,17.664166666666667,97.1,2
1801,71.0,23.983333333333334,97.1,2
1802,67.86027777777778,16.008888888888887,97.1,1
1803,63.26111111111113,10.357777777777777,97.2,36813
1804,65.87833333333332,13.303888888888892,97.2,86
1805,60.85,8.52222222222222,97.2,61
1806,67.30166666666665,14.418888888888887,97.2,51
1807,68.19583333333335,17.555555555555557,97.2,49
1808,58.78333333333333,8.21666666666667,97.2,42
1809,59.78805555555556,7.641388888888891,97.2,24
1810,70.60805555555555,22.279722222222215,97.2,24
1811,68.72583333333333,17.80944444444444,97.2,24
1812,59.83416666666668,10.286944444444444,97.2,16
1813,60.27611111111111,6.36638888888889,97.2,1
1814,59.22027777777778,5.428333333333332,97.3,119120
1815,68.54416666666665,14.868888888888886,97.3,5970
1816,59.32916666666666,11.010000000000003,97.3,749
1817,70.29333333333332,24.95,97.3,718
1818,78.06138888888889,13.61916666666667,97.3,153
1819,61.55999999999999,9.800833333333333,97.3,73
1820,61.11750000000002,6.474722222222221,97.3,49
1821,60.57361111111111,9.064166666666667,97.3,38
1822,60.21111111111112,10.744444444444447,97.3,25
1823,69.03361111111111,19.39527777777778,97.3,18
1824,61.12916666666666,9.072499999999998,97.3,18
1825,68.53694444444442,16.705833333333334,97.3,13
1826,66.81166666666667,13.957222222222223,97.3,8
1827,60.85,7.3,97.3,2
1828,62.7,7.7,97.3,2
1829,65.48333333333336,12.433333333333334,97.3,1
1830,58.76777777777777,9.105555555555554,97.4,300
1831,59.1077777777778,9.665555555555555,97.4,158
1832,59.93083333333334,10.889444444444445,97.4,63
1833,61.233333333333334,8.233333333333333,97.4,61
1834,60.42527777777779,7.692499999999998,97.4,56
1835,60.21916666666667,9.57472222222222,97.4,49
1836,62.73194444444445,8.438333333333333,97.4,45
1837,69.56472222222224,18.548333333333325,97.4,24
1838,62.545,7.718888888888887,97.4,24
1839,62.31527777777778,11.708888888888888,97.4,24
1840,59.59694444444444,8.614722222222222,97.4,21
1841,59.12388888888889,10.24972222222222,97.4,21
1842,61.62305555555557,7.288333333333335,97.4,18
1843,65.59333333333332,13.371666666666668,97.4,16
1844,61.73638888888888,5.919444444444445,97.4,12
1845,60.58305555555556,10.019166666666665,97.4,12
1846,59.73305555555554,10.1125,97.4,4
1847,60.648611111111116,5.947777777777778,97.4,2
1848,61.84361111111111,9.429722222222223,97.4,2
1849,65.83388888888891,12.704999999999995,97.4,1
1850,70.93333333333334,27.438055555555557,97.4,1
1851,69.57166666666667,20.432500000000005,97.5,2547
1852,60.200277777777785,5.601666666666665,97.5,1013
1853,66.8,13.516666666666667,97.5,160
1854,63.52583333333333,10.89,97.5,158
1855,60.10999999999999,6.537500000000002,97.5,47
1856,65.10722222222223,12.068888888888893,97.5,45
1857,62.09416666666665,6.860555555555555,97.5,31
1858,62.2,5.65,97.5,24
1859,61.87861111111109,6.798611111111113,97.5,18
1860,60.281388888888905,6.1866666666666665,97.5,17
1861,59.0,8.533333333333333,97.5,16
1862,59.680000000000014,8.047777777777778,97.5,15
1863,64.28055555555558,10.581944444444444,97.5,12
1864,65.28333333333333,12.65,97.5,12
1865,71.00500000000001,24.59722222222222,97.5,2
1866,60.5488888888889,5.73888888888889,97.5,2
1867,61.31666666666667,9.833333333333334,97.5,2
1868,62.52166666666665,8.995000000000003,97.5,1
1869,58.192777777777785,6.932499999999998,97.6,30620
1870,61.034444444444446,5.155,97.6,23768
1871,66.42611111111111,15.21611111111111,97.6,336
1872,61.939166666666665,10.013055555555557,97.6,37
1873,62.19555555555557,5.492777777777778,97.6,34
1874,62.056666666666686,6.047499999999999,97.6,24
1875,60.3763888888889,11.158055555555555,97.6,20
1876,62.30444444444444,7.32527777777778,97.6,18
1877,69.59444444444442,25.933333333333334,97.6,9
1878,70.60361111111112,24.60555555555555,97.6,2
1879,60.47638888888888,8.183055555555557,97.6,1
1880,60.87416666666668,10.418333333333331,97.6,1
1881,63.34555555555554,9.869166666666665,97.7,79
1882,62.42916666666666,6.190277777777778,97.7,50
1883,62.61666666666667,9.633333333333336,97.7,49
1884,64.88555555555556,12.452499999999997,97.7,40
1885,62.25,8.181111111111111,97.7,24
1886,66.05,13.55,97.7,24
1887,64.8,11.783333333333333,97.7,24
1888,65.31666666666666,12.966666666666667,97.7,24
1889,65.56666666666666,14.15,97.7,22
1890,68.77138888888886,17.800555555555555,97.7,18
1891,70.245,21.786111111111108,97.7,16
1892,63.0,7.3,97.7,16
1893,63.4,11.783333333333333,97.7,5
1894,69.42916666666663,25.792222222222215,97.7,2
1895,63.22944444444445,11.056666666666667,97.7,2
1896,69.83333333333333,25.1,97.7,2
1897,70.55,30.1,97.7,2
1898,59.72472222222222,6.729166666666668,97.7,1
1899,62.00527777777776,5.069166666666666,97.7,1
1900,67.83194444444447,15.007222222222222,97.8,133660
1901,59.67083333333332,9.52222222222222,97.8,36813
1902,61.89000000000002,6.107777777777777,97.8,106
1903,63.833333333333336,11.666666666666666,97.8,50
1904,61.27555555555557,10.42888888888889,97.8,39
1905,59.728888888888875,6.132777777777779,97.8,37
1906,59.63833333333334,6.391944444444446,97.8,37
1907,63.03777777777778,9.220277777777778,97.8,24
1908,61.57527777777779,5.385833333333334,97.8,18
1909,61.75222222222222,11.952499999999997,97.8,12
1910,59.65666666666666,6.930277777777778,97.8,2
1911,70.79305555555557,24.625000000000004,97.8,2
1912,62.563055555555536,7.534722222222221,97.9,140
1913,58.94027777777778,5.706666666666667,97.9,140
1914,59.748055555555574,5.294999999999999,97.9,99
1915,64.51888888888888,10.739722222222223,97.9,61
1916,61.13916666666667,8.68527777777778,97.9,37
1917,69.2,19.083333333333332,97.9,24
1918,60.90833333333334,7.2972222222222225,97.9,24
1919,65.52166666666668,13.591666666666665,97.9,21
1920,68.86472222222221,17.78333333333334,97.9,18
1921,60.18999999999999,6.094166666666666,97.9,12
1922,59.147222222222226,8.05222222222222,97.9,8
1923,70.23249999999999,22.33972222222222,97.9,3
1924,70.66666666666669,23.70500000000001,97.9,3
1925,63.45750000000001,11.285555555555554,97.9,3
1926,59.15333333333333,9.67027777777778,98.0,238
1927,59.70472222222222,11.36277777777778,98.0,136
1928,60.71805555555556,7.639444444444445,98.0,122
1929,63.42222222222222,10.431944444444444,98.0,63
1930,60.60277777777776,6.421944444444446,98.0,50
1931,70.59444444444442,27.265833333333337,98.0,49
1932,61.418611111111126,10.173888888888891,98.0,41
1933,66.31277777777778,14.030000000000001,98.0,31
1934,60.50666666666666,9.149722222222223,98.0,31
1935,68.61111111111113,15.774722222222222,98.0,24
1936,61.002500000000005,10.113611111111112,98.0,24
1937,59.31666666666667,7.333333333333333,98.0,24
1938,63.35305555555557,8.830277777777775,98.0,21
1939,61.28916666666667,9.994444444444444,98.0,18
1940,65.8786111111111,13.801666666666671,98.0,18
1941,63.21638888888889,8.20888888888889,98.0,16
1942,64.39166666666667,11.370833333333335,98.0,12
1943,61.11666666666667,5.824166666666666,98.0,12
1944,58.334722222222226,6.413888888888889,98.0,10
1945,58.46083333333332,8.764444444444443,98.0,8
1946,70.52166666666668,23.409166666666664,98.0,2
1947,61.03833333333334,7.623333333333334,98.0,2
1948,66.78333333333333,15.7,98.0,2
1949,70.77777777777776,23.15,98.0,2
1950,61.87500000000001,4.989999999999998,98.1,27925
1951,63.45666666666666,11.67666666666667,98.1,92
1952,60.87194444444446,10.613611111111112,98.1,79
1953,61.11638888888889,12.067499999999999,98.1,49
1954,68.76166666666667,15.205000000000002,98.1,24
1955,62.54138888888889,9.113333333333333,98.1,24
1956,58.86166666666667,6.797499999999999,98.1,24
1957,59.220833333333346,10.870277777777781,98.1,14
1958,69.45,19.67777777777777,98.1,12
1959,59.603611111111114,5.805277777777779,98.1,6
1960,70.21666666666667,19.52777777777777,98.1,2
1961,69.65,18.14444444444444,98.1,2
1962,65.65694444444445,11.82833333333333,98.2,33574
1963,70.98444444444445,25.89944444444444,98.2,14997
1964,60.37722222222222,5.381388888888888,98.2,2000
1965,69.96333333333332,26.707222222222217,98.2,794
1966,69.0027777777778,18.56083333333333,98.2,122
1967,58.612222222222236,5.725277777777777,98.2,99
1968,58.58861111111113,7.775555555555554,98.2,49
1969,60.44388888888889,9.392777777777775,98.2,26
1970,59.11750000000002,7.4988888888888905,98.2,24
1971,60.627777777777794,8.605833333333335,98.2,18
1972,58.71666666666667,8.316666666666666,98.2,18
1973,61.06055555555556,7.893888888888889,98.2,17
1974,59.46666666666667,8.433333333333334,98.2,16
1975,63.0,8.983333333333333,98.2,12
1976,60.9,8.344444444444441,98.2,4
1977,60.902777777777764,8.32,98.2,2
1978,60.654444444444444,5.806111111111112,98.2,1
1979,62.1738888888889,10.695277777777779,98.3,14655
1980,67.30166666666665,14.418888888888887,98.3,991
1981,59.88750000000002,10.792777777777776,98.3,447
1982,59.93333333333333,11.041944444444443,98.3,250
1983,78.22249999999998,15.623055555555556,98.3,200
1984,68.9086111111111,15.058888888888893,98.3,61
1985,61.317499999999995,6.242777777777776,98.3,24
1986,60.259166666666665,5.829722222222223,98.3,24
1987,70.09694444444446,20.74555555555556,98.3,24
1988,58.449166666666684,6.5388888888888905,98.3,24
1989,59.85944444444445,9.034722222222225,98.3,18
1990,62.46416666666667,6.798888888888888,98.3,15
1991,58.6288888888889,9.069166666666668,98.3,1
1992,59.21666666666667,8.95,98.3,1
1993,63.771944444444436,10.951666666666672,98.4,31333
1994,61.43722222222223,5.858611111111109,98.4,9247
1995,68.10111111111111,13.526111111111108,98.4,394
1996,60.406111111111095,6.635000000000002,98.4,336
1997,69.71805555555554,19.12888888888889,98.4,111
1998,68.77194444444443,17.27138888888889,98.4,61
1999,69.47722222222222,25.480555555555554,98.4,58
2000,59.05833333333334,10.047777777777778,98.4,58
2001,70.3263888888889,23.044444444444448,98.4,49
2002,62.108888888888906,5.6822222222222205,98.4,31
2003,59.40555555555555,5.285000000000002,98.4,25
2004,61.03333333333333,9.500000000000004,98.4,24
2005,61.79111111111111,6.497222222222222,98.4,21
2006,60.825,5.853611111111111,98.4,18
2007,70.40944444444442,24.533611111111117,98.4,18
2008,59.30194444444444,8.430555555555559,98.4,18
2009,60.93222222222221,8.413611111111107,98.4,1
2010,61.89777777777779,9.28361111111111,98.5,1276
2011,62.2988888888889,7.235555555555553,98.5,92
2012,62.28972222222221,5.618333333333332,98.5,52
2013,66.41555555555554,14.805277777777778,98.5,30
2014,64.68277777777777,13.729166666666668,98.5,30
2015,59.40555555555555,5.285000000000002,98.5,25
2016,62.84555555555554,8.640277777777778,98.5,24
2017,62.07138888888889,6.279166666666668,98.5,21
2018,64.43333333333337,11.416666666666666,98.5,21
2019,66.7,13.3,98.5,20
2020,62.43277777777777,7.856666666666667,98.5,18
2021,69.96111111111108,22.003611111111113,98.5,16
2022,59.76472222222222,5.462777777777779,98.5,15
2023,60.60472222222222,8.357222222222221,98.5,12
2024,70.85250000000003,29.125277777777775,98.5,3
2025,59.23555555555556,7.469444444444445,98.5,1
2026,66.20833333333334,13.739166666666668,98.6,7178
2027,70.63944444444442,23.697777777777777,98.6,4130
2028,61.33194444444445,11.09416666666667,98.6,368
2029,69.75944444444445,20.466944444444444,98.6,243
2030,61.07944444444445,8.942777777777776,98.6,153
2031,64.2977777777778,10.291388888888891,98.6,122
2032,61.55999999999999,9.800833333333333,98.6,119
2033,58.18555555555555,7.968055555555554,98.6,110
2034,59.143611111111106,10.215555555555557,98.6,79
2035,70.33638888888888,31.03222222222222,98.6,79
2036,61.603611111111114,5.103611111111111,98.6,40
2037,58.44722222222222,8.754722222222224,98.6,30
2038,61.333333333333336,5.4061111111111115,98.6,24
2039,70.07388888888887,18.958888888888886,98.6,21
2040,62.99944444444444,10.509444444444442,98.6,18
2041,60.65194444444446,6.096111111111109,98.6,17
2042,70.8,24.633333333333333,98.6,4
2043,69.45,17.35,98.6,2
2044,60.40388888888887,8.413888888888886,98.6,1
2045,62.61138888888888,8.923333333333334,98.6,1
2046,58.63333333333332,5.954722222222221,98.7,36813
2047,61.17333333333335,7.120277777777778,98.7,15346
2048,59.82305555555554,10.65,98.7,570
2049,59.46250000000002,9.034999999999998,98.7,238
2050,65.87833333333332,13.303888888888892,98.7,140
2051,59.57416666666668,8.595833333333331,98.7,80
2052,63.37138888888889,9.166666666666666,98.7,79
2053,63.070833333333326,8.00138888888889,98.7,51
2054,59.57444444444444,8.597777777777777,98.7,49
2055,62.76694444444443,8.553333333333336,98.7,37
2056,62.4586111111111,6.109444444444442,98.7,35
2057,59.11666666666667,11.380833333333333,98.7,28
2058,60.028055555555554,9.616111111111111,98.7,24
2059,59.56361111111111,7.960277777777778,98.7,18
2060,64.575,11.271666666666663,98.7,15
2061,63.16361111111113,8.495555555555553,98.7,12
2062,69.56444444444446,19.139444444444447,98.7,2
2063,61.10944444444445,10.411666666666662,98.8,1247
2064,66.99277777777777,14.839166666666667,98.8,185
2065,59.25194444444443,10.399166666666664,98.8,60
2066,62.089999999999996,5.919444444444445,98.8,24
2067,64.54444444444442,13.683333333333334,98.8,24
2068,58.704999999999984,7.77222222222222,98.8,18
2069,70.63138888888888,29.728055555555553,98.8,12
2070,66.0186111111111,12.628055555555559,98.8,10
2071,59.65722222222223,6.7858333333333345,98.8,1
2072,68.42138888888888,17.481944444444444,98.9,54450
2073,60.16749999999999,11.99444444444444,98.9,10864
2074,59.59722222222222,9.416666666666666,98.9,99
2075,60.08388888888888,9.045555555555557,98.9,39
2076,66.76055555555556,13.467222222222222,98.9,37
2077,63.99194444444446,11.546944444444446,98.9,35
2078,62.78472222222223,8.126388888888886,98.9,24
2079,59.10249999999998,7.454444444444447,98.9,18
2080,59.35944444444445,8.161944444444446,98.9,16
2081,61.95083333333335,7.0375,98.9,12
2082,60.350555555555566,10.079722222222223,98.9,9
2083,60.093055555555566,10.836388888888886,98.9,3
2084,64.36083333333332,10.826944444444448,98.9,1
2085,60.37722222222222,5.381388888888888,99.0,27925
2086,70.47611111111111,22.145555555555557,99.0,2000
2087,60.70916666666666,9.023055555555556,99.0,352
2088,67.13694444444445,16.12138888888889,99.0,185
2089,59.73749999999999,10.662777777777778,99.0,184
2090,69.75083333333333,30.13027777777777,99.0,172
2091,64.17805555555555,13.853888888888891,99.0,60
2092,69.71083333333334,22.064166666666672,99.0,49
2093,62.96666666666667,8.233333333333333,99.0,37
2094,62.35666666666666,6.881944444444443,99.0,24
2095,64.93611111111112,11.759999999999998,99.0,24
2096,60.265555555555565,10.432499999999997,99.0,19
2097,61.333333333333336,9.761111111111108,99.0,18
2098,62.32944444444445,8.064166666666667,99.0,18
2099,70.98527777777777,-6.85,99.0,16
2100,64.46666666666667,11.483333333333333,99.0,16
2101,67.51250000000002,15.523333333333333,99.0,16
2102,59.750555555555565,6.781944444444443,99.0,2
2103,63.26111111111113,10.357777777777777,99.1,36813
2104,69.6363888888889,18.99805555555556,99.1,81
2105,62.71611111111111,8.495277777777776,99.1,79
2106,66.79861111111109,15.384444444444444,99.1,31
2107,69.38472222222225,20.191388888888888,99.1,24
2108,69.2483333333333,25.72333333333334,99.1,13
2109,58.29000000000002,6.42861111111111,99.1,12
2110,67.65722222222223,12.722222222222223,99.1,2
2111,69.68333333333334,25.9,99.1,1
2112,69.21722222222223,23.435,99.2,17179
2113,69.02472222222222,23.01416666666666,99.2,794
2114,61.31916666666667,12.188333333333334,99.2,443
2115,60.38777777777777,10.619722222222226,99.2,306
2116,59.76805555555556,6.0775,99.2,52
2117,59.266666666666666,6.166666666666667,99.2,49
2118,68.85722222222223,18.342777777777776,99.2,49
2119,58.44777777777779,7.217777777777777,99.2,42
2120,66.87749999999998,14.731666666666666,99.2,31
2121,60.47694444444444,8.0525,99.2,24
2122,61.171944444444456,10.110277777777782,99.2,24
2123,69.37305555555557,19.32833333333333,99.2,16
2124,66.64500000000002,13.315833333333337,99.2,12
2125,58.03222222222221,7.450833333333333,99.2,6
2126,68.54416666666665,14.868888888888886,99.3,29923
2127,61.89000000000002,6.107777777777777,99.3,7345
2128,58.920555555555566,5.79,99.3,640
2129,59.54833333333333,9.334444444444443,99.3,251
2130,60.93305555555556,11.373611111111112,99.3,112
2131,60.94861111111111,10.53361111111111,99.3,49
2132,59.88750000000002,10.792777777777776,99.3,44
2133,60.47805555555555,9.237222222222226,99.3,30
2134,59.59305555555554,6.706111111111111,99.3,26
2135,59.916666666666664,6.6,99.3,26
2136,60.166666666666664,12.416666666666666,99.3,25
2137,62.47361111111111,8.178611111111113,99.3,24
2138,70.94194444444446,27.35944444444445,99.3,24
2139,61.203611111111115,8.376388888888886,99.3,24
2140,64.6863888888889,11.316388888888886,99.3,18
2141,59.91944444444445,6.58,99.3,16
2142,66.41666666666667,13.153611111111115,99.3,2
2143,71.00500000000001,24.59722222222222,99.3,2
2144,58.828888888888876,6.798333333333332,99.3,1
2145,60.87,8.515000000000002,99.3,1
2146,65.31388888888888,13.44861111111111,99.4,1306
2147,59.86749999999999,9.931111111111111,99.4,122
2148,63.31055555555556,8.455000000000002,99.4,114
2149,62.74222222222222,7.157222222222222,99.4,53
2150,59.14916666666669,7.541388888888888,99.4,40
2151,58.61277777777778,7.431111111111111,99.4,24
2152,60.68666666666666,5.745000000000002,99.4,18
2153,69.98388888888887,23.28305555555556,99.4,12
2154,59.62,10.4575,99.4,7
2155,61.89777777777779,9.28361111111111,99.5,52000
2156,70.47611111111111,22.145555555555557,99.5,1219
2157,67.21888888888886,15.42888888888889,99.5,485
2158,64.28472222222223,11.092777777777776,99.5,413
2159,59.98888888888889,11.166944444444445,99.5,141
2160,68.46666666666667,17.233333333333334,99.5,100
2161,66.94833333333334,13.540000000000001,99.5,97
2162,61.22833333333334,6.086666666666667,99.5,79
2163,63.833333333333336,11.666666666666666,99.5,50
2164,58.38000000000001,7.555833333333331,99.5,49
2165,63.36666666666667,9.383333333333333,99.5,49
2166,61.166666666666664,12.55,99.5,40
2167,58.66027777777777,6.743888888888889,99.5,34
2168,64.51888888888888,10.739722222222223,99.5,31
2169,64.96444444444442,12.184444444444443,99.5,24
2170,69.27833333333331,19.900555555555556,99.5,24
2171,64.72861111111109,13.497777777777777,99.5,15
2172,58.235277777777796,6.528611111111113,99.5,9
2173,64.20722222222223,10.392499999999998,99.5,2
2174,71.0,23.983333333333334,99.5,2
2175,60.7,6.9,99.5,1
2176,59.87388888888887,5.493888888888889,99.6,36813
2177,59.54666666666668,10.196388888888887,99.6,153
2178,62.266666666666666,7.133333333333334,99.6,143
2179,68.10111111111111,13.526111111111108,99.6,99
2180,60.73555555555556,10.974166666666665,99.6,78
2181,65.36194444444443,12.671388888888892,99.6,49
2182,61.18499999999999,6.519166666666668,99.6,49
2183,61.516666666666666,12.516666666666667,99.6,18
2184,66.81166666666667,13.957222222222223,99.6,16
2185,68.68611111111112,16.028888888888883,99.6,16
2186,57.99305555555554,7.538333333333332,99.6,8
2187,62.36666666666667,11.5,99.6,2
2188,59.85083333333333,8.655555555555553,99.7,54450
2189,63.34555555555554,9.869166666666665,99.7,394
2190,64.83333333333333,13.633333333333333,99.7,37
2191,70.79166666666667,28.073055555555555,99.7,24
2192,63.03777777777778,9.220277777777778,99.7,24
2193,64.28055555555558,10.581944444444444,99.7,24
2194,70.11222222222224,22.52805555555555,99.7,21
2195,69.80944444444445,26.28388888888889,99.7,20
2196,61.720833333333324,11.196666666666667,99.7,10
2197,58.10833333333334,6.757222222222222,99.7,9
2198,61.32805555555555,5.741944444444446,99.7,9
2199,69.29166666666667,18.13222222222223,99.8,26669
2200,66.20833333333334,13.739166666666668,99.8,22182
2201,62.5686111111111,9.710833333333333,99.8,198
2202,63.771944444444436,10.951666666666672,99.8,108
2203,62.38527777777777,6.431111111111111,99.8,100
2204,61.10944444444445,10.411666666666662,99.8,82
2205,61.07944444444445,8.942777777777776,99.8,61
2206,59.50111111111111,6.194722222222222,99.8,54
2207,61.333333333333336,12.25,99.8,40
2208,61.610277777777775,6.5219444444444425,99.8,18
2209,61.56666666666667,5.533333333333333,99.8,9
2210,58.29194444444443,6.607222222222222,99.8,2
2211,58.416666666666664,7.016666666666667,99.8,1
2212,61.17333333333335,7.120277777777778,99.9,5321
2213,70.29333333333332,24.95,99.9,735
2214,58.94027777777778,5.706666666666667,99.9,140
2215,62.563055555555536,7.534722222222221,99.9,137
2216,59.59583333333333,6.7972222222222225,99.9,90
2217,61.90166666666665,6.665000000000002,99.9,79
2218,60.49194444444446,6.891388888888888,99.9,42
2219,62.12333333333333,7.171944444444443,99.9,37
2220,64.17777777777775,13.983333333333333,99.9,37
2221,59.63833333333334,6.391944444444446,99.9,37
2222,62.645555555555546,8.750555555555557,99.9,24
2223,58.59805555555555,6.722777777777779,99.9,24
2224,63.29583333333333,9.133888888888889,99.9,24
2225,64.8,11.783333333333333,99.9,24
2226,60.90833333333334,7.2972222222222225,99.9,24
2227,61.983333333333334,11.116666666666667,99.9,24
2228,63.2,10.95,99.9,12
2229,63.06666666666667,9.627777777777775,99.9,9
2230,58.333333333333336,6.266666666666667,99.9,7
2231,59.65666666666666,6.930277777777778,99.9,2
2232,62.09472222222222,10.607777777777777,99.9,2
2233,59.988611111111126,10.668055555555554,100.0,54450
2234,63.42111111111113,10.25972222222222,100.0,250
2235,59.92916666666666,10.716388888888893,100.0,200
2236,64.91027777777778,13.129722222222224,100.0,150
2237,62.13611111111112,6.005555555555554,100.0,37
2238,68.99416666666667,23.03083333333334,100.0,32
2239,69.82416666666666,20.88361111111112,100.0,31
2240,60.55,5.280833333333333,100.0,25
2241,58.218888888888884,7.851666666666668,100.1,57016
2242,61.558055555555555,4.759722222222223,100.1,497
2243,59.445,8.189999999999998,100.1,100
2244,69.75083333333333,30.13027777777777,100.2,18450
2245,62.93083333333334,7.926944444444445,100.2,4742
2246,59.56777777777778,5.408611111111113,100.2,160
2247,61.143611111111106,11.368333333333332,100.2,99
2248,69.56444444444446,19.139444444444447,100.2,48
2249,64.87916666666669,11.63,100.2,32
2250,60.627777777777794,8.605833333333335,100.2,18
2251,68.7,15.416388888888893,100.2,18
2252,58.891944444444434,6.888055555555555,100.3,630
2253,62.46583333333332,6.355277777777779,100.3,199
2254,60.942499999999995,9.280833333333335,100.3,172
2255,60.84583333333333,10.896111111111113,100.3,104
2256,60.37722222222222,5.381388888888888,100.3,100
2257,69.13305555555556,18.636388888888884,100.3,61
2258,70.63138888888888,29.728055555555553,100.3,12
2259,66.0863888888889,12.945000000000002,100.3,12
2260,63.21833333333335,11.039166666666668,100.3,3
2261,59.23583333333334,9.699166666666665,100.4,48529
2262,67.17388888888887,15.027499999999996,100.4,9683
2263,62.12222222222224,9.950555555555555,100.4,105
2264,60.85,8.52222222222222,100.4,104
2265,59.62,6.340833333333332,100.4,36
2266,62.09416666666665,6.860555555555555,100.4,31
2267,69.85499999999999,24.999444444444443,100.4,5
2268,63.52583333333333,10.89,100.5,251
2269,58.920555555555566,5.79,100.5,251
2270,60.77694444444444,10.195555555555554,100.5,122
2271,62.59361111111113,9.6875,100.5,63
2272,59.69833333333333,8.0475,100.5,13
2273,60.69416666666665,6.414166666666667,100.6,4742
2274,62.18972222222221,6.0022222222222235,100.6,217
2275,59.82305555555554,10.65,100.6,200
2276,60.833333333333336,11.337499999999997,100.6,177
2277,64.44222222222221,11.562500000000002,100.6,157
2278,62.2988888888889,7.235555555555553,100.6,150
2279,58.129444444444445,7.399722222222223,100.6,112
2280,68.72722222222222,14.568333333333332,100.6,61
2281,66.85361111111114,13.64111111111111,100.6,61
2282,61.13916666666667,8.68527777777778,100.7,185
2283,60.81027777777778,10.642499999999998,100.7,128
2284,59.528333333333336,5.905555555555553,100.7,99
2285,62.77861111111112,7.248611111111113,100.7,99
2286,68.70027777777779,15.47138888888889,100.7,61
2287,61.3,12.216666666666667,100.7,50
2288,60.21916666666667,9.57472222222222,100.7,49
2289,61.27555555555557,10.42888888888889,100.7,39
2290,65.8786111111111,13.801666666666671,100.7,3
2291,62.27611111111111,10.776666666666664,100.8,141
2292,60.16749999999999,11.99444444444444,100.8,125
2293,62.12972222222223,5.2825000000000015,100.8,88
2294,59.7611111111111,10.04527777777778,100.8,79
2295,60.57361111111111,9.064166666666667,100.8,38
2296,60.2,5.616666666666667,100.8,20
2297,61.93333333333333,5.111111111111111,100.8,19
2298,67.51777777777778,12.115555555555554,100.8,13
2299,60.38777777777777,10.619722222222226,100.9,497
2300,70.87583333333336,28.90611111111112,100.9,442
2301,60.5488888888889,5.128611111111112,100.9,400
2302,67.21666666666667,15.433333333333334,100.9,129
2303,61.29944444444444,7.845277777777777,100.9,88
2304,66.1988888888889,13.019722222222226,100.9,9
2305,58.63333333333332,5.954722222222221,101.0,7691
2306,70.11305555555556,22.933611111111105,101.0,3516
2307,62.476111111111116,6.17888888888889,101.0,316
2308,69.6363888888889,18.99805555555556,101.0,198
2309,58.86916666666667,9.361111111111114,101.0,112
2310,69.29166666666667,18.13222222222223,101.0,63
2311,59.309722222222234,10.147777777777778,101.0,61
2312,59.544166666666676,9.23138888888889,101.0,47
2313,60.61583333333333,8.302499999999998,101.0,39
2314,60.90833333333334,7.2972222222222225,101.0,24
2315,61.171944444444456,10.110277777777782,101.0,24
2316,67.10194444444444,15.393611111111115,101.0,19
2317,60.43499999999999,6.568333333333335,101.0,12
2318,63.26111111111113,10.357777777777777,101.1,57016
2319,68.42138888888888,17.481944444444444,101.1,8831
2320,59.85083333333333,8.655555555555553,101.1,4130
2321,68.38416666666666,16.883055555555554,101.1,380
2322,59.88750000000002,10.792777777777776,101.1,241
2323,59.88750000000002,10.792777777777776,101.1,241
2324,60.16888888888889,5.358888888888887,101.1,197
2325,65.87833333333332,13.303888888888892,101.1,86
2326,69.47083333333332,30.03249999999999,101.1,16
2327,61.89000000000002,6.107777777777777,101.2,2377
2328,58.31805555555556,6.9913888888888875,101.2,251
2329,62.77027777777778,7.562777777777779,101.2,164
2330,58.18555555555555,7.968055555555554,101.2,112
2331,59.18972222222221,7.515277777777779,101.2,99
2332,60.61388888888889,11.232222222222221,101.2,99
2333,60.86083333333334,12.063055555555556,101.2,25
2334,64.45777777777779,13.624722222222221,101.2,5
2335,58.939444444444426,9.091388888888888,101.2,3
2336,60.17166666666665,10.373611111111112,101.3,227
2337,59.48944444444445,8.090277777777779,101.3,128
2338,62.42972222222223,11.273888888888889,101.3,77
2339,59.670277777777784,9.782500000000002,101.3,50
2340,61.034444444444446,5.155,101.4,7691
2341,68.54416666666665,14.868888888888886,101.4,5970
2342,61.07944444444445,8.942777777777776,101.4,306
2343,60.84583333333333,10.896111111111113,101.4,207
2344,62.71611111111111,8.495277777777776,101.4,79
2345,64.87916666666669,11.221111111111114,101.4,63
2346,59.175277777777765,11.428611111111113,101.5,72500
2347,60.25305555555555,11.687222222222225,101.5,1242
2348,61.31916666666667,12.188333333333334,101.5,443
2349,69.0027777777778,18.56083333333333,101.5,198
2350,58.495000000000005,7.210277777777778,101.5,100
2351,58.30111111111111,6.654166666666666,101.5,89
2352,58.920555555555566,5.79,101.5,63
2353,62.315,7.046666666666667,101.5,37
2354,71.04638888888887,28.114722222222227,101.5,37
2355,60.79861111111109,6.576111111111112,101.5,10
2356,60.80416666666666,8.9575,101.5,1
2357,61.89777777777779,9.28361111111111,101.6,8433
2358,67.24222222222221,14.630555555555556,101.6,157
2359,60.58305555555556,10.019166666666665,101.6,100
2360,62.606944444444444,7.189444444444442,101.6,99
2361,65.8436111111111,12.242222222222221,101.6,61
2362,70.5,25.116666666666667,101.6,25
2363,68.76972222222224,17.16527777777778,101.6,12
2364,58.76777777777777,9.105555555555554,101.7,1000
2365,59.46250000000002,9.034999999999998,101.7,1000
2366,63.42583333333333,11.069722222222225,101.7,251
2367,66.85361111111114,13.64111111111111,101.7,180
2368,70.07444444444444,20.431388888888883,101.7,125
2369,60.44388888888889,9.392777777777775,101.7,39
2370,70.67,29.710277777777776,101.7,31
2371,77.89666666666668,16.726666666666663,101.7,20
2372,59.87388888888887,5.493888888888889,101.8,5970
2373,67.21888888888886,15.42888888888889,101.8,611
2374,59.73305555555554,10.1125,101.8,100
2375,62.42916666666666,6.190277777777778,101.8,50
2376,59.88166666666667,8.690555555555555,101.8,49
2377,63.6838888888889,9.653333333333334,101.8,30
2378,74.5,19.016666666666673,101.8,15
2379,59.93416666666666,9.973055555555556,101.8,10
2380,61.33194444444445,11.09416666666667,101.9,597
2381,68.80944444444445,16.52583333333334,101.9,223
2382,60.27416666666668,8.958333333333336,101.9,29
2383,60.43305555555556,8.425833333333332,101.9,25
2384,65.5347222222222,13.380277777777778,101.9,24
2385,58.192777777777785,6.932499999999998,102.0,9683
2386,64.41444444444443,12.212500000000002,102.0,9462
2387,61.43722222222223,5.858611111111109,102.0,2377
2388,59.88750000000002,10.792777777777776,102.0,1211
2389,63.04333333333335,10.24,102.0,282
2390,62.24611111111111,5.450833333333333,102.0,110
2391,59.71722222222221,7.987777777777777,102.0,63
2392,62.92472222222222,11.916666666666666,102.0,50
2393,62.13611111111112,7.183333333333334,102.0,49
2394,59.544166666666676,9.23138888888889,102.0,47
2395,59.05833333333334,10.047777777777778,102.0,24
2396,71.00500000000001,24.59722222222222,102.0,19
2397,66.2086111111111,13.739444444444445,102.0,3
2398,67.83194444444447,15.007222222222222,102.1,13366
2399,60.80861111111112,9.615833333333335,102.1,7178
2400,69.29166666666667,18.13222222222223,102.1,313
2401,69.98388888888887,23.28305555555556,102.1,198
2402,63.248333333333335,10.21,102.1,99
2403,70.85250000000003,29.125277777777775,102.1,65
2404,62.73694444444445,7.160833333333333,102.1,61
2405,70.23416666666665,28.07138888888889,102.1,34
2406,58.920555555555566,5.79,102.2,222
2407,59.62,6.340833333333332,102.2,36
2408,59.28944444444443,8.764722222222222,102.2,31
2409,61.518611111111106,7.289722222222223,102.2,31
2410,63.42222222222222,10.431944444444444,102.2,12
2411,66.42611111111111,15.21611111111111,102.3,597
2412,60.84583333333333,10.896111111111113,102.3,497
2413,61.558055555555555,4.759722222222223,102.3,497
2414,69.27861111111109,16.008055555555554,102.3,299
2415,62.563055555555536,7.534722222222221,102.3,232
2416,70.33638888888888,31.03222222222222,102.3,79
2417,69.47722222222222,25.480555555555554,102.3,58
2418,60.915555555555564,7.219444444444445,102.3,44
2419,69.41111111111108,24.6,102.3,19
2420,69.53999999999999,19.023611111111112,102.3,18
2421,63.80666666666666,9.738611111111112,102.4,14997
2422,66.20277777777777,12.568333333333332,102.4,1606
2423,60.62555555555555,11.988611111111112,102.4,968
2424,70.07444444444444,20.431388888888883,102.4,61
2425,70.98527777777777,-6.85,102.4,25
2426,59.67083333333332,9.52222222222222,102.5,59704
2427,60.37722222222222,5.381388888888888,102.5,45290
2428,62.1738888888889,10.695277777777779,102.5,5970
2429,70.98444444444445,25.89944444444444,102.5,2992
2430,68.7177777777778,15.311111111111106,102.5,532
2431,60.47305555555555,5.293333333333334,102.5,199
2432,68.815,14.547777777777778,102.5,18
2433,69.6363888888889,18.99805555555556,102.6,404
2434,61.18055555555556,8.23861111111111,102.6,83
2435,58.327222222222225,7.479722222222223,102.6,63
2436,59.19694444444444,7.601388888888888,102.6,61
2437,58.664444444444456,6.719722222222223,102.6,20
2438,68.74388888888886,17.00111111111111,102.6,12
2439,65.87833333333332,13.303888888888892,102.6,0
2440,61.10944444444445,10.411666666666662,102.7,112
2441,63.42861111111112,10.596111111111112,102.7,112
2442,60.25222222222222,11.678611111111106,102.7,24
2443,59.22027777777778,5.428333333333332,102.8,119120
2444,62.575,6.318611111111109,102.8,49659
2445,65.65694444444445,11.82833333333333,102.8,5572
2446,70.63944444444442,23.697777777777777,102.8,4130
2447,69.75083333333333,30.13027777777777,102.8,1500
2448,67.17388888888887,15.027499999999996,102.8,394
2449,59.282777777777774,10.405833333333334,102.8,199
2450,60.22972222222223,10.606388888888889,102.8,125
2451,61.32416666666668,12.788333333333336,102.8,100
2452,68.91444444444443,15.086944444444441,102.8,100
2453,66.07944444444445,13.812222222222223,102.8,61
2454,60.90666666666666,9.359166666666669,102.8,39
2455,59.3686111111111,8.026666666666667,102.8,39
2456,62.73888888888889,10.073333333333334,102.8,15
2457,61.17166666666665,8.956666666666667,102.8,12
2458,61.89777777777779,9.28361111111111,102.9,306
2459,60.93305555555556,11.373611111111112,102.9,199
2460,60.536944444444444,9.062499999999998,102.9,158
2461,58.09194444444446,7.817222222222222,102.9,104
2462,59.36083333333334,11.261666666666663,102.9,100
2463,63.7636111111111,11.38611111111111,102.9,57
2464,60.6,6.583333333333333,102.9,31
2465,69.91666666666667,24.986666666666665,102.9,3
2466,64.41444444444443,12.212500000000002,103.0,769
2467,59.90166666666665,10.505833333333335,103.0,198
2468,63.26111111111113,10.357777777777777,103.0,198
2469,61.29944444444444,7.845277777777777,103.0,111
2470,59.11055555555556,11.286944444444448,103.0,99
2471,61.16388888888889,6.648888888888891,103.0,61
2472,60.915555555555564,7.219444444444445,103.0,56
2473,61.10305555555557,7.523888888888889,103.0,30
2474,58.96083333333334,9.482500000000002,103.0,30
2475,63.287500000000016,9.088888888888887,103.0,14
2476,62.10805555555555,10.631666666666671,103.0,10
2477,78.22305555555558,15.637500000000003,103.0,7
2478,59.85083333333333,8.655555555555553,103.1,6855
2479,69.29166666666667,18.13222222222223,103.1,4325
2480,58.63333333333332,5.954722222222221,103.1,625
2481,58.512499999999996,6.97,103.1,100
2482,58.66027777777777,6.743888888888889,103.1,55
2483,62.91777777777778,11.139166666666668,103.1,53
2484,61.33722222222223,10.316944444444442,103.1,46
2485,59.93333333333333,11.041944444444443,103.2,313
2486,61.87500000000001,4.989999999999998,103.2,199
2487,62.5686111111111,9.710833333333333,103.2,198
2488,60.179999999999986,5.446388888888889,103.2,197
2489,59.16138888888889,5.206388888888889,103.2,157
2490,63.127777777777766,9.646111111111113,103.2,63
2491,59.03250000000002,10.201666666666664,103.2,60
2492,70.29333333333332,24.95,103.3,1191
2493,68.10111111111111,13.526111111111108,103.3,394
2494,59.528333333333336,5.905555555555553,103.3,313
2495,60.47305555555555,5.293333333333334,103.3,249
2496,58.058055555555555,7.31111111111111,103.3,158
2497,61.55999999999999,9.800833333333333,103.3,119
2498,62.71611111111111,8.495277777777776,103.3,79
2499,67.17388888888887,15.027499999999996,103.3,70
2500,62.738055555555555,7.166111111111109,103.3,19
2501,65.31388888888888,13.44861111111111,103.4,2070
2502,59.78111111111112,10.795277777777773,103.4,281
2503,62.396666666666654,6.464444444444444,103.4,251
2504,61.13916666666667,8.68527777777778,103.4,185
2505,59.68055555555556,9.669166666666667,103.4,174
2506,60.36611111111111,6.276111111111112,103.4,164
2507,60.84583333333333,10.896111111111113,103.4,137
2508,66.50055555555556,12.042777777777783,103.4,61
2509,60.60277777777776,6.421944444444446,103.4,50
2510,69.01694444444442,15.147499999999999,103.4,32
2511,63.26166666666667,11.093055555555553,103.4,19
2512,68.51611111111113,16.11777777777778,103.4,12
2513,58.61055555555556,5.723055555555556,103.5,990
2514,60.17166666666665,10.373611111111112,103.5,422
2515,69.21722222222223,23.435,103.5,316
2516,59.18361111111112,11.198611111111116,103.5,299
2517,68.46666666666667,17.233333333333334,103.5,199
2518,60.627777777777794,8.605833333333335,103.5,157
2519,61.90166666666665,6.665000000000002,103.5,128
2520,63.80666666666666,9.738611111111112,103.5,121
2521,63.11611111111111,7.712222222222223,103.5,99
2522,61.22833333333334,6.086666666666667,103.5,79
2523,60.10999999999999,6.537500000000002,103.5,47
2524,62.577499999999986,11.387500000000003,103.5,21
2525,62.09583333333333,8.928888888888887,103.5,6
2526,58.70333333333333,8.658611111111114,103.6,4966
2527,59.643611111111106,8.035277777777775,103.6,1258
2528,59.48722222222223,9.906111111111109,103.6,100
2529,59.41138888888889,5.270555555555559,103.6,78
2530,68.54416666666665,14.868888888888886,103.6,61
2531,60.523333333333326,5.233611111111111,103.6,55
2532,69.56472222222224,18.548333333333325,103.6,24
2533,65.6811111111111,11.957222222222223,103.6,20
2534,59.545277777777784,9.236666666666666,103.7,281
2535,60.179999999999986,5.446388888888889,103.7,157
2536,61.10944444444445,10.411666666666662,103.7,125
2537,60.47805555555555,10.601666666666665,103.7,100
2538,62.89305555555554,7.115277777777776,103.7,61
2539,64.17805555555555,13.853888888888891,103.7,60
2540,62.18972222222221,6.0022222222222235,103.7,56
2541,61.30833333333334,12.17666666666667,103.7,12
2542,63.771944444444436,10.951666666666672,103.8,31333
2543,69.04111111111114,18.46472222222223,103.8,883
2544,59.09388888888889,5.74,103.8,190
2545,67.83194444444447,15.007222222222222,103.8,125
2546,60.449166666666684,5.216111111111112,103.8,100
2547,58.02416666666668,7.5791666666666675,103.8,63
2548,60.234999999999985,8.583888888888886,103.8,61
2549,68.66333333333334,17.76472222222223,103.8,12
2550,68.8458333333333,17.413888888888888,103.8,9
2551,59.988611111111126,10.668055555555554,103.9,88308
2552,61.17333333333335,7.120277777777778,103.9,6397
2553,70.98444444444445,25.89944444444444,103.9,4000
2554,58.65722222222223,6.759722222222223,103.9,794
2555,62.7861111111111,8.127777777777776,103.9,31
2556,70.02388888888889,20.981388888888894,103.9,19
2557,69.85499999999999,24.999444444444443,103.9,5
2558,68.46250000000002,17.038888888888884,103.9,3
2559,69.16277777777778,16.092777777777776,104.0,186
2560,59.4263888888889,5.492777777777778,104.0,164
2561,58.44722222222222,8.754722222222224,104.0,141
2562,59.31361111111111,7.344722222222225,104.0,111
2563,58.44666666666668,5.993611111111111,104.0,99
2564,58.145,7.856666666666667,104.0,79
2565,60.13333333333333,5.909444444444445,104.0,79
2566,60.47027777777778,7.083888888888889,104.0,62
2567,63.03083333333331,11.553055555555552,104.0,61
2568,60.053055555555574,6.536111111111111,104.0,61
2569,61.418611111111126,10.173888888888891,104.0,41
2570,62.33527777777777,5.636666666666667,104.0,22
2571,60.778333333333336,6.472222222222223,104.0,20
2572,62.30916666666666,6.941388888888888,104.0,19
2573,59.09888888888887,9.053888888888888,104.0,14
2574,78.22305555555558,15.637500000000003,104.0,7
2575,61.75194444444443,9.721944444444446,104.0,1
2576,69.6363888888889,18.99805555555556,104.1,404
2577,62.98694444444445,8.74055555555556,104.1,252
2578,60.47305555555555,5.293333333333334,104.1,248
2579,60.93305555555556,11.373611111111112,104.1,158
2580,64.44222222222221,11.562500000000002,104.1,157
2581,60.87194444444446,10.613611111111112,104.1,128
2582,61.90500000000001,6.722777777777779,104.1,79
2583,69.56472222222224,18.548333333333325,104.1,63
2584,59.488333333333344,8.630277777777778,104.1,61
2585,60.99333333333335,9.621666666666668,104.1,39
2586,68.12166666666666,15.701666666666664,104.1,15
2587,59.93861111111112,8.783333333333331,104.1,15
2588,60.63611111111112,8.015833333333331,104.1,1
2589,66.20833333333334,13.739166666666668,104.2,7178
2590,59.23916666666667,10.956111111111111,104.2,199
2591,62.43055555555556,11.28111111111111,104.2,100
2592,62.77861111111112,7.248611111111113,104.2,70
2593,58.34388888888889,8.208611111111113,104.2,63
2594,63.42222222222222,10.431944444444444,104.2,63
2595,60.77694444444444,10.195555555555554,104.2,61
2596,58.15527777777779,6.705000000000002,104.2,50
2597,60.711944444444455,8.968333333333335,104.2,39
2598,60.028055555555554,9.616111111111111,104.2,31
2599,58.923611111111114,5.871666666666665,104.2,17
2600,59.811388888888885,6.775833333333335,104.2,16
2601,60.33888888888888,10.352500000000001,104.2,15
2602,70.13777777777777,22.978333333333335,104.2,12
2603,61.474166666666655,5.408611111111113,104.2,1
2604,62.71611111111111,8.495277777777776,104.3,313
2605,67.00444444444445,14.587499999999997,104.3,197
2606,59.87388888888887,5.493888888888889,104.3,161
2607,61.75694444444444,6.214166666666666,104.3,157
2608,59.41333333333332,7.427499999999999,104.3,111
2609,59.30194444444444,8.430555555555559,104.3,61
2610,61.15527777777779,8.87277777777778,104.3,59
2611,59.58500000000001,10.596111111111112,104.3,22
2612,62.382777777777775,7.001388888888887,104.3,19
2613,61.74861111111112,9.17111111111111,104.3,12
2614,70.36861111111111,31.116666666666667,104.3,9
2615,69.27861111111109,16.008055555555554,104.4,502
2616,60.07194444444443,10.179166666666665,104.4,299
2617,61.34416666666665,7.3197222222222225,104.4,125
2618,59.04333333333335,9.67666666666667,104.4,100
2619,64.04749999999999,11.55222222222222,104.4,100
2620,69.38472222222225,20.191388888888888,104.4,63
2621,69.88944444444445,21.591111111111104,104.4,63
2622,60.828888888888876,6.432777777777776,104.4,62
2623,60.699166666666656,10.846388888888889,104.4,61
2624,60.238055555555555,8.581944444444444,104.4,50
2625,62.091388888888886,6.856944444444444,104.4,20
2626,61.17305555555554,11.918888888888894,104.4,20
2627,58.278055555555554,7.868055555555557,104.4,19
2628,60.39583333333333,11.537222222222224,104.4,15
2629,68.14527777777779,13.60222222222222,104.4,10
2630,61.558055555555555,4.759722222222223,104.5,1086
2631,60.126111111111115,11.167777777777777,104.5,1000
2632,63.11694444444443,7.711388888888888,104.5,785
2633,59.15166666666668,5.203055555555556,104.5,248
2634,59.48944444444445,8.090277777777779,104.5,189
2635,62.476111111111116,6.17888888888889,104.5,184
2636,71.04638888888887,28.114722222222227,104.5,184
2637,69.47722222222222,25.480555555555554,104.5,95
2638,60.34222222222224,5.0938888888888885,104.5,61
2639,70.04166666666664,19.27472222222222,104.5,61
2640,61.73916666666667,6.7875,104.5,47
2641,61.94833333333333,7.0219444444444425,104.5,46
2642,68.60194444444444,16.730277777777772,104.5,39
2643,60.58722222222221,9.759722222222223,104.5,39
2644,60.647222222222226,8.56,104.5,39
2645,60.47805555555555,9.237222222222226,104.5,30
2646,65.46638888888887,12.213333333333335,104.5,25
2647,61.91972222222221,8.224722222222221,104.5,19
2648,59.336666666666666,9.902777777777779,104.5,15
2649,61.34166666666667,10.312222222222223,104.5,15
2650,62.85944444444445,9.795555555555554,104.5,2
2651,60.93305555555556,11.373611111111112,104.6,1000
2652,59.658055555555556,6.37,104.6,394
2653,58.35666666666666,6.503055555555556,104.6,328
2654,63.42111111111113,10.25972222222222,104.6,249
2655,61.22833333333334,6.086666666666667,104.6,79
2656,70.06694444444443,29.736944444444436,104.6,50
2657,60.37972222222223,6.146111111111112,104.6,40
2658,59.70472222222222,11.36277777777778,104.6,35
2659,60.648611111111116,5.947777777777778,104.6,32
2660,59.7611111111111,10.04527777777778,104.6,31
2661,61.71694444444445,9.379444444444445,104.6,24
2662,66.01833333333332,12.625277777777782,104.7,532
2663,62.61138888888888,11.419444444444443,104.7,306
2664,61.18499999999999,6.519166666666668,104.7,243
2665,59.96083333333334,12.09527777777778,104.7,63
2666,59.01222222222221,9.89638888888889,104.7,56
2667,60.35666666666666,10.571388888888885,104.7,49
2668,70.63833333333334,29.732777777777777,104.7,40
2669,60.08388888888888,9.045555555555557,104.7,39
2670,58.983333333333334,5.950833333333333,104.7,31
2671,70.40111111111108,26.71638888888888,104.7,0
2672,64.28472222222223,11.092777777777776,104.8,413
2673,60.21916666666667,9.57472222222222,104.8,243
2674,61.86749999999999,6.706666666666667,104.8,177
2675,69.21722222222223,19.38138888888889,104.8,176
2676,59.87388888888887,5.493888888888889,104.8,100
2677,59.63500000000001,7.773888888888889,104.8,100
2678,59.97444444444444,10.658333333333339,104.8,85
2679,62.73638888888888,7.1822222222222205,104.8,61
2680,68.87444444444446,18.41583333333333,104.8,61
2681,70.85611111111115,29.087500000000002,104.8,39
2682,65.81305555555556,13.21972222222222,104.8,39
2683,62.249722222222225,8.180277777777778,104.8,24
2684,60.71722222222221,10.585833333333332,104.8,15
2685,67.66333333333334,12.626944444444442,104.8,13
2686,60.645555555555546,6.401944444444446,104.8,3
2687,65.90916666666666,14.32027777777778,104.8,3
2688,58.218888888888884,7.851666666666668,104.9,29923
2689,60.728888888888875,8.85777777777778,104.9,497
2690,67.30166666666665,14.418888888888887,104.9,237
2691,70.23416666666665,28.07138888888889,104.9,172
2692,62.25805555555556,5.742777777777776,104.9,110
2693,68.95388888888887,16.699722222222228,104.9,100
2694,66.65972222222223,13.071666666666669,104.9,99
2695,63.34555555555554,9.869166666666665,104.9,79
2696,59.213055555555535,10.94,104.9,50
2697,61.52916666666666,5.7775,104.9,49
2698,68.91805555555555,15.269722222222219,104.9,28
2699,60.6,6.433333333333334,104.9,25
2700,61.18083333333334,8.390277777777778,104.9,5
2701,60.43249999999999,8.424722222222224,104.9,1
2702,62.65888888888888,6.321944444444446,105.0,398
2703,68.42138888888888,17.481944444444444,105.0,398
2704,69.02444444444444,23.017777777777777,105.0,316
2705,68.54416666666665,14.868888888888886,105.0,313
2706,58.233333333333334,7.48,105.0,223
2707,61.10944444444445,10.411666666666662,105.0,141
2708,61.229166666666686,7.101666666666665,105.0,128
2709,59.4263888888889,5.492777777777778,105.0,112
2710,59.28527777777777,7.419722222222223,105.0,111
2711,61.31527777777778,12.222222222222223,105.0,100
2712,68.76972222222224,16.09638888888889,105.0,79
2713,59.73305555555554,10.1125,105.0,62
2714,60.093055555555566,10.836388888888886,105.0,61
2715,61.30888888888888,7.8130555555555565,105.0,51
2716,65.13833333333334,12.208888888888893,105.0,50
2717,68.05416666666666,16.066666666666666,105.0,50
2718,60.98694444444445,9.240833333333333,105.0,39
2719,70.79166666666667,28.073055555555555,105.0,24
2720,59.88666666666666,8.733611111111108,105.0,22
2721,69.0663888888889,18.516388888888894,105.0,15
2722,61.57972222222223,9.67666666666667,105.0,15
2723,69.33333333333333,17.111111111111104,105.0,4
2724,60.62555555555555,11.988611111111112,105.1,1258
2725,63.42111111111113,10.25972222222222,105.1,306
2726,62.83555555555555,11.20333333333333,105.1,99
2727,64.68277777777777,13.729166666666668,105.1,30
2728,60.185833333333335,5.46888888888889,105.1,15
2729,59.23583333333334,9.699166666666665,105.2,78705
2730,60.47305555555555,5.293333333333334,105.2,800
2731,68.09277777777775,15.596111111111112,105.2,529
2732,61.94972222222223,6.354444444444444,105.2,147
2733,58.095,6.801666666666665,105.2,99
2734,62.1111111111111,8.695833333333335,105.2,99
2735,58.8352777777778,5.790555555555556,105.2,26
2736,62.973888888888894,7.823611111111111,105.2,20
2737,62.288888888888884,6.666944444444444,105.2,19
2738,60.406111111111095,6.635000000000002,105.2,12
2739,61.7577777777778,9.520833333333336,105.2,12
2740,70.26277777777779,23.00305555555556,105.2,12
2741,66.71555555555557,13.7075,105.2,1
2742,60.3763888888889,11.158055555555555,105.3,508
2743,62.61638888888889,9.685000000000002,105.3,398
2744,69.4152777777778,17.215555555555554,105.3,141
2745,65.82166666666664,13.186388888888892,105.3,99
2746,67.89083333333335,13.02666666666667,105.3,79
2747,69.83166666666666,20.78305555555556,105.3,19
2748,61.66027777777777,7.276111111111112,105.3,10
2749,59.578611111111094,7.3311111111111105,105.3,9
2750,60.48944444444445,8.084444444444443,105.3,1
2751,63.537222222222205,9.95972222222222,105.4,199
2752,61.92611111111111,7.009444444444445,105.4,188
2753,59.59361111111113,11.195555555555558,105.4,158
2754,58.47666666666666,6.541388888888888,105.4,157
2755,58.995000000000005,7.734722222222221,105.4,121
2756,58.63972222222223,6.094444444444444,105.4,100
2757,61.201944444444436,11.640277777777778,105.4,99
2758,70.07444444444444,20.431388888888883,105.4,78
2759,68.7177777777778,15.311111111111106,105.4,61
2760,67.10166666666666,15.44111111111111,105.4,20
2761,67.72777777777777,15.31555555555556,105.4,15
2762,66.20277777777777,12.568333333333332,105.4,3
2763,60.20972222222223,5.110555555555554,105.5,2000
2764,59.20555555555555,8.044722222222225,105.5,630
2765,58.14944444444444,7.0519444444444455,105.5,199
2766,64.44222222222221,11.562500000000002,105.5,199
2767,60.937777777777775,9.442499999999997,105.5,197
2768,63.3911111111111,8.068055555555555,105.5,157
2769,70.08722222222224,22.74055555555555,105.5,106
2770,59.7611111111111,10.04527777777778,105.5,89
2771,70.94361111111111,27.36416666666666,105.5,70
2772,58.13472222222223,8.005555555555556,105.5,70
2773,63.45666666666666,11.67666666666667,105.5,56
2774,62.50055555555554,6.386388888888889,105.5,42
2775,59.619444444444454,6.22972222222222,105.5,39
2776,59.90111111111111,6.61,105.5,31
2777,62.147222222222226,6.084722222222224,105.5,12
2778,66.86583333333333,13.72583333333333,105.5,3
2779,59.50472222222223,8.663055555555557,105.6,1191
2780,59.42277777777778,5.328888888888887,105.6,216
2781,59.16138888888889,5.206388888888889,105.6,200
2782,60.66805555555556,11.838611111111106,105.6,125
2783,59.40111111111111,10.38138888888889,105.6,121
2784,69.71805555555554,19.12888888888889,105.6,111
2785,60.030000000000015,11.361111111111114,105.6,100
2786,70.66083333333334,23.681388888888893,105.6,79
2787,62.61305555555556,6.464722222222221,105.6,78
2788,68.60138888888889,16.728333333333335,105.6,62
2789,60.60277777777776,6.421944444444446,105.6,50
2790,60.86916666666667,8.516388888888887,105.6,39
2791,63.52583333333333,10.89,105.6,19
2792,61.86638888888889,9.13888888888889,105.6,16
2793,59.98555555555556,12.12444444444445,105.6,12
2794,58.334722222222226,6.413888888888889,105.6,10
2795,63.051388888888894,9.715277777777777,105.6,7
2796,60.63611111111112,8.189166666666667,105.6,1
2797,62.56333333333335,7.68888888888889,105.7,249
2798,60.38777777777777,10.619722222222226,105.7,239
2799,59.72305555555555,7.567777777777777,105.7,107
2800,59.48638888888888,11.74638888888889,105.7,63
2801,68.56333333333335,14.908055555555555,105.7,54
2802,61.56944444444446,5.722777777777779,105.7,12
2803,69.75083333333333,30.13027777777777,105.8,5834
2804,62.1738888888889,10.695277777777779,105.8,2992
2805,59.88750000000002,10.792777777777776,105.8,229
2806,59.88750000000002,10.792777777777776,105.8,229
2807,60.534166666666685,5.565555555555557,105.8,200
2808,60.81027777777778,10.759999999999998,105.8,180
2809,59.00638888888888,8.501666666666665,105.8,160
2810,67.0825,15.329166666666667,105.8,100
2811,62.98888888888889,10.774444444444443,105.8,63
2812,62.35,5.5569444444444445,105.8,55
2813,62.666666666666664,9.077777777777774,105.8,50
2814,60.415555555555564,5.205833333333331,105.8,32
2815,61.90305555555555,5.540833333333333,105.8,19
2816,59.32694444444444,7.320555555555555,105.8,13
2817,60.53833333333334,8.197222222222223,105.9,485
2818,63.46833333333335,10.91972222222222,105.9,158
2819,58.08249999999999,7.906666666666667,105.9,158
2820,69.57166666666667,20.432500000000005,105.9,100
2821,58.968888888888884,5.7583333333333355,105.9,99
2822,60.426944444444445,7.102777777777779,105.9,79
2823,65.50500000000001,12.386666666666663,105.9,63
2824,62.89305555555554,7.115277777777776,105.9,61
2825,61.33722222222223,10.316944444444442,105.9,46
2826,60.44388888888889,9.392777777777775,105.9,39
2827,61.87861111111109,6.797777777777777,105.9,31
2828,69.31388888888888,16.11861111111111,105.9,25
2829,61.31666666666667,7.133333333333334,105.9,7
2830,62.734722222222224,7.720833333333333,106.0,125
2831,68.02444444444444,15.671388888888892,106.0,79
2832,61.801388888888894,6.520277777777777,106.0,63
2833,61.33194444444445,11.09416666666667,106.0,61
2834,60.2636111111111,6.168888888888887,106.0,13
2835,61.82666666666666,9.40972222222222,106.0,12
2836,60.06750000000002,6.545833333333332,106.0,12
2837,68.86055555555556,18.351666666666667,106.0,12
2838,62.295,6.876388888888889,106.0,12
2839,59.175277777777765,11.428611111111113,106.1,35892
2840,70.29333333333332,24.95,106.1,1995
2841,58.44055555555556,5.999722222222223,106.1,1721
2842,69.96472222222222,19.619166666666665,106.1,394
2843,60.29777777777777,5.362500000000002,106.1,313
2844,60.654166666666654,10.634999999999998,106.1,238
2845,58.24277777777778,7.340277777777778,106.1,70
2846,62.54777777777779,6.600555555555555,106.1,39
2847,58.293888888888894,6.67638888888889,106.1,24
2848,61.51361111111113,9.794722222222221,106.1,1
2849,61.892222222222216,5.911388888888891,106.2,188
2850,63.42222222222222,10.431944444444444,106.2,134
2851,61.92805555555555,7.941388888888888,106.2,121
2852,59.99555555555555,5.990555555555555,106.2,99
2853,61.68805555555556,9.569444444444441,106.2,99
2854,69.17694444444447,17.80222222222222,106.2,89
2855,70.28638888888888,31.015833333333337,106.2,79
2856,66.99222222222221,14.831388888888888,106.2,78
2857,59.73722222222223,8.150555555555554,106.2,39
2858,59.13166666666667,8.831111111111113,106.2,39
2859,59.10249999999998,7.454444444444447,106.2,30
2860,68.68722222222223,14.50111111111111,106.2,15
2861,63.613333333333344,8.978333333333332,106.2,14
2862,61.431666666666665,7.2425000000000015,106.2,1
2863,58.15527777777779,6.705000000000002,106.3,630
2864,70.46833333333335,28.23527777777777,106.3,416
2865,59.86749999999999,9.931111111111111,106.3,251
2866,60.16749999999999,11.99444444444444,106.3,194
2867,60.38972222222223,10.031944444444443,106.3,176
2868,58.76027777777777,5.653611111111111,106.3,158
2869,61.293888888888894,10.400833333333333,106.3,112
2870,60.27277777777778,8.968611111111112,106.3,61
2871,58.171944444444456,8.2675,106.3,22
2872,60.60277777777776,6.421944444444446,106.3,12
2873,62.953611111111115,7.646111111111112,106.3,10
2874,61.64944444444444,10.108333333333336,106.3,1
2875,64.41444444444443,12.212500000000002,106.4,769
2876,59.24611111111111,9.657777777777778,106.4,153
2877,60.47305555555555,5.293333333333334,106.4,25
2878,62.215277777777786,8.508611111111113,106.4,24
2879,63.03777777777778,9.220277777777778,106.4,20
2880,71.03638888888891,27.859166666666663,106.4,14
2881,61.907777777777774,6.111388888888888,106.4,12
2882,60.99416666666665,11.338333333333335,106.5,70146
2883,63.20916666666666,10.98888888888889,106.5,1976
2884,59.48027777777777,6.20527777777778,106.5,442
2885,59.28333333333333,11.113611111111112,106.5,351
2886,58.44722222222222,8.754722222222224,106.5,150
2887,59.68055555555556,9.669166666666667,106.5,89
2888,70.04166666666664,19.27472222222222,106.5,78
2889,58.33083333333332,7.760833333333332,106.5,75
2890,62.77861111111112,7.248611111111113,106.5,70
2891,62.091388888888886,6.086388888888889,106.5,62
2892,69.7172222222222,30.057777777777783,106.5,61
2893,59.41611111111111,8.42416666666667,106.5,61
2894,62.208611111111125,6.5388888888888905,106.5,40
2895,69.80305555555555,20.875000000000004,106.5,39
2896,59.87666666666668,8.588333333333335,106.5,39
2897,61.4525,5.644999999999999,106.5,6
2898,61.11583333333333,6.132222222222221,106.5,5
2899,61.17333333333335,7.120277777777778,106.6,6400
2900,70.68027777777777,23.65138888888888,106.6,157
2901,58.86916666666667,9.361111111111114,106.6,128
2902,59.718888888888884,10.245277777777776,106.6,125
2903,58.27083333333332,6.806666666666667,106.6,14
2904,58.84805555555555,6.137499999999999,106.6,12
2905,60.54805555555555,8.425555555555555,106.7,496
2906,60.29777777777777,5.362500000000002,106.7,313
2907,63.567499999999995,10.310555555555556,106.7,153
2908,58.40722222222223,7.408888888888887,106.7,112
2909,62.41722222222221,11.003055555555553,106.7,100
2910,59.18499999999999,10.403888888888892,106.7,61
2911,61.759166666666665,6.832500000000001,106.7,46
2912,58.02666666666666,7.482777777777779,106.7,43
2913,59.640277777777776,6.376388888888886,106.7,39
2914,60.265555555555565,10.432499999999997,106.7,22
2915,68.09666666666665,16.366388888888892,106.7,22
2916,69.27833333333331,19.900555555555556,106.7,19
2917,62.08944444444445,5.3805555555555555,106.7,16
2918,66.76527777777778,13.4725,106.7,12
2919,69.30000000000003,25.349722222222226,106.8,676
2920,68.6677777777778,15.509166666666665,106.8,313
2921,59.55916666666666,9.313055555555554,106.8,281
2922,68.41166666666669,15.98472222222222,106.8,200
2923,62.266666666666666,7.133333333333334,106.8,177
2924,66.80888888888889,15.357777777777777,106.8,158
2925,67.36027777777778,15.554999999999996,106.8,158
2926,62.973888888888894,7.823611111111111,106.8,100
2927,59.88750000000002,10.792777777777776,106.8,100
2928,61.13916666666667,8.68527777777778,106.8,59
2929,64.94583333333333,13.189444444444446,106.8,30
2930,62.09722222222222,9.0425,106.8,24
2931,67.13694444444445,16.12138888888889,106.8,12
2932,61.418611111111126,10.173888888888891,106.8,1
2933,59.48944444444445,8.090277777777779,106.9,630
2934,59.43694444444445,10.631666666666671,106.9,299
2935,59.42277777777778,5.328888888888887,106.9,216
2936,61.15055555555557,11.391666666666666,106.9,177
2937,68.89527777777779,17.709444444444447,106.9,99
2938,69.64638888888886,18.923888888888897,106.9,99
2939,58.18555555555555,7.968055555555554,106.9,45
2940,70.98111111111112,25.974444444444437,106.9,40
2941,70.05333333333333,24.96388888888889,106.9,40
2942,70.05333333333333,24.96388888888889,106.9,40
2943,60.73138888888888,9.6875,106.9,39
2944,60.56027777777778,10.289166666666668,106.9,15
2945,69.98388888888887,23.28305555555556,106.9,14
2946,62.56333333333335,7.5358333333333345,106.9,12
2947,67.14416666666668,13.966944444444444,106.9,10
2948,71.09944444444447,25.37333333333334,106.9,5
2949,70.98499999999999,26.03222222222222,106.9,2
2950,71.11361111111111,25.829166666666662,106.9,2
2951,71.04111111111114,25.894722222222217,106.9,0
2952,62.18972222222221,6.0022222222222235,107.0,217
2953,59.56361111111111,11.34333333333333,107.0,199
2954,63.26111111111113,10.357777777777777,107.0,168
2955,59.718888888888884,10.245277777777776,107.0,124
2956,59.718888888888884,10.245277777777776,107.0,124
2957,61.85305555555555,11.873055555555556,107.0,100
2958,60.811388888888885,10.643611111111108,107.0,70
2959,65.36583333333333,12.207777777777777,107.0,61
2960,62.50500000000001,6.691388888888888,107.0,42
2961,59.97166666666668,8.869722222222222,107.0,39
2962,60.57361111111111,9.064166666666667,107.0,38
2963,58.43666666666666,6.007499999999999,107.0,31
2964,61.666388888888896,9.74111111111111,107.0,22
2965,70.09583333333336,20.744166666666665,107.0,19
2966,61.796944444444435,8.498055555555554,107.0,18
2967,60.57111111111111,6.895000000000002,107.0,9
2968,68.57055555555554,16.656944444444438,107.0,7
2969,69.96111111111108,22.003611111111113,107.0,6
2970,60.06972222222221,6.54861111111111,107.0,3
2971,59.05722222222223,10.05222222222222,107.1,223
2972,61.745000000000005,6.4411111111111135,107.1,124
2973,58.1125,7.10888888888889,107.1,121
2974,64.39916666666666,13.65333333333333,107.1,61
2975,60.415555555555564,5.205833333333331,107.1,16
2976,66.79944444444446,14.015833333333331,107.1,12
2977,60.16749999999999,11.99444444444444,107.2,6546
2978,61.91277777777778,5.995277777777776,107.2,313
2979,69.27861111111109,16.008055555555554,107.2,299
2980,64.41333333333333,11.244444444444447,107.2,251
2981,62.93083333333334,7.926944444444445,107.2,226
2982,69.27861111111109,16.008055555555554,107.2,223
2983,58.94027777777778,5.706666666666667,107.2,220
2984,69.0166666666667,19.424999999999997,107.2,124
2985,59.78805555555556,7.641388888888891,107.2,107
2986,59.70083333333333,7.815000000000002,107.2,100
2987,63.58888888888888,9.956111111111111,107.2,62
2988,66.31972222222224,14.149722222222227,107.2,39
2989,60.8,6.583333333333333,107.2,25
2990,68.66361111111112,18.72333333333334,107.2,12
2991,59.98888888888889,10.23111111111111,107.2,2
2992,69.97416666666668,29.262222222222224,107.3,394
2993,58.61277777777778,7.431111111111111,107.3,223
2994,59.41972222222221,8.056944444444447,107.3,197
2995,62.66527777777778,6.654722222222224,107.3,78
2996,69.6363888888889,18.99805555555556,107.3,70
2997,58.26944444444445,7.972777777777779,107.3,25
2998,60.34472222222222,6.14111111111111,107.3,19
2999,60.53805555555556,6.740555555555555,107.3,18
3000,62.46222222222221,9.550833333333333,107.3,12
3001,61.11666666666667,5.816666666666666,107.3,5
3002,59.16749999999999,9.614166666666666,107.4,248
3003,60.627777777777794,8.605833333333335,107.4,157
3004,60.97361111111111,10.534444444444443,107.4,130
3005,60.51138888888889,10.669444444444443,107.4,114
3006,63.59472222222222,10.742500000000005,107.4,100
3007,60.20666666666666,5.481388888888891,107.4,99
3008,59.748055555555574,10.416666666666666,107.4,99
3009,61.68722222222223,9.569444444444441,107.4,99
3010,58.25777777777777,8.414722222222222,107.4,44
3011,67.23722222222223,14.636388888888886,107.4,31
3012,70.965,27.351944444444435,107.4,30
3013,59.09222222222221,8.836388888888886,107.4,22
3014,61.43055555555556,12.121388888888891,107.4,20
3015,58.31666666666667,6.959444444444445,107.4,15
3016,68.70027777777779,18.098055555555554,107.4,12
3017,65.31388888888888,13.44861111111111,107.5,2070
3018,59.28972222222221,6.054444444444443,107.5,496
3019,59.11750000000002,11.421111111111113,107.5,251
3020,60.47527777777776,5.4594444444444425,107.5,198
3021,58.33194444444445,6.30638888888889,107.5,176
3022,68.46972222222222,16.558888888888895,107.5,92
3023,62.73638888888888,7.1822222222222205,107.5,61
3024,59.88166666666667,8.690555555555555,107.5,49
3025,62.16222222222221,6.148888888888891,107.5,44
3026,59.92805555555555,11.63888888888889,107.5,40
3027,60.21916666666667,9.57472222222222,107.5,39
3028,62.84194444444446,11.3,107.5,19
3029,70.3258333333333,25.13611111111111,107.6,4000
3030,70.3258333333333,25.13611111111111,107.6,4000
3031,68.61611111111108,14.460555555555553,107.6,266
3032,58.58861111111113,7.775555555555554,107.6,243
3033,63.26111111111113,10.357777777777777,107.6,223
3034,60.69444444444446,11.361111111111114,107.6,197
3035,63.04333333333335,10.24,107.6,21
3036,70.63944444444442,23.697777777777777,107.6,20
3037,61.40333333333333,7.295833333333334,107.6,19
3038,61.56277777777778,10.091388888888888,107.6,15
3039,59.88750000000002,10.792777777777776,107.7,241
3040,58.920555555555566,5.79,107.7,200
3041,59.220833333333346,10.870277777777781,107.7,130
3042,59.773055555555544,7.3488888888888875,107.7,107
3043,58.37833333333334,8.589166666666667,107.7,70
3044,62.769722222222235,7.872222222222224,107.7,61
3045,63.26805555555556,9.812500000000002,107.7,23
3046,58.083333333333336,7.304999999999999,107.7,7
3047,60.39805555555557,8.473333333333336,107.7,1
3048,60.17166666666665,10.373611111111112,107.8,453
3049,61.31916666666667,12.188333333333334,107.8,443
3050,68.80944444444445,16.525555555555552,107.8,198
3051,62.10805555555555,10.631666666666671,107.8,100
3052,61.90166666666665,6.665000000000002,107.8,79
3053,59.50027777777778,8.196944444444444,107.8,59
3054,59.654444444444444,6.356944444444444,107.8,44
3055,60.38666666666666,5.322500000000001,107.8,43
3056,60.50055555555554,9.193055555555556,107.8,39
3057,61.50694444444444,7.718611111111109,107.8,31
3058,62.40222222222222,6.131388888888892,107.8,19
3059,61.002500000000005,10.113611111111112,107.8,19
3060,64.16499999999999,10.176111111111112,107.8,12
3061,70.07611111111112,18.981944444444444,107.9,394
3062,60.3763888888889,11.158055555555555,107.9,350
3063,62.97333333333333,8.08472222222222,107.9,250
3064,58.765,5.842222222222221,107.9,197
3065,59.748055555555574,5.294999999999999,107.9,197
3066,62.65055555555557,7.543333333333334,107.9,125
3067,63.771944444444436,10.951666666666672,107.9,100
3068,69.02916666666667,18.561666666666664,107.9,78
3069,59.57444444444444,8.537222222222224,107.9,61
3070,59.718888888888884,10.245277777777776,107.9,60
3071,60.766666666666666,5.0,107.9,40
3072,58.27694444444444,7.209722222222223,107.9,39
3073,66.94055555555556,15.292499999999999,107.9,31
3074,58.25444444444444,7.974166666666666,107.9,22
3075,61.87194444444446,8.50361111111111,107.9,19
3076,60.45611111111109,6.57,107.9,6
3077,60.814722222222244,9.7675,107.9,6
3078,61.23194444444445,6.060277777777778,107.9,4
3079,60.540277777777774,8.197777777777777,107.9,1
3080,59.31972222222221,7.312500000000001,107.9,1
3081,61.28055555555556,10.268333333333334,107.9,1
