,Latitude in degrees,Longitude in degrees,Frequency(MHz),EIRP
0,51.56249999999999,-1.2916666666666667,40.05,0
1,53.511111111111106,-2.227777777777778,48.28,0
2,51.511111111111106,-0.11666666666666667,48.3,0
3,53.32777777777777,-2.7111111111111112,48.3,0
4,53.05,-1.4,48.3,0
5,53.511111111111106,-2.227777777777778,48.425,0
6,52.46666666666667,-1.9166666666666665,48.43,0
7,57.53944444444445,-2.951944444444445,48.475,0
8,53.22916666666668,-1.8749999999999998,50.0,15
9,57.520833333333336,-4.541388888888888,50.001,40
10,55.07083333333333,-6.244444444444444,50.004,30
11,50.39555555555556,-4.791666666666666,50.004,40
12,55.0625,-6.208055555555554,50.006,0
13,51.770833333333336,-0.7083333333333333,50.016,10
14,51.56249999999999,-1.2916666666666667,50.05,0
15,53.10416666666667,-1.2083333333333333,50.408,0
16,50.39555555555556,-4.791666666666666,50.443,12
17,55.0625,-6.208055555555554,50.461,120
18,60.39583333333332,-1.1247222222222222,50.464,30
19,49.18749999999999,-2.2080555555555557,50.465,0
20,56.460833333333326,-2.9913888888888898,52.75,0
21,53.10000000000001,-2.0277777777777772,52.75,0
22,53.400000000000006,-2.266666666666667,52.75,0
23,56.848055555555554,-5.089166666666667,52.9,0
24,53.611111111111114,-2.3000000000000003,52.93,0
25,56.70000000000001,-3.7166666666666672,52.93,0
26,51.56249999999999,-1.2916666666666667,60.05,0
27,51.56249999999999,-1.2916666666666667,70.05,0
28,51.57888888888889,0.1844444444444444,81.24,0
29,51.50805555555556,-0.09527777777777777,87.7,140
30,60.3925,-1.3650000000000002,87.7,1
31,60.11999999999999,-1.1219444444444446,87.7,1
32,60.48972222222221,-1.6269444444444443,87.7,1
33,55.86111111111111,-4.266666666666667,87.7,1
34,60.79833333333333,-0.8205555555555556,87.7,1
35,59.854166666666664,-1.2752777777777777,87.7,1
36,60.226388888888884,-1.5630555555555556,87.7,1
37,57.583611111111104,-4.069166666666666,87.7,0
38,55.45944444444445,-4.608055555555555,87.7,0
39,53.22972222222223,-4.134166666666668,87.7,0
40,51.07166666666667,-4.0694444444444455,87.7,0
41,51.557222222222215,0.44944444444444437,87.7,0
42,56.73694444444444,-2.6724999999999994,87.7,0
43,51.86888888888889,-4.286111111111111,87.7,0
44,56.46166666666667,-3.010833333333333,87.7,0
45,56.460833333333326,-2.9913888888888898,87.7,0
46,50.80166666666667,-3.1905555555555556,87.7,0
47,57.477500000000006,-4.204444444444444,87.7,0
48,56.7075,-2.473611111111112,87.7,0
49,50.53472222222223,-3.6197222222222227,87.7,0
50,50.416111111111114,-4.114166666666667,87.7,0
51,56.77694444444445,-2.616944444444444,87.7,0
52,50.735555555555564,-3.528888888888889,87.7,0
53,56.651388888888896,-2.8708333333333336,87.7,0
54,52.628888888888895,-1.1416666666666666,87.7,0
55,56.70916666666666,-2.463055555555556,87.7,0
56,52.41583333333333,-4.070555555555556,87.8,0
57,51.37972222222222,0.5405555555555556,87.9,0
58,53.0763888888889,-3.045,88.0,1400
59,54.748888888888885,-3.140555555555555,88.1,250000
60,50.55027777777778,-4.008333333333334,88.1,160000
61,51.92388888888888,1.0858333333333332,88.1,5000
62,51.22833333333333,-0.6052777777777778,88.1,4000
63,57.61694444444445,-7.443611111111111,88.1,2000
64,52.934166666666655,-3.921944444444444,88.1,182
65,55.75000000000001,-6.274166666666667,88.1,61
66,53.13694444444444,-4.129166666666665,88.1,50
67,52.89222222222222,-0.6558333333333334,88.1,50
68,52.44694444444443,-3.5497222222222216,88.1,50
69,57.0013888888889,-5.828611111111111,88.1,40
70,56.68416666666666,-5.170277777777779,88.1,30
71,51.71750000000001,-1.968055555555556,88.1,10
72,52.08194444444444,-3.162777777777777,88.1,10
73,57.39555555555556,-6.1802777777777775,88.1,10
74,57.53222222222223,-3.135,88.2,2000
75,50.84527777777778,0.4758333333333333,88.2,100
76,51.68944444444444,-2.2197222222222224,88.2,100
77,51.414722222222224,-1.2897222222222218,88.2,100
78,53.10833333333334,-3.757222222222222,88.2,50
79,51.42888888888888,-2.005555555555555,88.2,32
80,51.74166666666666,-3.6797222222222223,88.2,10
81,52.60055555555555,-1.8336111111111113,88.3,250000
82,60.13000000000001,-1.0963888888888886,88.3,50000
83,56.55694444444445,-2.8433333333333337,88.3,20000
84,52.7375,-4.038055555555555,88.3,250
85,55.36416666666667,-4.465000000000001,88.3,220
86,58.46166666666667,-6.230833333333335,88.3,162
87,54.31194444444444,-2.0138888888888884,88.3,100
88,54.37444444444444,-2.9513888888888893,88.3,64
89,55.98222222222222,-4.601111111111112,88.3,50
90,57.89249999999999,-5.135833333333333,88.3,50
91,51.336944444444455,-2.2641666666666667,88.3,50
92,54.0925,-6.181944444444445,88.3,40
93,51.35916666666666,0.2575,88.3,2
94,53.94555555555555,-1.053333333333333,88.3,2
95,54.14055555555555,-4.493055555555555,88.4,11400
96,51.818333333333335,-4.065833333333334,88.4,3200
97,55.413611111111116,-5.624166666666667,88.4,400
98,51.099722222222226,1.1824999999999999,88.4,100
99,53.28694444444445,-3.6847222222222222,88.4,100
100,55.661944444444444,-3.2277777777777774,88.4,40
101,53.932222222222215,-1.711111111111111,88.4,40
102,53.478055555555564,-2.2383333333333333,88.4,37
103,51.771666666666654,-3.2188888888888885,88.4,30
104,53.73722222222223,-2.0183333333333335,88.4,25
105,51.31694444444445,-0.09333333333333332,88.4,25
106,51.61777777777777,-3.4033333333333333,88.4,10
107,53.69055555555555,-2.096388888888889,88.4,10
108,50.67638888888889,-1.3686111111111108,88.5,250000
109,54.86888888888889,-1.771111111111111,88.5,135000
110,57.38638888888888,-6.2427777777777775,88.5,30000
111,51.04055555555554,-4.138055555555555,88.5,1000
112,55.87805555555555,-4.998333333333333,88.5,570
113,50.38138888888888,-4.067500000000001,88.5,40
114,53.832777777777785,-1.7519444444444447,88.5,20
115,51.751111111111115,-3.048611111111111,88.5,10
116,51.628611111111105,-3.7377777777777785,88.5,10
117,51.998888888888885,-0.6697222222222221,88.6,10000
118,51.99750000000001,-2.54,88.6,10000
119,53.62555555555555,-2.514722222222222,88.6,4000
120,57.106111111111105,-4.708611111111111,88.6,1000
121,53.37944444444445,-1.513611111111111,88.6,324
122,55.81916666666668,-3.1944444444444438,88.6,132
123,55.78583333333333,-2.032777777777778,88.6,50
124,55.850833333333334,-4.282500000000001,88.6,28
125,51.58611111111111,-3.5811111111111114,88.6,10
126,52.36055555555556,-4.1025,88.7,250000
127,57.38666666666667,-2.4000000000000004,88.7,150000
128,55.00416666666667,-7.368888888888888,88.7,31200
129,54.160000000000004,-6.385833333333334,88.7,4000
130,56.21222222222223,-4.2622222222222215,88.7,1000
131,50.446666666666665,-3.6111111111111107,88.7,794
132,54.89361111111112,-4.301944444444444,88.7,124
133,53.71999999999999,-1.9286111111111108,88.7,84
134,56.711944444444455,-5.289999999999999,88.7,55
135,50.75361111111112,-4.005277777777778,88.7,50
136,55.41277777777777,-3.9944444444444445,88.7,40
137,51.8075,-3.0977777777777784,88.7,36
138,53.335833333333326,-0.17194444444444443,88.8,14350
139,51.42416666666666,-0.07499999999999998,88.8,4000
140,49.246111111111105,-2.1013888888888896,88.8,3800
141,50.48138888888889,-4.7825,88.8,200
142,55.21611111111111,-6.307777777777779,88.8,100
143,49.932500000000005,-6.305,88.8,60
144,54.676944444444445,-5.929166666666667,88.8,20
145,56.178888888888885,-5.071111111111111,88.8,20
146,51.47472222222222,-2.1252777777777783,88.8,9
147,51.649444444444455,-3.503888888888889,88.8,6
148,53.03111111111111,-3.1808333333333336,88.9,15600
149,56.403888888888886,-5.485833333333333,88.9,5000
150,53.895555555555546,-1.8963888888888887,88.9,1000
151,52.215277777777786,0.03666666666666667,88.9,260
152,51.484722222222224,-1.5591666666666664,88.9,125
153,52.275277777777774,-0.8852777777777775,88.9,122
154,55.24472222222223,-4.814722222222221,88.9,100
155,53.71333333333333,-2.0652777777777773,88.9,100
156,50.87333333333333,-2.9138888888888883,88.9,50
157,51.754444444444445,-3.7733333333333334,88.9,48
158,51.959166666666675,-3.4130555555555553,88.9,20
159,51.86694444444444,-4.308888888888889,88.9,20
160,52.51222222222223,-1.476666666666667,88.9,1
161,54.358333333333334,-1.150277777777778,88.996,5000
162,54.262499999999996,-4.462777777777779,89.0,1860
163,56.37222222222223,-3.453055555555556,89.0,1000
164,53.28361111111111,-1.4272222222222224,89.0,400
165,51.609166666666674,-1.7938888888888889,89.0,200
166,54.31444444444445,-2.708055555555555,89.0,100
167,51.38777777777778,-2.3327777777777783,89.0,82
168,51.86805555555555,-2.1752777777777776,89.0,72
169,55.6275,-6.227499999999999,89.0,65
170,50.718888888888884,-3.561944444444444,89.0,56
171,51.71472222222223,-3.1241666666666674,89.0,10
172,51.644444444444446,-3.6519444444444438,89.0,10
173,51.19666666666667,-3.4811111111111117,89.0,10
174,51.320555555555565,0.2875,89.1,250000
175,55.51055555555556,-2.840555555555556,89.1,50000
176,57.842222222222226,-5.781944444444443,89.1,50000
177,52.26111111111112,-3.4394444444444447,89.1,2780
178,50.72055555555555,-2.776111111111111,89.1,200
179,57.06138888888889,-4.030555555555555,89.1,100
180,54.86166666666667,-5.828611111111111,89.1,100
181,51.23166666666666,-2.339444444444444,89.1,60
182,52.49444444444444,-1.8733333333333333,89.1,50
183,53.2713888888889,-3.829166666666666,89.1,50
184,55.69555555555555,-4.841944444444444,89.1,50
185,52.75305555555555,-3.259722222222223,89.1,8
186,51.19722222222222,-4.0313888888888885,89.1,4
187,51.46916666666667,0.26055555555555554,89.1,0
188,56.68722222222222,-3.7597222222222224,89.2,500
189,51.71444444444444,-2.1708333333333334,89.2,100
190,54.97805555555556,-1.5994444444444444,89.2,50
191,51.68555555555556,-3.0358333333333336,89.2,50
192,55.99194444444444,-4.793611111111111,89.2,50
193,51.701944444444436,-3.3986111111111112,89.2,42
194,51.59361111111112,-3.5466666666666673,89.2,10
195,53.53333333333333,-1.8580555555555553,89.3,250000
196,58.975277777777784,-3.0838888888888887,89.3,41000
197,51.89916666666666,-4.866388888888889,89.3,20000
198,56.848055555555554,-5.089166666666667,89.3,4000
199,55.9175,-5.4622222222222225,89.3,2200
200,51.42777777777777,-2.609722222222223,89.3,1300
201,57.16972222222223,-7.4025,89.3,1000
202,54.59472222222223,-5.934166666666666,89.3,150
203,56.35722222222223,-3.9202777777777773,89.3,125
204,50.870555555555555,-2.1222222222222222,89.3,25
205,51.73055555555556,-3.2647222222222223,89.3,20
206,53.400833333333324,-3.003055555555556,89.3,2
207,53.41305555555556,-3.0091666666666663,89.3,2
208,54.42305555555555,-7.4622222222222225,89.4,10000
209,57.0,-2.389722222222222,89.4,2100
210,54.217499999999994,-5.927777777777777,89.4,200
211,52.58611111111111,-3.8858333333333333,89.4,120
212,50.56666666666668,-3.506666666666667,89.4,100
213,52.91444444444445,-4.017777777777777,89.4,100
214,54.98250000000001,-1.9452777777777777,89.4,100
215,50.60194444444445,-1.199444444444444,89.4,50
216,51.32472222222223,-2.9183333333333334,89.4,40
217,51.79055555555556,-1.179166666666667,89.5,50000
218,55.57916666666666,-4.289722222222222,89.5,10000
219,56.63194444444445,-6.132777777777777,89.5,5000
220,51.62916666666666,-3.92,89.5,1000
221,50.245,-3.7491666666666665,89.5,199
222,54.32250000000001,-4.386388888888888,89.5,100
223,50.74555555555556,-3.0277777777777772,89.5,80
224,54.21777777777778,-4.706944444444446,89.5,62
225,55.62027777777777,-3.0725000000000002,89.5,22
226,53.696666666666665,-2.443055555555556,89.5,10
227,51.656111111111116,-3.144444444444445,89.5,5
228,57.63305555555556,-4.075,89.6,20000
229,49.246111111111105,-2.1013888888888896,89.6,16000
230,55.1088888888889,-6.885833333333332,89.6,3400
231,50.86111111111112,0.5647222222222222,89.6,500
232,50.88972222222222,-3.4688888888888894,89.6,300
233,54.473055555555554,-0.5952777777777779,89.6,119
234,52.75833333333334,-1.9497222222222224,89.6,96
235,54.608888888888885,-3.2044444444444444,89.6,60
236,51.508333333333326,-0.35583333333333333,89.6,50
237,52.644444444444446,-3.0866666666666673,89.6,48
238,56.576388888888886,-3.2988888888888894,89.6,32
239,51.66277777777777,-3.4375,89.6,10
240,52.02777777777777,-3.258888888888889,89.6,10
241,52.36277777777777,-2.7383333333333337,89.6,10
242,53.81305555555554,-2.411666666666667,89.6,10
243,52.5186111111111,1.1386111111111112,89.7,250000
244,50.209722222222226,-5.238333333333333,89.7,17600
245,52.06722222222222,-4.076388888888888,89.7,400
246,54.74111111111111,-1.9619444444444447,89.7,180
247,54.49944444444444,-3.5583333333333336,89.7,130
248,55.832222222222235,-2.0858333333333334,89.7,100
249,50.787499999999994,0.03583333333333333,89.7,100
250,50.7375,-2.9294444444444445,89.7,50
251,54.928055555555545,-4.948888888888889,89.7,31
252,51.2713888888889,-0.3341666666666666,89.7,25
253,53.928333333333335,-2.1572222222222224,89.7,20
254,53.734444444444435,-2.125833333333334,89.7,20
255,51.284722222222214,-0.07555555555555556,89.7,15
256,56.722777777777786,-4.978888888888888,89.7,10
257,53.30694444444443,-4.129722222222222,89.8,21000
258,58.17916666666667,-6.585,89.8,2000
259,53.169999999999995,-1.6336111111111113,89.8,1200
260,51.48027777777778,-0.9788888888888891,89.8,1000
261,57.32000000000001,-3.6572222222222215,89.8,720
262,53.81138888888888,-1.6411111111111112,89.8,200
263,53.54138888888888,-2.0205555555555557,89.8,100
264,52.68111111111111,-1.9258333333333328,89.8,50
265,52.82527777777778,-3.227222222222222,89.8,50
266,54.97805555555556,-1.662777777777778,89.8,42
267,51.05583333333333,-1.8066666666666666,89.8,13
268,50.34916666666667,-3.5658333333333334,89.8,5
269,55.86166666666667,-3.872222222222222,89.9,250000
270,51.45916666666667,-3.281388888888888,89.9,250000
271,53.37944444444445,-1.513611111111111,89.9,320
272,54.26722222222223,-0.4044444444444445,89.9,250
273,53.70861111111111,-2.3113888888888887,89.9,100
274,50.368611111111115,-3.926388888888889,89.9,50
275,51.137777777777785,1.3358333333333334,90.0,11000
276,54.2025,-3.166944444444444,90.0,10000
277,53.78388888888888,-1.0669444444444445,90.0,230
278,53.27499999999999,-1.9119444444444442,90.0,100
279,50.59916666666667,-2.476388888888889,90.0,100
280,51.640277777777776,-0.7636111111111111,90.0,50
281,52.5311111111111,-2.7908333333333335,90.0,10
282,54.607499999999995,-6.009444444444445,90.1,250000
283,52.50750000000001,-0.34305555555555545,90.1,40000
284,58.32805555555556,-3.3713888888888883,90.1,10000
285,55.53166666666666,-1.8341666666666667,90.1,5600
286,50.82472222222222,-0.11333333333333334,90.1,500
287,52.04527777777777,-4.409722222222222,90.1,100
288,51.41805555555556,-1.711111111111111,90.1,100
289,52.74944444444444,-3.886944444444444,90.1,50
290,53.461388888888884,-2.2574999999999994,90.1,50
291,57.07277777777779,-3.0269444444444447,90.1,50
292,52.47944444444444,-3.4000000000000004,90.1,40
293,50.74277777777777,-1.8977777777777773,90.1,25
294,51.226666666666674,-1.0802777777777777,90.1,20
295,54.286388888888894,-1.2994444444444442,90.2,5000
296,53.84166666666667,-2.265833333333333,90.2,1000
297,51.85527777777777,-1.4269444444444446,90.2,25
298,52.08194444444444,-3.162777777777777,90.2,10
299,54.748888888888885,-3.140555555555555,90.3,250000
300,50.55027777777778,-4.008333333333334,90.3,160000
301,51.92388888888888,1.0858333333333332,90.3,5000
302,51.22833333333333,-0.6052777777777778,90.3,4000
303,57.61694444444445,-7.443611111111111,90.3,2000
304,52.934166666666655,-3.921944444444444,90.3,182
305,55.75000000000001,-6.274166666666667,90.3,61
306,53.13694444444444,-4.129166666666665,90.3,50
307,52.89222222222222,-0.6558333333333334,90.3,50
308,52.44694444444443,-3.5497222222222216,90.3,50
309,57.0013888888889,-5.828611111111111,90.3,40
310,56.68416666666666,-5.170277777777779,90.3,30
311,51.71750000000001,-1.968055555555556,90.3,10
312,57.39555555555556,-6.1802777777777775,90.3,10
313,57.53222222222223,-3.135,90.4,2000
314,51.744166666666665,-0.12861111111111112,90.4,100
315,51.68944444444444,-2.2197222222222224,90.4,100
316,51.414722222222224,-1.2897222222222218,90.4,100
317,53.10833333333334,-3.757222222222222,90.4,50
318,51.42888888888888,-2.005555555555555,90.4,32
319,51.74166666666666,-3.6797222222222223,90.4,10
320,52.60055555555555,-1.8336111111111113,90.5,250000
321,60.13000000000001,-1.0963888888888886,90.5,50000
322,56.55694444444445,-2.8433333333333337,90.5,20000
323,52.7375,-4.038055555555555,90.5,250
324,55.36416666666667,-4.465000000000001,90.5,220
325,58.46166666666667,-6.230833333333335,90.5,162
326,54.31194444444444,-2.0138888888888884,90.5,100
327,54.37444444444444,-2.9513888888888893,90.5,64
328,55.98222222222222,-4.601111111111112,90.5,50
329,57.89249999999999,-5.135833333333333,90.5,50
330,51.336944444444455,-2.2641666666666667,90.5,50
331,54.0925,-6.181944444444445,90.5,40
332,54.14055555555555,-4.493055555555555,90.6,11400
333,51.818333333333335,-4.065833333333334,90.6,3200
334,55.413611111111116,-5.624166666666667,90.6,400
335,51.099722222222226,1.1824999999999999,90.6,100
336,53.46388888888889,-2.241388888888889,90.6,100
337,53.28694444444445,-3.6847222222222222,90.6,100
338,55.661944444444444,-3.2277777777777774,90.6,40
339,53.932222222222215,-1.711111111111111,90.6,40
340,51.771666666666654,-3.2188888888888885,90.6,30
341,53.73722222222223,-2.0183333333333335,90.6,25
342,51.31694444444445,-0.09333333333333332,90.6,25
343,51.61777777777777,-3.4033333333333333,90.6,10
344,53.69055555555555,-2.096388888888889,90.6,10
345,50.67638888888889,-1.3686111111111108,90.7,250000
346,54.86888888888889,-1.771111111111111,90.7,135000
347,57.38638888888888,-6.2427777777777775,90.7,30000
348,51.04055555555554,-4.138055555555555,90.7,1000
349,55.87805555555555,-4.998333333333333,90.7,570
350,50.38138888888888,-4.067500000000001,90.7,40
351,53.832777777777785,-1.7519444444444447,90.7,20
352,51.751111111111115,-3.048611111111111,90.7,10
353,51.628611111111105,-3.7377777777777785,90.7,10
354,51.998888888888885,-0.6697222222222221,90.8,10000
355,51.99750000000001,-2.54,90.8,10000
356,53.62555555555555,-2.514722222222222,90.8,4000
357,57.106111111111105,-4.708611111111111,90.8,1000
358,55.81916666666668,-3.1944444444444438,90.8,132
359,55.78583333333333,-2.032777777777778,90.8,50
360,51.58611111111111,-3.5811111111111114,90.8,10
361,51.1386111111111,1.323333333333333,90.8,0
362,52.36055555555556,-4.1025,90.9,250000
363,57.38666666666667,-2.4000000000000004,90.9,150000
364,55.00416666666667,-7.368888888888888,90.9,31200
365,53.335833333333326,-0.17194444444444443,90.9,14350
366,54.160000000000004,-6.385833333333334,90.9,4000
367,56.21222222222223,-4.2622222222222215,90.9,1000
368,50.446666666666665,-3.6111111111111107,90.9,794
369,54.89361111111112,-4.301944444444444,90.9,130
370,53.71999999999999,-1.9286111111111108,90.9,84
371,56.711944444444455,-5.289999999999999,90.9,55
372,50.75361111111112,-4.005277777777778,90.9,50
373,55.41277777777777,-3.9944444444444445,90.9,40
374,51.8075,-3.0977777777777784,90.9,36
375,51.42416666666666,-0.07499999999999998,91.0,4000
376,52.64305555555555,-1.1341666666666668,91.0,200
377,50.48138888888889,-4.7825,91.0,200
378,55.21611111111111,-6.307777777777779,91.0,100
379,49.932500000000005,-6.305,91.0,60
380,54.676944444444445,-5.929166666666667,91.0,20
381,56.178888888888885,-5.071111111111111,91.0,20
382,51.47472222222222,-2.1252777777777783,91.0,9
383,51.649444444444455,-3.503888888888889,91.0,6
384,49.246111111111105,-2.1013888888888896,91.1,16000
385,53.03111111111111,-3.1808333333333336,91.1,15600
386,56.403888888888886,-5.485833333333333,91.1,5000
387,53.895555555555546,-1.8963888888888887,91.1,1000
388,52.215277777777786,0.03666666666666667,91.1,260
389,51.484722222222224,-1.5591666666666664,91.1,125
390,52.275277777777774,-0.8852777777777775,91.1,122
391,55.24472222222223,-4.814722222222221,91.1,100
392,53.71333333333333,-2.0652777777777773,91.1,100
393,50.87333333333333,-2.9138888888888883,91.1,50
394,51.754444444444445,-3.7733333333333334,91.1,48
395,51.959166666666675,-3.4130555555555553,91.1,20
396,51.86694444444444,-4.308888888888889,91.1,20
397,54.358333333333334,-1.150277777777778,91.196,5000
398,54.262499999999996,-4.462777777777779,91.2,1200
399,56.37222222222223,-3.453055555555556,91.2,1000
400,53.28361111111111,-1.4272222222222224,91.2,400
401,51.609166666666674,-1.7938888888888889,91.2,200
402,54.31444444444445,-2.708055555555555,91.2,100
403,51.38777777777778,-2.3327777777777783,91.2,82
404,51.86805555555555,-2.1752777777777776,91.2,72
405,55.6275,-6.227499999999999,91.2,65
406,50.718888888888884,-3.561944444444444,91.2,56
407,51.71472222222223,-3.1241666666666674,91.2,10
408,51.644444444444446,-3.6519444444444438,91.2,10
409,51.19666666666667,-3.4811111111111117,91.2,10
410,51.320555555555565,0.2875,91.3,250000
411,55.51055555555556,-2.840555555555556,91.3,50000
412,57.842222222222226,-5.781944444444443,91.3,50000
413,52.26111111111112,-3.4394444444444447,91.3,2780
414,50.72055555555555,-2.776111111111111,91.3,200
415,57.06138888888889,-4.030555555555555,91.3,100
416,54.86166666666667,-5.828611111111111,91.3,100
417,51.23166666666666,-2.339444444444444,91.3,60
418,53.2713888888889,-3.829166666666666,91.3,50
419,55.69555555555555,-4.841944444444444,91.3,50
420,52.51611111111111,-1.9911111111111113,91.3,48
421,52.75305555555555,-3.259722222222223,91.3,8
422,51.19722222222222,-4.0313888888888885,91.3,4
423,51.46916666666667,0.26055555555555554,91.3,0
424,56.68722222222222,-3.7597222222222224,91.4,500
425,51.71444444444444,-2.1708333333333334,91.4,100
426,51.68555555555556,-3.0358333333333336,91.4,50
427,55.99194444444444,-4.793611111111111,91.4,50
428,51.701944444444436,-3.3986111111111112,91.4,42
429,51.59361111111112,-3.5466666666666673,91.4,10
430,53.53333333333333,-1.8580555555555553,91.5,250000
431,58.975277777777784,-3.0838888888888887,91.5,41000
432,51.89916666666666,-4.866388888888889,91.5,20000
433,56.848055555555554,-5.089166666666667,91.5,4000
434,55.9175,-5.4622222222222225,91.5,2200
435,51.42777777777777,-2.609722222222223,91.5,1300
436,57.16972222222223,-7.4025,91.5,1000
437,56.35722222222223,-3.9202777777777773,91.5,125
438,50.68305555555556,-1.2752777777777777,91.5,25
439,51.73055555555556,-3.2647222222222223,91.5,20
440,53.400833333333324,-3.003055555555556,91.5,2
441,53.41305555555556,-3.0091666666666663,91.5,2
442,54.42305555555555,-7.4622222222222225,91.6,10000
443,57.0,-2.389722222222222,91.6,2100
444,54.217499999999994,-5.927777777777777,91.6,200
445,52.58611111111111,-3.8858333333333333,91.6,120
446,50.56666666666668,-3.506666666666667,91.6,100
447,52.91444444444445,-4.017777777777777,91.6,100
448,54.98250000000001,-1.9452777777777777,91.6,100
449,51.32472222222223,-2.9183333333333334,91.6,40
450,51.79055555555556,-1.179166666666667,91.7,50000
451,55.57916666666666,-4.289722222222222,91.7,10000
452,56.63194444444445,-6.132777777777777,91.7,5000
453,51.62916666666666,-3.92,91.7,1000
454,50.245,-3.7491666666666665,91.7,199
455,50.74555555555556,-3.0277777777777772,91.7,80
456,50.60194444444445,-1.199444444444444,91.7,50
457,55.62027777777777,-3.0725000000000002,91.7,22
458,53.696666666666665,-2.443055555555556,91.7,10
459,51.656111111111116,-3.144444444444445,91.7,5
460,57.63305555555556,-4.075,91.8,20000
461,55.1088888888889,-6.885833333333332,91.8,3400
462,50.86111111111112,0.5647222222222222,91.8,500
463,50.88972222222222,-3.4688888888888894,91.8,300
464,54.473055555555554,-0.5952777777777779,91.8,117
465,54.608888888888885,-3.2044444444444444,91.8,60
466,52.644444444444446,-3.0866666666666673,91.8,48
467,56.576388888888886,-3.2988888888888894,91.8,32
468,51.50472222222221,-0.41944444444444445,91.8,25
469,51.66277777777777,-3.4375,91.8,10
470,52.02777777777777,-3.258888888888889,91.8,10
471,52.36277777777777,-2.7383333333333337,91.8,10
472,53.81305555555554,-2.411666666666667,91.8,10
473,52.5186111111111,1.1386111111111112,91.9,250000
474,50.209722222222226,-5.238333333333333,91.9,17600
475,52.06722222222222,-4.076388888888888,91.9,400
476,54.74111111111111,-1.9619444444444447,91.9,180
477,54.49944444444444,-3.5583333333333336,91.9,130
478,55.832222222222235,-2.0858333333333334,91.9,100
479,53.54138888888888,-2.0205555555555557,91.9,100
480,50.787499999999994,0.03583333333333333,91.9,100
481,50.7375,-2.9294444444444445,91.9,50
482,54.928055555555545,-4.948888888888889,91.9,31
483,51.2713888888889,-0.3341666666666666,91.9,25
484,53.928333333333335,-2.1572222222222224,91.9,20
485,53.734444444444435,-2.125833333333334,91.9,20
486,51.284722222222214,-0.07555555555555556,91.9,15
487,56.722777777777786,-4.978888888888888,91.9,10
488,53.30694444444443,-4.129722222222222,92.0,21000
489,58.17916666666667,-6.585,92.0,2000
490,53.169999999999995,-1.6336111111111113,92.0,1200
491,51.48027777777778,-0.9788888888888891,92.0,1000
492,57.32000000000001,-3.6572222222222215,92.0,720
493,53.81138888888888,-1.6411111111111112,92.0,200
494,52.465833333333336,-1.2438888888888888,92.0,120
495,52.82527777777778,-3.227222222222222,92.0,50
496,54.97805555555556,-1.662777777777778,92.0,42
497,51.55833333333332,0.005,92.0,25
498,51.05583333333333,-1.8066666666666666,92.0,13
499,50.34916666666667,-3.5658333333333334,92.0,5
500,50.786666666666676,-1.0986111111111114,92.0,0
501,55.86166666666667,-3.872222222222222,92.1,250000
502,51.45916666666667,-3.281388888888888,92.1,250000
503,53.37944444444445,-1.513611111111111,92.1,320
504,54.26722222222223,-0.4044444444444445,92.1,250
505,53.70861111111111,-2.3113888888888887,92.1,100
506,51.728333333333325,-0.42611111111111116,92.1,50
507,50.368611111111115,-3.926388888888889,92.1,50
508,54.2025,-3.166944444444444,92.2,10000
509,54.286388888888894,-1.2994444444444442,92.2,5000
510,51.49222222222222,-0.2313888888888889,92.2,200
511,50.84527777777778,0.4758333333333333,92.2,100
512,53.27499999999999,-1.9119444444444442,92.2,100
513,50.59916666666667,-2.476388888888889,92.2,100
514,52.50777777777777,-2.0875,92.2,50
515,51.640277777777776,-0.7636111111111111,92.2,50
516,51.44138888888889,0.7625,92.2,50
517,54.607499999999995,-6.009444444444445,92.3,250000
518,52.50750000000001,-0.34305555555555545,92.3,40000
519,58.32805555555556,-3.3713888888888883,92.3,10000
520,55.53166666666666,-1.8341666666666667,92.3,5600
521,50.82472222222222,-0.11333333333333334,92.3,500
522,52.04527777777777,-4.409722222222222,92.3,100
523,51.41805555555556,-1.711111111111111,92.3,100
524,52.74944444444444,-3.886944444444444,92.3,50
525,57.07277777777779,-3.0269444444444447,92.3,50
526,52.47944444444444,-3.4000000000000004,92.3,40
527,53.33111111111111,-2.696666666666667,92.3,25
528,50.879999999999995,-1.9047222222222222,92.3,25
529,51.226666666666674,-1.0802777777777777,92.3,20
530,51.137777777777785,1.3358333333333334,92.4,11000
531,53.53333333333333,-1.8580555555555553,92.4,5600
532,51.42416666666666,-0.07499999999999998,92.4,60
533,52.08194444444444,-3.162777777777777,92.4,10
534,54.748888888888885,-3.140555555555555,92.5,250000
535,50.55027777777778,-4.008333333333334,92.5,160000
536,51.92388888888888,1.0858333333333332,92.5,5000
537,51.22833333333333,-0.6052777777777778,92.5,4000
538,57.61694444444445,-7.443611111111111,92.5,2000
539,52.934166666666655,-3.921944444444444,92.5,190
540,55.75000000000001,-6.274166666666667,92.5,61
541,53.13694444444444,-4.129166666666665,92.5,50
542,52.89222222222222,-0.6558333333333334,92.5,50
543,52.44694444444443,-3.5497222222222216,92.5,50
544,57.0013888888889,-5.828611111111111,92.5,40
545,56.68416666666666,-5.170277777777779,92.5,30
546,51.71750000000001,-1.968055555555556,92.5,10
547,57.39555555555556,-6.1802777777777775,92.5,10
548,57.53222222222223,-3.135,92.6,2000
549,53.84166666666667,-2.265833333333333,92.6,1000
550,51.75083333333333,-0.33111111111111113,92.6,150
551,51.68944444444444,-2.2197222222222224,92.6,100
552,51.414722222222224,-1.2897222222222218,92.6,100
553,53.10833333333334,-3.757222222222222,92.6,50
554,51.42888888888888,-2.005555555555555,92.6,32
555,51.74166666666666,-3.6797222222222223,92.6,10
556,52.60055555555555,-1.8336111111111113,92.7,250000
557,60.13000000000001,-1.0963888888888886,92.7,50000
558,56.55694444444445,-2.8433333333333337,92.7,20000
559,52.7375,-4.038055555555555,92.7,250
560,55.36416666666667,-4.465000000000001,92.7,220
561,58.46166666666667,-6.230833333333335,92.7,162
562,54.31194444444444,-2.0138888888888884,92.7,100
563,54.37444444444444,-2.9513888888888893,92.7,64
564,55.98222222222222,-4.601111111111112,92.7,50
565,57.89249999999999,-5.135833333333333,92.7,50
566,51.336944444444455,-2.2641666666666667,92.7,50
567,54.0925,-6.181944444444445,92.7,40
568,54.14055555555555,-4.493055555555555,92.8,11400
569,51.818333333333335,-4.065833333333334,92.8,3200
570,55.413611111111116,-5.624166666666667,92.8,400
571,53.28694444444445,-3.6847222222222222,92.8,100
572,55.661944444444444,-3.2277777777777774,92.8,40
573,53.932222222222215,-1.711111111111111,92.8,40
574,53.478055555555564,-2.2383333333333333,92.8,37
575,51.771666666666654,-3.2188888888888885,92.8,30
576,53.73722222222223,-2.0183333333333335,92.8,25
577,51.31694444444445,-0.09333333333333332,92.8,25
578,51.61777777777777,-3.4033333333333333,92.8,10
579,53.69055555555555,-2.096388888888889,92.8,10
580,50.67638888888889,-1.3686111111111108,92.9,250000
581,54.86888888888889,-1.771111111111111,92.9,135000
582,57.38638888888888,-6.2427777777777775,92.9,30000
583,51.04055555555554,-4.138055555555555,92.9,1000
584,55.87805555555555,-4.998333333333333,92.9,570
585,50.38138888888888,-4.067500000000001,92.9,40
586,53.832777777777785,-1.7519444444444447,92.9,20
587,51.751111111111115,-3.048611111111111,92.9,10
588,51.628611111111105,-3.7377777777777785,92.9,10
589,51.998888888888885,-0.6697222222222221,93.0,10000
590,51.99750000000001,-2.54,93.0,10000
591,53.62555555555555,-2.514722222222222,93.0,4000
592,57.106111111111105,-4.708611111111111,93.0,1000
593,56.98500000000001,-4.196666666666666,93.0,200
594,55.81916666666668,-3.1944444444444438,93.0,132
595,55.86916666666666,-4.259444444444446,93.0,100
596,55.78583333333333,-2.032777777777778,93.0,50
597,51.58611111111111,-3.5811111111111114,93.0,10
598,52.36055555555556,-4.1025,93.1,250000
599,57.38666666666667,-2.4000000000000004,93.1,150000
600,55.00416666666667,-7.368888888888888,93.1,31200
601,53.335833333333326,-0.17194444444444443,93.1,14350
602,54.160000000000004,-6.385833333333334,93.1,3600
603,56.21222222222223,-4.2622222222222215,93.1,1000
604,50.446666666666665,-3.6111111111111107,93.1,794
605,54.89361111111112,-4.301944444444444,93.1,130
606,56.770555555555546,-3.811111111111111,93.1,100
607,51.099722222222226,1.1824999999999999,93.1,100
608,53.71999999999999,-1.9286111111111108,93.1,84
609,56.711944444444455,-5.289999999999999,93.1,50
610,50.75361111111112,-4.005277777777778,93.1,50
611,55.41277777777777,-3.9944444444444445,93.1,40
612,51.8075,-3.0977777777777784,93.1,36
613,51.42416666666666,-0.07499999999999998,93.2,4000
614,49.4588888888889,-2.5794444444444435,93.2,1000
615,50.48138888888889,-4.7825,93.2,200
616,55.21611111111111,-6.307777777777779,93.2,100
617,49.932500000000005,-6.305,93.2,60
618,53.37944444444445,-1.513611111111111,93.2,31
619,51.455,-2.562499999999999,93.2,25
620,54.676944444444445,-5.929166666666667,93.2,20
621,56.178888888888885,-5.071111111111111,93.2,20
622,51.47472222222222,-2.1252777777777783,93.2,9
623,51.649444444444455,-3.503888888888889,93.2,6
624,53.03111111111111,-3.1808333333333336,93.3,15600
625,56.403888888888886,-5.485833333333333,93.3,5000
626,53.895555555555546,-1.8963888888888887,93.3,1000
627,52.215277777777786,0.03666666666666667,93.3,260
628,51.484722222222224,-1.5591666666666664,93.3,125
629,52.275277777777774,-0.8852777777777775,93.3,122
630,55.24472222222223,-4.814722222222221,93.3,100
631,53.71333333333333,-2.0652777777777773,93.3,100
632,50.87333333333333,-2.9138888888888883,93.3,50
633,51.754444444444445,-3.7733333333333334,93.3,48
634,51.959166666666675,-3.4130555555555553,93.3,20
635,51.86694444444444,-4.308888888888889,93.3,20
636,54.358333333333334,-1.150277777777778,93.396,5000
637,54.36055555555556,-4.517222222222222,93.4,1000
638,56.37222222222223,-3.453055555555556,93.4,1000
639,53.28361111111111,-1.4272222222222224,93.4,400
640,51.609166666666674,-1.7938888888888889,93.4,200
641,54.31444444444445,-2.708055555555555,93.4,100
642,51.38777777777778,-2.3327777777777783,93.4,82
643,51.86805555555555,-2.1752777777777776,93.4,72
644,55.6275,-6.227499999999999,93.4,65
645,50.718888888888884,-3.561944444444444,93.4,56
646,51.71472222222223,-3.1241666666666674,93.4,10
647,51.644444444444446,-3.6519444444444438,93.4,10
648,51.19666666666667,-3.4811111111111117,93.4,10
649,51.320555555555565,0.2875,93.5,250000
650,55.51055555555556,-2.840555555555556,93.5,50000
651,57.842222222222226,-5.781944444444443,93.5,50000
652,52.26111111111112,-3.4394444444444447,93.5,2700
653,50.72055555555555,-2.776111111111111,93.5,200
654,57.06138888888889,-4.030555555555555,93.5,100
655,51.23166666666666,-2.339444444444444,93.5,60
656,52.468333333333334,-1.8791666666666667,93.5,50
657,53.2713888888889,-3.829166666666666,93.5,50
658,55.69555555555555,-4.841944444444444,93.5,50
659,54.86166666666667,-5.828611111111111,93.5,32
660,52.75305555555555,-3.259722222222223,93.5,8
661,51.19722222222222,-4.0313888888888885,93.5,4
662,51.46916666666667,0.26055555555555554,93.5,0
663,56.68722222222222,-3.7597222222222224,93.6,500
664,51.71444444444444,-2.1708333333333334,93.6,100
665,54.98027777777777,-1.6219444444444442,93.6,100
666,51.68555555555556,-3.0358333333333336,93.6,50
667,55.99194444444444,-4.793611111111111,93.6,50
668,51.701944444444436,-3.3986111111111112,93.6,42
669,51.59361111111112,-3.5466666666666673,93.6,10
670,53.53333333333333,-1.8580555555555553,93.7,250000
671,58.975277777777784,-3.0838888888888887,93.7,41000
672,51.89916666666666,-4.866388888888889,93.7,20000
673,56.848055555555554,-5.089166666666667,93.7,4000
674,55.9175,-5.4622222222222225,93.7,2200
675,51.42777777777777,-2.609722222222223,93.7,1300
676,57.16972222222223,-7.4025,93.7,1000
677,56.35722222222223,-3.9202777777777773,93.7,125
678,50.79500000000001,-1.0861111111111108,93.7,25
679,51.73055555555556,-3.2647222222222223,93.7,20
680,49.72666666666667,-2.1841666666666666,93.7,10
681,53.400833333333324,-3.003055555555556,93.7,2
682,53.41305555555556,-3.0091666666666663,93.7,2
683,54.42305555555555,-7.4622222222222225,93.8,10000
684,57.0,-2.389722222222222,93.8,2100
685,54.217499999999994,-5.927777777777777,93.8,200
686,52.58611111111111,-3.8858333333333333,93.8,120
687,50.56666666666668,-3.506666666666667,93.8,100
688,52.91444444444445,-4.017777777777777,93.8,100
689,54.98250000000001,-1.9452777777777777,93.8,100
690,50.60194444444445,-1.199444444444444,93.8,50
691,51.32472222222223,-2.9183333333333334,93.8,40
692,51.79055555555556,-1.179166666666667,93.9,50000
693,55.57916666666666,-4.289722222222222,93.9,10000
694,56.63194444444445,-6.132777777777777,93.9,5000
695,51.62916666666666,-3.92,93.9,1000
696,50.245,-3.7491666666666665,93.9,199
697,50.74555555555556,-3.0277777777777772,93.9,80
698,55.62027777777777,-3.0725000000000002,93.9,22
699,53.696666666666665,-2.443055555555556,93.9,10
700,51.656111111111116,-3.144444444444445,93.9,5
701,57.63305555555556,-4.075,94.0,20000
702,55.1088888888889,-6.885833333333332,94.0,3400
703,50.88972222222222,-3.4688888888888894,94.0,300
704,54.473055555555554,-0.5952777777777779,94.0,108
705,51.5461111111111,0.024722222222222222,94.0,100
706,54.608888888888885,-3.2044444444444444,94.0,60
707,52.692499999999995,-2.0291666666666663,94.0,50
708,52.644444444444446,-3.0866666666666673,94.0,48
709,56.576388888888886,-3.2988888888888894,94.0,32
710,51.66277777777777,-3.4375,94.0,10
711,52.02777777777777,-3.258888888888889,94.0,10
712,52.36277777777777,-2.7383333333333337,94.0,10
713,53.81305555555554,-2.411666666666667,94.0,10
714,55.84833333333334,-3.2052777777777783,94.0,0
715,52.5186111111111,1.1386111111111112,94.1,250000
716,50.209722222222226,-5.238333333333333,94.1,17600
717,52.06722222222222,-4.076388888888888,94.1,400
718,54.74111111111111,-1.9619444444444447,94.1,180
719,54.49944444444444,-3.5583333333333336,94.1,130
720,55.832222222222235,-2.0858333333333334,94.1,100
721,53.54138888888888,-2.0205555555555557,94.1,100
722,50.787499999999994,0.03583333333333333,94.1,100
723,50.7375,-2.9294444444444445,94.1,50
724,54.928055555555545,-4.948888888888889,94.1,31
725,51.2713888888889,-0.3341666666666666,94.1,25
726,53.928333333333335,-2.1572222222222224,94.1,20
727,53.734444444444435,-2.125833333333334,94.1,20
728,51.284722222222214,-0.07555555555555556,94.1,15
729,56.722777777777786,-4.978888888888888,94.1,10
730,52.62972222222221,-1.116388888888889,94.1,4
731,53.30694444444443,-4.129722222222222,94.2,21000
732,58.17916666666667,-6.585,94.2,2000
733,53.169999999999995,-1.6336111111111113,94.2,1200
734,51.48027777777778,-0.9788888888888891,94.2,1000
735,57.32000000000001,-3.6572222222222215,94.2,720
736,50.86111111111112,0.5647222222222222,94.2,500
737,53.81138888888888,-1.6411111111111112,94.2,200
738,52.82527777777778,-3.227222222222222,94.2,50
739,54.97805555555556,-1.662777777777778,94.2,42
740,56.81638888888889,-4.098333333333332,94.2,25
741,51.05583333333333,-1.8066666666666666,94.2,13
742,50.34916666666667,-3.5658333333333334,94.2,5
743,55.86166666666667,-3.872222222222222,94.3,250000
744,51.45916666666667,-3.281388888888888,94.3,250000
745,53.37944444444445,-1.513611111111111,94.3,320
746,54.26722222222223,-0.4044444444444445,94.3,250
747,53.70861111111111,-2.3113888888888887,94.3,100
748,50.368611111111115,-3.926388888888889,94.3,50
749,52.83083333333334,-1.379722222222222,94.3,2
750,51.137777777777785,1.3358333333333334,94.4,11000
751,54.2025,-3.166944444444444,94.4,10000
752,54.286388888888894,-1.2994444444444442,94.4,5000
753,53.27499999999999,-1.9119444444444442,94.4,100
754,50.59916666666667,-2.476388888888889,94.4,100
755,51.43333333333333,-0.06861111111111111,94.4,50
756,51.640277777777776,-0.7636111111111111,94.4,50
757,53.51055555555556,-2.3408333333333338,94.4,25
758,54.607499999999995,-6.009444444444445,94.5,250000
759,52.50750000000001,-0.34305555555555545,94.5,40000
760,58.32805555555556,-3.3713888888888883,94.5,10000
761,55.53166666666666,-1.8341666666666667,94.5,5600
762,50.82472222222222,-0.11333333333333334,94.5,500
763,52.04527777777777,-4.409722222222222,94.5,100
764,51.41805555555556,-1.711111111111111,94.5,100
765,52.74944444444444,-3.886944444444444,94.5,50
766,57.07277777777779,-3.0269444444444447,94.5,50
767,52.47944444444444,-3.4000000000000004,94.5,40
768,51.226666666666674,-1.0802777777777777,94.5,20
769,53.02722222222223,-2.2805555555555554,94.6,6200
770,51.62916666666666,-3.92,94.6,1000
771,56.37222222222223,-3.453055555555556,94.6,1000
772,53.84166666666667,-2.265833333333333,94.6,1000
773,51.53333333333333,-0.8766666666666665,94.6,250
774,50.84527777777778,0.4758333333333333,94.6,100
775,50.78444444444444,-1.9816666666666667,94.6,50
776,50.71722222222222,-3.3627777777777776,94.6,25
777,51.36472222222222,1.1286111111111112,94.6,25
778,51.61777777777777,-3.4033333333333333,94.6,10
779,54.748888888888885,-3.140555555555555,94.7,250000
780,51.99750000000001,-2.54,94.7,2000
781,53.28361111111111,-1.4272222222222224,94.7,400
782,51.88472222222223,-0.9099999999999998,94.7,400
783,51.73194444444444,0.6758333333333332,94.7,100
784,55.6275,-6.227499999999999,94.7,65
785,51.0611111111111,-1.3311111111111111,94.7,50
786,57.0013888888889,-5.828611111111111,94.7,40
787,56.68416666666666,-5.170277777777779,94.7,30
788,53.702500000000015,-1.6511111111111112,94.7,30
789,51.05833333333334,0.15861111111111112,94.7,25
790,51.656111111111116,-3.144444444444445,94.7,5
791,57.38638888888888,-6.2427777777777775,94.8,30000
792,49.246111111111105,-2.1013888888888896,94.8,16000
793,53.30694444444443,-4.129722222222222,94.8,10000
794,52.45666666666666,-1.6247222222222222,94.8,2200
795,57.53222222222223,-3.135,94.8,2000
796,50.979166666666664,-4.098611111111111,94.8,1000
797,53.95805555555555,-1.1169444444444445,94.8,200
798,51.649444444444455,-3.503888888888889,94.8,6
799,60.13000000000001,-1.0963888888888886,94.9,50000
800,56.55694444444445,-2.8433333333333337,94.9,20000
801,55.00416666666667,-7.368888888888888,94.9,10000
802,53.335833333333326,-0.17194444444444443,94.9,6000
803,51.42416666666666,-0.07499999999999998,94.9,4000
804,51.39583333333332,-2.613611111111111,94.9,500
805,55.36416666666667,-4.465000000000001,94.9,220
806,51.46916666666667,0.26055555555555554,94.9,0
807,53.17750000000001,-2.6141666666666667,94.9,0
808,54.358333333333334,-1.150277777777778,95.0,10000
809,50.787499999999994,0.03583333333333333,95.0,100
810,51.76805555555556,-2.2386111111111116,95.0,100
811,52.0625,-0.8183333333333332,95.0,100
812,50.92527777777778,-1.365277777777778,95.0,50
813,55.661944444444444,-3.2277777777777774,95.0,40
814,51.771666666666654,-3.2188888888888885,95.0,30
815,55.863888888888894,-4.24638888888889,95.0,25
816,52.63250000000001,-1.1283333333333334,95.0,25
817,50.677499999999995,-3.254722222222222,95.0,25
818,52.36277777777777,-2.7383333333333337,95.0,10
819,51.59361111111112,-3.5466666666666673,95.0,10
820,53.53333333333333,-1.8580555555555553,95.1,5600
821,52.57500000000001,1.3319444444444444,95.1,4000
822,51.818333333333335,-4.065833333333334,95.1,3200
823,57.61694444444445,-7.443611111111111,95.1,2000
824,58.17916666666667,-6.585,95.1,2000
825,55.87805555555555,-4.998333333333333,95.1,570
826,53.075277777777785,-0.7877777777777779,95.1,200
827,55.21611111111111,-6.307777777777779,95.1,100
828,56.711944444444455,-5.289999999999999,95.1,55
829,51.06361111111111,-0.32305555555555554,95.1,32
830,56.178888888888885,-5.071111111111111,95.1,20
831,51.751111111111115,-3.048611111111111,95.1,10
832,51.61527777777777,-0.4483333333333334,95.1,0
833,51.79055555555556,-1.179166666666667,95.2,5800
834,50.51138888888888,-4.436944444444445,95.2,5000
835,57.106111111111105,-4.708611111111111,95.2,1000
836,55.413611111111116,-5.624166666666667,95.2,400
837,56.126944444444455,-3.5233333333333325,95.2,200
838,54.111666666666665,-0.45416666666666666,95.2,200
839,54.31444444444445,-2.708055555555555,95.2,200
840,51.8075,-3.0977777777777784,95.2,36
841,57.38666666666667,-2.4000000000000004,95.3,150000
842,52.36055555555556,-4.1025,95.3,120000
843,56.403888888888886,-5.485833333333333,95.3,5000
844,53.169999999999995,-1.6336111111111113,95.3,1200
845,51.55083333333334,0.581111111111111,95.3,1000
846,50.82472222222222,-0.11333333333333334,95.3,1000
847,54.89361111111112,-4.301944444444444,95.3,130
848,56.35722222222223,-3.9202777777777773,95.3,125
849,55.24472222222223,-4.814722222222221,95.3,100
850,53.71999999999999,-1.9286111111111108,95.3,66
851,55.41277777777777,-3.9944444444444445,95.3,40
852,53.932222222222215,-1.711111111111111,95.3,40
853,53.61277777777779,-0.9661111111111111,95.3,25
854,54.676944444444445,-5.929166666666667,95.3,20
855,54.00805555555554,-2.785555555555556,95.3,2
856,53.99305555555555,-1.5175,95.3,1
857,51.46916666666667,0.26055555555555554,95.3,0
858,54.86888888888889,-1.771111111111111,95.4,10000
859,55.1088888888889,-6.885833333333332,95.4,3400
860,53.0763888888889,-3.045,95.4,700
861,51.48361111111112,-0.6072222222222222,95.4,500
862,52.56249999999999,-1.1691666666666667,95.4,0
863,51.23694444444445,-2.625555555555556,95.5,5000
864,52.48638888888889,1.7155555555555555,95.5,2000
865,53.14,-1.2330555555555553,95.5,2000
866,53.755833333333335,-2.2913888888888883,95.5,1600
867,52.13000000000001,-0.24138888888888885,95.5,1200
868,54.26722222222223,-0.4044444444444445,95.5,250
869,55.81916666666668,-3.1944444444444438,95.5,132
870,51.754444444444445,-3.7733333333333334,95.5,48
871,56.576388888888886,-3.2988888888888894,95.5,32
872,51.19416666666667,0.27361111111111114,95.5,25
873,51.86694444444444,-4.308888888888889,95.5,20
874,54.748888888888885,-3.140555555555555,95.6,15000
875,52.60055555555555,-1.8336111111111113,95.6,11400
876,54.42305555555555,-7.4622222222222225,95.6,10000
877,58.32805555555556,-3.3713888888888883,95.6,10000
878,55.9175,-5.4622222222222225,95.6,2200
879,52.92416666666667,1.2511111111111113,95.6,2126
880,51.45416666666668,-0.9780555555555556,95.6,108
881,51.42444444444445,0.8294444444444444,95.6,50
882,50.791666666666664,0.2402777777777777,95.6,26
883,56.722777777777786,-4.978888888888888,95.6,10
884,57.842222222222226,-5.781944444444443,95.7,50000
885,52.50750000000001,-0.34305555555555545,95.7,5200
886,50.38138888888888,-4.067500000000001,95.7,1000
887,57.06138888888889,-4.030555555555555,95.7,100
888,55.75000000000001,-6.274166666666667,95.7,61
889,53.536388888888894,-1.6102777777777777,95.7,50
890,51.75083333333333,-2.5733333333333333,95.7,25
891,52.75305555555555,-3.259722222222223,95.7,10
892,55.86166666666667,-3.872222222222222,95.8,200000
893,53.373055555555545,-2.8852777777777776,95.8,7100
894,51.409722222222214,-0.08583333333333332,95.8,4000
895,50.718888888888884,-3.561944444444444,95.8,452
896,54.473055555555554,-0.5952777777777779,95.8,108
897,51.75083333333333,-1.994444444444445,95.8,80
898,51.701944444444436,-3.3986111111111112,95.8,42
899,53.400833333333324,-3.003055555555556,95.8,2
900,53.41305555555556,-3.0091666666666663,95.8,2
901,51.46916666666667,0.26055555555555554,95.8,0
902,52.034722222222214,-1.3191666666666668,95.8,0
903,51.89916666666666,-4.866388888888889,95.9,20000
904,53.803055555555545,-0.5652777777777779,95.9,9750
905,56.848055555555554,-5.089166666666667,95.9,4000
906,57.0,-2.389722222222222,95.9,2100
907,52.18055555555554,1.5699999999999998,95.9,2000
908,57.16972222222223,-7.4025,95.9,1000
909,51.60166666666666,-2.9352777777777783,95.9,500
910,51.36,1.3972222222222224,95.9,270
911,51.2038888888889,-1.465277777777778,95.9,25
912,50.86222222222223,0.2586111111111112,95.9,25
913,50.482222222222234,-3.5536111111111115,95.9,1
914,54.607499999999995,-6.009444444444445,96.0,125000
915,58.975277777777784,-3.0838888888888887,96.0,41000
916,55.53166666666666,-1.8341666666666667,96.0,5600
917,52.67083333333333,-2.55,96.0,4800
918,52.215277777777786,0.03666666666666667,96.0,1000
919,50.72055555555555,-2.776111111111111,96.0,125
920,53.27499999999999,-1.9119444444444442,96.0,100
921,50.75361111111112,-4.005277777777778,96.0,100
922,49.932500000000005,-6.305,96.0,60
923,50.67638888888889,-1.3686111111111108,96.1,10000
924,56.63194444444445,-6.132777777777777,96.1,5000
925,54.2025,-3.166944444444444,96.1,3200
926,57.32000000000001,-3.6572222222222215,96.1,720
927,51.87666666666667,0.9447222222222222,96.1,500
928,56.24000000000001,-3.2072222222222218,96.1,500
929,53.416666666666664,-1.3513888888888888,96.1,400
930,51.18694444444444,0.9558333333333335,96.1,225
931,58.46166666666667,-6.230833333333335,96.1,162
932,51.749722222222225,-3.3669444444444445,96.1,50
933,50.170277777777784,-5.125555555555555,96.1,50
934,57.89249999999999,-5.135833333333333,96.1,50
935,52.47944444444444,-3.4000000000000004,96.1,40
936,55.62027777777777,-3.0725000000000002,96.1,22
937,52.238333333333344,-0.9219444444444441,96.1,10
938,57.39555555555556,-6.1802777777777775,96.1,10
939,60.13000000000001,-1.0963888888888886,96.2,4000
940,52.85722222222222,1.077777777777778,96.2,2580
941,50.979166666666664,-4.098611111111111,96.2,2500
942,51.88472222222223,-0.9099999999999998,96.2,1000
943,52.97611111111111,-1.1325000000000003,96.2,900
944,54.26722222222223,-0.4044444444444445,96.2,625
945,51.1725,0.2977777777777777,96.2,190
946,53.542500000000004,-2.117777777777777,96.2,100
947,52.413611111111116,-1.513611111111111,96.2,79
948,54.97805555555556,-1.662777777777778,96.2,50
949,52.835,0.8577777777777779,96.2,10
950,55.79805555555554,-4.19388888888889,96.3,4076
951,53.734722222222224,-1.576944444444444,96.3,2500
952,51.399444444444434,-2.646666666666666,96.3,1944
953,53.33305555555556,-3.854444444444445,96.3,1250
954,51.55083333333334,0.581111111111111,96.3,710
955,53.651666666666664,-2.599166666666667,96.3,100
956,50.388055555555546,-4.129722222222222,96.3,60
957,50.78166666666667,0.04972222222222222,96.3,50
958,52.48722222222223,-0.7038888888888889,96.3,25
959,51.482499999999995,-0.19055555555555556,96.3,1
960,52.60055555555555,-1.8336111111111113,96.4,10000
961,54.77333333333334,-3.0905555555555555,96.4,3000
962,51.22833333333333,-0.6052777777777778,96.4,3000
963,52.283055555555556,0.7636111111111111,96.4,2000
964,55.1088888888889,-6.885833333333332,96.4,2000
965,50.446388888888876,-3.610833333333334,96.4,1600
966,51.62916666666666,-3.92,96.4,1500
967,56.37472222222223,-3.4458333333333333,96.4,800
968,53.205833333333345,-2.1005555555555557,96.4,250
969,51.099722222222226,1.1824999999999999,96.4,200
970,54.98250000000001,-1.9452777777777777,96.4,200
971,53.5675,-0.08055555555555555,96.4,100
972,56.44444444444445,-2.9247222222222224,96.4,100
973,53.81555555555555,-3.0555555555555554,96.5,400
974,54.86305555555555,-5.049444444444445,96.5,120
975,53.56444444444444,-2.4611111111111112,96.5,100
976,51.022222222222226,-3.088055555555555,96.5,100
977,53.14,-1.2330555555555553,96.5,50
978,51.41805555555556,-1.711111111111111,96.5,50
979,51.47333333333334,0.07277777777777777,96.5,50
980,50.12138888888889,-5.540555555555557,96.5,25
981,55.83583333333334,-5.053055555555557,96.5,25
982,54.358333333333334,-1.150277777777778,96.6,10000
983,54.42305555555555,-7.4622222222222225,96.6,8200
984,52.275277777777774,-0.8852777777777775,96.6,4000
985,51.728333333333325,-0.42611111111111116,96.6,500
986,56.82611111111112,-5.054444444444444,96.6,450
987,50.89222222222222,-0.7555555555555555,96.6,400
988,52.06722222222222,-4.076388888888888,96.6,400
989,57.12333333333334,-3.6449999999999996,96.6,350
990,56.55416666666666,-2.5969444444444454,96.6,200
991,52.472777777777786,-1.920555555555555,96.6,150
992,50.524722222222216,-4.137777777777778,96.6,40
993,51.23222222222221,-2.318333333333333,96.6,25
994,51.86833333333334,-2.2411111111111106,96.6,25
995,52.95722222222223,-2.240555555555555,96.6,25
996,56.12083333333334,-3.1452777777777774,96.6,10
997,51.320555555555565,0.2875,96.7,8700
998,53.373055555555545,-2.8852777777777776,96.7,7800
999,52.77361111111111,0.6497222222222222,96.7,3000
1000,54.58555555555556,-6.024166666666666,96.7,550
1001,51.06305555555556,-1.3605555555555557,96.7,450
1002,53.023611111111116,-1.7300000000000004,96.7,200
1003,55.57916666666666,-4.289722222222222,96.7,127
1004,52.36305555555556,-2.2825000000000006,96.7,100
1005,57.602777777777774,-2.029722222222222,96.7,100
1006,52.89222222222222,-0.6558333333333334,96.7,35
1007,53.71388888888888,-1.846111111111111,96.7,25
1008,53.39444444444444,-1.5022222222222221,96.7,25
1009,58.431111111111115,-3.118055555555556,96.7,20
1010,53.400833333333324,-3.003055555555556,96.7,2
1011,53.41305555555556,-3.0091666666666663,96.7,2
1012,51.46916666666667,0.26055555555555554,96.7,0
1013,51.45916666666667,-3.281388888888888,96.8,250000
1014,55.555833333333325,-2.7941666666666665,96.8,5000
1015,58.04194444444444,-5.391666666666666,96.8,500
1016,53.24888888888889,-4.2283333333333335,96.8,200
1017,52.969722222222224,-1.3105555555555555,96.8,25
1018,57.0,-2.389722222222222,96.9,10448
1019,53.803055555555545,-0.5652777777777779,96.9,9400
1020,54.2025,-3.166944444444444,96.9,3200
1021,52.13000000000001,-0.24138888888888885,96.9,744
1022,52.728611111111114,-2.019444444444445,96.9,200
1023,50.787499999999994,0.03583333333333333,96.9,100
1024,53.451666666666675,-2.1883333333333335,96.9,50
1025,51.42416666666666,-0.07499999999999998,96.9,30
1026,50.38138888888888,-4.067500000000001,97.0,2000
1027,52.44944444444444,-1.3969444444444448,97.0,1800
1028,55.08277777777778,-3.7194444444444446,97.0,1000
1029,50.718888888888884,-3.561944444444444,97.0,1000
1030,51.111666666666665,1.2475,97.0,500
1031,51.45416666666668,-0.9780555555555556,97.0,500
1032,56.62305555555557,-4.837777777777777,97.0,250
1033,55.98222222222222,-4.601111111111112,97.0,100
1034,51.35027777777777,-1.9913888888888889,97.0,25
1035,53.60972222222223,-2.1586111111111115,97.0,25
1036,49.246111111111105,-2.1013888888888896,97.1,16000
1037,54.82111111111111,-1.7136111111111112,97.1,10000
1038,52.054999999999986,1.2261111111111112,97.1,3400
1039,51.818333333333335,-4.065833333333334,97.1,2910
1040,53.349722222222226,-3.0311111111111115,97.1,1000
1041,51.090277777777786,-0.7363888888888888,97.1,275
1042,50.84250000000001,-2.71,97.1,200
1043,54.86166666666667,-5.828611111111111,97.1,80
1044,53.536388888888894,-1.6102777777777777,97.1,50
1045,52.97972222222222,-1.1336111111111113,97.1,50
1046,51.87833333333334,-0.43805555555555553,97.1,25
1047,54.98666666666667,-1.4858333333333333,97.1,15
1048,53.400833333333324,-3.003055555555556,97.1,2
1049,54.14055555555555,-4.493055555555555,97.2,11320
1050,52.49611111111112,-2.0488888888888885,97.2,2000
1051,53.983055555555566,-1.5622222222222224,97.2,1000
1052,50.66277777777777,-2.4436111111111116,97.2,700
1053,51.609166666666674,-1.7938888888888889,97.2,700
1054,55.17833333333333,-6.670277777777778,97.2,312
1055,51.48499999999999,-2.562499999999999,97.2,300
1056,52.27222222222222,-0.6413888888888889,97.2,115
1057,53.38,-2.26,97.2,50
1058,52.205000000000005,0.10805555555555556,97.2,31
1059,50.11916666666667,-5.667777777777779,97.2,25
1060,50.82916666666667,-0.11277777777777781,97.2,19
1061,56.07166666666667,-3.2330555555555556,97.3,9800
1062,51.409722222222214,-0.08583333333333332,97.3,4000
1063,51.19777777777778,-4.138055555555555,97.3,100
1064,51.803333333333335,-3.1761111111111116,97.3,50
1065,52.63305555555556,-1.1000000000000003,97.3,48
1066,53.107777777777784,-2.0238888888888886,97.3,25
1067,51.01083333333334,-3.1202777777777775,97.3,25
1068,57.591388888888886,-4.278611111111111,97.4,6250
1069,54.58555555555556,-6.024166666666666,97.4,3200
1070,53.62555555555555,-2.514722222222222,97.4,2000
1071,51.60166666666666,-2.9352777777777783,97.4,500
1072,52.06527777777777,-4.694444444444444,97.4,400
1073,53.37944444444445,-1.513611111111111,97.4,400
1074,52.044166666666655,-1.2258333333333333,97.4,300
1075,52.310555555555545,1.5988888888888888,97.4,240
1076,51.00777777777778,-2.188055555555555,97.4,125
1077,52.60777777777778,1.7205555555555556,97.4,50
1078,55.95111111111111,-4.929166666666667,97.4,25
1079,54.2675,-0.40472222222222226,97.4,25
1080,52.65805555555555,-0.47138888888888886,97.4,25
1081,52.07750000000001,0.4222222222222222,97.4,10
1082,52.24527777777778,0.40083333333333343,97.4,4
1083,54.82111111111111,-1.7136111111111112,97.5,9000
1084,50.854166666666664,-1.068611111111111,97.5,850
1085,53.832777777777785,-1.7519444444444447,97.5,500
1086,51.70000000000001,-4.157222222222223,97.5,200
1087,56.70555555555555,-3.646388888888889,97.5,110
1088,51.54055555555556,0.7013888888888888,97.5,100
1089,55.24472222222223,-4.814722222222221,97.5,76
1090,51.30500000000001,-2.458888888888889,97.5,50
1091,51.59611111111111,-0.7666666666666667,97.5,50
1092,51.06361111111111,-0.32305555555555554,97.5,30
1093,51.66305555555555,-3.4372222222222226,97.5,25
1094,52.95972222222223,-1.1722222222222225,97.5,25
1095,51.86694444444444,-4.308888888888889,97.5,10
1096,51.87777777777778,-0.4836111111111112,97.6,1000
1097,51.99750000000001,-2.54,97.6,800
1098,55.86166666666667,-3.872222222222222,97.6,100
1099,51.099722222222226,1.1824999999999999,97.6,100
1100,55.2111111111111,-6.250000000000001,97.6,31
1101,57.18472222222223,-2.121944444444444,97.6,25
1102,53.571111111111115,-0.6699999999999999,97.6,25
1103,54.748888888888885,-3.140555555555555,97.7,250000
1104,50.55027777777778,-4.008333333333334,97.7,160000
1105,51.92388888888888,1.0858333333333332,97.7,5000
1106,51.22833333333333,-0.6052777777777778,97.7,4000
1107,57.61694444444445,-7.443611111111111,97.7,2000
1108,53.48,-2.2386111111111116,97.7,1000
1109,50.86111111111112,0.5647222222222222,97.7,500
1110,52.934166666666655,-3.921944444444444,97.7,182
1111,55.75000000000001,-6.274166666666667,97.7,61
1112,53.13694444444444,-4.129166666666665,97.7,50
1113,52.89222222222222,-0.6558333333333334,97.7,50
1114,52.44694444444443,-3.5497222222222216,97.7,50
1115,57.0013888888889,-5.828611111111111,97.7,40
1116,56.68416666666666,-5.170277777777779,97.7,30
1117,51.71750000000001,-1.968055555555556,97.7,10
1118,57.39555555555556,-6.1802777777777775,97.7,10
1119,53.48833333333334,-1.5866666666666667,97.7,0
1120,57.53222222222223,-3.135,97.8,2000
1121,53.84166666666667,-2.265833333333333,97.8,1000
1122,51.68944444444444,-2.2197222222222224,97.8,100
1123,51.414722222222224,-1.2897222222222218,97.8,100
1124,53.797222222222224,-1.591388888888889,97.8,98
1125,51.557222222222215,0.44944444444444437,97.8,50
1126,53.10833333333334,-3.757222222222222,97.8,50
1127,50.82916666666667,-0.11277777777777781,97.8,50
1128,51.409722222222214,-0.08583333333333332,97.8,47
1129,51.42888888888888,-2.005555555555555,97.8,32
1130,51.74166666666666,-3.6797222222222223,97.8,10
1131,52.60055555555555,-1.8336111111111113,97.9,250000
1132,60.13000000000001,-1.0963888888888886,97.9,50000
1133,56.55694444444445,-2.8433333333333337,97.9,20000
1134,52.7375,-4.038055555555555,97.9,250
1135,55.36416666666667,-4.465000000000001,97.9,220
1136,58.46166666666667,-6.230833333333335,97.9,162
1137,54.31194444444444,-2.0138888888888884,97.9,100
1138,54.37444444444444,-2.9513888888888893,97.9,64
1139,55.98222222222222,-4.601111111111112,97.9,50
1140,57.89249999999999,-5.135833333333333,97.9,50
1141,51.336944444444455,-2.2641666666666667,97.9,50
1142,54.0925,-6.181944444444445,97.9,40
1143,54.14055555555555,-4.493055555555555,98.0,11400
1144,51.818333333333335,-4.065833333333334,98.0,3313
1145,55.413611111111116,-5.624166666666667,98.0,400
1146,51.640277777777776,-0.7636111111111111,98.0,181
1147,53.28694444444445,-3.6847222222222222,98.0,100
1148,51.60222222222222,0.2980555555555555,98.0,52
1149,55.661944444444444,-3.2277777777777774,98.0,40
1150,53.932222222222215,-1.711111111111111,98.0,40
1151,51.771666666666654,-3.2188888888888885,98.0,30
1152,51.46333333333333,-2.572222222222222,98.0,25
1153,53.73722222222223,-2.0183333333333335,98.0,25
1154,51.31694444444445,-0.09333333333333332,98.0,25
1155,51.61777777777777,-3.4033333333333333,98.0,10
1156,53.69055555555555,-2.096388888888889,98.0,10
1157,54.86888888888889,-1.771111111111111,98.1,135000
1158,57.38638888888888,-6.2427777777777775,98.1,30000
1159,51.04055555555554,-4.138055555555555,98.1,1000
1160,55.87805555555555,-4.998333333333333,98.1,570
1161,51.41944444444444,-3.2683333333333335,98.1,48
1162,50.38138888888888,-4.067500000000001,98.1,40
1163,53.832777777777785,-1.7519444444444447,98.1,20
1164,51.751111111111115,-3.048611111111111,98.1,10
1165,51.628611111111105,-3.7377777777777785,98.1,10
1166,50.67638888888889,-1.3686111111111108,98.2,250000
1167,51.998888888888885,-0.6697222222222221,98.2,10000
1168,51.99750000000001,-2.54,98.2,10000
1169,53.62555555555555,-2.514722222222222,98.2,4000
1170,57.106111111111105,-4.708611111111111,98.2,1000
1171,55.81916666666668,-3.1944444444444438,98.2,132
1172,55.78583333333333,-2.032777777777778,98.2,50
1173,51.58611111111111,-3.5811111111111114,98.2,10
1174,52.36055555555556,-4.1025,98.3,250000
1175,57.38666666666667,-2.4000000000000004,98.3,150000
1176,55.00416666666667,-7.368888888888888,98.3,31200
1177,53.335833333333326,-0.17194444444444443,98.3,14350
1178,54.160000000000004,-6.385833333333334,98.3,4000
1179,56.21222222222223,-4.2622222222222215,98.3,1000
1180,54.89361111111112,-4.301944444444444,98.3,130
1181,51.099722222222226,1.1824999999999999,98.3,100
1182,53.71999999999999,-1.9286111111111108,98.3,84
1183,56.711944444444455,-5.289999999999999,98.3,55
1184,50.75361111111112,-4.005277777777778,98.3,50
1185,55.41277777777777,-3.9944444444444445,98.3,40
1186,51.8075,-3.0977777777777784,98.3,36
1187,50.446666666666665,-3.6111111111111107,98.4,794
1188,50.48138888888889,-4.7825,98.4,200
1189,51.484722222222224,-1.5591666666666664,98.4,125
1190,55.21611111111111,-6.307777777777779,98.4,100
1191,49.932500000000005,-6.305,98.4,60
1192,51.40138888888888,-3.4197222222222226,98.4,50
1193,55.78944444444444,-4.385833333333334,98.4,25
1194,53.023055555555565,-1.4794444444444443,98.4,25
1195,54.32222222222222,-4.385833333333334,98.4,23
1196,54.676944444444445,-5.929166666666667,98.4,20
1197,56.178888888888885,-5.071111111111111,98.4,20
1198,51.47472222222222,-2.1252777777777783,98.4,9
1199,51.649444444444455,-3.503888888888889,98.4,6
1200,53.03111111111111,-3.1808333333333336,98.5,15600
1201,56.403888888888886,-5.485833333333333,98.5,5000
1202,51.42416666666666,-0.07499999999999998,98.5,4000
1203,53.895555555555546,-1.8963888888888887,98.5,1000
1204,52.215277777777786,0.03666666666666667,98.5,260
1205,52.275277777777774,-0.8852777777777775,98.5,122
1206,55.24472222222223,-4.814722222222221,98.5,100
1207,53.71333333333333,-2.0652777777777773,98.5,100
1208,50.87333333333333,-2.9138888888888883,98.5,50
1209,51.754444444444445,-3.7733333333333334,98.5,48
1210,55.90166666666666,-3.2377777777777776,98.5,25
1211,51.959166666666675,-3.4130555555555553,98.5,20
1212,51.86694444444444,-4.308888888888889,98.5,20
1213,54.358333333333334,-1.150277777777778,98.596,5000
1214,54.14055555555555,-4.493055555555555,98.6,1850
1215,56.37222222222223,-3.453055555555556,98.6,1000
1216,53.28361111111111,-1.4272222222222224,98.6,400
1217,51.609166666666674,-1.7938888888888889,98.6,200
1218,50.85805555555556,-1.1102777777777781,98.6,200
1219,54.31444444444445,-2.708055555555555,98.6,100
1220,51.38777777777778,-2.3327777777777783,98.6,82
1221,51.86805555555555,-2.1752777777777776,98.6,72
1222,55.6275,-6.227499999999999,98.6,65
1223,50.718888888888884,-3.561944444444444,98.6,56
1224,52.41388888888888,-1.5005555555555556,98.6,25
1225,51.71472222222223,-3.1241666666666674,98.6,10
1226,51.644444444444446,-3.6519444444444438,98.6,10
1227,51.19666666666667,-3.4811111111111117,98.6,10
1228,55.51055555555556,-2.840555555555556,98.7,50000
1229,57.842222222222226,-5.781944444444443,98.7,50000
1230,52.26111111111112,-3.4394444444444447,98.7,2780
1231,50.72055555555555,-2.776111111111111,98.7,200
1232,57.06138888888889,-4.030555555555555,98.7,100
1233,54.86166666666667,-5.828611111111111,98.7,100
1234,51.23166666666666,-2.339444444444444,98.7,60
1235,53.2713888888889,-3.829166666666666,98.7,50
1236,55.69555555555555,-4.841944444444444,98.7,50
1237,52.48,-1.9102777777777777,98.7,32
1238,51.47,-3.1719444444444447,98.7,25
1239,52.75305555555555,-3.259722222222223,98.7,8
1240,51.19722222222222,-4.0313888888888885,98.7,4
1241,51.320555555555565,0.2875,98.8,125000
1242,56.68722222222222,-3.7597222222222224,98.8,500
1243,51.71444444444444,-2.1708333333333334,98.8,100
1244,51.68555555555556,-3.0358333333333336,98.8,50
1245,55.99194444444444,-4.793611111111111,98.8,50
1246,51.701944444444436,-3.3986111111111112,98.8,42
1247,54.513055555555546,-6.041388888888888,98.8,25
1248,54.97555555555555,-1.656388888888889,98.8,25
1249,51.59361111111112,-3.5466666666666673,98.8,10
1250,51.46916666666667,0.26055555555555554,98.8,0
1251,53.53333333333333,-1.8580555555555553,98.9,250000
1252,58.975277777777784,-3.0838888888888887,98.9,41000
1253,51.89916666666666,-4.866388888888889,98.9,20000
1254,56.848055555555554,-5.089166666666667,98.9,4000
1255,55.9175,-5.4622222222222225,98.9,2200
1256,51.42777777777777,-2.609722222222223,98.9,1300
1257,57.16972222222223,-7.4025,98.9,1000
1258,56.35722222222223,-3.9202777777777773,98.9,125
1259,51.73055555555556,-3.2647222222222223,98.9,20
1260,53.400833333333324,-3.003055555555556,98.9,2
1261,53.41305555555556,-3.0091666666666663,98.9,2
1262,50.80527777777778,-1.9041666666666668,98.9,0
1263,54.42305555555555,-7.4622222222222225,99.0,10000
1264,57.0,-2.389722222222222,99.0,2100
1265,54.217499999999994,-5.927777777777777,99.0,200
1266,52.58611111111111,-3.8858333333333333,99.0,120
1267,50.56666666666668,-3.506666666666667,99.0,100
1268,52.91444444444445,-4.017777777777777,99.0,100
1269,54.98250000000001,-1.9452777777777777,99.0,100
1270,50.60194444444445,-1.199444444444444,99.0,50
1271,51.32472222222223,-2.9183333333333334,99.0,40
1272,49.718333333333334,-2.1886111111111104,99.0,25
1273,51.79055555555556,-1.179166666666667,99.1,50000
1274,55.57916666666666,-4.289722222222222,99.1,10000
1275,56.63194444444445,-6.132777777777777,99.1,5000
1276,51.62916666666666,-3.92,99.1,1000
1277,50.245,-3.7491666666666665,99.1,199
1278,50.74555555555556,-3.0277777777777772,99.1,80
1279,55.62027777777777,-3.0725000000000002,99.1,22
1280,53.696666666666665,-2.443055555555556,99.1,10
1281,51.656111111111116,-3.144444444444445,99.1,5
1282,57.63305555555556,-4.075,99.2,20000
1283,55.1088888888889,-6.885833333333332,99.2,3400
1284,50.88972222222222,-3.4688888888888894,99.2,300
1285,54.473055555555554,-0.5952777777777779,99.2,108
1286,50.84527777777778,0.4758333333333333,99.2,100
1287,54.608888888888885,-3.2044444444444444,99.2,60
1288,52.73027777777778,-1.3972222222222224,99.2,50
1289,52.644444444444446,-3.0866666666666673,99.2,48
1290,56.576388888888886,-3.2988888888888894,99.2,32
1291,51.66277777777777,-3.4375,99.2,10
1292,52.02777777777777,-3.258888888888889,99.2,10
1293,52.36277777777777,-2.7383333333333337,99.2,10
1294,53.81305555555554,-2.411666666666667,99.2,10
1295,52.5186111111111,1.1386111111111112,99.3,250000
1296,50.209722222222226,-5.238333333333333,99.3,17600
1297,52.06722222222222,-4.076388888888888,99.3,400
1298,54.74111111111111,-1.9619444444444447,99.3,180
1299,54.49944444444444,-3.5583333333333336,99.3,130
1300,55.832222222222235,-2.0858333333333334,99.3,100
1301,53.54138888888888,-2.0205555555555557,99.3,100
1302,50.787499999999994,0.03583333333333333,99.3,100
1303,50.7375,-2.9294444444444445,99.3,50
1304,54.928055555555545,-4.948888888888889,99.3,31
1305,51.2713888888889,-0.3341666666666666,99.3,25
1306,53.928333333333335,-2.1572222222222224,99.3,20
1307,53.734444444444435,-2.125833333333334,99.3,20
1308,51.284722222222214,-0.07555555555555556,99.3,15
1309,56.722777777777786,-4.978888888888888,99.3,10
1310,51.70472222222223,0.12305555555555554,99.3,1
1311,53.30694444444443,-4.129722222222222,99.4,21000
1312,58.17916666666667,-6.585,99.4,2000
1313,53.169999999999995,-1.6336111111111113,99.4,1200
1314,51.48027777777778,-0.9788888888888891,99.4,1000
1315,57.32000000000001,-3.6572222222222215,99.4,720
1316,53.81138888888888,-1.6411111111111112,99.4,200
1317,52.82527777777778,-3.227222222222222,99.4,50
1318,54.97805555555556,-1.662777777777778,99.4,42
1319,52.58583333333334,-1.9844444444444447,99.4,25
1320,51.05583333333333,-1.8066666666666666,99.4,13
1321,50.34916666666667,-3.5658333333333334,99.4,5
1322,55.86166666666667,-3.872222222222222,99.5,250000
1323,51.45916666666667,-3.281388888888888,99.5,250000
1324,51.137777777777785,1.3358333333333334,99.5,11000
1325,53.37944444444445,-1.513611111111111,99.5,320
1326,54.26722222222223,-0.4044444444444445,99.5,250
1327,53.70861111111111,-2.3113888888888887,99.5,100
1328,50.368611111111115,-3.926388888888889,99.5,50
1329,54.2025,-3.166944444444444,99.6,10000
1330,54.286388888888894,-1.2994444444444442,99.6,5000
1331,53.27499999999999,-1.9119444444444442,99.6,100
1332,50.59916666666667,-2.476388888888889,99.6,100
1333,51.640277777777776,-0.7636111111111111,99.6,50
1334,52.41333333333333,-1.510277777777778,99.6,20
1335,51.64972222222222,0.0019444444444444444,99.6,1
1336,54.607499999999995,-6.009444444444445,99.7,250000
1337,52.50750000000001,-0.34305555555555545,99.7,40000
1338,58.32805555555556,-3.3713888888888883,99.7,10000
1339,55.53166666666666,-1.8341666666666667,99.7,5600
1340,50.82472222222222,-0.11333333333333334,99.7,500
1341,52.04527777777777,-4.409722222222222,99.7,100
1342,51.41805555555556,-1.711111111111111,99.7,100
1343,52.74944444444444,-3.886944444444444,99.7,50
1344,57.07277777777779,-3.0269444444444447,99.7,50
1345,52.47944444444444,-3.4000000000000004,99.7,40
1346,53.542500000000004,-2.117777777777777,99.7,25
1347,51.226666666666674,-1.0802777777777777,99.7,20
1348,53.71388888888888,-0.4502777777777778,99.8,750
1349,53.84166666666667,-2.265833333333333,99.8,750
1350,50.92527777777778,-1.365277777777778,99.8,50
1351,57.16444444444444,-2.1388888888888884,99.8,25
1352,53.41111111111111,-2.8408333333333333,99.8,25
1353,52.08194444444444,-3.162777777777777,99.8,10
1354,54.748888888888885,-3.140555555555555,99.9,250000
1355,52.57500000000001,1.3319444444444444,99.9,500
1356,51.791666666666664,-1.516388888888889,99.9,150
1357,50.55027777777778,-4.008333333333334,100.0,160000
1358,51.409722222222214,-0.08583333333333332,100.0,4000
1359,55.98222222222222,-4.601111111111112,100.0,100
1360,52.60055555555555,-1.8336111111111113,100.1,250000
1361,56.555,-2.9861111111111116,100.1,10300
1362,54.31444444444445,-2.708055555555555,100.1,200
1363,51.803333333333335,1.164722222222222,100.2,2000
1364,54.14055555555555,-4.493055555555555,100.2,850
1365,51.38777777777778,-2.3327777777777783,100.2,200
1366,51.4061111111111,-3.4749999999999996,100.2,100
1367,54.430277777777775,-6.408333333333335,100.2,25
1368,54.86888888888889,-1.771111111111111,100.3,130000
1369,50.67638888888889,-1.3686111111111108,100.3,130000
1370,55.86166666666667,-3.872222222222222,100.3,20000
1371,53.832777777777785,-1.7519444444444447,100.3,500
1372,51.998888888888885,-0.6697222222222221,100.4,10000
1373,53.62555555555555,-2.514722222222222,100.4,5000
1374,51.99750000000001,-2.54,100.4,4900
1375,51.37166666666667,0.5502777777777778,100.4,280
1376,51.21833333333334,-0.16138888888888892,100.4,1
1377,57.38666666666667,-2.4000000000000004,100.5,150000
1378,55.00416666666667,-7.368888888888888,100.5,31000
1379,51.94444444444444,-4.661111111111111,100.5,7130
1380,53.335833333333326,-0.17194444444444443,100.5,6200
1381,54.160000000000004,-6.385833333333334,100.5,1000
1382,50.425555555555555,-3.696388888888889,100.5,310
1383,51.2975,-2.810277777777777,100.5,200
1384,51.42416666666666,-0.07499999999999998,100.6,2000
1385,54.52555555555556,-6.054444444444444,100.6,25
1386,53.01972222222222,-4.2733333333333325,100.7,15000
1387,52.60055555555555,-1.8336111111111113,100.7,11000
1388,54.358333333333334,-1.150277777777778,100.7,10000
1389,52.215277777777786,0.03666666666666667,100.7,750
1390,51.692777777777785,-3.3924999999999996,100.7,46
1391,55.813611111111115,-3.0466666666666664,100.7,25
1392,51.609166666666674,-1.7938888888888889,100.8,720
1393,54.37444444444444,-2.9513888888888893,100.8,125
1394,51.204166666666666,-3.6002777777777784,100.8,108
1395,50.346111111111114,-3.595,100.8,100
1396,55.98666666666667,-4.101388888888889,100.8,25
1397,50.2663888888889,-5.091111111111112,100.8,25
1398,50.69944444444443,-2.240555555555555,100.8,0
1399,51.320555555555565,0.2875,100.9,250000
1400,55.555833333333325,-2.7941666666666665,100.9,5400
1401,51.46916666666667,0.26055555555555554,100.9,0
1402,51.23694444444445,-2.625555555555556,101.0,40000
1403,54.97805555555556,-1.662777777777778,101.0,50
1404,55.891111111111115,-4.324999999999998,101.0,25
1405,54.62833333333334,-5.844444444444443,101.0,25
1406,53.53333333333333,-1.8580555555555553,101.1,250000
1407,52.36055555555556,-4.1025,101.1,10000
1408,56.07166666666667,-3.2330555555555556,101.1,9600
1409,54.217499999999994,-5.927777777777777,101.1,434
1410,55.99194444444444,-4.793611111111111,101.1,200
1411,51.146944444444436,-1.0233333333333332,101.1,50
1412,50.9313888888889,-1.365277777777778,101.1,25
1413,54.42333333333333,-7.457777777777778,101.2,5000
1414,50.274444444444434,-3.794722222222222,101.2,1250
1415,54.98250000000001,-1.9452777777777777,101.2,200
1416,50.63,-1.9872222222222222,101.2,100
1417,54.89333333333333,-1.3638888888888892,101.2,75
1418,51.79055555555556,-1.179166666666667,101.3,23000
1419,55.57916666666666,-4.289722222222222,101.3,8000
1420,51.62916666666666,-3.92,101.3,1000
1421,57.591388888888886,-4.278611111111111,101.4,11000
1422,52.975277777777784,-1.4422222222222225,101.4,200
1423,51.48499999999999,-2.562499999999999,101.4,100
1424,54.608611111111124,-3.205833333333334,101.4,100
1425,51.44777777777777,-0.21583333333333338,101.4,100
1426,50.82916666666667,-0.11277777777777781,101.4,25
1427,54.15194444444444,-6.351388888888888,101.4,25
1428,52.5186111111111,1.1386111111111112,101.5,250000
1429,50.209722222222226,-5.238333333333333,101.5,10100
1430,52.40805555555555,-1.5149999999999997,101.5,25
1431,54.358333333333334,-1.150277777777778,101.6,2000
1432,53.33305555555556,-3.854444444444445,101.6,2000
1433,53.81138888888888,-1.6411111111111112,101.6,500
1434,51.320555555555565,0.2875,101.6,400
1435,51.11916666666667,-1.041111111111111,101.6,75
1436,51.11277777777777,-0.7355555555555555,101.6,65
1437,52.63611111111111,-1.758888888888889,101.6,62
1438,51.508611111111115,-0.5905555555555557,101.6,25
1439,55.86166666666667,-3.872222222222222,101.7,250000
1440,51.45916666666667,-3.281388888888888,101.7,250000
1441,53.37944444444445,-1.513611111111111,101.7,500
1442,51.739722222222234,0.09722222222222221,101.7,100
1443,54.82111111111111,-1.7136111111111112,101.8,8500
1444,54.2025,-3.166944444444444,101.8,6400
1445,51.111666666666665,1.2475,101.8,5200
1446,51.48027777777778,-0.9788888888888891,101.8,500
1447,51.00361111111111,-0.9338888888888889,101.8,100
1448,53.043611111111105,-2.1252777777777783,101.8,62
1449,52.92305555555556,-1.8347222222222221,101.8,50
1450,53.0725,-1.5580555555555555,101.8,45
1451,53.702777777777776,-1.6197222222222223,101.8,25
1452,53.86722222222223,-0.6280555555555556,101.8,25
1453,52.585,-2.1280555555555556,101.8,25
1454,51.79777777777778,-0.7991666666666668,101.8,2
1455,57.51972222222223,-5.639166666666667,101.8,0
1456,54.607499999999995,-6.009444444444445,101.9,250000
1457,52.50750000000001,-0.34305555555555545,101.9,34500
1458,50.368611111111115,-3.926388888888889,101.9,500
1459,50.82472222222222,-0.11333333333333334,101.9,400
1460,52.08166666666667,-1.728611111111111,102.0,2580
1461,51.10249999999999,-1.8419444444444448,102.0,1250
1462,52.03666666666667,1.2022222222222223,102.0,1020
1463,53.48,-2.2386111111111116,102.0,1000
1464,53.5511111111111,-1.412222222222222,102.0,450
1465,50.86111111111112,0.5647222222222222,102.0,200
1466,51.18222222222223,-0.967777777777778,102.0,100
1467,56.47,-2.9883333333333337,102.0,100
1468,53.169999999999995,-1.6336111111111113,102.0,100
1469,50.60194444444445,-1.199444444444444,102.0,48
1470,53.948055555555555,-1.8452777777777778,102.0,35
1471,50.738611111111105,-1.1602777777777773,102.0,20
1472,50.759722222222216,-1.291111111111111,102.0,7
1473,51.62916666666666,-3.92,102.1,1250
1474,51.62916666666666,-3.92,102.1,1250
1475,53.262499999999996,-4.416666666666667,102.1,200
1476,52.76583333333333,-1.2238888888888892,102.1,198
1477,52.00888888888889,-0.7347222222222222,102.1,100
1478,54.3425,-7.654722222222223,102.1,37
1479,53.335833333333326,-0.17194444444444443,102.2,6400
1480,51.409722222222214,-0.08583333333333332,102.2,4000
1481,50.51138888888888,-4.436944444444445,102.2,2500
1482,52.47333333333334,-1.9188888888888884,102.2,972
1483,54.694444444444436,-3.462500000000001,102.2,815
1484,57.89249999999999,-5.135833333333333,102.2,700
1485,55.81916666666668,-3.1944444444444438,102.2,500
1486,51.41638888888888,-2.0774999999999997,102.2,480
1487,53.75472222222223,-2.5050000000000003,102.2,50
1488,60.154999999999994,-1.146111111111111,102.2,25
1489,50.62972222222221,-1.9886111111111116,102.3,2000
1490,57.10388888888889,-5.875277777777779,102.3,800
1491,55.87805555555555,-4.998333333333333,102.3,600
1492,54.86277777777779,-6.4300000000000015,102.3,500
1493,51.61166666666666,-3.3033333333333332,102.3,500
1494,50.839166666666664,-0.4788888888888888,102.3,450
1495,54.231111111111105,-1.3433333333333333,102.3,100
1496,52.44916666666667,-0.9316666666666665,102.3,50
1497,54.37444444444444,-2.9513888888888893,102.3,40
1498,55.78583333333333,-2.032777777777778,102.3,10
1499,55.00416666666667,-7.368888888888888,102.4,10000
1500,50.97666666666666,0.23027777777777775,102.4,8200
1501,51.214722222222235,-3.4833333333333334,102.4,4000
1502,52.57500000000001,1.3319444444444444,102.4,3300
1503,51.86805555555555,-2.1752777777777776,102.4,2000
1504,56.68222222222222,-5.21111111111111,102.4,553
1505,54.21611111111111,-4.616388888888888,102.4,330
1506,54.125,-0.21861111111111114,102.4,100
1507,52.80111111111112,-1.6069444444444447,102.4,96
1508,53.50888888888888,-2.720833333333334,102.4,92
1509,54.68583333333333,-1.218055555555556,102.4,25
1510,53.33805555555556,-1.2850000000000001,102.4,25
1511,55.86166666666667,-3.872222222222222,102.5,24500
1512,51.89916666666666,-4.866388888888889,102.5,20000
1513,53.651388888888896,-1.8941666666666668,102.5,2000
1514,58.47416666666666,-3.6083333333333334,102.5,1200
1515,53.39055555555555,-4.30111111111111,102.5,250
1516,54.67444444444444,-2.728888888888889,102.5,100
1517,54.661111111111104,-5.6752777777777785,102.5,80
1518,50.45277777777778,-3.694444444444445,102.5,50
1519,52.651111111111106,-1.1263888888888887,102.5,26
1520,51.25444444444445,-0.7655555555555555,102.5,25
1521,52.47944444444444,-2.1244444444444444,102.5,25
1522,50.90999999999999,-1.3072222222222225,102.5,25
1523,54.97722222222222,-1.660833333333333,102.5,25
1524,52.24833333333334,-0.2344444444444444,102.5,25
1525,54.676944444444445,-5.929166666666667,102.5,20
1526,51.79055555555556,-1.179166666666667,102.6,9000
1527,51.23694444444445,-2.625555555555556,102.6,4000
1528,53.02722222222223,-2.2805555555555554,102.6,4000
1529,51.705,0.40111111111111114,102.6,1978
1530,55.37777777777777,-1.7002777777777776,102.6,125
1531,54.41166666666666,-1.748888888888889,102.6,100
1532,53.5186111111111,-1.132777777777778,102.6,31
1533,52.61694444444445,-0.24777777777777774,102.7,4000
1534,57.38638888888888,-6.2427777777777775,102.7,3753
1535,51.25472222222222,-0.20083333333333336,102.7,3600
1536,53.895555555555546,-1.8963888888888887,102.7,500
1537,50.209722222222226,-5.238333333333333,102.8,10000
1538,56.555,-2.9861111111111116,102.8,5000
1539,51.29249999999999,0.9791666666666669,102.8,1000
1540,52.115833333333335,-2.330277777777778,102.8,1000
1541,52.975277777777784,-1.4422222222222225,102.8,925
1542,57.609166666666674,-2.96388888888889,102.8,913
1543,54.81333333333333,-1.6197222222222223,102.8,330
1544,52.644444444444446,-3.0866666666666673,102.8,200
1545,53.97055555555556,-1.0833333333333335,102.8,101
1546,50.74166666666666,-1.9663888888888892,102.8,100
1547,51.87833333333334,-0.43805555555555553,102.8,50
1548,53.299722222222215,-2.1005555555555557,102.8,48
1549,51.30777777777777,-1.2444444444444442,102.9,3400
1550,51.818333333333335,-4.065833333333334,102.9,3200
1551,55.001666666666665,-7.379444444444443,102.9,3140
1552,53.5511111111111,-1.412222222222222,102.9,450
1553,52.294166666666676,-1.5188888888888887,102.9,50
1554,53.01972222222222,-4.2733333333333325,103.0,5000
1555,53.54138888888888,-2.0205555555555557,103.0,4000
1556,58.18083333333333,-6.584444444444443,103.0,3589
1557,52.215277777777786,0.03666666666666667,103.0,1000
1558,50.807222222222215,-3.1049999999999995,103.0,1000
1559,54.89361111111112,-4.301944444444444,103.0,700
1560,57.46000000000001,-1.795,103.0,174
1561,55.944722222222225,-4.578055555555555,103.0,100
1562,54.301944444444445,-2.2013888888888884,103.0,100
1563,54.146388888888886,-2.4713888888888884,103.0,100
1564,54.47416666666666,-2.348888888888889,103.0,100
1565,51.76805555555556,-2.2386111111111116,103.0,100
1566,52.80694444444445,-0.9319444444444442,103.0,100
1567,51.35944444444445,-2.970833333333334,103.0,100
1568,51.38777777777778,-2.3327777777777783,103.0,80
1569,54.97805555555556,-1.662777777777778,103.0,50
1570,51.32388888888889,0.5205555555555557,103.1,4000
1571,52.67083333333333,-2.55,103.1,2700
1572,54.160000000000004,-6.385833333333334,103.1,1800
1573,56.07111111111112,-4.06111111111111,103.1,500
1574,54.473055555555554,-0.5952777777777779,103.1,120
1575,55.661944444444444,-3.2277777777777774,103.1,70
1576,53.93,-0.7794444444444445,103.1,50
1577,53.301388888888894,-3.540833333333334,103.1,26
1578,53.82194444444445,-2.2119444444444443,103.1,25
1579,55.64555555555555,-4.774444444444443,103.1,25
1580,51.54444444444444,-3.2233333333333336,103.2,2000
1581,50.649166666666666,-1.3294444444444447,103.2,2000
1582,53.832777777777785,-1.7519444444444447,103.2,500
1583,54.56277777777778,-1.5633333333333332,103.2,295
1584,52.92027777777777,1.2533333333333334,103.2,250
1585,52.912777777777784,0.8286111111111112,103.2,250
1586,54.98250000000001,-1.9452777777777777,103.2,120
1587,54.31444444444445,-2.708055555555555,103.2,100
1588,53.14,-1.2330555555555553,103.2,100
1589,52.57388888888889,-0.2380555555555555,103.2,50
1590,53.7561111111111,-2.6961111111111116,103.2,27
1591,51.426111111111105,-0.5644444444444444,103.2,25
1592,52.650555555555556,-1.1602777777777773,103.2,25
1593,52.36055555555556,-4.1025,103.3,5800
1594,51.998888888888885,-0.6697222222222221,103.3,2000
1595,55.81916666666668,-3.1944444444444438,103.3,500
1596,56.403888888888886,-5.485833333333333,103.3,385
1597,51.57055555555556,-0.14444444444444446,103.3,200
1598,53.32944444444445,-1.9977777777777779,103.3,200
1599,55.99194444444444,-4.793611111111111,103.3,100
1600,52.231388888888894,0.7075,103.3,50
1601,53.35083333333333,-1.7341666666666664,103.3,35
1602,51.06583333333332,-2.414444444444445,103.3,25
1603,50.55027777777778,-4.008333333333334,103.4,15000
1604,52.48638888888889,1.7155555555555555,103.4,2000
1605,53.4575,-1.2205555555555556,103.4,1600
1606,53.0763888888889,-3.045,103.4,1400
1607,55.832222222222235,-2.0858333333333334,103.4,500
1608,54.49666666666668,-3.5574999999999997,103.4,400
1609,54.85166666666666,-1.4486111111111113,103.4,300
1610,54.20333333333334,-5.914722222222223,103.4,200
1611,51.53333333333333,-0.8766666666666665,103.4,100
1612,51.25416666666666,-0.19777777777777775,103.4,50
1613,51.540000000000006,-2.5608333333333326,103.4,25
1614,54.676944444444445,-5.929166666666667,103.4,10
1615,51.80166666666667,0.7108333333333333,103.5,12000
1616,56.63194444444445,-6.132777777777777,103.5,5000
1617,51.118055555555564,-1.8586111111111108,103.5,1000
1618,50.82472222222222,-0.11333333333333334,103.5,900
1619,54.34305555555555,-1.44,103.5,200
1620,52.934166666666655,-3.921944444444444,103.5,182
1621,53.89861111111111,-0.17388888888888884,103.5,160
1622,54.04527777777777,-2.7819444444444446,103.5,100
1623,54.86166666666667,-5.828611111111111,103.5,100
1624,52.93111111111111,-1.331388888888889,103.5,54
1625,53.88194444444445,-1.994444444444445,103.5,50
1626,55.69555555555555,-4.841944444444444,103.5,50
1627,51.754444444444445,-3.7733333333333334,103.5,48
1628,51.8075,-3.0977777777777784,103.5,36
1629,55.848055555555554,-4.341388888888887,103.5,25
1630,53.30694444444443,-4.129722222222222,103.6,21000
1631,57.63305555555556,-4.075,103.6,20000
1632,52.44527777777777,-0.6666666666666666,103.6,820
1633,51.609166666666674,-1.7938888888888889,103.6,500
1634,52.58611111111111,-3.8858333333333333,103.6,120
1635,51.32472222222223,-2.9183333333333334,103.6,100
1636,55.75000000000001,-6.274166666666667,103.6,61
1637,52.74944444444444,-3.886944444444444,103.6,50
1638,53.46444444444444,-2.025555555555555,103.6,50
1639,52.644444444444446,-3.0866666666666673,103.6,48
1640,54.928055555555545,-4.948888888888889,103.6,31
1641,51.54138888888888,-0.26055555555555554,103.6,23
1642,53.234166666666674,-0.5363888888888888,103.6,12
1643,51.644444444444446,-3.6519444444444438,103.6,10
1644,56.55694444444445,-2.8433333333333337,103.7,5000
1645,49.25138888888889,-2.1313888888888886,103.7,4000
1646,54.36111111111111,-4.517777777777776,103.7,3900
1647,55.9175,-5.4622222222222225,103.7,2200
1648,54.04666666666666,-0.7866666666666667,103.7,2000
1649,57.61694444444445,-7.443611111111111,103.7,2000
1650,52.08166666666667,-1.728611111111111,103.7,1400
1651,52.06722222222222,-4.076388888888888,103.7,400
1652,54.98250000000001,-1.9452777777777777,103.7,100
1653,53.1236111111111,-2.1272222222222217,103.7,50
1654,56.68416666666666,-5.170277777777779,103.7,30
1655,51.22833333333333,-0.6052777777777778,103.7,25
1656,51.55388888888889,0.6886111111111112,103.7,25
1657,52.26111111111112,-3.4394444444444447,103.8,2700
1658,52.97611111111111,-1.1325000000000003,103.8,900
1659,51.87777777777778,-0.4836111111111112,103.8,715
1660,50.66277777777777,-2.4436111111111116,103.8,700
1661,52.82527777777778,-3.227222222222222,103.8,50
1662,55.99194444444444,-4.793611111111111,103.8,50
1663,50.953055555555565,-0.12499999999999997,103.8,26
1664,54.59944444444445,-5.951111111111112,103.8,25
1665,55.51055555555556,-2.840555555555556,103.9,50000
1666,57.842222222222226,-5.781944444444443,103.9,50000
1667,51.45916666666667,-3.281388888888888,103.9,40000
1668,50.209722222222226,-5.238333333333333,103.9,17800
1669,51.92388888888888,1.0858333333333332,103.9,5000
1670,53.62555555555555,-2.514722222222222,103.9,1820
1671,56.68722222222222,-3.7597222222222224,103.9,500
1672,54.217499999999994,-5.927777777777777,103.9,200
1673,53.81138888888888,-1.6411111111111112,103.9,100
1674,54.0925,-6.181944444444445,103.9,40
1675,50.907222222222224,-1.399722222222222,103.9,25
1676,52.36055555555556,-4.1025,104.0,250000
1677,51.25472222222222,-0.20083333333333336,104.0,4000
1678,52.115833333333335,-2.330277777777778,104.0,2000
1679,55.87805555555555,-4.998333333333333,104.0,570
1680,54.56277777777778,-1.5633333333333332,104.0,500
1681,57.06138888888889,-4.030555555555555,104.0,100
1682,52.33333333333334,-0.18333333333333332,104.0,50
1683,52.54055555555556,-1.4986111111111116,104.0,50
1684,56.07166666666667,-3.2330555555555556,104.1,5000
1685,53.53333333333333,-1.8580555555555553,104.1,4400
1686,51.30777777777777,-1.2444444444444442,104.1,4000
1687,54.49944444444444,-3.5583333333333336,104.1,967
1688,52.80638888888889,-2.115277777777778,104.1,75
1689,54.608888888888885,-3.2044444444444444,104.1,60
1690,53.13694444444444,-4.129166666666665,104.1,50
1691,55.98222222222222,-4.601111111111112,104.1,50
1692,52.41305555555556,-2.994444444444444,104.1,40
1693,51.751111111111115,-3.048611111111111,104.1,10
1694,57.38666666666667,-2.4000000000000004,104.2,150000
1695,51.137777777777785,1.3358333333333334,104.2,10000
1696,56.848055555555554,-5.089166666666667,104.2,4000
1697,52.275277777777774,-0.8852777777777775,104.2,4000
1698,57.16972222222223,-7.4025,104.2,1000
1699,51.62916666666666,-3.92,104.2,1000
1700,54.37444444444444,-2.9513888888888893,104.2,64
1701,54.06694444444445,-4.762777777777778,104.2,50
1702,54.32416666666668,-4.386111111111111,104.2,50
1703,51.12583333333334,-3.0100000000000002,104.2,25
1704,56.178888888888885,-5.071111111111111,104.2,20
1705,54.644999999999996,-6.6208333333333345,104.2,0
1706,53.03111111111111,-3.1808333333333336,104.3,15600
1707,55.57916666666666,-4.289722222222222,104.3,10000
1708,58.17916666666667,-6.585,104.3,2000
1709,50.446666666666665,-3.6111111111111107,104.3,1000
1710,51.41638888888888,-2.0774999999999997,104.3,715
1711,54.286388888888894,-1.2994444444444442,104.3,500
1712,50.87972222222223,-1.0294444444444442,104.3,100
1713,57.0013888888889,-5.828611111111111,104.3,40
1714,51.71472222222223,-3.1241666666666674,104.3,10
1715,57.39555555555556,-6.1802777777777775,104.3,10
1716,51.649444444444455,-3.503888888888889,104.3,6
1717,52.77388888888889,0.6497222222222222,104.4,3670
1718,51.45416666666668,-0.9780555555555556,104.4,1000
1719,51.734722222222224,0.46916666666666657,104.4,200
1720,55.81916666666668,-3.1944444444444438,104.4,132
1721,52.04527777777777,-4.409722222222222,104.4,100
1722,52.29388888888889,-1.9469444444444441,104.4,100
1723,53.80111111111112,-0.08222222222222222,104.4,80
1724,51.215277777777786,-3.484722222222223,104.4,50
1725,53.2713888888889,-3.829166666666666,104.4,50
1726,51.503611111111105,-0.08666666666666666,104.4,50
1727,54.97805555555556,-1.662777777777778,104.4,42
1728,56.722777777777786,-4.978888888888888,104.4,10
1729,52.02777777777777,-3.258888888888889,104.4,10
1730,50.97666666666666,0.23027777777777775,104.5,10000
1731,52.975277777777784,-1.4422222222222225,104.5,3600
1732,51.998888888888885,-0.6697222222222221,104.5,2200
1733,54.089444444444446,-2.7799999999999994,104.5,2100
1734,56.37222222222223,-3.453055555555556,104.5,1000
1735,50.95,-2.673055555555555,104.5,100
1736,57.07277777777779,-3.0269444444444447,104.5,50
1737,54.571944444444455,-1.2374999999999998,104.5,25
1738,51.628611111111105,-3.7377777777777785,104.5,10
1739,51.61777777777777,-3.4033333333333333,104.5,10
1740,58.32805555555556,-3.3713888888888883,104.6,10000
1741,56.403888888888886,-5.485833333333333,104.6,5000
1742,51.22833333333333,-0.6052777777777778,104.6,4000
1743,54.160000000000004,-6.385833333333334,104.6,4000
1744,51.818333333333335,-4.065833333333334,104.6,3200
1745,52.283055555555556,0.7636111111111111,104.6,1900
1746,52.36305555555556,-2.2825000000000006,104.6,500
1747,55.832222222222235,-2.0858333333333334,104.6,100
1748,53.54138888888888,-2.0205555555555557,104.6,100
1749,53.28694444444445,-3.6847222222222222,104.6,100
1750,50.68305555555556,-1.2780555555555553,104.6,95
1751,51.38777777777778,-2.3327777777777783,104.6,82
1752,51.771666666666654,-3.2188888888888885,104.6,30
1753,51.58611111111111,-3.5811111111111114,104.6,10
1754,57.38638888888888,-6.2427777777777775,104.7,30000
1755,55.86166666666667,-3.872222222222222,104.7,10000
1756,54.04666666666666,-0.7866666666666667,104.7,2500
1757,51.86805555555555,-2.1752777777777776,104.7,2000
1758,49.45777777777777,-2.578888888888888,104.7,1250
1759,57.106111111111105,-4.708611111111111,104.7,1000
1760,57.32000000000001,-3.6572222222222215,104.7,677
1761,53.28416666666666,-3.231388888888889,104.7,250
1762,52.89222222222222,-0.6558333333333334,104.7,50
1763,53.696666666666665,-2.2975,104.7,50
1764,51.701944444444436,-3.3986111111111112,104.7,42
1765,51.25111111111111,-1.6374999999999997,104.7,25
1766,50.959166666666675,-2.5138888888888893,104.7,25
1767,51.959166666666675,-3.4130555555555553,104.7,20
1768,51.81888888888889,-1.051111111111111,104.7,0
1769,52.24166666666667,-0.8941666666666667,104.7,0
1770,50.90944444444444,-0.6277777777777778,104.8,2000
1771,52.7375,-4.038055555555555,104.8,250
1772,52.12611111111111,-0.225,104.8,100
1773,53.702500000000015,-2.6863888888888887,104.8,50
1774,52.44694444444443,-3.5497222222222216,104.8,50
1775,51.68555555555556,-3.0358333333333336,104.8,50
1776,51.74166666666666,-3.6797222222222223,104.8,10
1777,51.89916666666666,-4.866388888888889,104.9,20000
1778,57.63305555555556,-4.075,104.9,20000
1779,52.70888888888889,-1.2866666666666666,104.9,8000
1780,51.42416666666666,-0.07499999999999998,104.9,3900
1781,56.21222222222223,-4.2622222222222215,104.9,1000
1782,53.404999999999994,-2.155277777777777,104.9,320
1783,58.46166666666667,-6.230833333333335,104.9,162
1784,52.91444444444445,-4.017777777777777,104.9,100
1785,51.41805555555556,-1.711111111111111,104.9,100
1786,55.6275,-6.227499999999999,104.9,65
1787,56.711944444444455,-5.289999999999999,104.9,55
1788,53.10833333333334,-3.757222222222222,104.9,50
1789,54.073611111111106,-2.2897222222222218,104.9,50
1790,54.078333333333326,-1.989166666666667,104.9,50
1791,54.31388888888889,-1.8383333333333336,104.9,50
1792,54.32305555555557,-2.528055555555555,104.9,50
1793,57.89249999999999,-5.135833333333333,104.9,50
1794,54.57833333333334,-5.850555555555556,104.9,25
1795,51.73055555555556,-3.2647222222222223,104.9,20
1796,52.08194444444444,-3.162777777777777,104.9,10
1797,51.66277777777777,-3.4375,104.9,10
1798,51.14444444444445,1.3163888888888888,104.9,0
1799,54.14055555555555,-4.493055555555555,105.0,2090
1800,50.977777777777774,0.11055555555555556,105.0,50
1801,52.19833333333333,0.12749999999999997,105.0,25
1802,54.32361111111112,-5.697222222222223,105.0,25
1803,54.56972222222222,-1.0719444444444446,105.0,25
1804,53.04666666666666,-2.990833333333333,105.0,25
1805,53.61194444444445,-1.6644444444444444,105.1,3125
1806,50.51138888888888,-4.436944444444445,105.1,2500
1807,51.54055555555556,0.7013888888888888,105.1,476
1808,51.72027777777778,-1.203611111111111,105.1,50
1809,51.87833333333334,-0.43805555555555553,105.1,30
1810,57.060833333333335,-2.130000000000001,105.1,0
1811,51.608611111111124,-2.488055555555556,105.1,0
1812,55.86166666666667,-3.872222222222222,105.2,30000
1813,52.60055555555555,-1.8336111111111113,105.2,11000
1814,50.649166666666666,-1.3294444444444447,105.2,10000
1815,51.818333333333335,-4.065833333333334,105.2,2910
1816,54.28972222222222,-4.3488888888888875,105.2,50
1817,51.8075,-3.0977777777777784,105.2,40
1818,54.07111111111112,-4.768611111111111,105.2,40
1819,52.39694444444445,1.3041666666666667,105.2,24
1820,52.32222222222222,1.1355555555555554,105.2,0
1821,54.82111111111111,-1.7136111111111112,105.3,8400
1822,52.34277777777778,0.508888888888889,105.3,100
1823,51.86611111111111,-1.5625,105.3,25
1824,51.782222222222224,-1.3775,105.3,25
1825,54.97972222222222,-7.317499999999999,105.3,25
1826,51.028055555555554,-3.2761111111111116,105.3,25
1827,53.73111111111112,0.03277777777777778,105.3,23
1828,57.53444444444444,-2.4811111111111117,105.3,0
1829,52.624722222222225,-0.9088888888888889,105.4,5000
1830,53.62555555555555,-2.514722222222222,105.4,5000
1831,51.409722222222214,-0.08583333333333332,105.4,4000
1832,51.4575,-3.403055555555555,105.4,2500
1833,56.31694444444445,-2.776111111111111,105.4,100
1834,53.400833333333324,-3.003055555555556,105.4,2
1835,51.46916666666667,0.26055555555555554,105.4,0
1836,51.079166666666666,1.1341666666666668,105.4,0
1837,50.446388888888876,-3.610833333333334,105.5,1600
1838,52.04277777777778,-0.7619444444444443,105.5,54
1839,50.821666666666665,-0.15,105.5,50
1840,51.56083333333333,-1.7866666666666668,105.5,50
1841,51.20444444444445,-2.181944444444445,105.5,50
1842,54.48944444444445,-0.6272222222222223,105.5,25
1843,52.215277777777786,0.03666666666666667,105.6,1000
1844,53.832777777777785,-1.7519444444444447,105.6,500
1845,50.959166666666675,-2.551111111111111,105.6,430
1846,53.37944444444445,-1.513611111111111,105.6,250
1847,51.22972222222223,0.4936111111111112,105.6,150
1848,51.38,-1.3505555555555555,105.6,100
1849,54.97805555555556,-1.662777777777778,105.6,50
1850,51.82305555555556,-2.496944444444445,105.6,25
1851,52.60055555555555,-1.8336111111111113,105.7,11000
1852,56.07166666666667,-3.2330555555555556,105.7,10000
1853,51.94444444444444,-4.661111111111111,105.7,9400
1854,53.33305555555556,-3.854444444444445,105.7,1250
1855,52.04555555555555,1.127777777777778,105.7,25
1856,56.95250000000001,-2.2072222222222218,105.7,25
1857,53.803055555555545,-0.5652777777777779,105.8,9600
1858,51.42416666666666,-0.07499999999999998,105.8,3730
1859,54.58555555555556,-6.024166666666666,105.8,1920
1860,50.728611111111114,-1.9488888888888891,105.8,625
1861,54.98250000000001,-1.9452777777777777,105.8,200
1862,50.549722222222215,-4.001388888888888,105.8,200
1863,51.46916666666667,0.26055555555555554,105.8,0
1864,51.3925,-2.4780555555555557,105.8,0
1865,53.373055555555545,-2.8852777777777776,105.9,7570
1866,51.60166666666666,-2.9352777777777783,105.9,1000
1867,52.31777777777777,-2.7188888888888894,105.9,1000
1868,54.64777777777777,-1.7458333333333331,105.9,100
1869,51.739722222222234,-3.420555555555555,105.9,25
1870,51.09138888888889,1.165833333333333,105.9,25
1871,56.47888888888888,-2.8400000000000007,105.9,25
1872,53.400833333333324,-3.003055555555556,105.9,2
1873,57.681388888888875,-2.6733333333333333,105.9,0
1874,52.70888888888889,-1.2866666666666666,106.0,8000
1875,50.649166666666666,-1.3294444444444447,106.0,4000
1876,51.62916666666666,-3.92,106.0,1000
1877,57.70000000000001,-5.7558333333333325,106.0,600
1878,54.727777777777774,-6.721944444444444,106.0,500
1879,51.29666666666666,1.0452777777777778,106.0,230
1880,52.47944444444444,-3.4000000000000004,106.0,40
1881,51.8663888888889,-4.307777777777779,106.0,20
1882,55.86166666666667,-3.872222222222222,106.1,20000
1883,52.57500000000001,1.3319444444444444,106.1,4000
1884,53.48,-2.2386111111111116,106.1,1000
1885,50.400555555555556,-5.055833333333332,106.1,200
1886,51.07166666666667,-4.0694444444444455,106.1,50
1887,51.63777777777777,-3.474166666666667,106.1,26
1888,51.755833333333335,-1.5847222222222226,106.1,25
1889,50.73416666666667,-3.2972222222222216,106.1,25
1890,51.771666666666654,-3.2188888888888885,106.1,24
1891,51.42833333333332,-3.1808333333333336,106.1,0
1892,51.409722222222214,-0.08583333333333332,106.2,4000
1893,53.61194444444445,-1.6644444444444444,106.2,3125
1894,51.99750000000001,-2.54,106.2,1600
1895,52.0125,-4.996666666666667,106.2,500
1896,54.21611111111111,-4.616388888888888,106.2,313
1897,57.086388888888884,-5.880833333333334,106.2,100
1898,52.57388888888889,-0.2380555555555555,106.2,50
1899,57.41638888888888,-6.195000000000001,106.2,27
1900,56.83638888888889,-2.2836111111111115,106.2,25
1901,51.46916666666667,0.26055555555555554,106.2,0
1902,51.556666666666665,-3.6272222222222226,106.3,900
1903,53.19305555555556,-2.8786111111111117,106.3,200
1904,57.511111111111106,-1.8166666666666667,106.3,175
1905,56.269722222222214,-2.6975,106.3,150
1906,50.67083333333333,-2.4577777777777783,106.3,96
1907,54.865277777777784,-6.728333333333333,106.3,31
1908,52.04305555555555,-0.7611111111111111,106.3,29
1909,57.18472222222223,-2.121944444444444,106.3,25
1910,54.1113888888889,-3.228333333333333,106.3,15
1911,52.41333333333333,-1.510277777777778,106.3,10
1912,52.23444444444444,1.1072222222222223,106.4,20000
1913,54.358333333333334,-1.150277777777778,106.4,10000
1914,50.989999999999995,-0.09277777777777778,106.4,390
1915,53.27499999999999,-1.9119444444444442,106.4,250
1916,53.45527777777779,-1.9605555555555558,106.4,250
1917,50.64583333333334,-3.3674999999999997,106.4,200
1918,51.1986111111111,-1.4688888888888887,106.4,100
1919,54.59472222222223,-5.934166666666666,106.4,50
1920,51.90333333333334,-1.1408333333333334,106.4,30
1921,51.60611111111112,-1.1102777777777781,106.4,30
1922,51.587777777777774,-1.4269444444444446,106.4,30
1923,51.786666666666676,-1.4897222222222224,106.4,23
1924,55.12805555555556,-6.666666666666668,106.4,0
1925,51.39583333333332,-2.613611111111111,106.5,500
1926,55.43249999999999,-5.569444444444445,106.5,500
1927,52.716388888888886,-2.7933333333333326,106.5,500
1928,53.733888888888885,-2.694166666666667,106.5,133
1929,51.28888888888888,-0.7577777777777777,106.5,100
1930,55.62027777777777,-2.8049999999999993,106.5,40
1931,54.652222222222214,-6.211944444444444,106.5,25
1932,52.15277777777778,-0.47388888888888886,106.5,25
1933,51.68277777777777,-3.9975,106.5,25
1934,58.47416666666666,-3.6083333333333334,106.5,0
1935,52.80138888888889,-0.8008333333333334,106.6,10800
1936,57.75722222222221,-5.615555555555554,106.6,2000
1937,50.75555555555555,-1.9402777777777775,106.6,500
1938,51.01694444444445,-0.7008333333333333,106.6,400
1939,56.3911111111111,-3.4097222222222223,106.6,250
1940,54.262499999999996,-4.462777777777779,106.6,250
1941,50.8825,-2.876944444444444,106.6,250
1942,53.832777777777785,-1.7519444444444447,106.6,200
1943,53.324999999999996,-1.9052777777777776,106.6,70
1944,51.62555555555555,-0.7713888888888889,106.6,50
1945,51.864444444444445,0.9655555555555556,106.6,27
1946,55.17277777777778,-1.5572222222222223,106.6,25
1947,53.51194444444444,-2.201944444444444,106.6,25
1948,51.063888888888876,-1.3608333333333333,106.6,20
1949,50.346111111111114,-4.11388888888889,106.7,625
1950,55.87805555555555,-4.998333333333333,106.7,600
1951,51.40916666666666,-1.2988888888888888,106.7,170
1952,51.87222222222222,-0.21333333333333335,106.7,100
1953,51.13527777777778,0.26027777777777783,106.7,75
1954,53.87361111111112,-2.390833333333333,106.7,25
1955,52.19388888888888,-2.1944444444444438,106.7,25
1956,55.91722222222221,-3.0,106.7,0
1957,53.409722222222214,-2.9475000000000007,106.7,0
1958,57.0,-2.389722222222222,106.8,18550
1959,51.45916666666667,-3.281388888888888,106.8,4540
1960,53.68527777777777,-1.4961111111111112,106.8,501
1961,51.723611111111104,-1.301666666666667,106.8,300
1962,52.61694444444445,-0.24777777777777774,106.8,200
1963,51.14472222222222,1.3155555555555556,106.8,100
1964,50.871388888888895,-0.0002777777777777778,106.8,100
1965,51.52944444444444,-0.10111111111111112,106.8,38
1966,55.94694444444445,-3.9902777777777776,106.8,30
1967,51.18499999999999,-1.7225,106.8,25
1968,50.72527777777779,-3.5311111111111106,106.8,25
1969,54.677777777777784,-1.6122222222222224,106.8,25
1970,52.63250000000001,-1.711111111111111,106.8,25
1971,51.60055555555555,0.4461111111111111,106.8,0
1972,53.220833333333346,-3.314166666666666,106.9,445
1973,53.205833333333345,-2.1005555555555557,106.9,300
1974,51.788333333333334,-0.13555555555555554,106.9,280
1975,51.339999999999996,0.7369444444444445,106.9,200
1976,53.7438888888889,-0.35888888888888887,106.9,100
1977,51.96694444444445,-0.2416666666666666,106.9,50
1978,52.24166666666667,-0.8936111111111109,106.9,50
1979,52.57083333333335,-2.1341666666666663,106.9,41
1980,51.94444444444444,-2.043055555555555,106.9,25
1981,54.38083333333333,-1.7227777777777777,106.9,25
1982,56.00500000000001,-4.732777777777779,106.9,25
1983,53.12305555555555,-1.2616666666666665,106.9,25
1984,50.209722222222226,-5.238333333333333,107.0,10690
1985,51.81166666666667,-2.6886111111111117,107.0,977
1986,54.86277777777779,-6.4300000000000015,107.0,625
1987,53.735555555555564,-2.460833333333333,107.0,500
1988,51.450833333333335,-1.0458333333333334,107.0,200
1989,50.649166666666666,-1.3294444444444447,107.0,100
1990,52.76583333333333,-1.2238888888888892,107.0,100
1991,52.97972222222222,-0.024999999999999998,107.0,50
1992,56.12388888888889,-3.196666666666666,107.0,50
1993,51.88083333333334,0.8883333333333334,107.0,25
1994,51.12861111111111,-0.003611111111111111,107.0,25
1995,54.91138888888889,-1.3775,107.0,25
1996,51.94444444444444,-4.661111111111111,107.1,2512
1997,55.40666666666667,-5.745833333333333,107.1,625
1998,53.51527777777778,-1.138888888888889,107.1,500
1999,52.39722222222222,0.2633333333333333,107.1,200
2000,57.12333333333334,-3.6449999999999996,107.1,136
2001,51.59444444444444,-0.12916666666666665,107.1,128
2002,53.94583333333334,-1.8233333333333333,107.1,100
2003,52.87833333333334,-3.091666666666667,107.1,100
2004,54.08138888888889,-1.7844444444444443,107.1,100
2005,52.37444444444444,-1.27,107.1,100
2006,51.71305555555556,-3.4402777777777787,107.1,50
2007,49.72666666666667,-2.1841666666666666,107.1,50
2008,51.14972222222223,-2.7075,107.1,50
2009,54.600277777777784,-5.9480555555555545,107.1,26
2010,53.791666666666664,-1.7630555555555558,107.1,25
2011,54.56249999999999,-1.3180555555555553,107.1,25
2012,51.95583333333333,-1.968055555555556,107.1,25
2013,51.14166666666666,0.9163888888888889,107.1,20
2014,51.64805555555556,-1.5883333333333332,107.1,20
2015,53.96111111111111,-2.0105555555555554,107.1,15
2016,53.01972222222222,-4.2733333333333325,107.2,3125
2017,51.48499999999999,-2.562499999999999,107.2,660
2018,54.50472222222221,-6.768888888888888,107.2,250
2019,50.82472222222222,-0.11333333333333334,107.2,200
2020,54.04222222222223,-0.453611111111111,107.2,200
2021,52.36305555555556,-2.2825000000000006,107.2,200
2022,51.063888888888876,-1.3608333333333333,107.2,200
2023,57.62194444444444,-6.1961111111111125,107.2,100
2024,51.35611111111112,1.4083333333333337,107.2,100
2025,51.76916666666667,-0.9158333333333332,107.2,80
2026,52.69138888888889,-0.6813888888888888,107.2,64
2027,55.94416666666665,-2.9538888888888897,107.2,50
2028,53.42472222222221,-2.622222222222222,107.2,40
2029,55.86916666666666,-4.259444444444446,107.2,25
2030,55.61083333333334,-4.666944444444445,107.2,25
2031,53.04944444444443,-1.4077777777777774,107.2,25
2032,50.59916666666667,-2.476388888888889,107.2,25
2033,51.16666666666667,0.23333333333333334,107.2,15
2034,54.306666666666665,-5.84861111111111,107.2,0
2035,50.718888888888884,-3.561944444444444,107.3,2000
2036,51.62916666666666,-3.92,107.3,1250
2037,52.294166666666676,-1.5188888888888887,107.3,200
2038,51.44749999999999,-0.05500000000000001,107.3,180
2039,51.701388888888886,-3.238055555555556,107.3,150
2040,53.324444444444445,-3.3858333333333337,107.3,70
2041,52.01861111111111,0.23611111111111105,107.3,50
2042,52.807222222222215,-2.1200000000000006,107.3,50
2043,55.065000000000005,-3.6205555555555553,107.3,39
2044,56.82972222222223,-2.4161111111111113,107.3,25
2045,53.82527777777778,-1.5411111111111109,107.3,25
2046,53.22805555555555,-0.5483333333333333,107.3,25
2047,55.40777777777778,-1.7219444444444445,107.3,22
2048,50.416111111111114,-4.114166666666667,107.3,0
2049,51.00583333333333,-2.198888888888889,107.3,0
2050,54.19305555555556,-3.0900000000000003,107.3,0
2051,51.60194444444445,-1.131111111111111,107.3,0
2052,53.28361111111111,-1.4272222222222224,107.4,200
2053,52.44527777777777,-0.6666666666666666,107.4,200
2054,50.85777777777778,-1.110555555555556,107.4,200
2055,53.60472222222222,-2.3594444444444447,107.4,179
2056,52.666111111111114,-2.4730555555555562,107.4,101
2057,51.12527777777777,-3.010277777777777,107.4,100
2058,53.775833333333324,-0.2813888888888889,107.4,50
2059,55.82888888888889,-3.219444444444444,107.4,40
2060,52.603611111111114,1.7288888888888887,107.4,32
2061,57.66916666666666,-2.5263888888888886,107.4,25
2062,51.93694444444445,-1.5444444444444445,107.4,25
2063,53.89694444444444,-1.4155555555555557,107.4,25
2064,51.40416666666667,-1.5141666666666664,107.4,15
2065,51.687499999999986,-0.6147222222222223,107.4,0
2066,51.57861111111111,0.18333333333333332,107.5,406
2067,50.791388888888896,0.2402777777777777,107.5,150
2068,51.89388888888889,-2.076944444444444,107.5,100
2069,55.82444444444445,-4.466111111111112,107.5,100
2070,51.214722222222235,-2.181666666666666,107.5,100
2071,52.0125,-4.996666666666667,107.5,90
2072,51.67944444444445,-4.701944444444445,107.5,70
2073,53.52638888888888,-0.8236111111111111,107.5,60
2074,54.97805555555556,-1.662777777777778,107.5,50
2075,53.02888888888889,-2.2944444444444443,107.5,50
2076,54.67166666666667,-2.7897222222222227,107.5,50
2077,55.06583333333332,-6.485555555555556,107.5,26
2078,52.520833333333336,-1.7941666666666667,107.5,25
2079,56.50583333333334,-2.7261111111111105,107.5,25
2080,51.977777777777774,1.3525000000000003,107.5,25
2081,54.13027777777778,-2.7630555555555554,107.5,20
2082,51.58222222222222,-2.5608333333333326,107.5,0
2083,50.75555555555555,-1.9402777777777775,107.6,1036
2084,51.15055555555556,0.8747222222222223,107.6,500
2085,53.39750000000001,-2.973055555555556,107.6,378
2086,52.044166666666655,-1.2258333333333333,107.6,200
2087,53.832777777777785,-1.7519444444444447,107.6,200
2088,50.50611111111111,-3.8125000000000004,107.6,200
2089,51.65694444444444,-0.39611111111111114,107.6,200
2090,54.34388888888889,-6.66111111111111,107.6,188
2091,54.79944444444444,-5.698611111111111,107.6,150
2092,51.26916666666666,-1.069722222222222,107.6,100
2093,52.97972222222222,-1.1336111111111113,107.6,50
2094,52.378888888888895,1.1058333333333334,107.6,44
2095,55.97388888888889,-2.7811111111111106,107.6,25
2096,54.2675,-0.40472222222222226,107.6,25
2097,53.400833333333324,-3.003055555555556,107.6,2
2098,53.41305555555556,-3.0091666666666663,107.6,2
2099,50.879999999999995,-2.895277777777778,107.6,0
2100,51.24111111111112,-1.6555555555555552,107.6,0
2101,52.36055555555556,-4.1025,107.7,12500
2102,54.55611111111111,-1.1211111111111114,107.7,5000
2103,57.609166666666674,-2.96388888888889,107.7,850
2104,55.9175,-5.4622222222222225,107.7,500
2105,51.71555555555557,0.5738888888888889,107.7,394
2106,50.812499999999986,-0.3705555555555556,107.7,250
2107,51.609166666666674,-1.7938888888888889,107.7,200
2108,52.61694444444445,-0.24777777777777774,107.7,200
2109,53.37944444444445,-1.513611111111111,107.7,200
2110,49.187222222222225,-2.102777777777778,107.7,200
2111,52.585,-2.1280555555555556,107.7,170
2112,51.35944444444445,-2.970833333333334,107.7,100
2113,55.81666666666668,-3.8,107.7,35
2114,53.910833333333336,-2.0988888888888892,107.8,1000
2115,51.38,-0.28055555555555556,107.8,800
2116,50.96,-1.4233333333333333,107.8,500
2117,52.378055555555555,-2.5966666666666667,107.8,250
2118,50.86111111111112,0.5647222222222222,107.8,200
2119,51.039722222222224,-4.134999999999999,107.8,100
2120,51.2038888888889,-4.115555555555555,107.8,68
2121,53.848888888888894,-0.451111111111111,107.8,50
2122,55.86722222222223,-3.0494444444444437,107.8,50
2123,52.65083333333334,1.27,107.8,50
2124,51.8075,-3.0977777777777784,107.8,36
2125,52.906944444444434,-1.5033333333333332,107.8,25
2126,53.31722222222222,-3.825277777777778,107.8,25
2127,53.070000000000014,-0.7955555555555556,107.8,25
2128,51.34944444444446,1.3919444444444447,107.8,25
2129,53.404999999999994,-2.155277777777777,107.8,25
2130,51.01361111111111,-3.103055555555556,107.8,25
2131,52.24166666666667,-0.8936111111111109,107.8,20
2132,51.42944444444445,0.5511111111111112,107.9,474
2133,51.38777777777778,-2.3327777777777783,107.9,200
2134,52.545555555555545,-1.3716666666666666,107.9,200
2135,51.723611111111104,-1.301666666666667,107.9,125
2136,53.08833333333334,-2.455277777777778,107.9,100
2137,49.92916666666666,-6.3036111111111115,107.9,100
2138,51.60055555555555,-3.310833333333333,107.9,100
2139,50.46333333333333,-3.529166666666666,107.9,100
2140,53.291111111111114,-1.1088888888888888,107.9,98
2141,53.65472222222222,-1.815277777777778,107.9,40
2142,53.65027777777777,-2.9966666666666675,107.9,26
2143,54.6261111111111,-5.685,107.9,25
2144,56.67055555555556,-3.006388888888889,107.9,25
2145,55.82777777777778,-4.21111111111111,107.9,25
2146,52.094444444444456,0.4427777777777778,107.9,20
