,Latitude in degrees,Longitude in degrees,Frequency(MHz),EIRP
0,51.84416666666667,33.480277777777786,65.93,17000
1,49.81666666666667,35.15722222222222,65.96,140
2,51.19972222222223,24.664722222222217,66.02,17000
3,47.59111111111113,37.51638888888889,66.05,500
4,49.07472222222222,25.416666666666668,66.05,89
5,49.67444444444444,33.73944444444444,66.08,17000
6,50.17111111111111,27.098333333333333,66.08,560
7,44.9,34.11416666666667,66.11,100
8,46.8186111111111,35.33555555555555,66.14,4000
9,49.44833333333333,26.980277777777783,66.14,3000
10,49.84777777777779,24.036666666666665,66.26,3000
11,50.122777777777785,26.837500000000002,66.32,200
12,51.14916666666669,32.86611111111111,66.38,4000
13,50.518611111111106,30.243055555555554,66.4,30
14,48.295555555555545,25.842222222222226,66.41,1000
15,49.731111111111126,28.796111111111113,66.41,410
16,51.14083333333335,34.32416666666668,66.5,17000
17,50.59916666666666,26.421111111111106,66.53,8000
18,45.82166666666665,29.289722222222224,66.59,17000
19,49.029722222222205,25.79722222222222,66.59,51
20,44.94527777777778,34.11333333333334,66.68,17000
21,51.86749999999999,32.56444444444445,66.71,17000
22,48.44361111111111,35.048611111111114,66.74,4000
23,51.19972222222223,24.664722222222217,66.8,4000
24,45.946111111111115,33.8036111111111,66.8,4000
25,49.570555555555565,28.01388888888889,66.8,410
26,49.229166666666686,29.0763888888889,66.86,200
27,48.488055555555555,32.25861111111112,66.98,17000
28,49.84777777777779,24.036666666666665,67.04,8900
29,50.043611111111105,36.235,67.13,17000
30,49.009166666666665,28.487500000000004,67.13,200
31,46.71583333333332,36.36611111111111,67.16,560
32,48.295555555555545,25.842222222222226,67.19,17000
33,47.713333333333324,29.53833333333333,67.25,17000
34,49.222500000000004,27.65444444444444,67.25,540
35,48.81361111111113,37.561388888888885,67.28,4000
36,50.46611111111111,30.505277777777778,67.28,2000
37,50.93527777777777,34.802499999999995,67.28,1400
38,49.430277777777775,24.93111111111111,67.28,89
39,47.084722222222226,37.52722222222223,67.34,17000
40,49.06222222222221,28.118888888888886,67.34,1500
41,50.59916666666666,26.421111111111106,67.46,17000
42,51.84416666666667,33.480277777777786,67.49,17000
43,49.70333333333333,35.1738888888889,67.64,79
44,49.44833333333333,26.980277777777783,67.7,17000
45,48.111944444444454,39.34527777777779,67.73,17000
46,44.50222222222222,34.15555555555555,67.73,300
47,49.84777777777779,24.036666666666665,67.82,7900
48,49.08555555555555,30.378611111111105,67.88,8000
49,50.043611111111105,36.235,67.91,17000
50,49.00805555555556,27.762777777777778,67.91,1400
51,48.271666666666675,25.890555555555547,67.97,4000
52,49.51805555555556,28.47555555555556,68.0,410
53,48.06694444444445,30.85777777777777,68.03,4000
54,51.14083333333335,34.32416666666668,68.06,17000
55,48.81361111111113,37.561388888888885,68.06,4000
56,50.108888888888906,27.532777777777774,68.06,81
57,50.39305555555556,30.235,68.1,30
58,48.50944444444445,28.536944444444448,68.12,5000
59,49.44055555555556,32.05944444444445,68.15,1800
60,50.59916666666666,26.421111111111106,68.24,17000
61,44.94527777777778,34.11333333333334,68.24,17000
62,51.86749999999999,32.56444444444445,68.27,4000
63,48.67444444444444,29.738611111111112,68.3,200
64,48.44361111111111,35.048611111111114,68.36,17000
65,46.45,30.741111111111103,68.36,15000
66,48.04527777777776,37.96750000000001,68.36,5000
67,48.90500000000001,22.552777777777774,68.42,1000
68,45.946111111111115,33.8036111111111,68.48,17000
69,51.19972222222223,24.664722222222217,68.48,4000
70,50.47111111111111,30.45333333333333,68.51,17000
71,49.241388888888885,28.423888888888897,68.57,17000
72,46.76444444444443,36.787777777777784,68.57,300
73,49.67444444444444,33.73944444444444,68.6,4000
74,49.540277777777774,26.238611111111112,68.72,17000
75,46.8186111111111,35.33555555555555,68.72,8000
76,50.477500000000006,34.92472222222222,68.75,17000
77,48.570555555555565,39.30333333333333,68.75,6600
78,48.488055555555555,32.25861111111112,68.84,17000
79,47.33611111111112,36.680277777777775,68.99,17000
80,47.23888888888891,30.312222222222225,68.99,17000
81,49.84777777777779,24.036666666666665,68.99,8900
82,50.47111111111111,30.45333333333333,69.02,5000
83,50.93527777777777,34.802499999999995,69.02,3000
84,48.111944444444454,39.34527777777779,69.08,17000
85,49.484999999999985,29.259166666666665,69.11,200
86,46.71583333333332,36.36611111111111,69.17,5000
87,50.043611111111105,36.235,69.2,4000
88,46.84833333333333,33.666944444444454,69.23,13000
89,48.295555555555545,25.842222222222226,69.26,2000
90,44.57833333333333,33.567499999999995,69.35,17000
91,47.713333333333324,29.53833333333333,69.35,4000
92,47.56611111111111,34.40222222222222,69.38,4000
93,48.81361111111113,37.561388888888885,69.41,17000
94,47.084722222222226,37.52722222222223,69.44,10000
95,51.494722222222215,31.288888888888895,69.47,20000
96,49.35749999999999,34.32888888888889,69.47,100
97,49.33722222222223,28.102777777777774,69.5,410
98,48.638888888888886,22.48,69.53,17000
99,45.30888888888888,36.445,69.56,17000
100,47.91166666666667,33.41833333333333,69.56,4000
101,48.58138888888888,27.449444444444442,69.59,4000
102,49.18638888888888,29.55527777777778,69.62,200
103,49.28527777777777,38.86055555555556,69.65,4000
104,50.47111111111111,30.45333333333333,69.68,10000
105,47.94527777777778,37.64333333333334,69.77,17000
106,46.98694444444445,31.928333333333335,69.8,17000
107,51.2063888888889,27.658055555555556,69.8,17000
108,49.613333333333344,25.688888888888883,69.83,17000
109,50.043611111111105,36.235,69.83,2000
110,44.66333333333332,34.40194444444444,69.89,100
111,48.06694444444445,30.85777777777777,69.92,17000
112,50.477500000000006,34.92472222222222,69.92,4000
113,47.84027777777778,35.14583333333333,69.92,4000
114,46.63999999999999,32.62638888888888,70.04,17000
115,48.22361111111111,23.240833333333335,70.04,17000
116,50.50166666666668,28.66527777777777,70.04,16000
117,48.36749999999999,29.39472222222223,70.1,17000
118,48.10833333333334,24.207777777777782,70.19,7900
119,49.35805555555555,29.695277777777786,70.22,300
120,48.44361111111111,35.048611111111114,70.37,3000
121,50.47111111111111,30.45333333333333,70.4,17000
122,49.44833333333333,26.980277777777783,70.46,10000
123,49.17750000000001,37.28027777777778,70.46,4000
124,47.94527777777778,37.64333333333334,70.49,5000
125,46.45,30.741111111111103,70.52,4000
126,49.461666666666666,32.03527777777777,70.64,17000
127,48.558055555555555,23.50222222222222,70.64,200
128,46.00694444444444,29.65527777777778,70.7,410
129,50.12222222222224,26.119444444444454,70.7,100
130,47.84027777777778,35.14583333333333,70.73,4000
131,48.52722222222223,29.217222222222222,70.73,200
132,48.675000000000004,26.756111111111117,70.76,17000
133,51.494722222222215,31.288888888888895,70.79,3000
134,48.570555555555565,39.30333333333333,70.83,4000
135,49.016666666666666,26.360555555555557,70.88,300
136,49.241388888888885,28.423888888888897,70.91,8000
137,47.94527777777778,37.64333333333334,70.97,17000
138,51.2063888888889,27.658055555555556,70.97,17000
139,50.62583333333333,32.393611111111106,71.0,17000
140,49.613333333333344,25.688888888888883,71.03,4500
141,47.22999999999999,35.72861111111111,71.06,1300
142,50.50166666666668,28.66527777777777,71.12,20000
143,49.57388888888887,34.568888888888885,71.21,200
144,49.101944444444435,33.42333333333334,71.21,100
145,48.91722222222221,24.708333333333325,71.24,4000
146,48.814722222222244,29.39666666666667,71.27,200
147,50.47111111111111,30.45333333333333,71.3,17000
148,44.52083333333335,34.24777777777779,71.3,300
149,46.46250000000002,30.74472222222222,71.36,630
150,47.84027777777778,35.14583333333333,71.51,3200
151,49.18638888888888,35.20916666666666,71.51,450
152,49.17138888888889,26.5725,71.51,81
153,48.638888888888886,22.48,71.54,17000
154,47.91166666666667,33.41833333333333,71.63,17000
155,45.30888888888888,36.445,71.66,17000
156,49.28527777777777,38.86055555555556,71.66,4000
157,49.241388888888885,28.423888888888897,71.69,10000
158,49.613333333333344,25.688888888888883,71.75,13000
159,46.98694444444445,31.928333333333335,71.78,17000
160,51.2063888888889,27.658055555555556,71.78,4000
161,47.22999999999999,35.72861111111111,71.84,1300
162,50.50166666666668,28.66527777777777,71.9,17000
163,46.63999999999999,32.62638888888888,71.9,17000
164,48.22361111111111,23.240833333333335,71.9,4000
165,48.36749999999999,29.39472222222223,71.93,4000
166,50.49027777777778,24.75444444444444,71.93,500
167,49.091388888888886,26.943611111111107,71.96,400
168,48.91722222222221,24.708333333333325,72.02,4000
169,50.717777777777776,25.40611111111112,72.08,20000
170,49.17750000000001,37.28027777777778,72.08,17000
171,50.47111111111111,30.45333333333333,72.08,17000
172,46.45,30.741111111111103,72.14,4000
173,49.222500000000004,27.65444444444444,72.14,1600
174,45.278333333333336,34.88777777777777,72.2,17000
175,49.461666666666666,32.03527777777777,72.2,17000
176,47.84027777777778,35.14583333333333,72.29,17000
177,50.30833333333334,31.073611111111113,72.29,200
178,51.494722222222215,31.288888888888895,72.35,17000
179,44.40833333333334,34.03138888888889,72.38,60
180,48.088055555555556,30.069999999999997,72.44,200
181,49.241388888888885,28.423888888888897,72.47,17000
182,45.33361111111112,28.872777777777785,72.53,3000
183,48.10833333333334,24.207777777777782,72.71,7900
184,47.540277777777774,30.7575,72.74,200
185,48.91722222222221,24.708333333333325,72.8,4000
186,50.47111111111111,30.45333333333333,72.86,17000
187,48.675000000000004,26.756111111111117,72.89,5000
188,46.45,30.741111111111103,72.92,5600
189,49.461666666666666,32.03527777777777,72.98,17000
190,48.74083333333335,28.37805555555555,72.98,2900
191,46.76444444444443,36.787777777777784,73.07,300
192,48.44361111111111,35.048611111111114,73.46,2000
193,49.17138888888889,26.5725,73.55,1300
194,48.675000000000004,26.756111111111117,73.73,1300
195,50.123055555555545,32.415833333333325,73.79,250
196,49.101944444444435,33.42333333333334,73.79,50
197,49.57388888888887,34.568888888888885,73.88,1500
198,48.49777777777779,35.91722222222221,73.88,500
199,44.94527777777778,34.11333333333334,87.5,10000
200,46.45,30.741111111111103,87.5,5000
201,48.81361111111113,37.561388888888885,87.5,2800
202,48.43083333333334,35.043055555555554,87.5,2500
203,50.96416666666667,28.6611111111111,87.5,1800
204,49.79944444444444,35.83972222222222,87.5,1000
205,50.36694444444445,31.334722222222226,87.5,500
206,51.14083333333335,34.32416666666668,87.5,400
207,44.57916666666666,34.34861111111112,87.5,300
208,49.904166666666654,24.666388888888893,87.5,250
209,48.423333333333325,26.961944444444452,87.5,200
210,46.3686111111111,34.337500000000006,87.5,200
211,49.07472222222222,25.416666666666668,87.5,100
212,51.494722222222215,31.288888888888895,87.6,5000
213,47.980555555555554,37.78416666666667,87.6,5000
214,48.692499999999995,33.13999999999999,87.6,3200
215,47.59111111111113,37.51638888888889,87.6,900
216,52.040277777777774,33.947777777777766,87.6,750
217,48.74055555555556,39.22388888888888,87.6,600
218,50.29833333333333,28.667777777777776,87.6,400
219,48.295555555555545,25.842222222222226,87.6,100
220,44.59027777777778,33.4913888888889,87.7,2800
221,46.63999999999999,32.62638888888888,87.7,1400
222,49.613333333333344,25.688888888888883,87.7,1400
223,50.91166666666667,34.80444444444444,87.7,1300
224,45.713611111111106,34.37222222222223,87.7,1000
225,49.27499999999998,35.76166666666667,87.7,1000
226,51.19972222222223,24.664722222222217,87.7,790
227,48.92111111111111,38.40277777777778,87.7,300
228,48.04833333333333,23.693333333333324,87.7,79
229,44.86583333333335,35.08916666666668,87.7,30
230,47.84027777777778,35.14583333333333,87.8,5000
231,50.59916666666666,26.421111111111106,87.8,2500
232,48.26583333333335,24.365833333333324,87.8,320
233,48.03944444444443,37.367222222222225,87.8,300
234,47.93972222222224,37.510555555555555,87.8,300
235,49.461666666666666,32.03527777777777,87.8,280
236,49.39583333333333,37.05111111111111,87.8,100
237,44.87666666666668,33.86166666666667,87.8,30
238,44.773333333333326,34.602500000000006,87.8,30
239,47.37916666666666,34.98222222222222,87.8,0
240,48.10472222222222,37.46388888888889,87.8,0
241,46.43138888888888,30.715,87.9,5000
242,48.58416666666666,37.97333333333333,87.9,3200
243,49.91611111111111,28.608055555555556,87.9,3200
244,48.534166666666685,22.39472222222223,87.9,1300
245,49.08361111111112,30.887500000000003,87.9,500
246,46.33027777777777,34.749722222222225,87.9,32
247,48.295555555555545,25.842222222222226,88.0,5000
248,49.98750000000002,36.25500000000001,88.0,5000
249,44.94805555555555,34.141944444444455,88.0,5000
250,50.92583333333333,31.051388888888894,88.0,3200
251,47.58083333333334,34.35833333333334,88.0,1600
252,47.248333333333335,34.33333333333334,88.0,1600
253,51.86388888888889,33.48583333333334,88.0,1300
254,48.86388888888889,39.131111111111125,88.0,900
255,48.570555555555565,39.30333333333333,88.0,500
256,47.084722222222226,37.52722222222223,88.0,350
257,45.423611111111114,35.82194444444445,88.0,76
258,47.5013888888889,34.654444444444444,88.0,0
259,48.44833333333333,35.021666666666675,88.1,7100
260,46.65833333333334,32.61611111111111,88.1,5000
261,49.613333333333344,25.688888888888883,88.1,5000
262,50.93527777777777,34.802499999999995,88.1,4400
263,49.5,30.75305555555556,88.1,3200
264,51.21638888888889,24.66583333333334,88.1,1000
265,51.53833333333334,32.22694444444444,88.1,1000
266,44.63999999999999,34.384722222222216,88.1,500
267,50.281111111111095,27.65972222222222,88.1,500
268,48.32416666666668,29.888888888888882,88.1,500
269,48.81361111111113,37.561388888888885,88.1,300
270,50.80583333333333,30.28305555555556,88.1,100
271,46.74666666666668,33.37055555555556,88.1,0
272,47.980555555555554,37.78416666666667,88.2,6000
273,49.84777777777779,24.036666666666665,88.2,2500
274,49.6963888888889,37.18083333333334,88.2,1600
275,48.03944444444443,37.367222222222225,88.2,1500
276,48.92111111111111,38.40277777777778,88.2,900
277,51.81388888888889,31.156944444444445,88.2,500
278,49.459722222222204,28.51888888888889,88.2,400
279,46.713333333333324,35.62166666666666,88.2,400
280,49.534166666666685,38.73777777777779,88.2,320
281,48.57694444444444,32.93527777777777,88.2,320
282,48.22361111111111,23.240833333333335,88.2,180
283,48.795,25.29722222222222,88.2,180
284,48.1063888888889,30.891944444444444,88.2,130
285,44.57833333333333,33.567499999999995,88.3,6300
286,50.7738888888889,25.375277777777775,88.3,5000
287,46.98694444444445,31.928333333333335,88.3,2500
288,49.461666666666666,32.03527777777777,88.3,1300
289,47.84027777777778,35.14583333333333,88.3,1000
290,48.96277777777778,23.98111111111111,88.3,500
291,44.84805555555555,34.871111111111105,88.3,30
292,50.47111111111111,30.45333333333333,88.4,5000
293,46.76444444444443,36.787777777777784,88.4,3200
294,49.17750000000001,37.28027777777778,88.4,500
295,47.696111111111115,32.49666666666667,88.4,500
296,50.46861111111113,28.272777777777772,88.4,500
297,48.58416666666666,37.97333333333333,88.4,300
298,48.44833333333333,35.021666666666675,88.5,5000
299,46.43138888888888,30.715,88.5,5000
300,45.30888888888888,36.445,88.5,3200
301,46.173611111111114,34.779166666666676,88.5,1300
302,50.59916666666666,26.421111111111106,88.5,1300
303,48.730555555555554,30.206944444444446,88.5,1300
304,45.713611111111106,34.37222222222223,88.5,630
305,44.68277777777777,34.39750000000001,88.5,300
306,48.570555555555565,39.30333333333333,88.5,0
308,44.90666666666666,34.122777777777785,88.6,5600
309,49.791944444444454,24.085555555555555,88.6,3400
310,49.241388888888885,28.423888888888897,88.6,2500
311,48.92111111111111,38.40277777777778,88.6,1500
312,48.48972222222221,23.259444444444448,88.6,630
313,49.739722222222234,31.43861111111111,88.6,500
314,50.91166666666667,34.80444444444444,88.6,500
315,48.111944444444454,39.34527777777779,88.6,0
316,51.494722222222215,31.288888888888895,88.7,5000
317,48.518333333333345,32.201666666666675,88.7,5000
318,47.59111111111113,37.51638888888889,88.7,3000
319,50.748055555555574,25.32388888888888,88.7,2500
320,47.08305555555556,29.86722222222222,88.7,2500
321,49.048888888888875,37.55083333333334,88.7,500
322,49.3297222222222,23.29138888888889,88.7,79
323,44.84805555555555,34.871111111111105,88.7,30
324,47.94527777777778,37.64333333333334,88.7,0
325,48.91722222222221,24.708333333333325,88.8,5000
326,46.95,32.06555555555557,88.8,5000
327,47.84722222222222,35.143055555555556,88.8,1000
328,48.58416666666666,37.97333333333333,88.8,600
329,50.07027777777778,25.15111111111111,88.8,400
330,51.21638888888889,24.66583333333334,88.8,320
331,50.760833333333316,35.26083333333333,88.8,320
332,50.17944444444444,27.065555555555555,88.8,320
333,48.65555555555557,39.5013888888889,88.8,30
334,47.37916666666666,34.98222222222222,88.8,0
335,48.534166666666685,22.39472222222223,88.9,2500
336,49.93222222222221,23.564999999999998,88.9,2000
337,51.2063888888889,27.658055555555556,88.9,2000
338,48.34527777777779,33.51083333333333,88.9,1600
339,51.84722222222222,24.400555555555556,88.9,1400
340,50.30777777777777,34.901666666666664,88.9,1300
341,50.741388888888885,31.38305555555556,88.9,1000
342,50.75277777777779,33.481666666666676,88.9,1000
343,47.012499999999996,37.07944444444445,88.9,500
344,46.85583333333334,30.061944444444453,88.9,400
345,48.12805555555555,24.884722222222226,88.9,320
346,50.2738888888889,35.973611111111126,88.9,320
347,44.68277777777777,34.39750000000001,88.9,300
348,44.74361111111111,33.880277777777785,88.9,30
349,49.461666666666666,32.03527777777777,89.0,5000
350,46.43138888888888,30.715,89.0,5000
351,48.81361111111113,37.561388888888885,89.0,3200
352,46.71583333333332,36.36611111111111,89.0,3200
353,49.559722222222234,25.64583333333333,89.0,2500
354,50.72833333333334,24.16277777777778,89.0,1300
355,49.13583333333334,23.02972222222223,89.0,560
356,48.042222222222236,24.21055555555556,89.0,500
357,44.87666666666668,33.86166666666667,89.0,30
358,47.5013888888889,34.654444444444444,89.0,0
359,49.84777777777779,24.036666666666665,89.1,5000
360,47.084722222222226,37.52722222222223,89.1,3000
361,46.84833333333333,33.666944444444454,89.1,2200
362,50.711666666666666,25.808333333333337,89.1,2000
363,50.91166666666667,34.80444444444444,89.1,1600
364,48.24527777777779,37.61472222222221,89.1,1500
365,44.59027777777778,33.4913888888889,89.1,1400
366,48.295555555555545,25.842222222222226,89.1,1300
367,49.41472222222222,36.84027777777778,89.1,320
368,50.01222222222221,28.163333333333334,89.1,320
369,45.50500000000001,33.87694444444444,89.1,300
370,44.85138888888889,34.97249999999999,89.1,150
371,48.176944444444466,23.29166666666666,89.1,76
372,47.59916666666666,38.016666666666666,89.1,0
373,45.30888888888888,36.445,89.2,6300
374,49.67444444444444,33.73944444444444,89.2,4000
375,50.07027777777778,25.15111111111111,89.2,3200
376,48.03944444444443,37.367222222222225,89.2,3000
377,46.8186111111111,35.33555555555555,89.2,2500
378,46.61666666666667,31.55,89.2,1000
379,48.596111111111114,24.584722222222226,89.2,320
380,49.39583333333333,30.092222222222226,89.2,320
381,47.94027777777778,38.93333333333333,89.2,0
382,50.588055555555556,27.614444444444445,89.3,3200
383,49.98750000000002,36.25500000000001,89.3,2000
384,44.94527777777778,34.11333333333334,89.3,1400
385,44.66333333333332,34.40194444444444,89.3,600
386,48.65555555555557,39.5013888888889,89.3,600
387,47.88916666666667,25.179166666666674,89.3,320
388,48.44833333333333,35.021666666666675,89.3,280
389,49.44833333333333,26.980277777777783,89.4,5000
390,48.77583333333333,31.643888888888892,89.4,3200
391,48.360277777777775,36.3925,89.4,3200
392,51.564444444444455,26.60194444444445,89.4,1400
393,50.47111111111111,30.45333333333333,89.4,1300
394,48.71805555555556,37.60166666666667,89.4,750
395,50.49027777777778,24.75444444444444,89.4,560
396,46.71583333333332,36.36611111111111,89.4,500
397,49.053055555555574,22.970555555555553,89.4,280
398,48.69166666666665,38.39416666666666,89.5,8000
399,46.98694444444445,31.928333333333335,89.5,5000
400,49.57388888888887,34.568888888888885,89.5,5000
401,44.59027777777778,33.4913888888889,89.5,3200
402,47.980555555555554,37.78416666666667,89.5,3000
403,50.59916666666666,26.421111111111106,89.5,1300
404,49.790833333333346,24.78222222222222,89.5,500
405,47.084722222222226,37.52722222222223,89.5,300
406,47.12888888888888,38.089722222222235,89.5,0
407,49.25027777777778,24.630277777777785,89.6,3200
408,46.84833333333333,33.666944444444454,89.6,2200
409,51.48305555555556,23.91694444444445,89.6,1000
410,48.04833333333333,23.693333333333324,89.6,500
411,50.13333333333333,25.24555555555556,89.6,400
412,45.423611111111114,35.82194444444445,89.6,79
413,44.82638888888887,34.80333333333333,89.6,30
414,46.45,30.741111111111103,89.7,5600
415,49.84777777777779,24.036666666666665,89.7,5000
416,49.17750000000001,37.28027777777778,89.7,3200
417,44.90666666666666,34.122777777777785,89.7,2800
418,50.26472222222222,28.686666666666664,89.7,2000
419,48.45472222222222,35.06,89.7,1300
420,50.91166666666667,34.80444444444444,89.8,5000
421,50.748055555555574,25.32388888888888,89.8,3500
422,46.38472222222223,33.536944444444444,89.8,3200
423,48.31194444444445,31.508055555555554,89.8,3200
424,47.32861111111112,29.728611111111107,89.8,2000
425,47.93972222222224,37.510555555555555,89.8,900
426,49.71583333333332,35.85777777777777,89.8,500
427,48.045833333333356,24.211666666666655,89.8,320
428,50.2025,36.42888888888888,89.8,200
429,49.426666666666655,23.023333333333326,89.8,160
430,48.29000000000002,25.06833333333333,89.8,100
431,49.85444444444444,26.10305555555556,89.8,32
432,49.20138888888889,26.098888888888887,89.8,32
433,48.69166666666665,38.39416666666666,89.9,8000
434,47.980555555555554,37.78416666666667,89.9,6000
435,49.94694444444444,29.456944444444446,89.9,3200
436,44.59027777777778,33.4913888888889,89.9,2500
437,47.84722222222222,35.143055555555556,89.9,1800
438,48.54166666666667,37.711944444444455,89.9,1500
439,52.040277777777774,33.947777777777766,89.9,750
440,49.790833333333346,24.78222222222222,89.9,560
441,44.66333333333332,34.40194444444444,89.9,300
442,50.59916666666666,26.421111111111106,90.0,7100
443,49.98750000000002,36.25500000000001,90.0,5000
444,47.91166666666667,33.41833333333333,90.0,3200
445,48.657499999999985,25.5038888888889,90.0,500
446,49.08000000000001,22.98249999999999,90.0,320
447,49.24611111111111,23.850277777777784,90.0,200
448,47.16749999999999,37.68444444444446,90.0,22
449,44.90666666666666,34.122777777777785,90.1,5000
450,48.111944444444454,39.34527777777779,90.1,3000
451,48.44833333333333,35.021666666666675,90.1,2600
452,49.241388888888885,28.423888888888897,90.1,2500
453,48.54166666666667,37.711944444444455,90.1,1500
454,46.76444444444443,36.787777777777784,90.1,250
455,48.35138888888889,23.927499999999995,90.1,180
456,46.45,30.741111111111103,90.2,6600
457,50.76777777777777,29.239444444444437,90.2,3200
458,49.28527777777777,38.86055555555556,90.2,3200
459,47.22999999999999,35.72861111111111,90.2,3200
460,49.57388888888887,34.568888888888885,90.2,2200
461,50.748055555555574,25.32388888888888,90.2,1800
462,50.87694444444444,32.648611111111116,90.2,790
463,50.29777777777777,36.93555555555555,90.2,630
464,49.03055555555556,24.381388888888896,90.2,500
465,44.82638888888887,34.80333333333333,90.2,30
466,48.58277777777778,38.627777777777766,90.2,0
467,50.91166666666667,34.80444444444444,90.3,5000
468,51.22333333333333,24.01305555555555,90.3,2000
469,48.54472222222222,35.87583333333333,90.3,1600
470,44.839999999999996,34.99527777777777,90.3,600
471,48.135555555555555,37.74861111111112,90.3,550
472,49.20277777777779,31.866666666666667,90.3,320
473,47.248333333333335,34.33333333333334,90.3,320
474,48.63333333333333,24.564444444444444,90.3,130
475,45.38305555555556,32.54166666666667,90.3,59
476,47.59111111111113,37.51638888888889,90.3,0
477,46.65833333333334,32.61611111111111,90.4,7900
478,50.59916666666666,26.421111111111106,90.4,6300
479,49.998333333333335,36.25111111111111,90.4,5000
480,47.084722222222226,37.52722222222223,90.4,5000
481,44.57833333333333,33.567499999999995,90.4,2800
482,47.91166666666667,33.41833333333333,90.4,2500
483,49.791944444444454,24.085555555555555,90.4,2500
484,48.81361111111113,37.561388888888885,90.4,1500
485,48.6425,30.81833333333333,90.4,790
486,52.040277777777774,33.947777777777766,90.4,500
487,50.26722222222224,31.769166666666656,90.4,100
488,48.44833333333333,35.021666666666675,90.5,5000
489,49.234722222222224,28.42916666666666,90.5,2500
490,51.14083333333335,34.32416666666668,90.5,1300
491,49.451944444444436,36.83777777777779,90.5,500
492,44.66333333333332,34.40194444444444,90.5,300
493,50.29833333333333,28.667777777777776,90.6,5000
494,50.748055555555574,25.32388888888888,90.6,4500
495,46.8186111111111,35.33555555555555,90.6,3200
496,48.94083333333332,38.49583333333333,90.6,3200
497,49.44055555555556,32.01416666666666,90.6,2000
498,44.94805555555555,34.141944444444455,90.6,1900
499,46.43138888888888,30.715,90.6,1100
500,48.295555555555545,25.842222222222226,90.6,500
501,48.91722222222221,24.708333333333325,90.6,450
502,48.74222222222222,30.191388888888888,90.6,320
503,48.26583333333335,24.365833333333324,90.6,320
504,49.05749999999999,39.64638888888889,90.6,300
505,49.18305555555556,36.91416666666666,90.6,100
506,48.03944444444443,37.367222222222225,90.7,15000
507,47.980555555555554,37.78416666666667,90.7,5000
508,48.67611111111111,33.136944444444445,90.7,3200
509,48.38055555555555,31.16527777777778,90.7,2000
510,51.29750000000001,30.925000000000004,90.7,320
511,44.839999999999996,34.99527777777777,90.7,300
512,49.18638888888888,29.55527777777778,90.7,130
513,45.890555555555565,34.446111111111115,90.8,15000
514,48.570555555555565,39.30333333333333,90.8,5000
515,49.87361111111111,30.889999999999993,90.8,3200
516,48.86388888888889,39.131111111111125,90.8,3000
517,46.94805555555555,32.04944444444443,90.8,2500
518,49.666388888888896,36.353611111111114,90.8,1600
519,49.613333333333344,25.688888888888883,90.8,1000
520,44.57833333333333,33.567499999999995,90.8,560
521,46.185833333333335,30.35111111111111,90.8,500
522,46.16749999999999,34.78722222222223,90.8,500
523,45.713611111111106,34.37222222222223,90.8,0
524,48.62694444444444,38.5075,90.8,0
525,48.44833333333333,35.021666666666675,90.9,4500
526,50.59916666666666,26.421111111111106,90.9,4500
527,49.234722222222224,28.42916666666666,90.9,4000
528,48.81361111111113,37.561388888888885,90.9,3000
529,51.02055555555557,31.875277777777775,90.9,2800
530,50.93527777777777,34.802499999999995,90.9,2500
531,48.33166666666666,30.216388888888893,90.9,790
532,47.959999999999994,32.51222222222222,90.9,790
533,48.5361111111111,25.851666666666667,90.9,790
534,49.24611111111111,23.850277777777784,90.9,500
535,46.76444444444443,36.787777777777784,90.9,450
536,49.461666666666666,32.03527777777777,91.0,5600
537,48.91722222222221,24.708333333333325,91.0,5000
538,46.86055555555556,35.379444444444445,91.0,2500
539,46.45,30.741111111111103,91.0,2000
540,47.37916666666666,34.98222222222222,91.0,1400
541,50.108888888888906,27.532777777777774,91.0,1300
542,51.19972222222223,24.664722222222217,91.0,1000
543,49.850555555555545,37.67555555555555,91.0,320
544,49.907777777777774,38.285,91.0,320
545,49.489999999999995,37.10249999999999,91.0,100
546,48.35777777777777,26.755833333333335,91.0,100
547,50.047222222222224,37.416666666666664,91.0,0
548,44.90666666666666,34.122777777777785,91.1,5000
549,50.29833333333333,28.667777777777776,91.1,5000
550,49.84777777777779,24.036666666666665,91.1,4300
551,47.91166666666667,33.41833333333333,91.1,4000
552,48.717777777777776,30.191388888888888,91.1,1400
553,47.084722222222226,37.52722222222223,91.1,1000
554,48.54472222222222,35.87583333333333,91.1,1000
555,48.32166666666667,25.09027777777778,91.1,890
556,51.14083333333335,34.32416666666668,91.1,500
557,48.92111111111111,38.40277777777778,91.1,500
558,44.66333333333332,34.40194444444444,91.1,320
559,49.44833333333333,26.980277777777783,91.1,250
560,49.563055555555536,34.08388888888888,91.1,250
561,49.053055555555574,22.970555555555553,91.1,89
562,47.59916666666666,38.016666666666666,91.1,0
563,49.98750000000002,36.25500000000001,91.2,5000
564,51.86388888888889,33.48583333333334,91.2,3200
565,45.946111111111115,33.8036111111111,91.2,3000
566,45.30888888888888,36.445,91.2,2800
567,49.559722222222234,25.64583333333333,91.2,2200
568,47.84027777777778,35.14583333333333,91.2,1600
569,48.488055555555555,32.25861111111112,91.2,1300
570,49.210000000000015,39.565555555555555,91.2,300
571,44.57833333333333,33.567499999999995,91.3,6300
572,48.60777777777777,39.35027777777777,91.3,5000
573,50.91166666666667,34.80444444444444,91.3,5000
574,49.23777777777777,28.48111111111111,91.3,2500
575,48.295555555555545,25.842222222222226,91.3,1300
576,48.05194444444446,30.88638888888888,91.3,1300
577,49.18638888888888,35.20916666666666,91.3,1300
578,50.93805555555556,31.57888888888889,91.3,1000
579,48.67611111111111,33.136944444444445,91.3,560
580,46.65833333333334,32.61611111111111,91.3,500
581,48.81361111111113,37.561388888888885,91.3,500
582,44.45916666666666,33.665833333333325,91.3,3
583,46.43138888888888,30.715,91.4,4200
584,49.461666666666666,32.03527777777777,91.4,4000
585,51.49916666666666,31.28833333333334,91.4,2500
586,48.44833333333333,35.021666666666675,91.4,1100
587,48.03944444444443,37.367222222222225,91.4,1000
588,47.32361111111111,33.31916666666667,91.4,1000
589,51.48305555555556,23.91694444444445,91.4,790
590,52.147222222222226,33.95555555555556,91.4,500
591,50.12222222222224,26.119444444444454,91.4,500
592,49.20611111111112,23.169722222222212,91.4,280
593,49.426666666666655,23.023333333333326,91.4,220
594,47.980555555555554,37.78416666666667,91.4,0
595,50.748055555555574,25.32388888888888,91.5,5000
596,49.84777777777779,24.036666666666665,91.5,4600
597,46.95444444444444,32.07222222222223,91.5,3500
598,46.76444444444443,36.787777777777784,91.5,3200
599,44.90666666666666,34.122777777777785,91.5,2800
600,48.717777777777776,30.191388888888888,91.5,2500
601,50.29833333333333,28.667777777777776,91.5,2500
602,48.570555555555565,39.30333333333333,91.5,1500
603,47.646666666666654,34.64888888888888,91.5,1000
604,47.58083333333334,34.35833333333334,91.5,1000
605,47.248333333333335,34.33333333333334,91.5,1000
606,51.14916666666669,32.86611111111111,91.5,790
607,48.58416666666666,37.97333333333333,91.5,630
608,49.850555555555545,37.67555555555555,91.5,500
609,48.22361111111111,23.240833333333335,91.5,500
610,50.06694444444445,35.1388888888889,91.5,500
611,47.83277777777778,30.25888888888888,91.5,500
612,44.80611111111112,34.696111111111115,91.5,180
613,48.239999999999995,25.18833333333333,91.5,100
614,47.91166666666667,33.41833333333333,91.6,6300
615,48.534166666666685,22.39472222222223,91.6,5000
616,50.47111111111111,30.45333333333333,91.6,4000
617,45.30888888888888,36.445,91.6,3200
618,48.10611111111109,39.349722222222226,91.6,3200
619,51.14083333333335,34.32416666666668,91.6,1600
620,47.22999999999999,35.72861111111111,91.6,1400
621,46.173611111111114,34.779166666666676,91.6,1300
622,49.98277777777778,36.325555555555546,91.6,1300
623,48.86388888888889,39.131111111111125,91.6,900
624,48.596111111111114,24.584722222222226,91.6,320
625,49.559722222222234,25.64583333333333,91.7,5000
626,46.84861111111112,34.36805555555556,91.7,3200
627,44.59027777777778,33.4913888888889,91.7,1400
628,50.59055555555556,27.615277777777784,91.7,1000
629,45.845,29.615,91.7,450
630,51.53333333333333,30.866666666666667,91.7,320
631,49.27777777777779,23.387500000000003,91.7,180
632,48.54166666666667,37.711944444444455,91.8,6000
633,48.295555555555545,25.842222222222226,91.8,5000
634,48.518333333333345,32.201666666666675,91.8,5000
635,46.43138888888888,30.715,91.8,5000
636,48.30222222222222,38.03861111111111,91.8,3000
637,51.21638888888889,24.66583333333334,91.8,2500
638,50.25305555555555,36.92972222222222,91.8,400
639,49.015,23.13944444444445,91.8,280
640,50.58277777777778,34.48555555555556,91.8,100
641,44.86166666666667,34.81722222222222,91.8,56
642,48.570555555555565,39.30333333333333,91.9,5000
643,49.8,30.116666666666667,91.9,3200
644,49.791944444444454,24.085555555555555,91.9,3200
645,48.44361111111111,35.048611111111114,91.9,2500
646,50.59916666666666,26.421111111111106,91.9,2500
647,48.83722222222221,39.6425,91.9,1500
648,44.90666666666666,34.122777777777785,91.9,1400
649,50.93527777777777,34.802499999999995,91.9,1300
650,48.03638888888888,24.14694444444445,91.9,630
651,48.32416666666668,29.888888888888882,91.9,500
652,46.68722222222223,35.143055555555556,91.9,400
653,48.74222222222222,39.22138888888889,91.9,0
654,46.98694444444445,31.928333333333335,92.0,3500
655,47.980555555555554,37.78416666666667,92.0,3200
656,48.03944444444443,37.367222222222225,92.0,3000
657,49.241388888888885,28.423888888888897,92.0,2500
658,47.56611111111111,34.40222222222222,92.0,1400
659,49.029722222222205,25.79722222222222,92.0,1300
660,51.494722222222215,31.288888888888895,92.0,500
661,49.76638888888889,38.59583333333334,92.0,500
662,47.713333333333324,29.53833333333333,92.0,450
663,44.6,34.31666666666667,92.0,30
664,49.44055555555556,32.01416666666666,92.1,5000
665,48.92111111111111,38.40277777777778,92.1,3200
666,50.38444444444444,24.21916666666667,92.1,1300
667,48.44555555555557,24.567777777777778,92.1,560
668,48.2,22.64027777777778,92.1,500
669,50.28805555555556,29.5,92.1,500
670,48.30222222222222,26.62472222222222,92.1,320
671,47.5013888888889,34.654444444444444,92.1,0
672,48.74777777777779,39.26083333333333,92.1,0
673,49.98277777777778,36.325555555555546,92.2,5000
674,45.33361111111112,28.872777777777785,92.2,2000
675,51.02055555555557,31.875277777777775,92.2,1400
676,47.33750000000001,29.75333333333333,92.2,1400
677,46.6363888888889,32.60555555555556,92.2,1300
678,49.48388888888888,24.118055555555546,92.2,500
679,48.06694444444445,30.85777777777777,92.2,500
680,48.322222222222216,33.2488888888889,92.2,500
681,48.44861111111111,25.560000000000002,92.2,500
682,44.85138888888889,34.97249999999999,92.2,300
683,45.350555555555566,35.73222222222222,92.2,300
684,44.739722222222234,33.67861111111111,92.2,30
685,49.451944444444436,36.83777777777779,92.2,0
686,47.980555555555554,37.78416666666667,92.3,4000
687,44.95138888888889,34.13055555555557,92.3,3000
688,49.12527777777776,33.43277777777777,92.3,2500
689,48.435833333333335,38.226666666666674,92.3,1500
690,51.89166666666667,31.596388888888896,92.3,1000
691,46.8186111111111,35.33555555555555,92.3,790
692,50.33500000000001,26.508888888888894,92.3,500
693,48.42972222222223,22.2263888888889,92.3,320
694,48.91722222222221,24.708333333333325,92.3,320
695,51.944722222222246,33.77444444444445,92.3,320
696,50.46611111111111,30.505277777777778,92.4,10000
697,46.38138888888888,33.534444444444446,92.4,5000
698,45.9586111111111,29.417777777777776,92.4,3200
699,48.86388888888889,39.131111111111125,92.4,3000
700,47.713333333333324,29.53833333333333,92.4,2800
701,49.57388888888887,34.568888888888885,92.4,2500
702,49.84777777777779,24.036666666666665,92.4,790
703,48.296944444444435,24.460833333333344,92.4,560
704,49.241388888888885,28.423888888888897,92.4,450
705,48.58277777777778,38.627777777777766,92.4,0
706,50.02083333333332,29.001944444444437,92.5,1000
707,49.575555555555574,22.845277777777785,92.5,890
708,51.77472222222222,32.253333333333345,92.5,790
709,48.25777777777777,37.199166666666656,92.5,560
710,48.67111111111111,25.483888888888888,92.5,500
711,49.51138888888889,36.56611111111111,92.5,200
712,49.8488888888889,38.52138888888889,92.5,100
713,48.570555555555565,39.30333333333333,92.5,0
714,47.565,31.361388888888886,92.6,3200
715,49.964722222222214,33.61083333333334,92.6,1400
716,50.30083333333335,31.47111111111112,92.6,1300
717,50.40694444444444,25.850277777777784,92.6,1000
718,49.98277777777778,36.325555555555546,92.6,1000
719,44.63999999999999,34.384722222222216,92.6,750
720,49.210000000000015,39.565555555555555,92.6,630
721,48.01305555555556,25.90638888888889,92.6,200
722,50.4611111111111,29.812500000000007,92.6,130
723,48.30222222222222,38.03861111111111,92.6,0
724,47.12888888888888,38.089722222222235,92.6,0
725,51.19972222222223,24.664722222222217,92.7,1800
726,48.69166666666665,38.39416666666666,92.7,1500
727,49.05888888888888,33.23583333333334,92.7,560
728,49.731111111111126,28.796111111111113,92.7,500
729,50.33750000000001,35.15722222222222,92.7,500
730,46.856944444444444,30.95527777777778,92.7,500
731,50.46611111111111,30.505277777777778,92.8,5000
732,46.84833333333333,33.666944444444454,92.8,4000
733,49.02527777777779,23.879722222222217,92.8,350
734,48.44833333333333,35.021666666666675,92.9,5000
735,50.944722222222246,34.79944444444444,92.9,5000
736,49.51777777777777,23.2,92.9,500
737,48.08083333333334,38.60138888888889,92.9,500
738,50.49027777777778,24.75444444444444,92.9,320
739,48.89583333333333,22.4575,92.9,200
740,52.178333333333335,32.57833333333333,93.0,3200
741,46.16749999999999,34.78722222222223,93.0,2000
742,50.09222222222221,25.713333333333335,93.0,1000
743,49.382777777777775,24.13749999999999,93.0,500
744,44.66333333333332,34.40194444444444,93.0,300
745,48.25777777777777,24.918333333333333,93.0,140
746,49.98277777777778,36.325555555555546,93.1,5000
747,47.414444444444435,37.9925,93.1,3200
748,50.39750000000001,24.225277777777777,93.1,500
749,48.87888888888888,33.194166666666675,93.1,500
750,45.211666666666666,33.39944444444444,93.1,300
751,48.516666666666666,22.93861111111111,93.1,100
752,50.047222222222224,37.416666666666664,93.1,0
753,49.613333333333344,25.688888888888883,93.2,1000
754,46.31027777777778,30.65666666666666,93.2,500
755,48.03638888888888,24.14694444444445,93.2,100
756,49.84777777777779,24.036666666666665,93.3,5000
757,48.570555555555565,39.30333333333333,93.3,3000
758,47.95111111111111,32.54749999999999,93.3,500
759,48.10333333333333,22.835555555555565,93.3,200
760,48.295555555555545,25.842222222222226,93.4,5000
761,46.95444444444444,32.07222222222223,93.4,5000
762,49.8,30.116666666666667,93.4,3200
763,49.12527777777776,33.43277777777777,93.4,3200
764,49.053055555555574,22.970555555555553,93.4,130
765,44.700277777777785,34.39416666666666,93.5,3200
766,46.76444444444443,36.787777777777784,93.5,3200
767,50.26722222222224,31.769166666666656,93.5,3200
768,47.91166666666667,33.41833333333333,93.5,2500
769,47.94027777777778,38.93333333333333,93.5,0
770,46.16749999999999,34.78722222222223,93.5,0
771,48.53194444444445,35.86888888888889,93.6,3200
772,48.59805555555555,22.31305555555555,93.6,2800
773,50.233333333333334,23.618611111111104,93.6,320
774,50.49027777777778,24.75444444444444,93.7,3200
775,48.91527777777776,23.096388888888896,93.7,320
776,48.31194444444445,23.042222222222215,93.7,200
777,48.13999999999999,24.810000000000002,93.7,100
778,48.31416666666667,38.524166666666666,93.7,0
779,47.59916666666666,38.016666666666666,93.7,0
780,47.084722222222226,37.52722222222223,93.8,3200
781,50.46611111111111,30.505277777777778,93.8,2500
782,46.74666666666668,33.37055555555556,93.8,1000
783,48.46916666666667,25.168611111111115,93.8,500
784,46.185833333333335,30.35111111111111,93.9,3200
785,49.27777777777779,23.387500000000003,93.9,2000
786,48.230555555555554,22.74555555555556,93.9,320
787,48.292222222222215,24.55638888888889,93.9,320
788,48.72500000000001,38.63250000000001,93.9,30
789,47.065,32.79333333333332,94.0,3200
790,47.980555555555554,37.78416666666667,94.0,3000
791,50.05083333333333,23.978333333333335,94.0,500
792,46.8186111111111,35.33555555555555,94.0,0
793,48.064444444444455,37.666666666666664,94.0,0
794,47.84027777777778,35.14583333333333,94.1,5000
795,51.356944444444444,28.803888888888885,94.1,3200
796,48.534166666666685,22.39472222222223,94.1,1400
797,46.08611111111112,32.54749999999999,94.1,1300
798,51.48305555555556,23.91694444444445,94.1,1000
799,46.16749999999999,34.78722222222223,94.1,900
800,50.760833333333316,35.26083333333333,94.1,750
801,50.281111111111095,27.65972222222222,94.2,3200
802,49.91611111111111,28.608055555555556,94.2,3200
803,50.46611111111111,30.505277777777778,94.2,1100
804,44.57944444444445,34.32111111111112,94.2,750
805,49.241388888888885,28.423888888888897,94.3,5000
806,47.084722222222226,37.52722222222223,94.3,3200
807,50.71388888888889,24.187777777777775,94.3,2000
808,45.692499999999995,28.630555555555556,94.3,1000
809,49.20611111111112,23.169722222222212,94.3,500
810,48.794166666666676,39.26749999999999,94.3,200
811,47.414444444444435,37.9925,94.3,0
812,46.65833333333334,32.61611111111111,94.4,5000
813,49.613333333333344,25.688888888888883,94.4,4500
814,49.5,30.75305555555556,94.4,3200
815,44.50222222222222,34.15555555555555,94.4,300
816,48.239999999999995,25.18833333333333,94.5,1000
817,48.15500000000001,26.243333333333336,94.5,500
818,48.6425,30.81833333333333,94.5,500
819,50.47111111111111,30.45333333333333,94.6,5000
820,46.84833333333333,33.666944444444454,94.6,3200
821,49.0763888888889,32.659722222222236,94.6,1000
822,49.945,23.387500000000003,94.6,500
823,49.132777777777775,24.700277777777785,94.6,320
824,44.6,34.31666666666667,94.6,30
825,47.12888888888888,38.089722222222235,94.6,0
826,49.44833333333333,26.980277777777783,94.7,5000
827,50.7738888888889,25.375277777777775,94.7,5000
828,49.17750000000001,37.28027777777778,94.7,500
829,50.49694444444444,31.77444444444445,94.7,400
830,48.430277777777775,22.752777777777776,94.7,350
831,49.05888888888888,33.23583333333334,94.8,2000
832,49.13583333333334,23.02972222222223,94.8,2000
833,50.80583333333333,30.28305555555556,94.8,320
834,46.08611111111112,32.54749999999999,94.8,320
835,44.50222222222222,34.15555555555555,94.8,300
836,49.91611111111111,28.608055555555556,94.9,3200
837,50.85666666666666,24.31805555555556,94.9,1000
838,50.36138888888888,30.93305555555556,94.9,180
839,51.494722222222215,31.288888888888895,95.0,5000
840,45.33361111111112,28.872777777777785,95.0,2000
841,49.048888888888875,37.55083333333334,95.0,500
842,50.082222222222235,29.921666666666663,95.0,320
843,44.87666666666668,33.86166666666667,95.0,30
844,47.20277777777779,37.30305555555556,95.0,0
845,47.1,37.81666666666667,95.0,0
846,48.570555555555565,39.30333333333333,95.1,3000
847,46.8186111111111,35.33555555555555,95.1,1500
848,50.46611111111111,30.505277777777778,95.2,5000
849,48.263888888888886,26.34638888888888,95.2,500
850,44.739722222222234,33.67861111111111,95.2,30
851,49.461666666666666,32.03527777777777,95.3,5000
852,49.83416666666668,24.048888888888886,95.3,5000
853,46.38138888888888,33.534444444444446,95.3,3200
854,48.03944444444443,37.367222222222225,95.3,3200
855,48.13749999999999,23.036666666666665,95.3,320
856,47.980555555555554,37.78416666666667,95.3,0
857,45.946111111111115,33.8036111111111,95.3,0
858,48.04527777777776,37.96750000000001,95.3,0
859,51.19972222222223,24.664722222222217,95.4,3200
860,45.33361111111112,28.872777777777785,95.4,2000
861,51.350555555555566,31.61194444444444,95.4,500
862,50.928333333333335,29.875833333333333,95.4,400
863,48.46916666666667,25.168611111111115,95.4,250
864,46.8186111111111,35.33555555555555,95.5,1500
865,48.62166666666668,22.290277777777778,95.5,790
866,48.06416666666667,25.715277777777782,95.5,200
867,47.56611111111111,34.40222222222222,95.6,3200
868,50.45138888888889,30.490277777777777,95.6,2900
869,49.575555555555574,22.845277777777785,95.6,1000
870,46.184444444444445,29.15305555555556,95.6,1000
871,48.69166666666665,38.39416666666666,95.6,800
872,44.46083333333332,34.06083333333334,95.6,750
873,47.713333333333324,29.53833333333333,95.6,320
874,45.021944444444436,35.40722222222223,95.6,300
875,48.03944444444443,37.367222222222225,95.7,6000
876,49.44833333333333,26.980277777777783,95.7,5000
877,47.980555555555554,37.78416666666667,95.7,3000
878,48.570555555555565,39.30333333333333,95.7,3000
879,50.62583333333333,32.393611111111106,95.7,1300
880,49.52694444444444,23.962222222222223,95.7,280
881,51.66083333333334,24.51388888888889,95.7,280
882,47.94527777777778,37.64333333333334,95.7,0
883,46.84833333333333,33.666944444444454,95.8,1300
884,48.86388888888889,39.131111111111125,95.8,1000
885,50.06972222222221,31.456111111111117,95.8,1000
886,50.50277777777779,29.243333333333336,95.8,1000
887,48.44555555555557,24.567777777777778,95.8,710
888,48.25777777777777,23.56916666666667,95.8,320
889,51.64138888888889,31.56277777777778,95.8,320
890,49.40722222222223,24.633611111111104,95.9,320
891,50.47111111111111,30.45333333333333,96.0,4500
892,47.084722222222226,37.52722222222223,96.0,3000
893,46.38138888888888,33.534444444444446,96.0,2500
894,48.92111111111111,38.40277777777778,96.0,300
895,48.44833333333333,35.021666666666675,96.1,5000
896,50.93527777777777,34.802499999999995,96.1,5000
897,51.60138888888889,24.97777777777778,96.1,3500
898,52.178333333333335,32.57833333333333,96.1,3200
899,48.570555555555565,39.30333333333333,96.1,3000
900,45.692499999999995,28.630555555555556,96.1,2000
901,49.613333333333344,25.688888888888883,96.1,2000
902,50.760833333333316,35.26083333333333,96.1,750
903,45.442777777777785,32.797777777777775,96.1,560
904,47.59916666666666,38.016666666666666,96.1,0
905,44.95138888888889,34.13055555555557,96.2,3000
906,46.63999999999999,32.62638888888888,96.2,2500
907,49.57388888888887,34.568888888888885,96.2,2500
908,51.02055555555557,31.875277777777775,96.2,2200
909,50.7738888888889,25.375277777777775,96.2,1600
910,48.86388888888889,39.131111111111125,96.2,1400
911,49.570555555555565,28.01388888888889,96.2,500
912,48.3611111111111,22.399722222222227,96.2,320
913,48.33166666666666,30.216388888888893,96.3,2000
914,51.69861111111111,30.658055555555556,96.3,1000
915,48.018611111111106,25.05666666666666,96.3,500
916,48.58416666666666,37.97333333333333,96.3,300
917,48.43694444444445,38.77611111111111,96.3,0
918,46.38138888888888,33.534444444444446,96.4,6300
919,50.46611111111111,30.505277777777778,96.4,4600
920,44.50222222222222,34.15555555555555,96.4,300
921,45.713611111111106,34.37222222222223,96.4,0
922,45.946111111111115,33.8036111111111,96.4,0
923,48.295555555555545,25.842222222222226,96.5,5000
924,47.94527777777778,37.64333333333334,96.5,2500
925,47.59111111111113,37.51638888888889,96.5,790
926,45.5425,33.06861111111112,96.5,600
927,48.2786111111111,31.856944444444444,96.5,500
928,49.12527777777776,33.43277777777777,96.6,3200
929,50.30083333333335,31.47111111111112,96.6,1300
930,49.09694444444446,29.21416666666666,96.6,1000
931,48.69166666666665,38.39416666666666,96.6,800
932,45.021944444444436,35.40722222222223,96.6,300
933,44.95138888888889,34.13055555555557,96.6,300
934,49.98277777777778,36.325555555555546,96.7,5000
935,49.72333333333333,29.209444444444447,96.7,1000
936,47.37916666666666,34.98222222222222,96.8,6000
937,49.016666666666666,26.360555555555557,96.8,2200
938,50.47111111111111,30.45333333333333,96.8,1400
939,44.50222222222222,34.15555555555555,96.8,300
940,48.602500000000006,37.53138888888889,96.8,150
941,47.12888888888888,38.089722222222235,96.8,0
942,49.964722222222214,33.61083333333334,96.9,3200
943,48.14444444444446,24.841388888888886,96.9,1000
944,48.596111111111114,24.584722222222226,96.9,320
945,47.59111111111113,37.51638888888889,97.0,5100
946,49.84777777777779,24.036666666666665,97.0,5000
947,48.51444444444443,34.58861111111111,97.0,3200
948,50.56222222222224,32.4,97.0,3200
949,48.03944444444443,37.367222222222225,97.0,3000
950,51.583333333333336,26.483333333333334,97.0,2000
951,47.33750000000001,29.75333333333333,97.0,1000
952,48.827499999999986,32.477500000000006,97.0,500
953,47.99555555555555,25.58944444444444,97.0,320
954,50.043611111111105,36.235,97.1,5000
955,51.494722222222215,31.288888888888895,97.1,3200
956,46.8186111111111,35.33555555555555,97.1,3200
957,49.48944444444445,29.300277777777772,97.1,500
958,48.58555555555555,31.297500000000007,97.1,500
959,50.87305555555557,27.81083333333333,97.1,500
960,48.156388888888905,38.96305555555555,97.1,0
961,50.47333333333335,30.459166666666665,97.2,5000
962,46.185833333333335,30.35111111111111,97.2,3200
963,48.692499999999995,33.13999999999999,97.2,3200
964,49.13583333333334,23.02972222222223,97.2,3200
965,50.49027777777778,24.75444444444444,97.2,2000
966,48.69166666666665,38.39416666666666,97.2,800
967,48.05222222222222,23.38222222222222,97.2,320
968,50.20944444444442,34.358611111111095,97.2,320
969,48.63999999999999,38.42055555555555,97.2,300
970,47.79333333333332,25.02972222222223,97.2,140
971,47.014166666666675,34.92083333333332,97.2,100
972,47.94027777777778,38.93333333333333,97.2,0
973,48.430277777777775,22.752777777777776,97.3,560
974,48.44555555555557,24.567777777777778,97.3,500
975,48.02694444444444,26.07472222222222,97.3,450
976,47.84027777777778,35.14583333333333,97.4,5000
977,48.36472222222221,30.392222222222227,97.4,3200
978,51.48305555555556,23.91694444444445,97.4,1000
979,49.78972222222221,23.163888888888888,97.4,350
980,47.980555555555554,37.78416666666667,97.5,5000
981,49.91472222222222,28.595000000000002,97.5,3200
982,49.40722222222223,24.633611111111104,97.5,1000
983,48.135555555555555,37.74861111111112,97.5,790
984,50.56222222222224,32.4,97.5,450
985,50.47333333333335,30.459166666666665,97.6,5000
986,47.084722222222226,37.52722222222223,97.6,3200
987,50.17611111111111,35.51083333333333,97.6,1000
988,49.929999999999986,23.577222222222225,97.6,320
989,48.96249999999999,38.991666666666674,97.6,100
990,46.63999999999999,32.62638888888888,97.7,5000
991,48.51472222222224,34.58111111111111,97.7,3200
992,49.41472222222222,36.84027777777778,97.7,1000
993,49.015,23.13944444444445,97.7,140
994,49.531666666666666,30.863333333333333,97.7,100
995,47.5013888888889,34.654444444444444,97.7,0
996,47.22999999999999,35.72861111111111,97.8,3200
997,50.38444444444444,24.21916666666667,97.8,500
998,45.470833333333346,28.288611111111113,97.8,500
999,50.748055555555574,25.32388888888888,97.9,5000
1000,49.241388888888885,28.423888888888897,97.9,5000
1001,48.534166666666685,22.39472222222223,97.9,2800
1002,49.099722222222226,33.413055555555566,97.9,2000
1003,48.4386111111111,26.84388888888888,97.9,1000
1004,51.16027777777777,31.864444444444445,97.9,1000
1005,46.24194444444443,33.30083333333334,97.9,500
1006,46.665,29.97499999999999,97.9,220
1007,50.47111111111111,30.45333333333333,98.0,5000
1008,48.10472222222222,37.46388888888889,98.0,3000
1009,50.122777777777785,26.837500000000002,98.0,2000
1010,49.048888888888875,37.55083333333334,98.0,1000
1011,48.39777777777776,37.850555555555545,98.0,1000
1012,45.5425,33.06861111111112,98.0,600
1013,49.3297222222222,23.29138888888889,98.0,500
1014,49.23611111111109,31.535555555555554,98.0,320
1015,44.74361111111111,33.880277777777785,98.0,30
1016,47.414444444444435,37.9925,98.0,0
1017,48.44833333333333,35.021666666666675,98.1,5000
1018,46.08611111111112,32.54749999999999,98.1,2500
1019,51.2025,29.08194444444445,98.1,1000
1020,48.86388888888889,39.131111111111125,98.1,900
1021,50.72833333333334,24.16277777777778,98.1,500
1022,51.339999999999996,26.623055555555556,98.1,500
1023,50.29833333333333,28.667777777777776,98.2,5000
1024,50.02055555555557,33.02138888888888,98.2,3200
1025,51.494722222222215,31.288888888888895,98.2,1600
1026,49.30999999999999,39.83972222222222,98.2,1000
1027,47.94527777777778,37.64333333333334,98.2,280
1028,48.42083333333332,27.128055555555566,98.2,250
1029,45.38305555555556,32.54166666666667,98.2,59
1030,44.94527777777778,34.11333333333334,98.3,10000
1031,48.295555555555545,25.842222222222226,98.3,5000
1032,49.17750000000001,37.28027777777778,98.3,1000
1033,46.62305555555557,31.099444444444444,98.3,350
1034,48.04833333333333,23.693333333333324,98.3,200
1035,48.69166666666665,38.39416666666666,98.4,8000
1036,50.46555555555554,32.393611111111106,98.4,1000
1037,47.977777777777796,35.93305555555556,98.4,750
1038,50.82138888888889,25.890833333333333,98.4,500
1039,48.292222222222215,24.55638888888889,98.4,320
1040,49.27777777777779,23.387500000000003,98.4,200
1041,49.01222222222221,33.634722222222216,98.4,200
1042,48.08083333333334,38.60138888888889,98.4,0
1043,50.47111111111111,30.45333333333333,98.5,10000
1044,47.32361111111111,33.31916666666667,98.5,1400
1045,48.4386111111111,26.84388888888888,98.5,790
1046,50.40388888888887,24.232777777777777,98.5,500
1047,51.22666666666668,33.19083333333332,98.5,500
1048,45.040833333333346,35.35555555555556,98.5,320
1049,45.5425,33.06861111111112,98.5,300
1050,44.50222222222222,34.15555555555555,98.5,300
1051,47.45555555555555,37.86666666666668,98.5,0
1052,46.38138888888888,33.534444444444446,98.6,13000
1053,49.461666666666666,32.03527777777777,98.6,5000
1054,48.54166666666667,37.711944444444455,98.6,3200
1055,49.56055555555553,25.649722222222227,98.6,3200
1056,47.980555555555554,37.78416666666667,98.6,2500
1057,45.33361111111112,28.872777777777785,98.6,560
1058,51.89166666666667,31.596388888888896,98.6,400
1059,47.23888888888891,30.312222222222225,98.6,220
1060,49.241388888888885,28.423888888888897,98.7,2500
1061,51.744722222222215,25.487500000000004,98.7,2000
1062,47.91166666666667,33.41833333333333,98.7,1300
1063,44.94527777777778,34.11333333333334,98.7,600
1064,50.26722222222224,31.769166666666656,98.7,500
1065,49.59722222222222,34.535833333333336,98.7,320
1066,50.410833333333315,35.473888888888894,98.7,79
1067,49.512499999999996,39.546388888888885,98.7,32
1068,49.45777777777777,38.11833333333333,98.7,32
1069,46.94805555555555,32.04944444444443,98.8,2200
1070,48.25777777777777,37.199166666666656,98.8,2200
1071,49.8,30.116666666666667,98.8,1800
1072,50.711666666666666,25.808333333333337,98.8,1600
1073,49.80166666666668,24.891944444444444,98.8,1600
1074,49.12527777777776,33.43277777777777,98.8,1000
1075,49.26916666666667,23.490000000000006,98.8,630
1076,46.84861111111112,34.36805555555556,98.8,560
1077,48.430277777777775,22.752777777777776,98.8,500
1078,47.12888888888888,38.089722222222235,98.8,0
1079,48.67861111111112,38.51222222222222,98.8,0
1080,49.72861111111112,37.602777777777774,98.9,3200
1081,47.59166666666667,34.40861111111111,98.9,3200
1082,50.62583333333333,32.393611111111106,98.9,3200
1083,50.588055555555556,27.614444444444445,98.9,3200
1084,48.49611111111111,32.22861111111112,98.9,2500
1085,49.81666666666667,35.15722222222222,98.9,1300
1086,48.296944444444435,24.460833333333344,98.9,500
1087,49.03055555555556,24.381388888888896,98.9,320
1088,44.50222222222222,34.15555555555555,98.9,320
1089,45.040833333333346,35.35555555555556,98.9,300
1090,44.52083333333335,34.24777777777779,98.9,7
1091,50.47111111111111,30.45333333333333,99.0,10000
1092,46.65833333333334,32.61611111111111,99.0,5000
1093,49.44833333333333,26.980277777777783,99.0,5000
1094,47.980555555555554,37.78416666666667,99.0,1600
1095,48.71805555555556,37.60166666666667,99.0,1500
1096,49.0763888888889,32.659722222222236,99.0,790
1097,48.75027777777778,25.221944444444446,99.0,200
1098,49.03694444444442,23.514722222222215,99.0,32
1099,49.57388888888887,34.568888888888885,99.1,5000
1100,46.8186111111111,35.33555555555555,99.1,4000
1101,49.210000000000015,39.565555555555555,99.1,3200
1102,44.94527777777778,34.11333333333334,99.1,3000
1103,47.91166666666667,33.41833333333333,99.1,2500
1104,45.33361111111112,28.872777777777785,99.1,710
1105,50.073888888888895,37.37194444444443,99.1,560
1106,50.01222222222221,28.163333333333334,99.1,500
1107,50.28222222222221,24.621666666666663,99.1,100
1108,48.49055555555556,26.39027777777778,99.1,25
1109,47.37916666666666,34.98222222222222,99.1,0
1110,49.25027777777778,24.630277777777785,99.2,3200
1111,46.19027777777778,29.162222222222223,99.2,2800
1112,51.25444444444444,32.426666666666655,99.2,2500
1113,50.59916666666666,26.421111111111106,99.2,1600
1114,45.442777777777785,32.797777777777775,99.2,1400
1115,46.95444444444444,32.07222222222223,99.2,1400
1116,49.05888888888888,33.23583333333334,99.2,1400
1117,48.03472222222223,36.39611111111111,99.2,1000
1118,50.3186111111111,29.05416666666667,99.2,500
1119,52.21444444444443,33.28027777777778,99.2,250
1120,49.05083333333333,38.21194444444444,99.2,100
1121,48.74277777777778,39.22972222222223,99.2,100
1122,47.84027777777778,35.14583333333333,99.3,5200
1123,51.494722222222215,31.288888888888895,99.3,5000
1124,49.241388888888885,28.423888888888897,99.3,4500
1125,50.02055555555557,33.02138888888888,99.3,4000
1126,48.518333333333345,32.201666666666675,99.3,2500
1127,49.463333333333324,40.03055555555556,99.3,1000
1128,49.41472222222222,36.84027777777778,99.3,320
1129,44.50222222222222,34.15555555555555,99.3,320
1130,48.22361111111111,23.240833333333335,99.3,180
1131,48.19333333333332,25.719999999999995,99.3,50
1132,50.47333333333335,30.459166666666665,99.4,10000
1133,46.67583333333333,32.57916666666666,99.4,5600
1134,50.93527777777777,34.802499999999995,99.4,5000
1135,47.94527777777778,37.64333333333334,99.4,3400
1136,48.69166666666665,38.39416666666666,99.4,1500
1137,50.717777777777776,25.40611111111112,99.4,1000
1138,48.67611111111111,33.136944444444445,99.4,560
1139,49.35138888888889,23.506111111111107,99.4,320
1140,48.63333333333333,24.564444444444444,99.4,130
1142,44.94527777777778,34.11333333333334,99.5,5600
1143,48.91722222222221,24.708333333333325,99.5,5000
1144,52.178333333333335,32.57833333333333,99.5,3200
1145,48.83722222222221,39.6425,99.5,3000
1146,49.57388888888887,34.568888888888885,99.5,2500
1147,49.461666666666666,32.03527777777777,99.5,1800
1148,51.564444444444455,26.60194444444445,99.5,1800
1149,48.570555555555565,39.30333333333333,99.5,1400
1150,48.4586111111111,27.796388888888885,99.5,1000
1151,47.56611111111111,34.40222222222222,99.5,790
1152,47.59111111111113,37.51638888888889,99.5,600
1153,49.731111111111126,28.796111111111113,99.5,560
1154,46.71583333333332,36.36611111111111,99.5,500
1155,49.35472222222222,37.707777777777785,99.5,400
1156,44.85138888888889,34.97249999999999,99.5,300
1157,47.713333333333324,29.53833333333333,99.5,180
1158,50.25444444444444,24.534722222222214,99.5,79
1159,46.113611111111105,32.90750000000001,99.6,13000
1160,50.073888888888895,37.37194444444443,99.6,2500
1161,50.60166666666665,28.45527777777778,99.6,2000
1162,50.30777777777777,34.901666666666664,99.6,2000
1163,48.25777777777777,37.199166666666656,99.6,1500
1164,48.51305555555554,29.232777777777777,99.6,1300
1165,46.86055555555556,35.379444444444445,99.6,790
1166,49.099722222222226,33.413055555555566,99.6,560
1167,50.92583333333333,31.051388888888894,99.6,500
1168,50.082222222222235,29.921666666666663,99.6,200
1169,45.946111111111115,33.8036111111111,99.6,0
1170,48.89444444444443,36.26527777777778,99.7,3200
1171,51.22333333333333,24.01305555555555,99.7,1000
1172,49.739722222222234,31.43861111111111,99.7,910
1173,44.57833333333333,33.567499999999995,99.75,15000
1174,46.38138888888888,33.534444444444446,99.8,6300
1175,49.241388888888885,28.423888888888897,99.8,5000
1176,47.22999999999999,35.72861111111111,99.8,3200
1177,45.946111111111115,33.8036111111111,99.8,3000
1178,47.8311111111111,31.173055555555557,99.8,1100
1179,48.692499999999995,33.13999999999999,99.8,790
1180,48.00805555555556,23.7575,99.8,320
1181,48.239999999999995,25.18833333333333,99.8,320
1182,45.211666666666666,33.39944444444444,99.8,300
1183,45.82166666666665,29.289722222222224,99.8,280
1184,49.13583333333334,23.02972222222223,99.8,200
1185,51.769722222222235,32.25277777777779,99.9,4000
1186,47.56611111111111,34.40222222222222,99.9,2800
1187,48.455277777777795,38.80472222222221,99.9,710
1188,46.63999999999999,32.62638888888888,99.9,630
1189,49.38805555555556,24.134722222222226,99.9,630
1190,48.430277777777775,22.752777777777776,99.9,560
1191,48.602500000000006,37.53138888888889,99.9,320
1192,49.442499999999995,36.61194444444444,99.9,100
1193,50.47111111111111,30.45333333333333,100.0,23000
1194,48.295555555555545,25.842222222222226,100.0,5600
1195,47.980555555555554,37.78416666666667,100.0,3800
1196,47.94527777777778,37.64333333333334,100.0,3800
1197,49.57388888888887,34.568888888888885,100.0,3200
1198,48.518333333333345,32.201666666666675,100.0,2500
1199,50.284444444444446,26.855000000000008,100.0,2500
1200,48.03944444444443,37.367222222222225,100.0,1500
1201,49.68694444444445,39.00055555555556,100.0,500
1202,46.71305555555556,34.55,100.0,500
1203,51.84416666666667,33.480277777777786,100.0,500
1204,44.755833333333335,34.54777777777779,100.0,90
1205,47.37916666666666,34.98222222222222,100.0,0
1206,48.570555555555565,39.30333333333333,100.0,0
1207,48.36749999999999,29.39472222222223,100.1,5000
1208,46.95,32.06555555555557,100.1,3200
1209,44.94527777777778,34.11333333333334,100.1,3200
1210,50.02055555555557,33.02138888888888,100.1,2500
1211,50.717777777777776,25.40611111111112,100.1,2500
1212,46.113611111111105,32.90750000000001,100.1,1400
1213,49.03055555555556,24.381388888888896,100.1,1000
1214,49.40888888888888,26.943888888888893,100.1,1000
1215,45.021944444444436,35.40722222222223,100.1,500
1216,46.16749999999999,34.78722222222223,100.1,500
1217,48.018611111111106,25.05666666666666,100.1,500
1218,47.977777777777796,35.93305555555556,100.1,320
1219,50.073888888888895,37.37194444444443,100.1,320
1220,49.463333333333324,40.03055555555556,100.1,320
1221,48.64055555555554,38.36916666666667,100.1,300
1222,48.65555555555557,39.5013888888889,100.1,300
1223,48.85777777777777,36.53861111111111,100.1,100
1224,47.10833333333334,37.93333333333333,100.1,0
1225,51.2063888888889,27.658055555555556,100.2,7100
1226,45.82166666666665,29.289722222222224,100.2,5600
1227,47.91166666666667,33.41833333333333,100.2,5000
1228,49.44055555555556,32.01416666666666,100.2,1400
1229,44.503888888888895,34.15138888888888,100.2,1000
1230,49.904166666666654,24.666388888888893,100.2,710
1231,50.30777777777777,34.901666666666664,100.2,560
1232,49.24222222222222,23.361666666666668,100.2,500
1233,45.545555555555545,33.07722222222221,100.2,500
1234,49.28527777777777,38.86055555555556,100.2,500
1235,48.08083333333334,38.60138888888889,100.2,500
1236,48.54472222222222,35.87583333333333,100.2,400
1237,47.23888888888891,30.312222222222225,100.2,220
1238,48.44555555555557,24.567777777777778,100.2,140
1239,50.29777777777777,36.93555555555555,100.2,100
1240,48.156388888888905,38.96305555555555,100.2,0
1241,48.570555555555565,39.30333333333333,100.2,0
1242,45.30888888888888,36.445,100.3,6300
1243,50.56222222222224,32.4,100.3,5000
1244,47.85,35.143333333333324,100.3,4400
1245,49.241388888888885,28.423888888888897,100.3,4000
1246,48.71805555555556,37.60166666666667,100.3,2000
1247,51.83138888888888,30.717222222222222,100.3,2000
1248,50.71388888888889,24.187777777777775,100.3,1600
1249,49.016666666666666,26.360555555555557,100.3,1300
1250,47.9225,29.614444444444445,100.3,790
1251,49.68472222222223,30.475277777777777,100.3,500
1252,47.59111111111113,37.51638888888889,100.3,300
1253,47.79861111111109,25.16305555555555,100.3,130
1254,48.13333333333333,37.733333333333334,100.3,0
1255,47.37916666666666,34.98222222222222,100.3,0
1256,48.83722222222221,39.6425,100.4,15000
1257,48.91777777777778,24.719999999999995,100.4,4500
1258,46.76444444444443,36.787777777777784,100.4,3500
1259,46.43138888888888,30.715,100.4,3300
1260,45.21055555555556,33.35638888888889,100.4,3200
1261,48.05194444444446,30.88638888888888,100.4,1800
1262,50.82138888888889,25.890833333333333,100.4,500
1263,49.38138888888888,35.467499999999994,100.4,320
1264,49.064722222222215,32.09055555555555,100.4,250
1265,48.85722222222223,23.38833333333333,100.4,50
1266,50.47111111111111,30.45333333333333,100.5,6300
1267,48.00333333333333,37.865,100.5,5000
1268,49.998333333333335,36.25111111111111,100.5,5000
1269,50.40388888888887,24.232777777777777,100.5,3200
1270,48.60777777777777,39.35027777777777,100.5,3200
1271,48.44833333333333,35.021666666666675,100.5,2500
1272,48.49611111111111,32.22861111111112,100.5,1600
1273,45.021944444444436,35.40722222222223,100.5,1000
1274,48.39777777777776,37.850555555555545,100.5,900
1275,48.04833333333333,23.693333333333324,100.5,560
1276,50.099444444444444,25.726944444444452,100.5,320
1277,44.57916666666666,34.34861111111112,100.5,180
1278,49.426666666666655,23.023333333333326,100.5,160
1279,46.16749999999999,34.78722222222223,100.5,0
1280,47.59916666666666,38.016666666666666,100.5,0
1281,46.65833333333334,32.61611111111111,100.6,20000
1282,49.57388888888887,34.568888888888885,100.6,10000
1283,50.944444444444436,28.64944444444444,100.6,7900
1284,44.94527777777778,34.11333333333334,100.6,5600
1285,49.44833333333333,26.980277777777783,100.6,3200
1286,48.74222222222222,30.191388888888888,100.6,2500
1287,49.28527777777777,38.86055555555556,100.6,2200
1288,51.49916666666666,31.28833333333334,100.6,2000
1289,49.44194444444445,32.02972222222222,100.6,1800
1290,47.58083333333334,34.35833333333334,100.6,1000
1291,49.430277777777775,24.93111111111111,100.6,560
1292,49.269722222222214,23.49888888888889,100.6,560
1293,48.32166666666667,25.09027777777778,100.6,500
1294,50.52555555555557,25.04916666666667,100.6,320
1295,50.86388888888889,35.258333333333326,100.6,220
1296,47.5013888888889,34.654444444444444,100.6,0
1297,45.890555555555565,34.446111111111115,100.7,14000
1298,45.99888888888888,34.54888888888889,100.7,8900
1299,50.29833333333333,28.667777777777776,100.7,5600
1300,50.59916666666666,26.421111111111106,100.7,5000
1301,45.06249999999999,34.60555555555556,100.7,3200
1302,48.25944444444445,37.199166666666656,100.7,3200
1303,48.717777777777776,32.67916666666666,100.7,1600
1304,49.50500000000001,29.886666666666663,100.7,1400
1305,51.24694444444444,33.22333333333333,100.7,560
1306,48.75027777777778,25.221944444444446,100.7,500
1307,45.35,36.456111111111106,100.7,500
1308,47.23888888888891,30.312222222222225,100.7,500
1309,48.675000000000004,26.756111111111117,100.7,400
1310,47.08916666666667,37.519999999999996,100.8,5000
1311,46.95444444444444,32.07222222222223,100.8,5000
1312,47.84722222222222,35.143055555555556,100.8,5000
1313,44.59027777777778,33.4913888888889,100.8,3500
1314,49.84777777777779,24.036666666666665,100.8,3200
1315,50.91166666666667,34.80444444444444,100.8,2500
1316,48.97194444444443,31.36722222222222,100.8,2000
1317,50.02055555555557,33.02138888888888,100.8,1800
1318,45.9586111111111,29.417777777777776,100.8,560
1319,49.540277777777774,26.238611111111112,100.8,560
1320,49.19222222222221,37.27888888888889,100.8,500
1321,47.545,29.475000000000005,100.8,450
1322,49.38138888888888,35.467499999999994,100.8,250
1323,45.03027777777777,35.09305555555555,100.8,95
1324,44.86166666666667,34.81722222222222,100.8,33
1325,50.748055555555574,25.32388888888888,100.9,5000
1326,46.84833333333333,33.666944444444454,100.9,5000
1327,49.241388888888885,28.423888888888897,100.9,4500
1328,48.534166666666685,22.39472222222223,100.9,4300
1329,49.12527777777776,33.43277777777777,100.9,3200
1330,48.91777777777778,24.719999999999995,100.9,2200
1331,48.54472222222222,35.87583333333333,100.9,2000
1332,50.37027777777778,33.998333333333335,100.9,1000
1333,50.77583333333333,29.225555555555548,100.9,1000
1334,50.85777777777777,32.37694444444444,100.9,500
1335,48.05194444444446,30.88638888888888,100.9,500
1336,49.8,30.116666666666667,100.9,320
1337,51.57083333333335,34.07722222222221,100.9,250
1338,49.08000000000001,22.98249999999999,100.9,200
1339,47.12888888888888,38.089722222222235,100.9,0
1340,49.461666666666666,32.03527777777777,101.0,7900
1341,46.76444444444443,36.787777777777784,101.0,5000
1342,47.91166666666667,33.41833333333333,101.0,5000
1343,46.45,30.741111111111103,101.0,5000
1344,48.71805555555556,37.60166666666667,101.0,4500
1345,45.21055555555556,33.35638888888889,101.0,3200
1346,52.02416666666668,33.25111111111111,101.0,2800
1347,50.47638888888888,24.310277777777788,101.0,2200
1348,49.81666666666667,35.15722222222222,101.0,1300
1349,49.24555555555555,23.845833333333328,101.0,1300
1350,48.717777777777776,30.191388888888888,101.0,630
1351,45.713611111111106,34.37222222222223,101.0,600
1352,51.02555555555555,35.24416666666668,101.0,250
1353,48.35138888888889,23.927499999999995,101.0,100
1354,44.61805555555556,33.8875,101.0,30
1355,44.773333333333326,34.602500000000006,101.0,30
1356,48.44833333333333,35.021666666666675,101.1,5000
1357,50.46611111111111,30.505277777777778,101.1,3200
1358,48.86388888888889,39.131111111111125,101.1,3000
1359,45.021944444444436,35.40722222222223,101.1,2800
1360,49.998333333333335,36.25111111111111,101.1,2800
1361,49.55750000000001,25.56805555555555,101.1,2100
1362,48.570555555555565,39.30333333333333,101.1,2000
1363,51.24694444444444,33.22333333333333,101.1,560
1364,51.33416666666666,25.86694444444444,101.1,560
1365,48.684444444444445,29.236666666666675,101.1,400
1366,47.31388888888889,37.80416666666666,101.1,0
1367,47.980555555555554,37.78416666666667,101.2,5000
1368,49.44833333333333,26.980277777777783,101.2,5000
1369,44.90666666666666,34.122777777777785,101.2,5000
1370,47.980555555555554,37.78416666666667,101.2,3000
1371,45.35083333333333,28.837500000000002,101.2,2800
1372,46.86055555555556,35.379444444444445,101.2,2800
1373,48.58555555555555,31.297500000000007,101.2,2100
1374,46.65833333333334,32.61611111111111,101.2,1800
1375,48.295555555555545,25.842222222222226,101.2,1300
1376,47.58083333333334,34.35833333333334,101.2,1000
1377,47.248333333333335,34.33333333333334,101.2,1000
1378,49.50500000000001,29.886666666666663,101.2,790
1379,51.86749999999999,32.56444444444445,101.2,630
1380,48.22361111111111,23.240833333333335,101.2,500
1381,48.692499999999995,33.13999999999999,101.2,500
1382,49.463333333333324,40.03055555555556,101.24,3200
1383,49.59722222222222,34.535833333333336,101.3,13000
1384,50.25527777777776,28.6575,101.3,5600
1385,51.49388888888889,31.282777777777774,101.3,3500
1386,47.824166666666656,35.199444444444445,101.3,3200
1387,49.7086111111111,37.61638888888889,101.3,2500
1388,49.84777777777779,24.036666666666665,101.3,1600
1389,45.442777777777785,32.797777777777775,101.3,1400
1390,47.084722222222226,37.52722222222223,101.3,1300
1391,48.91777777777778,24.719999999999995,101.3,790
1392,49.0763888888889,32.659722222222236,101.3,320
1393,44.80611111111112,34.696111111111115,101.3,180
1394,44.390277777777776,33.73888888888889,101.3,160
1395,50.59916666666666,26.421111111111106,101.4,10000
1396,50.91166666666667,34.80444444444444,101.4,5600
1397,47.91277777777778,33.421666666666674,101.4,5000
1398,45.99888888888888,34.54888888888889,101.4,4500
1399,46.43138888888888,30.715,101.4,4200
1400,48.25777777777777,37.199166666666656,101.4,3500
1401,45.35,36.456111111111106,101.4,3200
1402,45.946111111111115,33.8036111111111,101.4,2500
1403,49.234722222222224,28.42916666666666,101.4,2200
1404,48.33166666666666,30.216388888888893,101.4,1000
1405,49.26916666666667,23.490000000000006,101.4,630
1406,50.123055555555545,32.415833333333325,101.4,500
1407,48.32166666666667,25.09027777777778,101.4,500
1408,48.111944444444454,39.34527777777779,101.4,500
1409,44.503888888888895,34.15138888888888,101.4,500
1410,49.54833333333333,30.476388888888888,101.4,320
1411,47.127777777777766,37.750000000000014,101.4,0
1412,50.46611111111111,30.505277777777778,101.5,13000
1413,45.278333333333336,34.88777777777777,101.5,5000
1414,49.559722222222234,25.64583333333333,101.5,5000
1415,49.98750000000002,36.25500000000001,101.5,4100
1416,48.518333333333345,32.201666666666675,101.5,2500
1417,51.48305555555556,23.91694444444445,101.5,2500
1418,48.92111111111111,38.40277777777778,101.5,2200
1419,46.74666666666668,33.37055555555556,101.5,2200
1420,48.44833333333333,35.021666666666675,101.5,2000
1421,44.59027777777778,33.4913888888889,101.5,2000
1422,49.67444444444444,33.73944444444444,101.5,1600
1423,48.67861111111112,26.586944444444434,101.5,710
1424,48.44555555555557,24.567777777777778,101.5,560
1425,49.24611111111111,22.82472222222222,101.5,200
1426,48.96277777777778,23.98111111111111,101.5,100
1427,48.570555555555565,39.30333333333333,101.5,0
1428,47.980555555555554,37.78416666666667,101.6,4500
1429,49.44055555555556,32.01416666666666,101.6,3200
1430,46.86055555555556,35.379444444444445,101.6,3200
1431,46.9338888888889,32.04138888888889,101.6,3200
1432,48.534166666666685,22.39472222222223,101.6,3200
1433,50.30777777777777,34.901666666666664,101.6,1800
1434,49.25027777777778,24.630277777777785,101.6,1600
1435,49.512499999999996,39.546388888888885,101.6,1400
1436,51.5686111111111,32.956944444444446,101.6,1300
1437,49.381111111111125,35.44055555555555,101.6,1000
1438,48.58277777777778,38.627777777777766,101.6,630
1439,44.63999999999999,34.384722222222216,101.6,560
1440,48.811111111111124,29.40194444444445,101.6,560
1441,50.71388888888889,24.187777777777775,101.6,560
1442,50.12222222222224,26.119444444444454,101.6,500
1443,47.5013888888889,34.654444444444444,101.6,320
1444,48.13333333333333,37.733333333333334,101.6,0
1445,44.94805555555555,34.141944444444455,101.7,4000
1446,50.29833333333333,28.667777777777776,101.7,4000
1447,49.84777777777779,24.036666666666665,101.7,3800
1448,49.12527777777776,33.43277777777777,101.7,3500
1449,48.71805555555556,37.60166666666667,101.7,3200
1450,47.084722222222226,37.52722222222223,101.7,2500
1451,48.736666666666665,30.17111111111112,101.7,1600
1452,49.43222222222224,27.02555555555556,101.7,1400
1453,50.66222222222221,32.91555555555556,101.7,1000
1454,47.55,30.75722222222223,101.7,560
1455,48.14444444444446,24.841388888888886,101.7,500
1456,46.113611111111105,32.90750000000001,101.7,300
1457,48.570555555555565,39.30333333333333,101.8,10000
1458,46.43138888888888,30.715,101.8,10000
1459,51.49916666666666,31.28833333333334,101.8,5000
1460,49.57388888888887,34.568888888888885,101.8,5000
1461,48.83722222222221,39.6425,101.8,1600
1462,49.241388888888885,28.423888888888897,101.8,1400
1463,47.657499999999985,33.71361111111112,101.8,1000
1464,47.846111111111114,35.143333333333324,101.8,930
1465,49.5,30.75305555555556,101.8,500
1466,45.040833333333346,35.35555555555556,101.8,500
1467,50.93527777777777,34.802499999999995,101.8,450
1468,48.46833333333335,25.57861111111111,101.8,350
1469,44.503888888888895,34.15138888888888,101.8,250
1470,48.253888888888895,28.30111111111111,101.8,200
1471,45.30888888888888,36.445,101.8,30
1472,47.37916666666666,34.98222222222222,101.8,0
1473,45.350555555555566,35.73222222222222,101.8,0
1474,46.66833333333332,32.62222222222222,101.9,5000
1475,50.7738888888889,25.375277777777775,101.9,5000
1476,50.47111111111111,30.45333333333333,101.9,2600
1477,48.58138888888888,27.449444444444442,101.9,2500
1478,47.22999999999999,35.72861111111111,101.9,1400
1479,48.22361111111111,23.240833333333335,101.9,1200
1480,49.029722222222205,25.79722222222222,101.9,500
1481,48.49611111111111,32.22861111111112,101.9,500
1482,51.2063888888889,27.658055555555556,101.9,500
1483,51.86388888888889,33.48583333333334,101.9,400
1484,49.68694444444445,39.00055555555556,101.9,300
1485,48.25666666666666,37.18027777777778,101.9,300
1486,44.57916666666666,34.34861111111112,101.9,0
1487,48.44833333333333,35.021666666666675,102.0,10000
1488,50.56222222222224,32.4,102.0,4000
1489,44.57833333333333,33.567499999999995,102.0,3500
1490,47.980555555555554,37.78416666666667,102.0,3200
1491,49.98750000000002,36.25500000000001,102.0,2800
1492,48.91722222222221,24.708333333333325,102.0,2500
1493,46.16749999999999,34.78722222222223,102.0,2200
1494,49.895277777777785,28.578333333333337,102.0,710
1495,48.92111111111111,38.40277777777778,102.0,560
1496,48.93861111111112,28.850833333333338,102.0,400
1497,49.205277777777766,31.86722222222222,102.0,320
1498,48.018611111111106,25.05666666666666,102.0,100
1499,45.03027777777777,35.09305555555555,102.0,95
1500,48.31416666666667,38.524166666666666,102.0,0
1501,46.95444444444444,32.07222222222223,102.1,13000
1502,49.44833333333333,26.980277777777783,102.1,6300
1503,49.84777777777779,24.036666666666665,102.1,4000
1504,47.980555555555554,37.78416666666667,102.1,3200
1505,46.76444444444443,36.787777777777784,102.1,2000
1506,45.97,33.79111111111111,102.1,2000
1507,49.099722222222226,33.413055555555566,102.1,2000
1508,47.33750000000001,29.75333333333333,102.1,1400
1509,48.717777777777776,30.191388888888888,102.1,1100
1510,52.06333333333332,31.184722222222213,102.1,1000
1511,50.37027777777778,33.998333333333335,102.1,1000
1512,51.356944444444444,28.803888888888885,102.1,1000
1513,44.63999999999999,34.384722222222216,102.1,600
1514,49.210000000000015,39.565555555555555,102.1,500
1515,49.907777777777774,38.285,102.1,500
1516,48.10722222222223,29.119444444444454,102.1,200
1517,48.84666666666668,23.443888888888893,102.1,50
1518,51.02055555555557,31.875277777777775,102.2,5000
1519,45.35,36.456111111111106,102.2,4000
1520,46.43138888888888,30.715,102.2,4000
1521,46.82638888888887,35.353611111111114,102.2,2500
1522,50.59916666666666,26.421111111111106,102.2,1800
1523,50.269722222222214,28.671944444444446,102.2,1800
1524,47.846111111111114,35.143333333333324,102.2,1000
1525,48.54472222222222,35.87583333333333,102.2,680
1526,48.75027777777778,25.221944444444446,102.2,500
1527,48.81361111111113,37.561388888888885,102.2,500
1528,48.03638888888888,24.14694444444445,102.2,40
1529,47.24194444444443,37.78944444444445,102.2,30
1530,50.27749999999998,32.92611111111111,102.2,13
1531,44.94527777777778,34.11333333333334,102.3,10000
1532,46.38138888888888,33.534444444444446,102.3,3200
1533,49.57388888888887,34.568888888888885,102.3,3000
1534,49.8,30.116666666666667,102.3,2500
1535,50.108888888888906,27.532777777777774,102.3,2500
1536,47.33611111111112,36.680277777777775,102.3,2200
1537,48.563055555555536,39.30944444444444,102.3,2000
1538,49.613333333333344,25.688888888888883,102.3,2000
1539,45.470833333333346,28.288611111111113,102.3,1000
1540,48.86388888888889,39.131111111111125,102.3,900
1541,48.558055555555555,23.50222222222222,102.3,500
1542,48.58138888888888,27.449444444444442,102.3,500
1543,45.040833333333346,35.35555555555556,102.3,450
1544,47.91277777777778,33.421666666666674,102.3,400
1545,44.84916666666666,34.97249999999999,102.3,300
1546,44.63999999999999,34.384722222222216,102.3,200
1547,44.40361111111111,34.001666666666665,102.3,76
1548,44.912499999999994,35.19055555555556,102.3,40
1549,49.98750000000002,36.25500000000001,102.4,5000
1550,48.295555555555545,25.842222222222226,102.4,3200
1551,47.59166666666667,34.40861111111111,102.4,3200
1552,48.534166666666685,22.39472222222223,102.4,3200
1553,49.461666666666666,32.03527777777777,102.4,2500
1554,51.494722222222215,31.288888888888895,102.4,2200
1555,50.717777777777776,25.40611111111112,102.4,2000
1556,49.68694444444445,39.00055555555556,102.4,1400
1557,48.54166666666667,37.711944444444455,102.4,790
1558,47.8311111111111,31.173055555555557,102.4,540
1559,48.30222222222222,38.03861111111111,102.4,500
1560,48.52222222222222,28.16583333333334,102.4,440
1561,48.47777777777777,34.00972222222223,102.4,100
1562,50.47111111111111,30.45333333333333,102.5,13000
1563,47.22999999999999,35.72861111111111,102.5,4000
1564,46.65833333333334,32.61611111111111,102.5,3200
1565,49.44305555555557,26.994166666666676,102.5,3200
1566,49.791944444444454,24.085555555555555,102.5,3200
1567,45.278333333333336,34.88777777777777,102.5,3000
1568,49.099722222222226,33.413055555555566,102.5,2500
1569,45.211666666666666,33.39944444444444,102.5,1800
1570,48.811111111111124,29.40194444444445,102.5,1300
1571,48.45333333333333,35.05444444444444,102.5,1100
1572,49.17750000000001,37.28027777777778,102.5,1000
1573,48.58277777777778,38.627777777777766,102.5,500
1574,50.215277777777786,34.322222222222216,102.5,320
1575,44.46083333333332,34.06083333333334,102.5,230
1576,51.84416666666667,33.480277777777786,102.5,170
1577,47.980555555555554,37.78416666666667,102.6,5000
1578,45.946111111111115,33.8036111111111,102.6,5000
1579,50.02055555555557,33.02138888888888,102.6,5000
1580,49.234722222222224,28.42916666666666,102.6,4500
1581,48.91777777777778,24.719999999999995,102.6,3200
1582,45.82166666666665,29.289722222222224,102.6,3200
1583,48.03944444444443,37.367222222222225,102.6,3000
1584,45.99888888888888,34.54888888888889,102.6,2000
1585,48.518333333333345,32.201666666666675,102.6,2000
1586,51.744722222222215,25.487500000000004,102.6,2000
1587,50.91166666666667,34.80444444444444,102.6,1600
1588,49.35749999999999,36.21944444444444,102.6,710
1589,49.28527777777777,38.86055555555556,102.6,630
1590,48.10722222222223,29.119444444444454,102.6,560
1591,45.35,36.456111111111106,102.6,320
1592,47.32861111111112,29.728611111111107,102.6,320
1593,48.85722222222223,23.38833333333333,102.6,280
1594,47.91166666666667,33.41833333333333,102.7,20000
1595,51.19972222222223,24.664722222222217,102.7,5000
1596,48.111944444444454,39.34527777777779,102.7,3000
1597,50.29833333333333,28.667777777777776,102.7,2800
1598,49.426666666666655,23.023333333333326,102.7,2000
1599,46.45,30.741111111111103,102.7,1800
1600,47.84027777777778,35.14583333333333,102.7,1100
1601,44.94527777777778,34.11333333333334,102.7,650
1602,49.57388888888887,34.568888888888885,102.7,630
1603,49.07472222222222,25.416666666666668,102.7,500
1604,49.06583333333332,30.97888888888889,102.7,500
1605,45.040833333333346,35.35555555555556,102.7,160
1606,44.8911111111111,34.988055555555555,102.7,30
1607,47.08916666666667,37.519999999999996,102.8,7600
1608,48.67861111111112,26.586944444444434,102.8,3200
1609,50.56222222222224,32.4,102.8,3200
1610,48.71805555555556,37.60166666666667,102.8,2500
1611,50.96416666666667,28.6611111111111,102.8,2000
1612,46.95,32.06555555555557,102.8,1800
1613,49.8038888888889,30.117499999999993,102.8,1000
1614,48.736666666666665,30.17111111111112,102.8,1000
1615,46.3686111111111,34.337500000000006,102.8,790
1616,49.790833333333346,24.78222222222222,102.8,790
1617,45.06249999999999,34.60555555555556,102.8,600
1618,50.30777777777777,34.901666666666664,102.8,520
1619,44.59027777777778,33.4913888888889,102.8,500
1620,48.25777777777777,24.918333333333333,102.8,160
1621,49.03833333333334,24.386666666666663,102.8,100
1622,45.713611111111106,34.37222222222223,102.8,0
1623,48.44833333333333,35.021666666666675,102.9,10000
1624,48.570555555555565,39.30333333333333,102.9,5100
1625,49.44055555555556,32.01416666666666,102.9,5000
1626,51.48749999999999,31.27583333333333,102.9,3500
1627,46.19222222222221,30.345555555555556,102.9,1400
1628,48.05194444444446,30.88638888888888,102.9,1000
1629,49.27777777777779,23.387500000000003,102.9,790
1630,50.3911111111111,25.28416666666667,102.9,630
1631,44.40333333333333,33.90999999999999,102.9,560
1632,49.92416666666668,27.746111111111112,102.9,500
1633,49.512499999999996,39.546388888888885,102.9,500
1634,49.35805555555555,29.695277777777786,102.9,500
1635,50.75555555555555,33.48694444444445,102.9,320
1636,44.665555555555564,34.40111111111111,102.9,190
1637,45.38305555555556,32.54166666666667,102.9,180
1638,44.503888888888895,34.15138888888888,102.9,160
1639,44.7,33.9825,102.9,30
1640,49.998333333333335,36.25111111111111,103.0,5600
1641,50.59916666666666,26.421111111111106,103.0,5000
1642,48.534166666666685,22.39472222222223,103.0,3500
1643,47.49194444444446,33.535833333333336,103.0,3200
1644,48.947500000000005,24.691388888888888,103.0,2500
1645,50.40499999999998,24.234166666666674,103.0,2000
1646,45.99888888888888,34.54888888888889,103.0,2000
1647,51.54750000000001,32.536388888888894,103.0,1600
1648,45.713611111111106,34.37222222222223,103.0,560
1649,49.91472222222222,28.595000000000002,103.0,350
1650,49.04111111111111,38.25361111111111,103.0,350
1651,45.211666666666666,33.39944444444444,103.0,160
1652,50.46611111111111,30.505277777777778,103.1,15000
1653,47.980555555555554,37.78416666666667,103.1,6000
1654,46.6363888888889,32.60555555555556,103.1,5000
1655,44.95138888888889,34.13055555555557,103.1,4300
1656,48.10833333333334,24.207777777777782,103.1,4000
1657,47.84722222222222,35.143055555555556,103.1,3300
1658,48.54166666666667,37.711944444444455,103.1,3000
1659,49.44305555555557,26.994166666666676,103.1,1800
1660,48.692499999999995,33.13999999999999,103.1,1800
1661,48.33166666666666,30.216388888888893,103.1,1300
1662,50.37027777777778,33.998333333333335,103.1,1300
1663,48.30222222222222,38.03861111111111,103.1,500
1664,49.534166666666685,38.73777777777779,103.1,350
1665,45.09666666666666,34.95749999999999,103.1,30
1666,47.12888888888888,38.089722222222235,103.1,0
1667,47.91166666666667,33.41833333333333,103.2,5000
1668,46.82638888888887,35.353611111111114,103.2,4600
1669,46.45,30.741111111111103,103.2,4000
1670,47.37916666666666,34.98222222222222,103.2,3500
1671,47.084722222222226,37.52722222222223,103.2,2800
1672,48.295555555555545,25.842222222222226,103.2,2500
1673,49.234722222222224,28.42916666666666,103.2,2200
1674,48.10611111111109,39.349722222222226,103.2,2000
1675,49.430277777777775,24.93111111111111,103.2,560
1676,49.08361111111112,30.887500000000003,103.2,500
1677,44.806388888888904,35.073888888888895,103.2,500
1678,49.36888888888889,35.44777777777778,103.2,400
1679,50.588055555555556,27.614444444444445,103.2,400
1680,45.06249999999999,34.60555555555556,103.2,300
1681,48.45472222222222,35.06,103.3,6300
1682,49.461666666666666,32.03527777777777,103.3,5000
1683,44.59027777777778,33.4913888888889,103.3,2800
1684,49.84777777777779,24.036666666666665,103.3,2500
1685,44.503888888888895,34.15138888888888,103.3,2000
1686,46.98694444444445,31.928333333333335,103.3,1600
1687,49.8038888888889,30.117499999999993,103.3,1000
1688,45.82166666666665,29.289722222222224,103.3,560
1689,48.283055555555556,37.18055555555554,103.3,500
1690,49.035555555555554,23.455833333333334,103.3,500
1691,49.85138888888889,26.46833333333333,103.3,500
1692,49.666388888888896,36.353611111111114,103.3,500
1693,48.94083333333332,38.49583333333333,103.3,350
1694,49.463333333333324,40.03055555555556,103.3,150
1695,48.156388888888905,38.96305555555555,103.3,0
1696,50.50166666666668,28.66527777777777,103.4,46000
1697,50.91166666666667,34.80444444444444,103.4,10000
1698,47.23888888888891,30.312222222222225,103.4,6300
1699,46.08611111111112,32.54749999999999,103.4,3200
1700,47.084722222222226,37.52722222222223,103.4,2800
1701,48.49611111111111,32.22861111111112,103.4,2500
1702,48.91722222222221,24.708333333333325,103.4,2200
1703,46.76444444444443,36.787777777777784,103.4,2000
1704,49.59722222222222,34.535833333333336,103.4,1600
1705,50.717777777777776,25.40611111111112,103.4,1400
1706,45.040833333333346,35.35555555555556,103.4,1300
1707,48.920277777777784,37.028055555555554,103.4,560
1708,48.730555555555554,30.206944444444446,103.4,370
1709,48.926666666666684,39.66916666666667,103.4,350
1710,44.63999999999999,34.384722222222216,103.4,300
1711,47.12888888888888,38.089722222222235,103.4,0
1712,49.559722222222234,25.64583333333333,103.5,6300
1713,49.12527777777776,33.43277777777777,103.5,5000
1714,46.84833333333333,33.666944444444454,103.5,5000
1715,47.980555555555554,37.78416666666667,103.5,4000
1716,45.21055555555556,33.35638888888889,103.5,3200
1717,51.49916666666666,31.28833333333334,103.5,2500
1718,50.00611111111112,36.2336111111111,103.5,1300
1719,49.50500000000001,29.886666666666663,103.5,1300
1720,49.45777777777777,38.11833333333333,103.5,750
1721,49.269722222222214,23.49888888888889,103.5,630
1722,47.71722222222221,37.58277777777778,103.5,300
1723,46.16749999999999,34.78722222222223,103.5,250
1724,48.195833333333326,23.85638888888889,103.5,100
1725,44.61805555555556,33.8875,103.5,30
1726,45.946111111111115,33.8036111111111,103.5,0
1727,50.46611111111111,30.505277777777778,103.6,6300
1728,45.30888888888888,36.445,103.6,5000
1729,47.084722222222226,37.52722222222223,103.6,2800
1730,47.713333333333324,29.53833333333333,103.6,2800
1731,48.295555555555545,25.842222222222226,103.6,2500
1732,49.44305555555557,26.994166666666676,103.6,2500
1733,48.570555555555565,39.30333333333333,103.6,1800
1734,48.86388888888889,39.131111111111125,103.6,1500
1735,47.91166666666667,33.41833333333333,103.6,1300
1736,47.565,31.361388888888886,103.6,1300
1737,51.86749999999999,32.56444444444445,103.6,560
1738,50.28222222222221,24.621666666666663,103.6,500
1739,45.74722222222222,33.2311111111111,103.6,500
1740,48.14444444444446,24.841388888888886,103.6,500
1741,48.43305555555556,24.536388888888894,103.6,500
1742,45.06249999999999,34.60555555555556,103.6,300
1743,44.7,33.9825,103.6,30
1744,47.84027777777778,35.14583333333333,103.7,5000
1745,46.65833333333334,32.61611111111111,103.7,4500
1746,49.461666666666666,32.03527777777777,103.7,4000
1747,49.241388888888885,28.423888888888897,103.7,3200
1748,46.8186111111111,35.33555555555555,103.7,2500
1749,50.59916666666666,26.421111111111106,103.7,2500
1750,49.463333333333324,40.03055555555556,103.7,2000
1751,49.18638888888888,35.20916666666666,103.7,1300
1752,49.18499999999999,37.27888888888889,103.7,710
1753,44.40833333333334,34.03138888888889,103.7,560
1754,49.05,25.766666666666666,103.7,500
1755,50.30777777777777,34.901666666666664,103.7,500
1756,48.25777777777777,37.199166666666656,103.7,500
1757,48.22472222222222,23.240555555555563,103.7,320
1758,44.9,34.11416666666667,103.7,280
1759,44.52083333333335,34.24777777777779,103.7,180
1760,44.57833333333333,33.567499999999995,103.7,100
1761,46.45,30.741111111111103,103.8,9600
1762,49.75833333333334,30.13111111111111,103.8,5000
1763,49.57388888888887,34.568888888888885,103.8,4000
1764,51.81444444444443,26.11722222222222,103.8,3500
1765,48.49611111111111,32.22861111111112,103.8,3200
1766,48.91777777777778,24.719999999999995,103.8,2500
1767,47.59111111111113,37.51638888888889,103.8,1500
1768,46.76444444444443,36.787777777777784,103.8,1300
1769,51.817222222222235,31.943888888888893,103.8,1000
1770,48.94083333333332,38.49583333333333,103.8,830
1771,48.52611111111111,35.87,103.8,810
1772,44.773333333333326,34.602500000000006,103.8,560
1773,47.980555555555554,37.78416666666667,103.8,500
1774,45.713611111111106,34.37222222222223,103.8,0
1775,48.111944444444454,39.34527777777779,103.8,0
1776,49.907777777777774,38.285,103.8,0
1777,47.22999999999999,35.72861111111111,103.9,7900
1778,48.81361111111113,37.561388888888885,103.9,5600
1779,51.21638888888889,24.66583333333334,103.9,5000
1780,50.29833333333333,28.667777777777776,103.9,5000
1781,45.21055555555556,33.35638888888889,103.9,4500
1782,51.49916666666666,31.28833333333334,103.9,2500
1783,49.84777777777779,24.036666666666665,103.9,2500
1784,49.12527777777776,33.43277777777777,103.9,2000
1785,48.68555555555555,29.206944444444446,103.9,2000
1786,48.50611111111112,26.405833333333334,103.9,400
1787,48.977500000000006,22.971944444444446,103.9,200
1788,51.22666666666668,33.19083333333332,103.9,180
1789,50.47111111111111,30.45333333333333,104.0,12000
1790,47.084722222222226,37.52722222222223,104.0,7900
1791,45.278333333333336,34.88777777777777,104.0,5000
1792,48.45472222222222,35.06,104.0,5000
1793,49.98750000000002,36.25500000000001,104.0,4500
1794,46.38138888888888,33.534444444444446,104.0,3200
1795,46.74666666666668,33.37055555555556,104.0,3200
1796,48.86388888888889,39.131111111111125,104.0,3000
1797,48.33166666666666,30.216388888888893,104.0,1000
1798,49.439444444444455,27.002500000000005,104.0,1000
1799,50.02055555555557,33.02138888888888,104.0,1000
1800,50.99416666666665,26.649722222222227,104.0,790
1801,49.03833333333334,24.386666666666663,104.0,560
1802,48.44555555555557,24.567777777777778,104.0,500
1803,50.07027777777778,25.15111111111111,104.0,400
1804,44.74361111111111,33.880277777777785,104.0,30
1805,46.94805555555555,32.04944444444443,104.1,5000
1806,49.234722222222224,28.42916666666666,104.1,3600
1807,49.461666666666666,32.03527777777777,104.1,3200
1808,47.980555555555554,37.78416666666667,104.1,3200
1809,49.559722222222234,25.64583333333333,104.1,3200
1810,47.84722222222222,35.143055555555556,104.1,2800
1811,50.477500000000006,34.92472222222222,104.1,2500
1812,45.99888888888888,34.54888888888889,104.1,2000
1813,45.35083333333333,28.837500000000002,104.1,2000
1814,48.234999999999985,28.872500000000002,104.1,2000
1815,48.570555555555565,39.30333333333333,104.1,1800
1816,48.534166666666685,22.39472222222223,104.1,1700
1817,48.03944444444443,37.367222222222225,104.1,1500
1818,48.32166666666667,25.09027777777778,104.1,890
1819,49.48388888888888,24.118055555555546,104.1,790
1820,51.02055555555557,31.875277777777775,104.1,710
1821,44.46972222222224,33.67388888888888,104.1,710
1822,48.525000000000006,23.501666666666665,104.1,500
1823,45.66194444444445,34.38083333333333,104.1,370
1824,45.890555555555565,34.446111111111115,104.1,370
1825,44.46083333333332,34.06083333333334,104.1,370
1826,49.24611111111111,22.82472222222222,104.1,280
1827,46.5988888888889,29.997777777777777,104.1,100
1828,51.84416666666667,33.480277777777786,104.1,100
1829,44.755833333333335,34.54777777777779,104.1,30
1830,47.37916666666666,34.98222222222222,104.1,0
1831,46.8186111111111,35.33555555555555,104.1,0
1832,51.356944444444444,28.803888888888885,104.2,20000
1833,49.28527777777777,38.86055555555556,104.2,4000
1834,49.74611111111111,27.176388888888887,104.2,2000
1835,48.4586111111111,27.796388888888885,104.2,1800
1836,48.54472222222222,35.87583333333333,104.2,790
1837,48.50027777777778,32.24694444444444,104.2,710
1838,45.040833333333346,35.35555555555556,104.2,500
1839,49.67444444444444,33.73944444444444,104.2,400
1840,47.208611111111125,30.924722222222222,104.2,280
1841,47.71722222222221,37.58277777777778,104.2,0
1842,48.56249999999999,38.645,104.2,0
1843,47.59916666666666,38.016666666666666,104.2,0
1844,47.460000000000015,36.2461111111111,104.3,7900
1845,49.8,30.116666666666667,104.3,6300
1846,46.43138888888888,30.715,104.3,6300
1847,51.49388888888889,31.282777777777774,104.3,5000
1848,44.90666666666666,34.122777777777785,104.3,5000
1849,51.33416666666666,25.86694444444444,104.3,4000
1850,49.84777777777779,24.036666666666665,104.3,2800
1851,48.91777777777778,24.719999999999995,104.3,2200
1852,48.67861111111112,26.586944444444434,104.3,1600
1853,49.27499999999998,35.76166666666667,104.3,1300
1854,49.12527777777776,33.43277777777777,104.3,630
1855,44.839999999999996,34.99527777777777,104.3,600
1856,47.91916666666667,33.43749999999999,104.3,500
1857,48.111944444444454,39.34527777777779,104.3,500
1858,48.90500000000001,22.552777777777774,104.3,500
1859,44.87722222222222,34.85083333333334,104.3,30
1860,50.72333333333333,24.160833333333343,104.4,3500
1861,46.65833333333334,32.61611111111111,104.4,3400
1862,49.08555555555555,30.378611111111105,104.4,3200
1863,48.51472222222224,34.58111111111111,104.4,3200
1864,46.166666666666664,34.80861111111111,104.4,2500
1865,50.50972222222223,32.73111111111111,104.4,2500
1866,50.284444444444446,26.855000000000008,104.4,1300
1867,48.30222222222222,38.03861111111111,104.4,750
1868,46.76444444444443,36.787777777777784,104.4,500
1869,48.51277777777778,37.682500000000005,104.4,500
1870,48.74777777777779,39.26083333333333,104.4,500
1871,48.239999999999995,25.18833333333333,104.4,500
1872,48.26583333333335,24.365833333333324,104.4,250
1873,49.035555555555554,23.455833333333334,104.4,160
1874,51.67444444444444,33.91055555555555,104.4,100
1875,45.35,36.456111111111106,104.4,30
1876,45.09666666666666,34.95749999999999,104.4,30
1877,49.998333333333335,36.25111111111111,104.5,5000
1878,49.57388888888887,34.568888888888885,104.5,5000
1879,47.824166666666656,35.199444444444445,104.5,5000
1880,49.461666666666666,32.03527777777777,104.5,3500
1881,49.613333333333344,25.688888888888883,104.5,3200
1882,47.08305555555556,29.86722222222222,104.5,1400
1883,48.06694444444445,30.85777777777777,104.5,1300
1884,47.9225,29.614444444444445,104.5,1200
1885,50.29833333333333,28.667777777777776,104.5,1000
1886,44.59027777777778,33.4913888888889,104.5,600
1887,48.62694444444444,38.5075,104.5,560
1888,47.696111111111115,32.49666666666667,104.5,500
1889,49.44833333333333,26.980277777777783,104.6,6300
1890,50.46611111111111,30.505277777777778,104.6,5000
1891,48.49611111111111,32.22861111111112,104.6,3100
1892,51.22666666666668,33.19083333333332,104.6,2500
1893,46.9338888888889,32.04138888888889,104.6,2500
1894,47.084722222222226,37.52722222222223,104.6,2000
1895,48.89444444444443,36.26527777777778,104.6,1300
1896,45.713611111111106,34.37222222222223,104.6,600
1897,45.74722222222222,33.2311111111111,104.6,600
1898,49.04111111111111,38.25361111111111,104.6,500
1899,44.503888888888895,34.15138888888888,104.6,500
1900,48.96277777777778,23.98111111111111,104.6,400
1901,48.25472222222223,23.978333333333335,104.6,100
1902,48.03944444444443,37.367222222222225,104.7,15000
1903,49.84777777777779,24.036666666666665,104.7,10000
1904,46.86055555555556,35.379444444444445,104.7,5600
1905,47.91916666666667,33.43749999999999,104.7,5000
1906,47.980555555555554,37.78416666666667,104.7,4000
1907,51.49388888888889,31.282777777777774,104.7,3200
1908,48.91777777777778,24.719999999999995,104.7,3200
1909,48.534166666666685,22.39472222222223,104.7,1100
1910,48.47805555555555,27.397499999999994,104.7,1000
1911,44.806388888888904,35.073888888888895,104.7,1000
1912,49.964722222222214,33.61083333333334,104.7,560
1913,46.74388888888889,30.91944444444444,104.7,500
1914,49.35805555555555,29.695277777777786,104.7,500
1915,45.211666666666666,33.39944444444444,104.7,160
1916,48.83722222222221,39.6425,104.8,15000
1917,48.44833333333333,35.021666666666675,104.8,13000
1918,48.570555555555565,39.30333333333333,104.8,6300
1919,50.748055555555574,25.32388888888888,104.8,5000
1920,46.65833333333334,32.61611111111111,104.8,3400
1921,49.241388888888885,28.423888888888897,104.8,2500
1922,45.35,36.456111111111106,104.8,1300
1923,49.40055555555557,31.27138888888889,104.8,1300
1924,48.31194444444445,31.508055555555554,104.8,1300
1925,50.57444444444444,34.48777777777779,104.8,1000
1926,48.67583333333333,26.591388888888886,104.8,500
1927,50.62583333333333,32.393611111111106,104.8,500
1928,51.84416666666667,33.480277777777786,104.8,450
1929,44.90666666666666,34.122777777777785,104.8,300
1930,49.24555555555555,23.845833333333328,104.8,250
1931,50.25527777777776,28.6575,104.9,5600
1932,46.45,30.741111111111103,104.9,4000
1933,45.278333333333336,34.88777777777777,104.9,3000
1934,49.559722222222234,25.64583333333333,104.9,2500
1935,48.736666666666665,30.17111111111112,104.9,2000
1936,51.81444444444443,26.11722222222222,104.9,2000
1937,46.16749999999999,34.78722222222223,104.9,1300
1938,46.3686111111111,34.337500000000006,104.9,1300
1939,48.11833333333332,32.75638888888889,104.9,1100
1940,47.56611111111111,34.40222222222222,104.9,790
1941,49.099722222222226,33.413055555555566,104.9,500
1942,49.451944444444436,36.83777777777779,104.9,320
1943,50.47111111111111,30.45333333333333,105.0,16000
1944,48.71805555555556,37.60166666666667,105.0,3500
1945,48.295555555555545,25.842222222222226,105.0,3200
1946,49.461666666666666,32.03527777777777,105.0,2500
1947,44.59027777777778,33.4913888888889,105.0,2500
1948,49.57388888888887,34.568888888888885,105.0,1500
1949,45.946111111111115,33.8036111111111,105.0,1400
1950,49.44305555555557,26.994166666666676,105.0,1000
1951,47.208611111111125,30.924722222222222,105.0,790
1952,50.71388888888889,24.187777777777775,105.0,710
1953,48.76250000000002,23.08388888888889,105.0,100
1954,49.3297222222222,23.29138888888889,105.0,89
1955,44.68277777777777,34.39750000000001,105.0,30
1956,48.111944444444454,39.34527777777779,105.0,0
1957,47.824166666666656,35.199444444444445,105.1,6300
1958,46.95,32.06555555555557,105.1,5200
1959,48.36749999999999,29.39472222222223,105.1,5000
1960,47.980555555555554,37.78416666666667,105.1,5000
1961,50.91166666666667,34.80444444444444,105.1,4000
1962,48.108611111111095,24.208055555555553,105.1,3200
1963,48.570555555555565,39.30333333333333,105.1,3000
1964,48.03944444444443,37.367222222222225,105.1,2676
1965,48.692499999999995,33.13999999999999,105.1,2500
1966,50.59916666666666,26.421111111111106,105.1,2500
1967,44.503888888888895,34.15138888888888,105.1,1400
1968,49.6738888888889,24.553888888888885,105.1,1000
1969,45.021944444444436,35.40722222222223,105.1,890
1970,49.72861111111112,37.602777777777774,105.1,560
1971,52.18527777777777,34.023888888888884,105.1,320
1972,45.06249999999999,34.60555555555556,105.1,300
1973,47.37916666666666,34.98222222222222,105.1,0
1974,47.22999999999999,35.72861111111111,105.1,0
1975,49.67444444444444,33.73944444444444,105.2,7100
1976,47.91277777777778,33.421666666666674,105.2,5000
1977,51.76194444444445,25.513611111111103,105.2,5000
1978,49.91472222222222,28.595000000000002,105.2,3500
1979,48.534166666666685,22.39472222222223,105.2,3200
1980,49.98277777777778,36.325555555555546,105.2,2500
1981,45.21055555555556,33.35638888888889,105.2,2500
1982,48.91777777777778,24.719999999999995,105.2,1800
1983,46.8186111111111,35.33555555555555,105.2,1300
1984,51.02055555555557,31.875277777777775,105.2,1300
1985,48.893611111111106,30.711388888888884,105.2,1300
1986,44.390277777777776,33.73888888888889,105.2,560
1987,50.49027777777778,24.75444444444444,105.2,500
1988,48.91527777777776,23.096388888888896,105.2,320
1989,44.82638888888887,34.80333333333333,105.2,180
1990,44.74361111111111,33.880277777777785,105.2,150
1991,48.45472222222222,35.06,105.3,10000
1992,47.084722222222226,37.52722222222223,105.3,8900
1993,46.45,30.741111111111103,105.3,7600
1994,51.84416666666667,33.480277777777786,105.3,5000
1995,51.564444444444455,26.60194444444445,105.3,4000
1996,48.49611111111111,32.22861111111112,105.3,3600
1997,48.95,38.49361111111111,105.3,2500
1998,46.173611111111114,34.779166666666676,105.3,1600
1999,49.8038888888889,30.117499999999993,105.3,1300
2000,48.67583333333333,26.591388888888886,105.3,1000
2001,45.30888888888888,36.445,105.3,320
2002,48.95749999999999,23.32666666666667,105.3,250
2003,48.666666666666664,25.501666666666665,105.3,100
2004,45.015,34.9688888888889,105.3,30
2005,48.58277777777778,38.627777777777766,105.3,0
2006,49.439444444444455,27.002500000000005,105.4,5000
2007,44.95138888888889,34.13055555555557,105.4,4000
2008,50.073888888888895,37.37194444444443,105.4,2800
2009,47.58083333333334,34.35833333333334,105.4,2500
2010,49.101944444444435,33.42333333333334,105.4,2000
2011,49.12527777777776,33.43277777777777,105.4,2000
2012,51.494722222222215,31.288888888888895,105.4,1800
2013,49.84777777777779,24.036666666666665,105.4,1600
2014,45.350555555555566,35.73222222222222,105.4,1500
2015,49.238055555555555,30.08611111111111,105.4,1300
2016,48.57583333333333,37.9638888888889,105.4,560
2017,50.477500000000006,34.92472222222222,105.4,500
2018,49.68694444444445,39.00055555555556,105.4,320
2019,49.20277777777779,31.866666666666667,105.4,110
2020,44.86583333333335,35.08916666666668,105.4,30
2021,50.748055555555574,25.32388888888888,105.5,5000
2022,50.47111111111111,30.45333333333333,105.5,4500
2023,47.980555555555554,37.78416666666667,105.5,4000
2024,49.45777777777777,38.11833333333333,105.5,3000
2025,45.700277777777785,34.38749999999999,105.5,2500
2026,48.05194444444446,30.88638888888888,105.5,2500
2027,48.03944444444443,37.367222222222225,105.5,1500
2028,48.570555555555565,39.30333333333333,105.5,1300
2029,48.336666666666666,33.27499999999999,105.5,1000
2030,48.67916666666666,28.796666666666667,105.5,1000
2031,49.03055555555556,24.381388888888896,105.5,560
2032,49.570555555555565,28.01388888888889,105.5,560
2033,50.36611111111111,33.293611111111105,105.5,500
2034,51.252500000000005,27.10888888888888,105.5,500
2035,49.671944444444435,32.31777777777776,105.5,200
2036,49.4563888888889,35.14083333333335,105.5,130
2037,46.74666666666668,33.37055555555556,105.5,0
2038,47.84027777777778,35.14583333333333,105.6,5900
2039,49.559722222222234,25.64583333333333,105.6,5600
2040,46.65833333333334,32.61611111111111,105.6,5000
2041,44.57833333333333,33.567499999999995,105.6,5000
2042,50.91166666666667,34.80444444444444,105.6,5000
2043,50.29833333333333,28.667777777777776,105.6,4500
2044,49.67444444444444,33.73944444444444,105.6,4000
2045,46.8186111111111,35.33555555555555,105.6,2250
2046,49.575555555555574,22.845277777777785,105.6,1400
2047,48.97194444444443,31.36722222222222,105.6,1400
2048,47.739999999999995,29.95527777777778,105.6,630
2049,45.040833333333346,35.35555555555556,105.6,500
2050,48.32166666666667,25.09027777777778,105.6,500
2051,48.48972222222221,23.259444444444448,105.6,400
2052,44.80083333333333,34.483333333333334,105.6,180
2053,48.67861111111112,26.586944444444434,105.7,5000
2054,50.00611111111112,36.2336111111111,105.7,5000
2055,50.62583333333333,32.393611111111106,105.7,5000
2056,48.534166666666685,22.39472222222223,105.7,4100
2057,45.692499999999995,28.630555555555556,105.7,3500
2058,48.72777777777777,37.593333333333334,105.7,3200
2059,50.59916666666666,26.421111111111106,105.7,3200
2060,46.817499999999995,31.405833333333334,105.7,2800
2061,49.8038888888889,30.117499999999993,105.7,2200
2062,48.730555555555554,30.206944444444446,105.7,1600
2063,48.692499999999995,33.13999999999999,105.7,630
2064,45.35,36.456111111111106,105.7,500
2065,49.16055555555556,23.40638888888889,105.7,280
2066,49.00805555555556,27.762777777777778,105.7,200
2067,48.04833333333333,23.693333333333324,105.7,100
2068,45.015,34.9688888888889,105.7,30
2069,46.84833333333333,33.666944444444454,105.8,16000
2070,47.23888888888891,30.312222222222225,105.8,5000
2071,44.46083333333332,34.06083333333334,105.8,5000
2072,48.91777777777778,24.719999999999995,105.8,4000
2073,48.44361111111111,35.01916666666667,105.8,3200
2074,51.60138888888889,24.97777777777778,105.8,2000
2075,48.49611111111111,32.22861111111112,105.8,1800
2076,49.57388888888887,34.568888888888885,105.8,1800
2077,47.08916666666667,37.519999999999996,105.8,1300
2078,50.14749999999998,27.93027777777777,105.8,500
2079,48.65555555555557,39.5013888888889,105.8,300
2080,44.74361111111111,33.880277777777785,105.8,180
2081,49.48944444444445,29.300277777777772,105.8,160
2082,44.80611111111112,34.696111111111115,105.8,30
2083,45.890555555555565,34.446111111111115,105.9,15000
2084,45.99888888888888,34.54888888888889,105.9,7900
2085,50.37027777777778,33.998333333333335,105.9,5000
2086,45.713611111111106,34.37222222222223,105.9,4000
2087,47.50055555555554,36.26222222222222,105.9,3500
2088,48.92111111111111,38.40277777777778,105.9,3000
2089,47.91916666666667,33.43749999999999,105.9,2600
2090,51.49916666666666,31.28833333333334,105.9,2500
2091,49.13583333333334,23.02972222222223,105.9,1000
2092,45.21055555555556,33.35638888888889,105.9,1000
2093,49.029722222222205,25.79722222222222,105.9,630
2094,50.3911111111111,25.28416666666667,105.9,630
2095,48.06694444444445,30.85777777777777,105.9,630
2096,49.234722222222224,28.42916666666666,105.9,630
2097,45.9586111111111,29.417777777777776,105.9,560
2098,45.470833333333346,28.288611111111113,105.9,320
2099,49.238055555555555,30.08611111111111,105.9,320
2100,48.61666666666667,38.63333333333335,105.9,0
2101,50.46611111111111,30.505277777777778,106.0,7900
2102,48.03944444444443,37.367222222222225,106.0,6000
2103,48.570555555555565,39.30333333333333,106.0,5100
2104,49.099722222222226,33.413055555555566,106.0,5000
2105,46.45,30.741111111111103,106.0,5000
2106,46.76749999999999,36.78083333333333,106.0,3500
2107,47.980555555555554,37.78416666666667,106.0,3200
2108,49.84777777777779,24.036666666666665,106.0,3200
2109,47.56611111111111,34.40222222222222,106.0,1400
2110,49.43222222222224,27.02555555555556,106.0,1000
2111,51.19972222222223,24.664722222222217,106.0,790
2112,48.32416666666668,29.888888888888882,106.0,320
2113,45.74722222222222,33.2311111111111,106.0,300
2114,48.42055555555554,24.699444444444442,106.0,160
2115,48.558055555555555,23.50222222222222,106.0,100
2116,44.8911111111111,34.988055555555555,106.0,30
2117,49.559722222222234,25.64583333333333,106.1,7900
2118,49.461666666666666,32.03527777777777,106.1,3200
2119,49.998333333333335,36.25111111111111,106.1,3200
2120,51.86749999999999,32.56444444444445,106.1,2500
2121,44.90666666666666,34.122777777777785,106.1,2000
2122,50.269722222222214,28.650277777777784,106.1,1800
2123,45.040833333333346,35.35555555555556,106.1,500
2124,48.54472222222222,35.87583333333333,106.1,500
2125,48.7111111111111,27.54916666666667,106.1,430
2126,48.717777777777776,30.191388888888888,106.1,250
2127,48.72500000000001,38.63250000000001,106.1,0
2128,49.8,30.116666666666667,106.2,5600
2129,47.713333333333324,29.53833333333333,106.2,5000
2130,47.84027777777778,35.14583333333333,106.2,5000
2131,46.65833333333334,32.61611111111111,106.2,4500
2132,48.50027777777778,32.24694444444444,106.2,3900
2133,48.71805555555556,37.60166666666667,106.2,3200
2134,48.96277777777778,23.98111111111111,106.2,2000
2135,50.748055555555574,25.32388888888888,106.2,1300
2136,51.24694444444444,33.22333333333333,106.2,560
2137,44.700277777777785,34.39416666666666,106.2,500
2138,49.4563888888889,35.14083333333335,106.2,500
2139,46.41222222222221,30.272777777777772,106.2,100
2140,48.67583333333333,26.591388888888886,106.2,63
2141,49.67444444444444,33.73944444444444,106.3,10000
2142,46.86055555555556,35.379444444444445,106.3,5000
2143,51.49388888888889,31.282777777777774,106.3,2300
2144,49.08555555555555,30.378611111111105,106.3,1600
2145,47.55,30.75722222222223,106.3,560
2146,48.89444444444443,36.26527777777778,106.3,500
2147,48.13999999999999,24.810000000000002,106.3,500
2148,47.5013888888889,34.654444444444444,106.3,320
2149,45.93972222222224,28.861388888888886,106.3,130
2150,48.521111111111104,28.76194444444444,106.3,100
2151,50.59916666666666,26.421111111111106,106.4,20000
2152,48.03944444444443,37.367222222222225,106.4,15000
2153,47.980555555555554,37.78416666666667,106.4,5000
2154,48.91777777777778,24.719999999999995,106.4,5000
2155,45.35,36.456111111111106,106.4,5000
2156,46.95,32.06555555555557,106.4,5000
2157,49.241388888888885,28.423888888888897,106.4,5000
2158,50.93527777777777,34.802499999999995,106.4,4700
2159,44.59027777777778,33.4913888888889,106.4,3200
2160,44.503888888888895,34.15138888888888,106.4,3200
2161,48.44833333333333,35.021666666666675,106.4,2500
2162,51.22333333333333,24.01305555555555,106.4,1000
2163,49.064722222222215,32.09055555555555,106.4,790
2164,46.38138888888888,33.534444444444446,106.4,560
2165,49.31944444444446,23.515555555555554,106.4,500
2166,52.16916666666667,33.923333333333325,106.4,280
2167,50.46611111111111,30.505277777777778,106.5,6000
2168,50.49027777777778,24.75444444444444,106.5,5000
2169,47.084722222222226,37.52722222222223,106.5,4600
2170,48.83722222222221,39.6425,106.5,3000
2171,45.334722222222226,34.93527777777777,106.5,2500
2172,50.215277777777786,34.322222222222216,106.5,2000
2173,48.563055555555536,39.30944444444444,106.5,1700
2174,45.43083333333334,29.291111111111103,106.5,890
2175,49.17750000000001,37.28027777777778,106.5,560
2176,45.442777777777785,32.797777777777775,106.5,500
2177,48.430277777777775,22.752777777777776,106.5,350
2178,48.00611111111112,24.0075,106.5,100
2179,46.46583333333332,30.746388888888895,106.6,6300
2180,50.00611111111112,36.2336111111111,106.6,5000
2181,47.84722222222222,35.143055555555556,106.6,4400
2182,44.9,34.11416666666667,106.6,3500
2183,48.295555555555545,25.842222222222226,106.6,3000
2184,48.558055555555555,23.50222222222222,106.6,2200
2185,50.59055555555556,27.615277777777784,106.6,2200
2186,51.564444444444455,26.60194444444445,106.6,2000
2187,48.57583333333333,37.9638888888889,106.6,1600
2188,48.736666666666665,30.17111111111112,106.6,1600
2189,51.523333333333326,30.761111111111113,106.6,1300
2190,49.099722222222226,33.413055555555566,106.6,1000
2191,50.75277777777779,33.481666666666676,106.6,1000
2192,48.58138888888888,27.449444444444442,106.6,560
2193,48.96277777777778,23.98111111111111,106.6,500
2194,44.839999999999996,34.99527777777777,106.6,300
2195,44.87722222222222,34.85083333333334,106.6,30
2196,46.76444444444443,36.787777777777784,106.6,0
2197,46.65833333333334,32.61611111111111,106.7,5000
2198,48.488055555555555,32.25861111111112,106.7,4600
2199,49.43222222222224,27.02555555555556,106.7,4500
2200,49.84777777777779,24.036666666666665,106.7,3800
2201,48.390277777777776,28.846111111111114,106.7,2500
2202,49.28527777777777,38.86055555555556,106.7,1600
2203,50.02055555555557,33.02138888888888,106.7,1400
2204,51.48305555555556,23.91694444444445,106.7,1000
2205,48.14444444444446,24.841388888888886,106.7,790
2206,48.89444444444443,36.26527777777778,106.7,630
2207,49.229166666666686,29.0763888888889,106.7,320
2208,48.347777777777765,24.56194444444444,106.7,320
2209,48.31416666666667,38.524166666666666,106.7,0
2210,48.46916666666667,25.168611111111115,106.8,5000
2211,49.8038888888889,30.117499999999993,106.8,4500
2212,47.980555555555554,37.78416666666667,106.8,4200
2213,51.49916666666666,31.28833333333334,106.8,4000
2214,46.173611111111114,34.779166666666676,106.8,2000
2215,50.96416666666667,28.6611111111111,106.8,2000
2216,48.44833333333333,35.021666666666675,106.8,1500
2217,50.72833333333334,24.16277777777778,106.8,1400
2218,48.088055555555556,30.069999999999997,106.8,1300
2219,45.21055555555556,33.35638888888889,106.8,1000
2220,49.55750000000001,25.56805555555555,106.8,500
2221,49.59722222222222,34.535833333333336,106.8,350
2222,44.50222222222222,34.15555555555555,106.8,280
2223,48.22472222222222,23.240555555555563,106.8,130
2224,44.755833333333335,34.54777777777779,106.8,30
2225,46.84833333333333,33.666944444444454,106.8,0
2226,46.38138888888888,33.534444444444446,106.9,32000
2227,47.91916666666667,33.43749999999999,106.9,5200
2228,48.570555555555565,39.30333333333333,106.9,5000
2229,50.29833333333333,28.667777777777776,106.9,4500
2230,50.748055555555574,25.32388888888888,106.9,3200
2231,48.83722222222221,39.6425,106.9,3000
2232,49.08555555555555,30.378611111111105,106.9,2500
2233,47.084722222222226,37.52722222222223,106.9,2100
2234,49.13583333333334,23.02972222222223,106.9,2000
2235,45.021944444444436,35.40722222222223,106.9,1300
2236,47.565,31.361388888888886,106.9,1000
2237,49.17138888888889,26.5725,106.9,500
2238,49.4563888888889,35.14083333333335,106.9,130
2239,51.84416666666667,33.480277777777786,106.9,100
2240,50.36611111111111,33.293611111111105,106.9,91
2241,50.46611111111111,30.505277777777778,107.0,7900
2242,47.84027777777778,35.14583333333333,107.0,6300
2243,46.45,30.741111111111103,107.0,5000
2244,44.59027777777778,33.4913888888889,107.0,5000
2245,50.93527777777777,34.802499999999995,107.0,5000
2246,45.946111111111115,33.8036111111111,107.0,2800
2247,48.92611111111111,24.710000000000004,107.0,2200
2248,49.23777777777777,28.48111111111111,107.0,2100
2249,50.043611111111105,36.235,107.0,2000
2250,49.099722222222226,33.413055555555566,107.0,2000
2251,48.018611111111106,25.05666666666666,107.0,1400
2252,48.71805555555556,37.60166666666667,107.0,1300
2253,44.85138888888889,34.97249999999999,107.0,300
2254,50.59916666666666,26.421111111111106,107.0,250
2255,48.62694444444444,38.5075,107.0,0
2256,45.33361111111112,28.872777777777785,107.1,5000
2257,48.54472222222222,35.87583333333333,107.1,3500
2258,49.461666666666666,32.03527777777777,107.1,3200
2259,49.439444444444455,27.002500000000005,107.1,3200
2260,46.94805555555555,32.04944444444443,107.1,3200
2261,48.94083333333332,38.49583333333333,107.1,2500
2262,51.81444444444443,26.11722222222222,107.1,2000
2263,49.91611111111111,28.608055555555556,107.1,710
2264,51.24694444444444,33.22333333333333,107.1,630
2265,47.83277777777778,30.25888888888888,107.1,560
2266,47.15527777777779,33.93388888888889,107.1,560
2267,48.814722222222244,29.39666666666667,107.1,320
2268,45.00638888888888,34.827499999999986,107.1,320
2269,52.30500000000001,33.80416666666666,107.1,320
2270,47.980555555555554,37.78416666666667,107.2,7800
2271,51.49388888888889,31.282777777777774,107.2,6300
2272,49.84777777777779,24.036666666666665,107.2,5000
2273,46.8186111111111,35.33555555555555,107.2,5000
2274,48.534166666666685,22.39472222222223,107.2,5000
2275,48.488055555555555,32.25861111111112,107.2,2500
2276,49.8,30.116666666666667,107.2,1400
2277,45.35,36.456111111111106,107.2,1300
2278,49.57388888888887,34.568888888888885,107.2,1300
2279,50.621111111111105,27.13027777777777,107.2,710
2280,46.62527777777779,32.723888888888894,107.2,320
2281,44.68277777777777,34.39750000000001,107.2,300
2282,48.32416666666668,29.888888888888882,107.2,250
2283,51.37833333333334,34.127777777777766,107.2,250
2284,44.90666666666666,34.122777777777785,107.3,5600
2285,48.60777777777777,39.35027777777777,107.3,5000
2286,50.7738888888889,25.375277777777775,107.3,5000
2287,48.44361111111111,35.048611111111114,107.3,4000
2288,50.75555555555555,33.48694444444445,107.3,2800
2289,50.29833333333333,28.667777777777776,107.3,2500
2290,47.084722222222226,37.52722222222223,107.3,1300
2291,51.86388888888889,33.48583333333334,107.3,1000
2292,48.99444444444446,31.03722222222222,107.3,560
2293,48.596111111111114,24.584722222222226,107.3,500
2294,45.040833333333346,35.35555555555556,107.3,300
2295,48.435833333333335,38.226666666666674,107.3,300
2296,49.72861111111112,37.602777777777774,107.3,280
2297,50.46611111111111,30.505277777777778,107.4,13000
2298,46.16749999999999,34.78722222222223,107.4,3200
2299,47.91916666666667,33.43749999999999,107.4,3200
2300,49.559722222222234,25.64583333333333,107.4,3200
2301,46.43138888888888,30.715,107.4,2100
2302,48.71805555555556,37.60166666666667,107.4,2000
2303,50.043611111111105,36.235,107.4,1800
2304,49.35749999999999,34.32888888888889,107.4,1300
2305,49.241388888888885,28.423888888888897,107.4,790
2306,49.03055555555556,24.381388888888896,107.4,560
2307,48.05194444444446,30.88638888888888,107.4,500
2308,48.14444444444446,24.841388888888886,107.4,500
2309,47.84722222222222,35.143055555555556,107.5,5000
2310,51.564444444444455,26.60194444444445,107.5,4000
2311,50.07027777777778,25.15111111111111,107.5,2000
2312,48.67583333333333,26.591388888888886,107.5,2000
2313,51.02055555555557,31.875277777777775,107.5,1800
2314,44.50222222222222,34.15555555555555,107.5,1800
2315,47.565,31.361388888888886,107.5,1300
2316,45.21055555555556,33.35638888888889,107.5,1300
2317,49.461666666666666,32.03527777777777,107.5,1000
2318,49.17888888888888,29.27166666666666,107.5,760
2319,46.76444444444443,36.787777777777784,107.5,500
2320,48.85777777777777,36.53861111111111,107.5,500
2321,50.108888888888906,27.532777777777774,107.5,500
2322,48.43305555555556,24.536388888888894,107.5,500
2323,48.197500000000005,29.35527777777778,107.5,470
2324,50.94972222222223,28.648888888888887,107.5,320
2325,50.215277777777786,34.322222222222216,107.5,320
2326,46.4988888888889,30.215555555555554,107.5,200
2327,48.19333333333332,25.719999999999995,107.5,200
2328,48.396666666666654,23.735555555555553,107.5,100
2329,47.980555555555554,37.78416666666667,107.6,3300
2330,49.8038888888889,30.117499999999993,107.6,3200
2331,46.65833333333334,32.61611111111111,107.6,3200
2332,49.44305555555557,26.994166666666676,107.6,2500
2333,49.38138888888888,35.467499999999994,107.6,2000
2334,50.02055555555557,33.02138888888888,107.6,1300
2335,44.839999999999996,34.99527777777777,107.6,1000
2336,49.48388888888888,24.118055555555546,107.6,790
2337,48.68722222222223,33.09277777777778,107.6,620
2338,48.46916666666667,25.168611111111115,107.6,500
2339,45.35,36.456111111111106,107.6,500
2340,45.39583333333333,29.595555555555546,107.6,160
2341,49.45777777777777,38.11833333333333,107.6,0
2342,51.49388888888889,31.282777777777774,107.7,5000
2343,50.25527777777776,28.6575,107.7,3000
2344,48.33166666666666,30.216388888888893,107.7,2200
2345,44.59027777777778,33.4913888888889,107.7,2200
2346,45.350555555555566,35.73222222222222,107.7,1500
2347,46.8186111111111,35.33555555555555,107.7,1300
2348,48.44833333333333,35.021666666666675,107.7,780
2349,49.28527777777777,38.86055555555556,107.7,600
2350,48.4586111111111,27.796388888888885,107.7,560
2351,50.06388888888889,31.456666666666674,107.7,500
2352,48.13972222222221,23.036388888888894,107.7,500
2353,49.12527777777776,33.43277777777777,107.7,450
2354,48.296944444444435,24.460833333333344,107.7,160
2355,48.69138888888889,23.339444444444453,107.7,100
2356,47.12888888888888,38.089722222222235,107.7,0
2357,45.890555555555565,34.446111111111115,107.8,15000
2358,45.99888888888888,34.54888888888889,107.8,7900
2359,48.91777777777778,24.719999999999995,107.8,5000
2360,51.84416666666667,33.480277777777786,107.8,5000
2361,46.98694444444445,31.928333333333335,107.8,4000
2362,49.57388888888887,34.568888888888885,107.8,3000
2363,49.241388888888885,28.423888888888897,107.8,3000
2364,48.71805555555556,37.60166666666667,107.8,2800
2365,44.90666666666666,34.122777777777785,107.8,2000
2366,47.91166666666667,33.41833333333333,107.8,1800
2367,50.717777777777776,25.40611111111112,107.8,1800
2368,47.08916666666667,37.519999999999996,107.8,1300
2369,49.23611111111109,31.535555555555554,107.8,790
2370,50.33500000000001,26.508888888888894,107.8,710
2371,47.460000000000015,36.2461111111111,107.8,710
2372,51.76194444444445,25.513611111111103,107.8,500
2373,46.00694444444444,29.65527777777778,107.8,500
2374,48.430277777777775,22.752777777777776,107.8,180
2375,50.46611111111111,30.505277777777778,107.9,13000
2376,46.43138888888888,30.715,107.9,7900
2377,47.84722222222222,35.143055555555556,107.9,5000
2378,45.713611111111106,34.37222222222223,107.9,4000
2379,51.19972222222223,24.664722222222217,107.9,2500
2380,48.570555555555565,39.30333333333333,107.9,2500
2381,50.91166666666667,34.80444444444444,107.9,2500
2382,49.98750000000002,36.25500000000001,107.9,2200
2383,48.518333333333345,32.201666666666675,107.9,2000
2384,48.73305555555554,39.23305555555556,107.9,2000
2385,46.76444444444443,36.787777777777784,107.9,1300
2386,48.59527777777779,35.95583333333333,107.9,890
2387,45.040833333333346,35.35555555555556,107.9,630
2388,48.86388888888889,39.131111111111125,107.9,500
2389,49.904166666666654,24.666388888888893,107.9,500
2390,48.44861111111111,25.560000000000002,107.9,500
2391,51.564444444444455,26.60194444444445,107.9,450
2392,50.09222222222221,25.713333333333335,107.9,320
2393,44.50222222222222,34.15555555555555,107.9,320
2394,44.68277777777777,34.39750000000001,107.9,300
2395,49.24611111111111,23.850277777777784,107.9,250
2396,45.211666666666666,33.39944444444444,107.9,160
2397,48.43694444444445,38.77611111111111,107.9,0
