1 31698U 07026A   08001.12579755  .00000161  00000+0  10878-4 0  6332
2 31698  97.4458  10.1514 0001593  85.4841 346.5019 15.19155171 30340
1 31698U 07026A   08001.53459894  .00000095  00000+0  76921-5 0  6347
2 31698  97.4456  10.5541 0001562  83.9208  62.3545 15.19154872 30409
1 31698U 07026A   08001.72155007  .00000009  00000+0  36139-5 0  6350
2 31698  97.4459  10.7382 0001586  83.7502   4.2980 15.19154340 30439
1 31698U 07026A   08001.92101514 -.00000026  00000+0  19526-5 0  6368
2 31698  97.4460  10.9347 0001578  83.7333  14.4844 15.19154189 30463
1 31698U 07026A   08002.19018545 -.00000009  00000+0  27732-5 0  6368
2 31698  97.4460  11.2001 0001542  84.7580  44.6032 15.19154411 30507
1 31698U 07026A   08002.57947925 -.00000021  00000+0  22127-5 0  6371
2 31698  97.4458  11.5836 0001575  83.8296  13.2051 15.19154463 30569
1 31698U 07026A   08002.70464019 -.00000049  00000+0  86992-6 0  6386
2 31698  97.4459  11.7069 0001585  83.7329 337.3641 15.19154293 30585
1 31698U 07026A   08002.90763919 -.00000049  00000+0  85953-6 0  6396
2 31698  97.4459  11.9070 0001588  83.3048   7.2770 15.19154323 30610
1 31698U 07026A   08003.25612269  .00000017  00000+0  39966-5 0  6404
2 31698  97.4461  12.2506 0001597  83.9132 111.2972 15.19154836 30665
1 31698U 07026A   08003.30377486 -.00000009  00000+0  27829-5 0  6417
2 31698  97.4460  12.2974 0001575  83.3494  12.3020 15.19154719 30670
1 31698U 07026A   08003.96084259  .00000114  00000+0  85971-5 0  6421
2 31698  97.4461  12.9450 0001622  83.7143   3.1266 15.19155732 30772
1 31698U 07026A   08004.21999117  .00000153  00000+0  10474-4 0  6437
2 31698  97.4459  13.2004 0001564  81.4391 341.7729 15.19156147 30814
1 31698U 07026A   08004.56454664  .00000247  00000+0  14975-4 0  6443
2 31698  97.4461  13.5403 0001646  83.0726  63.3032 15.19156996 30865
1 31698U 07026A   08004.80107639  .00000264  00000+0  15755-4 0  6454
2 31698  97.4460  13.7733 0001629  83.6261 275.4972 15.19157159 30897
1 31698U 07026A   08005.08035556  .00000319  00000+0  18376-4 0  6467
2 31698  97.4459  14.0486 0001598  84.4005   1.1194 15.19157738 30943
1 31698U 07026A   08005.48787287  .00000339  00000+0  19311-4 0  6479
2 31698  97.4459  14.4503 0001626  83.7988  68.9998 15.19158181 31005
1 31698U 07026A   08005.87676147  .00000235  00000+0  14371-4 0  6481
2 31698  97.4458  14.8334 0001629  83.5393  34.7158 15.19157508 31068
1 31698U 07026A   08006.13186131  .00000146  00000+0  10149-4 0  6491
2 31698  97.4458  15.0848 0001663  85.1848 347.3088 15.19156910 31108
1 31698U 07026A   08006.46687140  .00000046  00000+0  53678-5 0  6509
2 31698  97.4459  15.4151 0001604  82.7421  20.7365 15.19156273 31152
1 31698U 07026A   08006.60680250 -.00000037  00000+0  14288-5 0  6516
2 31698  97.4456  15.5528 0001564  82.8320  65.4330 15.19155687 31170
1 31698U 07026A   08007.46492316 -.00000037  00000+0  14288-5 0  6526
2 31698  97.4444  16.3986 0001622  91.6259  66.6411 15.19150079 31306
1 31698U 07026A   08008.58294610  .00000818  00000+0  42121-4 0  6530
2 31698  97.4446  17.4984 0001470  86.4126  62.3674 15.19153794 31473
1 31698U 07026A   08008.81885417  .00000605  00000+0  31974-4 0  6546
2 31698  97.4445  17.7319 0001520  86.8545 271.2698 15.19153233 31501
1 31698U 07026A   08009.16035503  .00000666  00000+0  34887-4 0  6552
2 31698  97.4446  18.0683 0001509  86.1699 338.4163 15.19153986 31564
1 31698U 07026A   08009.43713145  .00000786  00000+0  40590-4 0  6569
2 31698  97.4447  18.3411 0001523  85.4374  51.8635 15.19154995 31601
1 31698U 07026A   08009.89436583  .00000625  00000+0  32949-4 0  6579
2 31698  97.4446  18.7913 0001570  86.4679  29.8307 15.19154840 31679
1 31698U 07026A   08010.08612900  .00000604  00000+0  31949-4 0  6588
2 31698  97.4445  18.9803 0001573  85.9934 358.3805 15.19154992 31704
1 31698U 07026A   08010.28580182  .00000601  00000+0  31804-4 0  6594
2 31698  97.4445  19.1771 0001578  85.5023  10.1773 15.19155240 31738
1 31698U 07026A   08010.81795334  .00000528  00000+0  28333-4 0  6603
2 31698  97.4444  19.7011 0001614  85.6531  38.4836 15.19155461 31813
1 31698U 07026A   08011.14130933  .00000422  00000+0  23284-4 0  6612
2 31698  97.4444  20.0197 0001674  84.9587   6.4670 15.19155077 31861
1 31698U 07026A   08011.33949372  .00000404  00000+0  22439-4 0  6620
2 31698  97.4444  20.2149 0001676  84.4727  10.1232 15.19155140 31893
1 31698U 07026A   08011.60664934  .00000306  00000+0  17780-4 0  6633
2 31698  97.4444  20.4782 0001649  84.0195  30.7036 15.19154649 31931
1 31698U 07026A   08012.25451662  .00000010  00000+0  36844-5 0  6643
2 31698  97.4446  21.1165 0001685  84.0622 331.5428 15.19152548 32036
1 31698U 07026A   08012.47115642 -.00000032  00000+0  16798-5 0  6654
2 31698  97.4447  21.3301 0001649  81.5731  78.0654 15.19152215 32062
1 31698U 07026A   08013.52400076 -.00000032  00000+0  16798-5 0  6660
2 31698  97.4450  22.3679 0001451  83.5734  70.3197 15.19148951 32228
1 31698U 07026A   08014.37142385  .00000423  00000+0  23342-4 0  6676
2 31698  97.4453  23.2023 0001457  83.7845  21.6645 15.19151253 32355
1 31698U 07026A   08014.51073291  .00000530  00000+0  28449-4 0  6684
2 31698  97.4452  23.3395 0001460  83.2685  63.5700 15.19151934 32373
1 31698U 07026A   08014.83553439  .00000397  00000+0  22092-4 0  6696
2 31698  97.4456  23.6600 0001452  84.4269  37.5987 15.19151632 32420
1 31698U 07026A   08015.15429255  .00000426  00000+0  23461-4 0  6706
2 31698  97.4456  23.9742 0001447  82.7859 341.3997 15.19152098 32479
1 31698U 07026A   08015.42543050  .00000464  00000+0  25302-4 0  6715
2 31698  97.4456  24.2414 0001453  81.9816  24.0987 15.19152607 32515
1 31698U 07026A   08015.82396068  .00000468  00000+0  25497-4 0  6724
2 31698  97.4458  24.6343 0001509  84.1872  40.0457 15.19153039 32577
1 31698U 07026A   08016.23120370  .00000446  00000+0  24440-4 0  6735
2 31698  97.4458  25.0357 0001526  83.0527 106.9512 15.19153316 32630
1 31698U 07026A   08016.55253779  .00000433  00000+0  23820-4 0  6748
2 31698  97.4457  25.3524 0001507  81.1850  65.0585 15.19153574 32681
1 31698U 07026A   08016.81204979  .00000382  00000+0  21403-4 0  6754
2 31698  97.4458  25.6081 0001521  81.8698  42.7254 15.19153430 32727
1 31698U 07026A   08017.13047127  .00000334  00000+0  19074-4 0  6769
2 31698  97.4458  25.9222 0001544  81.0209 343.8932 15.19153309 32770
1 31698U 07026A   08017.40123885  .00000314  00000+0  18153-4 0  6771
2 31698  97.4458  26.1890 0001544  80.4995  24.2841 15.19153359 32818
1 31698U 07026A   08017.59706198  .00000259  00000+0  15504-4 0  6781
2 31698  97.4458  26.3819 0001516  77.8370  17.2070 15.19152996 32842
1 31698U 07026A   08017.92437324  .00000171  00000+0  11332-4 0  6799
2 31698  97.4458  26.7045 0001496  79.1218   4.8248 15.19152410 32895
1 31698U 07026A   08018.11970256  .00000092  00000+0  75557-5 0  6799
2 31698  97.4459  26.8975 0001495  79.6696 351.8378 15.19151838 32929
1 31698U 07026A   08018.38962898  .00000066  00000+0  63392-5 0  6808
2 31698  97.4460  27.1637 0001499  78.7953  27.9827 15.19151710 32963
1 31698U 07026A   08018.59469020 -.00000057  00000+0  50078-6 0  6810
2 31698  97.4458  27.3656 0001435  76.1989  71.3265 15.19150816 32992
1 31698U 07026A   08019.04372091 -.00000057  00000+0  50078-6 0  6823
2 31698  97.4468  27.8100 0001387  83.4072 358.2850 15.19157100 33061
1 31698U 07026A   08019.37740501  .00002034  00000+0  10000-3 0  6839
2 31698  97.4466  28.1379 0001410  93.1123  12.3063 15.19154225 33118
1 31698U 07026A   08019.84144874  .00000088  00000+0  74058-5 0  6845
2 31698  97.4464  28.5947 0001425  92.0616  29.5600 15.19150250 33180
1 31698U 07026A   08020.09570569  .00000269  00000+0  16022-4 0  6856
2 31698  97.4470  28.8464 0001448  89.3137 341.9400 15.19151096 33229
1 31698U 07026A   08020.16061566  .00000337  00000+0  19232-4 0  6869
2 31698  97.4461  28.9092 0001394  91.3519 334.6636 15.19151181 33230
1 31698U 07026A   08020.50821509  .00000750  00000+0  38908-4 0  6879
2 31698  97.4460  29.2516 0001448  89.4173  76.3928 15.19153073 33289
1 31698U 07026A   08020.89436507  .00000346  00000+0  19666-4 0  6883
2 31698  97.4458  29.6318 0001447  91.7798  24.5131 15.19151874 33343
1 31698U 07026A   08021.08430223  .00000248  00000+0  14978-4 0  6897
2 31698  97.4455  29.8194 0001479  89.1423 345.2424 15.19151592 33373
1 31698U 07026A   08021.49370291  .00000436  00000+0  23972-4 0  6905
2 31698  97.4454  30.2228 0001539  88.5884  63.3619 15.19152751 33436
1 31698U 07026A   08021.80994685  .00000147  00000+0  10209-4 0  6929
2 31698  97.4453  30.5342 0001518  89.8566 350.5075 15.19151549 33489
1 31698U 07026A   08022.13594067  .00000184  00000+0  11944-4 0  6946
2 31698  97.4451  30.8555 0001523  85.9440 336.1260 15.19151909 33532
1 31698U 07026A   08022.54654531  .00000191  00000+0  12268-4 0  6953
2 31698  97.4452  31.2601 0001524  83.7765  62.4365 15.19152160 33598
1 31698U 07026A   08022.80611267  .00000019  00000+0  40842-5 0  6961
2 31698  97.4448  31.5155 0001479  82.5774  42.2852 15.19151200 33632
1 31698U 07026A   08023.19083477  .00000063  00000+0  61990-5 0  6977
2 31698  97.4449  31.8947 0001461  81.2917 346.2543 15.19151578 33699
1 31698U 07026A   08023.53458021  .00000052  00000+0  56746-5 0  6988
2 31698  97.4448  32.2333 0001463  80.3003  65.9715 15.19151591 33747
1 31698U 07026A   08023.85901764  .00000009  00000+0  36182-5 0  6995
2 31698  97.4448  32.5530 0001472  80.3823  39.0867 15.19151329 33793
1 31698U 07026A   08024.11389693  .00000040  00000+0  50718-5 0  7005
2 31698  97.4448  32.8042 0001455  79.8760 352.6263 15.19151619 33839
1 31698U 07026A   08024.52264160  .00000053  00000+0  57224-5 0  7015
2 31698  97.4447  33.2070 0001470  78.4714  68.0084 15.19151822 33896
1 31698U 07026A   08024.89952380  .00000026  00000+0  44249-5 0  7027
2 31698  97.4448  33.5784 0001465  78.6826 327.6296 15.19151658 33955
1 31698U 07026A   08025.23143638  .00000051  00000+0  56131-5 0  7036
2 31698  97.4448  33.9056 0001455  77.0694 343.2990 15.19151969 34003
1 31698U 07026A   08025.50247166  .00000067  00000+0  63618-5 0  7043
2 31698  97.4448  34.1728 0001471  77.3686  24.3334 15.19152189 34042
1 31698U 07026A   08025.83149291  .00000061  00000+0  61160-5 0  7054
2 31698  97.4448  34.4968 0001490  79.0242  20.9314 15.19152299 34096
1 31698U 07026A   08026.15512255  .00000080  00000+0  69796-5 0  7069
2 31698  97.4447  34.8157 0001481  77.8443 350.8975 15.19152565 34148
1 31698U 07026A   08026.43055632  .00000140  00000+0  98408-5 0  7071
2 31698  97.4447  35.0871 0001509  76.7866  57.3302 15.19153084 34186
1 31698U 07026A   08026.81587932  .00000162  00000+0  10920-4 0  7083
2 31698  97.4449  35.4668 0001512  79.2535   0.8338 15.19153424 34248
1 31698U 07026A   08027.08023522  .00000202  00000+0  12813-4 0  7092
2 31698  97.4447  35.7275 0001531  77.9325   6.9836 15.19153808 34286
1 31698U 07026A   08027.08023522  .00000202  00000+0  12813-4 0  7104
2 31698  97.4447  35.7275 0001531  77.9325   6.9836 15.19153808 34286
1 31698U 07026A   08027.48803513  .00000242  00000+0  14710-4 0  7106
2 31698  97.4447  36.1294 0001537  78.1439  75.5905 15.19154321 34344
1 31698U 07026A   08027.81205057  .00000150  00000+0  10351-4 0  7118
2 31698  97.4450  36.4488 0001484  77.4256  47.1996 15.19153718 34395
1 31698U 07026A   08027.93718545  .00000139  00000+0  98200-5 0  7120
2 31698  97.4450  36.5722 0001483  77.0143  11.5305 15.19153671 34417
1 31698U 07026A   08028.06806777  .00000099  00000+0  79264-5 0  7124
2 31698  97.4450  36.7012 0001534  77.0654   6.8094 15.19153331 34432
1 31698U 07026A   08028.47629664  .00000062  00000+0  61641-5 0  7138
2 31698  97.4451  37.1035 0001514  77.2870  77.7459 15.19153117 34493
1 31698U 07026A   08028.73270503 -.00000062  00000+0  21593-6 0  7146
2 31698  97.4450  37.3560 0001469  76.5460  39.8711 15.19152146 34539
1 31698U 07026A   08029.05590481 -.00000062  00000+0  21593-6 0  7153
2 31698  97.4454  37.6754 0001538  79.7835   3.0665 15.19151964 34582
1 31698U 07026A   08029.27209491 -.00000062  00000+0  21593-6 0  7166
2 31698  97.4456  37.8885 0001524  79.1418 105.2854 15.19151907 34613
1 31698U 07026A   08029.72114630 -.00000062  00000+0  21593-6 0  7177
2 31698  97.4460  38.3306 0001304  82.9618  35.7118 15.19147973 34687
1 31698U 07026A   08030.04367971 -.00000062  00000+0  21593-6 0  7183
2 31698  97.4462  38.6488 0001297  81.6383 359.8237 15.19147824 34732
1 31698U 07026A   08030.58471219  .00000715  00000+0  37231-4 0  7192
2 31698  97.4463  39.1818 0001376  82.2643  76.1874 15.19150345 34817
1 31698U 07026A   08030.90201885  .00000322  00000+0  18519-4 0  7202
2 31698  97.4465  39.4946 0001405  87.1610   5.5120 15.19149357 34861
1 31698U 07026A   08031.09810313  .00000397  00000+0  22086-4 0  7212
2 31698  97.4466  39.6883 0001417  83.6445   0.7183 15.19149831 34890
1 31698U 07026A   08031.29776566  .00000480  00000+0  26030-4 0  7222
2 31698  97.4464  39.8850 0001418  83.4065  12.2028 15.19150333 34920
1 31698U 07026A   08031.29776566  .00000480  00000+0  26030-4 0  7233
2 31698  97.4464  39.8850 0001418  83.4065  12.2028 15.19150333 34920
1 31698U 07026A   08031.75684198  .00000369  00000+0  20768-4 0  7242
2 31698  97.4465  40.3374 0001457  88.0272 356.6423 15.19150349 34991
1 31698U 07026A   08031.95505509  .00000371  00000+0  20847-4 0  7254
2 31698  97.4465  40.5327 0001464  87.2654   0.7287 15.19150523 35028
1 31698U 07026A   08032.08613030  .00000320  00000+0  18444-4 0  7252
2 31698  97.4463  40.6623 0001488  84.7637 359.6146 15.19150393 35042
1 31698U 07026A   08032.30192130  .00000380  00000+0  21268-4 0  7265
2 31698  97.4464  40.8749 0001513  84.0267  99.7483 15.19150839 35079
1 31698U 07026A   08032.88264034  .00000282  00000+0  16634-4 0  7274
2 31698  97.4465  41.4473 0001537  86.0312  31.6366 15.19150801 35164
1 31698U 07026A   08033.13317153  .00000294  00000+0  17200-4 0  7288
2 31698  97.4464  41.6945 0001551  83.5579 323.3769 15.19151029 35208
1 31698U 07026A   08033.54654336  .00000270  00000+0  16045-4 0  7291
2 31698  97.4464  42.1019 0001540  82.2076  63.9921 15.19151197 35261
1 31698U 07026A   08033.80611229  .00000117  00000+0  87602-5 0  7304
2 31698  97.4461  42.3575 0001506  81.6893  43.1678 15.19150327 35307
1 31698U 07026A   08034.19083457  .00000153  00000+0  10479-4 0  7311
2 31698  97.4460  42.7367 0001489  80.1550 347.3853 15.19150746 35368
1 31698U 07026A   08034.53459042  .00000136  00000+0  96890-5 0  7320
2 31698  97.4460  43.0755 0001485  79.3261  66.9956 15.19150769 35417
1 31698U 07026A   08034.91969292  .00000107  00000+0  82672-5 0  7337
2 31698  97.4460  43.4550 0001475  78.7118  12.3688 15.19150674 35475
1 31698U 07026A   08034.91969292  .00000107  00000+0  82672-5 0  7348
2 31698  97.4460  43.4550 0001475  78.7118  12.3688 15.19150674 35475
1 31698U 07026A   08035.11051269  .00000130  00000+0  93605-5 0  7341
2 31698  97.4459  43.6432 0001460  77.7739 336.2247 15.19150941 35506
1 31698U 07026A   08035.45743669  .00000148  00000+0  10260-4 0  7355
2 31698  97.4460  43.9851 0001475  76.5714  73.5260 15.19151243 35559
1 31698U 07026A   08035.65507046  .00000139  00000+0  98273-5 0  7366
2 31698  97.4458  44.1796 0001465  78.5684  71.6875 15.19151234 35588
1 31698U 07026A   08035.97211484  .00000150  00000+0  10319-4 0  7377
2 31698  97.4458  44.4920 0001453  77.3258   5.7235 15.19151497 35636
1 31698U 07026A   08036.10399514  .00000153  00000+0  10487-4 0  7373
2 31698  97.4457  44.6221 0001441  76.6895   7.1467 15.19151631 35652
1 31698U 07026A   08036.56764105  .00000204  00000+0  12915-4 0  7381
2 31698  97.4456  45.0790 0001503  76.9315  20.9460 15.19152323 35729
1 31698U 07026A   08036.76868008  .00000184  00000+0  11975-4 0  7393
2 31698  97.4456  45.2770 0001513  77.5244  39.1234 15.19152283 35757
1 31698U 07026A   08037.02565355  .00000224  00000+0  13873-4 0  7408
2 31698  97.4455  45.5303 0001510  76.2065   4.9213 15.19152716 35797
1 31698U 07026A   08037.49022706  .00000290  00000+0  17013-4 0  7411
2 31698  97.4455  45.9881 0001532  74.1121  26.1271 15.19153487 35860
1 31698U 07026A   08037.62541877  .00000317  00000+0  18283-4 0  7422
2 31698  97.4455  46.1213 0001538  76.0714  43.0552 15.19153800 35888
1 31698U 07026A   08037.94829736  .00000332  00000+0  18990-4 0  7433
2 31698  97.4456  46.4396 0001553  75.3115   8.4961 15.19154054 35935
1 31698U 07026A   08038.14198878  .00000364  00000+0  20517-4 0  7435
2 31698  97.4454  46.6306 0001532  75.2843 347.1387 15.19154448 35965
1 31698U 07026A   08038.55253152  .00000399  00000+0  22167-4 0  7449
2 31698  97.4456  47.0352 0001517  76.8151  69.4183 15.19155056 36027
1 31698U 07026A   08038.73875031  .00000330  00000+0  18922-4 0  7455
2 31698  97.4456  47.2186 0001493  77.2406   6.7628 15.19154662 36058
1 31698U 07026A   08038.93628279  .00000331  00000+0  18964-4 0  7465
2 31698  97.4455  47.4133 0001504  76.5514   7.0592 15.19154800 36087
1 31698U 07026A   08039.06805807  .00000358  00000+0  20251-4 0  7465
2 31698  97.4453  47.5433 0001528  74.9707   8.8538 15.19155056 36107
1 31698U 07026A   08039.47629698  .00000334  00000+0  19079-4 0  7473
2 31698  97.4453  47.9456 0001505  75.7685  79.2726 15.19155173 36162
1 31698U 07026A   08039.86504773  .00000230  00000+0  14126-4 0  7486
2 31698  97.4452  48.3286 0001462  76.2304  43.5109 15.19154573 36222
1 31698U 07026A   08040.05587584  .00000100  00000+0  79322-5 0  7497
2 31698  97.4452  48.5167 0001485  75.8727   6.8268 15.19153584 36253
1 31698U 07026A   08040.39507573  .00000019  00000+0  40775-5 0  7505
2 31698  97.4450  48.8508 0001475  77.6204  58.9603 15.19153015 36308
1 31698U 07026A   08040.97806613  .00000019  00000+0  40775-5 0  7517
2 31698  97.4458  49.4257 0001510  78.6526   4.2348 15.19152796 36396
1 31698U 07026A   08041.26180556  .00000019  00000+0  40775-5 0  7522
2 31698  97.4452  49.7052 0001556  74.7404 118.9105 15.19152701 36433
1 31698U 07026A   08041.64939263  .00000019  00000+0  40775-5 0  7532
2 31698  97.4455  50.0872 0001435  70.4737  81.5122 15.19152371 36492
1 31698U 07026A   08042.36651862  .00000019  00000+0  40775-5 0  7549
2 31698  97.4453  50.7940 0001493  84.3939  26.9949 15.19149743 36607
1 31698U 07026A   08042.76298478  .00000019  00000+0  40775-5 0  7554
2 31698  97.4461  51.1846 0001530  91.7705  26.4840 15.19149659 36668
1 31698U 07026A   08043.14806192  .00000060  00000+0  60295-5 0  7561
2 31698  97.4454  51.5646 0001500  87.3323 335.5427 15.19149965 36728
1 31698U 07026A   08044.21434455  .00000259  00000+0  15547-4 0  7579
2 31698  97.4457  52.6157 0001528  84.1467  46.4495 15.19151264 36889
1 31698U 07026A   08044.54654027  .00000234  00000+0  14358-4 0  7587
2 31698  97.4457  52.9432 0001513  84.1300  62.0672 15.19151342 36932
1 31698U 07026A   08044.80605480  .00000107  00000+0  82902-5 0  7596
2 31698  97.4457  53.1990 0001520  84.5210  40.0392 15.19150809 36972
1 31698U 07026A   08044.93114072  .00000123  00000+0  90383-5 0  7604
2 31698  97.4459  53.3223 0001523  84.2550   3.9569 15.19150937 36990
1 31698U 07026A   08045.19083477  .00000138  00000+0  97400-5 0  7600
2 31698  97.4457  53.5783 0001508  83.7792 343.7796 15.19151131 37036
1 31698U 07026A   08045.46078890  .00000120  00000+0  89073-5 0  7612
2 31698  97.4458  53.8443 0001510  82.7785  20.2022 15.19151126 37074
1 31698U 07026A   08045.77065972  .00000004  00000+0  33719-5 0  7621
2 31698  97.4459  54.1497 0001497  82.0577 274.5042 15.19150452 37116
1 31698U 07026A   08045.91947072  .00000012  00000+0  37426-5 0  7636
2 31698  97.4460  54.2964 0001503  80.6919   9.1898 15.19150537 37148
1 31698U 07026A   08046.10608859  .00000045  00000+0  53312-5 0  7633
2 31698  97.4460  54.4805 0001483  81.0337 308.8009 15.19150797 37174
1 31698U 07026A   08046.84285448  .00000033  00000+0  47529-5 0  7651
2 31698  97.4460  55.2066 0001491  79.7798  16.8154 15.19150868 37284
1 31698U 07026A   08046.96280565  .00000061  00000+0  60731-5 0  7661
2 31698  97.4461  55.3248 0001475  79.8430 312.3414 15.19151115 37306
1 31698U 07026A   08047.16743278  .00000092  00000+0  75603-5 0  7667
2 31698  97.4460  55.5266 0001462  77.6206 352.9459 15.19151440 37333
1 31698U 07026A   08047.44172009  .00000115  00000+0  86860-5 0  7670
2 31698  97.4461  55.7970 0001477  76.6273  53.0461 15.19151729 37373
1 31698U 07026A   08047.83552204  .00000129  00000+0  93154-5 0  7682
2 31698  97.4462  56.1850 0001499  78.1230  43.8600 15.19151996 37435
1 31698U 07026A   08048.09219556  .00000142  00000+0  99347-5 0  7697
2 31698  97.4461  56.4382 0001483  76.4557   8.3671 15.19152242 37476
1 31698U 07026A   08048.81588338  .00000190  00000+0  12251-4 0  7707
2 31698  97.4460  57.1513 0001539  79.3860   0.7281 15.19152978 37581
1 31698U 07026A   08048.94851645  .00000188  00000+0  12124-4 0  7712
2 31698  97.4460  57.2820 0001541  79.2838   5.7314 15.19153032 37607
1 31698U 07026A   08049.20825507  .00000155  00000+0  10553-4 0  7718
2 31698  97.4459  57.5385 0001582  79.3064 345.2986 15.19152849 37647
1 31698U 07026A   08049.48786299  .00000168  00000+0  11197-4 0  7722
2 31698  97.4459  57.8140 0001584  77.2612  75.5298 15.19153016 37687
1 31698U 07026A   08049.81205095  .00000052  00000+0  56849-5 0  7736
2 31698  97.4458  58.1333 0001535  77.7073  46.9141 15.19152103 37737
1 31698U 07026A   08049.93715914  .00000038  00000+0  49882-5 0  7749
2 31698  97.4457  58.2566 0001531  77.5972  10.7974 15.19152025 37755
1 31698U 07026A   08050.19662257 -.00000058  00000+0  44722-6 0  7742
2 31698  97.4457  58.5124 0001555  77.7077 348.7690 15.19151261 37796
1 31698U 07026A   08050.79645883 -.00000058  00000+0  44722-6 0  7755
2 31698  97.4463  59.1045 0001579  82.2323  22.6215 15.19151058 37888
1 31698U 07026A   08051.19627251 -.00000058  00000+0  44722-6 0  7760
2 31698  97.4451  59.4977 0001504  87.4586  42.5416 15.19147917 37948
1 31698U 07026A   08051.65352416  .00002034  00000+0  10000-3 0  7774
2 31698  97.4448  59.9479 0001326  83.1377  25.9593 15.19154894 38011
1 31698U 07026A   08051.85337005  .00002034  00000+0  10000-3 0  7784
2 31698  97.4448  60.1448 0001293  82.8939  38.4515 15.19155295 38046
1 31698U 07026A   08051.96847652 -.00000059  00000+0  36100-6 0  7799
2 31698  97.4448  60.2581 0001456  85.5474 304.8906 15.19147920 38062
1 31698U 07026A   08052.17334635  .00000219  00000+0  13603-4 0  7793
2 31698  97.4444  60.4596 0001425  82.1877 347.9587 15.19149244 38099
1 31698U 07026A   08052.45154766  .00000347  00000+0  19734-4 0  7804
2 31698  97.4443  60.7337 0001443  81.3216  69.3226 15.19150066 38136
1 31698U 07026A   08052.83289501  .00000192  00000+0  12344-4 0  7811
2 31698  97.4445  61.1096 0001456  83.1752 351.7018 15.19149517 38196
1 31698U 07026A   08053.16015753  .00000298  00000+0  17397-4 0  7825
2 31698  97.4444  61.4321 0001427  81.2893 342.2275 15.19150321 38243
1 31698U 07026A   08053.36652485  .00000337  00000+0  19259-4 0  7830
2 31698  97.4445  61.6354 0001439  81.1378  30.2710 15.19150708 38272
1 31698U 07026A   08053.88854100  .00000332  00000+0  18989-4 0  7840
2 31698  97.4447  62.1499 0001478  83.2800   1.1854 15.19151092 38358
1 31698U 07026A   08054.08612233  .00000329  00000+0  18855-4 0  7851
2 31698  97.4447  62.3448 0001482  82.0671   2.2702 15.19151235 38388
1 31698U 07026A   08054.42517162  .00000353  00000+0  20023-4 0  7862
2 31698  97.4448  62.6790 0001496  81.1434  56.2542 15.19151679 38433
1 31698U 07026A   08054.88269898  .00000297  00000+0  17327-4 0  7873
2 31698  97.4448  63.1298 0001501  81.6689  36.3232 15.19151611 38505
1 31698U 07026A   08055.13586003  .00000297  00000+0  17324-4 0  7880
2 31698  97.4448  63.3795 0001503  80.3638 341.2693 15.19151796 38548
1 31698U 07026A   08055.54654490  .00000283  00000+0  16643-4 0  7890
2 31698  97.4448  63.7842 0001499  79.0425  67.1710 15.19151974 38607
1 31698U 07026A   08055.73892521  .00000211  00000+0  13218-4 0  7908
2 31698  97.4448  63.9737 0001478  78.4753  39.1809 15.19151482 38631
1 31698U 07026A   08055.93105259  .00000196  00000+0  12514-4 0  7916
2 31698  97.4448  64.1631 0001460  78.1177   9.6021 15.19151487 38661
1 31698U 07026A   08056.12560130  .00000190  00000+0  12230-4 0  7910
2 31698  97.4448  64.3549 0001466  77.6234 353.3940 15.19151557 38695
1 31698U 07026A   08056.59113789  .00000142  00000+0  99447-5 0  7929
2 31698  97.4452  64.8138 0001475  78.3803  17.0059 15.19151392 38769
1 31698U 07026A   08056.79041633  .00000087  00000+0  73507-5 0  7937
2 31698  97.4453  65.0104 0001465  78.5485  25.9830 15.19151034 38794
1 31698U 07026A   08057.11454510  .00000038  00000+0  49886-5 0  7946
2 31698  97.4452  65.3296 0001448  78.1671 357.8758 15.19150932 38840
1 31698U 07026A   08057.38367022  .00000030  00000+0  46023-5 0  7959
2 31698  97.4452  65.5948 0001443  77.5463  29.3880 15.19150962 38887
1 31698U 07026A   08057.64772916 -.00000002  00000+0  30726-5 0  7964
2 31698  97.4453  65.8553 0001427  77.5589  32.5766 15.19150770 38925
1 31698U 07026A   08058.51152071  .00002032  00000+0  10000-3 0  7971
2 31698  97.4470  66.7089 0001412  88.5683  62.4773 15.19122857 39059
1 31698U 07026A   08058.83555753  .00002032  00000+0  10000-3 0  7981
2 31698  97.4465  67.0274 0001417  97.8854  24.1304 15.19122228 39104
1 31698U 07026A   08059.24273148  .00002032  00000+0  10000-3 0  7993
2 31698  97.4463  67.4293 0001154  86.0924 101.2883 15.19127236 39162
1 31698U 07026A   08060.00845024  .00021013  00000+0  10000-2 0  8009
2 31698  97.4468  68.1832 0002129  94.7998 317.6537 15.19184079 39284
1 31698U 07026A   08060.22035954  .00012085  00000+0  57738-3 0  8016
2 31698  97.4460  68.3930 0001765  92.7645  37.8633 15.19172186 39317
1 31698U 07026A   08060.48788470  .00011258  00000+0  53810-3 0  8021
2 31698  97.4463  68.6568 0001627  89.2370  63.5512 15.19175467 39354
1 31698U 07026A   08060.81207294  .00009154  00000+0  43829-3 0  8030
2 31698  97.4466  68.9765 0001589  91.6677  32.9611 15.19173806 39404
1 31698U 07026A   08061.13108880  .00007896  00000+0  37854-3 0  8040
2 31698  97.4464  69.2909 0001808  84.9401 343.2654 15.19174054 39456
1 31698U 07026A   08061.47630986  .00007281  00000+0  34930-3 0  8055
2 31698  97.4464  69.6311 0001740  84.1659  70.8508 15.19176522 39508
1 31698U 07026A   08061.80012888  .00005868  00000+0  28221-3 0  8063
2 31698  97.4470  69.9512 0001771  89.6438  35.1937 15.19173609 39558
1 31698U 07026A   08061.98040898  .00005500  00000+0  26474-3 0  8076
2 31698  97.4470  70.1290 0001835  87.8438 302.3133 15.19173717 39586
1 31698U 07026A   08062.19628834  .00004924  00000+0  23738-3 0  8071
2 31698  97.4466  70.3418 0001965  83.9348  46.1041 15.19172752 39619
1 31698U 07026A   08062.53033806  .00004218  00000+0  20381-3 0  8086
2 31698  97.4459  70.6698 0001696  63.5321  92.2431 15.19171453 39667
1 31698U 07026A   08062.82937500  .00003824  00000+0  18510-3 0  8096
2 31698  97.4464  70.9650 0001650  68.0080 282.1518 15.19171507 39707
1 31698U 07026A   08063.26115741  .00003260  00000+0  15827-3 0  8104
2 31698  97.4462  71.3906 0001794  71.0861 118.9737 15.19170772 39773
1 31698U 07026A   08063.45155301  .00003185  00000+0  15469-3 0  8110
2 31698  97.4460  71.5780 0001766  71.2322  79.4374 15.19171494 39800
1 31698U 07026A   08063.77429618  .00002718  00000+0  13252-3 0  8120
2 31698  97.4459  71.8956 0001661  66.8306  47.7801 15.19169927 39858
1 31698U 07026A   08063.96614949  .00002620  00000+0  12783-3 0  8135
2 31698  97.4462  72.0851 0001719  68.3372  14.8487 15.19170294 39880
1 31698U 07026A   08064.09795564  .00002519  00000+0  12306-3 0  8131
2 31698  97.4461  72.2150 0001750  69.6839  13.8873 15.19170186 39901
1 31698U 07026A   08064.50118922  .00002391  00000+0  11695-3 0  8143
2 31698  97.4460  72.6123 0001742  69.8195  57.6297 15.19171182 39961
1 31698U 07026A   08064.69891667  .00000541  00000+0  28961-4 0  8158
2 31698  97.4460  72.8064 0001761  75.9680  52.1248 15.19161269 39999
1 31698U 07026A   08065.22597916  .00000498  00000+0  26910-4 0  8151
2 31698  97.4458  73.3261 0001774  75.1193  53.6285 15.19161588 40078
1 31698U 07026A   08065.42536318  .00000507  00000+0  27337-4 0  8168
2 31698  97.4459  73.5227 0001772  74.2021  64.2776 15.19161826 40103
1 31698U 07026A   08065.81799926  .00000230  00000+0  14140-4 0  8179
2 31698  97.4459  73.9098 0001704  72.9781  51.4391 15.19160095 40160
1 31698U 07026A   08066.13705755 -.00000054  00000+0  63431-6 0  8187
2 31698  97.4461  74.2246 0001812  77.3771 350.8341 15.19157803 40210
1 31698U 07026A   08066.54654561  .00002035  00000+0  10000-3 0  8192
2 31698  97.4456  74.6278 0001664  62.7574  83.5626 15.19172946 40274
1 31698U 07026A   08067.05282240  .00002033  00000+0  10000-3 0  8200
2 31698  97.4465  75.1271 0001777  86.0205 307.2313 15.19151195 40359
1 31698U 07026A   08067.19080082  .00002034  00000+0  10000-3 0  8217
2 31698  97.4455  75.2628 0001795  87.4402 339.9264 15.19151666 40371
1 31698U 07026A   08067.53458674  .00002034  00000+0  10000-3 0  8222
2 31698  97.4453  75.6015 0001606  80.3362  65.9708 15.19152117 40428
1 31698U 07026A   08067.65957791  .00002034  00000+0  10000-3 0  8230
2 31698  97.4453  75.7246 0001594  81.6772  27.7626 15.19152374 40442
1 31698U 07026A   08067.91933260  .00002034  00000+0  10000-3 0  8245
2 31698  97.4455  75.9805 0001624  84.8003   4.3148 15.19152749 40483
1 31698U 07026A   08068.04962175  .00002034  00000+0  10000-3 0  8247
2 31698  97.4452  76.1091 0001565  87.1329 354.0690 15.19152445 40504
1 31698U 07026A   08068.45743903  .00000068  00000+0  64222-5 0  8251
2 31698  97.4453  76.5112 0001647  83.1035  66.9935 15.19147505 40562
1 31698U 07026A   08068.78068410  .00000009  00000+0  36301-5 0  8263
2 31698  97.4454  76.8295 0001607  83.4709  33.3030 15.19147368 40612
1 31698U 07026A   08069.25370370  .00000757  00000+0  39240-4 0  8272
2 31698  97.4455  77.2966 0001453  88.7609  93.2843 15.19150355 40683
1 31698U 07026A   08069.37142490  .00001259  00000+0  63120-4 0  8288
2 31698  97.4456  77.4128 0001481  90.3725  15.0751 15.19151756 40704
1 31698U 07026A   08069.76647069  .00000346  00000+0  19670-4 0  8291
2 31698  97.4454  77.8018 0001531  91.2491  13.2998 15.19150129 40762
1 31698U 07026A   08069.94932257  .00000377  00000+0  21151-4 0  8300
2 31698  97.4454  77.9819 0001536  90.5239 293.3935 15.19150382 40795
1 31698U 07026A   08070.15426817  .00000441  00000+0  24211-4 0  8307
2 31698  97.4454  78.1840 0001533  88.6489 335.3896 15.19150784 40827
1 31698U 07026A   08070.36076521  .00000665  00000+0  34838-4 0  8318
2 31698  97.4454  78.3875 0001548  88.2797  24.3611 15.19151789 40850
1 31698U 07026A   08070.88443323  .00000401  00000+0  22305-4 0  8328
2 31698  97.4456  78.9033 0001631  89.6342   5.0900 15.19151417 40932
1 31698U 07026A   08071.14297693  .00000382  00000+0  21401-4 0  8330
2 31698  97.4454  79.1583 0001631  89.2594 338.5243 15.19151582 40979
1 31698U 07026A   08071.55254034  .00000376  00000+0  21102-4 0  8349
2 31698  97.4454  79.5620 0001628  86.4553  59.7798 15.19151933 41030
1 31698U 07026A   08071.74482209  .00000260  00000+0  15561-4 0  8352
2 31698  97.4455  79.7515 0001645  87.6332  29.5079 15.19151484 41064
1 31698U 07026A   08072.13073566  .00000241  00000+0  14662-4 0  8369
2 31698  97.4454  80.1323 0001655  85.2146 341.1200 15.19151621 41123
1 31698U 07026A   08072.28226852  .00000226  00000+0  13971-4 0  8379
2 31698  97.4454  80.2816 0001655  84.9166  89.6142 15.19151630 41140
1 31698U 07026A   08072.80011692  .00000068  00000+0  64414-5 0  8385
2 31698  97.4456  80.7920 0001622  82.8903  41.9142 15.19150904 41226
1 31698U 07026A   08073.05622765  .00000076  00000+0  68181-5 0  8397
2 31698  97.4457  81.0445 0001627  82.8060   1.7610 15.19151045 41267
1 31698U 07026A   08073.32157676  .00000071  00000+0  65866-5 0  8405
2 31698  97.4457  81.3061 0001625  82.0648  12.7560 15.19151087 41303
1 31698U 07026A   08073.78736230  .00000044  00000+0  52976-5 0  8413
2 31698  97.4461  81.7655 0001633  81.5979  38.9523 15.19151004 41376
1 31698U 07026A   08074.17296441  .00000100  00000+0  79306-5 0  8422
2 31698  97.4459  82.1454 0001575  80.4403 347.6037 15.19151538 41439
1 31698U 07026A   08074.51920310  .00000140  00000+0  98808-5 0  8432
2 31698  97.4460  82.4868 0001606  79.8823  80.5170 15.19151999 41483
1 31698U 07026A   08074.90224703  .00000096  00000+0  77757-5 0  8449
2 31698  97.4462  82.8645 0001610  80.4181  13.4897 15.19151754 41549
1 31698U 07026A   08075.09810847  .00000084  00000+0  72068-5 0  8458
2 31698  97.4463  83.0577 0001614  80.1063   4.2741 15.19151737 41577
1 31698U 07026A   08075.43138850  .00000083  00000+0  71342-5 0  8467
2 31698  97.4463  83.3862 0001616  80.3098  25.5987 15.19151826 41622
1 31698U 07026A   08075.80761574 -.00000043  00000+0  11696-5 0  8477
2 31698  97.4472  83.7574 0001674  79.9428 282.2138 15.19150853 41686
1 31698U 07026A   08076.42509819  .00002034  00000+0  10000-3 0  8486
2 31698  97.4479  84.3671 0001840 100.4559  36.5578 15.19161302 41777
1 31698U 07026A   08076.88267583  .00002034  00000+0  10000-3 0  8496
2 31698  97.4489  84.8187 0001845  99.6759  18.2065 15.19161707 41846
1 31698U 07026A   08077.41288069  .00002034  00000+0  10000-3 0  8500
2 31698  97.4491  85.3413 0001940  89.7138  45.9699 15.19160392 41922
1 31698U 07026A   08077.54654682  .00002034  00000+0  10000-3 0  8513
2 31698  97.4488  85.4730 0001777  80.8413  65.3870 15.19160650 41943
1 31698U 07026A   08077.67139694  .00002034  00000+0  10000-3 0  8529
2 31698  97.4480  85.5985 0001969  71.0501  37.5117 15.19154878 41963
1 31698U 07026A   08078.53458737  .00000402  00000+0  22328-4 0  8532
2 31698  97.4471  86.4467 0001836  80.0852  66.1907 15.19149888 42095
1 31698U 07026A   08079.33233796 -.00000003  00000+0  30378-5 0  8541
2 31698  97.4484  87.2336 0001885  80.2125 106.1259 15.19148785 42216
1 31698U 07026A   08079.84740863  .00002034  00000+0  10000-3 0  8559
2 31698  97.4482  87.7412 0001799  82.7229  38.7343 15.19158738 42291
1 31698U 07026A   08080.10405407  .00000079  00000+0  69747-5 0  8564
2 31698  97.4481  87.9939 0001804  77.9377   6.1768 15.19149365 42334
1 31698U 07026A   08080.51414064  .00000325  00000+0  18661-4 0  8571
2 31698  97.4478  88.3978 0001859  79.3487  86.0800 15.19150869 42397
1 31698U 07026A   08080.70397571  .00000323  00000+0  18580-4 0  8584
2 31698  97.4475  88.5849 0001819  78.0778  44.8850 15.19150931 42429
1 31698U 07026A   08080.89625828  .00000432  00000+0  23756-4 0  8596
2 31698  97.4475  88.7744 0001808  76.8605  17.0157 15.19151583 42457
1 31698U 07026A   08081.09225860  .00000424  00000+0  23384-4 0  8599
2 31698  97.4474  88.9678 0001743  77.7311   7.3777 15.19151841 42486
1 31698U 07026A   08081.49035096  .00000572  00000+0  30426-4 0  8604
2 31698  97.4473  89.3605 0001788  76.3412  24.5274 15.19152892 42543
1 31698U 07026A   08081.75276141  .00000378  00000+0  21190-4 0  8614
2 31698  97.4471  89.6184 0001780  78.9795  16.0789 15.19152039 42584
1 31698U 07026A   08081.94973840  .00000297  00000+0  17336-4 0  8623
2 31698  97.4471  89.8125 0001756  78.3807  13.2473 15.19151949 42614
1 31698U 07026A   08082.22035316  .00000391  00000+0  21826-4 0  8626
2 31698  97.4472  90.0796 0001793  76.0223  54.6409 15.19152591 42657
1 31698U 07026A   08082.48770347  .00000192  00000+0  12319-4 0  8631
2 31698  97.4471  90.3433 0001768  78.1657  73.6911 15.19152321 42697
1 31698U 07026A   08082.87669203 -.00000054  00000+0  63779-6 0  8649
2 31698  97.4469  90.7258 0001777  78.7180  39.1351 15.19151280 42755
1 31698U 07026A   08083.19663414  .00002034  00000+0  10000-3 0  8659
2 31698  97.4466  91.0413 0001743  82.6871 343.8166 15.19159469 42805
1 31698U 07026A   08083.80011730  .00002034  00000+0  10000-3 0  8666
2 31698  97.4465  91.6355 0001710  79.4502  45.3576 15.19158033 42898
1 31698U 07026A   08083.92589813  .00002034  00000+0  10000-3 0  8672
2 31698  97.4468  91.7598 0001806  79.9350  12.3232 15.19158071 42911
1 31698U 07026A   08084.19637255  .00000132  00000+0  94815-5 0  8671
2 31698  97.4464  92.0269 0001763  76.4165  54.0959 15.19151957 42953
1 31698U 07026A   08084.45766179  .00000336  00000+0  19185-4 0  8681
2 31698  97.4462  92.2842 0001783  77.0335  41.5476 15.19152940 42990
1 31698U 07026A   08084.59687704  .00000122  00000+0  89938-5 0  8690
2 31698  97.4463  92.4212 0001742  73.3346  86.1186 15.19152138 43016
1 31698U 07026A   08085.04483563  .00000122  00000+0  89938-5 0  8700
2 31698  97.4461  92.8624 0001734  74.1059  13.6460 15.19152192 43083
1 31698U 07026A   08085.58479477  .00000122  00000+0  89938-5 0  8719
2 31698  97.4457  93.3948 0001683  69.1447  89.7220 15.19151271 43165
1 31698U 07026A   08086.09564692  .00032228  00000+0  15302-2 0  8724
2 31698  97.4482  93.8961 0001906  81.6092 349.2953 15.19172670 43248
1 31698U 07026A   08086.36709006  .00012281  00000+0  58683-3 0  8732
2 31698  97.4474  94.1667 0001877  91.4789  22.9895 15.19163502 43283
1 31698U 07026A   08086.56139964  .00002034  00000+0  10000-3 0  8741
2 31698  97.4469  94.3576 0001751  77.3841  19.0761 15.19156732 43311
1 31698U 07026A   08086.80542824  .00002034  00000+0  10000-3 0  8752
2 31698  97.4470  94.5977 0001720  82.6555 267.5317 15.19156699 43349
1 31698U 07026A   08086.95560714  .00002034  00000+0  10000-3 0  8767
2 31698  97.4472  94.7456 0001661  83.2932   7.6874 15.19156267 43370
1 31698U 07026A   08087.14853817  .00002034  00000+0  10000-3 0  8768
2 31698  97.4474  94.9368 0001968  80.7410 344.6886 15.19155386 43401
1 31698U 07026A   08087.35690722  .00002034  00000+0  10000-3 0  8776
2 31698  97.4473  95.1421 0001943  77.9099  46.3537 15.19156198 43431
1 31698U 07026A   08087.81801122  .00000126  00000+0  91847-5 0  8797
2 31698  97.4473  95.5972 0001813  81.0885  43.2960 15.19148628 43504
1 31698U 07026A   08088.13634441  .00000513  00000+0  27598-4 0  8804
2 31698  97.4466  95.9112 0001831  81.3142 342.9083 15.19150185 43556
1 31698U 07026A   08088.41277324  .00000628  00000+0  33119-4 0  8812
2 31698  97.4472  96.1839 0001812  82.4673  52.5660 15.19151062 43596
1 31698U 07026A   08088.61468329  .00000108  00000+0  83269-5 0  8827
2 31698  97.4468  96.3825 0001801  79.1856  79.3706 15.19149173 43624
1 31698U 07026A   08089.12601069  .00000014  00000+0  38637-5 0  8830
2 31698  97.4471  96.8874 0001802  84.5349 348.6589 15.19149318 43706
1 31698U 07026A   08089.60074866  .00000083  00000+0  71588-5 0  8841
2 31698  97.4466  97.3549 0001803  80.0095  67.8376 15.19149345 43776
1 31698U 07026A   08090.17922676  .00000270  00000+0  16072-4 0  8851
2 31698  97.4470  97.9251 0001685  79.5763 349.9195 15.19150657 43861
1 31698U 07026A   08090.58267453  .00000571  00000+0  30368-4 0  8860
2 31698  97.4468  98.3227 0001726  77.2016  37.3229 15.19152119 43926
1 31698U 07026A   08090.78068409  .00000724  00000+0  37674-4 0  8870
2 31698  97.4466  98.5177 0001687  76.6294  40.1085 15.19152760 43954
1 31698U 07026A   08091.23144873  .00001045  00000+0  52924-4 0  8884
2 31698  97.4469  98.9618 0001581  77.5178 342.8644 15.19155022 44021
1 31698U 07026A   08091.44303567  .00001111  00000+0  56085-4 0  8891
2 31698  97.4467  99.1704 0001588  77.4514  59.3544 15.19155825 44051
1 31698U 07026A   08091.83553439  .00000847  00000+0  43510-4 0  8905
2 31698  97.4466  99.5570 0001553  79.7370  42.2560 15.19155420 44119
1 31698U 07026A   08092.15362817  .00000984  00000+0  50016-4 0  8911
2 31698  97.4467  99.8708 0001552  77.7971 342.7298 15.19156516 44168
1 31698U 07026A   08092.50298145  .00000992  00000+0  50405-4 0  8924
2 31698  97.4463 100.2151 0001539  76.5686  93.3399 15.19157236 44215
1 31698U 07026A   08092.75052743  .00000694  00000+0  36220-4 0  8932
2 31698  97.4467 100.4588 0001517  78.7685   4.0907 15.19156063 44259
1 31698U 07026A   08093.14267502  .00000226  00000+0  13964-4 0  8949
2 31698  97.4465 100.8458 0001635  81.8866 344.2338 15.19153880 44312
1 31698U 07026A   08093.41908069  .00000102  00000+0  80537-5 0  8954
2 31698  97.4467 101.1181 0001611  80.0612  56.7412 15.19153265 44354
1 31698U 07026A   08093.73876146  .00002033  00000+0  10000-3 0  8961
2 31698  97.4447 101.4339 0001778  87.3289 356.6554 15.19150003 44406
1 31698U 07026A   08094.47729243  .00002034  00000+0  10000-3 0  8970
2 31698  97.4447 102.1620 0001768  85.5632  74.8248 15.19152132 44514
1 31698U 07026A   08094.77702546  .00002034  00000+0  10000-3 0  8981
2 31698  97.4445 102.4571 0001708  82.9769 275.5841 15.19152534 44555
1 31698U 07026A   08095.11950756  .00002034  00000+0  10000-3 0  8999
2 31698  97.4448 102.7949 0001808  86.0624 344.3149 15.19152937 44616
1 31698U 07026A   08095.39508265  .00002034  00000+0  10000-3 0  9006
2 31698  97.4447 103.0665 0001783  84.6372  51.8844 15.19153934 44654
1 31698U 07026A   08095.65366507  .00002034  00000+0  10000-3 0  9017
2 31698  97.4444 103.3209 0001648  76.7855  32.9990 15.19154062 44695
1 31698U 07026A   08096.04370219  .00000840  00000+0  43194-4 0  9021
2 31698  97.4448 103.7061 0001413  88.5487 352.9480 15.19148379 44751
1 31698U 07026A   08096.30234304  .00000485  00000+0  26265-4 0  9030
2 31698  97.4447 103.9606 0001421  87.5867 327.4967 15.19148037 44799
1 31698U 07026A   08096.50851593  .00000006  00000+0  34935-5 0  9041
2 31698  97.4449 104.1638 0001624  80.7671  21.1393 15.19146761 44829
1 31698U 07026A   08096.77421517  .00000040  00000+0  50896-5 0  9052
2 31698  97.4448 104.4254 0001618  81.0247  33.0461 15.19147005 44865
1 31698U 07026A   08096.95634418  .00000070  00000+0  65380-5 0  9066
2 31698  97.4447 104.6049 0001615  80.2175 309.2696 15.19147237 44894
1 31698U 07026A   08097.03184451  .00000151  00000+0  10387-4 0  9069
2 31698  97.4450 104.6798 0001619  79.0013   3.1310 15.19147770 44907
1 31698U 07026A   08097.09811934  .00000180  00000+0  11777-4 0  9075
2 31698  97.4447 104.7448 0001593  79.4634   4.8910 15.19147979 44916
1 31698U 07026A   08097.50552940  .00000288  00000+0  16890-4 0  9081
2 31698  97.4447 105.1462 0001650  80.7704  70.2656 15.19148909 44978
1 31698U 07026A   08097.89437626  .00000273  00000+0  16208-4 0  9094
2 31698  97.4445 105.5290 0001632  83.4616  32.7976 15.19149108 45039
1 31698U 07026A   08098.14823395  .00000314  00000+0  18128-4 0  9106
2 31698  97.4445 105.7797 0001608  79.5984 344.1076 15.19149568 45075
1 31698U 07026A   08098.49372135  .00000370  00000+0  20793-4 0  9119
2 31698  97.4446 106.1202 0001624  79.7197  72.2333 15.19150252 45121
1 31698U 07026A   08098.68413630  .00000326  00000+0  18734-4 0  9120
2 31698  97.4446 106.3079 0001605  79.2713  33.3835 15.19150068 45156
1 31698U 07026A   08098.94381421  .00000339  00000+0  19326-4 0  9134
2 31698  97.4446 106.5637 0001602  78.6777  13.2351 15.19150377 45195
1 31698U 07026A   08099.07433752  .00000360  00000+0  20332-4 0  9137
2 31698  97.4445 106.6927 0001593  77.9301   7.3528 15.19150655 45213
1 31698U 07026A   08099.48208855  .00000369  00000+0  20749-4 0  9148
2 31698  97.4446 107.0946 0001605  77.1889  76.6394 15.19151077 45272
1 31698U 07026A   08099.87099836  .00000395  00000+0  22010-4 0  9151
2 31698  97.4445 107.4779 0001543  80.5934  38.8045 15.19151475 45331
1 31698U 07026A   08100.12178494  .00000353  00000+0  20016-4 0  9169
2 31698  97.4444 107.7251 0001532  80.9670 329.0929 15.19151388 45370
1 31698U 07026A   08100.46925391  .00000329  00000+0  18867-4 0  9177
2 31698  97.4444 108.0676 0001504  79.3303  69.8041 15.19151410 45425
1 31698U 07026A   08100.83585648  .00000299  00000+0  17450-4 0  9189
2 31698  97.4444 108.4289 0001514  80.6371 272.1467 15.19151434 45472
1 31698U 07026A   08101.11395193 -.00000037  00000+0  14193-5 0  9199
2 31698  97.4443 108.7028 0001519  83.1899 349.4910 15.19148504 45524
1 31698U 07026A   08101.31562804 -.00000055  00000+0  59296-6 0  9202
2 31698  97.4443 108.9015 0001513  82.1324  12.7971 15.19148346 45552
1 31698U 07026A   08102.32252315  .00002034  00000+0  10000-3 0  9213
2 31698  97.4454 109.8954 0001747  86.0531 112.0848 15.19164362 45708
1 31698U 07026A   08102.76639291  .00000141  00000+0  10000-4 0  9222
2 31698  97.4456 110.3309 0012580  72.9263  30.8007 15.18966834 45778
1 31698U 07026A   08103.15873095  .00000142  00000+0  10000-4 0  9230
2 31698  97.4530 110.7311 0012750  75.2035  12.7873 15.19141793 45837
1 31698U 07026A   08103.56640521  .00000142  00000+0  10000-4 0  9242
2 31698  97.4446 111.1210 0016046  74.8243  81.1910 15.19080401 45890
1 31698U 07026A   08103.82409880  .00000142  00000+0  10000-4 0  9253
2 31698  97.4447 111.3725 0015890  74.0787  50.3184 15.19090401 45932
1 31698U 07026A   08103.94004348  .00000142  00000+0  10000-4 0  9267
2 31698  97.4478 111.4856 0014494  76.5791 321.5283 15.19100350 45953
1 31698U 07026A   08104.08162095  .00000142  00000+0  10000-4 0  9267
2 31698  97.4455 111.6319 0012155  70.3126  21.6381 15.19137670 45974
1 31698U 07026A   08104.20842792  .00000142  00000+0  10000-4 0  9271
2 31698  97.4439 111.7534 0012850  70.7282 354.2518 15.19123689 45999
1 31698U 07026A   08104.55261395  .00000142  00000+0  10000-4 0  9284
2 31698  97.4419 112.0922 0012321  67.5284  78.5804 15.19134530 46049
1 31698U 07026A   08104.87263729  .00000142  00000+0  10000-4 0  9293
2 31698  97.4431 112.4095 0011927  67.1205  28.0490 15.19136031 46092
1 31698U 07026A   08104.93765326  .00000142  00000+0  10000-4 0  9302
2 31698  97.4431 112.4736 0011927  66.8938  23.6140 15.19136058 46107
1 31698U 07026A   08105.19678461  .00000142  00000+0  10000-4 0  9304
2 31698  97.4429 112.7290 0011769  66.1720   0.5992 15.19137455 46143
1 31698U 07026A   08105.54065399  .00000142  00000+0  10000-4 0  9314
2 31698  97.4428 113.0676 0011768  64.7316  81.4246 15.19137445 46192
1 31698U 07026A   08105.92555606  .00000146  00000+0  10000-4 0  9326
2 31698  97.4481 113.4497 0009623  73.1716  16.9331 15.19757020 46253
1 31698U 07026A   08106.05533102  .00000145  00000+0  10000-4 0  9338
2 31698  97.4393 113.5718 0008258  58.6659  20.9190 15.19663492 46278
1 31698U 07026A   08106.32499502  .00000143  00000+0  10000-4 0  9342
2 31698  97.4445 113.8373 0006904  67.2547  46.1513 15.19176409 46315
1 31698U 07026A   08106.59493870  .00000143  00000+0  10000-4 0  9354
2 31698  97.4477 114.1064 0006488  70.5909  78.2212 15.19184294 46354
1 31698U 07026A   08106.71957442  .00000143  00000+0  10000-4 0  9369
2 31698  97.4422 114.2353 0002936  70.8147  39.1675 15.19192628 46378
1 31698U 07026A   08106.91366734  .00000143  00000+0  10000-4 0  9370
2 31698  97.4496 114.4211 0006527  86.2979   4.5154 15.19162853 46407
1 31698U 07026A   08107.17331241  .00000143  00000+0  10000-4 0  9385
2 31698  97.4473 114.6794 0006426  90.9744 338.9243 15.19159389 46447
1 31698U 07026A   08107.51759444  .00000143  00000+0  10000-4 0  9393
2 31698  97.4452 115.0154 0005069  76.1432  75.3524 15.19143510 46499
1 31698U 07026A   08107.90278002  .00000143  00000+0  10000-4 0  9404
2 31698  97.4452 115.3950 0005069  74.8006  21.8994 15.19143672 46551
1 31698U 07026A   08108.16513589  .00000143  00000+0  10000-4 0  9416
2 31698  97.4457 115.6551 0003740  81.6853   8.9316 15.19147858 46594
1 31698U 07026A   08108.57057546  .00000143  00000+0  10000-4 0  9428
2 31698  97.4458 116.0548 0003795  78.4806  68.0466 15.19148647 46655
1 31698U 07026A   08108.82988545  .00000143  00000+0  10000-4 0  9439
2 31698  97.4458 116.3103 0003795  77.5767  46.1956 15.19148755 46696
1 31698U 07026A   08108.94577833  .00000143  00000+0  10000-4 0  9447
2 31698  97.4467 116.4246 0003399  76.4504 320.7363 15.19149870 46717
1 31698U 07026A   08109.15320348  .00000143  00000+0  10000-4 0  9448
2 31698  97.4461 116.6309 0002925  79.8115  11.0608 15.19151374 46749
1 31698U 07026A   08109.49371640  .00000143  00000+0  10000-4 0  9457
2 31698  97.4458 116.9662 0002958  78.6209  73.3132 15.19151894 46792
1 31698U 07026A   08109.81796416  .00000143  00000+0  10000-4 0  9466
2 31698  97.4457 117.2856 0002957  76.7920  47.3048 15.19152061 46848
1 31698U 07026A   08109.93777149  .00000143  00000+0  10000-4 0  9472
2 31698  97.4457 117.4037 0002957  76.3744 342.5246 15.19152112 46860
1 31698U 07026A   08110.14000713  .00000143  00000+0  10000-4 0  9473
2 31698  97.4455 117.6037 0002596  75.2057   9.0156 15.19153358 46895
1 31698U 07026A   08110.54655637  .00000143  00000+0  10000-4 0  9489
2 31698  97.4455 118.0043 0002596  73.7880  72.4136 15.19153528 46952
1 31698U 07026A   08110.85879201  .00000143  00000+0  10000-4 0  9499
2 31698  97.4453 118.3116 0002377  82.5750 330.1397 15.19153207 47009
1 31698U 07026A   08110.93087635  .00000143  00000+0  10000-4 0  9502
2 31698  97.4452 118.3829 0002270  87.7338 358.9563 15.19153055 47015
1 31698U 07026A   08111.19090749  .00000143  00000+0  10000-4 0  9501
2 31698  97.4452 118.6391 0002270  86.8273 341.0533 15.19153164 47055
1 31698U 07026A   08111.53698758  .00000143  00000+0  10000-4 0  9514
2 31698  97.4441 118.9791 0001693  81.1349  78.2370 15.19154324 47103
1 31698U 07026A   08111.85903131  .00000143  00000+0  10000-4 0  9524
2 31698  97.4449 119.2967 0001578  90.3066  29.1815 15.19154126 47154
1 31698U 07026A   08111.91934760  .00000143  00000+0  10000-4 0  9534
2 31698  97.4449 119.3561 0001587  91.4811 357.6632 15.19154052 47160
1 31698U 07026A   08112.19019560  .00000143  00000+0  10000-4 0  9537
2 31698  97.4451 119.6237 0001849  91.3498  38.0976 15.19153254 47206
1 31698U 07026A   08112.52402069  .00000143  00000+0  10000-4 0  9545
2 31698  97.4448 119.9521 0001673  79.7904  74.1530 15.19152303 47254
1 31698U 07026A   08112.78073270  .00000143  00000+0  10000-4 0  9552
2 31698  97.4447 120.2050 0001579  85.1367  31.8512 15.19151792 47299
1 31698U 07026A   08112.96243970  .00000143  00000+0  10000-4 0  9569
2 31698  97.4451 120.3837 0001566  88.3090 301.7902 15.19151691 47326
1 31698U 07026A   08113.17079471  .00000143  00000+0  10000-4 0  9566
2 31698  97.4448 120.5893 0001564  88.2807   0.5675 15.19151076 47350
1 31698U 07026A   08113.51153472  .00000143  00000+0  10000-4 0  9579
2 31698  97.4445 120.9248 0001582  85.5864  65.5566 15.19150760 47403
1 31698U 07026A   08113.83551162  .00000143  00000+0  10000-4 0  9583
2 31698  97.4448 121.2442 0001686  82.8258  38.9864 15.19149631 47453
1 31698U 07026A   08114.15926407  .00000143  00000+0  10000-4 0  9598
2 31698  97.4448 121.5629 0001594  88.0561   3.2079 15.19149390 47507
1 31698U 07026A   08114.56657383  .00000143  00000+0  10000-4 0  9609
2 31698  97.4446 121.9645 0001475  89.8227  67.5702 15.19149198 47561
1 31698U 07026A   08114.82397226  .00000143  00000+0  10000-4 0  9616
2 31698  97.4443 122.2177 0001631  87.8669  36.3208 15.19148862 47601
1 31698U 07026A   08114.94005878  .00000143  00000+0  10000-4 0  9629
2 31698  97.4443 122.3322 0001643  88.0429 310.6098 15.19148898 47620
1 31698U 07026A   08115.14614134  .00000143  00000+0  10000-4 0  9623
2 31698  97.4443 122.5353 0001609  86.8451 358.1412 15.19148969 47658
1 31698U 07026A   08115.41858758  .00000143  00000+0  10000-4 0  9636
2 31698  97.4443 122.8041 0001596  88.7207  45.3076 15.19149096 47697
1 31698U 07026A   08115.78859954  .00000143  00000+0  10000-4 0  9646
2 31698  97.4447 123.1688 0001588  89.4161 266.8953 15.19149404 47743
1 31698U 07026A   08115.93713634  .00000143  00000+0  10000-4 0  9658
2 31698  97.4446 123.3153 0001595  88.4392 359.6927 15.19149481 47774
1 31698U 07026A   08116.20157674  .00000143  00000+0  10000-4 0  9655
2 31698  97.4445 123.5761 0001578  87.7051   5.7142 15.19149748 47814
1 31698U 07026A   08116.54338240  .00000143  00000+0  10000-4 0  9663
2 31698  97.4445 123.9129 0001636  85.0034  76.5390 15.19150052 47869
1 31698U 07026A   08116.92674083  .00000143  00000+0  10000-4 0  9674
2 31698  97.4446 124.2906 0001645  88.2618   8.5075 15.19150138 47927
1 31698U 07026A   08117.18934698  .00000143  00000+0  10000-4 0  9685
2 31698  97.4444 124.5496 0001644  86.4098   5.6215 15.19150325 47969
1 31698U 07026A   08117.52863440  .00000143  00000+0  10000-4 0  9690
2 31698  97.4448 124.8843 0001651  86.0065  60.3846 15.19150461 48016
1 31698U 07026A   08117.84509613  .00000143  00000+0  10000-4 0  9717
2 31698  97.4452 125.1966 0001651  86.4223 349.5739 15.19150393 48063
1 31698U 07026A   08118.17729288  .00000143  00000+0  10000-4 0  9705
2 31698  97.4452 125.5240 0001641  85.3016   6.3010 15.19150570 48112
1 31698U 07026A   08118.30940997  .00000143  00000+0  10000-4 0  9713
2 31698  97.4452 125.6542 0001646  85.2861   8.3968 15.19150650 48135
1 31698U 07026A   08118.58263006  .00000143  00000+0  10000-4 0  9723
2 31698  97.4453 125.9235 0001684  86.2926  60.6642 15.19150877 48178
1 31698U 07026A   08118.77422692  .00000143  00000+0  10000-4 0  9711
2 31698  97.4455 126.1126 0001687  85.7593  28.3615 15.19150933 48207
1 31698U 07026A   08118.90182575  .00000143  00000+0  10000-4 0  9720
2 31698  97.4455 126.2383 0001690  84.9659   6.5407 15.19150985 48227
1 31698U 07026A   08119.16479368  .00000143  00000+0  10000-4 0  9728
2 31698  97.4455 126.4976 0001639  84.3401   4.4076 15.19151202 48265
1 31698U 07026A   08119.50804438  .00000143  00000+0  10000-4 0  9737
2 31698  97.4457 126.8361 0001740  89.5672  75.2079 15.19151663 48315
1 31698U 07026A   08119.82993291  .00000143  00000+0  10000-4 0  9749
2 31698  97.4458 127.1537 0001670  91.0404  33.0070 15.19152140 48367
1 31698U 07026A   08120.23689815  .00000143  00000+0  10000-4 0  9751
2 31698  97.4460 127.5548 0001629  90.0818  98.2214 15.19152686 48423
1 31698U 07026A   08120.49420262  .00000143  00000+0  10000-4 0  9769
2 31698  97.4459 127.8083 0001594  92.0080  62.5867 15.19153147 48467
1 31698U 07026A   08120.81802318  .00000143  00000+0  10000-4 0  9772
2 31698  97.4459 128.1275 0001594  90.8794  33.5447 15.19153282 48510
1 31698U 07026A   08120.93758648  .00000143  00000+0  10000-4 0  9782
2 31698  97.4459 128.2453 0001594  90.4626 327.4303 15.19153333 48534
1 31698U 07026A   08121.14080775  .00000143  00000+0  10000-4 0  9785
2 31698  97.4460 128.4457 0001680  89.6081 358.9814 15.19153357 48568
1 31698U 07026A   08121.53734295  .00000143  00000+0  10000-4 0  9792
2 31698  97.4461 128.8366 0001632  88.1941   7.6426 15.19153444 48629
1 31698U 07026A   08121.87099777  .00000143  00000+0  10000-4 0  9800
2 31698  97.4459 129.1653 0001514  84.3326  35.0728 15.19152852 48670
1 31698U 07026A   08122.18967448  .00000143  00000+0  10000-4 0  9815
2 31698  97.4458 129.4796 0001681  87.9157 333.1977 15.19152288 48723
1 31698U 07026A   08122.53460111  .00000143  00000+0  10000-4 0  9820
2 31698  97.4454 129.8193 0001633  85.7155  60.5746 15.19151869 48779
1 31698U 07026A   08122.85110723  .00000143  00000+0  10000-4 0  9837
2 31698  97.4472 130.1320 0001666  82.4212 353.7107 15.19151106 48828
1 31698U 07026A   08122.97200830  .00000143  00000+0  10000-4 0  9840
2 31698  97.4471 130.2513 0001681  80.3178 296.5901 15.19150788 48840
1 31698U 07026A   08123.18340696  .00000143  00000+0  10000-4 0  9849
2 31698  97.4469 130.4596 0001654  83.5381   8.7561 15.19150414 48875
1 31698U 07026A   08123.45745965  .00000143  00000+0  10000-4 0  9858
2 31698  97.4471 130.7296 0001566  86.2659  63.8493 15.19150274 48913
1 31698U 07026A   08123.78069642  .00000143  00000+0  10000-4 0  9866
2 31698  97.4469 131.0482 0001464  83.2001  33.5462 15.19150076 48961
1 31698U 07026A   08123.90861704  .00000143  00000+0  10000-4 0  9870
2 31698  97.4470 131.1745 0001504  83.9382  11.9512 15.19149979 48988
1 31698U 07026A   08124.17133146  .00000143  00000+0  10000-4 0  9872
2 31698  97.4472 131.4336 0001581  77.7589  13.9750 15.19149161 49029
1 31698U 07026A   08124.51154281  .00000143  00000+0  10000-4 0  9884
2 31698  97.4468 131.7684 0001524  82.8181  68.3241 15.19149156 49073
1 31698U 07026A   08124.89692313  .00000143  00000+0  10000-4 0  9899
2 31698  97.4472 132.1484 0001621  84.8542  12.5631 15.19149011 49133
1 31698U 07026A   08124.96231912  .00000143  00000+0  10000-4 0  9903
2 31698  97.4472 132.2127 0001622  82.9528  11.8821 15.19148949 49145
1 31698U 07026A   08125.02567242  .00000143  00000+0  10000-4 0  9909
2 31698  97.4475 132.2752 0001614  81.3498 359.7390 15.19148926 49153
1 31698U 07026A   08125.49960021  .00000143  00000+0  10000-4 0  9913
2 31698  97.4469 132.7419 0001653  83.4995  67.8210 15.19149285 49224
1 31698U 07026A   08125.69402074  .00000143  00000+0  10000-4 0  9925
2 31698  97.4456 132.9335 0001688  83.2745  50.6426 15.19149431 49253
1 31698U 07026A   08125.74984368  .00000143  00000+0  10000-4 0  9933
2 31698  97.4457 132.9885 0001693  83.2073 355.8073 15.19149436 49268
1 31698U 07026A   08125.88838203  .00000143  00000+0  10000-4 0  9945
2 31698  97.4457 133.1249 0001682  82.2440  33.9456 15.19149579 49289
1 31698U 07026A   08126.21383880  .00000143  00000+0  10000-4 0  9950
2 31698  97.4457 133.4464 0001625  80.1645  14.7975 15.19150230 49337
1 31698U 07026A   08126.54666021  .00000143  00000+0  10000-4 0  9968
2 31698  97.4457 133.7744 0001680  82.8235  31.1614 15.19150596 49389
1 31698U 07026A   08126.85348380  .00000143  00000+0  10000-4 0  9978
2 31698  97.4457 134.0768 0001681  81.7533 269.1619 15.19150725 49426
1 31698U 07026A   08127.20157181  .00000143  00000+0  10000-4 0  9986
2 31698  97.4458 134.4208 0001639  82.5372  10.8414 15.19151311 49485
1 31698U 07026A   08127.54059084  .00000143  00000+0  10000-4 0  9997
2 31698  97.4460 134.7550 0001667  82.5601  63.7136 15.19151559 49535
1 31698U 07026A   08127.91995127  .00000143  00000+0  10000-4 0    08
2 31698  97.4460 135.1289 0001636  82.4952 337.1563 15.19151712 49592
1 31698U 07026A   08128.18502536  .00000143  00000+0  10000-4 0    17
2 31698  97.4462 135.3904 0001665  83.1134 345.2902 15.19151845 49631
1 31698U 07026A   08128.52863102  .00000143  00000+0  10000-4 0    25
2 31698  97.4461 135.7286 0001656  79.3461  67.0191 15.19151998 49680
1 31698U 07026A   08128.85339242  .00000143  00000+0  10000-4 0    35
2 31698  97.4462 136.0487 0001635  80.7827  40.5511 15.19151974 49739
1 31698U 07026A   08128.91472213  .00000143  00000+0  10000-4 0    50
2 31698  97.4462 136.1092 0001661  80.7918  15.7367 15.19151938 49746
1 31698U 07026A   08129.17733248  .00000143  00000+0  10000-4 0    57
2 31698  97.4461 136.3682 0001674  80.5724  11.2416 15.19151956 49789
1 31698U 07026A   08129.31515119  .00000143  00000+0  10000-4 0    69
2 31698  97.4461 136.5040 0001674  80.0917  44.9648 15.19152014 49807
1 31698U 07026A   08129.77293319  .00000143  00000+0  10000-4 0    75
2 31698  97.4461 136.9555 0001618  76.1770  30.8623 15.19151723 49873
1 31698U 07026A   08129.90210326  .00000143  00000+0  10000-4 0    88
2 31698  97.4461 137.0828 0001618  75.7267  17.2862 15.19151777 49899
1 31698U 07026A   08130.16523727  .00000143  00000+0  10000-4 0    80
2 31698  97.4461 137.3422 0001642  75.8480  15.3097 15.19151561 49932
1 31698U 07026A   08130.57058650  .00000143  00000+0  10000-4 0    94
2 31698  97.4462 137.7419 0001560  76.5318  70.0385 15.19151136 49992
1 31698U 07026A   08130.76063631  .00000143  00000+0  10000-4 0   102
2 31698  97.4462 137.9292 0001560  75.8696  29.4096 15.19151216 50026
1 31698U 07026A   08130.89438668  .00000143  00000+0  10000-4 0   113
2 31698  97.4462 138.0615 0001601  77.1039  39.1789 15.19150930 50040
1 31698U 07026A   08131.15319706  .00000143  00000+0  10000-4 0   114
2 31698  97.4460 138.3168 0001742  75.4127  15.3809 15.19150473 50084
1 31698U 07026A   08131.55857094  .00000143  00000+0  10000-4 0   126
2 31698  97.4460 138.7162 0001623  73.7803  72.5592 15.19150076 50142
1 31698U 07026A   08131.88272230  .00000143  00000+0  10000-4 0   136
2 31698  97.4458 139.0358 0001682  78.2042  39.7593 15.19149234 50195
1 31698U 07026A   08131.94282265  .00000143  00000+0  10000-4 0   143
2 31698  97.4459 139.0950 0001689  76.7225   9.7157 15.19149189 50201
1 31698U 07026A   08132.14131494  .00000143  00000+0  10000-4 0   143
2 31698  97.4458 139.2906 0001637  78.9646  12.3197 15.19148717 50230
1 31698U 07026A   08132.54657457  .00000143  00000+0  10000-4 0   150
2 31698  97.4458 139.6900 0001637  77.5513  68.6583 15.19148887 50293
1 31698U 07026A   08132.87131141  .00000143  00000+0  10000-4 0   164
2 31698  97.4463 140.0104 0001616  83.8065  37.2281 15.19148102 50343
1 31698U 07026A   08132.93114257  .00000143  00000+0  10000-4 0   171
2 31698  97.4464 140.0694 0001629  83.4728   4.5653 15.19148096 50357
1 31698U 07026A   08133.12762043  .00000143  00000+0  10000-4 0   175
2 31698  97.4464 140.2632 0001667  79.9046   1.9698 15.19147876 50384
1 31698U 07026A   08133.53461448  .00000143  00000+0  10000-4 0   186
2 31698  97.4464 140.6641 0001566  83.9398  62.3364 15.19147716 50442
1 31698U 07026A   08133.85909959  .00000143  00000+0  10000-4 0   196
2 31698  97.4463 140.9842 0001554  84.2086  35.5213 15.19147687 50499
1 31698U 07026A   08134.24960300  .00000143  00000+0  10000-4 0   209
2 31698  97.4463 141.3694 0001613  81.2485  12.7529 15.19147489 50559
1 31698U 07026A   08134.52437920  .00000143  00000+0  10000-4 0   218
2 31698  97.4463 141.6402 0001620  80.9418  74.8336 15.19147622 50597
1 31698U 07026A   08134.90787916  .00000143  00000+0  10000-4 0   224
2 31698  97.4463 142.0182 0001620  79.6053  12.1675 15.19147783 50653
1 31698U 07026A   08134.97228009  .00000143  00000+0  10000-4 0   235
2 31698  97.4463 142.0816 0001620  79.3808   4.3717 15.19147810 50664
1 31698U 07026A   08135.23861089  .00000143  00000+0  10000-4 0   236
2 31698  97.4463 142.3441 0001620  78.4523  20.9164 15.19147921 50703
1 31698U 07026A   08135.51076913  .00000143  00000+0  10000-4 0   242
2 31698  97.4464 142.6128 0001612  79.3035  67.5312 15.19147946 50741
1 31698U 07026A   08135.83562620  .00000155  00000+0  10592-4 0   252
2 31698  97.4459 142.9326 0001569  78.6033  43.7193 15.19148100 50790
1 31698U 07026A   08136.15863786  .00000244  00000+0  14795-4 0   264
2 31698  97.4460 143.2511 0001548  78.7681   8.9598 15.19148788 50849
1 31698U 07026A   08136.56457459  .00000362  00000+0  20449-4 0   270
2 31698  97.4458 143.6513 0001552  79.8724  66.4853 15.19149768 50906
1 31698U 07026A   08136.88863726  .00000337  00000+0  19244-4 0   287
2 31698  97.4459 143.9706 0001583  81.2354  36.2700 15.19149811 50954
1 31698U 07026A   08137.14615137  .00000328  00000+0  18816-4 0   293
2 31698  97.4456 144.2246 0001546  82.1017   2.8347 15.19149968 50992
1 31698U 07026A   08137.48701428  .00000312  00000+0  18029-4 0   300
2 31698  97.4455 144.5605 0001543  82.6839  65.2225 15.19150148 51044
1 31698U 07026A   08137.81209648  .00000249  00000+0  15042-4 0   316
2 31698  97.4458 144.8811 0001569  82.8909  41.7346 15.19149913 51093
1 31698U 07026A   08138.13503757  .00000189  00000+0  12210-4 0   328
2 31698  97.4454 145.1996 0001581  81.8001   7.8432 15.19149799 51140
1 31698U 07026A   08138.33333304  .00000163  00000+0  10931-4 0   330
2 31698  97.4459 145.3952 0001650  83.4299   9.9879 15.19149757 51178
1 31698U 07026A   08138.47634701  .00000161  00000+0  10864-4 0   344
2 31698  97.4453 145.5359 0001584  82.0665  72.9869 15.19149841 51198
1 31698U 07026A   08138.86508340  .00000100  00000+0  79584-5 0   355
2 31698  97.4455 145.9193 0001593  78.1482  41.5205 15.19149418 51256
1 31698U 07026A   08139.18509499 -.00000012  00000+0  26378-5 0   364
2 31698  97.4450 146.2346 0001572  78.3966 350.2774 15.19148930 51306
1 31698U 07026A   08139.53062110 -.00000037  00000+0  14237-5 0   376
2 31698  97.4450 146.5752 0001571  77.8475  79.2810 15.19148817 51356
1 31698U 07026A   08139.91309388 -.00000037  00000+0  14237-5 0   380
2 31698  97.4455 146.9523 0001629  78.8085   8.7044 15.19148753 51415
1 31698U 07026A   08140.04407830 -.00000018  00000+0  23486-5 0   393
2 31698  97.4450 147.0816 0001532  77.8009   5.6024 15.19149004 51431
1 31698U 07026A   08140.44893880 -.00000017  00000+0  23627-5 0   409
2 31698  97.4451 147.4808 0001559  76.4667  59.6820 15.19149145 51496
1 31698U 07026A   08140.83291858 -.00000033  00000+0  15974-5 0   414
2 31698  97.4451 147.8591 0001579  79.4820 355.2894 15.19149108 51557
1 31698U 07026A   08141.16022630  .00000089  00000+0  74438-5 0   422
2 31698  97.4449 148.1818 0001560  77.8176 345.8421 15.19150020 51608
1 31698U 07026A   08141.43729442  .00000121  00000+0  89553-5 0   439
2 31698  97.4450 148.4548 0001567  77.6274  60.3361 15.19150323 51649
1 31698U 07026A   08141.76065757  .00000153  00000+0  10487-4 0   442
2 31698  97.4449 148.7735 0001594  81.0468  24.2456 15.19150713 51694
1 31698U 07026A   08141.95429369  .00000173  00000+0  11437-4 0   455
2 31698  97.4449 148.9644 0001588  80.4519   3.1506 15.19150938 51723
1 31698U 07026A   08142.23662037  .00000288  00000+0  16912-4 0   458
2 31698  97.4448 149.2432 0001616  78.5670 108.0819 15.19151750 51768
1 31698U 07026A   08142.42514196  .00000314  00000+0  18149-4 0   466
2 31698  97.4449 149.4290 0001627  78.2235  58.7832 15.19152063 51796
1 31698U 07026A   08142.80990699  .00000277  00000+0  16385-4 0   473
2 31698  97.4449 149.8082 0001627  79.7904   0.1326 15.19152026 51853
1 31698U 07026A   08142.94289764  .00000325  00000+0  18653-4 0   487
2 31698  97.4448 149.9392 0001603  81.5528   5.2271 15.19152433 51873
1 31698U 07026A   08143.20254829  .00000319  00000+0  18372-4 0   482
2 31698  97.4446 150.1957 0001560  80.0169 345.8720 15.19152530 51914
1 31698U 07026A   08143.34392679  .00000326  00000+0  18704-4 0   491
2 31698  97.4446 150.3351 0001559  79.7317  38.8561 15.19152669 51939
1 31698U 07026A   08143.34392679  .00000326  00000+0  18704-4 0   503
2 31698  97.4446 150.3351 0001559  79.7317  38.8561 15.19152669 51939
1 31698U 07026A   08143.67662644  .00000223  00000+0  13826-4 0   529
2 31698  97.4445 150.6629 0001509  78.5269  58.4134 15.19152138 51987
1 31698U 07026A   08143.87107782  .00000186  00000+0  12069-4 0   535
2 31698  97.4445 150.8546 0001519  79.2811  40.4240 15.19151955 52019
1 31698U 07026A   08144.12181190  .00000169  00000+0  11243-4 0   533
2 31698  97.4446 151.1017 0001505  78.6350 331.4467 15.19151991 52051
1 31698U 07026A   08144.47068368  .00000142  00000+0  99665-5 0   549
2 31698  97.4447 151.4456 0001493  79.3308  77.4951 15.19151991 52100
1 31698U 07026A   08144.85906527  .00000018  00000+0  40293-5 0   555
2 31698  97.4447 151.8284 0001508  76.6757  42.8291 15.19151273 52160
1 31698U 07026A   08145.11386256  .00000028  00000+0  45240-5 0   565
2 31698  97.4444 152.0795 0001492  76.2589 355.8312 15.19151513 52201
1 31698U 07026A   08145.51408325  .00000025  00000+0  43978-5 0   575
2 31698  97.4447 152.4738 0001507  75.4083  24.0717 15.19151609 52268
1 31698U 07026A   08145.90791760 -.00000002  00000+0  31122-5 0   581
2 31698  97.4445 152.8620 0001502  77.7743  14.1905 15.19151516 52326
1 31698U 07026A   08146.16759499  .00000041  00000+0  51331-5 0   590
2 31698  97.4442 153.1181 0001465  77.3397 353.8843 15.19151998 52360
1 31698U 07026A   08146.43670172  .00000045  00000+0  53555-5 0   606
2 31698  97.4443 153.3833 0001470  76.2970  25.7193 15.19152115 52408
1 31698U 07026A   08146.83554634  .00000135  00000+0  96142-5 0   614
2 31698  97.4444 153.7766 0001544  76.6070  45.2825 15.19152858 52464
1 31698U 07026A   08147.21984032  .00000210  00000+0  13196-4 0   628
2 31698  97.4443 154.1553 0001518  75.5922 346.6448 15.19153573 52528
1 31698U 07026A   08147.49887584  .00000261  00000+0  15621-4 0   634
2 31698  97.4444 154.4306 0001535  77.0619  70.2372 15.19154161 52561
1 31698U 07026A   08147.88838127  .00000306  00000+0  17767-4 0   640
2 31698  97.4443 154.8146 0001569  76.4517  39.6762 15.19154580 52627
1 31698U 07026A   08148.20776016  .00000269  00000+0  16009-4 0   652
2 31698  97.4442 155.1297 0001588  78.4119 343.2690 15.19154430 52671
1 31698U 07026A   08148.41909324  .00000250  00000+0  15116-4 0   664
2 31698  97.4443 155.3380 0001576  77.8812  58.8332 15.19154434 52707
1 31698U 07026A   08148.81209725  .00000031  00000+0  46665-5 0   678
2 31698  97.4443 155.7253 0001483  76.3648  48.2880 15.19152797 52765
1 31698U 07026A   08148.93721514  .00000014  00000+0  38536-5 0   686
2 31698  97.4442 155.8486 0001489  76.1362  12.3431 15.19152698 52786
1 31698U 07026A   08149.13050752  .00000014  00000+0  38536-5 0   688
2 31698  97.4450 156.0396 0001534  82.7681 342.1417 15.19152535 52818
1 31698U 07026A   08149.33903394  .00000014  00000+0  38536-5 0   690
2 31698  97.4435 156.2463 0001519  91.9313  32.6531 15.19147479 52847
1 31698U 07026A   08149.54059872  .00000014  00000+0  38536-5 0   708
2 31698  97.4433 156.4445 0001567  70.7514  75.4859 15.19152091 52875
1 31698U 07026A   08149.98996654  .00002034  00000+0  10000-3 0   713
2 31698  97.4435 156.8884 0001446  88.6226 353.6002 15.19151941 52944
1 31698U 07026A   08150.05593319  .00002034  00000+0  10000-3 0   725
2 31698  97.4436 156.9528 0001478  83.2322 359.5256 15.19151923 52951
1 31698U 07026A   08150.53062008  .00002034  00000+0  10000-3 0   735
2 31698  97.4434 157.4204 0001386  72.5030  84.6289 15.19152953 53026
1 31698U 07026A   08150.78733993  .00002033  00000+0  10000-3 0   740
2 31698  97.4452 157.6739 0001416  88.2877  31.9231 15.19148871 53068
1 31698U 07026A   08150.97808109  .00001493  00000+0  74269-4 0   751
2 31698  97.4450 157.8613 0001330  85.0429 357.6540 15.19149283 53094
1 31698U 07026A   08151.17334635  .00001282  00000+0  64232-4 0   757
2 31698  97.4447 158.0543 0001337  83.3888 346.5202 15.19149591 53120
1 31698U 07026A   08151.45159128  .00002416  00000+0  11821-3 0   766
2 31698  97.4451 158.3286 0001392  81.7103  68.9380 15.19153102 53164
1 31698U 07026A   08151.77428402  .00000379  00000+0  21229-4 0   776
2 31698  97.4450 158.6465 0001425  84.7934  29.5080 15.19148717 53219
1 31698U 07026A   08151.96128769  .00000682  00000+0  35688-4 0   782
2 31698  97.4451 158.8308 0001401  85.0055 331.3568 15.19149783 53242
1 31698U 07026A   08152.22571995  .00000658  00000+0  34508-4 0   788
2 31698  97.4448 159.0918 0001429  81.4982 340.1052 15.19150104 53286
1 31698U 07026A   08152.43764817  .00001022  00000+0  51866-4 0   791
2 31698  97.4450 159.3007 0001471  80.8377  59.0529 15.19151711 53313
1 31698U 07026A   08152.82995490  .00000477  00000+0  25912-4 0   805
2 31698  97.4448 159.6870 0001484  85.1858  38.8350 15.19150268 53376
1 31698U 07026A   08153.14853503  .00000357  00000+0  20196-4 0   816
2 31698  97.4445 160.0014 0001508  83.2982 341.9057 15.19150097 53421
1 31698U 07026A   08153.49411637  .00000531  00000+0  28476-4 0   826
2 31698  97.4447 160.3420 0001549  84.3229  69.6428 15.19151222 53470
1 31698U 07026A   08153.88269916  .00000224  00000+0  13858-4 0   838
2 31698  97.4445 160.7249 0001552  84.9864  32.7553 15.19150031 53530
1 31698U 07026A   08154.13596503  .00000272  00000+0  16126-4 0   847
2 31698  97.4442 160.9748 0001541  83.6647 338.2907 15.19150458 53570
1 31698U 07026A   08154.48211605  .00000279  00000+0  16460-4 0   851
2 31698  97.4443 161.3159 0001547  82.6380  71.1900 15.19150733 53629
1 31698U 07026A   08154.86280293  .00000061  00000+0  60947-5 0   862
2 31698  97.4439 161.6907 0001503  81.1207 353.3270 15.19149561 53680
1 31698U 07026A   08155.12596631  .00000091  00000+0  75242-5 0   876
2 31698  97.4439 161.9500 0001494  80.2095 352.5457 15.19149838 53726
1 31698U 07026A   08155.52559047  .00000094  00000+0  76665-5 0   884
2 31698  97.4440 162.3438 0001504  78.9698  17.9120 15.19149986 53787
1 31698U 07026A   08155.79059258  .00000029  00000+0  45619-5 0   896
2 31698  97.4440 162.6050 0001498  78.1620  27.0731 15.19149566 53828
1 31698U 07026A   08156.17920360  .00000046  00000+0  53988-5 0   909
2 31698  97.4439 162.9880 0001492  76.9287 352.2415 15.19149789 53884
1 31698U 07026A   08156.45748343  .00000073  00000+0  66716-5 0   913
2 31698  97.4441 163.2623 0001506  76.4765  73.6201 15.19150077 53922
1 31698U 07026A   08156.78071881  .00000039  00000+0  50367-5 0   923
2 31698  97.4441 163.5808 0001502  75.9622  40.7598 15.19149854 53972
1 31698U 07026A   08157.10404522  .00000074  00000+0  67368-5 0   931
2 31698  97.4441 163.8996 0001478  75.0527   8.7971 15.19150299 54021
1 31698U 07026A   08157.30342769  .00000078  00000+0  68920-5 0   947
2 31698  97.4441 164.0961 0001479  74.7326  18.8332 15.19150397 54055
1 31698U 07026A   08157.76653132  .00000068  00000+0  64376-5 0   957
2 31698  97.4441 164.5526 0001528  77.8178  26.8215 15.19150559 54128
1 31698U 07026A   08157.96086170  .00000069  00000+0  64634-5 0   960
2 31698  97.4440 164.7441 0001517  77.5531   9.1906 15.19150660 54150
1 31698U 07026A   08158.24274306  .00000104  00000+0  81289-5 0   967
2 31698  97.4440 165.0220 0001534  76.3749 110.9797 15.19150987 54191
1 31698U 07026A   08158.43061256  .00000152  00000+0  10414-4 0   971
2 31698  97.4439 165.2071 0001549  74.7514  59.3971 15.19151401 54229
1 31698U 07026A   08158.88261108  .00000156  00000+0  10603-4 0   983
2 31698  97.4439 165.6526 0001549  76.8335   7.6944 15.19151628 54296
1 31698U 07026A   08158.94866384  .00000158  00000+0  10701-4 0   999
2 31698  97.4439 165.7177 0001548  76.5284   9.0084 15.19151682 54301
1 31698U 07026A   08159.08026918  .00000170  00000+0  11277-4 0   999
2 31698  97.4438 165.8479 0001542  76.2773   8.5436 15.19151844 54327
1 31698U 07026A   08159.41921882  .00000221  00000+0  13736-4 0  1002
2 31698  97.4438 166.1820 0001573  75.4375  61.9004 15.19152363 54370
1 31698U 07026A   08159.87268638  .00000190  00000+0  12224-4 0  1012
2 31698  97.4439 166.6290 0001536  78.5251  17.2200 15.19152274 54444
1 31698U 07026A   08160.13067753  .00000177  00000+0  11617-4 0  1029
2 31698  97.4438 166.8834 0001521  77.8072 347.9781 15.19152332 54482
1 31698U 07026A   08160.47636060  .00000194  00000+0  12408-4 0  1038
2 31698  97.4438 167.2242 0001534  76.8795  78.2233 15.19152597 54530
1 31698U 07026A   08160.85829745  .00000134  00000+0  95715-5 0  1042
2 31698  97.4440 167.6008 0001517  80.1788   2.3819 15.19152211 54595
1 31698U 07026A   08160.92547760  .00000128  00000+0  92893-5 0  1052
2 31698  97.4438 167.6668 0001499  79.3703  10.3606 15.19152216 54600
1 31698U 07026A   08161.19632206  .00000037  00000+0  49609-5 0  1058
2 31698  97.4438 167.9338 0001489  80.7214  49.2950 15.19151566 54643
1 31698U 07026A   08161.53067730 -.00000023  00000+0  20791-5 0  1068
2 31698  97.4438 168.2636 0001447  79.4184  77.9989 15.19151112 54695
1 31698U 07026A   08161.84920638 -.00000023  00000+0  20791-5 0  1078
2 31698  97.4445 168.5784 0001491  78.8218  19.5013 15.19151101 54744
1 31698U 07026A   08162.04263756  .00002034  00000+0  10000-3 0  1086
2 31698  97.4448 168.7691 0001563  83.8887 351.6168 15.19152702 54776
1 31698U 07026A   08162.32653935  .00002034  00000+0  10000-3 0  1090
2 31698  97.4449 169.0493 0001608  82.5600 104.6005 15.19154125 54812
1 31698U 07026A   08162.57361098  .00000258  00000+0  15463-4 0  1100
2 31698  97.4444 169.2934 0001475  82.1776  15.3344 15.19149775 54854
1 31698U 07026A   08162.70344502 -.00000026  00000+0  19600-5 0  1119
2 31698  97.4447 169.4214 0001480  83.6527   3.4586 15.19148848 54874
1 31698U 07026A   08163.09815686  .00000094  00000+0  76640-5 0  1120
2 31698  97.4448 169.8106 0001475  81.6860   2.7037 15.19149377 54939
1 31698U 07026A   08163.49660939  .00000347  00000+0  19716-4 0  1135
2 31698  97.4450 170.2034 0001514  79.8303  22.2853 15.19150620 54995
1 31698U 07026A   08163.88072883  .00000154  00000+0  10513-4 0  1146
2 31698  97.4449 170.5818 0001514  83.2252 318.2748 15.19149948 55058
1 31698U 07026A   08164.14844753  .00000175  00000+0  11505-4 0  1155
2 31698  97.4448 170.8459 0001517  81.8798 342.8243 15.19150180 55090
1 31698U 07026A   08164.49375163  .00000284  00000+0  16708-4 0  1169
2 31698  97.4451 171.1863 0001564  82.3796  69.5706 15.19150952 55143
1 31698U 07026A   08164.81437289  .00000160  00000+0  10811-4 0  1176
2 31698  97.4450 171.5023 0001562  83.0115  21.2768 15.19150419 55191
1 31698U 07026A   08164.94278759  .00000159  00000+0  10763-4 0  1180
2 31698  97.4450 171.6288 0001566  82.4018   3.7310 15.19150473 55215
1 31698U 07026A   08165.21439304  .00000161  00000+0  10848-4 0  1183
2 31698  97.4448 171.8968 0001569  80.9652  49.6146 15.19150609 55250
1 31698U 07026A   08165.54658806  .00000141  00000+0  98842-5 0  1199
2 31698  97.4449 172.2242 0001564  80.5169  65.6591 15.19150622 55308
1 31698U 07026A   08165.80615897  .00000090  00000+0  74592-5 0  1202
2 31698  97.4449 172.4800 0001563  80.9565  43.8906 15.19150355 55348
1 31698U 07026A   08165.98702289  .00000092  00000+0  75552-5 0  1213
2 31698  97.4449 172.6582 0001560  80.6316 312.7190 15.19150429 55373
1 31698U 07026A   08166.20235311  .00000075  00000+0  67503-5 0  1214
2 31698  97.4448 172.8704 0001571  79.5630  50.6640 15.19150362 55406
1 31698U 07026A   08166.53462126  .00000034  00000+0  47915-5 0  1227
2 31698  97.4448 173.1979 0001543  78.0709  68.1499 15.19150119 55455
1 31698U 07026A   08166.83403935 -.00000012  00000+0  26014-5 0  1238
2 31698  97.4448 173.4929 0001529  76.7112 265.9622 15.19149782 55493
1 31698U 07026A   08166.91951010 -.00000015  00000+0  24672-5 0  1241
2 31698  97.4448 173.5771 0001533  76.5975  13.2120 15.19149766 55511
1 31698U 07026A   08167.05001267 -.00000001  00000+0  31608-5 0  1249
2 31698  97.4448 173.7058 0001515  76.4627   6.6033 15.19149921 55538
1 31698U 07026A   08167.45748703  .00000018  00000+0  40710-5 0  1258
2 31698  97.4448 174.1074 0001521  75.4887  74.6096 15.19150125 55593
1 31698U 07026A   08167.84746765 -.00000060  00000+0  33963-6 0  1269
2 31698  97.4448 174.4918 0001522  77.6512  43.8648 15.19149575 55658
1 31698U 07026A   08168.25437500 -.00000042  00000+0  11804-5 0  1279
2 31698  97.4448 174.8930 0001495  75.8229 109.6273 15.19149840 55717
1 31698U 07026A   08168.57663080 -.00000005  00000+0  29335-5 0  1286
2 31698  97.4448 175.2105 0001548  77.6191  69.1079 15.19150231 55768
1 31698U 07026A   08168.83602088 -.00000004  00000+0  30127-5 0  1297
2 31698  97.4447 175.4661 0001553  77.7814  46.6304 15.19150294 55800
1 31698U 07026A   08168.96090299 -.00000003  00000+0  30720-5 0  1306
2 31698  97.4446 175.5891 0001543  77.6162   9.3334 15.19150353 55826
1 31698U 07026A   08169.09225049  .00000030  00000+0  46312-5 0  1307
2 31698  97.4447 175.7187 0001549  77.1602   7.6643 15.19150610 55849
1 31698U 07026A   08169.49889009  .00000119  00000+0  88666-5 0  1310
2 31698  97.4448 176.1198 0001576  76.8977  70.4018 15.19151433 55903
1 31698U 07026A   08169.82394833  .00000141  00000+0  99169-5 0  1329
2 31698  97.4447 176.4400 0001572  77.9469  45.9460 15.19151724 55951
1 31698U 07026A   08170.14314005  .00000241  00000+0  14659-4 0  1331
2 31698  97.4446 176.7552 0001589  77.1201 351.3050 15.19152544 56002
1 31698U 07026A   08170.48791887  .00000277  00000+0  16366-4 0  1342
2 31698  97.4447 177.0950 0001613  78.2464  74.5565 15.19153051 56054
1 31698U 07026A   08170.81210766  .00000256  00000+0  15389-4 0  1353
2 31698  97.4446 177.4145 0001595  79.4269  45.2161 15.19153025 56102
1 31698U 07026A   08170.93770270  .00000244  00000+0  14831-4 0  1366
2 31698  97.4445 177.5382 0001596  79.4961  11.5814 15.19153014 56126
1 31698U 07026A   08171.20838191  .00000227  00000+0  13981-4 0  1360
2 31698  97.4444 177.8053 0001649  78.2180  52.2438 15.19152891 56162
1 31698U 07026A   08171.40708726  .00000215  00000+0  13444-4 0  1374
2 31698  97.4444 178.0010 0001637  77.5529  58.9247 15.19152896 56193
1 31698U 07026A   08171.79629883  .00000082  00000+0  70946-5 0  1386
2 31698  97.4441 178.3845 0001557  77.0689  26.6212 15.19151877 56251
1 31698U 07026A   08172.59695774  .00000082  00000+0  70946-5 0  1398
2 31698  97.4440 179.1749 0001527  87.0149  72.6177 15.19147516 56370
1 31698U 07026A   08172.78736230  .00000082  00000+0  70946-5 0  1404
2 31698  97.4441 179.3625 0001573  87.5301  32.7451 15.19146983 56405
1 31698U 07026A   08173.26047454  .00000342  00000+0  19485-4 0  1411
2 31698  97.4437 179.8288 0001508  83.6853 102.3612 15.19148346 56472
1 31698U 07026A   08173.57700291  .00000563  00000+0  30018-4 0  1421
2 31698  97.4441 180.1409 0001547  83.7252  32.2935 15.19149539 56524
1 31698U 07026A   08173.84179596  .00000250  00000+0  15086-4 0  1431
2 31698  97.4441 180.4016 0001545  83.4715  39.7557 15.19148450 56567
1 31698U 07026A   08173.95680351  .00000360  00000+0  20314-4 0  1442
2 31698  97.4441 180.5149 0001531  83.4946 308.3020 15.19149037 56580
1 31698U 07026A   08174.16021630  .00000428  00000+0  23562-4 0  1448
2 31698  97.4441 180.7153 0001519  82.4755 341.0643 15.19149530 56617
1 31698U 07026A   08174.50483613  .00000571  00000+0  30369-4 0  1452
2 31698  97.4441 181.0552 0001559  82.8677  64.1783 15.19150630 56661
1 31698U 07026A   08174.89442370  .00000396  00000+0  22040-4 0  1462
2 31698  97.4442 181.4390 0001563  83.8329  32.4823 15.19150107 56725
1 31698U 07026A   08175.08615124  .00000378  00000+0  21197-4 0  1476
2 31698  97.4441 181.6283 0001575  83.3422   0.8503 15.19150181 56758
1 31698U 07026A   08175.55859020  .00000394  00000+0  21975-4 0  1486
2 31698  97.4441 182.0939 0001561  82.8347  63.4512 15.19150691 56825
1 31698U 07026A   08175.87878884  .00000263  00000+0  15703-4 0  1498
2 31698  97.4443 182.4095 0001575  82.5572  13.7556 15.19150077 56875
1 31698U 07026A   08176.13621128  .00000278  00000+0  16440-4 0  1502
2 31698  97.4443 182.6633 0001566  81.9187 341.3249 15.19150364 56913
1 31698U 07026A   08176.54659510  .00000254  00000+0  15280-4 0  1519
2 31698  97.4443 183.0677 0001561  80.4620  65.7143 15.19150460 56970
1 31698U 07026A   08176.79820370  .00000238  00000+0  14520-4 0  1530
2 31698  97.4449 183.3167 0001471  73.2581   8.0717 15.19150514 57012
1 31698U 07026A   08177.18990444  .00000163  00000+0  10962-4 0  1526
2 31698  97.4443 183.7017 0001514  77.9384 344.2096 15.19150061 57072
1 31698U 07026A   08177.24516361  .00000157  00000+0  10683-4 0  1539
2 31698  97.4445 183.7566 0001553  77.8643 286.3000 15.19150042 57084
1 31698U 07026A   08177.47070296  .00000162  00000+0  10902-4 0  1547
2 31698  97.4444 183.9784 0001514  77.2315  79.6074 15.19150177 57111
1 31698U 07026A   08177.78640433  .00000103  00000+0  81002-5 0  1553
2 31698  97.4443 184.2895 0001505  76.2746   6.0114 15.19149773 57168
1 31698U 07026A   08178.11372442  .00000057  00000+0  59095-5 0  1569
2 31698  97.4444 184.6123 0001456  77.8306 353.4068 15.19149594 57215
1 31698U 07026A   08178.78073115 -.00000017  00000+0  23929-5 0  1572
2 31698  97.4447 185.2698 0001487  76.8670  39.8607 15.19149248 57310
1 31698U 07026A   08178.90757578 -.00000017  00000+0  23905-5 0  1583
2 31698  97.4446 185.3947 0001482  76.5330  13.4579 15.19149283 57339
1 31698U 07026A   08179.10152192  .00000014  00000+0  38402-5 0  1581
2 31698  97.4446 185.5860 0001454  75.4787 354.5169 15.19149590 57366
1 31698U 07026A   08179.30806760  .00000016  00000+0  39732-5 0  1590
2 31698  97.4446 185.7895 0001456  75.3398  43.5215 15.19149663 57396
1 31698U 07026A   08179.89540575  .00000036  00000+0  48861-5 0  1600
2 31698  97.4447 186.3685 0001504  78.5651  10.3675 15.19150012 57484
1 31698U 07026A   08180.09225586  .00000101  00000+0  80042-5 0  1617
2 31698  97.4446 186.5627 0001495  76.7630   8.0466 15.19150531 57519
1 31698U 07026A   08180.49963450  .00000175  00000+0  11545-4 0  1623
2 31698  97.4448 186.9645 0001521  79.2883  72.0352 15.19151280 57576
1 31698U 07026A   08180.79932870  .00000175  00000+0  11538-4 0  1631
2 31698  97.4449 187.2599 0001541  80.7956 268.4932 15.19151357 57614
1 31698U 07026A   08180.94832148  .00000195  00000+0  12474-4 0  1648
2 31698  97.4449 187.4067 0001543  79.6307   3.9722 15.19151563 57646
1 31698U 07026A   08181.14223065  .00000246  00000+0  14887-4 0  1640
2 31698  97.4447 187.5983 0001538  78.8691 344.5374 15.19151991 57678
1 31698U 07026A   08181.54381205  .00000287  00000+0  16863-4 0  1657
2 31698  97.4448 187.9940 0001540  81.3845  16.8512 15.19152541 57731
1 31698U 07026A   08181.87668027  .00000239  00000+0  14587-4 0  1662
2 31698  97.4447 188.3221 0001524  80.0084  37.5021 15.19152307 57780
1 31698U 07026A   08182.13054377  .00000268  00000+0  15938-4 0  1673
2 31698  97.4448 188.5725 0001508  80.5288 344.4639 15.19152647 57822
1 31698U 07026A   08182.54061052  .00000220  00000+0  13673-4 0  1689
2 31698  97.4446 188.9765 0001482  80.2355  65.9598 15.19152589 57881
1 31698U 07026A   08182.79655913  .00000187  00000+0  12084-4 0  1699
2 31698  97.4446 189.2288 0001490  79.5262  25.5440 15.19152409 57926
1 31698U 07026A   08183.11951005  .00000125  00000+0  91377-5 0  1704
2 31698  97.4445 189.5472 0001514  78.7025 351.4409 15.19152128 57977
1 31698U 07026A   08183.52313889  .00000084  00000+0  71967-5 0  1719
2 31698  97.4445 189.9449 0001509  78.1159  38.0430 15.19151965 58039
1 31698U 07026A   08183.78479788 -.00000058  00000+0  43084-6 0  1721
2 31698  97.4446 190.2030 0001460  77.5098  28.7280 15.19150847 58073
1 31698U 07026A   08184.17335851 -.00000058  00000+0  43084-6 0  1738
2 31698  97.4446 190.5865 0001568  80.2562 349.6422 15.19150835 58135
1 31698U 07026A   08184.50844318 -.00000058  00000+0  43084-6 0  1749
2 31698  97.4447 190.9168 0001557  79.5063  21.7815 15.19150796 58186
1 31698U 07026A   08184.90277139  .00002034  00000+0  10000-3 0  1759
2 31698  97.4445 191.3057 0001451  60.5627  35.9636 15.19165410 58249
1 31698U 07026A   08185.03163262  .00002034  00000+0  10000-3 0  1766
2 31698  97.4445 191.4325 0001554  64.0142  16.8000 15.19165740 58264
1 31698U 07026A   08185.09243894  .00002034  00000+0  10000-3 0  1773
2 31698  97.4448 191.4928 0001523  89.8926 323.1889 15.19153493 58279
1 31698U 07026A   08185.24834491  .00002034  00000+0  10000-3 0  1780
2 31698  97.4447 191.6465 0001499  87.2974  97.8819 15.19154081 58297
1 31698U 07026A   08185.57061275  .00000013  00000+0  38324-5 0  1795
2 31698  97.4446 191.9643 0001476  87.8363  58.6718 15.19148545 58347
1 31698U 07026A   08185.89442255  .00000013  00000+0  38324-5 0  1803
2 31698  97.4449 192.2834 0001531  91.3362  24.9361 15.19148325 58398
1 31698U 07026A   08186.01974716 -.00000020  00000+0  22474-5 0  1819
2 31698  97.4446 192.4068 0001491  92.7282 348.4994 15.19148338 58410
1 31698U 07026A   08186.30548611 -.00000031  00000+0  17032-5 0  1829
2 31698  97.4447 192.6890 0001528  91.2265 111.6915 15.19148290 58456
1 31698U 07026A   08186.35354128 -.00000025  00000+0  19993-5 0  1834
2 31698  97.4447 192.7363 0001533  91.0449  14.5160 15.19148315 58462
1 31698U 07026A   08186.88275685  .00000040  00000+0  51054-5 0  1843
2 31698  97.4443 193.2577 0001574  91.3661  26.5950 15.19148638 58542
1 31698U 07026A   08187.00252731 -.00000063  00000+0  18116-6 0  1855
2 31698  97.4442 193.3760 0001516  89.7976 322.7607 15.19148191 58568
1 31698U 07026A   08187.34492029 -.00000043  00000+0  11227-5 0  1862
2 31698  97.4443 193.7137 0001569  89.6328  34.2560 15.19148275 58611
1 31698U 07026A   08187.41293507 -.00000043  00000+0  11262-5 0  1870
2 31698  97.4442 193.7807 0001568  89.2770  46.3429 15.19148279 58623
1 31698U 07026A   08187.54660328 -.00000065  00000+0  89429-7 0  1880
2 31698  97.4442 193.9125 0001541  87.6976  58.4778 15.19148177 58649
1 31698U 07026A   08187.86282681 -.00000065  00000+0  89429-7 0  1898
2 31698  97.4442 194.2239 0001536  88.9140 345.5618 15.19147974 58692
1 31698U 07026A   08188.06220803 -.00000065  00000+0  89429-7 0  1901
2 31698  97.4433 194.4221 0001642  88.3810 355.8027 15.19147839 58723
1 31698U 07026A   08188.47181646  .00000232  00000+0  14227-4 0  1914
2 31698  97.4436 194.8257 0001671  86.3132  76.5638 15.19148661 58781
1 31698U 07026A   08188.85519043  .00000232  00000+0  14227-4 0  1923
2 31698  97.4436 195.2036 0001580  84.3937  13.7875 15.19148130 58845
1 31698U 07026A   08189.11058403  .00001452  00000+0  72311-4 0  1935
2 31698  97.4446 195.4557 0001426  89.3813 324.6425 15.19149910 58889
1 31698U 07026A   08189.33261574  .00001582  00000+0  78505-4 0  1940
2 31698  97.4447 195.6745 0001420  88.2925  99.2357 15.19150864 58910
1 31698U 07026A   08189.52438300  .00001299  00000+0  65024-4 0  1952
2 31698  97.4447 195.8634 0001422  87.0791  68.5430 15.19150738 58943
1 31698U 07026A   08189.82395833  .00000396  00000+0  22055-4 0  1963
2 31698  97.4449 196.1586 0001469  88.3798 264.5514 15.19148704 58982
1 31698U 07026A   08190.24277117  .00000844  00000+0  43381-4 0  1979
2 31698  97.4448 196.5715 0001429  85.1171  36.8185 15.19150763 59056
1 31698U 07026A   08190.44241756  .00001015  00000+0  51510-4 0  1986
2 31698  97.4450 196.7683 0001450  84.0684  49.0276 15.19151800 59089
1 31698U 07026A   08190.83556023  .00000518  00000+0  27840-4 0  1992
2 31698  97.4452 197.1557 0001480  85.9427  35.8515 15.19150416 59142
1 31698U 07026A   08191.24283565  .00000503  00000+0  27153-4 0  2000
2 31698  97.4451 197.5573 0001495  83.8657 103.8733 15.19150822 59207
1 31698U 07026A   08191.43068884  .00000561  00000+0  29884-4 0  2014
2 31698  97.4452 197.7425 0001514  83.3146  51.1288 15.19151330 59234
1 31698U 07026A   08191.80076389  .00000406  00000+0  22513-4 0  2025
2 31698  97.4454 198.1074 0001561  85.1202 271.9499 15.19150952 59286
1 31698U 07026A   08191.94833663  .00000400  00000+0  22239-4 0  2036
2 31698  97.4455 198.2528 0001563  84.8980 358.7242 15.19151054 59311
1 31698U 07026A   08192.08029819  .00000320  00000+0  18429-4 0  2039
2 31698  97.4453 198.3833 0001587  83.9366   0.9137 15.19150720 59333
1 31698U 07026A   08192.29599537  .00000327  00000+0  18784-4 0  2043
2 31698  97.4453 198.5959 0001591  83.2391 100.4946 15.19150930 59360
1 31698U 07026A   08192.87674969  .00000172  00000+0  11385-4 0  2059
2 31698  97.4453 199.1683 0001572  82.8298  34.9860 15.19150334 59455
1 31698U 07026A   08193.13192757  .00000170  00000+0  11307-4 0  2062
2 31698  97.4453 199.4199 0001569  81.9324 350.5461 15.19150446 59498
1 31698U 07026A   08193.47637036  .00000153  00000+0  10485-4 0  2071
2 31698  97.4454 199.7594 0001563  80.7582  74.2557 15.19150475 59542
1 31698U 07026A   08193.80018675  .00000047  00000+0  54073-5 0  2085
2 31698  97.4453 200.0785 0001544  78.8035  46.0089 15.19149790 59599
1 31698U 07026A   08193.98562375  .00000050  00000+0  55925-5 0  2097
2 31698  97.4454 200.2613 0001541  78.6216 339.6879 15.19149861 59629
1 31698U 07026A   08194.19635513  .00000035  00000+0  48812-5 0  2096
2 31698  97.4454 200.4690 0001549  77.9474  52.1034 15.19149787 59652
1 31698U 07026A   08194.52338905  .00000032  00000+0  46924-5 0  2109
2 31698  97.4454 200.7913 0001550  77.3179  40.1208 15.19149819 59703
1 31698U 07026A   08194.78482883 -.00000066  00000+0  49099-7 0  2119
2 31698  97.4454 201.0489 0001511  77.4190  28.9019 15.19149116 59744
1 31698U 07026A   08195.04411890 -.00000064  00000+0  15952-6 0  2128
2 31698  97.4454 201.3046 0001483  77.5844   5.8745 15.19149221 59782
1 31698U 07026A   08195.45161994 -.00000064  00000+0  15952-6 0  2131
2 31698  97.4460 201.7068 0001475  81.8889  68.7494 15.19149650 59847
1 31698U 07026A   08196.16028503  .00000665  00000+0  34864-4 0  2146
2 31698  97.4463 202.4059 0001507  81.5208 342.2991 15.19152258 59958
1 31698U 07026A   08196.50485292  .00000875  00000+0  44871-4 0  2159
2 31698  97.4459 202.7452 0001524  82.6508  64.3946 15.19153653 60007
1 31698U 07026A   08196.75692818  .00000468  00000+0  25454-4 0  2165
2 31698  97.4458 202.9935 0001531  84.6482   0.1001 15.19152285 60049
1 31698U 07026A   08197.08620383  .00000451  00000+0  24687-4 0  2170
2 31698  97.4455 203.3184 0001541  83.1010   1.2902 15.19152563 60095
1 31698U 07026A   08197.49377137  .00000566  00000+0  30136-4 0  2185
2 31698  97.4457 203.7202 0001587  83.3507  68.5881 15.19153590 60155
1 31698U 07026A   08197.81405258  .00000343  00000+0  19532-4 0  2198
2 31698  97.4457 204.0359 0001575  83.8950  18.5246 15.19152732 60209
1 31698U 07026A   08197.94375014  .00000352  00000+0  19943-4 0  2206
2 31698  97.4457 204.1637 0001576  83.1642   8.1126 15.19152887 60226
1 31698U 07026A   08198.07439289  .00000350  00000+0  19868-4 0  2200
2 31698  97.4455 204.2928 0001581  81.8284   3.4713 15.19152990 60248
1 31698U 07026A   08198.41287694  .00000354  00000+0  20066-4 0  2216
2 31698  97.4455 204.6264 0001586  80.5786  54.6932 15.19153294 60297
1 31698U 07026A   08198.80272508  .00000200  00000+0  12721-4 0  2227
2 31698  97.4454 205.0106 0001584  81.1047  24.8630 15.19152560 60357
1 31698U 07026A   08198.98617226  .00000193  00000+0  12398-4 0  2238
2 31698  97.4454 205.1914 0001587  80.5753 308.0156 15.19152608 60381
1 31698U 07026A   08199.19090421  .00000171  00000+0  11334-4 0  2239
2 31698  97.4454 205.3932 0001597  79.3078 348.2366 15.19152547 60415
1 31698U 07026A   08199.40129260  .00000171  00000+0  11325-4 0  2248
2 31698  97.4455 205.6007 0001602  79.1789  58.2352 15.19152632 60447
1 31698U 07026A   08199.53464228  .00000122  00000+0  90014-5 0  2258
2 31698  97.4453 205.7320 0001572  77.9854  68.2437 15.19152319 60468
1 31698U 07026A   08200.11413819  .00000064  00000+0  62307-5 0  2265
2 31698  97.4453 206.3032 0001567  76.9131 356.5247 15.19152025 60552
1 31698U 07026A   08200.45750573  .00000072  00000+0  66142-5 0  2274
2 31698  97.4454 206.6416 0001574  75.8804  74.2192 15.19152188 60604
1 31698U 07026A   08200.77940196  .00000023  00000+0  42693-5 0  2283
2 31698  97.4454 206.9588 0001570  76.0139  33.3941 15.19151855 60650
1 31698U 07026A   08201.16752459  .00000021  00000+0  42046-5 0  2291
2 31698  97.4453 207.3414 0001533  74.6945 355.9832 15.19152022 60716
1 31698U 07026A   08201.51454230  .00000004  00000+0  34018-5 0  2309
2 31698  97.4453 207.6834 0001536  75.9105  91.3785 15.19151985 60760
1 31698U 07026A   08201.74627315  .00000004  00000+0  34018-5 0  2311
2 31698  97.4455 207.9123 0001546  75.9498 277.8536 15.19151949 60790
1 31698U 07026A   08201.89637823  .00000004  00000+0  34018-5 0  2323
2 31698  97.4449 208.0604 0001471  85.4393   8.7560 15.19151586 60825
1 31698U 07026A   08202.24357639  .00000004  00000+0  34018-5 0  2338
2 31698  97.4453 208.4027 0001606  77.0034 114.7880 15.19151846 60879
1 31698U 07026A   08202.50300855  .00000004  00000+0  34018-5 0  2346
2 31698  97.4437 208.6592 0001735  87.4117  82.2877 15.19150102 60914
1 31698U 07026A   08202.63210971  .00000004  00000+0  34018-5 0  2350
2 31698  97.4437 208.7864 0001633  92.4442  62.8466 15.19148094 60938
1 31698U 07026A   08202.87960422  .00000004  00000+0  34018-5 0  2360
2 31698  97.4464 209.0288 0001655  78.4333 349.5265 15.19151198 60974
1 31698U 07026A   08203.34933063  .00000004  00000+0  34018-5 0  2375
2 31698  97.4441 209.4937 0001713  90.3864  24.8369 15.19148416 61047
1 31698U 07026A   08203.55260757  .00000004  00000+0  34018-5 0  2382
2 31698  97.4441 209.6939 0001697  89.6977  56.5240 15.19148302 61075
1 31698U 07026A   08203.81214238  .00000004  00000+0  34018-5 0  2395
2 31698  97.4444 209.9497 0001598  88.9349  35.7563 15.19147638 61118
1 31698U 07026A   08204.20840242  .00000004  00000+0  34018-5 0  2401
2 31698  97.4442 210.3402 0001585  87.5445  42.8843 15.19147826 61171
1 31698U 07026A   08204.47637968  .00000004  00000+0  34018-5 0  2410
2 31698  97.4446 210.6044 0001666  95.4007  59.6450 15.19147797 61214
1 31698U 07026A   08204.73274222  .00000004  00000+0  34018-5 0  2420
2 31698  97.4444 210.8567 0001590  92.7688  23.4098 15.19147687 61254
1 31698U 07026A   08205.11993942  .00000004  00000+0  34018-5 0  2431
2 31698  97.4448 211.2384 0001609  90.8414 341.5406 15.19147638 61317
1 31698U 07026A   08205.59476245  .00000004  00000+0  34018-5 0  2446
2 31698  97.4453 211.7064 0001466 100.1690  47.3303 15.19147377 61389
1 31698U 07026A   08205.84917950  .00000004  00000+0  34018-5 0  2458
2 31698  97.4453 211.9574 0001574  88.1826   9.8174 15.19147520 61427
1 31698U 07026A   08206.30970390  .00000004  00000+0  34018-5 0  2468
2 31698  97.4465 212.4121 0001453  86.1309   8.8404 15.19148185 61494
1 31698U 07026A   08206.75158565 -.00000066  00000+0  71231-7 0  2479
2 31698  97.4455 212.8470 0001581  86.6877 263.3623 15.19147376 61550
1 31698U 07026A   08207.03190021 -.00000003  00000+0  30419-5 0  2487
2 31698  97.4455 213.1233 0001556  85.8402 356.2551 15.19147798 61604
1 31698U 07026A   08207.16031441  .00000062  00000+0  61572-5 0  2490
2 31698  97.4454 213.2499 0001492  79.8431 344.0932 15.19148240 61625
1 31698U 07026A   08207.57063775  .00000150  00000+0  10352-4 0  2509
2 31698  97.4456 213.6545 0001534  80.6728  65.8679 15.19149011 61688
1 31698U 07026A   08207.89444571  .00000134  00000+0  95871-5 0  2514
2 31698  97.4456 213.9736 0001538  80.7260  35.5700 15.19149036 61731
1 31698U 07026A   08208.14859816  .00000156  00000+0  10623-4 0  2521
2 31698  97.4456 214.2241 0001527  79.4723 345.8819 15.19149315 61775
1 31698U 07026A   08208.49378157  .00000207  00000+0  13064-4 0  2533
2 31698  97.4457 214.5644 0001550  80.3095  71.6306 15.19149910 61827
1 31698U 07026A   08208.81809263  .00000174  00000+0  11495-4 0  2546
2 31698  97.4459 214.8842 0001571  80.7852  43.6597 15.19149788 61879
1 31698U 07026A   08208.94306352  .00000175  00000+0  11546-4 0  2550
2 31698  97.4459 215.0073 0001573  80.2198   7.2475 15.19149859 61890
1 31698U 07026A   08209.20256140  .00000203  00000+0  12863-4 0  2554
2 31698  97.4459 215.2636 0001593  79.1015 346.6399 15.19150184 61937
1 31698U 07026A   08209.54662037  .00000237  00000+0  14479-4 0  2560
2 31698  97.4461 215.6030 0001609  78.3448  67.8355 15.19150577 61986
1 31698U 07026A   08209.79823150  .00000182  00000+0  11845-4 0  2576
2 31698  97.4461 215.8507 0001566  79.5588   1.7865 15.19150152 62025
1 31698U 07026A   08209.93138984  .00000173  00000+0  11429-4 0  2585
2 31698  97.4461 215.9820 0001565  79.4758   9.6397 15.19150147 62044
1 31698U 07026A   08210.18998818  .00000157  00000+0  10650-4 0  2581
2 31698  97.4461 216.2371 0001555  78.6806 343.7914 15.19150155 62083
1 31698U 07026A   08210.59484259  .00000142  00000+0  99395-5 0  2594
2 31698  97.4461 216.6364 0001553  77.1772  38.0063 15.19150186 62143
1 31698U 07026A   08210.91425622  .00000079  00000+0  69532-5 0  2600
2 31698  97.4463 216.9512 0001542  78.5936 342.3272 15.19149790 62195
1 31698U 07026A   08211.17929753  .00000062  00000+0  61491-5 0  2612
2 31698  97.4462 217.2125 0001512  78.2223 351.2693 15.19149808 62232
1 31698U 07026A   08211.44894966  .00000060  00000+0  60396-5 0  2621
2 31698  97.4463 217.4786 0001523  78.1461  25.1164 15.19149876 62272
1 31698U 07026A   08211.84760770 -.00000026  00000+0  19354-5 0  2632
2 31698  97.4464 217.8715 0001532  77.2812  44.8240 15.19149313 62335
1 31698U 07026A   08212.10408376 -.00000012  00000+0  25984-5 0  2645
2 31698  97.4463 218.1244 0001500  75.6184   8.2454 15.19149529 62378
1 31698U 07026A   08212.51080948  .00000035  00000+0  48790-5 0  2656
2 31698  97.4464 218.5256 0001543  77.0381  69.7689 15.19150029 62434
1 31698U 07026A   08212.81142361 -.00000003  00000+0  30309-5 0  2661
2 31698  97.4463 218.8218 0001554  77.7626 272.0353 15.19149797 62476
1 31698U 07026A   08212.89453347 -.00000001  00000+0  31491-5 0  2670
2 31698  97.4464 218.9038 0001566  77.5918   6.4390 15.19149816 62497
1 31698U 07026A   08213.09233192  .00000030  00000+0  46029-5 0  2671
2 31698  97.4463 219.0989 0001533  76.4110   8.6798 15.19150154 62526
1 31698U 07026A   08213.36084507  .00000067  00000+0  63695-5 0  2684
2 31698  97.4463 219.3636 0001557  75.1929  37.4451 15.19150476 62565
1 31698U 07026A   08213.79834491  .00000099  00000+0  79047-5 0  2713
2 31698  97.4463 219.7950 0001582  77.9617 265.8142 15.19150866 62624
1 31698U 07026A   08213.94859447  .00000103  00000+0  81106-5 0  2724
2 31698  97.4463 219.9430 0001581  77.3884   7.5702 15.19150966 62655
1 31698U 07026A   08214.14211112  .00000151  00000+0  10391-4 0  2728
2 31698  97.4462 220.1343 0001603  76.6108 346.0057 15.19151341 62682
1 31698U 07026A   08214.41898412  .00000183  00000+0  11894-4 0  2737
2 31698  97.4462 220.4073 0001610  75.4475  60.4071 15.19151661 62720
1 31698U 07026A   08214.78690972  .00000154  00000+0  10522-4 0  2744
2 31698  97.4463 220.7700 0001575  77.8292 268.9052 15.19151492 62775
1 31698U 07026A   08214.93641124  .00000136  00000+0  96570-5 0  2755
2 31698  97.4462 220.9174 0001578  78.0463   5.7813 15.19151401 62803
1 31698U 07026A   08215.20841631  .00000044  00000+0  53058-5 0  2753
2 31698  97.4462 221.1858 0001628  78.5467  51.9075 15.19150670 62844
1 31698U 07026A   08215.47667794  .00000017  00000+0  39916-5 0  2766
2 31698  97.4463 221.4504 0001603  77.6133  79.0103 15.19150436 62886
1 31698U 07026A   08215.80025581 -.00000117  00000+0 -23562-5 0  2779
2 31698  97.4462 221.7693 0001580  77.4191  47.6965 15.19149304 62938
1 31698U 07026A   08215.92528823 -.00000148  00000+0 -38600-5 0  2783
2 31698  97.4461 221.8925 0001577  77.3366  11.1361 15.19149054 62955
1 31698U 07026A   08216.05675205 -.00000243  00000+0 -83613-5 0  2785
2 31698  97.4462 222.0223 0001555  77.7218   9.2560 15.19148314 62975
1 31698U 07026A   08216.53068644 -.00000400  00000+0 -15869-4 0  2794
2 31698  97.4462 222.4894 0001544  75.9517  81.2822 15.19146955 63042
1 31698U 07026A   08216.78738700 -.00000525  00000+0 -21821-4 0  2803
2 31698  97.4461 222.7425 0001514  77.8311  42.3804 15.19145881 63083
1 31698U 07026A   08216.91374198 -.00000527  00000+0 -21927-4 0  2815
2 31698  97.4461 222.8671 0001511  77.1623  13.6343 15.19145757 63107
1 31698U 07026A   08217.04413811 -.00000524  00000+0 -21781-4 0  2811
2 31698  97.4462 222.9960 0001482  77.0948   6.3748 15.19145730 63127
1 31698U 07026A   08217.45163881 -.00000560  00000+0 -23467-4 0  2829
2 31698  97.4462 223.3979 0001513  77.2437  73.3959 15.19145253 63186
1 31698U 07026A   08217.81721065 -.00000612  00000+0 -25941-4 0  2831
2 31698  97.4462 223.7581 0001555  77.1565 271.4917 15.19144620 63234
1 31698U 07026A   08218.09819875 -.00000550  00000+0 -22990-4 0  2842
2 31698  97.4461 224.0352 0001515  75.5578   8.8161 15.19144917 63282
1 31698U 07026A   08218.50563594 -.00000495  00000+0 -20381-4 0  2853
2 31698  97.4463 224.4369 0001550  74.7621  76.4359 15.19145013 63340
1 31698U 07026A   08218.82995490 -.00000473  00000+0 -19329-4 0  2869
2 31698  97.4462 224.7566 0001560  75.4106  48.3335 15.19144986 63393
1 31698U 07026A   08218.95483071 -.00000450  00000+0 -18259-4 0  2877
2 31698  97.4461 224.8797 0001547  75.2051  11.0410 15.19145099 63411
1 31698U 07026A   08219.23670139 -.00000345  00000+0 -13250-4 0  2871
2 31698  97.4462 225.1578 0001565  73.7631 113.0341 15.19145747 63450
1 31698U 07026A   08219.49300066 -.00000204  00000+0 -65253-5 0  2884
2 31698  97.4465 225.4107 0001635  74.6273  72.9649 15.19146755 63492
1 31698U 07026A   08219.87893980 -.00000133  00000+0 -31568-5 0  2892
2 31698  97.4463 225.7910 0001575  77.2994  19.6233 15.19147147 63557
1 31698U 07026A   08220.13629191 -.00000071  00000+0 -18389-6 0  2904
2 31698  97.4462 226.0451 0001577  75.6865 347.7818 15.19147603 63596
1 31698U 07026A   08220.41315382 -.00000057  00000+0  49542-6 0  2918
2 31698  97.4463 226.3180 0001589  75.7451  60.8974 15.19147740 63637
1 31698U 07026A   08221.20240472  .00000071  00000+0  65692-5 0  2922
2 31698  97.4462 227.0962 0001570  77.3195  52.9327 15.19148571 63755
1 31698U 07026A   08221.46932942  .00000107  00000+0  82790-5 0  2939
2 31698  97.4462 227.3594 0001595  75.3636  73.7517 15.19148848 63797
1 31698U 07026A   08221.92007354  .00000001  00000+0  32516-5 0  2945
2 31698  97.4461 227.8034 0001562  75.4998  17.1276 15.19148039 63860
1 31698U 07026A   08222.17930854 -.00000032  00000+0  16669-5 0  2950
2 31698  97.4460 228.0591 0001520  75.2604 354.2014 15.19147898 63908
1 31698U 07026A   08222.45753587 -.00000026  00000+0  19596-5 0  2963
2 31698  97.4460 228.3333 0001527  75.4151  74.6837 15.19148001 63948
1 31698U 07026A   08222.78077668 -.00000125  00000+0 -27577-5 0  2978
2 31698  97.4459 228.6518 0001553  76.3581  40.3921 15.19147281 63998
1 31698U 07026A   08223.16759385 -.00000103  00000+0 -16933-5 0  2985
2 31698  97.4458 229.0332 0001502  75.4426 355.4371 15.19147536 64058
1 31698U 07026A   08223.57667263 -.00000070  00000+0 -13603-6 0  2999
2 31698  97.4458 229.4364 0001571  76.9590  69.7213 15.19147886 64116
1 31698U 07026A   08223.89632479 -.00000074  00000+0 -32780-6 0  3009
2 31698  97.4456 229.7514 0001573  77.8767  15.8449 15.19147855 64166
1 31698U 07026A   08223.96078821 -.00000065  00000+0  77496-7 0  3016
2 31698  97.4456 229.8149 0001556  77.7308   8.3127 15.19147945 64173
1 31698U 07026A   08224.28466711  .00000000  00000+0  31943-5 0  3025
2 31698  97.4460 230.1345 0001572  76.6857 339.5030 15.19148461 64228
1 31698U 07026A   08224.49894166  .00000056  00000+0  58776-5 0  3032
2 31698  97.4454 230.3454 0001603  76.8358  70.4617 15.19148946 64250
1 31698U 07026A   08224.88845053  .00000081  00000+0  70606-5 0  3041
2 31698  97.4452 230.7292 0001586  77.9667  38.1727 15.19149215 64317
1 31698U 07026A   08225.14219878  .00000118  00000+0  88269-5 0  3057
2 31698  97.4452 230.9797 0001571  76.9943 345.9953 15.19149608 64359
1 31698U 07026A   08225.48810635  .00000198  00000+0  12637-4 0  3066
2 31698  97.4451 231.3207 0001622  76.2299  77.3031 15.19150286 64406
1 31698U 07026A   08225.81215396  .00000205  00000+0  12976-4 0  3072
2 31698  97.4450 231.6399 0001570  78.3137  46.2850 15.19150343 64459
1 31698U 07026A   08226.19677227  .00000223  00000+0  13794-4 0  3089
2 31698  97.4447 232.0191 0001562  77.0348 349.6782 15.19150695 64512
1 31698U 07026A   08226.54065213  .00000221  00000+0  13701-4 0  3091
2 31698  97.4449 232.3580 0001555  77.4098  68.7627 15.19150839 64569
1 31698U 07026A   08226.86514051  .00000174  00000+0  11483-4 0  3109
2 31698  97.4447 232.6777 0001517  76.1371  43.5091 15.19150605 64619
1 31698U 07026A   08227.11632802  .00000138  00000+0  97643-5 0  3117
2 31698  97.4446 232.9254 0001507  76.6400 335.8592 15.19150483 64659
1 31698U 07026A   08227.58531962  .00000108  00000+0  83550-5 0  3123
2 31698  97.4446 233.3875 0001504  76.6916  19.0583 15.19150437 64720
1 31698U 07026A   08227.85353285  .00000048  00000+0  54858-5 0  3136
2 31698  97.4446 233.6519 0001478  76.8056  44.8491 15.19150089 64766
1 31698U 07026A   08228.17345052  .00000010  00000+0  36625-5 0  3147
2 31698  97.4445 233.9673 0001477  75.1888 354.9607 15.19150009 64815
1 31698U 07026A   08228.51677935  .00000039  00000+0  50349-5 0  3154
2 31698  97.4446 234.3057 0001508  75.7598  70.8396 15.19150362 64862
1 31698U 07026A   08228.90198981  .00000022  00000+0  42465-5 0  3169
2 31698  97.4445 234.6853 0001521  76.2446  15.7037 15.19150277 64923
1 31698U 07026A   08229.09821274  .00000053  00000+0  57227-5 0  3175
2 31698  97.4444 234.8789 0001504  75.0467   9.3507 15.19150603 64950
1 31698U 07026A   08229.50813822  .00000115  00000+0  86591-5 0  3187
2 31698  97.4445 235.2830 0001544  77.7227  87.1084 15.19151265 65017
1 31698U 07026A   08229.89446884  .00000151  00000+0  10392-4 0  3195
2 31698  97.4445 235.6638 0001571  77.9191  38.3853 15.19151547 65070
1 31698U 07026A   08230.08624218  .00000183  00000+0  11896-4 0  3204
2 31698  97.4443 235.8530 0001546  78.5574   5.8774 15.19151857 65104
1 31698U 07026A   08230.55863409  .00000200  00000+0  12726-4 0  3217
2 31698  97.4443 236.3186 0001561  79.0562  67.2190 15.19152279 65177
1 31698U 07026A   08230.88279061  .00000210  00000+0  13180-4 0  3225
2 31698  97.4443 236.6381 0001575  77.4006  40.5379 15.19152401 65223
1 31698U 07026A   08231.20259381  .00000246  00000+0  14897-4 0  3231
2 31698  97.4440 236.9536 0001555  78.2256 347.5860 15.19152808 65270
1 31698U 07026A   08231.41207666  .00000252  00000+0  15188-4 0  3245
2 31698  97.4441 237.1601 0001560  78.3261  52.4064 15.19152984 65307
1 31698U 07026A   08231.87114785  .00000189  00000+0  12207-4 0  3253
2 31698  97.4440 237.6125 0001543  78.1361  41.6298 15.19152740 65378
1 31698U 07026A   08232.12569942  .00000167  00000+0  11154-4 0  3268
2 31698  97.4440 237.8635 0001566  78.6679 352.3391 15.19152684 65416
1 31698U 07026A   08232.53468120  .00000111  00000+0  84557-5 0  3277
2 31698  97.4440 238.2665 0001537  78.6908  67.5880 15.19152421 65470
1 31698U 07026A   08232.76949074  .00000059  00000+0  60066-5 0  3285
2 31698  97.4442 238.4980 0001511  78.1945 271.4242 15.19152092 65508
1 31698U 07026A   08232.97501352  .00000067  00000+0  63636-5 0  3297
2 31698  97.4442 238.7006 0001518  77.9003 314.9949 15.19152182 65540
1 31698U 07026A   08233.24448199  .00000007  00000+0  35303-5 0  3291
2 31698  97.4441 238.9663 0001538  76.5985 349.0644 15.19151893 65589
1 31698U 07026A   08233.52410722  .00000000  00000+0  32064-5 0  3309
2 31698  97.4441 239.2420 0001554  76.2547  77.6886 15.19151918 65628
1 31698U 07026A   08233.84750122 -.00000044  00000+0  10994-5 0  3313
2 31698  97.4442 239.5608 0001556  76.5498  44.8885 15.19151623 65673
1 31698U 07026A   08234.10408843 -.00000036  00000+0  14845-5 0  3324
2 31698  97.4442 239.8136 0001544  75.8986   7.9083 15.19151828 65715
1 31698U 07026A   08234.30934542 -.00000020  00000+0  22314-5 0  3330
2 31698  97.4442 240.0159 0001545  75.6557  49.9758 15.19151978 65741
1 31698U 07026A   08234.70389442  .00000006  00000+0  34755-5 0  3354
2 31698  97.4443 240.4049 0001574  77.7731  44.2529 15.19152299 65801
1 31698U 07026A   08235.08973442  .00000066  00000+0  63247-5 0  3360
2 31698  97.4443 240.7852 0001574  76.1267 354.6948 15.19152801 65861
1 31698U 07026A   08235.56654855  .00000133  00000+0  95003-5 0  3378
2 31698  97.4445 241.2553 0001601  77.6648  79.1709 15.19153520 65938
1 31698U 07026A   08235.87968104  .00000137  00000+0  97038-5 0  3382
2 31698  97.4445 241.5639 0001598  78.8524 349.3980 15.19153647 65985
1 31698U 07026A   08235.94871447  .00000143  00000+0  99793-5 0  3391
2 31698  97.4445 241.6319 0001592  78.7687   6.7820 15.19153733 65998
1 31698U 07026A   08236.14204817  .00000163  00000+0  10942-4 0  3395
2 31698  97.4445 241.8229 0001599  78.8493 343.3608 15.19153954 66027
1 31698U 07026A   08236.55262346  .00000174  00000+0  11464-4 0  3405
2 31698  97.4448 242.2278 0001588  76.5946  69.5998 15.19154126 66082
1 31698U 07026A   08236.87672579  .00000060  00000+0  60478-5 0  3418
2 31698  97.4450 242.5473 0001575  78.7020  38.8549 15.19153145 66135
1 31698U 07026A   08237.12762481 -.00000035  00000+0  15217-5 0  3424
2 31698  97.4449 242.7947 0001607  79.2173 329.6140 15.19152387 66171
1 31698U 07026A   08237.54064880 -.00000114  00000+0 -22257-5 0  3430
2 31698  97.4451 243.2021 0001555  77.1684  69.0239 15.19151675 66239
1 31698U 07026A   08237.85836971 -.00000299  00000+0 -11067-4 0  3443
2 31698  97.4452 243.5152 0001552  79.0652   3.6081 15.19150066 66288
1 31698U 07026A   08237.92573454 -.00000333  00000+0 -12646-4 0  3459
2 31698  97.4453 243.5816 0001549  79.7916  11.0599 15.19149787 66298
1 31698U 07026A   08238.05631912 -.00000393  00000+0 -15520-4 0  3458
2 31698  97.4453 243.7103 0001573  80.7186   3.8337 15.19149210 66310
1 31698U 07026A   08238.46583338 -.00000519  00000+0 -21511-4 0  3469
2 31698  97.4454 244.1142 0001499  82.5198  80.2075 15.19148016 66376
1 31698U 07026A   08238.78739780 -.00000757  00000+0 -32870-4 0  3473
2 31698  97.4455 244.4310 0001484  79.5593  40.6502 15.19145903 66429
1 31698U 07026A   08239.10029781 -.00000829  00000+0 -36277-4 0  3489
2 31698  97.4454 244.7394 0001411  79.7654 310.5783 15.19145056 66477
1 31698U 07026A   08239.51770696 -.00000889  00000+0 -39138-4 0  3498
2 31698  97.4456 245.1511 0001484  79.3677  72.2992 15.19144235 66535
1 31698U 07026A   08239.84154056 -.00000929  00000+0 -41066-4 0  3500
2 31698  97.4456 245.4702 0001508  78.6926  42.8641 15.19143507 66586
1 31698U 07026A   08239.96636008 -.00000914  00000+0 -40338-4 0  3511
2 31698  97.4456 245.5932 0001476  78.3487   5.4019 15.19143488 66600
1 31698U 07026A   08240.08849295 -.00000904  00000+0 -39858-4 0  3514
2 31698  97.4456 245.7136 0001459  77.5165 313.7433 15.19143395 66627
1 31698U 07026A   08240.43745880 -.00000836  00000+0 -36632-4 0  3520
2 31698  97.4456 246.0577 0001447  76.6700  61.8419 15.19143456 66670
1 31698U 07026A   08240.76061632 -.00000712  00000+0 -30722-4 0  3530
2 31698  97.4458 246.3764 0001531  83.3676  21.3483 15.19144122 66723
1 31698U 07026A   08240.89446770 -.00000693  00000+0 -29838-4 0  3549
2 31698  97.4458 246.5083 0001529  83.0632  33.2091 15.19144105 66745
1 31698U 07026A   08241.21412197 -.00000473  00000+0 -19322-4 0  3545
2 31698  97.4458 246.8237 0001488  77.4784 345.8504 15.19145367 66795
1 31698U 07026A   08241.42541256 -.00000425  00000+0 -17062-4 0  3554
2 31698  97.4459 247.0322 0001498  79.2043  58.9219 15.19145550 66826
1 31698U 07026A   08241.81805713 -.00000221  00000+0 -73461-5 0  3569
2 31698  97.4457 247.4190 0001480  83.1384  40.9699 15.19146738 66882
1 31698U 07026A   08242.07444105  .00000093  00000+0  76207-5 0  3579
2 31698  97.4456 247.6721 0001498  82.6759   2.6907 15.19148588 66929
1 31698U 07026A   08242.29144676  .00000122  00000+0  90191-5 0  3585
2 31698  97.4456 247.8859 0001507  82.8673 108.5333 15.19148835 66958
1 31698U 07026A   08242.79826137  .00000124  00000+0  90909-5 0  3599
2 31698  97.4454 248.3855 0001520  80.3098   1.0571 15.19148855 67030
1 31698U 07026A   08242.93125260  .00000139  00000+0  98165-5 0  3604
2 31698  97.4455 248.5165 0001512  80.7736   7.4505 15.19148999 67059
1 31698U 07026A   08243.20242046  .00000085  00000+0  72223-5 0  3604
2 31698  97.4452 248.7838 0001482  80.4979  49.7793 15.19148807 67097
1 31698U 07026A   08243.52561184  .00000106  00000+0  82445-5 0  3618
2 31698  97.4453 249.1024 0001504  79.2411  17.4220 15.19149019 67141
1 31698U 07026A   08243.85912236 -.00000038  00000+0  13742-5 0  3622
2 31698  97.4451 249.4311 0001494  79.2709  40.1712 15.19148082 67192
1 31698U 07026A   08243.98410509 -.00000016  00000+0  24181-5 0  3638
2 31698  97.4451 249.5544 0001480  79.4111   3.1188 15.19148297 67212
1 31698U 07026A   08244.10619981 -.00000040  00000+0  12661-5 0  3635
2 31698  97.4450 249.6747 0001468  79.3655 310.4661 15.19148180 67238
1 31698U 07026A   08244.52411873 -.00000014  00000+0  25225-5 0  3643
2 31698  97.4451 250.0867 0001492  78.8464  75.0999 15.19148433 67292
1 31698U 07026A   08244.84757142 -.00000097  00000+0 -14122-5 0  3657
2 31698  97.4446 250.4054 0001478  79.1885  42.5687 15.19147927 67349
1 31698U 07026A   08245.10410319 -.00000068  00000+0 -28480-7 0  3662
2 31698  97.4444 250.6582 0001450  78.4790   5.3410 15.19148242 67388
1 31698U 07026A   08245.51192801  .00000005  00000+0  34099-5 0  3671
2 31698  97.4449 251.0607 0001562  81.2173  71.5514 15.19148790 67442
1 31698U 07026A   08245.89616948  .00000032  00000+0  47165-5 0  3684
2 31698  97.4446 251.4392 0001532  78.3313  14.4889 15.19149003 67500
1 31698U 07026A   08246.15436441  .00000075  00000+0  67574-5 0  3696
2 31698  97.4446 251.6939 0001495  79.1990 344.7747 15.19149397 67549
1 31698U 07026A   08246.36078992  .00000116  00000+0  87134-5 0  3704
2 31698  97.4446 251.8975 0001525  78.8859  33.2974 15.19149722 67572
1 31698U 07026A   08246.88840539  .00000196  00000+0  12504-4 0  3712
2 31698  97.4447 252.4175 0001546  81.0022  34.8407 15.19150416 67652
1 31698U 07026A   08247.61175574  .00000238  00000+0  14530-4 0  3723
2 31698  97.4447 253.1308 0001562  78.5237  30.7583 15.19151057 67769
1 31698U 07026A   08247.93767948  .00000209  00000+0  13163-4 0  3730
2 31698  97.4446 253.4519 0001558  79.1210  11.4816 15.19151018 67816
1 31698U 07026A   08248.13082815  .00000201  00000+0  12769-4 0  3739
2 31698  97.4445 253.6423 0001545  81.3175 344.9305 15.19151033 67849
1 31698U 07026A   08248.85836659  .00000074  00000+0  67105-5 0  3756
2 31698  97.4448 254.3597 0001519  78.3168   4.2541 15.19150380 67955
1 31698U 07026A   08248.99009818  .00000069  00000+0  64536-5 0  3760
2 31698  97.4448 254.4895 0001514  78.8649   3.6791 15.19150399 67973
1 31698U 07026A   08249.05636449  .00000057  00000+0  58886-5 0  3762
2 31698  97.4449 254.5548 0001517  79.4053   5.3139 15.19150328 67987
1 31698U 07026A   08249.58535877 -.00000015  00000+0  24736-5 0  3776
2 31698  97.4448 255.0763 0001505  78.9209  16.9896 15.19149964 68067
1 31698U 07026A   08249.82871528 -.00000045  00000+0  10677-5 0  3782
2 31698  97.4452 255.3165 0001511  79.4849 266.4772 15.19149709 68099
1 31698U 07026A   08250.10761567 -.00000053  00000+0  64714-6 0  3798
2 31698  97.4452 255.5914 0001513  77.9424 352.3376 15.19149813 68144
1 31698U 07026A   08250.37849417 -.00000044  00000+0  11060-5 0  3805
2 31698  97.4452 255.8584 0001529  77.5997  33.1546 15.19149929 68183
1 31698U 07026A   08250.81773148 -.00000035  00000+0  15226-5 0  3810
2 31698  97.4455 256.2916 0001543  78.8623 272.5234 15.19150028 68248
1 31698U 07026A   08251.09822073  .00000011  00000+0  37280-5 0  3821
2 31698  97.4454 256.5681 0001533  76.4339   7.9553 15.19150482 68299
1 31698U 07026A   08251.50562428  .00000085  00000+0  72387-5 0  3831
2 31698  97.4456 256.9698 0001566  77.8427  73.1967 15.19151186 68355
1 31698U 07026A   08251.82997882  .00000102  00000+0  80455-5 0  3848
2 31698  97.4458 257.2898 0001574  77.9328  45.8522 15.19151344 68408
1 31698U 07026A   08252.14873566  .00000172  00000+0  11377-4 0  3850
2 31698  97.4458 257.6040 0001552  77.4900 348.4492 15.19151935 68457
1 31698U 07026A   08252.42532288  .00000197  00000+0  12576-4 0  3864
2 31698  97.4460 257.8768 0001573  77.7466  59.8703 15.19152273 68490
1 31698U 07026A   08252.62645424  .00000208  00000+0  13109-4 0  3870
2 31698  97.4459 258.0751 0001580  78.3446  78.5480 15.19152427 68521
1 31698U 07026A   08252.93789719  .00000226  00000+0  13940-4 0  3884
2 31698  97.4459 258.3820 0001592  77.6587 341.4134 15.19152692 68579
1 31698U 07026A   08253.06480917  .00000265  00000+0  15823-4 0  3882
2 31698  97.4459 258.5072 0001586  76.4562 316.2494 15.19153030 68591
1 31698U 07026A   08253.29245370  .00000284  00000+0  16725-4 0  3893
2 31698  97.4460 258.7317 0001569  78.2669 118.6222 15.19153267 68625
1 31698U 07026A   08253.87112528  .00000213  00000+0  13350-4 0  3900
2 31698  97.4460 259.3022 0001551  78.4529  41.1417 15.19153066 68716
1 31698U 07026A   08254.06226139  .00000231  00000+0  14187-4 0  3916
2 31698  97.4461 259.4908 0001573  77.2015   7.0399 15.19153223 68740
1 31698U 07026A   08254.32743545  .00000193  00000+0  12361-4 0  3920
2 31698  97.4462 259.7522 0001565  77.7281  15.8113 15.19153089 68782
1 31698U 07026A   08254.85906509  .00000081  00000+0  70328-5 0  3934
2 31698  97.4463 260.2762 0001504  77.3048  41.8315 15.19152444 68862
1 31698U 07026A   08255.19030031  .00000062  00000+0  61341-5 0  3945
2 31698  97.4463 260.6028 0001489  77.6493  51.8403 15.19152446 68917
1 31698U 07026A   08255.82481481 -.00000006  00000+0  28998-5 0  3955
2 31698  97.4465 261.2282 0001519  75.7463 281.6553 15.19152130 69008
1 31698U 07026A   08256.16760618 -.00000013  00000+0  25532-5 0  3965
2 31698  97.4465 261.5662 0001484  75.0087 355.9063 15.19152206 69060
1 31698U 07026A   08256.43676517 -.00000006  00000+0  29252-5 0  3975
2 31698  97.4465 261.8316 0001495  75.4473  26.5460 15.19152288 69101
1 31698U 07026A   08256.82817858 -.00000124  00000+0 -27155-5 0  3986
2 31698  97.4464 262.2173 0001488  76.6635   4.5782 15.19151339 69166
1 31698U 07026A   08257.15443942 -.00000199  00000+0 -62699-5 0  3997
2 31698  97.4464 262.5392 0001523  77.8657 346.5365 15.19150643 69218
1 31698U 07026A   08257.43069353 -.00000186  00000+0 -56802-5 0  4006
2 31698  97.4464 262.8115 0001535  77.5055  56.7511 15.19150641 69251
1 31698U 07026A   08257.82401778 -.00000320  00000+0 -12051-4 0  4018
2 31698  97.4463 263.1993 0001552  76.9372  47.0081 15.19149415 69311
1 31698U 07026A   08257.94837802 -.00000332  00000+0 -12628-4 0  4026
2 31698  97.4463 263.3219 0001551  77.0372   6.5925 15.19149270 69333
1 31698U 07026A   08258.14257815 -.00000396  00000+0 -15671-4 0  4020
2 31698  97.4463 263.5137 0001573  78.4118 346.6062 15.19148651 69366
1 31698U 07026A   08258.41870821 -.00000391  00000+0 -15411-4 0  4036
2 31698  97.4463 263.7859 0001579  77.7463  56.4460 15.19148501 69407
1 31698U 07026A   08258.80417354 -.00000517  00000+0 -21417-4 0  4041
2 31698  97.4462 264.1658 0001580  77.7311   3.1950 15.19147198 69462
1 31698U 07026A   08258.93736956 -.00000528  00000+0 -21961-4 0  4054
2 31698  97.4461 264.2970 0001578  77.6512  11.2498 15.19147013 69483
1 31698U 07026A   08259.06817084 -.00000564  00000+0 -23653-4 0  4051
2 31698  97.4460 264.4260 0001533  78.0503   5.7374 15.19146715 69504
1 31698U 07026A   08259.54066406 -.00000573  00000+0 -24112-4 0  4060
2 31698  97.4460 264.8918 0001525  77.2663  68.9044 15.19146191 69577
1 31698U 07026A   08259.83975694 -.00000618  00000+0 -26265-4 0  4072
2 31698  97.4459 265.1866 0001540  78.1315 262.7113 15.19145541 69616
1 31698U 07026A   08260.05634286 -.00000603  00000+0 -25542-4 0  4089
2 31698  97.4460 265.4001 0001515  77.4846   7.0962 15.19145495 69659
1 31698U 07026A   08260.53046057 -.00000600  00000+0 -25372-4 0  4094
2 31698  97.4458 265.8675 0001512  78.0724  77.7698 15.19145118 69726
1 31698U 07026A   08260.76283565 -.00000623  00000+0 -26468-4 0  4100
2 31698  97.4459 266.0966 0001516  78.5917 267.2809 15.19144722 69759
1 31698U 07026A   08260.91364948 -.00000614  00000+0 -26032-4 0  4110
2 31698  97.4460 266.2453 0001508  78.1907  11.9456 15.19144658 69783
1 31698U 07026A   08261.10855603 -.00000554  00000+0 -23188-4 0  4117
2 31698  97.4458 266.4374 0001445  78.0856 357.3041 15.19145075 69811
1 31698U 07026A   08261.51771464 -.00000441  00000+0 -17798-4 0  4120
2 31698  97.4462 266.8410 0001536  79.1340  72.4918 15.19145640 69874
1 31698U 07026A   08261.64108949 -.00000411  00000+0 -16375-4 0  4134
2 31698  97.4460 266.9624 0001516  80.5514  25.3730 15.19145754 69894
1 31698U 07026A   08261.96680236 -.00000335  00000+0 -12755-4 0  4147
2 31698  97.4459 267.2834 0001480  79.6397   6.4513 15.19146138 69949
1 31698U 07026A   08262.09821885 -.00000286  00000+0 -10441-4 0  4155
2 31698  97.4459 267.4132 0001452  78.8942   5.4484 15.19146506 69965
1 31698U 07026A   08262.43749442 -.00000156  00000+0 -42324-5 0  4164
2 31698  97.4458 267.7476 0001507  76.0611  62.5749 15.19147228 70010
1 31698U 07026A   08262.62959699  .00000011  00000+0  37111-5 0  4179
2 31698  97.4456 267.9368 0001515  81.9312  26.6387 15.19148460 70043
1 31698U 07026A   08263.08613399  .00000169  00000+0  11241-4 0  4184
2 31698  97.4456 268.3871 0001540  78.7213   5.0319 15.19149622 70114
1 31698U 07026A   08263.42381947  .00000184  00000+0  11935-4 0  4191
2 31698  97.4456 268.7199 0001545  78.5394  50.8180 15.19149899 70169
1 31698U 07026A   08263.81806832  .00000207  00000+0  13032-4 0  4207
2 31698  97.4456 269.1085 0001558  80.6180  43.4893 15.19150273 70223
1 31698U 07026A   08264.13576505  .00000271  00000+0  16101-4 0  4216
2 31698  97.4456 269.4220 0001592  77.9536 342.5118 15.19150876 70276
1 31698U 07026A   08264.41220259  .00000276  00000+0  16357-4 0  4228
2 31698  97.4457 269.6945 0001592  77.2848  54.0378 15.19151094 70313
1 31698U 07026A   08264.84620370  .00000227  00000+0  13985-4 0  4234
2 31698  97.4458 270.1221 0001566  80.4272 262.9060 15.19150851 70370
1 31698U 07026A   08265.19096286  .00000200  00000+0  12717-4 0  4240
2 31698  97.4456 270.4619 0001553  78.9528 348.6450 15.19150854 70439
1 31698U 07026A   08265.47075866  .00000207  00000+0  13031-4 0  4250
2 31698  97.4457 270.7378 0001554  77.9946  78.8143 15.19151009 70477
1 31698U 07026A   08265.91852133  .00000081  00000+0  70523-5 0  4260
2 31698  97.4457 271.1791 0001530  77.4372   6.5915 15.19150145 70546
1 31698U 07026A   08266.11441756  .00000066  00000+0  63309-5 0  4276
2 31698  97.4458 271.3723 0001507  77.7077 356.9828 15.19150136 70571
1 31698U 07026A   08266.33230324  .00000072  00000+0  66024-5 0  4282
2 31698  97.4457 271.5871 0001518  77.0314 108.5030 15.19150222 70601
1 31698U 07026A   08266.90821042 -.00000050  00000+0  82425-6 0  4290
2 31698  97.4460 272.1548 0001532  76.7508  16.3727 15.19149476 70697
1 31698U 07026A   08267.23176884 -.00000032  00000+0  16826-5 0  4307
2 31698  97.4460 272.4737 0001492  75.4849 346.0333 15.19149736 70740
1 31698U 07026A   08267.51164075  .00000005  00000+0  34300-5 0  4314
2 31698  97.4460 272.7497 0001532  78.2412  72.9069 15.19150122 70784
1 31698U 07026A   08267.83570722 -.00000021  00000+0  21981-5 0  4320
2 31698  97.4461 273.0691 0001547  78.1151  44.2023 15.19149998 70837
1 31698U 07026A   08268.15414130  .00000026  00000+0  44181-5 0  4338
2 31698  97.4461 273.3832 0001517  76.7254 345.9809 15.19150440 70884
1 31698U 07026A   08268.49969912  .00000092  00000+0  75877-5 0  4348
2 31698  97.4462 273.7238 0001568  78.0169  73.3236 15.19151056 70931
1 31698U 07026A   08268.75733413  .00000095  00000+0  77303-5 0  4352
2 31698  97.4462 273.9777 0001562  78.7967  40.6369 15.19151151 70972
1 31698U 07026A   08268.88840479  .00000105  00000+0  81889-5 0  4364
2 31698  97.4462 274.1069 0001563  78.6745  37.1206 15.19151277 70995
1 31698U 07026A   08269.23245370  .00000178  00000+0  11683-4 0  4367
2 31698  97.4462 274.4465 0001592  77.0516 119.1309 15.19151937 71044
1 31698U 07026A   08269.61150513  .00000220  00000+0  13659-4 0  4377
2 31698  97.4461 274.8201 0001595  76.7081  31.1661 15.19152417 71106
1 31698U 07026A   08270.12763360  .00000228  00000+0  14055-4 0  4385
2 31698  97.4461 275.3290 0001562  76.4137 332.3390 15.19152623 71185
1 31698U 07026A   08270.40751196  .00000240  00000+0  14632-4 0  4396
2 31698  97.4462 275.6050 0001558  76.0780  62.3393 15.19152854 71222
1 31698U 07026A   08270.72743747  .00000253  00000+0  15241-4 0  4407
2 31698  97.4462 275.9201 0001515  78.4641   8.4944 15.19153077 71274
1 31698U 07026A   08271.46503966  .00000137  00000+0  97296-5 0  4419
2 31698  97.4461 276.6473 0001501  77.5632  80.7261 15.19152487 71388
1 31698U 07026A   08271.85355523 -.00000026  00000+0  19589-5 0  4424
2 31698  97.4462 277.0300 0001463  78.0047  43.6926 15.19151244 71449
1 31698U 07026A   08272.10810880 -.00000137  00000+0 -33379-5 0  4433
2 31698  97.4461 277.2812 0001461  79.3307 353.6138 15.19150416 71482
1 31698U 07026A   08272.37850878 -.00000177  00000+0 -52396-5 0  4448
2 31698  97.4460 277.5477 0001451  80.0139  30.7882 15.19150116 71523
1 31698U 07026A   08272.81538194 -.00000328  00000+0 -12447-4 0  4452
2 31698  97.4457 277.9781 0001463  77.4080 261.0968 15.19148872 71585
1 31698U 07026A   08272.96672258 -.00000347  00000+0 -13330-4 0  4462
2 31698  97.4458 278.1273 0001456  77.5208   8.1282 15.19148689 71619
1 31698U 07026A   08273.22568406 -.00000358  00000+0 -13858-4 0  4468
2 31698  97.4457 278.3826 0001462  77.0040 343.9849 15.19148462 71652
1 31698U 07026A   08273.57067926 -.00000368  00000+0 -14357-4 0  4474
2 31698  97.4456 278.7227 0001511  76.7014  69.8416 15.19148310 71704
1 31698U 07026A   08273.89095766 -.00000403  00000+0 -15980-4 0  4486
2 31698  97.4456 279.0384 0001528  76.6449  20.3611 15.19147865 71759
1 31698U 07026A   08274.14855144 -.00000386  00000+0 -15199-4 0  4492
2 31698  97.4455 279.2926 0001511  76.1242 348.7477 15.19147877 71794
1 31698U 07026A   08274.49382558 -.00000324  00000+0 -12222-4 0  4502
2 31698  97.4455 279.6329 0001555  77.1915  74.7608 15.19148194 71842
1 31698U 07026A   08274.79553241 -.00000356  00000+0 -13768-4 0  4516
2 31698  97.4455 279.9302 0001550  77.7073 283.2057 15.19147761 71891
1 31698U 07026A   08275.21445925 -.00000300  00000+0 -11100-4 0  4521
2 31698  97.4453 280.3433 0001546  74.4857  56.0510 15.19148009 71952
1 31698U 07026A   08275.54665881 -.00000260  00000+0 -91770-5 0  4530
2 31698  97.4452 280.6708 0001560  75.2051  70.9519 15.19148167 72006
1 31698U 07026A   08275.93111638 -.00000251  00000+0 -87801-5 0  4540
2 31698  97.4451 281.0494 0001503  76.2848  11.1039 15.19148026 72068
1 31698U 07026A   08276.06091416 -.00000206  00000+0 -66298-5 0  4543
2 31698  97.4451 281.1775 0001479  75.6246   1.1684 15.19148316 72087
1 31698U 07026A   08276.52584858 -.00000157  00000+0 -42970-5 0  4569
2 31698  97.4452 281.6356 0001463  77.5325  20.3370 15.19148561 72155
1 31698U 07026A   08276.85914572 -.00000179  00000+0 -53143-5 0  4574
2 31698  97.4453 281.9641 0001450  76.5985  42.8870 15.19148279 72209
1 31698U 07026A   08277.17729819 -.00000086  00000+0 -92164-6 0  4583
2 31698  97.4453 282.2778 0001469  72.9705 345.3630 15.19148869 72259
1 31698U 07026A   08277.52412847 -.00000044  00000+0  11162-5 0  4594
2 31698  97.4453 282.6195 0001473  74.4016  79.5172 15.19149197 72301
1 31698U 07026A   08277.90784948 -.00000056  00000+0  54507-6 0  4606
2 31698  97.4453 282.9978 0001463  74.4774  16.6487 15.19149116 72361
1 31698U 07026A   08278.16755990 -.00000012  00000+0  26272-5 0  4610
2 31698  97.4452 283.2537 0001449  72.5708 357.9920 15.19149540 72404
1 31698U 07026A   08278.44315130  .00000018  00000+0  40476-5 0  4627
2 31698  97.4453 283.5254 0001470  72.8806  63.9153 15.19149833 72441
1 31698U 07026A   08278.83560383  .00000061  00000+0  60734-5 0  4630
2 31698  97.4453 283.9123 0001513  75.7589  45.9704 15.19150258 72500
1 31698U 07026A   08278.96097611  .00000071  00000+0  65891-5 0  4644
2 31698  97.4453 284.0358 0001512  75.7829  11.1633 15.19150374 72525
1 31698U 07026A   08279.24214120  .00000124  00000+0  90801-5 0  4640
2 31698  97.4451 284.3130 0001507  73.0552 110.5880 15.19150881 72567
1 31698U 07026A   08279.56466284  .00000198  00000+0  12609-4 0  4656
2 31698  97.4453 284.6309 0001522  76.7795  69.5959 15.19151606 72618
1 31698U 07026A   08279.88846190  .00000226  00000+0  13930-4 0  4660
2 31698  97.4453 284.9501 0001546  77.3947  38.6910 15.19151884 72664
1 31698U 07026A   08280.14243941  .00000276  00000+0  16343-4 0  4673
2 31698  97.4453 285.2006 0001541  76.3606 347.8301 15.19152360 72708
1 31698U 07026A   08280.41363475  .00000305  00000+0  17707-4 0  4687
2 31698  97.4454 285.4678 0001536  76.8213  29.5780 15.19152743 72743
1 31698U 07026A   08280.67827942  .00000322  00000+0  18525-4 0  4698
2 31698  97.4454 285.7287 0001532  77.8370  34.9686 15.19153051 72785
1 31698U 07026A   08280.93657078  .00000300  00000+0  17487-4 0  4702
2 31698  97.4455 285.9833 0001515  77.1174   7.3678 15.19152977 72827
1 31698U 07026A   08281.06728321  .00000293  00000+0  17164-4 0  4700
2 31698  97.4455 286.1122 0001517  76.8884   2.0005 15.19153027 72842
1 31698U 07026A   08281.53184663  .00000298  00000+0  17381-4 0  4714
2 31698  97.4456 286.5699 0001496  77.9119  20.0315 15.19153349 72914
1 31698U 07026A   08281.80029091  .00000245  00000+0  14871-4 0  4721
2 31698  97.4456 286.8344 0001490  78.1134  47.0002 15.19153111 72951
1 31698U 07026A   08281.92534447  .00000218  00000+0  13595-4 0  4733
2 31698  97.4456 286.9577 0001474  77.3241  11.2638 15.19152985 72970
1 31698U 07026A   08282.05498821  .00000211  00000+0  13225-4 0  4736
2 31698  97.4456 287.0856 0001483  77.4341 359.7163 15.19152973 72996
1 31698U 07026A   08282.27335648  .00000158  00000+0  10726-4 0  4741
2 31698  97.4457 287.3009 0001495  77.5000 113.1323 15.19152715 73025
1 31698U 07026A   08282.78742095  .00000052  00000+0  56609-5 0  4750
2 31698  97.4458 287.8075 0001476  77.7171  42.5106 15.19152116 73102
1 31698U 07026A   08282.97295259  .00000076  00000+0  67983-5 0  4760
2 31698  97.4458 287.9904 0001464  76.6023 337.6422 15.19152356 73133
1 31698U 07026A   08283.04285819  .00000083  00000+0  71675-5 0  4761
2 31698  97.4459 288.0595 0001473  76.8251 359.4860 15.19152422 73140
1 31698U 07026A   08283.26269676  .00000055  00000+0  57900-5 0  4773
2 31698  97.4458 288.2762 0001474  77.5094 120.3205 15.19152324 73173
1 31698U 07026A   08283.77431934 -.00000010  00000+0  27241-5 0  4796
2 31698  97.4460 288.7805 0001504  78.1286  35.9536 15.19152068 73255
1 31698U 07026A   08284.09586957  .00000024  00000+0  43335-5 0  4806
2 31698  97.4459 289.0975 0001510  77.4479 354.0555 15.19152357 73301
1 31698U 07026A   08284.43747130  .00000026  00000+0  44343-5 0  4819
2 31698  97.4459 289.4342 0001529  76.5461  61.9687 15.19152469 73353
1 31698U 07026A   08284.82997844 -.00000064  00000+0  14799-6 0  4828
2 31698  97.4460 289.8211 0001521  78.6475  45.0953 15.19151766 73419
1 31698U 07026A   08285.35365113 -.00000121  00000+0 -25629-5 0  4834
2 31698  97.4461 290.3373 0001588  79.5484  26.3028 15.19151245 73494
1 31698U 07026A   08285.87850856 -.00001122  00000+0 -50231-4 0  4843
2 31698  97.4460 290.8551 0001576  87.1106   7.3129 15.19146552 73574
1 31698U 07026A   08286.13663815 -.00000651  00000+0 -27827-4 0  4852
2 31698  97.4455 291.1100 0001523  85.8500 339.3698 15.19147746 73617
1 31698U 07026A   08286.48222588 -.00000437  00000+0 -17599-4 0  4866
2 31698  97.4456 291.4506 0001537  85.1460  68.8670 15.19148277 73663
1 31698U 07026A   08286.87117042 -.00000278  00000+0 -10047-4 0  4872
2 31698  97.4450 291.8337 0001525  82.0492  37.7143 15.19147670 73724
1 31698U 07026A   08287.12547068  .00000153  00000+0  10453-4 0  4888
2 31698  97.4449 292.0844 0001442  82.5444 347.0876 15.19149118 73761
1 31698U 07026A   08287.46935442  .00000090  00000+0  74638-5 0  4899
2 31698  97.4448 292.4233 0001451  82.5522  66.5596 15.19149264 73813
1 31698U 07026A   08287.78647721 -.00000160  00000+0 -44233-5 0  4904
2 31698  97.4447 292.7359 0001409  78.2055   4.1201 15.19148185 73867
1 31698U 07026A   08287.91854122 -.00000077  00000+0 -48233-6 0  4917
2 31698  97.4445 292.8661 0001401  78.0350   6.0801 15.19148469 73884
1 31698U 07026A   08288.17927285  .00000410  00000+0  22726-4 0  4913
2 31698  97.4445 293.1230 0001401  77.1260 352.0075 15.19149885 73925
1 31698U 07026A   08288.52412736  .00000504  00000+0  27209-4 0  4928
2 31698  97.4441 293.4631 0001293  77.4682  76.4563 15.19151257 73979
1 31698U 07026A   08288.71369755  .00000508  00000+0  27387-4 0  4933
2 31698  97.4442 293.6500 0001315  78.1107  31.8989 15.19151025 74007
1 31698U 07026A   08288.90818635 -.00000411  00000+0 -16404-4 0  4944
2 31698  97.4455 293.8412 0001474  75.2555  17.7138 15.19147338 74030
1 31698U 07026A   08289.16756047 -.00000268  00000+0 -95534-5 0  4943
2 31698  97.4452 294.0968 0001411  73.1002 357.4701 15.19148319 74075
1 31698U 07026A   08289.57669439 -.00000123  00000+0 -26530-5 0  4957
2 31698  97.4454 294.5001 0001449  77.2332  69.4448 15.19149347 74139
1 31698U 07026A   08289.89459988 -.00000028  00000+0  18604-5 0  4965
2 31698  97.4451 294.8133 0001502  76.3655   7.8114 15.19149927 74188
1 31698U 07026A   08290.15500692  .00000123  00000+0  90435-5 0  4973
2 31698  97.4449 295.0701 0001458  73.2018 354.2222 15.19151028 74227
1 31698U 07026A   08290.43070634  .00000165  00000+0  11067-4 0  4982
2 31698  97.4450 295.3419 0001447  73.8132  60.4357 15.19151441 74267
1 31698U 07026A   08290.62376572  .00000258  00000+0  15472-4 0  4991
2 31698  97.4449 295.5319 0001441  78.1027  31.3087 15.19152229 74296
1 31698U 07026A   08290.75568318  .00000254  00000+0  15272-4 0  5003
2 31698  97.4449 295.6619 0001442  78.0039  32.3969 15.19152274 74316
1 31698U 07026A   08291.14257191  .00000346  00000+0  19665-4 0  5003
2 31698  97.4450 296.0436 0001506  75.0455 349.8823 15.19153113 74374
1 31698U 07026A   08291.41919882  .00000384  00000+0  21470-4 0  5015
2 31698  97.4449 296.3161 0001505  75.1034  61.7200 15.19153613 74412
1 31698U 07026A   08291.87679522  .00000344  00000+0  19578-4 0  5022
2 31698  97.4448 296.7669 0001463  78.0353  39.7633 15.19153626 74483
1 31698U 07026A   08292.13060316  .00000357  00000+0  20188-4 0  5031
2 31698  97.4447 297.0171 0001481  76.1689 348.8078 15.19153883 74522
1 31698U 07026A   08292.47895933  .00000351  00000+0  19894-4 0  5046
2 31698  97.4447 297.3604 0001478  75.6317  93.2737 15.19154125 74572
1 31698U 07026A   08292.85695822  .00000301  00000+0  17508-4 0  5059
2 31698  97.4445 297.7328 0001440  76.7914 358.0514 15.19153958 74636
1 31698U 07026A   08292.98106919  .00000248  00000+0  15008-4 0  5061
2 31698  97.4444 297.8550 0001429  76.6934 316.4721 15.19153682 74655
1 31698U 07026A   08293.19640258  .00000214  00000+0  13366-4 0  5062
2 31698  97.4443 298.0672 0001456  77.5176  52.5429 15.19153489 74681
1 31698U 07026A   08293.46649953  .00000177  00000+0  11634-4 0  5078
2 31698  97.4444 298.3334 0001432  76.5125  89.7516 15.19153354 74722
1 31698U 07026A   08293.85349659 -.00000018  00000+0  23288-5 0  5086
2 31698  97.4444 298.7147 0001401  74.2899  47.0820 15.19151883 74783
1 31698U 07026A   08294.10477639 -.00000164  00000+0 -46393-5 0  5091
2 31698  97.4446 298.9626 0001440  77.8780 336.8469 15.19150710 74821
1 31698U 07026A   08294.51877745 -.00000283  00000+0 -10274-4 0  5100
2 31698  97.4445 299.3705 0001436  76.0243  81.4003 15.19149806 74880
1 31698U 07026A   08294.83763947 -.00000409  00000+0 -16267-4 0  5112
2 31698  97.4448 299.6849 0001453  77.3208  22.8236 15.19148708 74932
1 31698U 07026A   08294.95687192 -.00000428  00000+0 -17182-4 0  5121
2 31698  97.4448 299.8024 0001454  76.8074 314.9950 15.19148494 74957
1 31698U 07026A   08295.15894944 -.00000487  00000+0 -19993-4 0  5126
2 31698  97.4448 300.0015 0001448  76.4535 339.7903 15.19147889 74986
1 31698U 07026A   08295.43738005 -.00000487  00000+0 -20008-4 0  5132
2 31698  97.4449 300.2759 0001463  76.3976  61.5937 15.19147693 75025
1 31698U 07026A   08295.69902073 -.00000556  00000+0 -23268-4 0  5147
2 31698  97.4449 300.5337 0001527  75.9971  51.9752 15.19147063 75064
1 31698U 07026A   08295.95456233 -.00000571  00000+0 -24013-4 0  5155
2 31698  97.4449 300.7855 0001519  75.9272   8.6920 15.19146688 75109
1 31698U 07026A   08296.08412567 -.00000576  00000+0 -24231-4 0  5159
2 31698  97.4448 300.9132 0001493  75.7794 356.9613 15.19146597 75125
1 31698U 07026A   08296.30206019 -.00000557  00000+0 -23337-4 0  5163
2 31698  97.4449 301.1280 0001505  74.9405 108.9091 15.19146534 75156
1 31698U 07026A   08296.88279060 -.00000525  00000+0 -21802-4 0  5173
2 31698  97.4451 301.7004 0001565  75.8114  41.9888 15.19146370 75240
1 31698U 07026A   08297.21446764 -.00000450  00000+0 -18263-4 0  5183
2 31698  97.4450 302.0275 0001527  73.8421  56.7220 15.19146671 75293
1 31698U 07026A   08297.67194692 -.00000374  00000+0 -14608-4 0  5198
2 31698  97.4454 302.4785 0001514  77.1286  33.7651 15.19146921 75368
1 31698U 07026A   08297.80618174 -.00000352  00000+0 -13588-4 0  5203
2 31698  97.4454 302.6108 0001505  77.1476  47.3995 15.19147005 75388
1 31698U 07026A   08297.93176233 -.00000350  00000+0 -13483-4 0  5215
2 31698  97.4454 302.7345 0001503  76.4835  14.4171 15.19146954 75407
1 31698U 07026A   08298.06228536 -.00000305  00000+0 -11351-4 0  5216
2 31698  97.4452 302.8631 0001475  75.4486   8.8191 15.19147186 75422
1 31698U 07026A   08298.53469817 -.00000190  00000+0 -58469-5 0  5222
2 31698  97.4453 303.3286 0001441  77.2623  68.9549 15.19147809 75494
1 31698U 07026A   08298.85908689 -.00000178  00000+0 -53037-5 0  5235
2 31698  97.4453 303.6482 0001429  76.5070  42.6389 15.19147808 75545
1 31698U 07026A   08299.11409708 -.00000041  00000+0  12545-5 0  5241
2 31698  97.4453 303.8998 0001462  71.1013   1.7925 15.19148722 75586
1 31698U 07026A   08299.38349769 -.00000035  00000+0  15188-5 0  5250
2 31698  97.4453 304.1653 0001466  70.1585  35.1304 15.19148783 75629
1 31698U 07026A   08299.82460648  .00000005  00000+0  34088-5 0  5266
2 31698  97.4455 304.6000 0001437  74.4916 281.6567 15.19149079 75689
1 31698U 07026A   08299.97263325  .00000032  00000+0  46994-5 0  5275
2 31698  97.4455 304.7459 0001424  74.5474  10.6349 15.19149315 75719
1 31698U 07026A   08300.09442163  .00000048  00000+0  54994-5 0  5276
2 31698  97.4454 304.8660 0001424  73.5850 317.2261 15.19149460 75732
1 31698U 07026A   08300.44329818  .00000090  00000+0  74652-5 0  5287
2 31698  97.4455 305.2100 0001461  72.4069  65.1739 15.19149897 75786
1 31698U 07026A   08300.83566131  .00000089  00000+0  74083-5 0  5298
2 31698  97.4455 305.5966 0001487  74.3827  47.6414 15.19150077 75844
1 31698U 07026A   08300.96105231  .00000089  00000+0  74092-5 0  5304
2 31698  97.4454 305.7202 0001476  74.0840  13.2590 15.19150144 75869
1 31698U 07026A   08301.08999817  .00000114  00000+0  85969-5 0  5303
2 31698  97.4454 305.8473 0001479  73.0614 359.0299 15.19150373 75884
1 31698U 07026A   08301.42968947  .00000168  00000+0  11198-4 0  5313
2 31698  97.4454 306.1824 0001518  70.8001  57.8603 15.19150910 75932
1 31698U 07026A   08301.75748101  .00000211  00000+0  13226-4 0  5321
2 31698  97.4454 306.5053 0001518  73.9458  46.2477 15.19151418 75980
1 31698U 07026A   08301.94838448  .00000213  00000+0  13355-4 0  5332
2 31698  97.4453 306.6934 0001522  74.1232   9.4452 15.19151540 76011
1 31698U 07026A   08302.01333949  .00000221  00000+0  13695-4 0  5333
2 31698  97.4453 306.7575 0001512  74.0018   4.5760 15.19151650 76024
1 31698U 07026A   08302.28501205  .00000247  00000+0  14961-4 0  5340
2 31698  97.4452 307.0255 0001540  72.6931  50.7001 15.19151969 76069
1 31698U 07026A   08302.81213120  .00000268  00000+0  15958-4 0  5356
2 31698  97.4450 307.5448 0001517  75.2887  49.0536 15.19152393 76144
1 31698U 07026A   08303.13107941  .00000254  00000+0  15262-4 0  5369
2 31698  97.4449 307.8593 0001508  73.6519 353.8874 15.19152415 76191
1 31698U 07026A   08303.40172309  .00000260  00000+0  15586-4 0  5376
2 31698  97.4448 308.1261 0001501  72.4348  34.2969 15.19152625 76239
1 31698U 07026A   08303.80024424  .00000219  00000+0  13616-4 0  5381
2 31698  97.4447 308.5187 0001466  75.3388  49.4926 15.19152465 76294
1 31698U 07026A   08304.18516348  .00000171  00000+0  11325-4 0  5397
2 31698  97.4446 308.8980 0001454  73.2196 355.3707 15.19152304 76353
1 31698U 07026A   08304.39532795  .00000168  00000+0  11211-4 0  5406
2 31698  97.4445 309.1051 0001446  72.5601  64.6756 15.19152382 76382
1 31698U 07026A   08304.91255394  .00000049  00000+0  55177-5 0  5410
2 31698  97.4445 309.6148 0001474  74.2948   9.8147 15.19151711 76467
1 31698U 07026A   08305.10761318  .00000062  00000+0  61477-5 0  5426
2 31698  97.4445 309.8072 0001436  73.4114 356.7876 15.19151916 76492
1 31698U 07026A   08305.37849582  .00000073  00000+0  66451-5 0  5435
2 31698  97.4445 310.0742 0001448  72.6181  38.0793 15.19152077 76530
1 31698U 07026A   08305.84156564  .00000049  00000+0  55454-5 0  5443
2 31698  97.4445 310.5304 0001483  74.7673  46.8207 15.19152131 76603
1 31698U 07026A   08305.96661953  .00000059  00000+0  59814-5 0  5455
2 31698  97.4445 310.6536 0001464  74.5442  10.5217 15.19152266 76622
1 31698U 07026A   08306.09657194  .00000070  00000+0  65474-5 0  5454
2 31698  97.4445 310.7817 0001462  73.9519   1.3643 15.19152396 76648
1 31698U 07026A   08306.57067296  .00000163  00000+0  10959-4 0  5466
2 31698  97.4444 311.2488 0001512  76.0391  70.4640 15.19153367 76716
1 31698U 07026A   08306.82997804  .00000171  00000+0  11319-4 0  5472
2 31698  97.4444 311.5043 0001518  77.2103  46.5158 15.19153510 76758
1 31698U 07026A   08307.08443318  .00000251  00000+0  15119-4 0  5489
2 31698  97.4442 311.7550 0001524  74.7004 359.7433 15.19154167 76798
1 31698U 07026A   08307.27848616  .00000257  00000+0  15441-4 0  5495
2 31698  97.4443 311.9462 0001521  74.1367 340.8974 15.19154344 76828
1 31698U 07026A   08307.88272213  .00000289  00000+0  16973-4 0  5504
2 31698  97.4442 312.5417 0001524  76.1104  41.3577 15.19154935 76916
1 31698U 07026A   08308.13604441  .00000337  00000+0  19216-4 0  5513
2 31698  97.4442 312.7914 0001539  74.6003 347.3939 15.19155397 76955
1 31698U 07026A   08308.34496338  .00000344  00000+0  19574-4 0  5526
2 31698  97.4444 312.9973 0001534  75.5131  48.3223 15.19155611 76987
1 31698U 07026A   08308.87113551  .00000273  00000+0  16204-4 0  5536
2 31698  97.4443 313.5158 0001479  77.7153  41.8954 15.19155370 77065
1 31698U 07026A   08309.12181707  .00000248  00000+0  14982-4 0  5547
2 31698  97.4445 313.7627 0001482  77.5902 332.1126 15.19155356 77100
1 31698U 07026A   08309.40134323  .00000244  00000+0  14796-4 0  5550
2 31698  97.4446 314.0382 0001477  77.6658  59.7792 15.19155491 77141
1 31698U 07026A   08309.85907671  .00000133  00000+0  95421-5 0  5566
2 31698  97.4446 314.4892 0001448  79.2120  39.9574 15.19154867 77213
1 31698U 07026A   08310.05008558  .00000095  00000+0  77213-5 0  5573
2 31698  97.4448 314.6775 0001442  78.5660   4.5565 15.19154777 77243
1 31698U 07026A   08310.52275189  .00000052  00000+0  56696-5 0  5587
2 31698  97.4449 315.1432 0001452  78.4293  68.0359 15.19154685 77314
1 31698U 07026A   08310.84757142  .00000021  00000+0  41764-5 0  5593
2 31698  97.4449 315.4633 0001441  78.4690  43.2859 15.19154512 77363
1 31698U 07026A   08311.16754774 -.00000042  00000+0  12091-5 0  5604
2 31698  97.4450 315.7786 0001460  78.0169 352.5566 15.19154151 77411
1 31698U 07026A   08311.30932882 -.00000049  00000+0  85869-6 0  5610
2 31698  97.4450 315.9184 0001459  77.6141  47.8589 15.19154105 77438
1 31698U 07026A   08311.81265046 -.00000152  00000+0 -40690-5 0  5626
2 31698  97.4451 316.4143 0001442  76.2791 280.0759 15.19153245 77500
1 31698U 07026A   08311.96096039 -.00000168  00000+0 -48124-5 0  5634
2 31698  97.4451 316.5605 0001450  76.2356  10.7009 15.19153071 77536
1 31698U 07026A   08312.09024132 -.00000232  00000+0 -78618-5 0  5637
2 31698  97.4450 316.6880 0001499  76.8151 356.6972 15.19152433 77557
1 31698U 07026A   08312.29789189 -.00000273  00000+0 -98252-5 0  5641
2 31698  97.4452 316.8927 0001525  76.6973  51.7188 15.19152004 77582
1 31698U 07026A   08312.82401817 -.00000479  00000+0 -19602-4 0  5659
2 31698  97.4450 317.4109 0001477  76.2430  47.6850 15.19150159 77667
1 31698U 07026A   08313.14223255 -.00000543  00000+0 -22654-4 0  5667
2 31698  97.4449 317.7249 0001520  76.5559 346.5542 15.19149354 77717
1 31698U 07026A   08313.49044392 -.00000567  00000+0 -23809-4 0  5678
2 31698  97.4450 318.0681 0001552  75.4933  90.7480 15.19148881 77760
1 31698U 07026A   08313.81217711 -.00000715  00000+0 -30875-4 0  5688
2 31698  97.4451 318.3852 0001506  77.6970  46.9549 15.19147466 77811
1 31698U 07026A   08314.13070128 -.00000705  00000+0 -30365-4 0  5697
2 31698  97.4449 318.6993 0001462  76.9733 348.5559 15.19147233 77866
1 31698U 07026A   08314.28589120 -.00000709  00000+0 -30557-4 0  5709
2 31698  97.4450 318.8522 0001467  76.3310 117.3797 15.19147023 77883
1 31698U 07026A   08314.73313006 -.00000786  00000+0 -34229-4 0  5713
2 31698  97.4451 319.2930 0001464  78.2846  39.7828 15.19146010 77959
1 31698U 07026A   08314.92526796 -.00000775  00000+0 -33703-4 0  5721
2 31698  97.4451 319.4822 0001463  77.0152  11.1706 15.19145851 77981
1 31698U 07026A   08315.11209414 -.00000719  00000+0 -31067-4 0  5727
2 31698  97.4451 319.6664 0001426  75.8221 313.4534 15.19146083 78019
1 31698U 07026A   08315.52313294 -.00000679  00000+0 -29138-4 0  5736
2 31698  97.4450 320.0715 0001456  76.3830  39.4026 15.19145964 78070
1 31698U 07026A   08315.90823677 -.00000616  00000+0 -26163-4 0  5746
2 31698  97.4449 320.4508 0001461  77.6793 342.8718 15.19146112 78132
1 31698U 07026A   08316.17349759 -.00000520  00000+0 -21582-4 0  5755
2 31698  97.4450 320.7123 0001450  74.2987 356.0233 15.19146614 78176
1 31698U 07026A   08316.52065721 -.00000324  00000+0 -12233-4 0  5764
2 31698  97.4450 321.0545 0001549  77.3751  90.3376 15.19147918 78220
1 31698U 07026A   08316.84155213 -.00000240  00000+0 -82328-5 0  5776
2 31698  97.4450 321.3707 0001503  78.9193  42.6304 15.19148371 78270
1 31698U 07026A   08316.96731671 -.00000180  00000+0 -53925-5 0  5782
2 31698  97.4449 321.4946 0001477  78.1840  10.7278 15.19148788 78295
1 31698U 07026A   08317.09822449 -.00000145  00000+0 -37356-5 0  5782
2 31698  97.4449 321.6237 0001473  76.9529   7.4301 15.19149050 78312
1 31698U 07026A   08317.43723817  .00000011  00000+0  36937-5 0  5794
2 31698  97.4449 321.9578 0001547  73.0429  64.2069 15.19150107 78364
1 31698U 07026A   08317.83000197  .00000206  00000+0  12994-4 0  5801
2 31698  97.4446 322.3446 0001472  77.9705  45.9216 15.19151714 78429
1 31698U 07026A   08318.14863378  .00000269  00000+0  15979-4 0  5810
2 31698  97.4446 322.6588 0001495  76.7531 348.6104 15.19152349 78477
1 31698U 07026A   08318.42535193  .00000361  00000+0  20397-4 0  5826
2 31698  97.4446 322.9314 0001534  74.5334  63.2249 15.19153182 78519
1 31698U 07026A   08318.81806870  .00000386  00000+0  21587-4 0  5832
2 31698  97.4445 323.3183 0001514  76.7571  47.3815 15.19153662 78573
1 31698U 07026A   08319.13630128  .00000372  00000+0  20881-4 0  5841
2 31698  97.4444 323.6320 0001533  77.0380 346.3888 15.19153791 78622
1 31698U 07026A   08319.54073876  .00000389  00000+0  21712-4 0  5850
2 31698  97.4444 324.0307 0001538  75.5232  38.3427 15.19154229 78686
1 31698U 07026A   08319.87112412  .00000317  00000+0  18264-4 0  5866
2 31698  97.4442 324.3559 0001498  76.2866  43.2842 15.19153789 78734
1 31698U 07026A   08320.20242584  .00000268  00000+0  15935-4 0  5877
2 31698  97.4441 324.6825 0001469  76.5966  53.6908 15.19153680 78787
1 31698U 07026A   08320.47075047  .00000271  00000+0  16112-4 0  5887
2 31698  97.4441 324.9469 0001473  75.5926  81.2136 15.19153865 78824
1 31698U 07026A   08320.79065538  .00000192  00000+0  12336-4 0  5893
2 31698  97.4443 325.2620 0001467  75.4896  29.7416 15.19153385 78877
1 31698U 07026A   08321.05007421  .00000175  00000+0  11532-4 0  5900
2 31698  97.4442 325.5175 0001461  75.3806   7.6945 15.19153397 78918
1 31698U 07026A   08321.52411241  .00000118  00000+0  87861-5 0  5918
2 31698  97.4441 325.9847 0001421  75.0933  78.8189 15.19153213 78985
1 31698U 07026A   08321.84757182  .00000035  00000+0  48629-5 0  5928
2 31698  97.4442 326.3034 0001459  73.7886  47.9764 15.19152756 79036
1 31698U 07026A   08322.10410148  .00000027  00000+0  44766-5 0  5936
2 31698  97.4441 326.5561 0001417  73.4481  10.3712 15.19152840 79079
1 31698U 07026A   08322.44313066  .00000046  00000+0  53707-5 0  5941
2 31698  97.4440 326.8901 0001422  72.9318  63.8401 15.19153094 79124
1 31698U 07026A   08322.83184541  .00000055  00000+0  58264-5 0  5952
2 31698  97.4439 327.2730 0001490  75.1917  26.0893 15.19153385 79187
1 31698U 07026A   08323.22010414  .00000104  00000+0  81273-5 0  5965
2 31698  97.4439 327.6556 0001488  74.0331 349.2648 15.19153884 79241
1 31698U 07026A   08323.49894580  .00000210  00000+0  13178-4 0  5975
2 31698  97.4437 327.9303 0001503  74.0736  73.2291 15.19154849 79283
1 31698U 07026A   08323.82400582  .00000208  00000+0  13115-4 0  5986
2 31698  97.4439 328.2505 0001484  77.7135  46.1948 15.19154946 79336
1 31698U 07026A   08324.14221380  .00000252  00000+0  15202-4 0  5998
2 31698  97.4438 328.5641 0001490  77.3722 345.6937 15.19155433 79386
1 31698U 07026A   08324.41912568  .00000313  00000+0  18098-4 0  6000
2 31698  97.4439 328.8371 0001507  76.9864  59.5355 15.19156018 79421
1 31698U 07026A   08324.78733796  .00000313  00000+0  18102-4 0  6011
2 31698  97.4441 329.1999 0001487  80.8836 268.0924 15.19156195 79474
1 31698U 07026A   08325.13082502  .00000259  00000+0  15512-4 0  6025
2 31698  97.4441 329.5384 0001522  81.8654 344.4278 15.19155981 79535
1 31698U 07026A   08325.86515306  .00000087  00000+0  73237-5 0  6037
2 31698  97.4443 330.2621 0001446  74.6002  45.1307 15.19154790 79649
1 31698U 07026A   08326.18519821 -.00000187  00000+0 -57315-5 0  6042
2 31698  97.4443 330.5776 0001464  77.4991 351.4150 15.19152561 79699
1 31698U 07026A   08326.52870624 -.00000320  00000+0 -12066-4 0  6054
2 31698  97.4442 330.9160 0001365  73.4769  72.8596 15.19151367 79745
1 31698U 07026A   08326.71989503 -.00000405  00000+0 -16104-4 0  6064
2 31698  97.4444 331.1044 0001419  70.6040  40.6630 15.19150652 79773
1 31698U 07026A   08327.10759630 -.00000557  00000+0 -23346-4 0  6079
2 31698  97.4443 331.4864 0001407  74.8971 355.3275 15.19149215 79832
1 31698U 07026A   08327.51769910 -.00000679  00000+0 -29145-4 0  6085
2 31698  97.4445 331.8906 0001369  78.4175  73.2008 15.19148043 79892
1 31698U 07026A   08327.77260884 -.00000758  00000+0 -32895-4 0  6094
2 31698  97.4447 332.1419 0001428  77.4246  27.3860 15.19147178 79930
1 31698U 07026A   08328.09817866 -.00000821  00000+0 -35917-4 0  6109
2 31698  97.4447 332.4626 0001409  77.0652   7.1276 15.19146404 79982
1 31698U 07026A   08328.50807065 -.00000736  00000+0 -31883-4 0  6119
2 31698  97.4446 332.8664 0001481  79.3186  85.1211 15.19146678 80041
1 31698U 07026A   08328.80576389 -.00000761  00000+0 -33055-4 0  6126
2 31698  97.4447 333.1598 0001511  77.6852 273.7788 15.19146173 80085
1 31698U 07026A   08329.08620584 -.00000723  00000+0 -31256-4 0  6134
2 31698  97.4446 333.4361 0001475  76.1341   8.0706 15.19146170 80133
1 31698U 07026A   08329.30594907 -.00000663  00000+0 -28401-4 0  6140
2 31698  97.4447 333.6528 0001492  74.9809 130.2192 15.19146338 80161
1 31698U 07026A   08329.81805751 -.00000493  00000+0 -20276-4 0  6152
2 31698  97.4448 334.1571 0001501  79.5594  44.5481 15.19147199 80242
1 31698U 07026A   08330.13609628 -.00000383  00000+0 -15053-4 0  6160
2 31698  97.4446 334.4707 0001438  77.4821 344.8534 15.19147857 80294
1 31698U 07026A   08330.48217656 -.00000237  00000+0 -81013-5 0  6173
2 31698  97.4448 334.8120 0001493  77.4786  76.3444 15.19148679 80346
1 31698U 07026A   08330.73902520 -.00000180  00000+0 -53715-5 0  6188
2 31698  97.4447 335.0648 0001450  81.1545  36.4630 15.19148939 80388
1 31698U 07026A   08331.20241706 -.00000068  00000+0 -24867-7 0  6197
2 31698  97.4446 335.5214 0001467  79.2844  50.9810 15.19149640 80458
1 31698U 07026A   08331.53467741 -.00000071  00000+0 -21162-6 0  6202
2 31698  97.4445 335.8489 0001474  80.0075  66.2113 15.19149654 80505
1 31698U 07026A   08331.91963020  .00000083  00000+0  71487-5 0  6211
2 31698  97.4446 336.2281 0001490  78.7669  11.3958 15.19150643 80566
1 31698U 07026A   08332.19029353  .00000111  00000+0  84552-5 0  6224
2 31698  97.4445 336.4950 0001467  77.6764  51.7860 15.19150966 80601
1 31698U 07026A   08332.52274197  .00000020  00000+0  41345-5 0  6232
2 31698  97.4442 336.8223 0001400  73.8104  72.6279 15.19150266 80652
1 31698U 07026A   08332.75824074 -.00000078  00000+0 -52027-6 0  6248
2 31698  97.4445 337.0546 0001422  74.6796 278.8621 15.19149534 80686
1 31698U 07026A   08332.90782513 -.00000149  00000+0 -38888-5 0  6254
2 31698  97.4444 337.2019 0001412  75.0698  16.0143 15.19148938 80719
1 31698U 07026A   08333.16754832 -.00000209  00000+0 -67779-5 0  6254
2 31698  97.4444 337.4578 0001399  75.9094 354.6761 15.19148439 80751
1 31698U 07026A   08333.44199632 -.00000193  00000+0 -60112-5 0  6263
2 31698  97.4444 337.7282 0001413  76.3577  54.2100 15.19148519 80797
1 31698U 07026A   08333.89616138 -.00000197  00000+0 -62139-5 0  6273
2 31698  97.4445 338.1759 0001496  76.7663  16.0197 15.19148601 80865
1 31698U 07026A   08334.09230028 -.00000161  00000+0 -44937-5 0  6284
2 31698  97.4444 338.3692 0001453  75.9764   8.7998 15.19148963 80899
1 31698U 07026A   08334.42950259 -.00000092  00000+0 -12009-5 0  6295
2 31698  97.4445 338.7016 0001475  74.3538  53.3880 15.19149496 80944
1 31698U 07026A   08334.88845148  .00000065  00000+0  62977-5 0  6304
2 31698  97.4444 339.1536 0001524  76.3189  39.7974 15.19150993 81019
1 31698U 07026A   08335.14191505  .00000181  00000+0  11829-4 0  6314
2 31698  97.4443 339.4034 0001478  73.7195 347.6978 15.19152118 81050
1 31698U 07026A   08335.48797442  .00000326  00000+0  18693-4 0  6321
2 31698  97.4442 339.7444 0001545  74.3995  78.3996 15.19153516 81104
1 31698U 07026A   08335.80817288  .00000417  00000+0  23024-4 0  6334
2 31698  97.4443 340.0598 0001459  79.4101  23.4266 15.19154399 81155
1 31698U 07026A   08336.13058503  .00000505  00000+0  27223-4 0  6342
2 31698  97.4443 340.3776 0001446  78.5846 346.3904 15.19155464 81204
1 31698U 07026A   08336.47110969  .00000647  00000+0  34012-4 0  6356
2 31698  97.4442 340.7130 0001449  75.4316  50.6746 15.19156819 81251
1 31698U 07026A   08336.86509480  .00000632  00000+0  33271-4 0  6360
2 31698  97.4443 341.1013 0001413  78.2432  41.1772 15.19157076 81315
1 31698U 07026A   08337.19636624  .00000629  00000+0  33137-4 0  6376
2 31698  97.4442 341.4278 0001424  77.7037  52.2730 15.19157484 81362
1 31698U 07026A   08337.85347498  .00000617  00000+0  32587-4 0  6383
2 31698  97.4446 342.0753 0001371  80.9103  40.4781 15.19158058 81466
1 31698U 07026A   08338.10812132  .00000536  00000+0  28696-4 0  6391
2 31698  97.4445 342.3261 0001401  81.9259 351.2232 15.19157700 81501
1 31698U 07026A   08338.45164542  .00000512  00000+0  27546-4 0  6403
2 31698  97.4446 342.6649 0001396  82.0126  68.6587 15.19157840 81555
1 31698U 07026A   08338.77433072  .00000243  00000+0  14764-4 0  6415
2 31698  97.4448 342.9828 0001331  81.1925  33.0942 15.19155909 81606
1 31698U 07026A   08339.09589645  .00000087  00000+0  73456-5 0  6420
2 31698  97.4447 343.2996 0001386  83.5264 348.2620 15.19154803 81658
1 31698U 07026A   08339.36555153 -.00000067  00000+0 -13552-7 0  6431
2 31698  97.4448 343.5653 0001362  87.6874  17.8890 15.19153866 81698
1 31698U 07026A   08339.76357260 -.00000508  00000+0 -21013-4 0  6443
2 31698  97.4452 343.9580 0001558  79.3184  41.6090 15.19150499 81758
1 31698U 07026A   08339.94957434 -.00000588  00000+0 -24803-4 0  6451
2 31698  97.4449 344.1409 0001530  80.3019 337.2075 15.19149825 81787
1 31698U 07026A   08340.14883380 -.00000671  00000+0 -28770-4 0  6453
2 31698  97.4449 344.3373 0001512  80.9677 345.5817 15.19149013 81814
1 31698U 07026A   08340.49393260 -.00000681  00000+0 -29249-4 0  6468
2 31698  97.4450 344.6774 0001544  82.6613  70.0086 15.19148590 81860
1 31698U 07026A   08340.75120756 -.00000764  00000+0 -33181-4 0  6478
2 31698  97.4453 344.9309 0001588  82.1439  36.6449 15.19147628 81906
1 31698U 07026A   08340.94319416 -.00000778  00000+0 -33847-4 0  6487
2 31698  97.4452 345.1200 0001597  82.4842   5.5969 15.19147314 81936
1 31698U 07026A   08341.20241766 -.00000796  00000+0 -34718-4 0  6487
2 31698  97.4452 345.3757 0001543  82.3419 342.5106 15.19146895 81979
1 31698U 07026A   08341.41287922 -.00000780  00000+0 -33979-4 0  6496
2 31698  97.4453 345.5832 0001552  82.5392  52.5794 15.19146715 82005
1 31698U 07026A   08341.86710640 -.00000794  00000+0 -34612-4 0  6505
2 31698  97.4455 346.0307 0001568  83.2570  14.4132 15.19146021 82073
1 31698U 07026A   08342.19093971 -.00000753  00000+0 -32677-4 0  6518
2 31698  97.4453 346.3499 0001505  83.4532 344.1115 15.19146014 82129
1 31698U 07026A   08342.53467243 -.00000699  00000+0 -30106-4 0  6528
2 31698  97.4455 346.6888 0001551  84.4665  61.7514 15.19146013 82174
1 31698U 07026A   08342.79048041 -.00000658  00000+0 -28156-4 0  6535
2 31698  97.4455 346.9409 0001530  84.8292  19.4928 15.19145994 82214
1 31698U 07026A   08342.91982016 -.00000646  00000+0 -27564-4 0  6548
2 31698  97.4455 347.0683 0001523  84.4300   6.7912 15.19145957 82231
1 31698U 07026A   08343.19028569 -.00000568  00000+0 -23852-4 0  6542
2 31698  97.4455 347.3351 0001490  83.4311  46.0072 15.19146346 82271
1 31698U 07026A   08343.45753703 -.00000502  00000+0 -20709-4 0  6553
2 31698  97.4457 347.5986 0001529  82.2051  67.8820 15.19146608 82318
1 31698U 07026A   08343.71366130 -.00000399  00000+0 -15791-4 0  6566
2 31698  97.4459 347.8509 0001551  84.0492  25.8753 15.19147228 82350
1 31698U 07026A   08343.96290975 -.00000319  00000+0 -11985-4 0  6570
2 31698  97.4459 348.0964 0001499  82.3483 309.8333 15.19147747 82399
1 31698U 07026A   08344.10164255 -.00000275  00000+0 -99147-5 0  6576
2 31698  97.4459 348.2333 0001488  80.4214 349.9985 15.19148050 82419
1 31698U 07026A   08344.51162396 -.00000047  00000+0  97407-6 0  6580
2 31698  97.4458 348.6374 0001585  76.2369  74.9236 15.19149687 82476
1 31698U 07026A   08344.70464413  .00000040  00000+0  51190-5 0  6597
2 31698  97.4460 348.8275 0001497  83.5644  42.5420 15.19150241 82508
1 31698U 07026A   08344.95078019  .00000079  00000+0  69484-5 0  6606
2 31698  97.4458 349.0700 0001503  83.0979 308.2554 15.19150602 82540
1 31698U 07026A   08345.15429755  .00000134  00000+0  95607-5 0  6604
2 31698  97.4459 349.2707 0001523  81.3768 342.2932 15.19151066 82575
1 31698U 07026A   08345.43069694  .00000212  00000+0  13301-4 0  6615
2 31698  97.4459 349.5431 0001562  80.1143  54.2074 15.19151758 82619
1 31698U 07026A   08345.68614174  .00000253  00000+0  15246-4 0  6627
2 31698  97.4458 349.7944 0001592  83.3207   7.1270 15.19152242 82656
1 31698U 07026A   08346.22044677  .00000305  00000+0  17708-4 0  6637
2 31698  97.4456 350.3210 0001622  83.3478  47.3248 15.19152926 82731
1 31698U 07026A   08346.48796832  .00000358  00000+0  20227-4 0  6641
2 31698  97.4455 350.5845 0001616  82.1157  70.6876 15.19153501 82770
1 31698U 07026A   08346.74463067  .00000329  00000+0  18851-4 0  6650
2 31698  97.4455 350.8374 0001605  84.3190  31.2614 15.19153395 82818
1 31698U 07026A   08346.93724859  .00000326  00000+0  18699-4 0  6668
2 31698  97.4455 351.0272 0001608  84.1361   4.1904 15.19153513 82845
1 31698U 07026A   08347.19671478  .00000321  00000+0  18472-4 0  6669
2 31698  97.4454 351.2831 0001619  83.9005 342.5290 15.19153654 82888
1 31698U 07026A   08347.47639432  .00000328  00000+0  18817-4 0  6675
2 31698  97.4455 351.5589 0001614  81.3218  73.6857 15.19153867 82927
1 31698U 07026A   08347.80020990  .00000245  00000+0  14843-4 0  6689
2 31698  97.4452 351.8776 0001584  82.7677  42.0378 15.19153342 82976
1 31698U 07026A   08348.11974693  .00000180  00000+0  11757-4 0  6692
2 31698  97.4453 352.1928 0001558  81.5719 349.6495 15.19153069 83024
1 31698U 07026A   08348.58528615  .00000130  00000+0  93904-5 0  6704
2 31698  97.4451 352.6515 0001528  80.7872  14.8196 15.19152914 83091
1 31698U 07026A   08348.85347344  .00000056  00000+0  58635-5 0  6712
2 31698  97.4451 352.9156 0001533  80.0854  41.2860 15.19152463 83130
1 31698U 07026A   08349.10783131  .00000046  00000+0  53586-5 0  6729
2 31698  97.4451 353.1663 0001492  80.4050 351.1506 15.19152552 83175
1 31698U 07026A   08349.37847355  .00000046  00000+0  53918-5 0  6737
2 31698  97.4451 353.4331 0001498  80.3912  30.3498 15.19152656 83218
1 31698U 07026A   08349.81780093  .00000017  00000+0  40134-5 0  6746
2 31698  97.4450 353.8656 0001550  80.4459 271.4225 15.19152640 83272
1 31698U 07026A   08349.96136058  .00000034  00000+0  47868-5 0  6759
2 31698  97.4450 354.0072 0001542  79.3750 337.1142 15.19152821 83302
1 31698U 07026A   08350.09567255  .00000031  00000+0  46619-5 0  6752
2 31698  97.4449 354.1394 0001525  79.9031 350.6638 15.19152878 83321
1 31698U 07026A   08350.50560513  .00000132  00000+0  94564-5 0  6763
2 31698  97.4448 354.5433 0001579  79.2683  71.7752 15.19153814 83388
1 31698U 07026A   08350.69898042  .00000126  00000+0  91993-5 0  6771
2 31698  97.4449 354.7339 0001597  79.8329  48.0967 15.19153844 83411
1 31698U 07026A   08350.95506015  .00000137  00000+0  97280-5 0  6784
2 31698  97.4449 354.9861 0001577  79.5059   8.0193 15.19154036 83453
1 31698U 07026A   08351.08623635  .00000148  00000+0  10257-4 0  6787
2 31698  97.4448 355.1156 0001561  78.7121   5.7532 15.19154211 83474
1 31698U 07026A   08351.35395767  .00000224  00000+0  13859-4 0  6796
2 31698  97.4447 355.3793 0001610  77.5364  30.1530 15.19154834 83519
1 31698U 07026A   08351.75090521  .00000233  00000+0  14262-4 0  6801
2 31698  97.4444 355.7701 0001579  78.7225  38.4716 15.19155074 83572
1 31698U 07026A   08351.94239604  .00000236  00000+0  14423-4 0  6812
2 31698  97.4445 355.9588 0001590  78.5725   5.2094 15.19155209 83609
1 31698U 07026A   08352.07441253  .00000235  00000+0  14371-4 0  6813
2 31698  97.4443 356.0890 0001580  77.7252   7.5890 15.19155309 83622
1 31698U 07026A   08352.40763363  .00000294  00000+0  17207-4 0  6826
2 31698  97.4445 356.4175 0001590  76.3658  30.1598 15.19155862 83676
1 31698U 07026A   08352.79821373  .00000216  00000+0  13477-4 0  6834
2 31698  97.4445 356.8021 0001526  77.4724   3.7531 15.19155373 83732
1 31698U 07026A   08353.12547631  .00000167  00000+0  11152-4 0  6848
2 31698  97.4444 357.1245 0001502  77.6001 352.2685 15.19155228 83783
1 31698U 07026A   08353.32740340  .00000170  00000+0  11308-4 0  6850
2 31698  97.4446 357.3236 0001520  76.8116  16.6834 15.19155323 83812
1 31698U 07026A   08353.60082185  .00000135  00000+0  96288-5 0  6860
2 31698  97.4444 357.5928 0001484  76.2198  71.6343 15.19155173 83856
1 31698U 07026A   08353.85904172  .00000095  00000+0  77176-5 0  6877
2 31698  97.4444 357.8473 0001479  75.8191  43.3260 15.19154933 83897
1 31698U 07026A   08354.17923756  .00000031  00000+0  46839-5 0  6874
2 31698  97.4444 358.1628 0001463  75.9279 353.2360 15.19154585 83947
1 31698U 07026A   08354.45752095  .00000003  00000+0  33115-5 0  6884
2 31698  97.4444 358.4371 0001452  75.2470  74.8647 15.19154411 83985
1 31698U 07026A   08354.75826389 -.00000161  00000+0 -44622-5 0  6898
2 31698  97.4446 358.7340 0001489  74.1406 279.6635 15.19153079 84020
1 31698U 07026A   08355.10151128 -.00000257  00000+0 -90243-5 0  6908
2 31698  97.4445 359.0715 0001446  73.0747 356.7305 15.19152257 84082
1 31698U 07026A   08355.37185637 -.00000294  00000+0 -10826-4 0  6919
2 31698  97.4445 359.3379 0001439  73.1930  34.1709 15.19151861 84128
1 31698U 07026A   08355.83561541 -.00000457  00000+0 -18581-4 0  6920
2 31698  97.4447 359.7949 0001473  72.9056  49.1059 15.19150327 84198
1 31698U 07026A   08355.96103546 -.00000481  00000+0 -19740-4 0  6937
2 31698  97.4447 359.9186 0001474  72.8225  14.6654 15.19150041 84215
1 31698U 07026A   08356.21986231 -.00000520  00000+0 -21579-4 0  6933
2 31698  97.4449   0.1737 0001477  73.5194 348.5728 15.19149532 84258
1 31698U 07026A   08356.36081293 -.00000898  00000+0 -39599-4 0  6943
2 31698  97.4448   0.3127 0001553  74.1855  38.2398 15.19145872 84279
1 31698U 07026A   08356.49967339 -.00001437  00000+0 -65271-4 0  6958
2 31698  97.4446   0.4494 0001403  52.3796  98.9401 15.19140713 84290
1 31698U 07026A   08356.56466453 -.00001827  00000+0 -83849-4 0  6962
2 31698  97.4451   0.5136 0001471  51.0041  95.4972 15.19137224 84304
1 31698U 07026A   08356.62574902 -.00001931  00000+0 -88836-4 0  6976
2 31698  97.4451   0.5738 0001531  50.5820  69.7665 15.19136242 84311
1 31698U 07026A   08356.69410887 -.00085425  00000+0 -41329-2 0  6989
2 31698  97.4459   0.6420 0001939  79.9948  53.7547 15.18977496 84322
1 31698U 07026A   08356.88845053  .00149248  00000+0  69696-2 0  6997
2 31698  97.4448   0.8315 0002489  98.5859  17.3334 15.19136361 84356
1 31698U 07026A   08357.01399928 -.00000413  00000+0 -16500-4 0  7001
2 31698  97.4441   0.9593 0000416  49.4784  32.6125 15.19079035 84372
1 31698U 07026A   08357.22048479 -.00028826  00000+0 -13743-2 0  7019
2 31698  97.4450   1.1608 0001888 107.0014  23.6857 15.19167084 84401
1 31698U 07026A   08357.81217711  .00045588  00000+0  21568-2 0  7028
2 31698  97.4452   1.7450 0002579 105.8673  18.7538 15.19212406 84498
1 31698U 07026A   08358.06787247  .00041719  00000+0  19743-2 0  7037
2 31698  97.4460   1.9966 0002541 109.3664 332.7943 15.19225077 84531
1 31698U 07026A   08358.47638750 -.00000192  00000+0 -59627-5 0  7047
2 31698  97.4447   2.3984 0001578 104.1921  50.7020 15.19179208 84592
1 31698U 07026A   08358.92521635 -.00001154  00000+0 -51732-4 0  7058
2 31698  97.4444   2.8394 0001431  95.3363 352.6468 15.19175811 84662
1 31698U 07026A   08359.19637541 -.00000244  00000+0 -84150-5 0  7063
2 31698  97.4442   3.1072 0001397  93.5056  36.5165 15.19178163 84707
1 31698U 07026A   08359.52008756  .00000084  00000+0  71874-5 0  7070
2 31698  97.4444   3.4264 0001434  93.1808   6.1106 15.19179195 84757
1 31698U 07026A   08359.78508162 -.00000209  00000+0 -67411-5 0  7088
2 31698  97.4444   3.6871 0001425  93.3168  14.3111 15.19178117 84798
1 31698U 07026A   08360.10756006 -.00000155  00000+0 -41715-5 0  7098
2 31698  97.4444   4.0049 0001390  93.1155 337.0367 15.19178312 84846
1 31698U 07026A   08360.26049769 -.00000340  00000+0 -13003-4 0  7102
2 31698  97.4444   4.1555 0001385  94.5221  91.5168 15.19177509 84862
1 31698U 07026A   08360.90053701 -.00003220  00000+0 -15015-3 0  7119
2 31698  97.4446   4.7861 0001211 101.4804 342.6663 15.19162185 84968
1 31698U 07026A   08361.16048442 -.00003731  00000+0 -17456-3 0  7123
2 31698  97.4444   5.0422 0001361  99.9805 324.8952 15.19157721 85000
1 31698U 07026A   08361.43112216 -.00003852  00000+0 -18033-3 0  7131
2 31698  97.4444   5.3089 0001345  99.6847   4.3524 15.19155055 85044
1 31698U 07026A   08361.89442256 -.00004402  00000+0 -20656-3 0  7148
2 31698  97.4442   5.7652 0001280 100.0861  16.0862 15.19148091 85118
1 31698U 07026A   08362.14849441 -.00004393  00000+0 -20617-3 0  7151
2 31698  97.4442   6.0155 0001273  97.6011 327.1856 15.19145915 85155
1 31698U 07026A   08362.42518569 -.00004298  00000+0 -20167-3 0  7161
2 31698  97.4443   6.2884 0001325  96.7498  40.2778 15.19144147 85190
1 31698U 07026A   08362.81805713 -.00004058  00000+0 -19019-3 0  7173
2 31698  97.4442   6.6752 0001422  96.4772  27.7695 15.19142572 85252
1 31698U 07026A   08363.21443053 -.00003822  00000+0 -17896-3 0  7183
2 31698  97.4441   7.0657 0001276  91.6621  38.9422 15.19141312 85317
1 31698U 07026A   08363.54661785 -.00003506  00000+0 -16389-3 0  7199
2 31698  97.4443   7.3930 0001518  88.4800  57.6788 15.19141245 85361
1 31698U 07026A   08363.93044904 -.00003362  00000+0 -15703-3 0  7201
2 31698  97.4442   7.7712 0001519  85.1548 358.8086 15.19139852 85421
1 31698U 07026A   08364.11952334 -.00003193  00000+0 -14898-3 0  7214
2 31698  97.4441   7.9577 0001389  83.3374 314.0055 15.19140152 85451
1 31698U 07026A   08364.46930994 -.00003131  00000+0 -14602-3 0  7226
2 31698  97.4441   8.3024 0001423  82.8030  66.2720 15.19138542 85506
1 31698U 07026A   08364.66388586 -.00002848  00000+0 -13253-3 0  7238
2 31698  97.4442   8.4940 0001654  80.4667  52.0613 15.19139899 85534
1 31698U 07026A   08364.97498752 -.00002543  00000+0 -11799-3 0  7245
2 31698  97.4440   8.8005 0001472  77.3100 315.5349 15.19140911 85588
1 31698U 07026A   08365.17749819 -.00002358  00000+0 -10918-3 0  7247
2 31698  97.4440   9.0000 0001528  73.1341 346.5227 15.19141285 85617
1 31698U 07026A   08365.52408995 -.00001954  00000+0 -89900-4 0  7253
2 31698  97.4441   9.3416 0001749  76.0144  77.9316 15.19142967 85667
1 31698U 07026A   08365.82309028 -.00001092  00000+0 -48804-4 0  7265
2 31698  97.4443   9.6363 0001509  84.8779 263.2554 15.19147095 85704
1 31698U 07026A   08366.16751341 -.00000605  00000+0 -25632-4 0  7276
2 31698  97.4444   9.9760 0001325  89.7267 340.8485 15.19149774 85768
1 31698U 07026A   08366.76283307 -.00000003  00000+0  30623-5 0  7283
2 31698  97.4448  10.5624 0001530  88.1457 356.1385 15.19153192 85859
1 31698U 07026A   09001.23240466 -.00000030  00000+0  17673-5 0  7292
2 31698  97.4448  11.0251 0001519  85.8608  44.9113 15.19153033 85923
1 31698U 07026A   09001.50303920 -.00000067  00000+0  61295-8 0  7301
2 31698  97.4447  11.2916 0001497  84.6681  85.2451 15.19152749 85965
