,Latitude in degrees,Longitude in degrees,Frequency(MHz),EIRP
0,-34.9788888888889,138.708611111111,91.9,32800
1,-34.98,138.707777777778,92.7,32800
2,-34.98,138.707777777778,93.7,10332
3,-34.9788888888889,138.708611111111,101.5,32800
4,-34.9825,138.708333333333,102.3,32800
5,-34.98,138.707777777778,103.1,32800
6,-34.9788888888889,138.708611111111,103.9,52480
7,-34.9811111111111,138.708055555556,104.7,32800
8,-34.9277777777778,138.596944444444,104.7,1131.6
9,-34.9825,138.708333333333,104.7,32800
10,-34.9788888888889,138.708611111111,105.5,52480
11,-34.9788888888889,138.708611111111,106.3,52480
12,-34.9811111111111,138.708055555556,107.1,32800
13,-34.9277777777778,138.596944444444,107.1,1131.6
14,-34.9825,138.708333333333,107.1,32800
15,-34.9825,138.708333333333,107.1,32800
16,-34.9788888888889,138.708611111111,107.9,32800
17,-34.9247222222222,138.602777777778,90.3,3280
18,-34.9247222222222,138.602777777778,90.3,3280
19,-34.9247222222222,138.602777777778,95.1,3280
20,-34.9247222222222,138.602777777778,95.9,3280
21,-34.9247222222222,138.602777777778,96.7,3280
22,-34.9247222222222,138.602777777778,97.5,3280
23,-34.9247222222222,138.602777777778,98.3,3280
24,-34.9247222222222,138.602777777778,99.1,3280
25,-34.935,138.604444444444,99.9,4100
26,-34.9988888888889,138.6225,99.9,656
27,-13.2447222222222,131.109166666667,98.1,82
28,-13.2444444444444,131.109166666667,98.9,82
29,-13.2444444444444,131.109166666667,100.5,82
30,-13.2447222222222,131.109166666667,101.3,82
31,-13.2447222222222,131.109166666667,102.1,82
32,-35.055,138.539166666667,88.7,984
33,-35.3047222222222,148.094722222222,94.1,32.8
34,-24.2161111111111,151.895833333333,98.3,410
35,-20.2730555555556,148.710277777778,89.9,262.4
36,-20.2730555555556,148.710277777778,90.7,410
37,-20.2730555555556,148.710277777778,91.5,410
38,-20.2730555555556,148.710277777778,92.3,410
39,-20.2730555555556,148.710277777778,93.1,262.4
40,-20.2730555555556,148.710277777778,93.9,410
41,-20.2730555555556,148.710277777778,94.7,410
42,-20.2730555555556,148.710277777778,95.5,262.4
43,-34.6569444444444,117.646944444444,93.7,8200
44,-34.6558333333333,117.6475,95.3,82000
45,-35.0247222222222,117.894722222222,100.9,13120
46,-35.0177777777778,117.870833333333,104.9,164
47,-35.0177777777778,117.870833333333,106.5,164
48,-36.08,146.913611111111,99.3,16.4
49,-36.02,146.961944444444,101.7,3280
50,-36.2536111111111,146.855,104.9,164000
51,-36.2536111111111,146.855,105.7,164000
52,-36.02,146.961944444444,107.3,3280
53,-37.0766666666667,145.573055555556,102.9,4920
54,-37.0766666666667,145.573055555556,104.5,4920
55,-37.2091666666667,145.841666666667,93.7,1640
56,-37.2091666666667,145.841666666667,106.9,1640
57,-37.1911111111111,145.710277777778,106.9,656
58,-19.0561111111111,136.708611111111,105.5,32.8
59,-21.0025,134.407222222222,103.7,32.8
60,-21.0025,134.407222222222,106.1,32.8
61,-23.7225,133.856944444444,94.9,656
62,-23.7225,133.856944444444,95.9,1640
63,-23.7225,133.856944444444,96.9,656
64,-23.7225,133.856944444444,97.9,1312
65,-23.7225,133.8575,98.7,1640
66,-23.7225,133.856944444444,99.7,656
67,-23.7225,133.8575,100.5,1312
68,-23.7225,133.856944444444,102.1,656
69,-23.7225,133.856944444444,104.1,1640
70,-23.6511111111111,146.630833333333,95.9,164
71,-23.6511111111111,146.630833333333,100.7,41
72,-23.6511111111111,146.630833333333,102.3,49.2
73,-23.6177777777778,146.63,105.7,82
74,-23.6177777777778,146.63,107.3,82
75,-13.8505555555556,136.425277777778,98.1,820
76,-13.8502777777778,136.425277777778,102.1,328
77,-13.8502777777778,136.425277777778,106.1,262.4
78,-13.8502777777778,136.425277777778,107.7,262.4
79,-26.15,131.146111111111,106.1,16.4
80,-12.9286111111111,141.633888888889,93.3,82
81,-12.9286111111111,141.633888888889,94.1,82
82,-12.9286111111111,141.633888888889,94.9,82
83,-12.9286111111111,141.633888888889,97.3,82
84,-12.9286111111111,141.633888888889,98.1,82
85,-12.9286111111111,141.633888888889,98.9,82
86,-12.9286111111111,141.633888888889,99.7,82
87,-30.4733333333333,137.166666666667,105.9,82
88,-30.4733333333333,137.166666666667,107.5,82
89,-34.4952777777778,139.061944444444,90.7,164
90,-34.4952777777778,139.061944444444,92.3,164
91,-34.4952777777778,139.061944444444,94.7,164
92,-38.7591666666667,143.664166666667,88.7,164
93,-38.78,143.651388888889,89.5,328
94,-38.6730555555555,143.722777777778,95.9,410
95,-38.78,143.651388888889,97.9,410
96,-22.9680555555556,145.243055555556,98.1,82
97,-22.9680555555556,145.243055555556,99.7,49.2
98,-22.9655555555556,145.247777777778,107.9,82
99,-37.2702777777778,142.891944444444,92.9,82
100,-37.2702777777778,142.891944444444,98.5,1640
101,-16.7097222222222,128.395555555556,102.7,131.2
102,-16.7097222222222,128.395555555556,104.3,82
103,-16.7097222222222,128.395555555556,105.9,82
104,-16.7097222222222,128.395555555556,107.5,82
105,-34.3477777777778,147.22,106.9,82
106,-32.0925,116.034722222222,107.3,328
107,-30.5441666666667,151.651666666667,92.1,3280
108,-30.3761111111111,151.601388888889,100.3,16400
109,-30.3772222222222,151.601944444444,101.1,16400
110,-30.3772222222222,151.601944444444,101.9,16400
111,-30.3772222222222,151.601944444444,102.7,6560
112,-30.3772222222222,151.601944444444,103.5,16400
113,-30.3761111111111,151.601388888889,104.3,16400
114,-30.5233333333333,151.663333333333,106.9,16.4
115,-33.9483333333333,137.670555555556,89.3,8200
116,-29.3297222222222,151.118888888889,107.9,82
117,-17.2230555555556,145.447222222222,88.7,3280
118,-17.2225,145.4475,97.9,8200
119,-17.2230555555556,145.447222222222,99.1,3280
120,-25.7952777777778,146.5875,104.5,164
121,-25.7952777777778,146.5875,106.1,164
122,-25.7952777777778,146.5875,106.1,164
123,-25.8063888888889,146.588888888889,107.7,164
124,-34.3141666666667,115.156111111111,97.1,328
125,-34.3275,115.162222222222,98.3,65.6
126,-34.3275,115.162222222222,99.1,65.6
127,-34.3238888888889,115.159722222222,101.5,131.2
128,-34.3275,115.162222222222,101.5,131.2
129,-13.3555555555556,141.729722222222,107.7,16.4
130,-19.7455555555556,147.495833333333,92.3,1640
131,-19.7455555555556,147.495833333333,93.1,1640
132,-19.7455555555556,147.495833333333,97.1,164
133,-15.9205555555556,145.346944444444,103.9,8.2
134,-15.9205555555556,145.346944444444,107.1,49.2
135,-17.3830555555556,146.003055555556,94.1,656
136,-17.3830555555556,146.003055555556,94.9,656
137,-17.3830555555556,146.003055555556,95.7,656
138,-17.3830555555556,146.003055555556,102.5,656
139,-37.6891666666667,144.376944444444,98.5,656
140,-37.6533333333333,144.4225,98.5,656
141,-30.3911111111111,115.499166666667,100.3,16.4
142,-10.1586111111111,142.167777777778,107.5,16.4
143,-37.7055555555556,147.560555555556,97.5,3280
144,-37.7061111111111,147.560555555556,98.3,8200
145,-37.7061111111111,147.560555555556,99.9,8200
146,-37.7055555555556,147.560555555556,105.5,524.8
147,-37.7055555555556,147.560555555556,106.3,3280
148,-37.7055555555556,147.560555555556,107.9,3280
149,-20.1419444444444,127.982777777778,106.1,32.8
150,-37.2825,143.247777777778,105.5,164000
151,-37.2825,143.247777777778,107.1,164000
152,-37.2825,143.247777777778,107.9,164000
153,-37.5752777777778,143.960277777778,94.3,8200
154,-37.5766666666667,143.9575,95.9,1640
155,-37.5766666666667,143.9575,99.9,4920
156,-37.5752777777778,143.960277777778,102.3,32800
157,-37.5752777777778,143.960277777778,103.1,32800
158,-37.5766666666667,143.9575,103.9,4920
159,-27.3997222222222,141.804722222222,102.7,65.6
160,-27.3891666666667,141.809722222222,104.3,65.6
161,-27.3997222222222,141.804722222222,105.9,65.6
162,-28.8630555555556,153.583333333333,101.9,1640
163,-34.6397222222222,143.565555555556,93.1,82
164,-34.64,143.562777777778,97.1,41
165,-24.4486111111111,150.316111111111,88.9,820
166,-24.4486111111111,150.316111111111,89.7,820
167,-33.9191666666667,151.010833333333,100.9,278.8
168,-23.5566666666667,145.293055555556,97.7,164
169,-23.5566666666667,145.293055555556,100.9,164
170,-23.5283333333333,145.259166666667,103.3,82
171,-23.5566666666667,145.293055555556,105.7,164
172,-23.5283333333333,145.259166666667,107.3,164
173,-35.625,144.125277777778,94.9,16.4
174,-34.5716666666667,139.005833333333,89.1,1640
175,-34.5716666666667,139.005833333333,90.5,1640
176,-41.4905555555556,146.184444444444,94.9,820
177,-41.4905555555556,146.184444444444,97.3,820
178,-41.4905555555556,146.184444444444,97.3,820
179,-31.9625,151.946388888889,93.7,328
180,-31.9625,151.946388888889,97.7,328
181,-20.8177777777778,115.438333333333,99.1,32.8
182,-20.8177777777778,115.438333333333,100.7,32.8
183,-20.8177777777778,115.438333333333,102.3,32.8
184,-20.8177777777778,115.438333333333,103.9,32.8
185,-20.8177777777778,115.438333333333,105.5,32.8
186,-20.8177777777778,115.438333333333,107.1,32.8
187,-14.5247222222222,132.866944444444,101.7,32.8
188,-14.5247222222222,132.866944444444,102.5,49.2
189,-14.5247222222222,132.866944444444,106.1,16.4
190,-13.0455555555556,131.026666666667,92.1,32.8
191,-13.0455555555556,131.026666666667,92.9,32.8
192,-13.0455555555556,131.026666666667,93.7,16.4
193,-35.73,150.186388888889,96.3,164
194,-35.7961111111111,150.005555555556,100.5,90200
195,-35.7961111111111,150.005555555556,101.9,90200
196,-35.7961111111111,150.005555555556,103.5,90200
197,-35.7961111111111,150.005555555556,104.3,32800
198,-35.7961111111111,150.005555555556,105.1,90200
199,-35.7961111111111,150.005555555556,105.9,32800
200,-33.4313888888889,149.805833333333,95.1,13120
201,-33.4313888888889,149.805833333333,99.3,16400
202,-33.4152777777778,149.581111111111,99.3,164
203,-33.4316666666667,149.808611111111,100.1,16400
204,-33.4316666666667,149.808611111111,100.9,16400
205,-33.4502777777778,149.5475,91.1,328
206,-33.4502777777778,149.5475,92.3,1640
207,-33.4505555555556,149.547222222222,95.9,328
208,-33.4505555555556,149.547222222222,96.7,328
209,-33.4505555555556,149.547222222222,97.5,328
210,-33.4505555555556,149.547222222222,98.3,328
211,-11.7758333333333,130.567777777778,91.3,246
212,-11.7758333333333,130.567777777778,92.9,246
213,-11.7758333333333,130.567777777778,95.3,123
214,-11.7605555555556,130.638611111111,98.9,41
215,-35.5458333333333,148.199166666667,92.5,164
216,-30.4613888888889,117.893055555556,94.1,164
217,-16.9861111111111,122.664166666667,106.1,32.8
218,-27.9263888888889,153.040555555556,89.7,8200
219,-27.9263888888889,153.040555555556,90.5,328
220,-27.9263888888889,153.040555555556,92.1,328
221,-27.9963888888889,153.026388888889,101.5,1640
222,-24.3616666666667,139.468333333333,99.7,41
223,-24.3616666666667,139.468333333333,102.9,41
224,-24.3583333333333,139.471666666667,106.1,82
225,-24.3583333333333,139.471666666667,107.7,82
226,-38.6327777777778,143.563333333333,90.9,410
227,-36.6591666666667,149.905277777778,93.7,1640
228,-36.545,149.866111111111,94.5,8200
229,-36.545,149.866111111111,102.5,8200
230,-36.5980555555556,149.383055555556,89.7,180400
231,-36.5980555555556,149.383055555556,99.3,180400
232,-36.5980555555556,149.383055555556,100.1,180400
233,-36.5980555555556,149.383055555556,100.9,180400
234,-30.4513888888889,152.886388888889,107.3,328
235,-37.7561111111111,148.968333333333,104.5,49.2
236,-36.5533333333333,145.980277777778,99.3,16.4
237,-36.9922222222222,144.308333333333,88.7,10824
238,-36.9922222222222,144.308333333333,89.5,16400
239,-36.9922222222222,144.308333333333,90.3,410000
240,-36.9922222222222,144.308333333333,91.1,410000
241,-36.9922222222222,144.308333333333,91.9,196800
242,-36.9922222222222,144.308333333333,92.7,410000
243,-36.9922222222222,144.308333333333,93.5,196800
244,-36.9922222222222,144.308333333333,101.5,1640
245,-36.8611111111111,144.241666666667,96.5,1640
246,-36.7663888888889,144.244444444444,98.3,410
247,-36.7663888888889,144.244444444444,105.1,246
248,-36.7663888888889,144.244444444444,106.7,246
249,-14.555,133.113888888889,104.1,49.2
250,-14.555,133.113888888889,105.7,16.4
251,-41.8813888888889,148.296388888889,89.7,82
252,-41.8813888888889,148.296388888889,91.3,82
253,-41.8813888888889,148.296111111111,98.5,328
254,-24.3927777777778,150.510833333333,90.1,16.4
255,-24.3922222222222,150.531111111111,94.9,16.4
256,-36.1502777777778,142.863611111111,106.5,8200
257,-25.8966666666667,139.3525,102.9,32.8
258,-25.8966666666667,139.3525,104.5,41
259,-25.8963888888889,139.355277777778,106.1,82
260,-25.8963888888889,139.355277777778,107.7,82
261,-24.4202777777778,145.465277777778,95.1,164
262,-24.4202777777778,145.465277777778,98.3,41
263,-24.4202777777778,145.465277777778,100.7,164
264,-24.4313888888889,145.496111111111,107.9,82
265,-33.8619444444444,150.850555555556,99.9,328
266,-23.5736111111111,149.0325,90.3,1640
267,-23.5741666666667,149.032777777778,94.3,1476
268,-23.5741666666667,149.032777777778,97.5,1640
269,-23.7244444444444,148.803888888889,103.7,27.88
270,-23.7855555555556,148.862222222222,105.3,410
271,-23.7855555555556,148.862222222222,106.9,410
272,-23.7122222222222,148.803888888889,98.7,164
273,-23.7122222222222,148.803888888889,100.3,164
274,-23.7122222222222,148.803888888889,102.7,164
275,-22.6919444444444,147.538611111111,88.1,328
276,-22.6911111111111,147.520555555556,97.5,82
277,-33.5205555555556,149.251388888889,89.3,1640
278,-32.7897222222222,116.475277777778,94.9,82
279,-32.9658333333333,116.449722222222,95.3,16.4
280,-32.7525,116.344166666667,95.9,82
281,-32.7525,116.344166666667,96.7,82
282,-32.7525,116.344166666667,98.3,82
283,-28.6047222222222,150.361944444444,107.9,164
284,-28.0325,147.481111111111,96.3,49.2
285,-28.0325,147.481111111111,99.5,49.2
286,-36.8511111111111,149.216388888889,91.7,1640
287,-36.8511111111111,149.216388888889,92.5,1640
288,-36.8511111111111,149.216388888889,94.1,3280
289,-36.9030555555556,149.23,103.7,164
290,-36.8511111111111,149.216388888889,104.5,492
291,-28.7611111111111,152.637777777778,91.3,82
292,-28.7611111111111,152.637777777778,92.1,82
293,-27.9677777777778,152.663055555556,100.1,1640
294,-36.325,140.779722222222,106.1,2624
295,-16.0536111111111,136.306388888889,102.9,82
296,-16.0536111111111,136.306388888889,106.1,82
297,-16.0536111111111,136.306388888889,107.7,82
298,-25.2169444444444,148.801388888889,91.7,164
299,-25.2169444444444,148.801388888889,94.9,164
300,-22.9127777777778,139.904722222222,101.3,49.2
301,-22.9127777777778,139.904722222222,104.5,49.2
302,-22.9069444444444,139.910833333333,106.1,82
303,-22.9069444444444,139.910833333333,107.7,82
304,-30.0858333333333,145.948611111111,94.5,16.4
305,-30.0891666666667,145.938333333333,96.1,16.4
306,-30.0827777777778,145.946111111111,99.3,49.2
307,-30.1988888888889,146.24,101.1,32800
308,-30.1988888888889,146.24,102.5,4920
309,-30.1983333333333,146.239722222222,104.9,4920
310,-30.1988888888889,146.24,106.5,16400
311,-30.1983333333333,146.239722222222,107.3,1640
312,-19.9947222222222,148.105277777778,98.3,3280
313,-19.9947222222222,148.105277777778,107.9,3280
314,-20.0063888888889,148.238611111111,92.7,164
315,-20.0047222222222,148.235833333333,93.5,164
316,-20.0063888888889,148.238611111111,95.1,164
317,-20.0063888888889,148.238611111111,96.7,164
318,-34.4644444444444,150.428333333333,102.9,3280
319,-34.4644444444444,150.428333333333,107.1,524.8
320,-35.4552777777778,149.771388888889,88.9,3280
321,-35.4552777777778,149.771388888889,100.3,328
322,-34.4413888888889,119.372222222222,103.5,32.8
323,-34.4413888888889,119.372222222222,105.1,41
324,-29.9633333333333,146.865277777778,89.7,164
325,-29.9622222222222,146.856388888889,96.1,16.4
326,-33.9369444444444,116.1575,97.3,65.6
327,-34.055,116.176944444444,100.5,8200
328,-36.7158333333333,146.972777777778,88.1,82
329,-36.7158333333333,146.972777777778,88.9,82
330,-36.7158333333333,146.972777777778,89.7,82
331,-36.7161111111111,146.973333333333,92.1,82
332,-36.7158333333333,146.972777777778,92.9,82
333,-27.4644444444444,152.9475,93.3,157440
334,-27.4630555555556,152.947222222222,96.5,19680
335,-27.4630555555556,152.948055555556,97.3,19680
336,-27.4644444444444,152.9475,97.3,19680
337,-27.4630555555556,152.947222222222,98.1,19680
338,-27.4630555555556,152.947222222222,98.9,19680
339,-27.4630555555556,152.947222222222,102.1,19680
340,-27.4630555555556,152.947222222222,103.7,19680
341,-27.4663888888889,152.943333333333,104.5,19680
342,-27.4630555555556,152.948055555556,104.5,19680
343,-27.4630555555556,152.948055555556,105.3,19680
344,-27.4663888888889,152.943333333333,105.3,19680
345,-27.4663888888889,152.943333333333,105.3,19680
346,-27.4630555555556,152.948055555556,105.3,19680
347,-27.4644444444444,152.9475,106.1,157440
348,-27.4644444444444,152.9475,106.9,19680
349,-27.4644444444444,152.9475,107.7,157440
350,-22.4066666666667,117.346111111111,101.3,328
351,-22.4066666666667,117.346111111111,102.9,328
352,-22.4066666666667,117.346111111111,104.5,328
353,-22.4066666666667,117.346111111111,106.1,328
354,-22.4066666666667,117.346111111111,107.7,328
355,-22.5933333333333,117.231388888889,100.5,246
356,-22.5933333333333,117.231388888889,102.1,246
357,-22.5933333333333,117.231388888889,103.7,246
358,-22.5933333333333,117.231388888889,105.3,246
359,-22.5933333333333,117.231388888889,106.9,246
360,-31.9397222222222,141.443333333333,94.9,6560
361,-31.9397222222222,141.443333333333,96.5,6560
362,-31.9513888888889,141.440555555556,100.5,6560
363,-31.9513888888889,141.440555555556,102.1,6560
364,-31.9513888888889,141.440555555556,102.9,6560
365,-31.9513888888889,141.440555555556,103.7,6560
366,-31.9513888888889,141.440555555556,104.5,6560
367,-31.9555555555556,141.450277777778,107.7,820
368,-17.9688888888889,122.218333333333,91.7,164
369,-17.9675,122.22,94.9,164
370,-17.9641666666667,122.221388888889,99.7,3280
371,-17.9641666666667,122.221388888889,101.3,3280
372,-17.9641666666667,122.221388888889,102.9,3280
373,-17.9636111111111,122.237222222222,104.5,410
374,-17.8886111111111,122.263333333333,106.9,3280
375,-17.8886111111111,122.263333333333,107.7,2624
376,-32.6711111111111,151.098055555556,89.3,65.6
377,-32.6711111111111,151.098055555556,90.1,65.6
378,-32.6711111111111,151.098055555556,90.9,65.6
379,-13.6652777777778,134.331388888889,104.5,82
380,-13.6652777777778,134.331388888889,106.1,16.4
381,-33.3969444444444,115.915277777778,93.3,164000
382,-33.3969444444444,115.915277777778,94.1,164000
383,-33.3397222222222,115.753611111111,95.7,3280
384,-33.3969444444444,115.915277777778,95.7,90200
385,-24.8430555555556,152.426944444444,93.1,4920
386,-24.845,152.426111111111,93.9,4920
387,-24.845,152.426111111111,94.7,4920
388,-24.845,152.426111111111,95.5,4920
389,-24.845,152.426111111111,97.1,32.8
390,-35.7555555555556,144.7075,93.9,4920
391,-17.7402777777778,139.546111111111,96.3,16.4
392,-17.7402777777778,139.546111111111,97.9,16.4
393,-17.7402777777778,139.546111111111,101.1,49.2
394,-41.07,145.951666666667,90.5,1640
395,-41.07,145.951666666667,97.7,1640
396,-41.07,145.951666666667,102.5,1640
397,-41.0513888888889,145.906944444444,95.3,164
398,-41.0513888888889,145.906944444444,107.3,164
399,-40.9622222222222,145.723055555556,100.9,32800
400,-40.9622222222222,145.723055555556,101.7,32800
401,-33.8486111111111,149.451666666667,88.1,3280
402,-21.6122222222222,148.1825,95.5,82
403,-21.6122222222222,148.1825,97.9,82
404,-21.6122222222222,148.1825,105.9,82
405,-21.6194444444444,148.1275,92.1,32.8
406,-33.8813888888889,151.104444444444,88.1,164
407,-21.2894444444444,147.865277777778,89.3,123
408,-21.2894444444444,147.865277777778,90.9,123
409,-28.6613888888889,153.560833333333,99.9,4920
410,-27.0544444444444,152.786111111111,101.5,4920
411,-33.4558333333333,148.986388888889,88.9,16.4
412,-33.4558333333333,148.986388888889,89.7,16.4
413,-33.4558333333333,148.986388888889,90.5,16.4
414,-33.4558333333333,148.986388888889,92.9,16.4
415,-17.2641666666667,145.853611111111,101.1,164000
416,-17.2641666666667,145.853611111111,105.1,164000
417,-17.2641666666667,145.853611111111,105.9,164000
418,-17.2641666666667,145.853611111111,106.7,164000
419,-17.2641666666667,145.853611111111,107.5,164000
420,-16.9047222222222,145.843333333333,89.1,3280
421,-16.9047222222222,145.843333333333,90.5,1640
422,-16.9047222222222,145.843333333333,98.7,16400
423,-16.9044444444444,145.842777777778,99.5,16400
424,-16.9044444444444,145.842777777778,102.7,16400
425,-16.9044444444444,145.842777777778,103.5,16400
426,-16.9047222222222,145.843333333333,104.3,16400
427,-16.7369444444444,145.661666666667,93.9,8200
428,-16.7369444444444,145.661666666667,94.7,16400
429,-16.7369444444444,145.661666666667,95.5,8200
430,-16.7369444444444,145.661666666667,96.3,16400
431,-16.7369444444444,145.661666666667,97.1,16400
432,-17.9902777777778,124.191666666667,102.1,1640
433,-37.8286111111111,145.112222222222,94.1,164
434,-37.8197222222222,145.126666666667,94.1,164
435,-34.1386111111111,150.665277777778,88.3,164
436,-19.9205555555556,138.175833333333,106.1,262.4
437,-19.9205555555556,138.175833333333,107.7,262.4
438,-34.1472222222222,150.670833333333,91.3,1640
439,-34.1386111111111,150.664722222222,100.3,328
440,-35.2755555555556,149.097777777778,91.1,32800
441,-35.2755555555556,149.097777777778,91.9,32800
442,-35.2755555555556,149.097777777778,92.7,32800
443,-35.2755555555556,149.097777777778,98.3,32800
444,-35.2755555555556,149.097777777778,101.5,131200
445,-35.2755555555556,149.097777777778,102.3,131200
446,-35.2755555555556,149.097777777778,103.9,131200
447,-35.2755555555556,149.097777777778,104.7,32800
448,-35.2755555555556,149.097777777778,105.5,131200
449,-35.2755555555556,149.097777777778,106.3,32800
450,-37.5938888888889,148.994722222222,106.1,328
451,-37.5938888888889,148.994722222222,107.7,328
452,-21.8347222222222,140.911666666667,99.9,16.4
453,-27.9972222222222,153.1825,88.9,82
454,-27.9972222222222,153.1825,93.7,82
455,-20.64,117.156944444444,88.5,45.92
456,-20.64,117.156944444444,90.1,45.92
457,-23.1183333333333,148.040277777778,107.3,82
458,-35.5975,149.441666666667,88.5,328
459,-18.2483333333333,145.991666666667,91.9,82
460,-18.2483333333333,145.991666666667,94.7,492
461,-21.9263888888889,149.41,89.7,82
462,-21.9263888888889,149.41,92.9,410
463,-21.9263888888889,149.41,94.5,410
464,-24.8836111111111,113.657222222222,96.5,410
465,-24.9113888888889,113.721111111111,99.7,8200
466,-24.8686111111111,113.704722222222,101.3,164
467,-24.9058333333333,113.720555555556,106.1,459.2
468,-24.9058333333333,113.720555555556,107.7,459.2
469,-28.8441666666667,153.035833333333,107.9,1640
470,-37.5958333333333,141.392222222222,104.5,82
471,-25.3480555555556,148.887222222222,90.1,164
472,-25.3480555555556,148.887222222222,93.3,164
473,-37.0494444444444,144.196944444444,94.9,1640
474,-37.0544444444444,144.224722222222,106.3,164
475,-22.1544444444444,148.059444444444,95.7,164
476,-32.1525,133.755833333333,102.9,328
477,-32.125,133.672777777778,94.5,492
478,-32.1388888888889,133.789444444444,102.1,410
479,-32.1525,133.755833333333,106.1,4920
480,-32.1388888888889,133.789444444444,107.7,820
481,-31.9844444444444,117.189722222222,98.1,131200
482,-31.9844444444444,117.189722222222,98.9,131200
483,-31.9844444444444,117.189722222222,99.7,131200
484,-33.3430555555556,148.983611111111,91.9,8200
485,-33.3430555555556,148.983611111111,101.9,131200
486,-33.3430555555556,148.983611111111,102.7,131200
487,-33.3430555555556,148.983611111111,104.3,131200
488,-31.3427777777778,149.023333333333,102.3,360800
489,-31.3427777777778,149.023333333333,105.5,360800
490,-31.3427777777778,149.023333333333,106.3,360800
491,-31.3427777777778,149.023333333333,107.1,360800
492,-31.3427777777778,149.023333333333,107.9,360800
493,-18.7305555555556,138.616944444444,100.5,82
494,-18.7305555555556,138.616944444444,101.7,82
495,-18.7305555555556,138.616944444444,104.9,82
496,-30.5013888888889,115.071111111111,97.5,32.8
497,-30.5013888888889,115.071111111111,99.9,32.8
498,-30.5013888888889,115.071111111111,101.5,32.8
499,-32.855,151.281666666667,96.5,3280
500,-23.2919444444444,117.786111111111,92.5,32.8
501,-23.2919444444444,117.786111111111,100.9,32.8
502,-23.2919444444444,117.786111111111,105.7,32.8
503,-13.1658333333333,130.128611111111,96.1,49.2
504,-26.4044444444444,146.244444444444,101.7,3280
505,-26.4161111111111,146.355555555556,104.1,41
506,-26.4044444444444,146.244444444444,105.7,164
507,-26.4161111111111,146.355555555556,107.3,984
508,-36.4377777777778,148.324444444444,91.7,82
509,-36.4377777777778,148.324444444444,92.5,82
510,-20.0891666666667,146.2525,95.9,2460
511,-20.0766666666667,146.266666666667,96.7,82
512,-20.0894444444444,146.252777777778,97.5,82
513,-20.0894444444444,146.252777777778,99.1,82
514,-33.7986111111111,151.179444444444,99.3,328
515,-25.4227777777778,152.118055555556,102.5,1640
516,-25.4227777777778,152.118055555556,106.7,1640
517,-26.7422222222222,150.625555555556,95.5,295.2
518,-26.7422222222222,150.625555555556,97.1,295.2
519,-22.3438888888889,119.681388888889,90.9,492
520,-22.3438888888889,119.681388888889,92.5,492
521,-22.3438888888889,119.681388888889,94.1,492
522,-22.3438888888889,119.681388888889,95.1,492
523,-10.4319444444444,105.670277777778,95.7,164
524,-10.4319444444444,105.670277777778,97.3,164
525,-10.4319444444444,105.670277777778,98.9,164
526,-10.4319444444444,105.670277777778,100.5,164
527,-10.4327777777778,105.683888888889,89.3,32.8
528,-10.4327777777778,105.683888888889,90.9,32.8
529,-10.4327777777778,105.683888888889,92.5,32.8
530,-10.4327777777778,105.683888888889,94.1,32.8
531,-10.4327777777778,105.683888888889,103.7,32.8
532,-10.4166666666667,105.676111111111,90.1,32.8
533,-10.4166666666667,105.676111111111,91.7,32.8
534,-10.4166666666667,105.676111111111,93.3,32.8
535,-22.3302777777778,149.486388888889,93.3,410
536,-22.1052777777778,149.527222222222,100.1,672.4
537,-22.8386111111111,147.6275,101.3,328
538,-22.8386111111111,147.6275,102.1,328
539,-22.8386111111111,147.6275,102.9,328
540,-22.8386111111111,147.6275,103.7,82
541,-22.8561111111111,147.644166666667,104.5,164
542,-22.8561111111111,147.644166666667,106.1,131.2
543,-22.8561111111111,147.644166666667,107.7,164
544,-22.7222222222222,147.648333333333,91.9,164
545,-22.7061111111111,147.65,92.7,164
546,-22.7222222222222,147.648333333333,93.5,164
547,-22.7222222222222,147.648333333333,94.3,164
548,-33.6586111111111,136.518888888889,97.1,1640
549,-33.6586111111111,136.518888888889,99.5,1640
550,-20.7227777777778,140.539166666667,103.7,82
551,-20.7152777777778,140.500555555556,104.5,82
552,-20.7152777777778,140.500555555556,105.3,41
553,-20.7152777777778,140.500555555556,106.1,82
554,-20.7227777777778,140.539166666667,107.7,82
555,-22.3347222222222,119.402777777778,95.5,164
556,-22.3347222222222,119.402777777778,97.1,164
557,-22.3347222222222,119.402777777778,97.9,164
558,-22.3347222222222,119.402777777778,99.5,164
559,-22.3347222222222,119.402777777778,100.3,164
560,-22.3347222222222,119.402777777778,101.9,164
561,-22.2847222222222,119.302777777778,89.1,164
562,-22.2847222222222,119.302777777778,98.7,164
563,-22.2847222222222,119.302777777778,101.1,164
564,-22.2847222222222,119.302777777778,103.5,164
565,-22.2847222222222,119.302777777778,105.1,164
566,-22.2847222222222,119.302777777778,106.7,164
567,-31.5161111111111,145.856666666667,101.3,164
568,-31.5161111111111,145.856666666667,103.7,164
569,-31.5172222222222,145.856388888889,104.5,164
570,-31.5161111111111,145.856666666667,105.3,164
571,-31.5172222222222,145.856388888889,106.1,82
572,-31.5161111111111,145.856666666667,106.9,164
573,-31.5172222222222,145.856388888889,107.7,82
574,-35.9038888888889,145.636944444444,88.5,164
575,-10.0508333333333,143.063055555556,105.7,16.4
576,-12.1883333333333,96.8288888888889,98.9,164
577,-12.1883333333333,96.8288888888889,100.5,164
578,-12.1883333333333,96.8288888888889,102.1,164
579,-13.9377777777778,143.2025,105.9,82
580,-13.9377777777778,143.2025,107.5,82
581,-30.2563888888889,153.109166666667,104.1,8200
582,-30.2563888888889,153.109166666667,105.5,24600
583,-30.2563888888889,153.109166666667,106.3,24600
584,-30.2563888888889,153.109166666667,107.1,328
585,-30.2630555555556,153.118611111111,107.9,1640
586,-38.2238888888889,143.529444444444,98.3,820
587,-38.2238888888889,143.529444444444,104.7,16400
588,-38.2238888888889,143.529444444444,106.3,16400
589,-29.5441666666667,148.577222222222,97.1,41
590,-29.5891666666667,148.4925,101.9,1640
591,-29.5702777777778,148.544444444444,103.5,1640
592,-33.3694444444444,116.193611111111,96.7,131.2
593,-20.5216666666667,147.833055555556,90.1,410
594,-20.5216666666667,147.833055555556,94.9,410
595,-20.5241666666667,147.838611111111,103.7,41
596,-20.5241666666667,147.838611111111,106.1,82
597,-20.5241666666667,147.838611111111,107.7,82
598,-20.5444444444444,147.791944444444,96.5,164
599,-33.0780555555556,147.156388888889,88.9,82
600,-33.0780555555556,147.156666666667,90.5,164
601,-33.0780555555556,147.156388888889,92.1,164
602,-29.0122222222222,134.755277777778,93.3,246
603,-29.0116666666667,134.759166666667,98.1,41
604,-29.0105555555556,134.759444444444,99.7,410
605,-29.0122222222222,134.755277777778,101.3,246
606,-29.0105555555556,134.759444444444,102.9,1312
607,-29.0122222222222,134.755277777778,104.5,164
608,-29.0116666666667,134.759166666667,106.1,82
609,-29.0116666666667,134.759166666667,107.7,82
610,-26.6952777777778,141.288055555556,105.1,41
611,-15.4830555555556,145.195833333333,92.1,328
612,-15.4830555555556,145.195833333333,93.7,328
613,-15.4830555555556,145.195833333333,95.3,328
614,-15.4730555555556,145.250833333333,103.3,164
615,-15.4730555555556,145.250833333333,105.7,82
616,-15.4730555555556,145.250833333333,107.3,82
617,-31.6816666666667,149.838888888889,95.3,3280
618,-31.8236111111111,149.719444444444,95.3,164
619,-34.8191666666667,147.201944444444,99.1,32.8
620,-34.8058333333333,147.196944444444,103.1,246
621,-30.9391666666667,121.165555555556,92.3,246
622,-35.9825,149.025555555556,96.1,73800
623,-35.9825,149.025555555556,96.9,1640
624,-35.9825,149.025555555556,97.7,82000
625,-36.2188888888889,149.130833333333,90.5,246
626,-36.2347222222222,149.140833333333,95.3,82
627,-36.2358333333333,149.1275,106.5,246
628,-31.2783333333333,149.279166666667,92.5,246
629,-31.3216666666667,149.190277777778,99.5,492
630,-31.2402777777778,149.304166666667,103.3,820
631,-31.2402777777778,149.304166666667,104.1,820
632,-35.6738888888889,139.651111111111,97.7,4920
633,-30.9602777777778,148.391666666667,91.1,1640
634,-30.9533333333333,148.390833333333,91.9,164
635,-29.8813888888889,116.024722222222,101.9,32.8
636,-29.8813888888889,116.024722222222,107.1,164
637,-34.6433333333333,148.049444444444,102.9,246
638,-34.6433333333333,148.049444444444,105.3,164
639,-34.6433333333333,148.049444444444,107.7,164
640,-29.1108333333333,153.258055555556,88.9,1640
641,-23.1430555555556,113.767777777778,99.7,32.8
642,-23.1413888888889,113.773888888889,102.1,32.8
643,-21.8572222222222,143.259722222222,107.3,524.8
644,-35.9944444444444,146.381111111111,90.9,246
645,-35.9972222222222,146.388888888889,94.9,16.4
646,-36.1855555555555,147.976666666667,95.7,328
647,-36.1855555555555,147.976666666667,96.5,328
648,-36.1855555555555,147.976666666667,98.1,328
649,-36.1922222222222,147.910277777778,98.9,164
650,-36.1855555555555,147.976666666667,99.7,328
651,-21.4438888888889,119.673888888889,95.5,82
652,-21.4438888888889,119.673888888889,97.9,82
653,-21.4438888888889,119.673888888889,99.5,82
654,-16.2438888888889,145.436944444444,99.1,49.2
655,-33.6822222222222,136.921666666667,89.9,164
656,-33.6822222222222,136.921666666667,93.9,164
657,-33.8288888888889,148.697777777778,95.9,164
658,-33.8291666666667,148.694722222222,99.5,82
659,-33.8291666666667,148.694722222222,100.7,82
660,-34.4530555555556,149.483888888889,103.7,164
661,-34.4552777777778,149.441666666667,104.5,10.004
662,-34.4530555555556,149.483888888889,106.1,164
663,-34.4552777777778,149.441666666667,106.9,10.004
664,-18.2038888888889,142.250277777778,105.9,82
665,-18.2038888888889,142.250277777778,107.5,82
666,-27.4288888888889,117.900555555556,102.9,32.8
667,-27.4288888888889,117.900555555556,104.5,82
668,-27.4288888888889,117.900555555556,106.1,82
669,-27.4288888888889,117.900555555556,107.7,82
670,-35.6677777777778,147.036388888889,91.1,164
671,-35.6669444444444,147.036944444444,92.5,16.4
672,-28.1116666666667,145.691944444444,96.5,164
673,-28.0658333333333,145.687222222222,99.7,164
674,-28.0658333333333,145.687222222222,101.3,164
675,-28.0672222222222,145.685277777778,102.9,41
676,-28.0658333333333,145.687222222222,104.5,49.2
677,-28.0477777777778,145.701944444444,106.1,164
678,-28.0477777777778,145.701944444444,107.7,164
679,-23.4955555555556,148.843888888889,105.9,410
680,-39.9155555555556,143.854444444444,97.3,328
681,-39.9155555555556,143.854444444444,98.1,328
682,-39.9155555555556,143.854444444444,98.9,328
683,-39.9155555555556,143.854444444444,99.7,328
684,-28.1338888888889,153.454444444444,104.1,1640
685,-17.4002777777778,130.804444444444,106.1,16.4
686,-16.2491666666667,145.322777777778,90.5,49.2
687,-21.6955555555556,139.513055555556,96.5,49.2
688,-27.1886111111111,151.268888888889,89.9,3280
689,-27.1833333333333,151.263888888889,94.3,32.8
690,-27.2066666666667,151.292777777778,95.9,246
691,-27.0694444444444,151.269444444444,97.5,984
692,-30.2772222222222,116.669166666667,104.5,410
693,-30.2772222222222,116.669166666667,106.1,410
694,-13.7511111111111,130.689444444444,106.1,82
695,-13.7511111111111,130.689444444444,107.7,82
696,-20.6552777777778,116.728055555556,99.3,82
697,-20.6552777777778,116.728055555556,107.9,82
698,-26.8922222222222,151.608055555556,104.1,164000
699,-26.8922222222222,151.608055555556,105.7,164000
700,-26.8922222222222,151.608055555556,107.3,164000
701,-27.8986111111111,121.290277777778,101.9,32.8
702,-9.58944444444444,143.768055555556,106.1,16.4
703,-12.4144444444444,130.969166666667,94.5,24600
704,-12.4558333333333,130.9325,97.7,24600
705,-12.4144444444444,130.969166666667,100.1,27880
706,-12.4144444444444,130.969166666667,100.9,29520
707,-12.4144444444444,130.969166666667,102.5,31160
708,-12.4144444444444,130.969166666667,103.3,31160
709,-12.3738888888889,130.867777777778,104.1,24600
710,-12.4144444444444,130.969166666667,104.9,27880
711,-12.4144444444444,130.969166666667,105.7,31160
712,-12.4144444444444,130.969166666667,107.3,31160
713,-12.4575,130.835555555556,92.3,164
714,-12.4813888888889,130.986666666667,90.7,164
715,-12.3738888888889,130.867777777778,91.5,164
716,-24.6194444444444,150.0525,90.5,164
717,-24.6194444444444,150.0525,91.3,164
718,-24.6194444444444,150.0525,92.1,164
719,-29.4422222222222,151.850833333333,91.1,8200
720,-25.9194444444444,113.534166666667,100.5,164
721,-25.9194444444444,113.534166666667,103.7,164
722,-25.9241666666667,113.543888888889,105.3,164
723,-25.9241666666667,113.543888888889,107.5,164
724,-35.5133333333333,145.005,99.3,3280
725,-35.5133333333333,145.005,100.9,3280
726,-35.6680555555556,144.909722222222,102.5,82000
727,-35.6680555555556,144.909722222222,106.1,1640
728,-17.3138888888889,123.641666666667,97.9,3280
729,-17.3283333333333,123.651111111111,101.1,164
730,-17.3130555555556,123.655555555556,102.7,164
731,-17.3130555555556,123.655555555556,104.3,164
732,-17.3022222222222,123.627222222222,105.9,328
733,-17.3130555555556,123.655555555556,107.5,65.6
734,-41.2105555555556,146.327777777778,96.1,5248
735,-41.1627777777778,146.311944444444,98.9,11480
736,-41.1627777777778,146.311944444444,98.9,11480
737,-41.1630555555556,146.310833333333,101.3,3280
738,-41.1933333333333,146.279444444445,104.7,3280
739,-41.1627777777778,146.311944444444,107.7,11480
740,-41.1627777777778,146.311944444444,107.7,11480
741,-41.2108333333333,146.3275,100.5,1968
742,-41.2108333333333,146.3275,102.1,1968
743,-17.1269444444444,145.068888888889,91.7,164
744,-17.1269444444444,145.068888888889,93.3,164
745,-28.5847222222222,148.225,95.3,49.2
746,-28.5847222222222,148.225,96.9,49.2
747,-28.5847222222222,148.225,98.1,164
748,-28.5577777777778,148.250277777778,107.3,82
749,-21.7911111111111,146.970555555556,101.3,164
750,-29.2711111111111,114.931666666667,105.1,164
751,-29.2711111111111,114.931666666667,106.7,164
752,-17.9413888888889,138.824166666667,107.7,16.4
753,-30.3966666666667,152.688333333333,93.3,5248
754,-32.3447222222222,148.381388888889,92.7,16400
755,-32.2802777777778,148.553611111111,93.5,16400
756,-32.2497222222222,148.602222222222,93.5,492
757,-32.2530555555556,148.646666666667,94.3,3280
758,-32.2461111111111,148.604722222222,90.3,164
759,-32.2461111111111,148.604722222222,91.1,164
760,-32.2366666666667,148.6775,95.9,1640
761,-32.2372222222222,148.580555555556,100.5,32.8
762,-20.2313888888889,140.141111111111,89.7,32.8
763,-20.2313888888889,140.141111111111,91.3,32.8
764,-20.2313888888889,140.141111111111,92.9,32.8
765,-20.2313888888889,140.141111111111,94.5,32.8
766,-28.1419444444444,140.867222222222,105.3,41
767,-28.1419444444444,140.867222222222,106.9,41
768,-32.0286111111111,149.398333333333,96.1,1640
769,-22.5916666666667,148.340277777778,90.9,82
770,-22.58,148.318333333333,91.7,262.4
771,-22.58,148.318333333333,93.3,262.4
772,-27.9261111111111,153.2,88.9,82
773,-27.9261111111111,153.2,91.3,82
774,-17.6083333333333,145.846388888889,103.3,82
775,-21.2055555555556,148.003888888889,104.1,82
776,-36.1377777777778,144.761388888889,104.7,8200
777,-37.0111111111111,149.889722222222,103.9,1640
778,-37.0111111111111,149.889722222222,104.7,492
779,-37.0111111111111,149.889722222222,105.5,1640
780,-37.0111111111111,149.889722222222,106.3,82
781,-37.0111111111111,149.889722222222,107.1,1640
782,-37.0111111111111,149.889722222222,107.9,82
783,-25.385,151.123055555556,102.7,82
784,-25.385,151.123888888889,104.3,82
785,-19.7544444444444,120.672777777778,88.9,16.4
786,-37.2766666666667,145.850277777778,97.3,164
787,-37.2766666666667,145.850277777778,98.1,164
788,-18.5147222222222,144.089722222222,93.7,16.4
789,-18.5147222222222,144.089722222222,95.3,32.8
790,-18.5147222222222,144.089722222222,96.9,32.8
791,-17.5552777777778,133.544444444444,102.9,1312
792,-33.585,134.969166666667,89.9,164
793,-33.585,134.969166666667,93.9,164
794,-23.4744444444444,148.151111111111,89.1,13120
795,-23.4744444444444,148.151111111111,90.7,13120
796,-23.5305555555556,148.154444444444,92.3,16.4
797,-23.505,148.174722222222,93.1,410
798,-23.4744444444444,148.151111111111,93.9,13120
799,-23.4761111111111,148.150277777778,94.7,8200
800,-23.4744444444444,148.151111111111,95.5,7380
801,-29.4558333333333,151.605277777778,93.1,82
802,-29.8322222222222,115.335,102.1,98.4
803,-29.8322222222222,115.335,103.7,49.2
804,-29.8180555555556,115.2775,107.7,82
805,-26.2797222222222,132.131666666667,102.9,32.8
806,-26.2797222222222,132.131666666667,106.1,16.4
807,-20.44,140.713888888889,89.3,8.2
808,-20.44,140.713888888889,90.5,8.2
809,-20.4425,140.718055555556,100.5,82
810,-26.6688888888889,143.269444444444,89.3,49.2
811,-33.8625,121.892222222222,89.5,1968
812,-33.875,121.894722222222,102.3,8200
813,-33.8752777777778,121.894444444444,102.3,4100
814,-33.875,121.894722222222,103.1,8200
815,-33.8752777777778,121.894444444444,103.9,2296
816,-33.875,121.894722222222,104.7,3280
817,-33.875,121.894722222222,105.5,820
818,-33.875,121.894722222222,106.3,3280
819,-28.1602777777778,145.048055555556,104.9,49.2
820,-36.7527777777778,145.588611111111,99.3,16.4
821,-21.9294444444444,114.125277777778,95.7,82
822,-21.9441666666667,114.130833333333,98.1,164
823,-21.945,114.128888888889,98.9,164
824,-21.945,114.128888888889,99.7,82
825,-21.945,114.128888888889,102.9,82
826,-21.9186111111111,114.121111111111,107.7,82
827,-29.5719444444444,117.145277777778,102.5,41
828,-29.5719444444444,117.145277777778,104.1,41
829,-36.8708333333333,147.275833333333,94.1,1640
830,-36.8708333333333,147.275833333333,100.5,1640
831,-25.585,134.573333333333,102.9,65.6
832,-25.585,134.573333333333,106.1,65.6
833,-18.1902777777778,125.568055555556,102.9,82
834,-18.1897222222222,125.565555555556,106.1,164
835,-18.1897222222222,125.565555555556,107.7,164
836,-37.3425,145.281944444444,97.3,164
837,-37.3425,145.281944444444,98.1,164
838,-37.3425,145.281944444444,98.9,164
839,-18.5875,143.6025,103.7,16.4
840,-18.5875,143.6025,105.3,16.4
841,-18.5875,143.6025,106.9,32.8
842,-32.1580555555556,152.376111111111,100.3,2624
843,-32.2575,152.120555555556,101.5,16400
844,-25.3180555555556,118.3425,102.1,49.2
845,-38.6916666666667,146.145555555556,89.5,1640
846,-38.1797222222222,145.120833333333,98.3,16.4
847,-26.7638888888889,132.028055555556,106.1,16.4
848,-32.0333333333333,115.770555555556,91.3,328
849,-32.0333333333333,115.770555555556,107.9,1640
850,-34.2341666666667,118.988888888889,104.9,164
851,-12.0216666666667,135.573611111111,105.9,82
852,-12.0241666666667,135.565833333333,106.7,49.2
853,-12.0216666666667,135.573611111111,107.5,82
854,-27.8927777777778,122.365,103.3,32.8
855,-27.8927777777778,122.365,104.9,32.8
856,-27.8927777777778,122.365,106.5,32.8
857,-25.6047222222222,151.540277777778,91.5,1640
858,-38.1736111111111,144.300277777778,89.3,410
859,-38.1633333333333,144.603888888889,93.9,91840
860,-38.1633333333333,144.603888888889,94.7,91840
861,-38.1633333333333,144.603888888889,95.5,91840
862,-38.1633333333333,144.603888888889,96.3,91840
863,-38.1736111111111,144.300277777778,99.5,1312
864,-43.1480555555556,146.938333333333,95.3,410
865,-37.4105555555556,149.5475,96.9,164
866,-41.1030555555556,146.862222222222,95.3,328
867,-18.3022222222222,143.545,104.5,16.4
868,-18.3022222222222,143.545,106.1,65.6
869,-18.3022222222222,143.545,107.7,65.6
870,-28.6819444444444,114.676944444444,94.9,16400
871,-28.6838888888889,114.676111111111,96.5,49200
872,-28.6838888888889,114.676111111111,98.1,49200
873,-28.6819444444444,114.676944444444,98.9,16400
874,-28.6819444444444,114.676944444444,99.7,16400
875,-28.6819444444444,114.676944444444,101.3,16400
876,-31.7119444444444,148.663611111111,98.9,164
877,-31.7102777777778,148.6475,101.3,16.4
878,-31.7102777777778,148.6475,103.7,164
879,-24.9916666666667,151.961111111111,104.9,164
880,-23.8686111111111,151.255555555556,91.9,1640
881,-23.8686111111111,151.255277777778,93.5,1640
882,-23.8686111111111,151.255277777778,94.3,328
883,-23.8686111111111,151.255277777778,95.1,1640
884,-23.8686111111111,151.255277777778,95.9,328
885,-23.8686111111111,151.255277777778,96.7,328
886,-23.8686111111111,151.255277777778,99.1,328
887,-29.7438888888889,151.751111111111,89.1,49.2
888,-29.7169444444444,151.691666666667,105.1,4920
889,-29.7163888888889,151.6925,105.9,4920
890,-29.7461111111111,151.751111111111,105.9,4920
891,-29.7438888888889,151.751111111111,106.7,328
892,-29.7172222222222,151.691111111111,107.5,4920
893,-32.4169444444444,151.0775,99.1,16.4
894,-32.4169444444444,151.0775,100.9,16.4
895,-21.3580555555556,148.109444444444,91.7,410
896,-21.3580555555556,148.109444444444,92.5,32.8
897,-21.3580555555556,148.109444444444,93.3,32.8
898,-21.3580555555556,148.109444444444,94.1,82
899,-32.0077777777778,151.958333333333,99.3,164
900,-31.9625,151.946666666667,100.1,131.2
901,-31.9625,151.946944444444,100.9,328
902,-31.9625,151.946944444444,102.5,328
903,-31.9625,151.946666666667,103.3,131.2
904,-28.0336111111111,153.242222222222,88.5,42640
905,-27.9697222222222,153.213611111111,89.3,41000
906,-28.0336111111111,153.242222222222,90.1,42640
907,-27.9697222222222,153.213611111111,90.9,41000
908,-28.0336111111111,153.242222222222,91.7,42640
909,-27.9697222222222,153.213611111111,92.5,41000
910,-28.0336111111111,153.242222222222,95.7,42640
911,-28.0336111111111,153.242222222222,97.7,42640
912,-27.9697222222222,153.213333333333,102.9,41000
913,-27.9697222222222,153.213333333333,105.7,16400
914,-27.9697222222222,153.213333333333,107.3,16400
915,-28.7847222222222,116.9375,107.9,16.4
916,-28.7847222222222,116.9375,101.5,41
917,-28.7847222222222,116.9375,103.1,41
918,-28.7847222222222,116.9375,106.3,41
919,-29.115,147.452222222222,97.7,164
920,-29.1327777777778,147.481944444444,99.3,82
921,-29.1327777777778,147.481944444444,100.9,164
922,-35.4816666666667,138.662777777778,91.5,820
923,-28.6027777777778,150.359444444444,88.7,984
924,-28.6027777777778,150.359444444444,89.5,984
925,-28.5194444444444,150.337777777778,90.3,262.4
926,-28.5194444444444,150.337777777778,92.7,328
927,-28.5194444444444,150.337777777778,94.3,328
928,-28.5261111111111,150.3025,96.3,820
929,-28.5261111111111,150.3025,98.7,820
930,-21.7644444444444,147.978888888889,89.7,410
931,-21.8111111111111,147.975555555556,93.7,410
932,-21.7644444444444,147.978888888889,96.1,410
933,-21.7644444444444,147.978888888889,100.9,410
934,-21.7644444444444,147.978888888889,102.5,410
935,-33.4066666666667,151.292777777778,92.5,328
936,-33.4066666666667,151.296666666667,93.3,3280
937,-33.4066666666667,151.296666666667,94.1,3280
938,-33.4066666666667,151.296666666667,94.9,3280
939,-33.4066666666667,151.296666666667,96.3,3280
940,-33.4066666666667,151.292777777778,98.1,328
941,-33.4066666666667,151.296666666667,101.3,26240
942,-33.3980555555556,151.295833333333,104.5,26240
943,-33.4105555555556,151.2975,107.7,16400
944,-34.7583333333333,149.763055555556,93.5,65600
945,-34.7572222222222,149.763611111111,94.3,1640
946,-34.7486111111111,149.718055555556,103.3,328
947,-34.7583333333333,149.763055555556,107.7,57400
948,-34.7583333333333,149.763055555556,107.7,57400
949,-34.7572222222222,149.763611111111,88.7,328
950,-34.7572222222222,149.763611111111,89.5,328
951,-34.7572222222222,149.763611111111,90.3,328
952,-34.7572222222222,149.763611111111,99.9,328
953,-34.7583333333333,149.763055555556,100.7,328
954,-36.3580555555556,145.695,94.5,164000
955,-36.3580555555556,145.695,96.1,164000
956,-36.3580555555556,145.695,97.7,164000
957,-36.3580555555556,145.695,107.7,8200
958,-29.7616666666667,152.9325,101.5,1640
959,-29.7291666666667,152.923055555556,103.1,1640
960,-29.4894444444444,153.171388888889,104.7,32800
961,-30.3175,152.859722222222,90.7,32800
962,-30.3175,152.859722222222,91.5,164000
963,-30.3175,152.859722222222,92.3,42640
964,-30.3175,152.859722222222,97.9,164000
965,-30.3175,152.859722222222,99.5,164000
966,-28.8122222222222,122.405833333333,89.7,164
967,-28.8122222222222,122.405833333333,91.3,164
968,-28.8122222222222,122.405833333333,92.9,164
969,-32.2577777777778,152.120833333333,93.1,1640
970,-32.2577777777778,152.120833333333,94.1,1640
971,-30.0738888888889,114.968333333333,100.1,164
972,-30.0738888888889,114.968333333333,102.1,24.6
973,-30.0738888888889,114.968333333333,105.3,16.4
974,-30.0738888888889,114.968333333333,106.1,16.4
975,-19.0022222222222,144.989166666667,101.9,82
976,-19.0022222222222,144.989166666667,105.9,82
977,-33.9008333333333,148.162222222222,99.5,41
978,-33.9008333333333,148.162222222222,100.7,41
979,-34.2916666666667,146.068055555556,90.3,1640
980,-34.2772222222222,146.0575,95.1,5740
981,-34.1216666666667,146.235,99.7,82000
982,-13.8502777777778,136.425277777778,103.7,262.4
983,-28.0452777777778,123.741944444444,104.1,164
984,-28.0452777777778,123.741944444444,105.7,164
985,-32.3672222222222,149.542222222222,104.7,164
986,-35.0605555555556,148.109166666667,94.3,32.8
987,-35.0605555555556,148.109166666667,95.1,164
988,-35.0605555555556,148.109166666667,99.1,32.8
989,-35.0605555555556,148.109166666667,100.7,32.8
990,-30.2844444444444,150.1675,95.9,32800
991,-30.2844444444444,150.1675,97.5,32800
992,-16.6638888888889,139.179166666667,107.7,16.4
993,-26.1147222222222,152.614722222222,91.5,1640
994,-26.4227777777778,152.854166666667,93.7,32800
995,-26.4227777777778,152.854166666667,94.5,32800
996,-26.4227777777778,152.854166666667,95.3,32800
997,-26.1847222222222,152.859444444444,96.1,8200
998,-26.4227777777778,152.854166666667,96.9,32800
999,-23.4461111111111,131.878888888889,105.9,16.4
1000,-21.4891666666667,148.366111111111,95.1,246
1001,-21.4891666666667,148.366111111111,105.5,820
1002,-21.4891666666667,148.366111111111,107.9,820
1003,-33.4252777777778,138.973611111111,107.5,820
1004,-18.2252777777778,127.671388888889,98.1,98.4
1005,-18.2227777777778,127.673055555556,101.3,164
1006,-18.2186111111111,127.675,102.9,32.8
1007,-18.2186111111111,127.675,106.1,164
1008,-18.2186111111111,127.675,107.7,164
1009,-37.6833333333333,142.019722222222,88.9,32800
1010,-37.7455555555556,142.020555555556,102.1,1640
1011,-36.8563888888889,147.056666666667,94.5,82
1012,-33.0494444444444,115.934722222222,96.5,1033.2
1013,-31.8838888888889,138.681944444444,88.7,1640
1014,-31.9208333333333,138.445277777778,107.5,82
1015,-34.4522222222222,144.986388888889,88.1,9840
1016,-34.4522222222222,144.986388888889,88.9,9840
1017,-34.4991666666667,144.843055555556,92.1,155.8
1018,-17.3769444444444,145.38,93.1,65.6
1019,-23.9425,132.776944444444,103.7,738
1020,-23.9425,132.776944444444,106.1,738
1021,-25.3105555555556,152.835,107.5,820
1022,-18.4858333333333,146.176944444444,97.7,82
1023,-42.8975,147.236388888889,92.9,91840
1024,-42.8975,147.236388888889,93.9,91840
1025,-42.7872222222222,147.194166666667,96.1,4920
1026,-42.8975,147.236388888889,100.9,59040
1027,-42.8975,147.236388888889,101.7,59040
1028,-42.8975,147.236388888889,105.7,91840
1029,-42.8975,147.236388888889,106.5,29520
1030,-42.8975,147.236388888889,107.3,59040
1031,-42.92,147.420555555556,92.1,164
1032,-42.8938888888889,147.468333333333,99.3,164
1033,-35.7252777777778,147.3125,93.7,246
1034,-35.7233333333333,147.316388888889,99.3,16.4
1035,-22.9555555555556,119.099444444444,101.3,246
1036,-22.9555555555556,119.099444444444,102.9,246
1037,-22.9555555555556,119.099444444444,104.5,246
1038,-22.9555555555556,119.099444444444,106.1,246
1039,-22.9555555555556,119.099444444444,107.7,246
1040,-23.1547222222222,119.533055555556,89.5,246
1041,-23.1547222222222,119.533055555556,91.1,246
1042,-23.1547222222222,119.533055555556,94.3,246
1043,-23.1547222222222,119.533055555556,95.9,246
1044,-23.1547222222222,119.533055555556,99.1,246
1045,-23.0411111111111,119.032222222222,88.5,246
1046,-23.0411111111111,119.032222222222,90.1,246
1047,-23.0411111111111,119.032222222222,91.7,246
1048,-23.0411111111111,119.032222222222,93.3,246
1049,-23.0411111111111,119.032222222222,94.9,246
1050,-15.2975,145.105833333333,107.7,16.4
1051,-35.8530555555556,142.290277777778,88.3,820
1052,-33.9330555555556,120.133611111111,94.1,492
1053,-33.9330555555556,120.133611111111,95.7,492
1054,-33.9330555555556,120.133611111111,97.3,41
1055,-33.9330555555556,120.133611111111,103.7,41
1056,-33.9330555555556,120.133611111111,105.3,41
1057,-33.9330555555556,120.133611111111,106.9,41
1058,-33.71,151.1025,100.1,328
1059,-36.6405555555556,142.255555555556,89.3,32800
1060,-36.7130555555556,142.200555555556,96.5,820
1061,-36.7130555555556,142.200555555556,99.7,328
1062,-36.8844444444444,142.401666666667,101.3,32800
1063,-36.6813888888889,142.233333333333,102.9,3280
1064,-20.8452777777778,144.186944444444,104.3,164
1065,-20.8452777777778,144.186944444444,105.9,164
1066,-20.8477777777778,144.185277777778,107.5,82
1067,-28.9972222222222,144.409166666667,106.1,82
1068,-43.0075,147.141111111111,98.5,410
1069,-34.6236111111111,150.694444444444,90.9,246000
1070,-34.6236111111111,150.694444444444,95.7,246000
1071,-34.6236111111111,150.694444444444,97.3,246000
1072,-34.6236111111111,150.694444444444,98.9,246000
1073,-25.1272222222222,132.571388888889,106.1,16.4
1074,-26.9663888888889,133.309444444444,106.1,16.4
1075,-18.6897222222222,146.214722222222,96.9,492
1076,-28.535,151.0925,98.1,1640
1077,-25.8441666666667,148.5625,101.9,164
1078,-25.8863888888889,148.521944444444,102.7,164
1079,-25.8863888888889,148.521944444444,105.9,328
1080,-25.8863888888889,148.521944444444,107.5,328
1081,-17.5258333333333,146.029166666667,97.3,41
1082,-17.6991666666667,146.056111111111,98.3,32800
1083,-29.7813888888889,151.143611111111,91.9,1640
1084,-29.7708333333333,151.149444444444,92.7,1640
1085,-29.7769444444444,151.074444444444,93.5,16400
1086,-29.7769444444444,151.074444444444,95.1,16400
1087,-27.5022222222222,152.591666666667,94.9,82000
1088,-24.2530555555556,144.435555555556,107.7,131.2
1089,-32.9208333333333,144.277222222222,106.1,82
1090,-32.9208333333333,144.277222222222,107.7,82
1091,-12.6691666666667,132.834722222222,100.5,410
1092,-12.6725,132.83,102.1,246
1093,-12.6694444444444,132.834444444444,103.7,41
1094,-12.6694444444444,132.834444444444,105.3,82
1095,-12.6694444444444,132.834444444444,107.7,65.6
1096,-30.8705555555556,132.216944444444,100.5,41
1097,-30.8705555555556,132.216944444444,103.7,41
1098,-30.8705555555556,132.216944444444,105.3,41
1099,-26.0213888888889,117.268611111111,88.5,49.2
1100,-26.0213888888889,117.268611111111,91.9,49.2
1101,-26.0213888888889,117.268611111111,94.3,49.2
1102,-26.0213888888889,117.268611111111,96.7,49.2
1103,-27.6355555555556,142.400277777778,102.9,32.8
1104,-27.6355555555556,142.400277777778,106.1,13.12
1105,-27.6355555555556,142.400277777778,107.7,16.4
1106,-23.3872222222222,148.953888888889,103.3,492
1107,-23.3872222222222,148.953888888889,104.9,410
1108,-23.3872222222222,148.953888888889,106.5,410
1109,-23.2363888888889,148.915555555556,96.7,492
1110,-23.6025,146.129444444444,101.7,49.2
1111,-23.625,146.256111111111,107.7,524.8
1112,-35.3427777777778,145.660833333333,94.1,3280
1113,-23.3588888888889,120.780277777778,106.1,32.8
1114,-12.9477777777778,132.560555555556,105.9,32.8
1115,-23.3794444444444,120.0525,89.3,123
1116,-23.3794444444444,120.0525,90.9,123
1117,-23.3794444444444,120.0525,92.5,123
1118,-23.3794444444444,120.0525,94.1,123
1119,-23.3794444444444,120.0525,95.7,123
1120,-23.3794444444444,120.0525,97.3,123
1121,-36.3355555555556,148.663611111111,93.9,164
1122,-36.4011111111111,148.665,94.7,3280
1123,-36.4011111111111,148.665,95.5,82
1124,-36.4011111111111,148.665,97.1,82
1125,-36.4011111111111,148.665,102.7,3280
1126,-36.4011111111111,148.665,107.3,3280
1127,-20.6572222222222,141.740555555556,99.5,164
1128,-20.6525,141.739444444444,107.5,82
1129,-24.8313888888889,143.061388888889,100.9,49.2
1130,-26.3947222222222,120.6375,102.5,41
1131,-26.3947222222222,120.6375,104.1,41
1132,-26.3947222222222,120.6375,105.7,41
1133,-26.3947222222222,120.6375,107.3,41
1134,-34.8752777777778,147.576666666667,97.9,32.8
1135,-34.8752777777778,147.576666666667,98.7,246
1136,-34.8752777777778,147.576388888889,99.5,49.2
1137,-30.2944444444444,115.050555555556,96.7,164
1138,-30.2944444444444,115.050555555556,98.3,164
1139,-30.2944444444444,115.050555555556,100.7,164
1140,-30.2944444444444,115.050555555556,103.1,246
1141,-30.2944444444444,115.050555555556,104.7,246
1142,-30.2822222222222,115.068055555556,107.9,328
1143,-31.9783333333333,116.061944444444,102.5,328
1144,-27.7055555555556,114.175,102.9,82
1145,-27.7055555555556,114.175,104.5,82
1146,-27.7055555555556,114.175,105.3,32.8
1147,-27.7055555555556,114.175,106.1,82
1148,-27.7055555555556,114.175,107.7,82
1149,-30.7172222222222,121.440277777778,95.5,9840
1150,-30.7702777777778,121.507777777778,96.3,9840
1151,-30.7172222222222,121.440277777778,97.1,9840
1152,-30.7355555555556,121.501111111111,97.9,9840
1153,-30.7355555555556,121.501111111111,97.9,6560
1154,-30.7172222222222,121.440277777778,98.7,9840
1155,-30.7172222222222,121.440277777778,100.3,9840
1156,-30.7436111111111,121.4775,104.3,164
1157,-30.7811111111111,121.512777777778,91.9,16.4
1158,-30.7811111111111,121.512777777778,92.7,16.4
1159,-30.7811111111111,121.512777777778,93.5,16.4
1160,-30.7811111111111,121.512777777778,94.3,16.4
1161,-17.4455555555556,130.836944444444,98.1,49.2
1162,-14.2955555555556,126.6425,106.1,32.8
1163,-31.21,121.673055555556,93.9,820
1164,-31.2111111111111,121.673333333333,94.7,32.8
1165,-31.21,121.673055555556,94.7,32.8
1166,-31.21,121.673055555556,106.7,164
1167,-32.8719444444444,149.989722222222,96.3,82
1168,-32.8066666666667,149.750555555556,97.9,410
1169,-32.8719444444444,149.990277777778,98.7,1640
1170,-32.8719444444444,149.989722222222,100.3,82
1171,-35.7736111111111,137.516111111111,90.7,4920
1172,-34.3155555555556,139.126944444444,99.5,1640
1173,-29.1813888888889,116.704444444444,100.5,49.2
1174,-29.1813888888889,116.704444444444,102.1,49.2
1175,-29.1813888888889,116.704444444444,103.7,49.2
1176,-29.1813888888889,116.704444444444,105.3,49.2
1177,-29.1813888888889,116.704444444444,106.9,49.2
1178,-23.7619444444444,120.096666666667,105.3,16.4
1179,-34.9772222222222,139.837777777778,95.3,3280
1180,-20.7355555555556,116.859166666667,100.9,164
1181,-20.7491666666667,116.831944444444,101.7,1640
1182,-20.7355555555556,116.859166666667,102.5,1640
1183,-20.7355555555556,116.859166666667,103.3,82
1184,-20.7355555555556,116.859166666667,104.1,164
1185,-20.7355555555556,116.859166666667,106.5,1640
1186,-17.4977777777778,140.838333333333,98.1,82
1187,-17.4977777777778,140.838333333333,104.5,164
1188,-17.4977777777778,140.838333333333,106.1,65.6
1189,-17.4977777777778,140.838333333333,107.7,65.6
1190,-33.6494444444444,117.500555555556,94.9,8200
1191,-33.6811111111111,117.568055555556,97.3,16.4
1192,-14.4455555555556,132.295833333333,94.9,164
1193,-14.4444444444444,132.273888888889,98.1,1640
1194,-14.4455555555556,132.295833333333,99.7,164
1195,-14.4455555555556,132.295833333333,101.3,1640
1196,-14.4722222222222,132.279166666667,103.7,1640
1197,-14.4741666666667,132.285555555556,104.5,328
1198,-14.4722222222222,132.279166666667,105.3,1640
1199,-14.4722222222222,132.279166666667,106.1,3280
1200,-14.4444444444444,132.273888888889,106.9,1640
1201,-33.7108333333333,150.312777777778,89.1,328
1202,-33.7230555555556,150.385277777778,96.1,8200
1203,-33.7230555555556,150.385277777778,99.5,1640
1204,-33.7230555555556,150.385277777778,101.1,1640
1205,-36.0077777777778,140.336666666667,96.9,3280
1206,-36.085,140.3975,99.1,410
1207,-36.0330555555556,140.329166666667,104.5,2624
1208,-31.0577777777778,152.797777777778,101.5,1640
1209,-31.0577777777778,152.797777777778,103.1,1640
1210,-30.8136111111111,152.919444444444,105.1,16400
1211,-30.8136111111111,152.919444444444,106.7,16400
1212,-35.7644444444444,143.960555555556,98.7,1640
1213,-36.2113888888889,148.128055555556,88.1,59.04
1214,-36.2113888888889,148.128055555556,89.7,59.04
1215,-36.2113888888889,148.128055555556,91.3,59.04
1216,-33.1386111111111,136.419166666667,89.9,164
1217,-33.1386111111111,136.419166666667,93.9,164
1218,-40.0363888888889,144.016666666667,88.5,2624
1219,-26.6002777777778,151.868611111111,89.1,24600
1220,-26.54,151.838333333333,93.1,41
1221,-26.5319444444444,151.849722222222,96.3,82
1222,-37.51,145.316111111111,94.5,820
1223,-37.5252777777778,145.336388888889,94.5,492
1224,-35.6466666666667,137.625,95.5,4920
1225,-37.0327777777778,139.811388888889,92.9,3280
1226,-37.0508333333333,139.824444444444,107.3,3280
1227,-23.2730555555556,129.390833333333,102.9,65.6
1228,-23.2730555555556,129.390833333333,106.1,65.6
1229,-23.2752777777778,129.388611111111,107.7,65.6
1230,-22.8180555555556,127.763888888889,106.1,32.8
1231,-11.3180555555556,132.125555555556,104.5,16.4
1232,-26.9272222222222,150.780833333333,92.5,41
1233,-22.5136111111111,119.022222222222,89.7,32.8
1234,-22.5136111111111,119.022222222222,91.3,32.8
1235,-22.5136111111111,119.022222222222,92.9,32.8
1236,-22.5136111111111,119.022222222222,94.5,32.8
1237,-22.5136111111111,119.022222222222,96.1,32.8
1238,-28.0933333333333,152.823333333333,102.5,164
1239,-28.0933333333333,152.823333333333,103.3,164
1240,-30.8261111111111,117.484444444444,102.3,328
1241,-15.4772222222222,141.7475,101.3,32.8
1242,-32.6719444444444,118.154166666667,95.1,65.6
1243,-15.7630555555556,128.740555555556,102.5,164
1244,-15.7630555555556,128.740555555556,104.1,164
1245,-15.7727777777778,128.741388888889,105.7,328
1246,-15.7630555555556,128.740555555556,107.3,82
1247,-15.7836111111111,128.733611111111,96.9,410
1248,-15.7836111111111,128.733611111111,100.1,410
1249,-37.3833333333333,144.576666666667,100.7,1640
1250,-28.5711111111111,153.070833333333,104.3,1640
1251,-19.9058333333333,139.107777777778,95.7,16.4
1252,-19.9058333333333,139.107777777778,98.1,16.4
1253,-19.9058333333333,139.107777777778,100.5,16.4
1254,-18.685,121.778888888889,102.1,3.28
1255,-18.685,121.778888888889,106.1,32.8
1256,-18.3363888888889,130.635277777778,102.9,65.6
1257,-18.3363888888889,130.635277777778,106.1,65.6
1258,-33.3658333333333,146.216111111111,101.5,8200
1259,-33.1797222222222,151.595277777778,97.3,1640
1260,-22.4594444444444,148.412222222222,97.5,82
1261,-22.4594444444444,148.412222222222,99.1,82
1262,-22.4594444444444,148.412222222222,100.7,82
1263,-22.4594444444444,148.412222222222,103.1,164
1264,-15.9005555555556,144.846944444444,106.1,32.8
1265,-15.9005555555556,144.846944444444,107.7,32.8
1266,-37.8669444444444,148.023611111111,89.9,262.4
1267,-37.8583333333333,148.006944444444,90.7,262.4
1268,-35.3305555555556,140.517222222222,107.5,164
1269,-30.985,115.385555555556,102.3,246
1270,-30.985,115.385555555556,103.9,246
1271,-38.2408333333333,146.286111111111,91.9,1640
1272,-38.3991666666667,146.564722222222,95.1,328000
1273,-38.3991666666667,146.564722222222,96.7,328000
1274,-38.3991666666667,146.564722222222,100.7,328000
1275,-38.3991666666667,146.564722222222,101.5,328000
1276,-38.3991666666667,146.564722222222,103.9,16400
1277,-38.2016666666667,146.313333333333,104.7,6560
1278,-41.3916666666667,147.426111111111,89.3,8200
1279,-41.3916666666667,147.426111111111,90.1,8200
1280,-41.4405555555556,147.146666666667,102.7,328
1281,-41.4363888888889,147.098055555556,103.7,3280
1282,-41.4363888888889,147.098055555556,105.3,5248
1283,-41.4544444444445,147.125555555556,106.9,5248
1284,-41.4397222222222,147.137777777778,100.3,328
1285,-41.4397222222222,147.137777777778,101.1,328
1286,-15.5591666666667,144.445,106.1,82
1287,-15.5591666666667,144.445,107.7,82
1288,-28.6283333333333,122.399444444444,94.9,246
1289,-28.6238888888889,122.401111111111,98.1,32.8
1290,-28.6238888888889,122.401111111111,98.9,32.8
1291,-28.6191666666667,122.398888888889,102.1,65.6
1292,-28.6191666666667,122.398888888889,104.5,82
1293,-28.6280555555556,122.399166666667,106.1,82
1294,-28.6280555555556,122.399166666667,107.7,82
1295,-29.9516666666667,114.976666666667,102.5,49.2
1296,-29.9516666666667,114.976666666667,104.1,24.6
1297,-29.9619444444444,114.979444444444,107.3,164
1298,-30.5991666666667,138.404444444444,97.7,328
1299,-30.5577777777778,138.423333333333,103.3,328
1300,-30.5997222222222,138.404166666667,106.1,82
1301,-27.9144444444444,120.705,99.7,164
1302,-27.9144444444444,120.705,101.3,196.8
1303,-27.9144444444444,120.705,102.9,39.36
1304,-27.9144444444444,120.705,104.5,164
1305,-27.9144444444444,120.705,106.1,164
1306,-27.9144444444444,120.705,107.7,164
1307,-38.4866666666667,145.765833333333,88.1,3280
1308,-38.4747222222222,145.945555555556,91.3,820
1309,-28.8819444444444,121.334166666667,93.7,49.2
1310,-28.8819444444444,121.334166666667,95.3,246
1311,-28.8819444444444,121.334166666667,96.9,49.2
1312,-28.8819444444444,121.334166666667,98.5,164
1313,-28.8819444444444,121.334166666667,100.1,164
1314,-28.8819444444444,121.334166666667,101.7,65.6
1315,-28.8858333333333,121.365,105.7,164
1316,-28.8858333333333,121.365,107.3,164
1317,-32.4083333333333,151.033611111111,89.3,82
1318,-32.4083333333333,151.033611111111,90.1,82
1319,-32.4083333333333,151.033611111111,90.9,82
1320,-29.4375,147.982222222222,88.9,164
1321,-29.4375,147.982222222222,89.7,41
1322,-29.4375,147.982222222222,90.5,41
1323,-29.4047222222222,147.971388888889,91.3,1640
1324,-29.4061111111111,147.972222222222,92.1,82
1325,-29.4047222222222,147.971388888889,92.9,1640
1326,-29.4061111111111,147.972222222222,93.7,82
1327,-29.4375,147.982222222222,94.5,164
1328,-29.4375,147.982222222222,96.1,164
1329,-29.4277777777778,147.976944444444,98.5,16.4
1330,-40.8513888888889,145.126666666667,88.9,820
1331,-40.9591666666667,145.192777777778,89.7,6560
1332,-40.9591666666667,145.192777777778,91.3,6560
1333,-28.8572222222222,153.228888888889,92.9,9840
1334,-28.8191666666667,153.276388888889,98.9,1640
1335,-28.5427777777778,153.290277777778,100.9,52480
1336,-33.4711111111111,149.988055555556,107.9,16400
1337,-33.4938888888889,150.146111111111,89.7,164
1338,-33.4938888888889,150.146111111111,91.3,164
1339,-33.4938888888889,150.146111111111,92.1,65.6
1340,-17.1608333333333,145.746666666667,93.5,820
1341,-33.9080555555556,150.899166666667,89.3,131.2
1342,-33.5683333333333,135.756111111111,89.9,164
1343,-33.5683333333333,135.756111111111,93.9,164
1344,-12.7858333333333,143.3425,107.7,16.4
1345,-27.6233333333333,153.147222222222,101.1,6560
1346,-31.4461111111111,152.476944444444,107.9,41
1347,-23.4561111111111,144.351666666667,99.1,1640
1348,-23.4411111111111,144.259444444444,101.3,246
1349,-23.4411111111111,144.259444444444,102.1,82
1350,-23.4411111111111,144.259444444444,103.7,41
1351,-23.3933333333333,144.221111111111,104.5,1640
1352,-23.4411111111111,144.259444444444,106.1,82
1353,-23.4411111111111,144.259444444444,106.9,82
1354,-31.5225,159.068888888889,104.1,32.8
1355,-38.5258333333333,143.972777777778,88.7,82
1356,-38.5480555555556,143.975833333333,92.7,164
1357,-9.95361111111111,142.191944444444,106.3,32.8
1358,-21.1166666666667,149.17,93.9,32.8
1359,-21.0325,148.943333333333,97.9,147600
1360,-21.0325,148.943333333333,98.7,147600
1361,-21.0325,148.943333333333,99.5,147600
1362,-21.0325,148.943333333333,100.3,147600
1363,-21.0325,148.943333333333,101.1,147600
1364,-21.0325,148.943333333333,101.9,147600
1365,-21.0325,148.943333333333,102.7,147600
1366,-21.0325,148.943333333333,103.5,73800
1367,-21.0325,148.943333333333,104.3,147600
1368,-21.0686111111111,149.098333333333,105.9,1640
1369,-21.0686111111111,149.098333333333,107.5,1640
1370,-29.4894444444444,153.171388888889,103.9,8200
1371,-34.3636111111111,137.731111111111,90.9,6560
1372,-37.5463888888889,149.751111111111,101.7,262.4
1373,-37.5463888888889,149.751111111111,103.3,164
1374,-37.5463888888889,149.751111111111,104.9,164
1375,-32.6502777777778,115.989722222222,91.7,8200
1376,-32.6502777777778,115.989722222222,97.3,8200
1377,-32.2866666666667,150.701666666667,88.9,147.6
1378,-32.2866666666667,150.701666666667,89.7,147.6
1379,-32.2866666666667,150.701666666667,90.5,147.6
1380,-12.0516666666667,134.222777777778,102.9,410
1381,-12.0516666666667,134.222777777778,106.1,16.4
1382,-33.6713888888889,151.277777777778,88.7,328
1383,-33.8088888888889,151.266111111111,90.3,82
1384,-31.7022222222222,152.678611111111,94.7,8200
1385,-31.7022222222222,152.678611111111,95.5,42640
1386,-31.7022222222222,152.678611111111,96.3,164000
1387,-31.7022222222222,152.678611111111,97.1,164000
1388,-31.7022222222222,152.678611111111,98.7,164000
1389,-37.0433333333333,145.984722222222,91.3,574
1390,-37.0433333333333,145.984722222222,93.7,574
1391,-37.0433333333333,145.984722222222,99.7,1640
1392,-37.0536111111111,146.088888888889,99.7,820
1393,-37.0433333333333,145.984722222222,103.7,492
1394,-37.0433333333333,145.984722222222,105.3,492
1395,-22.6336111111111,118.111944444444,101.3,164
1396,-22.6336111111111,118.111944444444,102.9,164
1397,-22.6336111111111,118.111944444444,104.5,164
1398,-22.6336111111111,118.111944444444,106.1,164
1399,-22.6336111111111,118.111944444444,107.7,164
1400,-22.6597222222222,118.165277777778,100.5,32.8
1401,-22.6597222222222,118.165277777778,102.1,32.8
1402,-22.6597222222222,118.165277777778,103.7,32.8
1403,-22.6597222222222,118.165277777778,105.3,32.8
1404,-22.6597222222222,118.165277777778,106.9,32.8
1405,-21.1711111111111,119.748888888889,105.9,82
1406,-21.1711111111111,119.748888888889,107.5,82
1407,-16.9933333333333,145.423055555556,92.3,492
1408,-33.9508333333333,115.076944444444,100.3,41
1409,-27.2819444444444,133.600833333333,104.5,16.4
1410,-29.6538888888889,138.055,105.7,82
1411,-29.6538888888889,138.055,107.3,82
1412,-31.4694444444444,119.490833333333,102.9,32.8
1413,-31.4694444444444,119.490833333333,103.7,32.8
1414,-25.3594444444444,152.89,92.3,16400
1415,-25.3097222222222,152.808888888889,101.9,16400
1416,-25.3097222222222,152.808888888889,103.5,16400
1417,-25.3097222222222,152.808888888889,105.1,16400
1418,-37.0752777777778,143.738055555556,99.1,820
1419,-37.0513888888889,143.741111111111,104.5,164
1420,-37.5122222222222,145.754166666667,89.3,410
1421,-37.5158333333333,145.712222222222,98.5,164
1422,-14.9355555555556,133.059444444444,106.1,82
1423,-14.9355555555556,133.059444444444,107.7,82
1424,-42.6611111111111,146.7375,89.7,1640
1425,-16.4319444444444,136.096666666667,103.7,16.4
1426,-16.4319444444444,136.096666666667,105.3,16.4
1427,-16.4319444444444,136.096666666667,106.9,16.4
1428,-27.3225,149.8825,96.3,82
1429,-27.4913888888889,149.642222222222,97.9,328
1430,-27.4916666666667,149.6425,104.3,3280
1431,-26.5919444444444,118.496944444444,98.3,1640
1432,-26.5969444444444,118.497777777778,101.5,82
1433,-26.5969444444444,118.497777777778,103.1,82
1434,-26.5919444444444,118.496944444444,104.7,82
1435,-26.5969444444444,118.497777777778,106.3,82
1436,-26.5969444444444,118.497777777778,107.9,82
1437,-37.8283333333333,145.353333333333,89.9,91840
1438,-37.8283333333333,145.353333333333,90.7,57400
1439,-37.835,145.348611111111,91.5,91840
1440,-37.8283333333333,145.353333333333,91.5,91840
1441,-37.835,145.348611111111,92.3,26240
1442,-37.835,145.348611111111,92.3,91840
1443,-37.835,145.348611111111,93.1,164000
1444,-37.8283333333333,145.353333333333,100.3,91840
1445,-37.835,145.348611111111,100.3,91840
1446,-37.835,145.348611111111,101.1,91840
1447,-37.8375,145.346666666667,101.1,91840
1448,-37.8375,145.346666666667,101.9,91840
1449,-37.835,145.348611111111,101.9,91840
1450,-37.815,144.970555555556,101.9,410
1451,-37.8375,145.346666666667,102.7,91840
1452,-37.835,145.348611111111,103.5,26240
1453,-37.835,145.348611111111,103.5,91840
1454,-37.835,145.348611111111,104.3,91840
1455,-37.8375,145.346666666667,104.3,91840
1456,-37.815,144.970555555556,105.1,410
1457,-37.8375,145.346666666667,105.1,91840
1458,-37.835,145.348611111111,105.1,91840
1459,-37.835,145.348611111111,105.9,164000
1460,-37.835,145.348611111111,106.7,26240
1461,-37.835,145.348611111111,106.7,91840
1462,-37.835,145.348611111111,107.5,164000
1463,-37.8102777777778,144.962222222222,94.9,410
1464,-37.7566666666667,145.056944444444,96.5,328
1465,-37.7091666666667,144.942222222222,98.9,164
1466,-38.0038888888889,145.328611111111,97.7,656
1467,-38.0038888888889,145.328611111111,97.7,656
1468,-37.9386111111111,145.050277777778,88.3,328
1469,-37.6541666666667,144.661944444444,97.9,328
1470,-32.3383333333333,142.414166666667,95.7,164
1471,-32.3383333333333,142.414166666667,97.3,164
1472,-29.6944444444444,121.029444444444,98.1,246
1473,-29.6944444444444,121.029444444444,102.1,49.2
1474,-29.6938888888889,121.03,106.1,82
1475,-29.6938888888889,121.03,107.7,82
1476,-23.9955555555556,131.551666666667,96.3,13.12
1477,-23.9955555555556,131.551666666667,104.3,13.12
1478,-34.4180555555556,141.426388888889,96.9,8200
1479,-31.4772222222222,118.278333333333,95.9,82
1480,-31.5033333333333,118.205833333333,105.1,9840
1481,-31.4816666666667,118.280277777778,107.3,82
1482,-32.1269444444444,150.312777777778,101.9,82
1483,-32.1475,150.362777777778,102.7,82
1484,-32.1269444444444,150.312777777778,103.5,82
1485,-21.6658333333333,115.913333333333,96.9,246
1486,-21.6658333333333,115.913333333333,98.5,246
1487,-21.6658333333333,115.913333333333,100.1,246
1488,-21.6658333333333,115.913333333333,103.3,246
1489,-21.6658333333333,115.913333333333,104.9,246
1490,-21.7447222222222,116.252777777778,92.5,164
1491,-21.7447222222222,116.252777777778,94.1,164
1492,-21.7447222222222,116.252777777778,95.7,41
1493,-21.7447222222222,116.252777777778,99.3,164
1494,-22.8136111111111,148.678611111111,94.1,82
1495,-22.8097222222222,148.675,104.5,410
1496,-22.8136111111111,148.678611111111,106.1,82
1497,-22.8136111111111,148.678611111111,107.7,82
1498,-34.1991666666667,142.1725,89.1,98.4
1499,-34.1891666666667,142.161388888889,98.7,164
1500,-34.1991666666667,142.1725,106.7,1640
1501,-34.1991666666667,142.1725,107.5,1640
1502,-34.2125,142.145555555556,97.9,410
1503,-34.2108333333333,142.263888888889,97.9,19680
1504,-34.2108333333333,142.263888888889,99.5,32800
1505,-34.3797222222222,142.188333333333,100.3,246000
1506,-34.3797222222222,142.188333333333,101.1,328000
1507,-34.3797222222222,142.188333333333,102.7,328000
1508,-34.3797222222222,142.188333333333,104.3,328000
1509,-34.3797222222222,142.188333333333,105.9,328000
1510,-26.6494444444444,150.270555555556,92.1,1066
1511,-26.6505555555555,150.270277777778,94.5,820
1512,-26.6505555555555,150.270277777778,101.3,820
1513,-11.4241666666667,130.675833333333,99.3,41
1514,-12.1044444444444,134.922777777778,106.1,16.4
1515,-37.6022222222222,140.4825,107.7,328
1516,-23.9158333333333,148.056388888889,104.9,41
1517,-23.9158333333333,148.056388888889,106.5,41
1518,-11.1505555555556,132.578055555556,102.9,16.4
1519,-11.1505555555556,132.578055555556,106.1,16.4
1520,-34.7944444444444,137.673611111111,98.9,16400
1521,-33.1425,135.112777777778,106.9,3280
1522,-24.3122222222222,151.624166666667,88.3,82
1523,-24.3122222222222,151.624166666667,89.9,82
1524,-17.9358333333333,146.144166666667,88.5,1640
1525,-17.9358333333333,146.144166666667,89.3,1640
1526,-17.9358333333333,146.144166666667,90.9,1640
1527,-26.4863888888889,147.975277777778,102.1,41
1528,-26.4863888888889,147.975277777778,103.7,41
1529,-26.5419444444444,148.1125,104.5,410
1530,-26.5427777777778,148.111388888889,106.1,984
1531,-26.5427777777778,148.111388888889,107.7,984
1532,-35.9783333333333,144.7775,92.5,16.4
1533,-36.1033333333333,144.753333333333,99.7,246
1534,-36.5197222222222,149.343888888889,93.3,3280
1535,-24.8272222222222,151.179722222222,100.5,1476
1536,-24.9891666666667,151.186388888889,101.9,3280
1537,-24.8272222222222,151.179722222222,105.1,1476
1538,-24.8272222222222,151.179722222222,107.3,410
1539,-28.1180555555556,140.211666666667,104.5,32.8
1540,-28.1183333333333,140.21,106.1,32.8
1541,-24.785,150.972777777778,90.7,410
1542,-27.7172222222222,150.370833333333,93.1,49.2
1543,-30.635,116.159722222222,90.9,984
1544,-30.6455555555556,116.008055555556,103.5,49.2
1545,-30.6455555555556,116.008055555556,105.1,49.2
1546,-30.6455555555556,116.008055555556,106.7,49.2
1547,-21.9225,148.3125,90.5,3280
1548,-21.9258333333333,148.318611111111,91.3,8200
1549,-21.9252777777778,148.318611111111,96.9,6560
1550,-21.9258333333333,148.318611111111,104.9,16400
1551,-21.9258333333333,148.318611111111,106.5,16400
1552,-22.0005555555556,148.060555555556,92.9,82
1553,-29.3186111111111,115.882222222222,93.5,984
1554,-29.3186111111111,115.882222222222,103.1,164
1555,-29.3169444444444,115.879444444444,104.7,164
1556,-29.3186111111111,115.882222222222,106.3,820
1557,-30.2844444444444,150.1675,98.3,164000
1558,-29.4994444444444,149.855277777778,103.7,1640
1559,-38.3561111111111,144.951388888889,98.7,1312
1560,-35.9230555555555,150.076666666667,98.5,164
1561,-35.7961111111111,150.005555555556,107.5,2624
1562,-26.4180555555556,147.110555555556,104.3,492
1563,-26.4130555555556,147.120277777778,105.9,656
1564,-26.4130555555556,147.104722222222,105.9,656
1565,-26.5055555555556,147.133888888889,107.5,656
1566,-38.2469444444444,146.413888888889,90.9,328
1567,-34.4644444444444,150.428333333333,92.5,328
1568,-16.4336111111111,145.386111111111,88.5,1640
1569,-16.4336111111111,145.386111111111,90.1,1640
1570,-16.4819444444444,145.467222222222,90.9,1640
1571,-16.4705555555556,145.363611111111,92.5,1640
1572,-16.4705555555556,145.363611111111,95.1,49.2
1573,-35.0497222222222,138.853333333333,88.9,820
1574,-35.0666666666667,138.921388888889,94.3,1640
1575,-35.0666666666667,138.921388888889,100.3,1640
1576,-36.7408333333333,147.175555555556,90.1,16.4
1577,-36.7408333333333,147.175555555556,93.3,16.4
1578,-36.785,147.1975,96.5,164
1579,-36.7230555555556,146.819444444444,99.1,328
1580,-37.1475,146.436666666667,90.5,328
1581,-37.7261111111111,140.570555555556,96.1,32800
1582,-37.78,140.698333333333,100.1,1640
1583,-37.6022222222222,140.4825,102.5,393600
1584,-37.6022222222222,140.4825,103.3,393600
1585,-37.6022222222222,140.4825,104.1,311600
1586,-37.7261111111111,140.570555555556,104.9,32800
1587,-37.6022222222222,140.4825,105.7,393600
1588,-17.6852777777778,145.120277777778,95.7,82
1589,-17.6852777777778,145.120277777778,97.3,82
1590,-36.975,147.128333333333,89.3,328
1591,-20.7341666666667,139.493611111111,100.9,984
1592,-20.7344444444444,139.5125,101.7,1640
1593,-20.7233333333333,139.497777777778,102.5,984
1594,-20.7344444444444,139.5125,103.3,984
1595,-20.7344444444444,139.5125,104.1,1640
1596,-20.7344444444444,139.5125,104.9,1640
1597,-20.7344444444444,139.5125,106.5,1640
1598,-20.7344444444444,139.5125,107.3,1640
1599,-27.2155555555556,120.556666666667,97.7,32.8
1600,-27.2155555555556,120.556666666667,98.5,32.8
1601,-27.2155555555556,120.556666666667,99.3,32.8
1602,-27.2825,120.551388888889,100.9,32.8
1603,-27.2825,120.551388888889,102.9,32.8
1604,-27.2825,120.551388888889,105.3,32.8
1605,-27.2825,120.551388888889,107.7,32.8
1606,-23.2661111111111,131.272222222222,100.1,32.8
1607,-23.2661111111111,131.272222222222,102.5,32.8
1608,-23.2661111111111,131.272222222222,104.9,32.8
1609,-23.2661111111111,131.272222222222,107.3,32.8
1610,-28.0563888888889,117.8425,100.9,82
1611,-28.0563888888889,117.8425,102.5,16.4
1612,-28.0644444444444,117.848611111111,104.1,82
1613,-28.0563888888889,117.8425,105.7,82
1614,-28.0563888888889,117.8425,107.3,82
1615,-16.6591666666667,145.323333333333,95.7,82
1616,-16.6591666666667,145.323333333333,97.3,82
1617,-24.3063888888889,150.595555555556,101.1,164
1618,-24.3063888888889,150.595555555556,102.7,164
1619,-25.2727777777778,151.763888888889,101.5,492
1620,-25.2727777777778,151.763888888889,107.9,492
1621,-35.9061111111111,148.455277777778,90.3,164
1622,-18.1469444444444,144.317777777778,103.7,16.4
1623,-18.1469444444444,144.317777777778,105.3,16.4
1624,-18.1469444444444,144.317777777778,106.9,16.4
1625,-27.97,153.213611111111,99.4,3280
1626,-27.97,153.213611111111,100.6,3280
1627,-21.5519444444444,119.283611111111,90.5,49.2
1628,-21.5519444444444,119.283611111111,92.1,49.2
1629,-21.5519444444444,119.283611111111,93.7,49.2
1630,-37.9030555555556,145.402222222222,97.1,656
1631,-24.5636111111111,149.975277777778,96.1,82
1632,-24.5636111111111,149.975277777778,96.9,82
1633,-31.0797222222222,121.437222222222,102.9,41
1634,-37.5675,145.525555555556,106.3,39.36
1635,-23.3647222222222,119.6825,102.5,32.8
1636,-23.3647222222222,119.6825,104.1,32.8
1637,-23.3647222222222,119.6825,105.7,32.8
1638,-32.4433333333333,149.561944444444,93.1,16400
1639,-32.6172222222222,149.553888888889,89.9,164
1640,-32.61,149.565277777778,90.9,1640
1641,-32.61,149.565277777778,99.5,82
1642,-32.61,149.565277777778,101.1,82
1643,-30.9125,118.203611111111,90.7,164
1644,-28.5511111111111,115.503888888889,107.5,164
1645,-28.5216666666667,153.522777777778,103.5,410
1646,-35.995,146.001666666667,92.5,16.4
1647,-26.4438888888889,147.544166666667,107.1,164
1648,-26.4438888888889,147.544166666667,107.1,164
1649,-29.0991666666667,149.005277777778,105.5,1640
1650,-29.0991666666667,149.005277777778,107.1,1640
1651,-35.1519444444444,139.214166666667,96.3,32800
1652,-35.1519444444444,139.214166666667,98.7,32800
1653,-18.1241666666667,145.800555555556,92.3,164
1654,-35.4727777777778,143.455833333333,95.9,32800
1655,-35.4727777777778,143.455833333333,102.1,328000
1656,-35.4727777777778,143.455833333333,103.7,328000
1657,-35.4727777777778,143.455833333333,105.3,328000
1658,-35.3227777777778,141.174444444444,103.5,7872
1659,-28.7094444444444,121.871944444444,94.1,32.8
1660,-28.7916666666667,121.895,105.3,492
1661,-34.1216666666667,146.235,96.5,164000
1662,-34.1216666666667,146.235,97.3,164000
1663,-34.1216666666667,146.235,98.1,164000
1664,-34.1216666666667,146.235,98.9,164000
1665,-34.1216666666667,146.235,100.5,164000
1666,-31.7275,150.843888888889,96.9,131.2
1667,-31.7675,150.838611111111,98.5,82
1668,-31.7280555555556,150.843888888889,100.1,164
1669,-31.7275,150.843888888889,104.1,131.2
1670,-32.3633333333333,150.858333333333,98.1,32800
1671,-32.1416666666667,150.782777777778,103.3,1640
1672,-32.1416666666667,150.782777777778,104.9,26240
1673,-32.1416666666667,150.782777777778,105.7,26240
1674,-32.1433333333333,150.781666666667,107.7,164
1675,-25.3513888888889,131.071388888889,91.7,16.4
1676,-22.5944444444444,144.548333333333,97.3,82
1677,-22.5944444444444,144.548333333333,100.5,49.2
1678,-22.5983333333333,144.535833333333,107.7,82
1679,-36.5608333333333,146.735,90.1,82
1680,-36.5608333333333,146.735,91.7,82
1681,-36.445,146.803055555556,97.3,164
1682,-26.6322222222222,152.911111111111,88.7,32800
1683,-26.6322222222222,152.911111111111,89.5,32800
1684,-26.6322222222222,152.911111111111,90.3,32800
1685,-26.79,152.918333333333,91.1,16400
1686,-26.79,152.918333333333,91.9,16400
1687,-26.7902777777778,152.918611111111,92.7,16400
1688,-26.6322222222222,152.911111111111,94.5,32800
1689,-26.7902777777778,152.918611111111,104.9,4920
1690,-26.7786111111111,152.913888888889,106.5,3280
1691,-30.8138888888889,152.919444444444,105.9,3280
1692,-22.4108333333333,117.416388888889,89.7,213.2
1693,-22.4108333333333,117.416388888889,91.3,213.2
1694,-22.4108333333333,117.416388888889,92.9,213.2
1695,-22.4108333333333,117.416388888889,94.5,213.2
1696,-22.4108333333333,117.416388888889,97.7,213.2
1697,-33.9855555555556,115.769166666667,98.1,13.12
1698,-33.9855555555556,115.769166666667,98.9,13.12
1699,-33.9816666666667,115.760555555556,101.3,16.4
1700,-33.9816666666667,115.760555555556,102.1,16.4
1701,-36.9508333333333,140.769444444444,89.7,2460
1702,-36.9808333333333,140.771111111111,99.3,164
1703,-36.9508333333333,140.769444444444,100.9,164
1704,-32.0625,118.39,107.7,82
1705,-36.2058333333333,150.118333333333,102.9,164
1706,-36.1955555555555,150.083611111111,106.9,164
1707,-30.2844444444444,150.1675,91.3,16400
1708,-34.7511111111111,146.5675,91.1,246
1709,-34.7511111111111,146.5675,93.5,164
1710,-34.8355555555556,117.791388888889,104.1,8.2
1711,-32.8825,117.196666666667,92.5,3280
1712,-32.9605555555556,117.216111111111,100.5,8200
1713,-32.2327777777778,148.242777777778,94.9,16.4
1714,-33.9677777777778,151.090833333333,90.1,328
1715,-41.3916666666667,147.426111111111,90.9,311600
1716,-41.3916666666667,147.426111111111,91.7,311600
1717,-41.3916666666667,147.426111111111,92.5,311600
1718,-41.3916666666667,147.426111111111,93.3,311600
1719,-41.3916666666667,147.426111111111,94.1,311600
1720,-21.6336111111111,148.706388888889,89.9,410
1721,-21.6336111111111,148.706388888889,92.3,410
1722,-21.6963888888889,148.696388888889,94.7,82
1723,-32.9447222222222,151.515833333333,99.7,16400
1724,-32.8919444444444,151.538333333333,100.5,6560
1725,-32.8919444444444,151.538333333333,102.1,131200
1726,-32.8902777777778,151.538888888889,102.9,6560
1727,-32.8902777777778,151.538888888889,102.9,13120
1728,-32.8902777777778,151.538888888889,103.7,16400
1729,-32.8902777777778,151.538888888889,105.3,32800
1730,-32.8919444444444,151.538333333333,106.1,131200
1731,-32.8919444444444,151.538333333333,106.9,32800
1732,-17.425,133.448055555556,106.1,82
1733,-17.425,133.448055555556,107.7,82
1734,-21.2127777777778,147.888888888889,88.9,32.8
1735,-21.2127777777778,147.888888888889,107.3,82
1736,-23.3491666666667,119.725,88.9,164
1737,-23.3491666666667,119.725,90.5,410
1738,-23.3491666666667,119.725,93.7,82
1739,-23.3627777777778,119.726111111111,96.9,410
1740,-22.9058333333333,118.9225,91.1,32.8
1741,-22.9058333333333,118.9225,92.7,32.8
1742,-22.9058333333333,118.9225,94.3,32.8
1743,-22.9058333333333,118.9225,96.7,32.8
1744,-22.9058333333333,118.9225,98.3,32.8
1745,-22.9058333333333,118.9225,99.9,32.8
1746,-22.9058333333333,118.9225,101.7,32.8
1747,-22.9058333333333,118.9225,103.3,32.8
1748,-22.9058333333333,118.9225,104.9,32.8
1749,-22.9058333333333,118.9225,106.5,32.8
1750,-14.7344444444444,134.732222222222,98.1,328
1751,-14.7344444444444,134.732222222222,99.7,328
1752,-14.73,134.733333333333,101.3,328
1753,-14.7344444444444,134.732222222222,102.9,328
1754,-14.7344444444444,134.732222222222,104.5,328
1755,-36.4038888888889,141.473888888889,94.5,3280
1756,-36.4038888888889,141.474444444444,95.7,65600
1757,-12.1813888888889,136.776944444444,98.1,164
1758,-12.1813888888889,136.776944444444,99.7,164
1759,-12.1813888888889,136.776944444444,103.7,164
1760,-12.1813888888889,136.776944444444,106.9,820
1761,-12.1813888888889,136.776944444444,107.7,164
1762,-28.5966666666667,153.221944444444,102.3,1640
1763,-28.6016666666667,153.224166666667,106.3,246
1764,-26.4166666666667,153.002222222222,97.9,328
1765,-26.4563888888889,152.979722222222,100.5,328
1766,-26.4166666666667,153.002222222222,101.3,820
1767,-26.3908333333333,153.096388888889,102.5,328
1768,-26.3908333333333,153.096388888889,103.3,328
1769,-26.4563888888889,152.979722222222,107.1,328
1770,-17.6705555555556,141.076666666667,96.9,492
1771,-17.6705555555556,141.076666666667,100.1,164
1772,-17.6794444444444,141.085833333333,101.7,164
1773,-17.6794444444444,141.085833333333,103.3,82
1774,-17.6794444444444,141.085833333333,105.7,82
1775,-17.6794444444444,141.085833333333,107.3,82
1776,-32.1425,121.7275,105.7,164
1777,-32.1425,121.7275,107.3,164
1778,-31.5791666666667,152.798888888889,90.3,328
1779,-21.2577777777778,119.033888888889,98.7,246
1780,-21.2577777777778,119.033888888889,100.3,246
1781,-21.2577777777778,119.033888888889,101.9,246
1782,-21.2577777777778,119.033888888889,103.5,246
1783,-31.675,116.611388888889,96.5,16400
1784,-34.6322222222222,116.123055555556,102.7,164
1785,-34.6322222222222,116.123055555556,105.9,164
1786,-34.6322222222222,116.123055555556,107.5,164
1787,-34.7994444444444,150.577777777778,91.7,16400
1788,-34.6180555555556,150.6975,94.9,82000
1789,-34.7994444444444,150.577777777778,101.1,16400
1790,-34.7994444444444,150.577777777778,103.7,3280
1791,-21.8091666666667,120.418055555556,105.5,164
1792,-14.2788888888889,135.740555555556,97.3,82
1793,-14.2788888888889,135.740555555556,104.5,49.2
1794,-14.2788888888889,135.740555555556,106.1,16.4
1795,-31.5872222222222,147.180833333333,95.1,82
1796,-31.5644444444444,147.191666666667,100.7,820
1797,-42.2894444444444,147.398333333333,97.1,3280
1798,-33.7027777777778,149.839444444444,105.5,164
1799,-33.7027777777778,149.839444444444,107.1,164
1800,-12.3258333333333,133.055555555556,102.9,16.4
1801,-12.3258333333333,133.055555555556,106.1,16.4
1802,-37.0525,147.567222222222,90.1,328
1803,-37.0525,147.567222222222,97.3,1640
1804,-37.1408333333333,147.555555555556,99.7,82
1805,-37.0988888888889,147.601111111111,90.9,82
1806,-21.6458333333333,115.115,98.7,164
1807,-21.6458333333333,115.115,100.3,164
1808,-21.6458333333333,115.115,101.9,82
1809,-21.6458333333333,115.115,105.1,82
1810,-21.645,115.115555555556,107.5,82
1811,-33.3416666666667,148.982777777778,94.7,1640
1812,-33.2861111111111,149.125277777778,100.5,164
1813,-33.3430555555556,148.983055555556,103.5,2460
1814,-33.3002777777778,149.121944444444,105.1,492
1815,-33.3419444444444,148.983055555556,105.1,8200
1816,-33.3002777777778,149.121944444444,105.9,492
1817,-33.3419444444444,148.983055555556,105.9,8200
1818,-33.3419444444444,148.983055555556,106.7,8200
1819,-33.3430555555556,148.983055555556,107.5,8200
1820,-37.7116666666667,148.6,95.5,328
1821,-37.7116666666667,148.6,97.1,328
1822,-37.7116666666667,148.6,98.7,328
1823,-42.5225,147.950277777778,88.9,82
1824,-42.5225,147.950277777778,90.5,82
1825,-22.1269444444444,140.568888888889,107.1,32.8
1826,-35.0736111111111,142.311388888889,90.7,164
1827,-36.5866666666667,140.583055555556,100.3,8200
1828,-18.7352777777778,146.579722222222,97.3,16.4
1829,-18.7213888888889,146.5875,96.5,49.2
1830,-18.7586111111111,146.585555555556,96.5,49.2
1831,-14.3511111111111,129.882222222222,104.3,32.8
1832,-14.3511111111111,129.882222222222,106.1,16.4
1833,-21.65,116.325277777778,101.3,82
1834,-21.65,116.325277777778,102.9,82
1835,-21.65,116.325277777778,106.1,82
1836,-21.65,116.325277777778,107.7,82
1837,-23.2108333333333,131.912777777778,102.9,65.6
1838,-23.2108333333333,131.91,106.1,65.6
1839,-23.2330555555556,117.665833333333,94.9,82
1840,-23.2008333333333,117.670555555556,98.1,82
1841,-23.2330555555556,117.665833333333,101.3,246
1842,-23.2330555555556,117.665833333333,104.5,246
1843,-23.2330555555556,117.665833333333,106.1,246
1844,-23.2330555555556,117.665833333333,107.7,82
1845,-33.1172222222222,148.173888888889,101.3,164
1846,-33.2497222222222,148.336944444444,95.5,16400
1847,-33.2497222222222,148.336944444444,97.9,6888
1848,-33.2497222222222,148.336944444444,99.9,16400
1849,-33.7658333333333,150.980833333333,90.5,328
1850,-22.1911111111111,148.136666666667,99.7,164
1851,-22.2288888888889,148.181666666667,98.1,164
1852,-22.3388888888889,148.244166666667,106.9,164
1853,-22.2755555555556,148.226944444444,101.3,164
1854,-32.7211111111111,148.197777777778,100.9,164
1855,-34.4663888888889,116.011388888889,97.3,82
1856,-31.9252777777778,132.919166666667,101.5,410
1857,-31.9252777777778,132.919166666667,105.5,32.8
1858,-33.7683333333333,150.773333333333,100.7,328
1859,-33.7655555555556,150.741111111111,100.7,328
1860,-20.4855555555556,145.408611111111,106.1,82
1861,-20.4855555555556,145.408611111111,107.7,82
1862,-14.1511111111111,130.076666666667,102.1,410
1863,-14.1511111111111,130.076666666667,106.1,16.4
1864,-29.5805555555556,116.541111111111,100.1,984
1865,-29.5805555555556,116.541111111111,101.7,984
1866,-36.4005555555556,148.393055555556,98.7,393.6
1867,-36.4005555555556,148.393055555556,101.9,393.6
1868,-32.0041666666667,116.082222222222,90.5,8200
1869,-32.0083333333333,116.084166666667,92.1,26240
1870,-32.0127777777778,116.061666666667,92.9,65600
1871,-32.0072222222222,116.083888888889,92.9,65600
1872,-32.0108333333333,116.084444444444,93.7,65600
1873,-32.0127777777778,116.061666666667,93.7,65600
1874,-32.0127777777778,116.061666666667,94.5,65600
1875,-32.0072222222222,116.083888888889,94.5,65600
1876,-32.0083333333333,116.084166666667,95.3,26240
1877,-32.0072222222222,116.083888888889,96.1,65600
1878,-32.0108333333333,116.084444444444,96.9,164000
1879,-32.0108333333333,116.084444444444,97.7,164000
1880,-32.0083333333333,116.084166666667,98.5,26240
1881,-32.0108333333333,116.084444444444,99.3,164000
1882,-32.0083333333333,116.084166666667,100.1,10660
1883,-32.0083333333333,116.084166666667,100.9,26240
1884,-32.0305555555556,115.828333333333,101.7,13120
1885,-31.8816666666667,115.854722222222,103.3,82
1886,-31.9227777777778,115.858333333333,104.9,82
1887,-38.4822222222222,145.545277777778,89.1,1312
1888,-13.8230555555556,131.836666666667,103.7,41
1889,-13.8230555555556,131.836666666667,106.1,82
1890,-13.8230555555556,131.836666666667,107.7,82
1891,-35.3675,140.950833333333,96.5,6560
1892,-37.6391666666667,145.130555555556,88.6,656
1893,-25.3047222222222,119.442777777778,107.5,16.4
1894,-22.1302777777778,133.412777777778,106.1,16.4
1895,-22.0880555555556,148.239166666667,97.5,131.2
1896,-22.0880555555556,148.239166666667,99.1,131.2
1897,-22.0880555555556,148.239166666667,100.7,131.2
1898,-22.0880555555556,148.239166666667,102.3,131.2
1899,-14.8991666666667,141.620277777778,107.7,16.4
1900,-34.8422222222222,138.488055555556,100.5,328
1901,-32.1519444444444,137.978888888889,89.1,6560
1902,-11.2186111111111,132.269166666667,103.7,16.4
1903,-16.4819444444444,145.467222222222,105.5,410
1904,-16.4819444444444,145.467222222222,106.3,164
1905,-20.3761111111111,118.5775,91.7,8200
1906,-20.3080555555556,118.612222222222,92.5,328
1907,-20.3761111111111,118.5775,94.1,8200
1908,-20.3672222222222,118.559166666667,94.9,3280
1909,-20.3672222222222,118.559166666667,95.7,2624
1910,-20.3672222222222,118.559166666667,97.3,328
1911,-20.3672222222222,118.559166666667,98.9,328
1912,-34.7016666666667,135.828055555556,89.9,9840
1913,-34.7016666666667,135.828055555556,92.3,16.4
1914,-34.6991666666667,135.828611111111,93.1,82
1915,-34.7016666666667,135.828055555556,93.9,9840
1916,-31.3413888888889,152.6825,92.7,4920
1917,-31.3411111111111,152.6825,93.5,4920
1918,-31.3411111111111,152.6825,99.9,4920
1919,-31.3413888888889,152.6825,100.7,32800
1920,-31.3413888888889,152.6825,102.3,32800
1921,-31.3411111111111,152.6825,103.9,4920
1922,-31.3413888888889,152.682222222222,107.7,410
1923,-33.1058333333333,138.164444444444,105.1,8200
1924,-32.7319444444444,152.131388888889,95.1,410
1925,-32.7319444444444,152.131388888889,95.9,410
1926,-32.7319444444444,152.131388888889,97.5,410
1927,-32.7319444444444,152.131388888889,98.3,410
1928,-32.7319444444444,152.131388888889,100.9,1640
1929,-38.2163888888889,141.703611111111,92.9,1640
1930,-38.2163888888889,141.703611111111,92.9,1640
1931,-38.2163888888889,141.703611111111,93.7,3280
1932,-38.2163888888889,141.703611111111,93.7,3280
1933,-38.2166666666667,141.703333333333,96.9,4264
1934,-38.2166666666667,141.703333333333,97.7,4264
1935,-38.2166666666667,141.703333333333,98.5,4264
1936,-38.2166666666667,141.703333333333,99.3,3280
1937,-38.3625,141.623611111111,105.3,1640
1938,-33.405,149.9475,92.5,328
1939,-33.405,149.9475,94.1,328
1940,-37.82,145.730277777778,89.5,82
1941,-29.725,135.570277777778,89.7,32.8
1942,-29.725,135.570277777778,91.3,32.8
1943,-29.725,135.570277777778,92.9,410
1944,-20.4016666666667,148.575555555556,96.3,32.8
1945,-11.4036111111111,130.418055555556,98.5,41
1946,-35.3752777777778,149.212777777778,97.5,820
1947,-42.0919444444445,145.606388888889,93.7,164
1948,-42.0919444444445,145.606388888889,88.9,820
1949,-42.0919444444445,145.606388888889,90.5,820
1950,-42.0847222222222,145.606944444444,92.1,1640
1951,-42.0847222222222,145.606944444444,95.3,1640
1952,-26.6191666666667,144.264722222222,98.1,49.2
1953,-26.6186111111111,144.270833333333,104.5,82
1954,-26.6186111111111,144.270833333333,104.5,82
1955,-26.6191666666667,144.264722222222,106.1,82
1956,-26.6191666666667,144.264722222222,107.7,82
1957,-31.5147222222222,150.666388888889,96.3,246
1958,-32.3616666666667,138.0525,99.1,164
1959,-32.3616666666667,138.0525,100.7,164
1960,-32.2997222222222,138.056388888889,107.9,82
1961,-12.3288888888889,134.927222222222,105.7,16.4
1962,-17.5969444444444,145.483888888889,91.3,410
1963,-33.5811111111111,120.046666666667,89.1,410
1964,-33.5811111111111,120.046666666667,90.7,492
1965,-33.5863888888889,120.045,93.1,82
1966,-33.5811111111111,120.046666666667,94.7,492
1967,-33.5863888888889,120.045,105.9,82
1968,-33.5863888888889,120.045,107.5,82
1969,-32.4347222222222,151.004166666667,91.7,82
1970,-32.4347222222222,151.004166666667,93.3,82
1971,-32.4347222222222,151.004166666667,94.9,82
1972,-27.245,153.100555555556,99.7,3280
1973,-26.3322222222222,149.393611111111,99.7,492
1974,-34.4644444444444,140.533333333333,91.5,16400
1975,-34.4644444444444,140.533333333333,93.1,16400
1976,-34.4644444444444,140.533333333333,93.9,246000
1977,-34.4644444444444,140.533333333333,95.5,8200
1978,-34.4644444444444,140.533333333333,100.7,8200
1979,-34.4644444444444,140.533333333333,101.9,246000
1980,-34.4644444444444,140.533333333333,105.1,246000
1981,-20.7347222222222,143.145833333333,99.7,164
1982,-20.7347222222222,143.145833333333,101.3,49.2
1983,-20.7347222222222,143.145833333333,104.5,164
1984,-20.7347222222222,143.145833333333,106.1,164
1985,-20.75,143.1575,107.7,82
1986,-33.6675,150.639722222222,99.1,164
1987,-28.5455555555556,153.2875,94.5,164000
1988,-28.5455555555556,153.2875,95.3,164000
1989,-28.5455555555556,153.2875,96.1,164000
1990,-28.5455555555556,153.2875,96.9,164000
1991,-28.5455555555556,153.2875,98.5,164000
1992,-34.5902777777778,142.77,90.7,98.4
1993,-23.3375,150.576944444444,92.7,32.8
1994,-23.3386111111111,150.578333333333,98.5,1640
1995,-23.3372222222222,150.576944444444,99.9,1640
1996,-23.3388888888889,150.578055555556,100.7,1640
1997,-23.3388888888889,150.578055555556,101.5,16400
1998,-23.7297222222222,150.536111111111,103.1,131200
1999,-23.7297222222222,150.536111111111,104.7,131200
2000,-23.7297222222222,150.536111111111,105.5,131200
2001,-23.7297222222222,150.536111111111,106.3,131200
2002,-23.3388888888889,150.578055555556,107.9,16400
2003,-32.2588888888889,115.751666666667,105.7,820
2004,-20.7719444444444,117.141944444444,94.5,820
2005,-20.7719444444444,117.141944444444,95.3,820
2006,-20.7747222222222,117.144722222222,97.7,82
2007,-20.7719444444444,117.141944444444,107.5,2132
2008,-24.4411111111111,148.416666666667,98.5,1640
2009,-24.4411111111111,148.416666666667,100.1,1640
2010,-24.4411111111111,148.416666666667,101.7,1640
2011,-24.4411111111111,148.416666666667,103.3,1640
2012,-26.5744444444444,148.848055555556,94.3,164
2013,-26.5744444444444,148.848055555556,95.1,1640
2014,-26.5725,148.778888888889,95.9,164
2015,-26.5725,148.85,97.7,1640
2016,-26.5725,148.85,105.7,1640
2017,-26.5725,148.85,107.3,1640
2018,-41.8444444444445,145.541388888889,101.5,164
2019,-41.8444444444445,145.541388888889,102.7,656
2020,-41.8444444444445,145.541388888889,105.5,820
2021,-41.8441666666667,145.542222222222,106.3,656
2022,-41.8444444444445,145.541388888889,107.1,820
2023,-41.8441666666667,145.542222222222,107.9,656
2024,-26.5241666666667,119.951111111111,95.1,49.2
2025,-30.5544444444444,136.893888888889,92.3,492
2026,-30.5544444444444,136.893888888889,93.9,492
2027,-30.5463888888889,136.894722222222,95.5,820
2028,-30.5527777777778,136.894444444444,96.3,820
2029,-30.5463888888889,136.894722222222,97.9,2132
2030,-30.5530555555556,136.894444444444,100.3,820
2031,-30.5463888888889,136.894722222222,101.9,2132
2032,-30.5463888888889,136.894722222222,102.7,2132
2033,-30.5463888888889,136.894722222222,103.5,2132
2034,-30.5544444444444,136.893888888889,105.5,164
2035,-22.5005555555556,120.001666666667,96.5,82
2036,-22.5005555555556,120.001666666667,98.1,82
2037,-22.5005555555556,120.001666666667,99.7,82
2038,-22.5005555555556,120.001666666667,101.3,82
2039,-22.5005555555556,120.001666666667,102.9,82
2040,-33.8,151.120277777778,88.5,164
2041,-38.1772222222222,147.094722222222,90.3,820
2042,-38.3936111111111,146.559166666667,99.5,32800
2043,-38.3936111111111,146.559166666667,99.5,32800
2044,-34.8177777777778,138.666944444444,89.7,820
2045,-17.3483333333333,128.065833333333,105.3,49.2
2046,-17.3483333333333,128.065833333333,107.7,49.2
2047,-33.12,121.625277777778,100.7,1640
2048,-35.0847222222222,150.678611111111,92.7,164
2049,-27.9902777777778,119.298055555556,104.7,65.6
2050,-27.9902777777778,119.298055555556,106.3,65.6
2051,-24.1319444444444,134.375277777778,103.7,65.6
2052,-24.1319444444444,134.375277777778,106.1,65.6
2053,-23.4591666666667,147.719722222222,103.5,1640
2054,-22.4197222222222,148.280555555556,92.1,82
2055,-22.3475,148.276666666667,93.7,328
2056,-22.3475,148.276666666667,95.3,328
2057,-22.3475,148.276666666667,98.5,328
2058,-22.3475,148.276666666667,100.1,328
2059,-22.4675,148.329166666667,94.5,328
2060,-22.4675,148.329166666667,102.1,328
2061,-22.4675,148.329166666667,104.1,328
2062,-22.4675,148.329166666667,107.3,328
2063,-21.3941666666667,149.237777777778,93.5,32.8
2064,-41.45,145.377777777778,104.1,524.8
2065,-41.0666666666667,147.734444444444,95.7,8200
2066,-41.0666666666667,147.734444444444,99.7,8200
2067,-37.0147222222222,145.111388888889,99.3,16.4
2068,-37.0236111111111,145.13,103.9,820
2069,-36.3622222222222,145.6975,95.3,164000
2070,-36.3622222222222,145.6975,96.9,164000
2071,-36.3622222222222,145.698333333333,98.5,16400
2072,-36.3622222222222,145.698333333333,100.1,16400
2073,-34.8002777777778,150.719444444444,92.3,328
2074,-22.3222222222222,117.306944444444,88.7,82
2075,-22.3222222222222,117.306944444444,90.3,82
2076,-22.3222222222222,117.306944444444,91.9,82
2077,-22.3222222222222,117.306944444444,93.5,82
2078,-22.3222222222222,117.306944444444,95.1,82
2079,-40.8430555555556,145.130555555556,94.5,164
2080,-40.8430555555556,145.130555555556,95.3,164
2081,-33.0322222222222,149.582777777778,90.1,410
2082,-22.2280555555556,117.894166666667,97.1,41
2083,-22.1488888888889,117.849722222222,102.7,82
2084,-22.1488888888889,117.849722222222,104.3,82
2085,-22.1488888888889,117.849722222222,105.9,82
2086,-22.1488888888889,117.849722222222,107.5,82
2087,-22.125,117.920833333333,96.3,82
2088,-22.125,117.920833333333,97.9,82
2089,-22.125,117.920833333333,99.5,82
2090,-22.125,117.920833333333,101.1,82
2091,-22.9788888888889,118.903055555556,89.5,49.2
2092,-22.9788888888889,118.903055555556,92.1,49.2
2093,-22.9788888888889,118.903055555556,93.7,49.2
2094,-22.9788888888889,118.903055555556,95.9,49.2
2095,-22.9788888888889,118.903055555556,99.1,49.2
2096,-22.9788888888889,118.903055555556,100.7,49.2
2097,-22.9788888888889,118.903055555556,102.3,49.2
2098,-22.9788888888889,118.903055555556,103.9,49.2
2099,-22.9788888888889,118.903055555556,105.5,49.2
2100,-22.9788888888889,118.903055555556,107.1,49.2
2101,-21.7844444444444,148.474166666667,102.3,246
2102,-34.6558333333333,117.6475,92.1,131200
2103,-34.6558333333333,117.6475,92.9,131200
2104,-34.6558333333333,117.6475,94.5,131200
2105,-34.6558333333333,117.6475,96.9,131200
2106,-31.2330555555556,119.328055555556,88.7,82
2107,-31.2341666666667,119.324166666667,102.3,410
2108,-31.2341666666667,119.324166666667,103.9,164
2109,-31.2761111111111,119.509166666667,106.3,1640
2110,-31.2761111111111,119.509166666667,107.9,1640
2111,-28.5358333333333,151.832777777778,101.7,131200
2112,-28.5358333333333,151.832777777778,103.3,131200
2113,-28.5358333333333,151.832777777778,104.9,131200
2114,-28.5358333333333,151.832777777778,106.5,131200
2115,-35.4763888888889,142.367777777778,95.3,8200
2116,-33.1038888888889,138.164166666667,97.9,32800
2117,-33.1038888888889,138.164166666667,102.7,114800
2118,-33.1038888888889,138.164166666667,103.5,114800
2119,-33.1038888888889,138.164166666667,104.3,114800
2120,-33.1038888888889,138.164166666667,105.9,32800
2121,-33.1038888888889,138.164166666667,106.7,114800
2122,-25.9533333333333,149.064444444444,105.1,32.8
2123,-25.9533333333333,149.064444444444,106.7,32.8
2124,-24.1422222222222,148.154166666667,99.3,492
2125,-24.1416666666667,148.150277777778,100.9,1312
2126,-36.5986111111111,143.237222222222,106.1,82
2127,-28.045,148.599444444444,102.1,164
2128,-28.0375,148.581388888889,102.9,164
2129,-27.9947222222222,148.566944444444,103.7,164
2130,-28.0375,148.581388888889,105.3,16.4
2131,-27.9947222222222,148.566944444444,107.7,164
2132,-35.0341666666667,150.657222222222,91.7,1640
2133,-41.3575,148.237222222222,90.5,164
2134,-41.3575,148.237222222222,92.1,164
2135,-41.3575,148.237222222222,93.7,328
2136,-41.3336111111111,148.286944444444,96.1,164
2137,-22.3463888888889,149.526666666667,94.9,49.2
2138,-22.3463888888889,149.526666666667,95.7,49.2
2139,-22.3463888888889,149.526666666667,97.3,49.2
2140,-41.5344444444444,148.171666666667,100.3,328
2141,-41.5341666666667,148.171666666667,101.1,492
2142,-41.5341666666667,148.171666666667,102.7,492
2143,-41.5341666666667,148.171666666667,103.5,492
2144,-41.5341666666667,148.171666666667,105.1,492
2145,-10.1863888888889,142.331111111111,106.7,16.4
2146,-40.7613888888889,145.300555555556,105.7,164
2147,-40.7613888888889,145.300555555556,107.3,164
2148,-28.6536111111111,151.946944444444,90.1,164
2149,-28.6538888888889,151.946388888889,91.5,164
2150,-28.655,151.934722222222,93.1,41
2151,-28.6536111111111,151.946944444444,97.1,164
2152,-28.6536111111111,151.946944444444,97.9,164
2153,-28.6536111111111,151.946944444444,98.7,164
2154,-28.6538888888889,151.946388888889,99.5,164
2155,-28.6536111111111,151.946944444444,100.3,164
2156,-37.0544444444444,142.788888888889,93.7,82
2157,-24.3547222222222,143.2875,100.3,49.2
2158,-42.1527777777778,145.2925,94.7,164
2159,-42.1527777777778,145.2925,101.9,164
2160,-42.1527777777778,145.2925,103.5,41
2161,-42.1527777777778,145.2925,105.1,41
2162,-42.1491666666667,145.3025,105.9,82
2163,-42.1491666666667,145.3025,107.5,82
2164,-35.2688888888889,138.921666666667,94.7,164
2165,-32.8136111111111,134.483888888889,99.3,6560
2166,-32.7563888888889,134.1925,100.9,3280
2167,-32.7563888888889,134.1925,103.3,3280
2168,-10.2055555555556,142.827777777778,105.9,16.4
2169,-37.5958333333333,144.730277777778,99.3,656
2170,-29.0811111111111,122.408333333333,96.1,164
2171,-29.0811111111111,122.408333333333,97.7,164
2172,-27.1577777777778,149.069722222222,94.7,41
2173,-27.1433333333333,149.135555555556,107.5,164
2174,-34.0305555555555,151.059722222222,99.7,328
2175,-34.8202777777778,147.901388888889,88.3,131200
2176,-34.8202777777778,147.901388888889,89.1,131200
2177,-34.8202777777778,147.901388888889,89.9,131200
2178,-34.8202777777778,147.901388888889,90.7,131200
2179,-34.8202777777778,147.901388888889,91.5,131200
2180,-35.4083333333333,143.581944444444,106.9,16400
2181,-35.4083333333333,143.581944444444,107.7,16400
2182,-35.3455555555556,143.559166666667,99.1,1640
2183,-42.125,148.073333333333,106.1,328
2184,-42.125,148.073333333333,107.7,328
2185,-37.2777777777778,147.715277777778,91.7,82
2186,-37.2816666666667,147.718055555556,103.5,82
2187,-33.8730555555556,151.205277777778,88.9,328
2188,-33.8630555555556,151.211666666667,92.1,9840
2189,-33.8055555555555,151.180833333333,92.1,24600
2190,-33.82,151.185,92.9,246000
2191,-33.8055555555555,151.180833333333,93.7,82000
2192,-33.8922222222222,151.199722222222,93.7,3280
2193,-33.82,151.185,94.5,246000
2194,-33.82,151.185,95.3,246000
2195,-33.82,151.185,96.9,246000
2196,-33.82,151.185,97.7,246000
2197,-33.8394444444444,151.206944444444,98.5,41000
2198,-33.82,151.185,101.7,246000
2199,-33.8055555555555,151.180833333333,101.7,246000
2200,-33.8638888888889,151.211388888889,102.5,82000
2201,-33.8055555555555,151.180833333333,103.2,82000
2202,-33.8055555555555,151.180833333333,104.1,246000
2203,-33.82,151.185,104.1,246000
2204,-33.82,151.185,104.9,246000
2205,-33.8055555555555,151.180833333333,104.9,246000
2206,-33.82,151.185,105.7,246000
2207,-33.82,151.185,106.5,246000
2208,-33.8055555555555,151.180833333333,106.5,246000
2209,-33.8827777777778,151.199722222222,107.3,22960
2210,-33.8758333333333,151.2225,100.5,1640
2211,-35.5944444444444,148.288611111111,88.9,6.56
2212,-35.5944444444444,148.288611111111,91.3,6.56
2213,-35.5827777777778,148.297222222222,94.3,16.4
2214,-41.3925,147.166388888889,96.5,820
2215,-41.2747222222222,147.286666666667,98.1,820
2216,-24.8822222222222,146.254166666667,98.7,164
2217,-24.8822222222222,146.254166666667,98.7,164
2218,-24.8822222222222,146.254166666667,100.3,164
2219,-24.8822222222222,146.254166666667,101.9,164
2220,-24.8822222222222,146.254166666667,103.5,131.2
2221,-24.8486111111111,146.267222222222,105.9,131.2
2222,-24.8486111111111,146.267222222222,107.5,131.2
2223,-31.0758333333333,150.958888888889,88.9,1640
2224,-31.0755555555556,150.958611111111,89.7,1640
2225,-31.0758333333333,150.9575,90.5,1640
2226,-31.3213888888889,150.749722222222,91.7,16400
2227,-31.3213888888889,150.750277777778,92.9,32800
2228,-31.3213888888889,150.749722222222,93.9,16400
2229,-31.3213888888889,150.749722222222,94.7,16400
2230,-31.0927777777778,150.930833333333,97.1,164
2231,-31.3213888888889,150.749722222222,103.1,16400
2232,-27.2780555555556,150.46,90.3,49.2
2233,-27.2780555555556,150.46,93.5,49.2
2234,-26.9055555555556,143.291944444444,102.9,41
2235,-26.9055555555556,143.291944444444,104.5,41
2236,-26.9055555555556,143.291944444444,106.9,41
2237,-31.8575,152.406944444444,103.3,4920
2238,-31.8572222222222,152.406944444444,104.7,8200
2239,-31.8572222222222,152.406944444444,105.7,8200
2240,-31.9222222222222,152.181666666667,107.3,16400
2241,-26.8025,151.91,91.7,82
2242,-26.8025,151.91,92.5,41
2243,-26.8025,151.91,93.3,82
2244,-26.8025,151.91,95.7,82
2245,-26.8025,151.91,96.5,82
2246,-26.8025,151.91,97.3,82
2247,-25.6447222222222,149.803888888889,92.5,164
2248,-25.6447222222222,149.803888888889,94.1,49.2
2249,-25.6447222222222,149.803888888889,95.7,49.2
2250,-25.6447222222222,149.803888888889,97.3,49.2
2251,-25.6438888888889,149.805,106.1,82
2252,-25.6438888888889,149.805,107.7,82
2253,-43.1044444444444,147.808888888889,97.7,1640
2254,-21.7213888888889,122.222777777778,98.9,262.4
2255,-21.7213888888889,122.222777777778,100.5,262.4
2256,-21.7213888888889,122.222777777778,104.5,262.4
2257,-21.7213888888889,122.222777777778,106.9,262.4
2258,-21.7158333333333,122.179166666667,90.1,82
2259,-21.7158333333333,122.179166666667,91.7,82
2260,-21.7158333333333,122.179166666667,93.3,82
2261,-21.7158333333333,122.179166666667,94.9,82
2262,-34.4463888888889,147.551944444444,102.5,246
2263,-34.4463888888889,147.550833333333,104.1,82
2264,-34.4463888888889,147.550833333333,104.9,82
2265,-19.6338888888889,134.221388888889,100.5,820
2266,-19.6338888888889,134.221388888889,102.1,410
2267,-19.6341666666667,134.223611111111,103.7,410
2268,-19.6402777777778,134.191944444444,104.5,410
2269,-19.6341666666667,134.223611111111,106.1,328
2270,-29.0863888888889,151.966388888889,88.9,131.2
2271,-29.0866666666667,151.971666666667,89.7,6560
2272,-29.0863888888889,151.966388888889,90.5,131.2
2273,-29.0866666666667,151.971666666667,93.7,6560
2274,-29.0866666666667,151.971666666667,102.5,6560
2275,-38.2391666666667,142.918055555556,90.5,328
2276,-28.6377777777778,148.863055555556,89.3,24.6
2277,-28.6377777777778,148.863055555556,90.9,24.6
2278,-28.6377777777778,148.863055555556,92.5,24.6
2279,-27.9930555555556,143.823333333333,104.5,82
2280,-27.9930555555556,143.823333333333,105.3,82
2281,-27.9930555555556,143.823333333333,106.1,65.6
2282,-27.9930555555556,143.823333333333,107.7,82
2283,-24.9927777777778,150.096666666667,94.7,164
2284,-24.9927777777778,150.096666666667,99.5,49.2
2285,-24.9927777777778,150.096666666667,101.1,49.2
2286,-24.9927777777778,150.096666666667,102.7,49.2
2287,-24.9519444444444,150.061666666667,105.9,82
2288,-24.9519444444444,150.061666666667,107.5,82
2289,-36.4936111111111,148.287777777778,88.9,65.6
2290,-36.4936111111111,148.287777777778,90.5,65.6
2291,-36.4936111111111,148.287777777778,92.1,229.6
2292,-36.4936111111111,148.287777777778,92.9,1640
2293,-36.4930555555556,148.2875,106.9,229.6
2294,-29.5436111111111,115.674166666667,101.1,820
2295,-28.1811111111111,121.000277777778,91.5,41
2296,-28.1811111111111,121.000277777778,93.1,41
2297,-10.5822222222222,142.212222222222,103.7,41
2298,-10.5825,142.2125,107.7,82
2299,-21.8316666666667,117.605833333333,103.7,32.8
2300,-21.8316666666667,117.605833333333,105.3,32.8
2301,-21.8316666666667,117.605833333333,106.9,32.8
2302,-23.0316666666667,148.367777777778,92.1,82
2303,-15.6558333333333,130.481666666667,105.3,32.8
2304,-27.6888888888889,140.101944444444,107.7,82
2305,-26.0008333333333,125.473333333333,102.9,1.64
2306,-26.0008333333333,125.473333333333,106.1,1.64
2307,-24.3480555555556,128.718055555556,106.1,32.8
2308,-27.1391666666667,134.756666666667,104.5,164
2309,-27.1391666666667,134.756666666667,106.1,32.8
2310,-36.9069444444444,146.258888888889,88.7,164
2311,-22.6991666666667,117.792222222222,96.1,123
2312,-22.72,117.761388888889,100.9,114.8
2313,-22.72,117.761388888889,102.5,114.8
2314,-22.72,117.761388888889,104.1,164
2315,-22.72,117.761388888889,105.7,114.8
2316,-22.6991666666667,117.792222222222,107.3,82
2317,-22.7638888888889,117.752222222222,98.5,32.8
2318,-22.7638888888889,117.752222222222,100.1,32.8
2319,-22.7638888888889,117.752222222222,103.3,32.8
2320,-27.5061111111111,151.956388888889,91.5,1640
2321,-27.6105555555556,151.924166666667,92.9,820
2322,-27.58,151.987777777778,93.7,32.8
2323,-27.5061111111111,151.955833333333,95.5,820
2324,-27.5061111111111,151.956388888889,96.7,4100
2325,-27.5597222222222,151.954722222222,99.1,32.8
2326,-27.5061111111111,151.956388888889,100.7,16400
2327,-27.6027777777778,151.931944444444,102.7,6560
2328,-32.2180555555556,147.333333333333,99.3,82
2329,-19.3436111111111,146.780555555556,94.3,150880
2330,-19.3430555555556,146.781388888889,98.9,164
2331,-19.3427777777778,146.782222222222,99.9,32800
2332,-19.3427777777778,146.782222222222,100.7,164000
2333,-19.3436111111111,146.780555555556,101.5,164000
2334,-19.3425,146.7825,102.3,164000
2335,-19.3425,146.7825,103.1,164000
2336,-19.3436111111111,146.780277777778,103.9,32800
2337,-19.3436111111111,146.780555555556,104.7,164000
2338,-19.3436111111111,146.780555555556,105.5,164000
2339,-19.3427777777778,146.782222222222,106.3,164000
2340,-19.3436111111111,146.780555555556,107.1,26240
2341,-19.2497222222222,146.799722222222,93.5,82
2342,-19.2497222222222,146.799722222222,95.9,82
2343,-19.2497222222222,146.799722222222,96.7,82
2344,-19.2497222222222,146.799722222222,97.5,82
2345,-38.1308333333333,146.471388888889,97.9,820
2346,-29.2419444444444,124.551666666667,102.9,147.6
2347,-29.2419444444444,124.551666666667,104.5,147.6
2348,-29.2419444444444,124.551666666667,106.1,147.6
2349,-29.2419444444444,124.551666666667,107.7,147.6
2350,-35.4533333333333,149.107777777778,88.7,164
2351,-35.4019444444444,149.098888888889,89.5,164
2352,-35.3727777777778,149.075277777778,90.3,164
2353,-35.3811111111111,149.125277777778,94.3,164
2354,-35.4533333333333,149.107777777778,95.9,164
2355,-35.4533333333333,149.107777777778,99.1,164
2356,-35.4533333333333,149.107777777778,99.9,164
2357,-35.4533333333333,149.107777777778,100.7,328
2358,-35.4533333333333,149.107777777778,107.1,164
2359,-35.4533333333333,149.107777777778,107.9,164
2360,-17.9958333333333,145.938055555556,90.3,492
2361,-17.9958333333333,145.938055555556,92.7,492
2362,-17.9341666666667,145.922777777778,93.9,41
2363,-17.8688888888889,146.0075,95.5,82
2364,-17.8688888888889,146.0075,96.3,82
2365,-35.8980555555556,147.949166666667,97.3,410
2366,-35.8980555555556,147.949166666667,100.5,820
2367,-35.8980555555556,147.949166666667,104.5,820
2368,-35.8980555555556,147.949166666667,106.1,820
2369,-35.8980555555556,147.949166666667,107.7,1640
2370,-34.3502777777778,135.955,91.5,3280
2371,-34.3925,135.954166666667,100.3,98.4
2372,-34.3502777777778,135.955,101.9,3280
2373,-35.2933333333333,148.247777777778,94.7,164
2374,-35.3605555555556,148.216388888889,96.3,32.8
2375,-35.2933333333333,148.247777777778,97.9,16.4
2376,-35.2933333333333,148.247777777778,99.5,16.4
2377,-35.2933333333333,148.247777777778,103.1,32.8
2378,-35.2933333333333,148.247777777778,107.9,16.4
2379,-35.3613888888889,150.468611111111,99.7,328
2380,-35.2819444444444,150.3425,106.7,2624
2381,-13.8588888888889,136.813333333333,95.1,328
2382,-13.8588888888889,136.813333333333,106.3,16.4
2383,-36.2536111111111,146.855,100.9,3280
2384,-36.2536111111111,146.855,103.3,131200
2385,-36.2536111111111,146.855,104.1,131200
2386,-36.2536111111111,146.855,106.5,131200
2387,-30.2844444444444,150.1675,96.7,328000
2388,-30.2844444444444,150.1675,99.1,328000
2389,-30.2844444444444,150.1675,99.9,328000
2390,-30.2844444444444,150.1675,100.7,328000
2391,-30.2844444444444,150.1675,101.5,32800
2392,-35.2794444444444,146.379722222222,88.7,6560
2393,-26.1269444444444,113.4175,100.3,52.48
2394,-26.1269444444444,113.4175,102.7,32.8
2395,-35.5058333333333,138.646388888889,89.3,1640
2396,-35.5058333333333,138.646388888889,90.1,1640
2397,-35.4819444444444,138.662777777778,97.1,1640
2398,-35.4819444444444,138.662777777778,99.7,1640
2399,-14.2383333333333,129.519722222222,100.5,410
2400,-14.24,129.520277777778,106.1,16.4
2401,-35.1283333333333,147.374444444444,89.5,820
2402,-35.0497222222222,147.559444444444,93.1,131200
2403,-35.0497222222222,147.559444444444,95.5,16400
2404,-35.1325,147.371944444444,101.1,820
2405,-35.1325,147.371944444444,102.7,820
2406,-35.1283333333333,147.374444444444,103.5,65.6
2407,-35.1325,147.371944444444,104.3,820
2408,-35.1325,147.371944444444,105.1,820
2409,-35.1325,147.371944444444,105.9,820
2410,-35.1283333333333,147.374444444444,107.1,820
2411,-35.1522222222222,147.357777777778,107.9,32.8
2412,-33.3141666666667,117.278611111111,96.3,8200
2413,-34.1794444444444,139.987777777778,88.5,164
2414,-34.1961111111111,139.941111111111,89.9,3280
2415,-34.1961111111111,139.941111111111,97.1,3280
2416,-30.9658333333333,151.630555555556,88.5,164
2417,-30.9658333333333,151.630555555556,90.1,164
2418,-30.9847222222222,151.594166666667,90.9,164
2419,-30.0208333333333,148.119166666667,97.9,41
2420,-30.0247222222222,148.145555555556,99.5,41
2421,-30.0280555555556,148.116944444444,100.3,82
2422,-30.0086111111111,148.135,102.7,164
2423,-30.0080555555556,148.132777777778,104.3,328
2424,-29.9958333333333,148.156388888889,105.1,1640
2425,-30.0080555555556,148.132777777778,105.9,328
2426,-29.9958333333333,148.156388888889,106.7,1640
2427,-30.0080555555556,148.132777777778,107.5,328
2428,-34.9608333333333,116.739444444444,102.9,164
2429,-34.9608333333333,116.739444444444,106.1,164
2430,-34.9608333333333,116.739444444444,107.7,164
2431,-35.9322222222222,147.741944444444,88.7,1640
2432,-26.0480555555556,149.96,98.1,82
2433,-26.0480555555556,149.96,98.9,82
2434,-26.1225,149.959166666667,103.7,164
2435,-36.3569444444445,146.2875,99.3,16.4
2436,-36.445,146.803055555556,101.3,1640
2437,-36.4511111111111,146.803055555556,102.1,41000
2438,-31.7561111111111,115.816111111111,89.7,3280
2439,-31.7552777777778,115.819444444444,105.7,6560
2440,-41.3352777777778,145.733611111111,103.3,164
2441,-41.3352777777778,145.733611111111,104.9,164
2442,-26.1341666666667,126.58,100.5,49.2
2443,-26.1341666666667,126.58,102.1,49.2
2444,-26.1341666666667,126.58,106.1,49.2
2445,-29.5630555555556,150.458611111111,102.9,3280
2446,-17.0327777777778,128.214722222222,102.1,656
2447,-17.0327777777778,128.214722222222,106.1,32.8
2448,-17.0327777777778,128.214722222222,106.9,164
2449,-36.2444444444444,142.399722222222,100.5,82
2450,-38.2619444444444,146.046388888889,93.5,1640
2451,-38.2619444444444,146.046388888889,94.3,11480
2452,-38.2686111111111,145.983888888889,103.1,1640
2453,-38.3172222222222,142.377777777778,89.7,5248
2454,-38.3172222222222,142.377777777778,91.3,5248
2455,-38.3172222222222,142.377777777778,92.1,5248
2456,-38.3047222222222,142.7375,94.5,32800
2457,-38.3047222222222,142.7375,95.3,32800
2458,-38.3047222222222,142.7375,95.3,32800
2459,-38.3744444444444,142.472222222222,100.9,164
2460,-38.3172222222222,142.377777777778,101.7,5248
2461,-38.3047222222222,142.7375,103.7,8200
2462,-11.6513888888889,133.388333333333,100.1,164
2463,-11.6513888888889,133.388333333333,106.1,16.4
2464,-28.2244444444444,152.006111111111,89.3,3280
2465,-28.1602777777778,152.034722222222,91.9,3280
2466,-28.2161111111111,152.033333333333,95.1,41
2467,-28.1602777777778,152.034722222222,96.3,3280
2468,-33.8969444444444,151.255555555556,89.7,328
2469,-37.8775,145.038611111111,95.7,164
2470,-29.2497222222222,146.919722222222,100.5,32.8
2471,-12.6297222222222,141.88,96.1,1640
2472,-12.6297222222222,141.88,97.7,410
2473,-12.6297222222222,141.88,99.3,820
2474,-12.6297222222222,141.88,102.5,820
2475,-12.6255555555556,141.887777777778,103.3,82
2476,-12.6255555555556,141.887777777778,107.3,82
2477,-41.2358333333333,147.947222222222,94.5,410
2478,-41.2336111111111,147.945277777778,97.3,82
2479,-41.2336111111111,147.945277777778,98.9,82
2480,-32.5588888888889,148.961388888889,89.5,164
2481,-32.5633333333333,148.901666666667,91.5,1640
2482,-34.1055555555556,141.913888888889,90.7,98.4
2483,-37.8866666666667,144.703611111111,88.9,656
2484,-23.1544444444444,118.78,95.7,410
2485,-23.1544444444444,118.78,97.3,410
2486,-23.1544444444444,118.78,98.9,410
2487,-23.1544444444444,118.78,99.7,410
2488,-23.1544444444444,118.78,100.5,410
2489,-23.1136111111111,118.781944444444,88.3,106.6
2490,-23.1136111111111,118.781944444444,89.9,106.6
2491,-23.1136111111111,118.781944444444,91.5,106.6
2492,-23.1136111111111,118.781944444444,93.1,106.6
2493,-23.1136111111111,118.781944444444,94.7,106.6
2494,-23.1938888888889,118.783611111111,101.3,32.8
2495,-23.1938888888889,118.783611111111,102.9,32.8
2496,-23.1938888888889,118.783611111111,104.5,32.8
2497,-23.1938888888889,118.783611111111,106.1,32.8
2498,-23.1938888888889,118.783611111111,107.7,32.8
2499,-23.1913888888889,118.851666666667,88.7,32.8
2500,-23.1913888888889,118.851666666667,90.3,32.8
2501,-23.1913888888889,118.851666666667,91.9,32.8
2502,-23.1913888888889,118.851666666667,93.5,32.8
2503,-23.1913888888889,118.851666666667,95.1,32.8
2504,-23.145,118.657222222222,90.9,32.8
2505,-23.145,118.657222222222,91.7,32.8
2506,-23.145,118.657222222222,92.5,32.8
2507,-23.145,118.657222222222,93.3,32.8
2508,-23.145,118.657222222222,94.1,32.8
2509,-23.1780555555556,118.646388888889,102.5,32.8
2510,-23.1780555555556,118.646388888889,103.3,32.8
2511,-23.1780555555556,118.646388888889,104.1,32.8
2512,-23.1780555555556,118.646388888889,104.9,32.8
2513,-23.1780555555556,118.646388888889,105.7,32.8
2514,-22.6666666666667,117.581111111111,88.9,32.8
2515,-22.6666666666667,117.581111111111,90.5,32.8
2516,-22.6666666666667,117.581111111111,92.1,32.8
2517,-22.6666666666667,117.581111111111,93.7,32.8
2518,-22.6666666666667,117.581111111111,95.3,32.8
2519,-22.6891666666667,117.481666666667,96.3,24.6
2520,-22.6891666666667,117.481666666667,97.9,24.6
2521,-22.6891666666667,117.481666666667,99.5,24.6
2522,-37.4588888888889,141.916111111111,91.7,131200
2523,-37.4588888888889,141.916111111111,92.5,131200
2524,-37.4588888888889,141.916111111111,93.3,131200
2525,-37.4588888888889,141.916111111111,94.1,131200
2526,-37.4588888888889,141.916111111111,94.9,131200
2527,-31.3022222222222,118.6975,97.9,164
2528,-31.3022222222222,118.6975,99.5,41
2529,-31.3022222222222,118.6975,101.9,49.2
2530,-32.9972222222222,137.524166666667,107.7,328
2531,-20.6327777777778,117.152777777778,104.9,82
2532,-25.4269444444444,152.116944444444,97.7,16400
2533,-25.4269444444444,152.116944444444,98.5,131200
2534,-25.4269444444444,152.116944444444,99.3,131200
2535,-25.4269444444444,152.116944444444,100.1,131200
2536,-25.4269444444444,152.116944444444,100.9,131200
2537,-31.5513888888889,143.381111111111,98.3,41
2538,-31.5525,143.380833333333,99.9,82
2539,-21.2463888888889,132.617222222222,102.9,65.6
2540,-23.7380555555556,147.537777777778,99.7,410
2541,-32.3983333333333,138.418888888889,101.3,164
2542,-32.3416666666667,149.875555555556,94.1,65.6
2543,-32.3416666666667,149.875555555556,95.7,65.6
2544,-26.595,120.228055555556,98.9,164
2545,-26.595,120.228055555556,102.1,164
2546,-26.595,120.228055555556,104.5,164
2547,-26.595,120.228055555556,106.1,164
2548,-26.595,120.228055555556,107.7,164
2549,-25.4197222222222,142.659444444444,100.3,49.2
2550,-26.0661111111111,128.930555555556,106.1,32.8
2551,-22.3863888888889,143.0375,95.9,164
2552,-22.3875,143.037777777778,96.7,3.28
2553,-22.3863888888889,143.0375,98.3,41
2554,-22.3863888888889,143.0375,100.7,164
2555,-22.2411111111111,143.051111111111,107.9,3280
2556,-20.7325,121.759444444444,105.5,164
2557,-32.4077777777778,134.612777777778,107.3,2624
2558,-21.1858333333333,118.676388888889,105.3,49.2
2559,-21.1858333333333,118.676388888889,106.9,49.2
2560,-36.1227777777778,146.89,89.5,164
2561,-36.0916666666667,146.871388888889,98.5,328
2562,-21.3558333333333,147.88,103.3,82
2563,-34.3669444444444,150.875555555556,93.3,820
2564,-34.6183333333333,150.697222222222,96.5,65600
2565,-34.6183333333333,150.697222222222,98.1,65600
2566,-34.3669444444444,150.875555555556,105.3,3280
2567,-34.3669444444444,150.875555555556,106.9,3280
2568,-34.6986111111111,150.792222222222,94.1,6560
2569,-26.3347222222222,151.764444444444,90.7,8200
2570,-26.3347222222222,151.764444444444,98.9,3280
2571,-30.8905555555556,116.724722222222,103.1,49.2
2572,-30.8905555555556,116.724722222222,104.7,49.2
2573,-30.8905555555556,116.724722222222,106.3,49.2
2574,-30.8905555555556,116.724722222222,107.9,49.2
2575,-21.6530555555556,121.222777777778,90.3,164
2576,-21.6530555555556,121.222777777778,91.9,164
2577,-30.1566666666667,153.183333333333,100.5,82
2578,-31.2008333333333,136.824722222222,101.7,410
2579,-31.1966666666667,136.816388888889,105.7,82
2580,-24.1447222222222,149.505277777778,99.7,1640
2581,-33.0477777777778,135.457777777778,89.9,16.4
2582,-33.0477777777778,135.457777777778,93.9,16.4
2583,-33.1405555555556,135.108888888889,107.7,6560
2584,-32.9761111111111,135.480833333333,100.5,164
2585,-32.9761111111111,135.480833333333,105.3,3280
2586,-15.9461111111111,145.319722222222,107.7,16.4
2587,-33.9297222222222,147.205277777778,96.1,246
2588,-27.2486111111111,145.978611111111,92.3,49.2
2589,-27.2486111111111,145.978611111111,93.9,32.8
2590,-27.2486111111111,145.978611111111,93.9,32.8
2591,-15.4638888888889,128.103611111111,98.9,1640
2592,-15.4638888888889,128.103611111111,100.5,1640
2593,-15.4638888888889,128.103611111111,102.1,1640
2594,-15.4638888888889,128.103611111111,102.9,328
2595,-15.4638888888889,128.103611111111,107.7,82
2596,-27.6152777777778,153.213611111111,100.3,4920
2597,-40.9522222222222,145.720833333333,106.1,16400
2598,-27.4233333333333,120.583333333333,95.5,164
2599,-28.3422222222222,116.678888888889,104.5,82
2600,-28.3422222222222,116.680833333333,106.1,82
2601,-28.3422222222222,116.680833333333,107.7,82
2602,-9.89916666666667,142.768055555556,106.1,16.4
2603,-29.4333333333333,153.362222222222,100.3,1640
2604,-22.7125,119.095833333333,96.3,82
2605,-22.7125,119.095833333333,97.1,82
2606,-22.7125,119.095833333333,97.9,82
2607,-22.7125,119.095833333333,98.7,82
2608,-22.7308333333333,119.016111111111,89.9,82
2609,-22.7308333333333,119.016111111111,91.5,82
2610,-22.7308333333333,119.016111111111,93.1,82
2611,-22.7308333333333,119.016111111111,94.7,82
2612,-22.8127777777778,119.274722222222,101.5,32.8
2613,-22.8127777777778,119.274722222222,103.1,32.8
2614,-22.8127777777778,119.274722222222,104.7,32.8
2615,-22.8127777777778,119.274722222222,106.3,32.8
2616,-22.8127777777778,119.274722222222,107.9,32.8
2617,-22.7961111111111,119.159722222222,89.1,32.8
2618,-22.7961111111111,119.159722222222,90.7,32.8
2619,-22.7961111111111,119.159722222222,92.3,32.8
2620,-22.7961111111111,119.159722222222,93.9,32.8
2621,-22.7961111111111,119.159722222222,95.5,32.8
2622,-22.77,119.231666666667,102.5,32.8
2623,-22.77,119.231666666667,104.1,32.8
2624,-22.77,119.231666666667,105.7,32.8
2625,-22.8011111111111,119.247222222222,97.7,82
2626,-22.8011111111111,119.247222222222,99.3,82
2627,-22.8011111111111,119.247222222222,100.9,82
2628,-35.4427777777778,138.338611111111,94.7,164
2629,-37.725,145.697222222222,96.1,328
2630,-37.7311111111111,145.476111111111,99.1,328
2631,-37.7311111111111,145.476111111111,99.1,656
2632,-23.2847222222222,149.0325,100.1,492
2633,-23.2744444444444,149.017777777778,101.7,492
2634,-16.4469444444444,130.884166666667,106.1,49.2
2635,-38.5544444444444,146.677777777778,92.7,49.2
2636,-26.8322222222222,151.980277777778,99.7,820
2637,-34.8511111111111,148.971666666667,100.3,2460
2638,-34.8511111111111,148.971666666667,107.9,164
2639,-37.1205555555556,145.413055555556,88.9,410
2640,-37.1205555555556,145.413055555556,93.7,1640
2641,-23.1175,150.744166666667,91.3,328
2642,-23.1175,150.744166666667,96.1,328
2643,-12.2519444444444,136.888611111111,105.3,32.8
2644,-18.7163888888889,126.755555555556,102.9,32.8
2645,-31.8511111111111,116.761388888889,101.3,164
2646,-34.2988888888889,148.306666666667,92.3,820
2647,-34.3416666666667,148.336111111111,93.9,65600
2648,-34.2988888888889,148.306666666667,96.3,82
2649,-34.2988888888889,148.306666666667,97.1,82
2650,-34.2988888888889,148.306666666667,98.7,82
2651,-27.9702777777778,144.634722222222,102.5,49.2
2652,-27.9702777777778,144.634722222222,104.1,49.2
2653,-22.2583333333333,132.205277777778,105.9,16.4
2654,-22.2558333333333,131.805277777778,102.9,32.8
2655,-22.2544444444444,131.795,106.1,32.8
2656,-25.2347222222222,130.991944444444,95.7,328
2657,-25.2347222222222,130.991944444444,97.3,656
2658,-25.2347222222222,130.991944444444,98.1,328
2659,-25.2347222222222,130.991944444444,98.9,328
2660,-25.2347222222222,130.991944444444,99.7,524.8
2661,-25.2347222222222,130.991944444444,100.5,524.8
2662,-25.2347222222222,130.991944444444,102.1,328
2663,-25.2347222222222,130.991944444444,105.3,656
2664,-26.6113888888889,149.383333333333,89.5,32.8
