,Latitude in degrees,Longitude in degrees,Frequency(MHz),EIRP
0,64.9222222222222,212.281666666667,103.9,41000
1,64.9222222222222,212.281666666667,103.9,164000
2,60.5386111111111,214.237777777778,100.9,0
3,64.0569444444444,214.345833333333,90.3,9840
4,64.3033333333333,213.451666666667,93.5,164000
5,64.0613888888889,214.309444444444,93.5,0
6,64.0613888888889,214.309722222222,93.5,41000
7,64.7861111111111,218.790555555556,91.7,0
8,64.7844444444444,218.792777777778,97.9,0
9,64.7858333333333,218.796111111111,94.1,410
10,64.8375,212.280555555556,96.9,41000
11,64.9219444444445,212.282222222222,88.3,164000
12,64.9219444444445,212.282222222222,88.3,164000
13,64.9219444444445,212.282222222222,89.1,164000
14,64.9147222222222,212.349722222222,88.3,164000
15,64.9219444444445,212.283333333333,94.3,82000
16,64.9219444444445,212.283333333333,92.7,82000
17,64.4105555555556,213.038611111111,88.7,164000
18,64.9222222222222,212.281666666667,94.3,164000
19,64.9222222222222,212.281666666667,95.9,164000
20,64.9144444444445,212.348611111111,101.1,0
21,64.8788888888889,211.943055555556,102.5,0
22,64.8633333333333,214.245555555556,95.9,0
23,64.9113888888889,212.219722222222,104.7,0
24,64.8677777777778,212.333611111111,91.5,0
25,64.9219444444445,212.281666666667,98.1,0
26,62.1136111111111,214.46,91.9,9840
27,62.1038888888889,213.825277777778,88.7,41000
28,62.1136111111111,214.46,91.9,9840
29,62.1038888888889,213.825277777778,107.1,9840
30,62.1141666666667,214.462222222222,88.7,9840
31,62.1083333333333,213.823888888889,90.5,0
32,59.2180555555556,224.573055555556,102.3,0
33,59.2180555555556,224.573055555556,102.3,41000
34,59.2252777777778,224.552777777778,103.7,0
35,58.1088888888889,224.557222222222,90.7,410
36,58.3969444444444,225.439722222222,91.3,9840
37,58.3969444444444,225.439722222222,91.3,9840
38,58.3011111111111,225.5575,88.1,41000
39,58.3011111111111,225.5575,89.7,41000
40,58.3011111111111,225.557777777778,88.9,41000
41,58.3655555555556,225.365277777778,90.7,9840
42,58.3011111111111,225.5575,106.3,0
43,58.3294444444445,225.587222222222,105.1,0
44,58.3008333333333,225.575555555556,104.3,0
45,58.3008333333333,225.575555555556,104.3,41000
46,55.3386111111111,228.375833333333,89.7,41000
47,55.3413888888889,228.351666666667,99.9,41000
48,55.3394444444445,228.373611111111,105.3,9840
49,55.3608333333333,228.203055555556,99.9,82000
50,55.3391666666667,228.361666666667,106.7,0
51,55.3386111111111,228.375833333333,105.9,0
52,61.4158333333333,216.975555555556,89.7,0
53,64.7716666666667,212.711666666667,89.1,0
54,64.8705555555556,212.900555555556,88.7,41000
55,56.815,227.044722222222,100.9,0
56,56.815,227.044722222222,100.9,41000
57,56.81,227.059722222222,91.3,9840
58,56.81,227.059722222222,91.3,9840
59,56.7436111111111,226.918611111111,91.1,0
60,57.0533333333333,224.646111111111,104.7,0
61,57.0572222222222,224.664166666667,103.1,0
62,57.05,224.644166666667,94.9,9840
63,57.05,224.662777777778,89.3,9840
64,57.0502777777778,224.664722222222,89.3,9840
65,59.4608333333333,224.670833333333,104.7,0
66,63.3311111111111,216.88,91.9,0
67,61.1208333333333,213.740555555556,93.3,0
68,56.4536111111111,227.616388888889,101.7,0
69,56.4536111111111,227.616388888889,101.7,41000
70,56.4705555555556,227.621666666667,94.9,0
71,56.4688888888889,227.623333333333,99.9,0
72,59.5552777777778,220.255555555556,103.9,0
73,59.5552777777778,220.255555555556,103.9,41000
74,47.0172222222222,303.629166666667,101.5,0
75,47.0172222222222,303.629166666667,103.3,0
76,46.7958333333333,303.840277777778,94.9,0
77,46.7808333333333,303.824722222222,102.1,0
78,48.6913888888889,243.683611111111,92.1,41000
79,48.6913888888889,243.683611111111,98.3,164
80,47.6597222222222,243.045555555556,103.1,0
81,47.6813888888889,243.155277777778,102.3,0
82,46.4630555555556,243.091944444444,98.5,41000
83,47.6594444444445,243.035555555556,94.5,0
84,46.1711111111111,243.958888888889,102.5,9840
85,46.3697222222222,243.782777777778,88.7,164000
86,47.4922222222222,243.856388888889,89.3,41000
87,48.2291666666667,243.490555555556,106.7,41000
88,46.4605555555556,242.982222222222,101.5,0
89,46.4105555555556,242.983888888889,88.9,0
90,46.4591666666667,242.960555555556,106.9,0
91,46.4633333333333,242.998611111111,96.5,0
92,46.4605555555556,242.960555555556,105.1,0
93,46.4572222222222,242.898888888889,90.3,0
94,46.6816666666667,243.028611111111,91.7,0
95,46.7286111111111,242.992777777778,89.3,0
96,46.6808333333333,243.025,106.1,0
97,46.7066666666667,243.08,103.3,9840
98,46.8111111111111,243.083611111111,90.3,9840
99,46.6816666666667,243.028611111111,90.3,41000
100,47.4547222222222,244.340833333333,90.7,82000
101,46.4691666666667,243.721111111111,95.3,0
102,46.5080555555556,243.780277777778,90.5,9840
103,46.5080555555556,243.780277777778,102.3,9840
104,46.4691666666667,243.721111111111,95.1,41000
105,47.3269444444445,243.283611111111,89.3,41000
106,48.6102777777778,243.742222222222,88.5,41000
107,48.6102777777778,243.742222222222,88.5,1459.6
108,47.6597222222222,243.045555555556,102.3,41000
109,47.5705555555556,242.916944444444,103.1,0
110,47.7433333333333,243.104166666667,90.3,9840
111,47.5813888888889,243.310555555556,88.3,82000
112,48.0783333333333,243.287222222222,89.9,4592
113,47.8294444444444,242.927222222222,90.3,41000
114,48.0938888888889,243.445555555556,89.9,164000
115,43.8191666666667,248.218333333333,91.5,0
116,48.3044444444444,243.456666666667,102.5,0
117,48.0788888888889,243.045833333333,95.3,91840
118,48.3316666666667,243.305833333333,101.7,0
119,47.315,243.423888888889,92.1,9840
120,47.315,243.423888888889,92.1,9840
121,47.3041666666667,243.398055555556,92.1,41000
122,47.2827777777778,243.518055555556,103.5,9840
123,46.7036111111111,243.350833333333,100.3,9840
124,46.7036111111111,243.350833333333,100.3,9840
125,46.705,243.075277777778,100.5,82000
126,47.5622222222222,244.156388888889,100.7,0
127,47.5636111111111,244.165277777778,97.5,0
128,47.5636111111111,244.165277777778,103.5,82000
129,40.1772222222222,274.326944444444,96.7,0
130,40.1772222222222,274.326944444444,89.5,0
131,40.0619444444444,274.290555555556,97.9,0
132,39.9830555555556,274.288611111111,98.7,0
133,41.6313888888889,274.989722222222,88.3,0
134,41.6808333333333,274.998611111111,100.3,0
135,41.1419444444444,273.759166666667,90.1,41000
136,41.3336111111111,274.947777777778,102.3,0
137,41.3336111111111,274.947777777778,105.5,0
138,40.7472222222222,274.8275,91.3,0
139,40.7708333333333,275.065277777778,92.7,0
140,40.8705555555556,274.828055555556,100.1,41000
141,40.7472222222222,274.8275,100.1,0
142,41.4119444444444,273.969166666667,96.9,0
143,39.8491666666667,274.864444444444,91.9,9840
144,41.7161111111111,273.136944444444,89.5,82000
145,41.7161111111111,273.136944444444,89.5,0
146,41.1036111111111,274.821111111111,96.3,0
147,40.1980555555556,273.871111111111,91.5,9840
148,40.1980555555556,273.871111111111,91.5,41000
149,40.4602777777778,274.225277777778,88.1,9840
150,40.4602777777778,274.225277777778,88.1,9840
151,40.4838888888889,274.241111111111,88.5,9840
152,41.1069444444444,274.640555555556,106.3,0
153,41.1677777777778,274.505277777778,91.5,0
154,39.6375,274.854166666667,100.3,0
155,41.2183333333333,273.578333333333,98.3,9840
156,40.9772222222222,275.033888888889,105.1,0
157,41.6216666666667,274.039722222222,104.7,0
158,41.6161111111111,273.806111111111,100.7,0
159,41.6161111111111,273.806111111111,100.7,0
160,41.6163888888889,273.804722222222,88.1,0
161,40.2758333333333,274.137777777778,101.7,0
162,41.1036111111111,274.808888888889,95.1,0
163,41.1036111111111,274.803888888889,90.3,0
164,41.1036111111111,274.821111111111,89.1,0
165,41.1069444444444,274.803888888889,92.3,0
166,41.0838888888889,274.9225,101.7,0
167,41.0994444444444,274.854722222222,88.3,0
168,41.1116666666667,274.804722222222,97.3,0
169,41.1088888888889,274.834722222222,103.9,0
170,41.4638888888889,274.177222222222,89.9,9840
171,41.5630555555556,274.1725,91.1,0
172,41.6011111111111,274.071944444444,97.7,0
173,39.9419444444444,274.805277777778,90.5,9840
174,39.9419444444444,274.805277777778,91.1,0
175,40.4852777777778,274.628333333333,88.1,9840
176,40.4211111111111,274.572222222222,93.5,0
177,41.7255555555556,274.575,89.7,0
178,41.6497222222222,274.646666666667,91.9,0
179,40.9258333333333,274.6125,102.9,0
180,40.8922222222222,274.489444444444,91.9,0
181,41.3986111111111,274.747777777778,93.3,0
182,39.7688888888889,274.481944444444,90.7,0
183,41.3222222222222,273.395277777778,99.3,0
184,41.2147222222222,273.331111111111,89.3,0
185,40.6,273.697777777778,91.7,0
186,40.4511111111111,273.963333333333,100.5,0
187,40.4716666666667,273.835555555556,92.5,0
188,41.6319444444444,273.238055555556,96.7,0
189,40.9808333333333,274.72,91.1,0
190,41.6497222222222,274.646666666667,105.5,0
191,39.6627777777778,275.072777777778,89.7,9840
192,39.6627777777778,275.072777777778,89.7,9840
193,41.4838888888889,274.404722222222,102.7,0
194,40.7544444444445,273.688888888889,102.3,0
195,40.6669444444444,274.369444444444,90.9,0
196,40.5977777777778,274.344166666667,106.9,0
197,41.6686111111111,273.521944444444,88.5,9840
198,41.7161111111111,273.136944444444,95.9,0
199,41.6686111111111,273.194166666667,89.5,0
200,40.5558333333333,274.705833333333,91.3,0
201,40.5558333333333,274.705833333333,91.3,41000
202,39.7502777777778,274.444722222222,88.1,9840
203,39.7502777777778,274.444722222222,88.1,82000
204,40.085,274.602222222222,88.3,9840
205,40.2783333333333,274.652222222222,89.5,9840
206,40.2133333333333,274.54,92.1,0
207,40.1605555555556,274.621666666667,104.1,0
208,40.1552777777778,274.57,104.9,0
209,40.2783333333333,274.652222222222,90.5,0
210,40.1625,274.620833333333,91.3,0
211,41.4119444444444,273.969166666667,95.7,0
212,41.7272222222222,273.591666666667,102.3,0
213,40.055,274.615277777778,102.5,0
214,41.0719444444444,275.012777777778,91.3,9840
215,41.0027777777778,274.902777777778,107.9,0
216,40.015,274.017222222222,90.9,9840
217,40.015,274.017222222222,90.9,9840
218,40.0152777777778,274.017222222222,93.9,0
219,41.0111111111111,274.2375,89.5,0
220,41.6052777777778,273.7875,88.9,0
221,40.4494444444444,273.9175,91.3,9840
222,41.7433333333333,274.903333333333,91.3,9840
223,39.9977777777778,274.264722222222,91.7,0
224,40.6294444444445,273.958888888889,98.5,0
225,40.7647222222222,273.959444444444,98.3,0
226,41.3202777777778,273.726388888889,89.3,82000
227,41.5280555555556,273.735277777778,94.3,0
228,40.4072222222222,274.9625,91.7,0
229,40.4361111111111,274.985,100.9,0
230,39.9191666666667,275.036944444444,101.3,41000
231,39.8080555555556,275.086944444444,91.5,0
232,39.825,275.069444444444,101.3,0
233,39.8925,275.064166666667,96.1,0
234,39.8688888888889,275.203611111111,89.3,0
235,40.9216666666667,274.075,101.9,41000
236,40.9808333333333,274.72,94.1,0
237,41.0738888888889,274.103888888889,88.7,41000
238,41.0538888888889,273.73,88.7,410
239,41.0538888888889,273.73,92.1,0
240,40.8119444444444,273.634444444444,103.7,0
241,39.6197222222222,274.593333333333,91.9,9840
242,39.7061111111111,274.507222222222,94.3,0
243,41.6233333333333,273.7625,91.7,0
244,41.6030555555556,273.785833333333,103.1,0
245,41.6055555555556,273.7875,92.9,0
246,41.6166666666667,273.783055555556,101.5,0
247,41.6808333333333,273.740555555556,89.7,0
248,41.6766666666667,273.747777777778,106.3,0
249,41.6980555555556,273.844444444444,103.9,0
250,41.0994444444444,274.275277777778,101.1,0
251,41.3825,274.306944444444,103.5,0
252,40.1922222222222,275.200555555556,88.9,0
253,40.4172222222222,274.508055555555,89.7,0
254,40.6669444444444,274.369444444444,99.3,0
255,40.6983333333333,274.249166666667,95.9,0
256,40.8316666666667,274.19,105.9,0
257,41.4638888888889,274.177222222222,89.9,9840
258,40.7252777777778,273.824166666667,93.7,0
259,41.3211111111111,273.117222222222,88.5,41000
260,41.0738888888889,274.103888888889,88.7,9840
261,41.0738888888889,274.103888888889,88.7,9840
262,41.1388888888889,274.108055555556,88.7,41000
263,41.2225,274.161944444444,107.3,0
264,39.8794444444444,274.363611111111,89.1,9840
265,41.0386111111111,273.474444444444,100.1,41000
266,40.0897222222222,275.063055555556,98.3,0
267,42.62,286.863888888889,98.9,9840
268,42.3641666666667,287.577222222222,89.3,0
269,42.3636111111111,287.577222222222,88.5,0
270,42.3919444444444,287.480277777778,91.1,0
271,42.3038888888889,287.4675,100.9,0
272,42.6483333333333,288.869722222222,91.7,0
273,42.5594444444444,287.846666666667,99.9,0
274,42.3472222222222,288.9175,104.1,0
275,42.3075,288.776388888889,98.5,0
276,42.3075,288.776388888889,90.9,0
277,42.3522222222222,288.943611111111,88.9,0
278,42.2116666666667,288.886388888889,89.7,0
279,42.3472222222222,288.9175,96.9,0
280,42.3472222222222,288.9175,106.7,0
281,42.3075,288.776388888889,103.3,0
282,42.2575,288.971666666667,91.9,0
283,42.3472222222222,288.918055555556,100.7,0
284,42.3472222222222,288.9175,94.5,0
285,42.6275,289.025555555556,88.3,0
286,42.3472222222222,288.9175,92.9,0
287,42.3522222222222,288.943611111111,95.3,0
288,42.3616666666667,288.916388888889,88.1,0
289,42.4466666666667,288.653611111111,88.3,0
290,42.4366666666667,286.946944444444,91.7,9840
291,42.5347222222222,287.408333333333,91.7,0
292,42.3144444444444,287.312222222222,105.5,9840
293,42.5866666666667,288.147222222222,90.1,0
294,42.5075,288.173611111111,90.1,9840
295,42.5075,288.173611111111,104.5,0
296,42.5883333333333,288.21,91.3,0
297,42.2955555555556,288.562222222222,91.3,0
298,42.3075,288.776388888889,105.7,0
299,42.5561111111111,287.948888888889,91.1,9840
300,42.5580555555556,287.948888888889,91.7,9840
301,42.5933333333333,289.276111111111,104.9,0
302,42.2427777777778,286.513888888889,89.5,9840
303,42.16,286.520555555556,105.1,0
304,42.5708333333333,287.355555555556,98.3,0
305,42.6972222222222,287.395,95.3,0
306,42.7730555555556,288.900277777778,92.5,0
307,42.5325,289.014166666667,93.7,0
308,42.6519444444445,288.679722222222,91.5,0
309,42.6538888888889,288.783333333333,99.5,0
310,42.6041666666667,288.333611111111,91.7,9840
311,42.4311111111111,288.911666666667,101.7,0
312,42.4219444444444,288.546944444444,91.7,9840
313,42.4075,288.879722222222,91.5,0
314,42.3472222222222,288.918055555556,107.9,0
315,42.2411111111111,288.886111111111,91.5,0
316,42.8655555555556,289.062222222222,91.7,9840
317,42.3347222222222,288.825277777778,90.3,0
318,42.6908333333333,286.896111111111,91.1,0
319,42.6975,286.936111111111,100.1,0
320,42.6241666666667,289.346666666667,91.5,9840
321,42.3736111111111,287.326666666667,106.3,0
322,42.3747222222222,287.327222222222,99.3,0
323,42.3202777777778,287.363333333333,91.9,0
324,42.7144444444444,287.556666666667,88.9,41000
325,42.7144444444444,287.556666666667,91.5,0
326,42.6008333333333,287.616944444444,97.3,0
327,42.4558333333333,287.78,91.3,9840
328,42.3808333333333,286.726666666667,91.3,41000
329,42.4122222222222,286.715833333333,105.5,0
330,42.4122222222222,286.715833333333,105.5,0
331,42.4752777777778,286.731944444444,101.7,0
332,42.4594444444445,286.725277777778,89.7,0
333,42.4122222222222,286.715833333333,95.9,0
334,42.6583333333333,289.382777777778,88.5,9840
335,42.6244444444444,289.346944444444,88.5,9840
336,42.6244444444444,289.346388888889,91.5,9840
337,42.5038888888889,289.11,91.7,0
338,42.5530555555556,288.203333333333,89.3,9840
339,42.2533333333333,287.422777777778,91.5,0
340,42.2244444444444,288.119722222222,100.1,0
341,42.1833333333333,287.958888888889,98.9,9840
342,42.2411111111111,287.351666666667,93.1,0
343,42.3438888888889,286.711666666667,91.3,0
344,42.4638888888889,288.501944444444,91.7,9840
345,42.5336111111111,287.407777777778,93.9,0
346,42.3102777777778,288.763333333333,102.5,0
347,42.7136111111111,286.795555555556,91.9,0
348,42.7025,287.962222222222,91.1,9840
349,42.7027777777778,287.962222222222,97.7,0
350,42.7027777777778,287.962222222222,97.7,0
351,42.3036111111111,288.103055555556,107.3,0
352,42.2541666666667,288.040555555556,91.9,0
353,42.2375,288.191944444444,88.1,0
354,42.2627777777778,288.200833333333,91.3,0
355,42.3352777777778,288.285555555556,90.5,0
356,42.2641666666667,288.233333333333,90.5,0
357,42.2619444444444,288.230555555556,90.5,0
358,42.3094444444445,288.096944444444,96.1,0
359,39.6838888888889,281.034444444444,105.3,0
360,39.7038888888889,280.908333333333,90.3,0
361,39.6719444444444,281.043333333333,99.5,9840
362,43.9519444444445,289.704444444444,99.9,0
363,44.3516666666667,290.342222222222,89.5,9840
364,44.3519444444445,290.342222222222,89.5,410
365,44.3141666666667,290.166388888889,101.3,0
366,44.3352777777778,290.316944444444,92.3,0
367,44.7855555555556,291.196944444444,91.5,0
368,44.7036111111111,290.920833333333,97.1,0
369,45.1294444444445,291.642777777778,88.5,0
370,44.825,291.203888888889,89.3,0
371,44.825,291.203888888889,89.3,0
372,44.76,291.434166666667,90.9,0
373,44.7597222222222,291.435277777778,92.9,0
374,44.4447222222222,291.977777777778,99.1,0
375,44.5536111111111,291.906111111111,107.7,0
376,43.9141666666667,290.386944444444,89.7,41000
377,44.0691666666667,290.076111111111,105.9,0
378,44.5808333333333,291.103055555556,104.7,0
379,45.7863888888889,291.588333333333,89.3,41000
380,46.0241666666667,291.747777777778,89.3,41000
381,43.5441666666667,289.596111111111,94.3,0
382,44.4344444444444,291.410277777778,89.9,0
383,44.0252777777778,290.429166666667,96.7,0
384,44.0311111111111,289.757222222222,88.5,9840
385,44.0311111111111,289.757222222222,88.5,9840
386,44.1083333333333,290.076388888889,88.1,41000
387,44.6775,291.246388888889,100.3,0
388,45.0572222222222,290.809722222222,106.5,0
389,43.9094444444445,290.038611111111,91.1,0
390,43.9277777777778,290.005277777778,98.9,0
391,43.9277777777778,290.005277777778,98.9,0
392,45.1672222222222,292.723333333333,101.9,0
393,45.0288888888889,292.676944444444,89.7,0
394,45.1672222222222,292.723333333333,92.7,0
395,44.2111111111111,290.848888888889,102.5,0
396,46.7905555555556,292.081944444444,97.7,0
397,45.0572222222222,290.810277777778,90.3,41000
398,45.0288888888889,292.676944444444,102.9,0
399,45.0444444444444,290.750277777778,102.1,0
400,45.2161111111111,290.757777777778,103.1,0
401,44.9072222222222,293.011111111111,93.3,57.4
402,44.9083333333333,293.010555555556,91.7,0
403,44.4213888888889,291.901666666667,91.7,41000
404,44.5177777777778,291.598055555556,91.7,9840
405,44.6586111111111,291.395833333333,94.5,0
406,44.6586111111111,291.395,95.7,0
407,44.745,290.308333333333,93.5,0
408,44.6691666666667,289.850555555556,91.5,9840
409,44.6561111111111,289.803888888889,99.3,0
410,47.2555555555556,291.459722222222,97.5,4.92
411,47.2583333333333,291.442222222222,106.5,41000
412,47.2505555555556,291.410277777778,92.1,0
413,43.7438888888889,289.667222222222,89.3,82000
414,43.7625,289.675555555556,89.3,82000
415,43.7625,289.675555555556,89.3,0
416,44.0591666666667,288.908888888889,91.7,41000
417,44.0475,289.178611111111,91.5,41000
418,44.31,290.169722222222,104.3,0
419,43.7438888888889,289.665833333333,90.9,41000
420,43.6805555555556,289.550833333333,90.9,0
421,44.4447222222222,291.977777777778,101.1,41000
422,44.2508333333333,289.579444444444,96.3,164000
423,43.7372222222222,290.006388888889,91.9,0
424,46.0372222222222,292.146111111111,93.7,0
425,46.1247222222222,292.186944444444,97.9,0
426,46.1430555555556,291.886666666667,100.1,0
427,45.1294444444445,291.642777777778,103.9,0
428,46.1072222222222,291.839166666667,93.9,410
429,44.3161111111111,291.030555555556,105.5,0
430,43.4044444444444,289.563055555556,99.3,0
431,43.4044444444444,289.563055555556,88.3,9840
432,43.4044444444444,289.563055555556,104.7,0
433,43.1744444444444,289.22,105.3,0
434,44.105,289.791666666667,91.5,0
435,44.0033333333333,289.577222222222,107.5,0
436,44.1444444444444,289.977777777778,93.9,0
437,45.3461111111111,291.493888888889,90.5,410
438,45.3427777777778,291.493611111111,105.7,0
439,44.7561111111111,292.386666666667,101.1,82000
440,44.7561111111111,292.386666666667,101.1,82000
441,44.7091666666667,292.5425,91.7,9840
442,44.7355555555556,292.4975,101.1,9840
443,44.7355555555556,292.4975,95.3,0
444,44.7355555555556,292.4975,95.3,41000
445,47.3511111111111,291.654444444444,95.3,0
446,47.1458333333333,291.9975,88.3,164000
447,47.3316666666667,291.658611111111,102.3,0
448,47.3308333333333,291.66,102.3,1968
449,44.7922222222222,290.031111111111,97.5,0
450,44.5822222222222,289.3675,100.7,0
451,44.5936111111111,292.138888888889,93.7,0
452,45.7161111111111,291.202222222222,95.1,164000
453,45.6219444444444,291.487777777778,94.9,82000
454,45.7161111111111,291.202222222222,94.9,0
455,46.4055555555556,292.154722222222,94.7,9840
456,43.8516666666667,289.672777777778,106.7,0
457,44.2963888888889,289.3825,92.7,41000
458,44.2066666666667,289.445555555555,92.7,0
459,44.2494444444444,289.576944444444,88.9,164000
460,44.2508333333333,289.579444444444,88.9,82000
461,45.0097222222222,291.2525,107.3,0
462,44.9188888888889,291.333888888889,91.9,41000
463,44.9188888888889,291.333888888889,91.9,0
464,44.8030555555556,290.832222222222,99.5,0
465,45.8938888888889,290.035555555556,88.1,9840
466,43.6505555555556,289.735555555556,96.9,9840
467,43.9511111111111,289.704166666667,102.9,0
468,43.8588888888889,289.289444444444,90.1,0
469,43.6908333333333,289.743611111111,93.1,0
470,43.7625,289.675555555556,101.9,0
471,43.7588888888889,289.68,97.9,0
472,46.6030555555556,291.993333333333,99.9,0
473,46.6030555555556,291.993333333333,102.7,0
474,46.7644444444444,292.010833333333,96.9,0
475,46.5516666666667,292.19,106.1,0
476,46.5475,292.190833333333,101.9,0
477,46.5475,292.190833333333,101.9,0
478,46.5475,292.190833333333,96.1,0
479,46.6708333333333,291.983888888889,92.1,0
480,45.2122222222222,292.369166666667,104.9,127.92
481,44.935,289.490833333333,91.1,9840
482,44.935,289.490833333333,91.1,9840
483,44.935,289.490833333333,90.5,9840
484,44.1263888888889,290.862222222222,103.3,0
485,43.5469444444444,289.596111111111,95.9,0
486,43.4180555555556,289.199444444444,88.7,82000
487,43.4197222222222,289.198055555556,92.1,0
488,43.4197222222222,289.198055555556,88.5,0
489,43.5933333333333,289.578333333333,91.7,9840
490,43.59,289.628333333333,106.3,0
491,44.5808333333333,291.104166666667,101.7,0
492,45.0041666666667,290.3175,107.9,82000
493,44.5544444444444,290.259166666667,107.9,82000
494,44.7658333333333,290.375,88.1,9840
495,45.0316666666667,289.686666666667,105.1,0
496,43.8255555555556,289.516388888889,91.5,0
497,44.1269444444445,290.859722222222,106.9,82000
498,44.1083333333333,290.842777777778,106.9,0
499,43.9033333333333,289.963611111111,95.5,0
500,47.1677777777778,292.038611111111,98.1,0
501,44.5644444444444,290.389722222222,98.5,0
502,44.4897222222222,290.349166666667,91.3,0
503,44.5658333333333,290.336944444444,90.5,0
504,44.5658333333333,290.336944444444,89.7,0
505,43.6419444444444,289.669722222222,88.5,9840
506,43.6908333333333,289.743611111111,100.9,0
507,44.7133333333333,290.273055555556,95.3,0
508,44.7133333333333,290.273055555556,95.3,0
509,44.5536111111111,291.906111111111,97.7,0
510,44.395,291.915555555556,105.5,41000
511,43.7655555555556,289.859722222222,88.3,0
512,43.2233333333333,289.3075,95.3,0
513,41.8988888888889,275.9625,96.5,0
514,41.9030555555556,276.013055555555,103.9,0
515,41.8041666666667,275.909722222222,95.3,0
516,42.2661111111111,275.353055555556,96.7,0
517,42.2655555555556,275.354722222222,96.7,0
518,42.5811111111111,274.245277777778,92.3,0
519,43.0566666666667,274.041388888889,88.5,0
520,43.3688888888889,275.394722222222,104.9,0
521,43.3688888888889,275.394722222222,104.9,0
522,43.3794444444444,275.326388888889,90.9,0
523,45.0625,276.568333333333,101.5,0
524,45.0916666666667,276.636666666667,105.7,9840
525,45.1561111111111,276.535,89.1,9840
526,45.1561111111111,276.535,89.1,9840
527,45.1391666666667,276.560833333333,89.1,9840
528,45.1561111111111,276.532222222222,88.9,9840
529,44.8569444444444,276.457222222222,97.7,82000
530,45.0736111111111,276.578333333333,101.1,9840
531,44.8569444444444,276.457222222222,99.3,0
532,45.1380555555556,275.837777777778,91.7,0
533,45.0627777777778,276.284444444444,107.7,0
534,42.2780555555556,276.257777777778,107.1,0
535,42.2769444444444,276.264722222222,88.3,0
536,42.4075,276.086111111111,91.7,0
537,42.2511111111111,276.192222222222,102.9,0
538,44.4933333333333,273.763333333333,107.9,9840
539,43.1822222222222,275.549166666667,92.5,0
540,44.8541666666667,275.771388888889,104.3,41000
541,45.0166666666667,275.647222222222,92.5,0
542,44.0630555555556,276.338888888889,101.3,9840
543,42.6283333333333,276.767777777778,89.5,0
544,42.6283333333333,276.767777777778,89.5,3936
545,42.7097222222222,276.769444444444,88.3,0
546,42.3555555555556,274.658888888889,90.9,9840
547,43.8033333333333,277,94.1,9840
548,43.8911111111111,276.876111111111,102.1,0
549,43.915,274.268055555556,91.9,9840
550,46.6638888888889,271.615,104.3,0
551,42.3825,274.682777777778,90.1,9840
552,42.2919444444444,274.816944444444,95.3,0
553,42.3552777777778,274.658888888889,103.3,0
554,43.6205555555556,276.166388888889,89.1,0
555,43.5886111111111,276.125555555556,91.3,0
556,43.5527777777778,276.31,96.1,0
557,43.4733333333333,276.155555555556,102.5,0
558,43.5527777777778,276.31,90.1,0
559,45.17,275.248888888889,89.3,0
560,45.17,275.248888888889,89.3,0
561,44.2916666666667,273.775,106.1,41000
562,44.4216666666667,273.878611111111,100.1,0
563,43.8877777777778,275.470833333333,97.1,9840
564,43.8877777777778,275.470833333333,97.7,0
565,43.8877777777778,275.470833333333,97.7,41000
566,42.4536111111111,274.655833333333,89.7,41000
567,43.0908333333333,274.725833333333,90.9,41000
568,42.0719444444445,273.629444444444,89.9,9840
569,41.9616666666667,273.649444444444,99.9,0
570,42.0719444444445,273.629444444444,94.9,0
571,46.6769444444445,270.4225,92.7,0
572,41.9616666666667,273.649444444444,90.7,0
573,44.4036111111111,273.843888888889,92.3,82000
574,44.6427777777778,273.971666666667,92.1,0
575,44.6427777777778,273.971666666667,92.1,0
576,43.6772222222222,274.619166666667,103.9,9840
577,43.6636111111111,274.518333333333,100.9,0
578,43.6836111111111,274.417777777778,102.3,0
579,42.4536111111111,276.836111111111,94.7,0
580,42.5783333333333,276.713888888889,88.1,0
581,45.3241666666667,275.121111111111,93.5,0
582,41.9886111111111,273.470555555556,97.5,0
583,41.7422222222222,274.757222222222,94.7,0
584,42.1538888888889,275.598055555556,105.3,0
585,41.8808333333333,273.696388888889,99.1,0
586,43.0688888888889,277.52,89.7,492
587,43.1061111111111,276.48,89.7,24600
588,42.8066666666667,276.428888888889,89.7,41000
589,42.7838888888889,276.465277777778,89.7,41000
590,44.2855555555556,274.511111111111,91.9,9840
591,44.2758333333333,274.286666666667,91.9,41000
592,44.1711111111111,274.663055555556,107.1,0
593,44.5947222222222,274.801944444444,92.9,0
594,44.2758333333333,274.286388888889,91.1,0
595,44.3808333333333,274.443333333333,96.7,0
596,45.5916666666667,272.339722222222,99.9,9840
597,45.5866666666667,272.44,107.3,9840
598,43.5619444444444,276.018333333333,100.5,0
599,43.9411111111111,276.728611111111,101.3,9840
600,43.9411111111111,276.728611111111,105.7,9840
601,43.6152777777778,276.921388888889,92.1,41000
602,43.6663888888889,276.925277777778,92.1,0
603,45.3325,274.778611111111,90.9,9840
604,45.1802777777778,274.902777777778,105.9,0
605,45.5022222222222,274.971111111111,90.9,8856
606,42.6419444444444,275.201388888889,92.7,0
607,42.6419444444444,275.201388888889,92.7,0
608,45.5647222222222,275.868333333333,99.9,82000
609,45.5794444444445,275.762222222222,102.1,41000
610,45.6502777777778,275.656388888889,97.7,41000
611,45.4472222222222,275.525,105.1,0
612,42.6616666666667,277.41,91.5,1722
613,46.5144444444444,272.523333333333,94.9,164000
614,43.7447222222222,275.1975,95.3,0
615,42.5658333333333,273.792777777778,90.1,9840
616,41.9411111111111,274.995833333333,101.1,0
617,42.0577777777778,275.002777777778,90.1,41000
618,42.2016666666667,274.940277777778,90.1,41000
619,42.1447222222222,274.790555555556,90.1,82000
620,42.0577777777778,275.0025,98.5,0
621,43.8113888888889,275.534166666667,101.5,0
622,43.8113888888889,275.534166666667,101.7,0
623,41.8936111111111,274.335277777778,88.5,41000
624,43.3433333333333,274.128888888889,105.3,82000
625,46.5338888888889,271.456388888889,92.7,0
626,46.0883333333333,271.665,96.7,9840
627,45.9561111111111,271.437222222222,103.9,82000
628,46.0827777777778,271.655277777778,100.7,164000
629,46.1008333333333,271.459722222222,94.9,41000
630,46.1008333333333,271.459722222222,94.9,41000
631,46.0966666666667,271.668055555556,100.7,0
632,43.6761111111111,273.761111111111,88.3,9840
633,44.0577777777778,273.853888888889,93.3,9840
634,43.9711111111111,273.671666666667,99.9,9840
635,43.9861111111111,273.763611111111,100.5,9840
636,43.9861111111111,273.763611111111,100.5,9840
637,42.3238888888889,276.764166666667,89.3,0
638,42.3894444444444,276.851944444444,100.3,0
639,43.5772222222222,277.181944444444,107.3,9840
640,42.4711111111111,276.799166666667,102.3,0
641,42.3708333333333,276.926944444444,96.7,47.56
642,42.345,276.991666666667,88.3,0
643,42.4480555555556,276.826944444444,92.7,162.36
644,42.4061111111111,276.887777777778,93.5,162.36
645,42.4480555555556,276.826944444444,93.5,162.36
646,42.5113888888889,277.040555555556,92.7,410
647,42.2847222222222,276.859722222222,98.3,410
648,42.3894444444444,277.014444444444,93.5,65.6
649,42.4480555555556,276.826944444444,104.7,410
650,42.4480555555556,276.826944444444,104.7,0
651,42.4477777777778,276.826944444444,93.9,410
652,42.5113888888889,277.040555555556,107.1,410
653,42.3516666666667,276.936666666667,101.9,0
654,42.4711111111111,276.799166666667,105.9,0
655,42.3319444444445,276.955,106.7,0
656,42.4536111111111,276.836111111111,96.3,0
657,42.3577777777778,276.934444444444,107.5,0
658,42.4061111111111,276.887777777778,97.9,0
659,42.4727777777778,276.800277777778,95.5,0
660,42.395,276.850555555556,98.7,0
661,42.4711111111111,276.799166666667,93.1,0
662,42.4536111111111,276.836111111111,105.1,0
663,42.3777777777778,276.757777777778,103.5,0
664,42.3319444444445,276.955,92.3,0
665,42.4694444444445,276.885,104.3,0
666,42.3736111111111,276.886111111111,90.9,0
667,42.4708333333333,276.75,101.1,0
668,42.3319444444445,276.955,106.7,0
669,42.4827777777778,276.794722222222,97.1,0
670,42.4536111111111,276.836111111111,99.5,0
671,42.8511111111111,275.333055555556,96.5,0
672,41.9977777777778,273.946111111111,92.1,0
673,42.8088888888889,275.215,88.5,0
674,42.8069444444444,275.211666666667,88.5,41000
675,45.1777777777778,274.900833333333,100.9,0
676,42.7055555555556,275.525,88.9,0
677,42.6758333333333,275.5,99.1,0
678,42.7022222222222,275.585833333333,90.5,0
679,42.6458333333333,275.439444444444,94.9,0
680,44.3383333333333,276.378888888889,91.3,9840
681,44.2794444444444,276.509722222222,92.7,9840
682,44.2736111111111,276.336666666667,91.3,41000
683,42.1983333333333,276.7825,97.5,0
684,43.2736111111111,277.412222222222,88.9,0
685,45.7452777777778,272.946111111111,107.1,0
686,45.8836111111111,272.514722222222,90.9,82000
687,45.8836111111111,272.514722222222,90.9,164000
688,46.1344444444444,273.052222222222,97.1,0
689,45.9902777777778,272.633333333333,104.7,0
690,43.5141666666667,276.235833333333,97.3,0
691,44.0286111111111,274.7025,102.7,9840
692,44.0286111111111,274.7025,102.7,9840
693,45.9966666666667,272.173333333333,102.3,9840
694,42.4638888888889,276.871944444444,100.7,164
695,43.1011111111111,273.808611111111,93.1,9840
696,44.5975,274.658055555556,95.9,0
697,44.5947222222222,274.801944444444,95.9,82000
698,42.9405555555556,276.370277777778,88.9,0
699,42.9802777777778,276.422222222222,107.9,0
700,43.0413888888889,276.308888888889,92.7,4920
701,43.0202777777778,276.322222222222,95.1,0
702,43.2,276.441666666667,95.1,0
703,42.9738888888889,276.349722222222,95.1,55760
704,42.8991666666667,276.538333333333,91.1,0
705,43.0108333333333,276.348888888889,105.5,0
706,43.0688888888889,277.52,107.9,49.2
707,42.9013888888889,275.383888888889,104.7,9840
708,43.3044444444444,276.448055555556,93.7,0
709,44.7013888888889,274.343333333333,99.3,164000
710,44.6105555555556,273.839444444444,99.3,0
711,44.7747222222222,275.341944444444,95.3,9840
712,44.7747222222222,275.341944444444,95.3,9840
713,43.4819444444444,275.926944444444,90.9,9840
714,43.4708333333333,274.059722222222,100.1,0
715,43.7583333333333,276.9025,88.5,9840
716,42.2955555555556,274.531111111111,90.9,0
717,44.9877777777778,275.634722222222,97.1,82000
718,45.17,275.248888888889,88.1,4920
719,45.17,275.248888888889,88.1,8200
720,45.045,275.154444444444,106.7,0
721,45.0258333333333,275.338888888889,95.3,0
722,45.0258333333333,275.338888888889,101.5,9840
723,45.0194444444445,275.592222222222,101.5,82000
724,45.1380555555556,275.837777777778,90.5,0
725,45.8047222222222,272.829166666667,105.5,0
726,43.9833333333333,275.511666666667,103.9,41000
727,43.955,275.450833333333,103.1,0
728,44.8208333333333,274.005,98.1,0
729,44.8211111111111,274.003611111111,95.5,0
730,45.5119444444444,274.961388888889,91.3,9840
731,45.5086111111111,274.963611111111,91.3,9840
732,43.175,276.932777777778,88.1,0
733,43.175,276.932777777778,88.1,0
734,43.0563888888889,273.759166666667,92.1,0
735,42.7047222222222,275.377777777778,92.9,9840
736,42.9777777777778,274.404444444444,89.7,9840
737,42.9777777777778,274.404444444444,89.7,9840
738,42.9875,274.376111111111,88.9,0
739,42.6869444444444,274.490277777778,105.7,0
740,42.7961111111111,274.350555555556,91.3,0
741,43.0411111111111,274.642222222222,101.3,0
742,42.8422222222222,274.381944444444,89.9,0
743,42.8422222222222,274.381944444444,89.9,0
744,43.0325,274.303611111111,98.7,0
745,42.9536111111111,274.301388888889,102.9,0
746,42.7961111111111,274.350555555556,97.9,0
747,42.6322222222222,274.462222222222,93.7,0
748,43.0336111111111,274.479166666667,96.9,0
749,43.0325,274.303611111111,95.7,0
750,42.6869444444444,274.490277777778,104.1,0
751,44.5708333333333,275.3075,100.3,0
752,43.0908333333333,274.725833333333,91.9,9840
753,43.0208333333333,274.653888888889,107.3,0
754,44.9663888888889,274.225833333333,88.3,41000
755,42.4741666666667,277.114166666667,88.3,9020
756,45.9669444444444,273.511666666667,102.5,164000
757,45.9644444444445,273.723333333333,94.7,0
758,45.9669444444444,273.511666666667,99.9,164000
759,45.9669444444444,273.511666666667,95.3,164000
760,46.2888888888889,272.647222222222,100.3,41000
761,46.2888888888889,272.647222222222,100.3,41000
762,46.5702777777778,272.434166666667,100.3,164000
763,42.3927777777778,276.853611111111,89.1,0
764,42.4536111111111,276.836111111111,99.9,0
765,47.1036111111111,271.432222222222,98.5,164000
766,47.0358333333333,271.304444444444,98.7,0
767,47.1183333333333,271.430277777778,93.5,0
768,42.0736111111111,275.406111111111,90.9,9840
769,43.6905555555556,277.058611111111,103.7,82000
770,43.8447222222222,277.348611111111,99.1,9840
771,43.8447222222222,277.348611111111,105.7,9840
772,43.6861111111111,277.005555555556,89.3,19680
773,43.985,277.026388888889,105.7,0
774,45.5022222222222,274.971111111111,90.1,41000
775,45.5680555555556,274.925833333333,90.1,82000
776,45.5022222222222,274.971111111111,103.9,0
777,44.2772222222222,274.301388888889,93.7,9840
778,43.8925,275.181666666667,103.9,9840
779,43.5841666666667,277.188333333333,97.5,0
780,43.0172222222222,275.201111111111,90.7,9840
781,44.2891666666667,275.257777777778,98.5,164000
782,43.9547222222222,275.450277777778,90.7,41000
783,43.9938888888889,275.163055555556,92.1,0
784,43.9938888888889,275.163055555556,92.1,0
785,44.6561111111111,276.705277777778,93.1,9840
786,44.79,276.3175,89.7,0
787,44.6561111111111,276.705277777778,94.3,9840
788,44.7030555555556,276.476111111111,88.1,41000
789,44.7033333333333,276.475833333333,88.1,82000
790,43.8591666666667,273.6925,94.1,41000
791,43.6761111111111,273.760833333333,105.3,0
792,43.6761111111111,273.760833333333,105.3,0
793,42.3005555555556,273.749166666667,103.7,0
794,42.6261111111111,274.764166666667,88.7,9840
795,42.6266666666667,274.7225,100.1,0
796,43.5544444444444,273.852222222222,91.7,82000
797,42.4080555555556,276.908333333333,88.1,19.68
798,42.4080555555556,276.908333333333,88.1,72.16
799,45.0208333333333,276.0775,94.9,0
800,41.8930555555556,275.348611111111,88.9,0
801,41.9280555555556,275.363888888889,92.1,0
802,42.8555555555556,274.0375,94.5,0
803,42.7877777777778,273.899444444444,89.9,0
804,42.8194444444445,274.130833333333,96.1,0
805,44.6613888888889,274.185277777778,105.5,9840
806,44.6613888888889,274.185277777778,105.5,41000
807,47.1097222222222,271.401388888889,96.3,164000
808,47.1036111111111,271.432222222222,102.3,0
809,47.1036111111111,271.432222222222,92.7,82000
810,47.0355555555556,271.304722222222,91.1,0
811,47.1408333333333,271.459444444444,97.7,0
812,47.0705555555556,271.324166666667,96.3,0
813,47.1408333333333,271.459444444444,97.7,41000
814,47.1408333333333,271.459444444444,91.9,0
815,47.12,271.451111111111,91.9,0
816,44.2891666666667,275.257777777778,92.1,9840
817,44.2883333333333,275.258333333333,98.5,0
818,44.2883333333333,275.258333333333,98.5,0
819,42.6630555555556,276.060277777778,93.5,0
820,43.0980555555556,275.135,103.7,9840
821,41.8805555555556,275.712222222222,92.9,9840
822,41.8841666666667,275.476666666667,102.5,0
823,42.1622222222222,276.794444444444,89.5,1476
824,42.1622222222222,276.794444444444,90.1,32800
825,42.1622222222222,276.794444444444,90.1,82000
826,43.0875,276.926388888889,88.1,0
827,42.8963888888889,276.764166666667,89.1,9840
828,44.2758333333333,274.286388888889,88.7,0
829,45.8208333333333,271.959722222222,91.5,9840
830,45.82,271.931666666667,106.7,41000
831,45.8208333333333,271.956944444444,96.7,9840
832,45.8211111111111,271.958888888889,93.1,0
833,45.8208333333333,271.956111111111,101.5,0
834,46.1008333333333,271.460277777778,99.1,0
835,46.4522222222222,269.883333333333,88.3,41000
836,46.4236111111111,269.751666666667,99.7,0
837,46.4716666666667,269.988055555556,106.9,0
838,46.5141666666667,272.518333333333,92.3,0
839,46.4791666666667,272.375,107.7,0
840,42.2727777777778,275.6425,88.5,0
841,42.3922222222222,275.333333333333,94.1,0
842,42.3911111111111,275.377222222222,106.1,0
843,42.3066666666667,274.342777777778,88.3,0
844,42.2819444444444,274.381944444444,89.1,0
845,42.2433333333333,274.428055555556,89.9,0
846,42.4175,274.468055555556,102.1,0
847,42.4755555555556,274.510555555556,106.5,0
848,44.7913888888889,274.761111111111,97.5,0
849,45.8327777777778,271.9175,98.1,0
850,45.8327777777778,271.9175,98.1,41000
851,46.755,271.546666666667,106.1,82000
852,46.6772222222222,271.631111111111,105.7,164000
853,44.3533333333333,274.864166666667,104.9,0
854,43.4091666666667,274.735277777778,106.3,0
855,42.6758333333333,275.5,101.7,0
856,42.6758333333333,275.5,100.7,0
857,42.6758333333333,275.5,97.5,0
858,42.7377777777778,275.4475,89.7,0
859,43.0786111111111,276.81,103.1,0
860,44.7719444444445,274.317222222222,94.3,0
861,42.7055555555556,275.643055555556,88.1,0
862,42.3825,274.682777777778,91.9,9840
863,44.7805555555556,275.6875,102.3,9840
864,43.375,277.465555555556,99.1,9840
865,43.2094444444445,277.463888888889,96.9,0
866,43.9083333333333,273.563888888889,96.3,9840
867,43.9083333333333,273.563888888889,96.3,9840
868,44.0313888888889,273.584166666667,97.7,9840
869,44.0313888888889,273.584166666667,97.7,9840
870,44.0575,273.583888888889,106.3,0
871,44.0575,273.583888888889,98.7,9840
872,41.6680555555556,276.546944444444,98.3,9840
873,44.5069444444444,275.863333333333,102.3,41000
874,45.5680555555556,274.925833333333,88.5,164000
875,45.5686111111111,274.956944444444,88.5,0
876,45.6666666666667,275.365277777778,88.5,0
877,45.6666666666667,275.365277777778,94.5,0
878,44.2466666666667,273.68,105.1,9840
879,44.2466666666667,273.68,107.9,9840
880,44.2111111111111,273.701944444444,104.3,9840
881,44.105,273.749722222222,89.7,41000
882,44.2111111111111,273.701944444444,97.7,0
883,44.2113888888889,273.701944444444,101.5,0
884,45.9566666666667,273.753333333333,99.9,9840
885,45.9691666666667,273.813888888889,93.3,0
886,45.9680555555556,273.726666666667,93.3,0
887,45.9641666666667,273.723055555556,93.3,0
888,45.9666666666667,273.511944444444,92.7,82000
889,45.9666666666667,273.511944444444,88.9,82000
890,45.9666666666667,273.511944444444,92.7,164000
891,45.9666666666667,273.511944444444,88.9,73472
892,43.2861111111111,277.028611111111,92.5,0
893,46.5788888888889,272.605,91.5,0
894,46.5144444444444,272.523055555556,103.3,0
895,46.4977777777778,272.583611111111,95.7,0
896,46.3525,272.141111111111,90.1,0
897,46.5144444444444,272.523055555556,94.1,0
898,42.3130555555556,275.070555555556,104.9,0
899,42.1291666666667,274.279722222222,92.5,9840
900,44.2025,274.899444444444,107.9,9840
901,46.34,274.313333333333,96.7,41000
902,46.3258333333333,274.312222222222,102.3,41000
903,46.5263888888889,274.408333333333,96.7,82000
904,45.0666666666667,272.334722222222,103.7,0
905,46.475,271.765,88.1,164000
906,46.475,271.765,88.1,164000
907,46.6038888888889,272.379166666667,88.3,82000
908,43.7136111111111,275.7775,107.5,9840
909,43.8461111111111,275.907777777778,93.3,0
910,43.5155555555556,275.453055555556,99.7,0
911,45.35,275.975277777778,98.1,9840
912,44.7277777777778,275.640277777778,93.9,0
913,44.6166666666667,275.921388888889,103.9,0
914,41.9186111111111,276.563333333333,97.5,0
915,41.9186111111111,276.562777777778,94.3,127.92
916,41.9188888888889,276.623888888889,88.1,0
917,41.9572222222222,276.741666666667,88.1,0
918,41.9572222222222,276.741666666667,88.1,1312
919,42.5441666666667,277.0975,102.7,0
920,43.5758333333333,275.225277777778,91.5,41000
921,43.7266666666667,275.395555555556,94.5,0
922,43.5733333333333,275.2275,89.5,0
923,43.5941666666667,275.176111111111,104.3,0
924,43.5866666666667,275.226666666667,91.5,0
925,44.0363888888889,275.945,91.9,9840
926,46.4147222222222,273.325555555555,89.7,41000
927,46.6038888888889,272.379166666667,89.3,164000
928,46.4147222222222,273.325833333333,98.3,0
929,43.3333333333333,273.833333333333,91.7,9840
930,43.3102777777778,274.087777777778,91.7,41000
931,43.2772222222222,273.665277777778,88.1,9840
932,43.23,273.915833333333,106.9,0
933,43.2772222222222,273.665277777778,107.9,0
934,43.2044444444445,273.970833333333,104.5,0
935,43.2772222222222,273.665277777778,101.7,0
936,46.505,272.393333333333,99.5,9840
937,46.505,272.393333333333,106.7,41000
938,46.505,272.393333333333,97.9,41000
939,46.4783333333333,272.3775,101.9,0
940,42.6061111111111,277.048888888889,93.7,410
941,42.7172222222222,277.262222222222,93.7,114.8
942,43.37,274.136388888889,92.5,9840
943,46.3588888888889,274.825,93.9,82000
944,46.6266666666667,274.878611111111,93.9,164000
945,46.4494444444444,274.898888888889,97.9,0
946,46.3588888888889,274.825,93.7,82000
947,46.3133333333333,274.489444444444,93.7,0
948,46.4494444444444,274.898888888889,93.9,0
949,41.8227777777778,273.715833333333,95.3,0
950,43.2797222222222,273.658888888889,88.9,9840
951,43.2761111111111,273.754166666667,98.3,0
952,45.8208333333333,271.959722222222,94.3,0
953,42.4636111111111,276.508888888889,89.5,0
954,42.465,276.816111111111,90.3,0
955,42.4419444444444,275.075,89.1,9840
956,42.4419444444444,275.075,89.7,0
957,45.4411111111111,275.989722222222,106.3,82000
958,44.5180555555556,273.855555555556,93.3,41000
959,44.3633333333333,273.795,93.3,9840
960,42.05,275.816666666667,88.3,9840
961,46.875,270.7,88.5,0
962,46.7469444444444,270.809166666667,101.1,0
963,43.0880555555556,274.776111111111,91.9,9840
964,44.5783333333333,276.622222222222,100.7,0
965,44.6747222222222,276.481666666667,95.7,0
966,44.9280555555556,276.393611111111,104.1,9840
967,44.9136111111111,276.5725,93.1,41000
968,42.5086111111111,274.231111111111,100.9,0
969,42.5088888888889,274.231666666667,100.9,0
970,43.0455555555556,275.612777777778,91.3,0
971,42.9955555555556,276.0075,103.9,0
972,46.7616666666667,274.009444444444,94.7,41000
973,46.7616666666667,274.009444444444,94.7,41000
974,46.4661111111111,275.280555555556,95.1,41000
975,43.775,273.56,103.9,9840
976,43.775,273.56,103.9,9840
977,43.8694444444444,273.641111111111,96.3,9840
978,43.9169444444444,273.563333333333,98.7,9840
979,43.8591666666667,273.6925,94.1,0
980,43.8694444444444,273.641111111111,102.7,0
981,45.4777777777778,275.048888888889,98.9,0
982,45.3213888888889,275.124166666667,96.3,0
983,46.29,275.685277777778,105.5,0
984,43.8622222222222,276.845277777778,101.3,9840
985,43.8461111111111,275.907777777778,100.9,0
986,41.8844444444444,275.529166666667,91.1,0
987,42.3494444444444,276.504166666667,88.1,9840
988,42.3472222222222,276.5025,88.1,0
989,42.9788888888889,277.572222222222,88.9,0
990,42.9672222222222,277.526388888889,105.7,0
991,43.0688888888889,277.52,102.3,0
992,42.9930555555556,277.523611111111,88.3,0
993,42.9933333333333,277.531666666667,88.3,0
994,43.025,277.563888888889,91.9,0
995,42.9769444444445,277.535555555556,107.1,0
996,42.9786111111111,277.570833333333,91.3,0
997,43.4491666666667,277.356944444444,92.9,9840
998,42.2152777777778,274.389722222222,96.5,0
999,42.1286111111111,274.662222222222,107.7,0
1000,42.1286111111111,274.662222222222,107.7,0
1001,45.6866666666667,272.475,100.3,9840
1002,45.6866666666667,272.475,107.3,41000
1003,45.6433333333333,272.623055555556,107.3,82000
1004,45.7108333333333,272.653055555556,107.3,82000
1005,45.3041666666667,276.523055555556,103.7,9840
1006,46.3911111111111,275.535555555556,91.5,0
1007,41.8472222222222,275.289166666667,90.1,0
1008,43.7813888888889,274.383888888889,97.3,0
1009,46.475,271.765,96.7,82000
1010,46.5022222222222,272.352222222222,94.9,164000
1011,46.5080555555556,272.031666666667,96.7,82000
1012,42.4816666666667,274.624722222222,91.9,9840
1013,42.0727777777778,273.499722222222,88.7,41000
1014,42.2538888888889,273.664166666667,88.7,82000
1015,42.1622222222222,276.794444444444,93.5,57.4
1016,42.2847222222222,276.859722222222,93.5,93.48
1017,42.6786111111111,276.875555555556,90.3,1968
1018,43.1422222222222,274.555555555556,91.9,0
1019,45.3980555555556,276.078055555556,99.9,0
1020,45.3502777777778,276.216666666667,97.7,41000
1021,45.3502777777778,276.216666666667,97.7,0
1022,45.3505555555556,276.217222222222,96.7,0
1023,44.4158333333333,275.430833333333,89.1,9840
1024,44.5708333333333,275.3075,101.1,0
1025,44.4327777777778,275.990833333333,89.7,41000
1026,44.4327777777778,275.990833333333,90.9,41000
1027,44.4327777777778,275.990833333333,90.9,0
1028,44.5152777777778,275.360833333333,97.1,9840
1029,42.3927777777778,276.851388888889,89.7,0
1030,45.0627777777778,276.284444444444,88.5,9840
1031,45.0627777777778,276.284444444444,88.5,9840
1032,43.4180555555556,276.0375,88.3,9840
1033,43.4772222222222,276.05,106.3,0
1034,43.4177777777778,276.081666666667,98.1,0
1035,43.3538888888889,276.081666666667,107.1,0
1036,43.3927777777778,276.075833333333,104.5,0
1037,43.1763888888889,277.407222222222,90.7,0
1038,43.1741666666667,277.399722222222,90.7,0
1039,43.3925,277.167777777778,97.7,0
1040,42.6861111111111,273.831944444444,92.7,0
1041,46.4933333333333,275.648333333333,102.3,41000
1042,46.375,275.658333333333,93.9,41000
1043,46.4858333333333,275.666111111111,90.3,0
1044,46.4861111111111,275.769722222222,98.3,0
1045,46.4919444444444,275.636666666667,90.1,0
1046,46.4377777777778,275.621666666667,101.3,0
1047,46.4283333333333,275.059722222222,101.3,0
1048,46.3975,275.600555555556,99.5,0
1049,42.1105555555556,274.3675,89.5,41000
1050,42.1105555555556,274.3675,89.7,0
1051,44.0575,273.583888888889,94.9,0
1052,42.3005555555556,273.749166666667,98.3,0
1053,42.47,276.736111111111,88.3,0
1054,43.1841666666667,277.134444444444,89.7,0
1055,42.1522222222222,275.451111111111,89.3,41000
1056,42.1536111111111,275.450555555556,106.9,0
1057,42.3555555555556,274.658888888889,90.9,9840
1058,45.8622222222222,275.218055555556,100.7,410
1059,42.7652777777778,277.503611111111,105.5,0
1060,42.8630555555556,277.505,105.5,34.44
1061,42.9888888888889,277.513888888889,105.5,65.6
1062,42.9769444444445,277.535555555556,105.5,63.96
1063,45.5022222222222,274.971111111111,102.9,0
1064,42.8913888888889,275.425833333333,92.1,0
1065,42.0719444444445,273.629444444444,107.1,0
1066,44.2461111111111,276.037777777778,106.9,9840
1067,44.0355555555556,275.991388888889,96.9,0
1068,45.4197222222222,272.422777777778,107.3,0
1069,45.415,272.393333333333,99.3,9840
1070,45.5919444444444,272.397222222222,102.3,82000
1071,45.415,272.393333333333,102.3,41000
1072,45.2791666666667,272.326111111111,106.3,0
1073,41.7697222222222,274.580833333333,99.3,0
1074,44.4133333333333,276.379444444444,103.3,0
1075,44.2736111111111,276.336666666667,106.1,0
1076,44.4119444444444,276.378611111111,104.7,0
1077,44.5688888888889,274.250555555556,106.3,9840
1078,41.8,273.35,97.5,9840
1079,41.9280555555556,274.361666666667,95.9,0
1080,44.7766666666667,274.316111111111,91.5,41000
1081,44.7830555555556,274.35,104.5,9840
1082,44.7766666666667,274.316111111111,100.7,9840
1083,44.7672222222222,274.309444444444,107.5,0
1084,44.7697222222222,274.310555555556,92.1,0
1085,44.7702777777778,274.304722222222,101.9,0
1086,44.7766666666667,274.338055555556,89.9,0
1087,44.7766666666667,274.316111111111,90.7,0
1088,44.4586111111111,274.299444444444,103.5,0
1089,46.1880555555556,275.053888888889,89.9,0
1090,45.3519444444444,275.406111111111,95.3,82000
1091,43.2,276.494444444444,101.5,0
1092,43.55,273.957222222222,90.3,0
1093,41.9172222222222,274.084444444444,89.9,0
1094,45.2233333333333,275.400277777778,92.5,164000
1095,43.2988888888889,276.490555555556,98.9,0
1096,42.0202777777778,274.589722222222,91.5,41000
1097,43.9466666666667,273.878333333333,102.7,9840
1098,43.9022222222222,273.829722222222,98.9,9840
1099,44.005,273.862222222222,106.5,9840
1100,42.9752777777778,274.208888888889,90.7,0
1101,43.0163888888889,274.26,100.5,0
1102,42.4911111111111,277.011388888889,104.7,82
1103,42.5166666666667,276.99,89.1,0
1104,44.2991666666667,275.733611111111,105.5,0
1105,44.2991666666667,275.733611111111,105.5,41000
1106,42.3777777777778,276.757777777778,106.3,0
1107,42.4480555555556,276.826944444444,106.3,0
1108,42.3441666666667,276.648333333333,106.3,0
1109,43.3844444444444,273.675,97.5,0
1110,43.3538888888889,273.672777777778,95.3,0
1111,45.4480555555556,275.527777777778,95.3,82000
1112,44.5,276.5,94.9,9840
1113,42.9125,274.315,88.1,0
1114,42.2466666666667,276.3775,89.1,0
1115,42.2633333333333,276.373888888889,89.1,0
1116,42.8163888888889,274.043333333333,99.3,0
1117,42.8372222222222,274.011944444444,89.3,0
1118,47.3113888888889,263.479444444444,106.5,164000
1119,47.3113888888889,263.479444444444,106.3,0
1120,47.3113888888889,263.479444444444,106.3,0
1121,46.6883333333333,266.400277777778,94.3,0
1122,45.94,264.545,94.3,41000
1123,45.9319444444444,264.555,89.5,0
1124,45.88,264.688611111111,99.3,0
1125,45.9319444444444,264.554722222222,92.3,0
1126,49.3425,264.931388888889,96.1,0
1127,47.6883333333333,268.093888888889,106.7,0
1128,47.525,264.603055555556,102.3,82000
1129,47.4230555555556,264.610555555556,92.3,41000
1130,47.6058333333333,264.574722222222,96.7,82000
1131,47.53,264.775555555556,90.5,82000
1132,47.6022222222222,264.461388888889,96.7,0
1133,46.8194444444445,263.234166666667,95.1,164000
1134,48.7144444444444,265.4075,94.5,164000
1135,47.4802777777778,265.119444444444,95.5,164000
1136,47.37,265.118055555556,101.1,0
1137,47.4833333333333,265.125555555556,89.7,0
1138,47.7008333333333,265.512222222222,88.5,0
1139,47.5558333333333,265.188611111111,103.7,0
1140,47.7008333333333,265.512222222222,91.3,0
1141,47.73,265.451388888889,92.1,9840
1142,47.73,265.451388888889,104.5,9840
1143,47.5572222222222,265.198611111111,104.5,41000
1144,47.5572222222222,265.198611111111,92.1,82000
1145,47.7397222222222,265.313611111111,89.5,9840
1146,47.7391666666667,265.313611111111,89.5,41000
1147,47.5552777777778,265.2,98.3,0
1148,47.5552777777778,265.2,98.3,164000
1149,43.8677777777778,266.875277777778,100.9,0
1150,46.3219444444445,265.834444444444,89.5,0
1151,46.4225,265.538333333333,90.7,0
1152,46.3322222222222,265.825833333333,103.5,0
1153,46.3322222222222,265.825833333333,107.5,0
1154,46.4444444444444,265.617777777778,106.7,0
1155,46.5447222222222,263.373888888889,105.1,0
1156,46.6036111111111,265.748611111111,104.3,0
1157,46.0533333333333,265.153611111111,99.7,0
1158,47.4961111111111,267.215,92.5,0
1159,45.5777777777778,266.784166666667,105.3,0
1160,47.3336111111111,265.79,90.1,82000
1161,46.7611111111111,267.629722222222,100.5,164000
1162,46.8363888888889,267.297777777778,89.1,82000
1163,46.8363888888889,267.2975,89.1,164000
1164,46.7494444444444,267.578333333333,96.5,82000
1165,46.7494444444444,267.578333333333,96.5,0
1166,46.7494444444444,267.578333333333,100.9,0
1167,46.7494444444444,267.578333333333,100.9,41000
1168,47.3252777777778,266.728055555556,96.1,0
1169,47.8858333333333,267.336944444444,88.7,41000
1170,47.8858333333333,267.336944444444,88.7,41000
1171,47.8858333333333,267.336666666667,88.3,9840
1172,47.8858333333333,267.336666666667,88.3,9840
1173,47.8858333333333,267.336944444444,88.9,26240
1174,47.8452777777778,263.160277777778,96.1,0
1175,47.8213888888889,263.182222222222,97.1,0
1176,46.5644444444444,266.048888888889,101.5,0
1177,47.3394444444445,266.603055555556,105.5,0
1178,46.6741666666667,263.772222222222,95.1,0
1179,46.8066666666667,264.226666666667,102.3,0
1180,46.7891666666667,267.880555555556,89.5,41000
1181,46.7891666666667,267.880555555556,89.5,164000
1182,46.7852777777778,267.878888888889,89.5,164000
1183,46.7852777777778,267.878888888889,95.7,0
1184,46.7891666666667,267.885555555556,90.5,0
1185,46.7888888888889,267.881666666667,97.3,0
1186,46.7891666666667,267.885555555556,105.1,0
1187,46.7869444444444,267.878333333333,101.7,0
1188,46.7947222222222,267.881666666667,94.9,164000
1189,46.7936111111111,267.882222222222,94.9,0
1190,46.7908333333333,267.883333333333,98.9,0
1191,46.7919444444444,267.877222222222,103.3,0
1192,46.7872222222222,267.885,89.3,0
1193,46.7888888888889,267.881944444444,92.9,0
1194,47.8102777777778,263.070277777778,104.3,0
1195,47.89,268.133333333333,101.7,0
1196,47.8944444444444,268.135833333333,94.5,41000
1197,47.8836111111111,268.157777777778,93.3,0
1198,47.8972222222222,268.135833333333,89.3,39360
1199,47.8836111111111,268.157777777778,89.3,41000
1200,47.89,268.133333333333,90.1,410
1201,47.89,268.133333333333,101.3,50.84
1202,47.8944444444444,268.135833333333,92.1,0
1203,46.7077777777778,267.635,88.7,9840
1204,47.5980555555556,267.775833333333,97.9,0
1205,46.3211111111111,263.906388888889,91.5,9840
1206,46.3211111111111,263.906388888889,89.7,9840
1207,46.4683333333333,263.801388888889,103.3,0
1208,46.2452777777778,264.020277777778,96.5,0
1209,47.6058333333333,264.574722222222,107.1,164000
1210,47.6022222222222,264.461388888889,107.1,0
1211,46.8494444444444,263.386944444444,89.5,41000
1212,47.7702777777778,269.648055555556,89.7,41000
1213,47.7691666666667,269.652777777778,90.7,0
1214,47.6652777777778,269.293611111111,95.3,0
1215,47.9638888888889,270.315277777778,96.9,164000
1216,47.9638888888889,270.315277777778,92.7,164000
1217,47.9638888888889,270.315277777778,102.7,164000
1218,47.9777777777778,270.315277777778,90.1,9840
1219,47.9747222222222,270.241111111111,98.1,164000
1220,47.9769444444445,270.315833333333,92.7,0
1221,47.2472222222222,266.438888888889,107.3,9840
1222,47.2472222222222,266.438888888889,104.1,9840
1223,47.2775,266.550277777778,89.7,41000
1224,47.2547222222222,266.565555555556,91.7,0
1225,47.2547222222222,266.565555555556,96.9,0
1226,48.0777777777778,269.240277777778,91.7,0
1227,48.0777777777778,269.240277777778,89.1,9840
1228,46.6411111111111,263.703333333333,89.1,164000
1229,46.7947222222222,267.881666666667,92.1,0
1230,47.4083333333333,267.048333333333,106.3,164000
1231,47.4316666666667,267.057222222222,88.7,9840
1232,47.4094444444444,267.049166666667,90.1,0
1233,47.3997222222222,267.036666666667,90.1,0
1234,47.3252777777778,266.728055555556,106.3,0
1235,47.3722222222222,266.986388888889,93.9,0
1236,46.0275,266.9775,91.9,41000
1237,46.0275,266.9775,88.5,41000
1238,48.5916666666667,266.591666666667,88.1,0
1239,48.4733333333333,266.666388888889,88.3,9840
1240,48.5625,266.176944444444,99.5,0
1241,48.5938888888889,266.569444444444,91.5,0
1242,48.5938888888889,266.569444444444,91.5,0
1243,48.5913888888889,266.618055555556,104.1,0
1244,48.5708333333333,266.561111111111,91.5,0
1245,47.9416666666667,265.551666666667,102.5,9840
1246,47.7311111111111,265.336388888889,102.5,82000
1247,46.0044444444444,265.671388888889,94.1,0
1248,45.9491666666667,265.703055555556,92.1,0
1249,47.6647222222222,269.293055555556,91.7,9840
1250,47.4563888888889,263.867222222222,101.5,0
1251,46.7597222222222,263.3925,90.3,0
1252,46.7597222222222,263.3925,91.1,0
1253,46.7597222222222,263.3925,98.7,0
1254,47.0119444444445,262.800277777778,99.9,0
1255,46.4527777777778,267.236666666667,107.1,9840
1256,46.4527777777778,267.233888888889,97.7,9840
1257,46.3805555555556,267.101666666667,103.9,9840
1258,45.7425,266.619722222222,95.5,0
1259,47.4083333333333,267.048333333333,102.9,0
1260,47.3180555555556,266.86,101.9,41000
1261,47.3777777777778,266.819166666667,98.5,41000
1262,47.4083333333333,267.048333333333,102.9,82000
1263,48.1113888888889,266.906111111111,89.9,9840
1264,46.9344444444444,265.541388888889,93.3,0
1265,45.5433333333333,267.026388888889,89.9,9840
1266,45.4116666666667,267.092222222222,90.3,9840
1267,45.5433333333333,267.026388888889,90.3,41000
1268,47.8733333333333,265.718055555556,106.1,9840
1269,45.8402777777778,264.900833333333,103.9,0
1270,46.9283333333333,264.993611111111,97.5,0
1271,46.9283333333333,264.993611111111,92.5,0
1272,46.9308333333333,264.992222222222,92.5,164000
1273,46.9308333333333,264.992222222222,94.1,164000
1274,46.4991666666667,263.913611111111,104.1,0
1275,46.7222222222222,264.156388888889,104.1,82000
1276,46.68,265.5825,102.7,65600
1277,46.6030555555556,265.690555555556,100.1,41000
1278,46.5544444444444,264.543055555556,99.5,0
1279,46.2508333333333,265.674722222222,95.9,0
1280,45.9019444444444,267.042777777778,100.9,0
1281,45.9019444444444,267.042777777778,92.1,0
1282,45.5983333333333,266.444722222222,89.7,82000
1283,45.5494444444444,266.418611111111,106.3,0
1284,46.7869444444444,267.878333333333,107.7,0
1285,47.925,264.683055555556,94.1,164000
1286,47.925,264.683055555556,95.5,164000
1287,48.9027777777778,264.6225,100.7,328
1288,48.8563888888889,264.463055555556,100.7,410
1289,48.8327777777778,264.224166666667,102.9,0
1290,48.6472222222222,264.263611111111,102.1,0
1291,48.8527777777778,264.229444444444,90.9,0
1292,48.8461111111111,264.237222222222,103.5,82000
1293,48.9027777777778,264.6225,103.5,82000
1294,48.8527777777778,264.229444444444,95.7,369
1295,48.8527777777778,264.229444444444,97.3,369
1296,48.8438888888889,264.238888888889,98.5,19.68
1297,48.8527777777778,264.229722222222,90.9,60.68
1298,45.7675,265.865277777778,96.7,0
1299,46.9077777777778,265.046388888889,89.3,164000
1300,45.8144444444444,265.9725,98.1,0
1301,46.3944444444445,265.034722222222,94.7,0
1302,48.1236111111111,263.857777777778,99.3,0
1303,47.9772222222222,263.390833333333,102.7,0
1304,47.9772222222222,263.390833333333,91.5,0
1305,47.9772222222222,263.388055555556,100.3,0
1306,48.0219444444444,263.629722222222,90.1,0
1307,46.9411111111111,268.016944444444,104.3,0
1308,47.4883333333333,267.479722222222,101.7,9840
1309,47.3811111111111,267.044722222222,99.9,0
1310,47.4963888888889,267.215,90.9,164000
1311,47.4961111111111,267.215,90.9,0
1312,46.6,265.098888888889,105.9,0
1313,47.2116666666667,265.0825,99.1,0
1314,47.3697222222222,265.118055555556,99.1,164000
1315,47.0538888888889,265.740555555556,101.9,0
1316,47.1188888888889,265.443611111111,101.9,41000
1317,48.8997222222222,264.583888888889,90.3,0
1318,48.8280555555556,264.611944444444,92.5,0
1319,48.8997222222222,264.583888888889,88.7,0
1320,48.8997222222222,264.583888888889,89.5,0
1321,48.8997222222222,264.583888888889,89.5,0
1322,48.8280555555556,264.611944444444,91.7,82000
1323,46.8994444444444,264.479166666667,89.9,164000
1324,47.0291666666667,245.243333333333,105.5,82000
1325,47.0016666666667,245.526388888889,106.7,41000
1326,47.0177777777778,245.985555555556,90.3,9840
1327,47.0177777777778,245.985555555556,90.3,41000
1328,46.5055555555556,255.789444444444,100.5,0
1329,47.1594444444444,248.988333333333,101.7,164000
1330,47.1594444444444,248.988333333333,101.7,164000
1331,47.1594444444444,248.988333333333,88.1,41000
1332,47.1594444444444,248.988333333333,88.1,82000
1333,48.0458333333333,245.989722222222,100.7,164000
1334,46.2383333333333,247.880833333333,107.7,9840
1335,48.5261111111111,246.973333333333,88.1,9840
1336,48.5841666666667,247.004166666667,94.7,82000
1337,48.7063888888889,246.900277777778,88.7,0
1338,47.4786111111111,248.545555555556,104.9,164000
1339,47.5388888888889,245.851111111111,98.1,41000
1340,48.0133333333333,245.633611111111,107.1,164000
1341,47.0194444444445,245.986388888889,97.5,82000
1342,48.8547222222222,248.858888888889,91.9,9840
1343,48.3913888888889,250.701944444444,101.3,0
1344,47.7558333333333,247.838055555556,91.5,0
1345,47.8202777777778,248.200277777778,102.3,0
1346,47.8202777777778,248.200277777778,102.3,0
1347,47.8066666666667,247.820555555556,88.7,410
1348,47.4161111111111,254.403611111111,90.3,9840
1349,46.1755555555556,253.593333333333,99.5,164000
1350,48.375,245.817222222222,103.1,41000
1351,48.3725,245.818333333333,101.5,41000
1352,48.5119444444444,245.628611111111,103.1,0
1353,48.5119444444444,245.628611111111,95.9,0
1354,48.5116666666667,245.627777777778,95.9,0
1355,48.1722222222222,247.926111111111,91.9,0
1356,47.8202777777778,248.200277777778,93.7,0
1357,48.6577777777778,248.207777777778,100.9,164000
1358,48.6788888888889,247.788055555556,92.7,101.68
1359,48.6788888888889,247.788888888889,100.9,82000
1360,46.2294444444444,245.765555555556,107.9,41000
1361,46.4072222222222,247.280277777778,96.7,0
1362,46.4072222222222,247.280277777778,96.7,41000
1363,46.1008333333333,247.049166666667,96.9,164000
1364,46.2797222222222,246.481111111111,101.5,164000
1365,47.9627777777778,248.345277777778,97.9,164000
1366,46.8247222222222,248.295555555556,89.1,41000
1367,46.7697222222222,247.975555555556,104.1,0
1368,48.835,245.009166666667,107.7,0
1369,48.8780555555556,244.958333333333,107.1,16.4
1370,48.9002777777778,244.976388888889,93.5,9840
1371,47.8202777777778,248.200277777778,103.7,164000
1372,47.8202777777778,248.200277777778,103.7,164000
1373,47.6066666666667,248.640555555556,102.7,164000
1374,46.6283333333333,245.919166666667,103.5,9840
1375,46.8016666666667,246.026388888889,103.3,82000
1376,46.2608333333333,253.327222222222,91.1,0
1377,46.1755555555556,253.593333333333,101.3,0
1378,47.7336111111111,249.204444444444,95.7,41000
1379,47.7336111111111,249.204444444444,95.7,41000
1380,47.4419444444444,249.369166666667,96.3,164000
1381,47.8355555555556,249.346388888889,95.9,410
1382,47.015,245.765555555556,106.7,82000
1383,48.1883333333333,251.289166666667,88.1,0
1384,48.095,253.380277777778,93.5,0
1385,48.095,253.380277777778,93.5,41000
1386,47.0875,255.198333333333,96.5,0
1387,47.5386111111111,248.737777777778,90.7,0
1388,47.5397222222222,248.714166666667,90.7,9840
1389,47.1597222222222,248.988333333333,90.7,0
1390,47.5397222222222,248.714166666667,91.5,9840
1391,47.4922222222222,248.706944444444,91.5,41000
1392,47.5325,248.721944444444,91.5,41000
1393,47.6072222222222,248.641666666667,100.3,0
1394,47.8202777777778,248.200277777778,91.9,82000
1395,47.5397222222222,248.714166666667,98.9,0
1396,47.6072222222222,248.641666666667,107.3,0
1397,47.6072222222222,248.641666666667,107.3,0
1398,47.4647222222222,248.6425,88.9,0
1399,47.5397222222222,248.714166666667,89.9,0
1400,47.5325,248.721111111111,92.9,0
1401,47.5386111111111,248.737777777778,94.5,0
1402,47.5397222222222,248.714166666667,106.1,0
1403,47.5397222222222,248.714166666667,106.1,0
1404,46.2433333333333,245.840833333333,98.1,41000
1405,46.2294444444444,245.765555555556,90.7,9840
1406,46.2294444444444,245.765555555556,95.9,0
1407,46.8025,246.026666666667,96.3,164000
1408,46.2294444444444,245.765555555556,91.9,0
1409,46.51,246.02,98.7,0
1410,48.5538888888889,250.323333333333,89.3,410
1411,48.5538888888889,250.3225,89.3,410
1412,48.5419444444444,250.311111111111,90.1,0
1413,48.1819444444444,250.315555555556,92.5,0
1414,48.5805555555556,250.348888888889,92.5,0
1415,48.1783333333333,250.31,95.1,0
1416,46.8255555555556,248.291944444444,97.1,9840
1417,46.8255555555556,248.291944444444,98.1,9840
1418,46.77,247.976388888889,90.1,41000
1419,46.7477777777778,247.669444444444,88.5,164000
1420,46.77,247.976388888889,99.5,0
1421,46.77,247.976388888889,91.3,0
1422,46.7477777777778,247.669444444444,105.3,0
1423,46.7697222222222,247.976388888889,91.7,0
1424,46.7697222222222,247.975555555556,103.1,0
1425,46.7477777777778,247.669444444444,101.1,0
1426,46.825,248.295833333333,107.3,164000
1427,46.7686111111111,247.976666666667,101.9,9840
1428,46.7686111111111,247.976666666667,101.9,9840
1429,46.825,248.295833333333,107.3,82000
1430,46.825,248.295833333333,102.3,82000
1431,46.825,248.295555555556,106.5,82000
1432,47.6066666666667,248.640555555556,101.7,164000
1433,47.6066666666667,248.640555555556,101.7,164000
1434,47.5397222222222,248.714166666667,106.1,164000
1435,48.3616666666667,252.850277777778,89.1,9840
1436,48.2069444444444,245.703888888889,88.7,164000
1437,48.5061111111111,245.651944444444,90.1,82000
1438,48.1761111111111,245.650833333333,88.7,0
1439,48.0133333333333,245.633611111111,97.1,0
1440,48.3955555555556,245.679166666667,98.5,0
1441,48.5116666666667,245.627777777778,106.3,0
1442,48.0941666666667,245.729166666667,103.9,0
1443,48.5061111111111,245.651944444444,90.9,0
1444,48.1761111111111,245.650833333333,89.9,0
1445,48.5061111111111,245.652222222222,90.1,4100
1446,48.1761111111111,245.650833333333,89.9,0
1447,48.0680555555556,245.960833333333,94.3,164000
1448,48.0941666666667,245.729166666667,94.3,41000
1449,47.0702777777778,250.591944444444,95.9,0
1450,47.0702777777778,250.591944444444,95.9,41000
1451,47.1794444444444,250.464444444444,91.1,164000
1452,47.1775,250.463888888889,88.5,9840
1453,47.1775,250.464166666667,107.9,41000
1454,47.1777777777778,250.464166666667,99.7,164000
1455,47.1777777777778,250.464166666667,99.7,164000
1456,47.1775,250.464166666667,99.9,164000
1457,48.3705555555556,244.460277777778,101.7,0
1458,48.4388888888889,244.471944444444,90.5,9840
1459,48.4869444444445,244.204722222222,88.9,9840
1460,47.9341666666667,251.426111111111,91.9,9840
1461,48.2547222222222,252.1775,100.1,0
1462,46.3894444444444,254.243333333333,90.7,0
1463,46.4011111111111,254.347777777778,92.5,0
1464,46.1755555555556,253.593611111111,91.5,164000
1465,46.3838888888889,254.193333333333,88.5,41000
1466,46.3838888888889,254.193333333333,88.5,41000
1467,46.4083333333333,254.336111111111,88.3,41000
1468,46.8822222222222,246.013611111111,89.9,0
1469,47.04,246.015833333333,93.3,0
1470,46.8083333333333,246.021944444444,102.5,0
1471,46.8025,246.026666666667,91.1,0
1472,47.04,246.015833333333,89.1,0
1473,47.04,246.015833333333,89.1,0
1474,47.0325,246.0075,94.9,0
1475,46.8025,246.026666666667,100.1,0
1476,46.8083333333333,246.021944444444,88.1,82000
1477,46.8025,246.026666666667,88.3,82000
1478,46.8016666666667,246.026388888889,105.9,82000
1479,46.8083333333333,246.021944444444,102.5,164000
1480,46.8025,246.026666666667,91.1,164000
1481,46.8016666666667,246.026388888889,105.9,164000
1482,46.5619444444444,248.038333333333,106.5,9840
1483,46.5572222222222,248.082222222222,98.5,9840
1484,46.5713888888889,247.685,88.3,164000
1485,46.9383333333333,249.260833333333,97.1,82000
1486,46.6002777777778,245.881111111111,99.7,82000
1487,46.8025,246.027222222222,106.7,0
1488,47.3727777777778,245.140277777778,91.5,0
1489,47.3727777777778,245.140555555556,90.7,164000
1490,47.3727777777778,245.140555555556,90.7,164000
1491,47.3727777777778,245.140555555556,90.5,9840
1492,48.785,255.466111111111,100.1,0
1493,48.785,255.466111111111,100.1,41000
1494,48.7708333333333,255.467222222222,104.1,0
1495,47.69,245.843888888889,99.7,41000
1496,47.7736111111111,245.731111111111,89.5,82000
1497,47.6769444444444,245.8575,90.7,9840
1498,48.1816666666667,250.315277777778,88.5,164000
1499,47.7736111111111,245.731111111111,92.3,0
1500,46.4661111111111,251.443888888889,88.3,410
1501,46.4661111111111,251.443888888889,88.3,410
1502,46.3675,251.420833333333,100.1,9840
1503,46.2508333333333,251.515555555556,88.1,41000
1504,47.3727777777778,245.139444444444,99.1,82000
1505,47.2655555555556,245.140833333333,99.1,82000
1506,48.8008333333333,254.649166666667,95.7,0
1507,48.8013888888889,254.651111111111,91.3,164
1508,48.8013888888889,254.651111111111,91.3,164
1509,48.8013888888889,254.650555555556,91.7,410
1510,48.3283333333333,247.965,96.3,0
1511,48.3283333333333,247.965,96.7,164000
1512,47.8663888888889,255.883888888889,93.1,0
1513,48.0477777777778,256.015833333333,95.1,0
1514,48.0680555555556,245.960833333333,91.3,9840
1515,47.1775,250.464166666667,89.5,164000
1516,47.1775,250.464166666667,99.9,164000
1517,46.5066666666667,245.910833333333,104.5,9840
1518,46.8016666666667,245.026111111111,104.5,164000
1519,46.5066666666667,245.910833333333,107.9,82000
1520,47.1786111111111,245.093333333333,107.5,164000
1521,48.6455555555556,245.044166666667,107.1,82000
1522,48.305,247.740833333333,105.7,164000
1523,47.6066666666667,248.640555555556,103.9,41000
1524,47.6066666666667,248.640555555556,103.9,41000
1525,47.6066666666667,248.640555555556,101.7,41000
1526,47.6066666666667,248.640555555556,101.7,164000
1527,46.4166666666667,245.85,101.7,41000
1528,46.4183333333333,245.850833333333,97.9,41000
1529,46.4183333333333,245.850833333333,105.7,9840
1530,46.2297222222222,245.765555555556,88.7,82000
1531,48.5116666666667,245.628888888889,105.1,0
1532,48.3955555555556,245.679166666667,103.1,0
1533,48.4116666666667,245.660555555556,105.1,9840
1534,48.4116666666667,245.660555555556,105.1,9840
1535,48.4716666666667,245.686944444444,89.1,0
1536,48.5116666666667,245.627777777778,105.1,82000
1537,48.5116666666667,245.627777777778,105.1,82000
1538,48.1858333333333,254.330277777778,92.7,0
1539,48.1858333333333,254.330277777778,92.7,41000
1540,48.1858333333333,254.330277777778,92.7,82000
1541,48.1022222222222,254.350277777778,88.3,9840
1542,46.725,258.4975,106.7,9840
1543,47.095,262.699444444444,96.7,0
1544,47.1222222222222,262.675,103.9,41000
1545,47.3263888888889,262.228888888889,103.9,164000
1546,48.8377777777778,260.254444444444,91.9,0
1547,48.8436111111111,260.248888888889,90.1,41000
1548,48.8408333333333,260.244166666667,98.9,63.96
1549,48.8436111111111,260.248888888889,88.5,0
1550,46.885,256.802777777778,93.9,164000
1551,48.315,258.262777777778,100.7,164000
1552,47.2633333333333,258.217777777778,97.9,41000
1553,47.1827777777778,258.566666666667,95.7,164000
1554,46.85,259.229722222222,88.3,9840
1555,46.8272222222222,259.225,91.7,9840
1556,46.59,259.203333333333,97.5,164000
1557,46.8272222222222,259.225,88.3,164000
1558,46.5902777777778,259.203055555556,98.7,0
1559,46.8272222222222,259.225,91.7,1279.2
1560,46.5902777777778,259.203055555556,96.5,0
1561,46.5897222222222,259.198888888889,90.5,0
1562,46.5902777777778,259.203055555556,97.5,0
1563,46.9419444444444,259.305555555556,94.5,0
1564,46.9419444444444,259.305555555556,101.5,0
1565,46.6052777777778,259.191111111111,92.9,0
1566,48.8527777777778,259.665833333333,101.9,0
1567,48.2783333333333,258.572777777778,103.1,164000
1568,48.2783333333333,258.572777777778,103.1,164000
1569,48.0511111111111,258.659722222222,102.9,0
1570,46.4133333333333,259.362777777778,107.5,164000
1571,47.0938888888889,260.963055555556,98.3,0
1572,48.6438888888889,262.02,105.1,0
1573,48.0708333333333,261.359166666667,95.3,9840
1574,48.1347222222222,261.227222222222,89.9,410
1575,47.9738888888889,261.066944444444,90.3,82000
1576,48.0633333333333,261.663888888889,91.7,82000
1577,47.9877777777778,261.066388888889,102.5,0
1578,47.9802777777778,260.946388888889,96.7,0
1579,47.9802777777778,260.946388888889,103.5,0
1580,46.9213888888889,257.266666666667,90.9,41000
1581,46.9208333333333,257.269166666667,90.7,9840
1582,46.9358333333333,257.2675,99.1,0
1583,46.7261111111111,257.083888888889,89.9,0
1584,46.9358333333333,257.2675,92.1,0
1585,47.9419444444444,262.738333333333,106.5,9840
1586,46.4166666666667,262.749722222222,94.5,164000
1587,46.4452777777778,262.347777777778,107.3,164000
1588,46.4452777777778,262.347777777778,107.3,164000
1589,46.7552777777778,263.109166666667,89.5,41000
1590,47.0133333333333,262.806111111111,88.7,164000
1591,47.0133333333333,262.806111111111,91.9,0
1592,47.0102777777778,262.805277777778,101.9,0
1593,47.0102777777778,262.805277777778,97.9,0
1594,46.5447222222222,263.373888888889,107.9,0
1595,47.0119444444445,262.800277777778,93.7,0
1596,46.4533333333333,258.764444444444,105.9,164000
1597,47.9911111111111,261.050277777778,90.7,9840
1598,47.9919444444444,261.051388888889,90.7,82000
1599,47.7397222222222,257.276111111111,91.3,0
1600,46.625,260.857777777778,99.1,164000
1601,48.3980555555556,262.550833333333,100.9,0
1602,48.3980555555556,262.550833333333,100.9,41000
1603,47.9319444444444,262.925833333333,89.3,0
1604,47.9319444444444,262.925833333333,90.7,0
1605,47.9644444444445,262.970277777778,107.5,0
1606,47.9644444444445,262.970277777778,92.9,0
1607,48.0055555555556,262.928055555556,94.7,0
1608,48.1944444444444,262.808611111111,89.3,0
1609,47.1452777777778,263.028055555556,100.7,0
1610,46.6347222222222,259.571666666667,92.3,164000
1611,46.3683333333333,259.069166666667,103.3,164000
1612,46.5925,259.148055555556,103.3,164000
1613,46.6347222222222,259.571666666667,103.9,164000
1614,46.6347222222222,259.571666666667,103.9,164000
1615,46.1961111111111,257.676111111111,93.5,0
1616,46.1961111111111,257.676111111111,93.5,0
1617,46.1536111111111,257.226111111111,102.3,164000
1618,47.0433333333333,262.587777777778,104.7,164000
1619,46.8013888888889,263.116666666667,89.5,41000
1620,46.8752777777778,263.091111111111,89.5,82000
1621,46.8916666666667,261.286666666667,89.9,9840
1622,46.9241666666667,261.2275,88.9,9840
1623,46.9241666666667,261.2275,88.9,9840
1624,46.9102777777778,261.291944444444,88.1,9840
1625,46.8347222222222,261.307777777778,89.1,9840
1626,46.7766666666667,261.477222222222,91.5,0
1627,46.8644444444444,261.329722222222,95.5,0
1628,46.8175,261.29,93.3,0
1629,46.6605555555556,263.282777777778,92.7,0
1630,48.7622222222222,261.727222222222,95.3,0
1631,48.7622222222222,261.727222222222,98.5,0
1632,48.755,261.638888888889,95.7,0
1633,48.6655555555556,261.640277777778,98.5,0
1634,48.6655555555556,261.640277777778,95.3,0
1635,46.59,259.203055555556,89.1,164000
1636,46.4452777777778,262.347777777778,106.1,0
1637,46.4452777777778,262.347777777778,106.1,0
1638,46.7441666666667,262.5725,106.1,164000
1639,46.5863888888889,259.193888888889,104.7,0
1640,46.5897222222222,259.205833333333,91.3,41000
1641,47.4991666666667,262.648888888889,105.5,0
1642,46.8933333333333,260.701111111111,92.3,164000
1643,48.1825,258.466944444444,99.9,0
1644,48.1633333333333,258.700833333333,106.9,0
1645,48.2155555555556,258.681388888889,93.7,0
1646,48.0508333333333,258.609444444444,88.9,0
1647,48.0505555555556,258.658055555556,97.1,0
1648,48.0536111111111,258.565277777778,105.3,0
1649,47.2036111111111,259.73,90.9,164000
1650,47.2036111111111,259.73,90.9,164000
1651,46.54,257.136111111111,95.7,164000
1652,46.6158333333333,257.22,98.1,164000
1653,46.8402777777778,257.639722222222,101.9,164000
1654,46.6930555555556,257.380833333333,101.9,82000
1655,48.2519444444444,260.110277777778,95.3,0
1656,48.1788888888889,259.936944444444,95.3,164000
1657,48.1788888888889,259.936944444444,95.3,164000
1658,48.7866666666667,260.756111111111,105.9,164000
1659,48.9069444444444,260.938611111111,105.9,164000
1660,46.9480555555556,257.009166666667,105.7,164000
1661,48.9361111111111,260.051944444444,91.9,150.88
1662,48.9366666666667,260.054166666667,102.7,0
1663,48.9366666666667,260.054444444444,102.9,0
1664,48.9366666666667,260.054444444444,102.9,0
1665,48.595,257.599722222222,92.5,9840
1666,48.3405555555556,257.000833333333,104.1,0
1667,48.3216666666667,256.751666666667,104.1,164000
1668,47.0891666666667,262.143055555556,101.1,0
1669,48.055,259.067777777778,94.9,164000
1670,46.2672222222222,263.468611111111,106.9,0
1671,48.6438888888889,262.02,106.7,0
1672,47.7897222222222,256.697222222222,89.1,9840
1673,48.0588888888889,256.377777777778,101.1,0
1674,48.1416666666667,256.106666666667,90.7,41000
1675,48.1416666666667,256.106666666667,89.5,0
1676,48.1416666666667,256.106666666667,98.5,0
1677,48.0477777777778,256.015833333333,96.1,0
1678,48.1566666666667,256.501111111111,102.7,9840
1679,48.1791666666667,256.434444444444,91.7,9840
1680,48.1416666666667,256.106666666667,88.7,164000
1681,48.0477777777778,256.015833333333,90.7,82000
1682,48.1427777777778,256.202222222222,91.7,9840
1683,48.0586111111111,255.998055555556,101.1,164000
1684,47.1716666666667,261.541111111111,103.1,164000
1685,46.2583333333333,260.442777777778,100.3,0
1686,46.3883333333333,259.886666666667,100.3,164000
1687,43.1758333333333,288.7925,90.7,9840
1688,42.9838888888889,288.411111111111,96.5,0
1689,43.3977777777778,288.449722222222,93.3,0
1690,43.1191666666667,288.451111111111,91.5,9840
1691,43.9588888888889,288.444166666667,105.7,0
1692,43.4375,287.548333333333,106.1,0
1693,44.8536111111111,288.6825,105.9,0
1694,44.8536111111111,288.6825,105.9,0
1695,44.8780555555556,288.52,97.1,2952
1696,44.9469444444444,288.659722222222,90.3,9840
1697,44.8780555555556,288.519722222222,105.7,155.8
1698,43.2147222222222,288.426111111111,89.1,0
1699,43.2794444444444,288.496388888889,105.5,0
1700,43.2166666666667,288.424444444444,102.3,0
1701,43.1936111111111,288.425833333333,90.5,0
1702,43.3983333333333,288.577222222222,91.1,0
1703,43.98,288.891111111111,91.3,9840
1704,43.98,288.891111111111,91.3,9840
1705,43.98,288.893888888889,91.1,9840
1706,43.9466666666667,288.860555555556,104.5,0
1707,43.9466666666667,288.860555555556,93.5,0
1708,42.8852777777778,288.733055555556,90.5,9840
1709,43.2238888888889,289.028888888889,97.5,0
1710,42.8994444444444,287.879444444444,89.9,9840
1711,43.1563888888889,289.06,91.3,0
1712,43.6416666666667,287.855555555556,104.3,9840
1713,43.0272222222222,289.119722222222,107.1,0
1714,42.9788888888889,289.050555555556,90.5,0
1715,43.33,288.880833333333,106.5,0
1716,43.4730555555556,288.395,94.1,0
1717,44.4588888888889,288.829444444444,107.1,0
1718,44.6286111111111,288.568611111111,101.5,9840
1719,44.5652777777778,288.370555555556,93.7,9840
1720,44.5652777777778,288.370555555556,93.7,9840
1721,42.8975,289.116666666667,102.1,0
1722,43.6547222222222,287.705833333333,106.7,0
1723,43.7083333333333,287.846111111111,91.3,0
1724,43.6538888888889,287.705277777778,99.3,0
1725,43.6547222222222,287.705833333333,92.3,0
1726,44.1136111111111,288.018888888889,101.3,0
1727,43.1761111111111,288.177777777778,91.7,0
1728,43.2136111111111,288.311944444444,99.1,0
1729,43.15,288.201666666667,107.7,0
1730,42.7758333333333,287.545277777778,104.9,0
1731,44.1327777777778,288.843611111111,99.5,0
1732,44.3944444444445,288.579722222222,97.3,9840
1733,43.0333333333333,287.632777777778,90.7,0
1734,43.0177777777778,287.642222222222,103.7,0
1735,42.9266666666667,287.718888888889,91.3,0
1736,43.5961111111111,288.501944444444,91.5,9840
1737,43.5961111111111,288.501944444444,98.3,0
1738,44.3941666666667,288.345,102.3,0
1739,43.655,287.705555555556,100.5,0
1740,44.2197222222222,288.131944444444,89.7,9840
1741,44.3941666666667,288.345,89.7,4756
1742,44.2197222222222,288.131944444444,96.7,0
1743,44.2197222222222,288.131944444444,89.3,6560
1744,44.3527777777778,288.263055555555,91.9,9840
1745,44.3538888888889,288.260833333333,106.3,0
1746,42.9927777777778,288.536666666667,97.9,9840
1747,42.9816666666667,288.411388888889,101.1,0
1748,42.9830555555556,288.410277777778,90.7,0
1749,43.0138888888889,288.534444444444,91.7,0
1750,42.9838888888889,288.411111111111,95.7,0
1751,43.5961111111111,288.501944444444,101.5,0
1752,42.8297222222222,288.279722222222,88.7,410
1753,43.7691666666667,288.686111111111,106.9,0
1754,44.2702777777778,288.696944444444,97.3,9840
1755,44.27,288.696388888889,94.9,0
1756,42.7352777777778,288.606944444444,106.3,0
1757,42.7652777777778,288.5325,88.3,0
1758,43.1347222222222,289.258055555556,88.3,9840
1759,43.4011111111111,288.84,91.7,0
1760,43.4477777777778,287.966111111111,99.7,0
1761,43.4113888888889,288.024722222222,90.9,0
1762,43.3958333333333,287.706111111111,101.7,0
1763,43.3958333333333,287.706111111111,101.7,0
1764,44.2705555555556,288.696388888889,103.7,0
1765,42.8616666666667,288.121111111111,92.1,0
1766,43.7569444444444,288.310833333333,91.7,0
1767,43.7391666666667,288.209722222222,100.1,0
1768,43.0513888888889,289.231388888889,100.3,0
1769,43.2872222222222,289.053611111111,96.7,0
1770,43.2363888888889,289.106944444444,98.7,0
1771,44.7316666666667,288.431111111111,98.7,9840
1772,42.9158333333333,287.670555555556,97.7,9840
1773,42.9147222222222,287.669444444444,93.5,9840
1774,43.1308333333333,287.446111111111,96.3,0
1775,44.3527777777778,288.263055555555,99.1,0
1776,44.4547222222222,288.473888888889,99.1,9840
1777,42.9158333333333,287.670555555556,98.7,0
1778,43.5461111111111,288.622222222222,104.9,0
1779,44.1436111111111,287.967222222222,97.7,41000
1780,42.3286111111111,286.029722222222,90.7,9840
1781,42.1175,282.765277777778,88.1,82000
1782,42.6275,285.989166666667,105.3,9840
1783,42.6372222222222,286.831944444444,90.3,0
1784,42.6877777777778,286.178611111111,90.9,0
1785,42.6369444444445,286.002777777778,107.7,0
1786,42.6627777777778,286.323611111111,103.1,0
1787,42.7316666666667,286.118333333333,100.9,0
1788,42.6358333333333,285.998888888889,106.5,0
1789,42.6363888888889,286.000277777778,95.5,0
1790,43.2466666666667,281.781944444444,102.1,0
1791,43.2558333333333,281.807777777778,89.7,0
1792,43.2194444444445,281.784722222222,95.5,410
1793,44.3027777777778,284.016111111111,91.3,0
1794,44.3369444444445,284.078333333333,104.3,0
1795,44.3375,284.079444444444,91.3,106.6
1796,42.2547222222222,282.213333333333,89.7,0
1797,42.2602777777778,282.202777777778,90.9,0
1798,42.2602777777778,282.202777777778,90.7,0
1799,42.2055555555556,282.1875,101.9,0
1800,42.6166666666667,285.987777777778,104.9,0
1801,42.9783333333333,281.200277777778,92.1,9840
1802,43.0033333333333,281.234722222222,92.1,0
1803,43.0033333333333,281.234722222222,92.1,7380
1804,42.9461111111111,281.172777777778,92.1,1640
1805,43.0033333333333,281.234722222222,96.5,0
1806,42.8016666666667,285.8225,89.9,9840
1807,42.9847222222222,285.82,97.7,0
1808,42.0994444444444,286.27,88.1,9840
1809,42.4613888888889,281.693055555556,89.5,0
1810,43.23,286.515555555556,98.5,9840
1811,43.2258333333333,286.557777777778,91.9,0
1812,41.7191666666667,286.003888888889,96.9,0
1813,44.5733333333333,286.325277777778,97.9,3706.4
1814,44.5744444444444,286.325833333333,97.9,1279.2
1815,42.9272222222222,283.398888888889,90.3,9840
1816,42.9444444444444,283.457777777778,89.1,0
1817,42.8013888888889,283.563055555556,106.9,0
1818,42.4708333333333,282.465,103.1,9840
1819,43.1630555555556,283.687222222222,90.5,0
1820,43.1794444444444,283.661666666667,92.1,0
1821,42.8788888888889,286.1375,102.3,0
1822,43.0175,281.861944444444,90.7,0
1823,42.3352777777778,282.542777777778,103.1,0
1824,42.3183333333333,282.642777777778,98.3,0
1825,42.1619444444444,282.962777777778,97.7,0
1826,42.0527777777778,284.298333333333,90.1,41000
1827,42.0561111111111,284.056111111111,99.1,0
1828,42.09,284.032222222222,90.5,0
1829,42.0594444444444,284.048611111111,98.1,0
1830,42.0527777777778,284.298333333333,90.1,0
1831,42.0561111111111,284.056111111111,89.3,0
1832,42.1316666666667,284.068055555556,91.5,0
1833,44.055,284.046111111111,92.5,9840
1834,43.8716666666667,285.599722222222,91.3,0
1835,43.4480555555556,284.653611111111,91.7,410
1836,43.4480555555556,284.653611111111,101.3,0
1837,43.0033333333333,281.234722222222,94.9,31.16
1838,43.1563888888889,284.042777777778,99.5,0
1839,43.1352777777778,282.416111111111,94.7,410
1840,43.1352777777778,282.416111111111,94.7,410
1841,43.1352777777778,282.415,94.1,0
1842,43.2125,282.045555555556,89.1,0
1843,43.1641666666667,282.216388888889,104.9,0
1844,42.8933333333333,281.228611111111,89.3,0
1845,42.9163888888889,281.1875,100.3,90.2
1846,42.9008333333333,281.134166666667,104.7,0
1847,42.8888888888889,281.205555555556,88.1,0
1848,42.9461111111111,281.172777777778,106.1,16.4
1849,42.9461111111111,281.172777777778,106.1,410
1850,42.9461111111111,281.172777777778,104.7,410
1851,43.0033333333333,281.234722222222,88.7,0
1852,42.9330555555556,281.117222222222,91.3,0
1853,42.9330555555556,281.117222222222,91.3,1312
1854,42.9330555555556,281.117222222222,91.3,1886
1855,42.9536111111111,281.123611111111,92.9,0
1856,42.6352777777778,281.232222222222,99.5,0
1857,42.9261111111111,281.159166666667,103.3,0
1858,42.6886111111111,281.246111111111,89.9,0
1859,42.9536111111111,281.123611111111,96.9,0
1860,42.8305555555556,281.2,104.1,0
1861,42.8861111111111,281.126666666667,96.1,0
1862,42.6369444444445,281.232222222222,94.5,0
1863,42.6375,281.231666666667,94.5,157440
1864,42.6591666666667,281.374444444444,102.5,180400
1865,42.8861111111111,281.126666666667,106.5,0
1866,43.9536111111111,284.1575,94.1,20500
1867,43.9666666666667,284.197222222222,94.1,34932
1868,42.2111111111111,282.633611111111,101.9,41000
1869,42.8961111111111,285.404444444444,93.3,0
1870,42.7413888888889,282.577222222222,88.9,0
1871,42.7455555555556,282.574166666667,88.9,0
1872,42.8630555555556,282.6775,102.3,0
1873,42.4358333333333,282.195,97.1,9840
1874,42.4016666666667,282.34,97.1,9840
1875,44.5336111111111,284.903055555556,88.7,9840
1876,44.5961111111111,284.832777777778,93.5,0
1877,44.5988888888889,285.226944444444,101.5,0
1878,44.5336111111111,284.903055555556,89.5,0
1879,44.5336111111111,284.903055555556,89.5,65600
1880,44.5361111111111,284.904166666667,102.9,0
1881,44.5336111111111,284.903055555556,96.7,0
1882,44.1161111111111,283.661111111111,93.9,0
1883,44.1161111111111,283.661111111111,102.7,0
1884,44.0783333333333,283.743055555556,94.7,0
1885,44.1161111111111,283.661111111111,88.1,3280
1886,43.9541666666667,284.271111111111,103.1,0
1887,42.2,286.165,98.5,0
1888,42.9313888888889,284.146111111111,88.9,0
1889,42.0961111111111,280.757222222222,95.3,9840
1890,43.2816666666667,283.85,89.3,0
1891,44.7702777777778,286.3875,90.9,41000
1892,44.9238888888889,285.923611111111,102.1,0
1893,44.7822222222222,285.781388888889,94.7,0
1894,42.88,281.124166666667,93.3,6.56
1895,42.88,281.124166666667,102.9,360.8
1896,42.1369444444444,284.124722222222,95.5,41000
1897,42.17,284.126944444444,104.1,41000
1898,42.7933333333333,285.305555555556,101.9,0
1899,42.6497222222222,284.226388888889,95.3,41000
1900,44.23,283.920833333333,100.3,0
1901,44.2508333333333,283.969166666667,89.3,12956
1902,43.2375,284.111111111111,90.5,41000
1903,42.8788888888889,286.1375,96.7,0
1904,43.0511111111111,284.593611111111,88.7,0
1905,42.9938888888889,283.133888888889,93.7,0
1906,42.9725,285.508611111111,103.5,0
1907,43.2208333333333,285.056944444444,91.1,41000
1908,43.2208333333333,285.056944444444,91.1,41000
1909,43.2122222222222,284.9175,91.1,9840
1910,42.1147222222222,284.145833333333,92.5,9840
1911,42.0086111111111,284.134166666667,93.3,9840
1912,42.0166666666667,284.256388888889,100.5,0
1913,43.8797222222222,284.280555555556,106.7,0
1914,43.2444444444444,286.228888888889,105.7,41000
1915,43.2444444444444,286.228888888889,107.1,9840
1916,42.1419444444444,282.9225,88.3,0
1917,42.1419444444444,282.9225,90.7,0
1918,42.1430555555556,282.947777777778,102.5,0
1919,42.1419444444444,282.9225,98.7,0
1920,42.1055555555556,283.128888888889,91.1,0
1921,42.1619444444444,282.962777777778,106.1,0
1922,42.5980555555556,283.813333333333,90.5,0
1923,42.5561111111111,283.845555555556,99.9,0
1924,44.5738888888889,286.325833333333,89.7,0
1925,44.7211111111111,286.264444444444,107.1,278.8
1926,44.7222222222222,286.264722222222,107.1,9840
1927,42.5125,282.365,93.9,0
1928,42.2563888888889,285.023888888889,97.5,9840
1929,42.3777777777778,285.160555555556,100.3,0
1930,42.8861111111111,281.126666666667,93.7,0
1931,42.0286111111111,284.526666666667,94.7,0
1932,42.8602777777778,284.261111111111,105.1,0
1933,42.9219444444444,284.204444444444,105.1,0
1934,43.0069444444444,283.906388888889,95.3,0
1935,43.2272222222222,285.1975,88.5,9840
1936,43.2272222222222,285.1975,88.5,9840
1937,43.1494444444444,285.516111111111,88.1,41000
1938,43.1025,285.059444444444,88.1,0
1939,42.465,283.627222222222,90.1,0
1940,42.3861111111111,282.995833333333,95.5,0
1941,42.3861111111111,282.995833333333,95.5,0
1942,42.4516666666667,280.698611111111,95.3,0
1943,42.3672222222222,280.613611111111,94.9,328
1944,42.3672222222222,280.613611111111,94.9,328
1945,42.4516666666667,280.698611111111,100.5,410
1946,42.9497222222222,286.6075,88.1,9840
1947,42.3391666666667,285.845555555556,104.3,0
1948,41.685,285.643888888889,99.3,0
1949,42.8163888888889,281.499166666667,101.7,41000
1950,42.0730555555556,283.165833333333,91.7,0
1951,42.0263888888889,282.882777777778,88.1,41000
1952,41.8941666666667,283.141388888889,90.3,0
1953,42.0319444444444,283.216388888889,92.7,0
1954,42.1302777777778,283.210555555556,94.3,0
1955,42.1388888888889,284.000833333333,105.7,0
1956,42.1536111111111,284.091388888889,107.5,0
1957,42.7747222222222,285.318611111111,89.9,41000
1958,44.4033333333333,286.566666666667,101.3,0
1959,43.4083333333333,283.443611111111,106.5,9840
1960,43.1769444444444,282.522777777778,93.3,9840
1961,42.0894444444444,280.773055555556,96.5,9840
1962,42.97,284.215,90.5,0
1963,42.7980555555556,283.426111111111,88.7,9840
1964,42.8013888888889,283.563055555556,88.7,82000
1965,42.4138888888889,280.871111111111,98.9,0
1966,43.4602777777778,286.454444444444,91.7,0
1967,42.8788888888889,285.215,101.1,0
1968,43.1444444444445,284.824722222222,94.9,0
1969,42.4516666666667,280.698611111111,88.5,31.16
1970,42.3672222222222,280.663611111111,96.5,0
1971,42.4522222222222,280.663055555556,88.9,0
1972,42.1186111111111,281.821666666667,89.1,0
1973,43.4155555555556,283.535277777778,106.1,0
1974,43.2138888888889,283.603888888889,104.7,0
1975,42.7975,282.18,89.3,0
1976,42.7191666666667,282.923333333333,89.5,9840
1977,42.8088888888889,282.913611111111,89.7,0
1978,42.8088888888889,282.913611111111,89.7,0
1979,42.8594444444444,282.992222222222,101.7,0
1980,43.42,286.240277777778,90.7,9840
1981,43.42,286.240277777778,90.7,41000
1982,41.5241666666667,286.131388888889,89.5,410
1983,43.3319444444444,286.661666666667,90.9,0
1984,43.3319444444444,286.661666666667,90.9,0
1985,43.3047222222222,286.248611111111,95.9,0
1986,43.1616666666667,285.483611111111,90.9,9840
1987,44.3394444444444,284.600277777778,90.5,9840
1988,44.2588888888889,284.4225,90.5,9840
1989,44.3388888888889,284.6,95.3,0
1990,43.2955555555556,283.5625,105.5,9840
1991,42.3986111111111,285.410555555556,105.3,0
1992,43.0166666666667,281.059166666667,89.3,0
1993,43.0747222222222,281.061111111111,93.3,0
1994,43.03,281.079444444444,89.3,0
1995,43.03,281.079444444444,106.9,91.84
1996,43.03,281.079444444444,89.1,131.2
1997,43.03,281.079444444444,95.7,0
1998,43.2444444444444,282.306944444444,90.1,0
1999,43.2444444444444,282.306944444444,90.1,0
2000,42.3544444444445,284.340555555556,88.1,41000
2001,42.8113888888889,284.4675,99.3,0
2002,42.8105555555556,284.4675,90.1,0
2003,41.9644444444444,284.729444444444,107.1,9840
2004,41.9619444444445,284.728888888889,104.5,9840
2005,43.8202777777778,283.908888888889,100.7,0
2006,43.0333333333333,282.580555555556,90.5,0
2007,43.0855555555556,282.332222222222,89.7,0
2008,43.1438888888889,284.8225,92.7,41000
2009,43.0327777777778,284.991666666667,91.5,574
2010,43.0638888888889,284.971388888889,92.7,0
2011,43.0638888888889,284.971388888889,92.7,41000
2012,41.6994444444444,285.997222222222,107.3,0
2013,42.6866666666667,283.801944444444,101.5,0
2014,43.0336111111111,282.578611111111,95.1,0
2015,42.8611111111111,286.7675,97.5,0
2016,42.3438888888889,282.373611111111,92.1,4182
2017,42.2922222222222,282.326111111111,105.3,0
2018,42.2672222222222,282.368333333333,88.7,0
2019,42.2,283.141944444444,100.9,0
2020,42.3775,281.821111111111,90.3,0
2021,42.3077777777778,286.5075,91.1,0
2022,42.2536111111111,286.238055555556,93.5,0
2023,43.2894444444444,286.2575,107.1,41000
2024,43.3777777777778,286.335,101.7,0
2025,43.2444444444444,286.228888888889,107.1,0
2026,41.7197222222222,286.004444444444,97.7,0
2027,43.7825,285.728055555556,105.9,9840
2028,43.7838888888889,285.720277777778,105.9,41000
2029,43.1908333333333,282.380555555556,106.7,0
2030,42.5819444444444,283.444166666667,90.1,9840
2031,42.4297222222222,283.503333333333,90.1,9840
2032,42.4186111111111,283.506111111111,91.7,0
2033,42.3869444444444,283.330833333333,103.7,0
2034,42.5819444444444,283.444166666667,90.9,0
2035,42.4283333333333,283.551111111111,93.5,0
2036,42.465,283.627222222222,97.3,0
2037,42.0063888888889,280.935555555556,90.9,0
2038,42.0063888888889,280.945,90.9,0
2039,42.1313888888889,280.78,101.9,0
2040,42.0466666666667,280.909722222222,89.7,0
2041,42.1361111111111,280.775555555556,88.1,0
2042,42.085,280.710555555556,93.3,0
2043,41.7416666666667,285.143888888889,102.1,0
2044,41.8161111111111,285.212777777778,90.5,0
2045,41.8158333333333,285.238611111111,106.1,0
2046,42.3366666666667,285.728333333333,97.9,0
2047,42.0625,284.056666666667,101.7,0
2048,44.5252777777778,286.481944444444,104.3,41000
2049,44.505,286.52,97.9,9840
2050,44.5291666666667,286.467222222222,94.1,9840
2051,42.0758333333333,285.892777777778,88.1,0
2052,42.0763888888889,285.893055555556,90.9,0
2053,41.8955555555556,286.008055555556,94.3,0
2054,42.0763888888889,285.893055555556,89.7,0
2055,41.9872222222222,285.98,91.7,0
2056,43.42,286.240277777778,98.5,0
2057,43.2894444444444,286.2575,94.7,0
2058,44.2855555555556,286.012777777778,91.7,9840
2059,44.26,285.977777777778,105.5,0
2060,42.1758333333333,280.683055555556,88.9,9840
2061,41.9586111111111,280.730555555556,106.9,8364
2062,42.8819444444444,281.368611111111,90.7,0
2063,42.955,281.348611111111,102.9,0
2064,42.9241666666667,281.222222222222,102.9,118.08
2065,41.8152777777778,285.236944444444,88.1,0
2066,41.7808333333333,285.178333333333,102.1,41000
2067,41.7525,285.283333333333,95.9,0
2068,42.9908333333333,285.081944444444,105.5,0
2069,42.2522222222222,281.194722222222,105.9,9840
2070,42.2327777777778,281.203888888889,105.9,41000
2071,43.1525,281.327777777778,90.7,0
2072,43.1511111111111,281.327777777778,89.1,44.28
2073,42.6369444444445,285.998888888889,88.3,0
2074,43.7972222222222,284.500833333333,100.1,0
2075,43.8086111111111,284.488888888889,88.1,0
2076,43.8086111111111,284.488611111111,89.7,9840
2077,43.7533333333333,284.436388888889,99.3,0
2078,44.8205555555556,285.644722222222,106.3,0
2079,44.8,285.663333333333,101.3,0
2080,44.8275,285.621388888889,102.7,410
2081,44.8280555555556,285.621666666667,90.1,0
2082,44.8294444444444,285.625,90.9,0
2083,44.7822222222222,285.781388888889,96.5,0
2084,42.9827777777778,286.200555555556,105.7,9840
2085,42.9713888888889,286.319444444444,105.7,41000
2086,42.8788888888889,286.1375,105.7,9840
2087,43.0069444444444,283.906388888889,95.7,0
2088,44.9233333333333,285.085555555555,106.3,0
2089,42.26,280.486666666667,105.9,0
2090,42.8788888888889,286.1375,104.5,0
2091,43.2213888888889,281.605833333333,89.3,0
2092,43.2230555555556,281.711111111111,89.7,9840
2093,43.2425,281.692777777778,89.7,9840
2094,43.6052777777778,284.065,103.9,0
2095,43.6052777777778,284.062222222222,103.9,31160
2096,41.6011111111111,285.445555555556,91.7,0
2097,41.4569444444444,285.560277777778,92.7,0
2098,42.5611111111111,285.073888888889,88.9,9840
2099,42.1975,280.247222222222,95.9,2542
2100,43.4291666666667,283.463055555556,106.5,0
2101,43.4291666666667,283.463055555556,106.5,0
2102,41.5241666666667,285.800277777778,88.1,9840
2103,41.6605555555556,285.313055555556,98.3,0
2104,41.7525,285.283333333333,99.7,0
2105,42.2513888888889,283.118888888889,104.9,0
2106,44.6719444444444,286.4625,94.1,9840
2107,44.7238888888889,286.271944444444,104.3,41000
2108,44.5872222222222,284.353888888889,90.3,0
2109,44.5786111111111,284.486111111111,96.7,27880
2110,44.6,284.500277777778,96.7,41000
2111,41.4266666666667,285.418611111111,90.1,0
2112,41.6333333333333,285.004166666667,102.9,9840
2113,42.9708333333333,283.802222222222,98.1,0
2114,41.6994444444444,285.997222222222,93.3,0
2115,43.1411111111111,284.97,99.7,0
2116,43.03,281.079444444444,95.7,0
2117,43.005,281.0075,98.5,75440
2118,43.6727777777778,285.952777777778,89.9,0
2119,43.1516666666667,283.8675,100.9,0
2120,42.4891666666667,284.493888888889,89.9,0
2121,42.5561111111111,284.535277777778,88.1,9840
2122,42.4363888888889,284.486666666667,95.3,0
2123,42.5066666666667,284.508888888889,93.9,0
2124,44.9030555555556,285.116388888889,96.1,0
2125,42.3438888888889,283.116111111111,95.5,9840
2126,42.3019444444445,283.2,89.9,9840
2127,44.6852777777778,284.513333333333,95.9,0
2128,44.5883333333333,284.613055555556,100.1,0
2129,44.5922222222222,284.78,100.5,162.36
2130,44.5922222222222,284.78,100.5,410
2131,44.5883333333333,284.613055555556,105.9,0
2132,44.7058333333333,284.535,92.7,0
2133,44.5786111111111,284.486111111111,98.7,0
2134,43.7116666666667,285.026944444444,92.5,9840
2135,43.7116666666667,285.026944444444,92.5,9840
2136,43.735,285.214166666667,92.5,9840
2137,43.7213888888889,285.059166666667,94.1,0
2138,42.1066666666667,281.609166666667,101.5,0
2139,42.0355555555556,281.553888888889,95.7,0
2140,42.0355555555556,281.553888888889,91.3,188.6
2141,41.9083333333333,285.754166666667,88.3,0
2142,43.0466666666667,284.334166666667,106.3,0
2143,42.4672222222222,284.939166666667,90.9,0
2144,42.4566666666667,284.925833333333,89.7,0
2145,42.4241666666667,284.957777777778,91.7,0
2146,42.4258333333333,284.953888888889,103.9,0
2147,42.4244444444444,284.923611111111,103.1,0
2148,43.4155555555556,283.535277777778,100.1,344.4
2149,43.4519444444445,283.455833333333,88.9,0
2150,43.4205555555556,283.456111111111,89.9,0
2151,43.4205555555556,283.456111111111,89.9,0
2152,43.4155555555556,283.535277777778,105.5,0
2153,43.4866666666667,283.614166666667,96.7,0
2154,42.0944444444445,283.578055555556,91.9,9840
2155,42.0944444444445,283.578055555556,91.9,41000
2156,42.1019444444445,283.879722222222,101.7,0
2157,43.0333333333333,282.578888888889,99.7,0
2158,42.85,285.934166666667,90.7,0
2159,43.08,281.197777777778,95.7,0
2160,42.6680555555556,282.708055555556,91.9,0
2161,44.5736111111111,286.325833333333,88.1,0
2162,43.1011111111111,283.717222222222,102.1,0
2163,44.7702777777778,286.387222222222,89.1,0
2164,44.77,286.387777777778,99.9,0
2165,44.7741666666667,286.387222222222,91.9,0
2166,44.5252777777778,286.481944444444,105.1,0
2167,44.6944444444444,286.533888888889,93.9,0
2168,44.7702777777778,286.3875,100.7,3772
2169,44.0272222222222,286.518888888889,92.1,0
2170,41.4266666666667,285.418611111111,88.9,0
2171,41.3730555555556,285.27,96.7,0
2172,42.0511111111111,281.580555555555,96.7,41000
2173,44.6438888888889,284.9425,100.1,162.36
2174,44.6619444444444,285.026388888889,90.3,0
2175,44.6438888888889,284.941388888889,99.3,0
2176,44.6625,284.998333333333,91.1,0
2177,44.6613888888889,285.0025,91.1,0
2178,43.7341666666667,286.189444444444,90.7,0
2179,41.7216666666667,286.006666666667,106.3,0
2180,41.7191666666667,286.003888888889,92.1,9840
2181,41.7191666666667,286.003333333333,101.5,0
2182,41.7191666666667,286.003888888889,88.7,0
2183,41.7402777777778,286.095555555556,96.1,0
2184,41.6402777777778,285.979166666667,91.3,0
2185,43.3088888888889,284.857222222222,88.5,410
2186,43.6077777777778,284.027222222222,101.7,0
2187,43.42,286.239722222222,95.9,0
2188,43.42,286.239722222222,105.7,0
2189,43.42,286.239722222222,105.7,0
2190,42.1619444444444,281.025,105.9,9840
2191,43.0866666666667,281.367222222222,90.5,410
2192,43.0969444444444,281.363888888889,90.5,410
2193,43.0969444444444,281.363888888889,90.9,2952
2194,42.5563888888889,286.1325,94.5,0
2195,44.3080555555556,284.247777777778,88.5,164
2196,43.3252777777778,284.825555555556,90.3,9840
2197,43.3466666666667,284.767222222222,90.3,9840
2198,43.2808333333333,284.696388888889,93.5,9840
2199,43.3252777777778,284.825555555556,93.5,0
2200,42.585,286.225833333333,103.9,0
2201,42.5244444444444,285.813333333333,89.9,41000
2202,41.8408333333333,286.008888888889,102.5,9840
2203,41.9511111111111,286.194722222222,102.5,9840
2204,41.8225,286.116666666667,102.5,9840
2205,42.8922222222222,284.9825,88.7,9840
2206,44.3455555555556,284.518888888889,88.3,90.2
2207,42.2747222222222,280.283333333333,98.7,0
2208,43.1352777777778,282.416111111111,88.5,41000
2209,43.1352777777778,282.416388888889,97.9,82000
2210,43.1352777777778,282.415,95.5,0
2211,43.1352777777778,282.415,95.5,9840
2212,43.1347222222222,282.415,97.9,82000
2213,43.1347222222222,282.415,92.9,410
2214,43.1769444444444,282.522777777778,92.5,0
2215,43.0333333333333,282.580555555556,90.5,0
2216,43.1705555555556,282.327222222222,98.9,0
2217,43.1352777777778,282.416388888889,96.5,0
2218,43.1547222222222,282.395833333333,103.9,0
2219,43.2163888888889,282.402777777778,90.9,0
2220,43.2163888888889,282.402777777778,94.3,0
2221,43.1597222222222,282.421388888889,105.9,0
2222,43.1352777777778,282.416388888889,97.9,0
2223,43.1705555555556,282.327222222222,101.3,0
2224,43.1563888888889,282.391666666667,88.5,0
2225,43.0333333333333,282.578888888889,100.5,0
2226,43.1352777777778,282.416111111111,91.5,0
2227,43.0372222222222,284.555833333333,102.5,0
2228,43.1441666666667,284.821111111111,96.1,0
2229,44.9902777777778,285.260277777778,105.5,0
2230,41.8205555555556,285.963333333333,102.5,41000
2231,41.9291666666667,285.871388888889,98.9,41000
2232,41.7191666666667,286.003888888889,88.7,0
2233,42.7452777777778,285.930833333333,98.3,0
2234,44.9455555555556,286.570555555556,88.7,0
2235,44.9452777777778,286.570277777778,88.9,0
2236,42.2841666666667,285.433611111111,91.3,9840
2237,42.1088888888889,281.3925,98.3,0
2238,44.6952777777778,286.116944444444,106.3,2410.8
2239,44.33,285.867222222222,103.1,9840
2240,44.3816666666667,285.832777777778,107.1,0
2241,44.3816666666667,285.832777777778,107.1,0
2242,44.3411111111111,285.871944444444,106.3,0
2243,44.3411111111111,285.871944444444,90.5,0
2244,44.3408333333333,285.871666666667,93.3,0
2245,43.1930555555556,286.243611111111,89.7,41000
2246,43.0986111111111,286.214444444444,91.1,0
2247,41.9888888888889,285.981388888889,92.9,0
2248,42.6369444444445,286.004444444444,99.5,0
2249,42.6369444444445,285.998611111111,89.1,0
2250,42.8177777777778,286.071111111111,89.7,0
2251,42.6833333333333,285.833888888889,97.3,0
2252,44.5733333333333,286.325277777778,90.9,0
2253,42.8566666666667,285.932777777778,93.7,9840
2254,42.9938888888889,283.133888888889,99.3,0
2255,42.3288888888889,284.603333333333,90.7,0
2256,42.2925,284.632777777778,100.9,0
2257,42.5188888888889,280.880277777778,98.9,0
2258,42.5780555555556,281.037222222222,89.3,13120
2259,43.2680555555556,282.839166666667,103.5,0
2260,42.7463888888889,282.573888888889,107.3,9840
2261,42.7463888888889,282.573888888889,95.1,0
2262,42.0647222222222,283.196666666667,107.5,9840
2263,42.1302777777778,283.210555555556,99.5,0
2264,41.9913888888889,283.225,96.1,9840
2265,43.4972222222222,285.638055555556,96.5,9840
2266,42.0138888888889,283.735555555556,88.5,0
2267,42.0791666666667,281.515,88.3,0
2268,42.4116666666667,285.376944444444,97.9,41000
2269,42.4361111111111,285.453888888889,105.3,41000
2270,42.4263888888889,285.466944444444,105.3,41000
2271,42.3991666666667,285.410833333333,90.1,9840
2272,43.0116666666667,286.316944444444,101.3,0
2273,43.2544444444445,284.276388888889,100.3,9840
2274,43.0583333333333,283.833888888889,101.3,0
2275,42.9558333333333,283.890277777778,103.5,0
2276,42.945,283.881666666667,91.3,15908
2277,43.0336111111111,283.868888888889,88.3,0
2278,42.945,283.975833333333,91.3,0
2279,43.0336111111111,283.868888888889,89.1,0
2280,43.0583333333333,283.833611111111,105.9,0
2281,42.9666666666667,283.8,102.9,0
2282,42.9466666666667,283.975833333333,93.1,0
2283,42.9558333333333,283.890277777778,107.9,0
2284,43.0408333333333,283.860833333333,90.3,0
2285,42.9444444444444,283.881388888889,94.5,0
2286,43.8319444444444,286.592777777778,103.9,0
2287,42.6377777777778,286.001666666667,92.3,0
2288,42.6872222222222,286.294444444444,91.5,0
2289,44.1594444444444,285.524166666667,88.3,9840
2290,44.1597222222222,285.524166666667,102.1,0
2291,42.3905555555556,284.6725,88.9,82000
2292,43.1172222222222,284.895555555556,90.3,0
2293,43.0375,284.804444444444,100.7,0
2294,43.0575,284.5825,104.3,0
2295,43.1441666666667,284.821111111111,98.7,0
2296,43.1461111111111,284.8225,96.9,0
2297,43.0952777777778,284.728333333333,90.7,0
2298,43.1444444444445,284.824722222222,107.3,0
2299,43.1005555555556,284.767777777778,91.9,0
2300,43.1438888888889,284.8225,89.5,0
2301,42.0561111111111,284.056111111111,103.3,0
2302,42.6169444444444,285.9875,96.3,0
2303,42.1180555555556,284.866666666667,107.1,9840
2304,42.1361111111111,284.920277777778,92.1,0
2305,42.1361111111111,284.920277777778,97.5,9840
2306,43.42,286.239722222222,100.3,0
2307,42.8266666666667,281.793333333333,88.3,0
2308,42.8061111111111,283.153888888889,98.5,0
2309,43.9563888888889,284.159166666667,88.9,10660
2310,44.0205555555556,284.081388888889,96.9,11.48
2311,43.9563888888889,284.154444444444,93.3,9840
2312,43.9563888888889,284.154444444444,97.5,0
2313,43.8622222222222,284.2725,90.9,0
2314,43.8622222222222,284.2725,91.7,0
2315,43.9563888888889,284.159166666667,88.9,0
2316,43.9541666666667,284.271111111111,90.1,0
2317,42.4044444444444,283.084722222222,91.9,9840
2318,42.0633333333333,283.475833333333,102.3,0
2319,42.0633333333333,283.475833333333,102.1,41000
2320,43.1705555555556,282.327222222222,102.7,0
2321,43.0725,282.907222222222,88.1,0
2322,43.2291666666667,282.5525,89.3,0
2323,42.12,282.051944444444,97.1,9840
2324,42.0625,282.105833333333,93.5,9840
2325,42.1902777777778,282.178888888889,93.5,9840
2326,42.1572222222222,282.076388888889,93.5,0
2327,42.0566666666667,281.990833333333,103.5,0
2328,42.1236111111111,282.075555555556,93.5,9840
2329,42.0016666666667,285.900277777778,98.9,41000
2330,42.3141666666667,280.3825,100.9,9840
2331,44.2211111111111,286.588888888889,102.9,0
2332,44.1855555555556,286.564444444444,88.5,410
2333,43.0583333333333,283.833611111111,96.5,0
2334,42.6230555555556,281.7125,107.7,27880
2335,43.4769444444444,286.551666666667,94.1,0
2336,43.0372222222222,284.555833333333,97.9,0
2337,42.9036111111111,281.128055555556,107.3,0
2338,44.4033333333333,286.566666666667,96.7,0
2339,42.0511111111111,284.495277777778,106.7,9840
2340,41.99,285.981666666667,100.1,0
2341,41.6011111111111,285.445555555556,97.3,0
2342,42.5227777777778,281.5275,91.3,0
2343,40.7661111111111,276.162777777778,94.9,0
2344,41.2805555555556,278.3775,96.5,0
2345,41.0552777777778,278.473611111111,89.1,0
2346,41.0647222222222,278.417222222222,91.3,0
2347,41.0647222222222,278.417222222222,97.5,0
2348,41.0827777777778,278.366388888889,88.1,0
2349,40.79,278.893055555556,92.5,0
2350,40.9044444444444,278.887777777778,91.1,0
2351,40.3002777777778,275.793055555556,88.7,4920
2352,40.4672222222222,275.81,88.7,9840
2353,40.4672222222222,275.81,88.7,9840
2354,41.4841666666667,275.717222222222,89.5,0
2355,41.5580555555556,275.814444444444,96.1,0
2356,40.8402777777778,277.645,101.3,0
2357,40.8613888888889,277.680277777778,88.9,0
2358,41.8772222222222,279.203333333333,96.1,9840
2359,41.8494444444444,279.294444444444,91.7,9840
2360,41.8538888888889,279.311111111111,91.7,9840
2361,41.8538888888889,279.311111111111,98.3,0
2362,41.835,279.261944444444,92.1,328
2363,41.8161111111111,279.219166666667,97.1,0
2364,41.8397222222222,279.256944444444,98.3,0
2365,39.3688888888889,278.021944444444,95.9,41000
2366,39.3138888888889,277.851666666667,91.3,0
2367,39.355,277.907777777778,105.5,0
2368,41.395,278.693333333333,88.3,0
2369,41.395,278.693333333333,91.5,0
2370,39.7975,277.398055555556,102.5,41000
2371,39.9027777777778,278.79,93.5,0
2372,39.1291666666667,275.898611111111,88.7,0
2373,39.0619444444444,275.902777777778,88.7,0
2374,40.5947222222222,278.422777777778,88.7,0
2375,39.7366666666667,275.843055555556,103.9,0
2376,40.0175,279.2575,88.7,0
2377,40.0358333333333,279.229166666667,100.5,0
2378,40.0358333333333,279.229166666667,100.5,0
2379,40.3680555555556,276.266111111111,98.3,0
2380,41.2386111111111,277.162222222222,92.1,0
2381,39.3241666666667,278.374444444444,89.5,0
2382,39.3461111111111,278.501666666667,91.9,0
2383,39.31,278.403333333333,107.1,0
2384,41.4180555555556,278.099444444444,88.3,0
2385,41.08,279.36,89.5,9840
2386,40.6597222222222,278.643055555556,90.1,9840
2387,40.4672222222222,275.81,88.7,0
2388,41.4091666666667,276.465277777778,89.7,9840
2389,41.3758333333333,276.440555555556,88.1,0
2390,41.4577777777778,276.340833333333,93.5,0
2391,40.6597222222222,278.643055555556,90.1,9840
2392,40.9016666666667,278.058333333333,91.9,41000
2393,40.9155555555556,278.067777777778,91.9,41000
2394,41.4788888888889,275.419444444444,100.9,0
2395,41.4797222222222,275.402777777778,90.9,0
2396,40.7625,277.069444444444,92.7,0
2397,40.7625,277.069444444444,92.7,0
2398,40.04,278.353055555556,97.7,0
2399,40.2538888888889,279.157222222222,106.3,0
2400,39.8130555555556,278.389722222222,104.9,0
2401,40.6819444444444,276.9925,95.9,0
2402,39.985,278.481388888889,88.1,0
2403,40.04,278.353055555556,102.7,9840
2404,39.9683333333333,278.481666666667,88.1,9840
2405,40.04,278.353055555556,96.7,0
2406,40.04,278.353055555556,96.7,0
2407,40.0922222222222,278.711666666667,89.1,0
2408,40.6697222222222,278.544722222222,90.1,9840
2409,40.8275,278.621666666667,88.9,9840
2410,40.8980555555556,278.681666666667,94.1,0
2411,40.8213888888889,278.574166666667,106.9,0
2412,40.5713888888889,278.819444444444,90.9,9840
2413,41.3966666666667,277.208055555556,97.7,0
2414,39.7627777777778,276.116944444444,90.3,0
2415,40.5522222222222,275.487222222222,96.7,0
2416,40.5522222222222,275.487222222222,94.3,0
2417,39.2919444444444,277.139444444444,106.5,9840
2418,39.3311111111111,277.003055555556,94.3,0
2419,39.6213888888889,277.113055555556,93.3,0
2420,39.3458333333333,276.8125,90.1,0
2421,39.3294444444444,277.197777777778,91.9,0
2422,39.3458333333333,276.8125,89.3,0
2423,39.2061111111111,275.443611111111,93.3,0
2424,39.2891666666667,275.585555555556,88.3,0
2425,39.6644444444444,277.148888888889,107.1,0
2426,41.1808333333333,277.611111111111,90.7,41000
2427,41.4422222222222,278.508888888889,103.7,410
2428,41.4422222222222,278.509166666667,95.5,0
2429,41.3716666666667,278.286944444444,90.3,0
2430,41.2966666666667,278.342777777778,103.3,0
2431,41.5033333333333,278.325277777778,89.3,0
2432,41.3827777777778,278.298333333333,102.1,0
2433,41.465,278.713333333333,107.9,0
2434,41.3716666666667,278.2825,99.5,0
2435,41.3791666666667,278.280277777778,106.5,0
2436,41.3838888888889,278.304722222222,105.7,0
2437,41.3583333333333,278.332777777778,100.7,0
2438,41.3411111111111,278.260277777778,98.5,0
2439,41.3791666666667,278.280277777778,104.1,0
2440,41.5205555555556,278.416111111111,91.1,0
2441,41.2805555555556,278.3775,93.1,0
2442,41.5002777777778,278.433888888889,92.3,0
2443,41.4422222222222,278.509166666667,92.3,0
2444,41.2958333333333,277.026111111111,90.5,0
2445,41.2491666666667,277.086944444444,100.9,0
2446,40.0172222222222,276.980277777778,106.7,0
2447,39.9377777777778,276.978888888889,88.7,0
2448,39.9377777777778,276.978888888889,91.5,0
2449,39.9372222222222,276.978888888889,91.5,82000
2450,39.9711111111111,276.972222222222,97.1,0
2451,39.9711111111111,276.972222222222,99.7,0
2452,39.9633333333333,276.995277777778,90.5,0
2453,39.9711111111111,276.972222222222,92.3,0
2454,39.9627777777778,277.003888888889,107.5,0
2455,39.9711111111111,276.972222222222,96.3,0
2456,39.9694444444444,276.997222222222,97.9,0
2457,39.9377777777778,276.978888888889,89.7,0
2458,39.9708333333333,276.937777777778,94.7,0
2459,40.9591666666667,275.862777777778,93.9,41000
2460,39.9377777777778,276.978888888889,91.5,41000
2461,41.8616666666667,279.483333333333,105.5,0
2462,40.2686111111111,278.252777777778,89.5,9840
2463,40.3416666666667,278.034722222222,91.1,0
2464,40.275,278.173333333333,99.3,0
2465,40.275,278.173333333333,99.3,41000
2466,40.7702777777778,277.243611111111,98.7,0
2467,40.7555555555556,275.889166666667,99.3,9840
2468,39.7897222222222,277.905833333333,107.3,0
2469,39.7577777777778,275.806666666667,89.5,0
2470,39.7572222222222,275.793333333333,89.5,0
2471,39.7338888888889,275.752222222222,99.1,0
2472,39.7266666666667,275.793611111111,107.7,0
2473,39.7219444444444,275.79,104.7,0
2474,40.3133333333333,276.080555555556,91.7,9840
2475,41.2783333333333,275.5175,98.1,0
2476,41.2947222222222,275.61,91.9,0
2477,41.2230555555556,275.623333333333,105.7,0
2478,40.4002777777778,277.221388888889,89.1,9840
2479,40.2452777777778,277.07,107.9,0
2480,40.2452777777778,277.07,107.9,0
2481,40.8319444444444,275.646944444444,107.1,0
2482,41.5869444444444,276.096944444444,106.5,0
2483,40.5638888888889,278.482222222222,101.7,0
2484,40.5638888888889,278.482222222222,101.7,0
2485,40.1555555555556,277.096666666667,106.7,41000
2486,40.63,279.3975,104.3,0
2487,39.8361111111111,275.595555555556,92.9,0
2488,41.8288888888889,279.175833333333,102.5,0
2489,41.6408333333333,275.207777777778,89.9,9840
2490,41.2694444444445,277.995833333333,107.3,0
2491,39.7366666666667,275.843055555556,94.5,0
2492,39.8802777777778,275.934444444444,101.5,9840
2493,39.2002777777778,275.477222222222,94.9,0
2494,41.1111111111111,276.351666666667,89.7,0
2495,41.0452777777778,276.349444444444,89.7,0
2496,41.0441666666667,276.35,89.7,9840
2497,40.9166666666667,276.404166666667,100.5,0
2498,41.0530555555556,276.346388888889,88.3,0
2499,40.8083333333333,276.355555555556,93.1,41000
2500,40.6638888888889,275.914722222222,107.5,0
2501,39.1975,275.617777777778,97.3,9840
2502,41.1,276.524444444444,96.7,0
2503,40.0266666666667,277.822777777778,96.7,41000
2504,40.5741666666667,277.4925,98.3,0
2505,41.3494444444445,276.880555555556,99.1,0
2506,40.0711111111111,277.190277777778,104.9,0
2507,40.7572222222222,277.210277777778,102.3,0
2508,38.8052777777778,277.773333333333,101.5,0
2509,40.3736111111111,277.604166666667,91.9,0
2510,41.8452777777778,279.354722222222,89.5,41000
2511,41.7916666666667,278.908333333333,104.7,0
2512,41.4719444444444,276.581944444444,95.7,0
2513,41.0933333333333,275.975,88.9,9840
2514,40.0711111111111,277.476666666667,91.1,0
2515,39.4077777777778,276.645833333333,97.5,0
2516,40.1469444444444,275.39,89.9,0
2517,40.0988888888889,275.366666666667,91.5,0
2518,40.1469444444444,275.39,106.5,0
2519,39.7213888888889,277.143055555556,88.1,41000
2520,39.7822222222222,277.1725,88.1,41000
2521,39.8138888888889,276.944722222222,101.1,0
2522,39.2002777777778,275.477222222222,103.5,0
2523,39.4308333333333,275.372222222222,89.5,0
2524,39.3530555555556,275.675,96.5,0
2525,39.6666666666667,279.131944444444,99.5,41000
2526,41.3263888888889,275.2825,106.7,41000
2527,40.1297222222222,276.911111111111,105.7,9840
2528,39.1661111111111,276.393055555556,106.7,0
2529,41.6255555555556,276.288611111111,102.3,0
2530,41.0913888888889,279.498888888889,101.9,4920
2531,41.3013888888889,277.512222222222,96.1,0
2532,39.0291666666667,277.4025,97.7,0
2533,41.63,279.2375,90.9,0
2534,40.2288888888889,277.341111111111,103.1,0
2535,41.0827777777778,278.366944444444,89.7,0
2536,41.1077777777778,278.645,100.1,0
2537,40.5,276.379722222222,88.9,9840
2538,40.5,276.379722222222,88.9,9840
2539,40.6425,276.414166666667,88.5,9840
2540,40.6447222222222,276.433611111111,95.3,0
2541,39.7386111111111,275.79,99.9,0
2542,39.6802777777778,277.4025,90.9,0
2543,39.6755555555556,277.323888888889,95.5,0
2544,39.8644444444444,277.361388888889,103.5,0
2545,39.3530555555556,275.675,96.5,82000
2546,39.2813888888889,275.646944444444,97.3,0
2547,40.7527777777778,277.350277777778,89.5,9840
2548,40.7225,275.915555555556,89.3,41000
2549,40.735,275.895,99.3,41000
2550,40.7630555555556,275.816944444444,93.1,0
2551,40.6541666666667,275.89,90.7,0
2552,40.6341666666667,275.791944444444,102.1,0
2553,40.7225,275.915555555556,104.9,0
2554,40.7225,275.915555555556,104.9,0
2555,40.7563888888889,275.866666666667,97.7,0
2556,39.5297222222222,277.613888888889,98.3,0
2557,39.8847222222222,276.576944444444,106.3,0
2558,41.4441666666667,277.850555555556,93.7,164
2559,41.3094444444444,277.558055555556,89.1,0
2560,41.4247222222222,277.850833333333,104.9,0
2561,40.6161111111111,277.9075,107.7,0
2562,41.4275,276.391666666667,107.7,9840
2563,40.7091666666667,277.513611111111,91.7,0
2564,40.7219444444444,277.468888888889,90.7,0
2565,40.7638888888889,277.382222222222,106.1,0
2566,40.7691666666667,277.460277777778,105.3,0
2567,39.6,278.4475,90.9,9840
2568,39.4186111111111,278.524166666667,94.3,0
2569,39.3241666666667,278.374444444444,102.1,0
2570,39.4186111111111,278.558055555556,88.3,0
2571,40.6141666666667,276.784444444444,91.9,9840
2572,40.6075,276.762777777778,94.3,0
2573,40.6138888888889,276.870277777778,106.9,0
2574,40.6844444444444,276.743333333333,91.1,0
2575,40.0822222222222,279.060277777778,90.7,41000
2576,40.1738888888889,276.755,105.7,0
2577,39.3491666666667,275.648611111111,97.7,0
2578,39.5158333333333,275.648611111111,97.7,9840
2579,41.6486111111111,276.293888888889,89.3,0
2580,41.6569444444444,276.307222222222,89.3,4428
2581,39.1497222222222,277.406666666667,98.7,0
2582,39.6466666666667,278.155,103.7,9840
2583,39.8111111111111,278.136944444444,103.9,0
2584,39.5566666666667,278.148611111111,100.9,0
2585,41.0827777777778,278.366944444444,94.9,0
2586,39.66,275.686111111111,93.7,0
2587,39.2625,275.298333333333,88.9,9840
2588,39.0583333333333,277.958055555556,92.1,0
2589,39.5625,275.677777777778,89.1,410
2590,39.5158333333333,275.648611111111,105.9,0
2591,39.1058333333333,275.664166666667,107.1,0
2592,40.6022222222222,278.258055555556,90.5,41000
2593,40.6025,278.258611111111,90.5,9840
2594,40.4852777777778,278.155833333333,95.3,0
2595,41.515,275.338055555556,104.5,0
2596,39.3475,275.863055555556,89.1,0
2597,40.5875,277.194444444444,95.1,0
2598,39.5877777777778,276.776111111111,102.3,9840
2599,40.3705555555556,277.531944444444,90.9,0
2600,40.405,277.561111111111,93.7,0
2601,39.0455555555555,276.198888888889,90.5,9840
2602,39.03,276.202222222222,90.5,82000
2603,41.2,278.477222222222,98.1,82000
2604,41.3,275.843888888889,103.1,0
2605,39.4605555555556,277.780833333333,107.7,0
2606,40.245,277.069722222222,101.7,41000
2607,39.9961111111111,278.278611111111,90.7,0
2608,39.7769444444444,277.835,106.3,0
2609,39.7769444444444,277.835,105.9,0
2610,40.4827777777778,278.524166666667,89.5,0
2611,40.5975,278.508055555556,95.9,0
2612,40.5638888888889,278.482222222222,91.5,0
2613,41.0416666666667,277.071388888889,93.3,9840
2614,39.9672222222222,277.786388888889,89.3,9840
2615,40.0338888888889,277.597777777778,91.7,0
2616,40.0338888888889,277.597777777778,100.3,0
2617,39.9938888888889,277.496388888889,101.7,0
2618,39.9938888888889,277.496388888889,101.7,0
2619,41.2644444444444,279.404444444444,106.1,0
2620,41.1177777777778,276.456111111111,107.7,0
2621,41.1177777777778,276.456111111111,107.7,0
2622,40.8083333333333,278.608333333333,101.7,9840
2623,41.905,279.306944444444,96.1,41000
2624,41.905,279.306944444444,107.5,41000
2625,41.7919444444444,278.838888888889,93.7,41000
2626,41.1805555555556,277.610833333333,90.7,9840
2627,41.2802777777778,277.3425,95.3,5412
2628,41.4719444444444,276.581944444444,97.3,0
2629,41.2941666666667,277.776111111111,88.3,0
2630,41.2938888888889,277.777777777778,91.5,0
2631,40.9558333333333,276.088333333333,106.3,0
2632,39.5572222222222,275.206944444444,88.5,0
2633,41.7047222222222,278.7575,88.3,0
2634,41.3827777777778,278.298333333333,92.7,162.36
2635,41.0588888888889,275.408333333333,99.7,0
2636,38.8808333333333,276.688055555556,93.1,41000
2637,41.6469444444445,276.395,94.9,162.36
2638,39.9441666666667,277.312777777778,103.5,9840
2639,39.0980555555556,277.044444444444,100.1,9840
2640,40.2172222222222,275.706944444444,95.7,0
2641,39.8894444444444,278.503888888889,94.3,41000
2642,40.0263888888889,278.460555555556,92.1,0
2643,41.08,279.36,89.5,9840
2644,41.575,277.153055555556,106.9,0
2645,41.4975,276.73,94.5,0
2646,38.8933333333333,278.219166666667,93.1,9840
2647,39.2230555555556,275.567777777778,89.3,0
2648,41.1986111111111,277.063611111111,88.5,9840
2649,41.2491666666667,277.086944444444,88.5,26240
2650,39.8922222222222,276.954444444444,93.3,82000
2651,40.5530555555556,276.736944444444,92.7,9840
2652,40.5558333333333,276.746666666667,92.7,9840
2653,40.3061111111111,276.670833333333,104.3,0
2654,40.3061111111111,276.670833333333,104.3,0
2655,38.8327777777778,277.476111111111,90.9,41000
2656,39.7780555555556,277.576111111111,88.9,9840
2657,39.7786111111111,277.576388888889,88.5,0
2658,39.7786111111111,277.576388888889,88.5,0
2659,40.8855555555556,279.168333333333,105.1,0
2660,41.3994444444444,277.348055555556,88.3,0
2661,41.3994444444444,277.348055555556,88.3,0
2662,41.4436111111111,277.226944444444,92.9,0
2663,41.4316666666667,277.263611111111,88.1,41000
2664,41.4411111111111,277.312777777778,102.7,0
2665,41.4413888888889,277.194444444444,89.5,8856
2666,40.0613888888889,279.248055555556,95.7,0
2667,40.8872222222222,277.3525,88.3,9840
2668,40.945,277.338333333333,100.1,0
2669,40.3011111111111,275.794166666667,105.5,0
2670,39.9366666666667,276.343055555556,88.3,9840
2671,38.8133333333333,277.3,94.9,9840
2672,40.7113888888889,275.616388888889,88.1,0
2673,39.9530555555556,276.131388888889,102.9,0
2674,39.9616666666667,276.131944444444,100.7,0
2675,40.6341666666667,275.791944444444,103.3,0
2676,40.3655555555556,279.273611111111,88.9,0
2677,40.3422222222222,279.379722222222,103.5,0
2678,41.2338888888889,278.675555555556,88.9,0
2679,41.0516666666667,279.401388888889,90.7,0
2680,40.3161111111111,277.170277777778,88.3,9840
2681,41.6416666666667,276.099166666667,107.3,0
2682,40.9147222222222,276.874444444444,89.3,9840
2683,41.6469444444445,276.395,105.5,7052
2684,41.6927777777778,278.952777777778,89.1,0
2685,41.1388888888889,276.754166666667,103.7,0
2686,41.1163888888889,276.8325,88.9,0
2687,41.6447222222222,276.294722222222,100.7,0
2688,41.6466666666667,276.395,92.1,144.32
2689,41.6575,276.568055555556,91.3,0
2690,41.6575,276.568055555556,91.3,0
2691,41.6730555555556,276.574722222222,104.7,0
2692,41.6680555555556,276.549722222222,99.9,0
2693,41.6466666666667,276.393888888889,90.3,0
2694,41.6897222222222,276.574722222222,101.5,0
2695,41.5319444444444,276.406388888889,92.5,0
2696,41.6572222222222,276.384166666667,88.3,0
2697,40.0280555555556,275.808888888889,96.9,0
2698,40.4386111111111,278.566666666667,99.9,0
2699,40.4386111111111,278.566666666667,99.9,0
2700,40.1922222222222,275.200555555556,97.5,0
2701,41.49,278.468611111111,88.7,0
2702,39.9711111111111,276.972222222222,98.9,0
2703,40.9147222222222,276.874444444444,90.1,82000
2704,40.8361111111111,276.763611111111,90.1,0
2705,40.9033333333333,276.946111111111,90.1,0
2706,40.0491666666667,276.231666666667,89.1,9840
2707,40.0491666666667,276.231666666667,101.7,0
2708,40.0491666666667,276.231666666667,101.7,0
2709,40.8858333333333,275.561944444444,104.3,41000
2710,40.8483333333333,275.556666666667,93.9,41000
2711,40.8925,275.472222222222,98.9,0
2712,40.9538888888889,275.448055555556,98.9,0
2713,41.065,278.261111111111,91.7,0
2714,40.6555555555556,275.885,92.1,0
2715,39.4002777777778,276.555555555556,105.5,0
2716,41.6008333333333,276.0925,96.9,0
2717,41.5580555555556,275.814444444444,88.5,0
2718,39.2213888888889,277.0075,100.9,0
2719,39.4811111111111,275.927777777778,88.7,9840
2720,39.5144444444444,275.854166666667,89.1,9840
2721,39.0291666666667,277.4025,96.7,0
2722,39.0291666666667,277.4025,96.7,0
2723,39.7163888888889,275.743333333333,88.1,0
2724,39.7208333333333,275.739166666667,92.1,0
2725,39.3194444444444,275.632222222222,89.9,0
2726,39.9144444444444,276.857222222222,104.3,9840
2727,40.2516666666667,276.243333333333,104.3,41000
2728,40.2344444444444,277.161111111111,103.9,0
2729,40.1591666666667,277.076944444444,103.9,0
2730,40.2344444444444,277.161111111111,103.9,41000
2731,40.2447222222222,277.069722222222,107.9,41000
2732,41.2697222222222,276.338055555556,88.9,41000
2733,41.2697222222222,276.338055555556,88.9,41000
2734,39.9377777777778,276.978888888889,91.5,9840
2735,41.4275,276.391666666667,88.9,41000
2736,39.7158333333333,276.125833333333,88.9,0
2737,40.945,277.338333333333,90.9,0
2738,40.96,277.378888888889,96.9,0
2739,39.365,276.231111111111,102.3,0
2740,39.365,276.231111111111,102.3,0
2741,40.8280555555556,278.129722222222,90.9,0
2742,40.7744444444444,278.082222222222,89.3,0
2743,40.8277777777778,278.128611111111,91.9,0
2744,40.7919444444444,278.095555555556,104.5,0
2745,39.6316666666667,276.105833333333,95.3,0
2746,39.7627777777778,276.116944444444,91.3,0
2747,41.0805555555556,279.351944444444,93.3,0
2748,41.0572222222222,279.360833333333,101.1,0
2749,41.0583333333333,279.355277777778,98.9,0
2750,41.0566666666667,279.354722222222,88.5,0
2751,41.0577777777778,279.355277777778,91.7,0
2752,40.3266666666667,276.366111111111,88.5,9840
2753,40.3266666666667,276.366111111111,88.5,9840
2754,40.3352777777778,276.337222222222,88.9,9840
2755,39.7144444444444,277.930833333333,92.7,0
2756,39.9283333333333,278.015277777778,102.5,0
2757,39.9283333333333,278.015277777778,102.5,0
2758,39.9672222222222,277.786388888889,91.7,0
2759,39.8138888888889,278.044444444444,90.1,0
2760,45.5222222222222,237.253055555556,97.9,164000
2761,45.4886111111111,237.304444444444,97.9,164000
2762,46.2625,236.113055555556,89.7,0
2763,46.2625,236.113055555556,88.7,9840
2764,46.2627777777778,236.113055555556,90.5,9840
2765,46.2627777777778,236.112777777778,89.7,41000
2766,46.1813888888889,236.193611111111,92.9,0
2767,46.1813888888889,236.193611111111,92.9,0
2768,46.2625,236.113055555556,91.9,0
2769,45.5158333333333,237.265833333333,107.5,164000
2770,45.5158333333333,237.265833333333,107.5,0
2771,45.5230555555556,236.110555555556,96.3,9840
2772,45.5230555555556,236.110555555556,96.3,9840
2773,45.4661111111111,236.079166666667,95.9,9840
2774,45.5222222222222,237.253055555556,103.3,0
2775,45.8947222222222,236.055555555556,98.9,41000
2776,45.8947222222222,236.055555555556,96.5,41000
2777,45.9105555555556,236.06,94.9,0
2778,46.2952777777778,236.761944444444,92.9,41000
2779,46.2952777777778,236.761944444444,92.9,41000
2780,45.9527777777778,236.061666666667,93.3,9840
2781,45.9527777777778,236.061666666667,96.5,9840
2782,45.5405555555556,237.434722222222,93.1,41000
2783,45.5158333333333,237.265833333333,89.1,0
2784,46.2625,236.113055555556,88.7,41000
2785,45.7222222222222,238.561111111111,90.1,9840
2786,45.7019444444444,238.462777777778,105.5,0
2787,45.4533333333333,237.453055555556,106.7,0
2788,45.59,236.469166666667,88.7,9840
2789,45.7180555555556,236.060555555556,94.9,9840
2790,45.6844444444444,236.088333333333,93.5,41000
2791,45.6844444444444,236.088333333333,93.5,41000
2792,45.7436111111111,236.058888888889,88.9,9840
2793,45.6844444444444,236.088333333333,97.5,41000
2794,45.5222222222222,237.253055555556,105.1,164000
2795,45.4652777777778,236.029166666667,94.3,41000
2796,45.4886111111111,237.304444444444,90.7,0
2797,45.5158333333333,237.265833333333,89.9,0
2798,45.5158333333333,237.265833333333,88.3,0
2799,45.4886111111111,237.304444444444,92.3,0
2800,45.5222222222222,237.252777777778,101.9,0
2801,45.5158333333333,237.265833333333,101.1,0
2802,45.5225,237.246944444444,100.3,0
2803,45.4886111111111,237.304444444444,97.1,0
2804,45.5222222222222,237.253055555556,91.5,0
2805,45.4894444444444,237.3025,93.7,0
2806,45.5211111111111,237.247777777778,93.7,0
2807,45.4533333333333,237.453055555556,98.5,0
2808,45.4886111111111,237.304444444444,99.5,0
2809,45.4886111111111,237.304444444444,95.5,0
2810,45.4544444444444,237.448611111111,96.3,9840
2811,45.5158333333333,237.265833333333,93.9,41000
2812,45.4886111111111,237.304444444444,93.9,164000
2813,45.5161111111111,237.266111111111,89.9,82000
2814,45.5158333333333,237.265833333333,98.7,0
2815,46.1713888888889,237.037222222222,98.3,9840
2816,45.7141666666667,236.104722222222,90.3,41000
2817,45.4886111111111,237.304444444444,105.1,164000
2818,44.4888888888889,237.304444444444,104.1,82000
2819,45.9519444444445,236.061666666667,102.3,0
2820,45.9997222222222,236.073888888889,94.7,9840
2821,45.9816666666667,236.081666666667,94.9,41000
2822,45.9872222222222,235.989444444444,98.9,41000
2823,45.9094444444444,236.063611111111,98.1,41000
2824,45.9094444444444,236.063611111111,98.1,41000
2825,45.9455555555556,236.063611111111,98.9,41000
2826,45.9519444444445,236.061666666667,96.5,9840
2827,45.9519444444445,236.061666666667,96.5,9840
2828,45.7219444444444,238.561666666667,88.1,82000
2829,45.4563888888889,236.122222222222,104.1,0
2830,45.4661111111111,236.079166666667,104.3,164000
2831,45.4663888888889,236.080277777778,88.5,9840
2832,45.4661111111111,236.079166666667,94.3,41000
2833,45.4661111111111,236.079166666667,94.3,41000
2834,45.4661111111111,236.079166666667,89.5,9840
2835,45.4572222222222,236.082222222222,94.1,41000
2836,45.4886111111111,237.304444444444,97.9,82000
2837,45.4886111111111,237.304444444444,97.9,82000
2838,46.2625,236.113055555556,90.9,9840
2839,45.4886111111111,237.304444444444,96.3,41000
2840,41.0761111111111,281.448611111111,90.5,82000
2841,40.5169444444444,281.599166666667,88.1,0
2842,40.4875,281.647777777778,106.7,0
2843,40.5669444444444,281.558055555556,98.1,0
2844,40.5697222222222,281.56,100.1,0
2845,41.2283333333333,282.627777777778,99.9,0
2846,40.6027777777778,281.284444444444,93.5,0
2847,40.6422222222222,281.130833333333,92.5,0
2848,41.1475,284.305,105.9,41000
2849,40.7725,279.691111111111,88.3,0
2850,40.7847222222222,279.656944444444,90.9,0
2851,40.7372222222222,279.703888888889,106.7,0
2852,40.7111111111111,282.835833333333,90.5,9840
2853,40.7011111111111,282.786388888889,106.1,0
2854,40.2944444444444,281.426666666667,91.1,9840
2855,40.2944444444444,281.426666666667,91.1,82000
2856,40.0127777777778,281.446944444444,107.5,0
2857,40.0127777777778,281.446944444444,100.9,0
2858,41.0511111111111,282.618055555556,90.3,82000
2859,40.8922222222222,282.136666666667,95.3,0
2860,40.5675,281.555277777778,90.3,9840
2861,40.5669444444444,281.558055555556,103.9,0
2862,41.1708333333333,283.5925,95.9,0
2863,41.0863888888889,283.722222222222,103.5,0
2864,40.5194444444444,280.776388888889,106.3,0
2865,41.0080555555556,283.552777777778,91.1,0
2866,40.9383333333333,283.573055555556,106.5,0
2867,40.7522222222222,282.245833333333,92.9,0
2868,40.7522222222222,282.245833333333,93.7,0
2869,40.4116666666667,280.068888888889,96.9,0
2870,41.9558333333333,281.350277777778,99.3,0
2871,42.0986111111111,281.5375,90.5,41000
2872,41.97,281.299444444444,100.1,0
2873,41.0677777777778,280.917222222222,103.3,0
2874,41.1225,280.936111111111,95.9,0
2875,41.16,280.918611111111,105.5,41000
2876,40.6022222222222,282.405,100.3,9840
2877,40.5861111111111,282.305833333333,96.7,0
2878,40.8975,280.110833333333,97.7,0
2879,40.0491666666667,280.1,91.9,0
2880,41.8036111111111,279.943611111111,104.5,41000
2881,41.8841666666667,279.816944444444,89.9,11972
2882,41.8238888888889,279.826944444444,89.9,41000
2883,41.7422222222222,283.164722222222,100.3,0
2884,41.7575,284.559166666667,91.3,0
2885,41.7575,284.559166666667,91.3,0
2886,41.5436111111111,284.538055555556,94.3,0
2887,40.2769444444444,282.723611111111,91.3,9840
2888,40.1116666666667,281.141111111111,101.7,0
2889,40.7775,282.176388888889,99.5,41000
2890,40.1233333333333,280.104444444444,98.3,41000
2891,41.7891666666667,280.858888888889,104.3,41000
2892,41.2447222222222,280.738611111111,92.7,0
2893,41.2097222222222,280.622777777778,91.7,0
2894,41.0680555555556,281.481388888889,93.1,0
2895,41.7530555555556,281.999444444444,96.7,0
2896,41.7530555555556,281.999444444444,96.7,0
2897,41.6208333333333,282.863333333333,101.5,0
2898,40.4652777777778,281.478888888889,94.3,0
2899,40.4030555555556,281.473888888889,94.7,9840
2900,41.0747222222222,281.4675,102.9,0
2901,41.2619444444445,284.0325,93.7,0
2902,40.9877777777778,283.452777777778,96.7,0
2903,41.1911111111111,281.309444444444,107.3,0
2904,41.0452777777778,281.297222222222,102.1,0
2905,40.4672222222222,281.484166666667,93.1,9840
2906,40.4719444444445,280.005833333333,98.3,41000
2907,40.3644444444444,280.286666666667,98.3,9840
2908,41.5233333333333,283.596944444444,94.5,9840
2909,41.5330555555556,283.5975,88.7,9840
2910,41.5330555555556,283.5975,88.7,9840
2911,41.5258333333333,283.590555555556,88.1,410
2912,40.4113888888889,281.225555555556,99.1,0
2913,41.8780555555556,279.8225,88.9,0
2914,41.9663888888889,279.889166666667,97.9,0
2915,41.9466666666667,281.466944444444,103.9,0
2916,40.6233333333333,283.168611111111,100.5,0
2917,40.8702777777778,279.712777777778,92.1,0
2918,40.8702777777778,279.712777777778,92.1,41000
2919,40.8383333333333,283.353888888889,90.9,9840
2920,41.4922222222222,281.745,98.9,0
2921,42.165,280.010277777778,95.9,9840
2922,42.0841666666667,279.943333333333,95.9,0
2923,42.1041666666667,279.930833333333,105.9,0
2924,42.0827777777778,279.939166666667,107.9,164
2925,42.1225,279.92,95.5,164
2926,42.0936111111111,279.943888888889,104.9,0
2927,42.1041666666667,279.930833333333,104.3,283.72
2928,42.1363888888889,279.96,107.1,410
2929,42.0902777777778,280.056666666667,103.7,0
2930,41.9663888888889,279.889166666667,88.1,0
2931,42.0427777777778,279.934444444444,90.5,9840
2932,42.0405555555556,279.932222222222,94.7,0
2933,42.0402777777778,279.931388888889,102.3,0
2934,42.09,280.046944444444,88.5,0
2935,42.0419444444444,279.934444444444,91.3,0
2936,42.09,280.046944444444,99.9,0
2937,40.0011111111111,281.599166666667,104.3,0
2938,42.0266666666667,279.878611111111,93.9,0
2939,41.515,280.696666666667,106.1,9840
2940,41.3941666666667,280.228055555556,89.5,0
2941,41.4377777777778,280.075555555556,99.3,0
2942,41.0183333333333,284.0925,103.1,0
2943,41.66,282.366388888889,100.7,0
2944,42.1225,279.92,95.3,164
2945,40.3038888888889,280.403611111111,107.1,0
2946,41.4141666666667,279.619722222222,88.1,9840
2947,41.3861111111111,279.590555555556,107.1,0
2948,41.3861111111111,279.590555555556,107.1,41000
2949,41.4141666666667,279.619722222222,88.1,0
2950,41.1555555555556,279.920555555556,88.9,9840
2951,41.1433333333333,279.826666666667,101.9,9840
2952,41.1727777777778,279.930555555556,88.7,9840
2953,41.2466666666667,280.1,91.1,41000
2954,41.2522222222222,279.6425,95.1,0
2955,41.1636111111111,279.881666666667,91.1,0
2956,40.4991666666667,283.066944444444,88.5,9840
2957,41.3908333333333,284.796111111111,89.5,41000
2958,41.2669444444444,284.611666666667,89.1,41000
2959,41.4119444444444,284.836111111111,89.1,0
2960,41.5791666666667,284.821944444444,105.3,0
2961,41.0811111111111,284.052222222222,97.9,0
2962,40.2902777777778,281.437222222222,88.1,41000
2963,40.5669444444444,281.558055555556,104.9,0
2964,41.5930555555556,284.568055555556,90.9,9840
2965,41.5930555555556,284.568055555556,90.9,41000
2966,41.5791666666667,284.821944444444,95.3,0
2967,41.0997222222222,281.466388888889,91.9,41000
2968,40.4975,281.866944444444,103.5,0
2969,40.4863888888889,282.007222222222,106.3,0
2970,40.6158333333333,280.839166666667,90.1,0
2971,40.6380555555556,280.853888888889,103.1,0
2972,40.6380555555556,280.853888888889,92.5,0
2973,41.0444444444445,284.621111111111,91.1,0
2974,41.2252777777778,282.793055555556,88.5,9840
2975,41.2244444444444,282.620277777778,96.3,0
2976,41.2205555555556,282.722777777778,97.7,0
2977,41.4522222222222,281.352777777778,103.3,9840
2978,41.3863888888889,281.308055555556,100.5,0
2979,40.3713888888889,281.018055555556,88.9,82000
2980,40.3708333333333,281.016388888889,92.1,0
2981,40.3291666666667,281.101944444444,96.5,0
2982,40.3716666666667,281.017777777778,95.5,0
2983,40.3713888888889,281.0175,89.7,0
2984,41.6594444444444,281.188611111111,103.9,0
2985,41.6177777777778,281.196388888889,90.1,0
2986,40.8169444444444,283.550277777778,91.9,9840
2987,40.7919444444444,283.614722222222,90.5,9840
2988,41.6755555555556,283.805833333333,90.5,9840
2989,42.1758333333333,280.683055555556,88.9,9840
2990,41.435,283.525833333333,103.9,41000
2991,41.435,283.525833333333,91.7,9840
2992,41.4405555555556,283.525833333333,90.9,9840
2993,42.1,279.870277777778,92.7,9840
2994,42.1236111111111,279.883055555556,92.7,9840
2995,40.96,283.106944444444,92.3,9840
2996,40.9772222222222,282.883611111111,103.7,0
2997,40.9994444444444,283.126944444444,91.3,0
2998,40.9444444444444,283.121111111111,96.3,0
2999,40.955,283.118333333333,90.5,0
3000,40.6619444444444,282.425833333333,105.5,0
3001,40.5827777777778,282.503611111111,90.9,0
3002,40.6083333333333,282.421111111111,95.9,0
3003,40.6083333333333,282.421111111111,95.7,9840
3004,41.4911111111111,282.794166666667,107.5,9840
3005,41.68,279.546944444444,101.7,0
3006,41.1469444444444,282.510555555556,92.1,0
3007,41.4577777777778,283.666944444444,94.5,9840
3008,40.7972222222222,281.026666666667,88.5,82000
3009,41.7594444444445,283.075,88.3,9840
3010,41.7938888888889,282.84,103.3,9840
3011,41.8980555555556,282.906388888889,92.3,0
3012,41.8058333333333,282.929444444444,89.5,0
3013,40.7972222222222,281.028055555556,88.5,82000
3014,39.7255555555556,280.518888888889,89.1,9840
3015,40.2936111111111,281.739722222222,92.7,0
3016,40.2936111111111,281.739722222222,92.7,0
3017,39.7875,280.011388888889,88.5,41000
3018,39.7875,280.011388888889,106.9,0
3019,39.9891666666667,281.948333333333,91.7,9840
3020,41.6491666666667,279.856388888889,90.3,0
3021,41.6313888888889,279.823333333333,100.3,0
3022,41.3119444444444,279.722777777778,96.7,0
3023,41.2044444444445,279.636666666667,103.9,0
3024,40.5827777777778,282.503611111111,92.5,0
3025,39.8116666666667,280.973611111111,98.5,9840
3026,39.7969444444444,280.832222222222,93.3,0
3027,40.8908333333333,283.001944444444,98.3,0
3028,40.6202777777778,282.521944444444,107.1,0
3029,41.1341666666667,282.531111111111,97.7,9840
3030,41.1988888888889,282.568333333333,98.7,0
3031,40.505,282.882777777778,98.9,0
3032,40.5861111111111,282.305833333333,88.7,41000
3033,40.9530555555556,283.249444444444,100.9,0
3034,41.8544444444444,284.136388888889,96.5,0
3035,40.5155555555556,279.590833333333,104.3,82000
3036,40.8191666666667,283.537777777778,99.7,0
3037,41.3858333333333,284.598333333333,90.3,9840
3038,39.9138888888889,280.367777777778,103.1,41000
3039,40.255,282.138888888889,106.3,41000
3040,40.4147222222222,282.096666666667,99.5,0
3041,40.4147222222222,282.096666666667,99.5,41000
3042,41.1825,284.128333333333,97.1,0
3043,41.2116666666667,283.045833333333,93.3,0
3044,40.4808333333333,280.276388888889,88.1,0
3045,41.1830555555556,284.125,92.1,0
3046,41.195,284.009166666667,89.1,0
3047,40.8908333333333,283.001944444444,88.1,0
3048,41.0130555555556,279.706944444444,90.1,0
3049,40.4952777777778,279.995277777778,100.7,0
3050,41.1188888888889,279.67,88.9,0
3051,40.1797222222222,282.484722222222,90.1,41000
3052,40.2769444444444,282.722777777778,91.3,9840
3053,42.0902777777778,280.056666666667,104.9,41000
3054,42.1975,280.2475,100.9,0
3055,40.9583333333333,283.285277777778,90.9,9840
3056,40.7861111111111,283.303333333333,107.3,0
3057,39.7869444444444,280.469722222222,89.1,9840
3058,41.4297222222222,280.317222222222,91.9,0
3059,41.4511111111111,280.333055555556,88.3,9840
3060,41.5430555555556,280.307777777778,88.3,9840
3061,41.3958333333333,280.335555555556,96.3,0
3062,41.4177777777778,280.285555555556,98.5,0
3063,41.3294444444445,284.260277777778,100.5,9840
3064,39.9208333333333,280.430277777778,94.9,41000
3065,39.8697222222222,280.360833333333,94.9,0
3066,41.4358333333333,284.040277777778,95.7,0
3067,41.4119444444444,284.836388888889,91.5,9840
3068,40.6547222222222,281.324166666667,94.3,9840
3069,40.7008333333333,281.376388888889,94.7,0
3070,40.9855555555556,281.855555555556,105.9,0
3071,40.4908333333333,280.018333333333,105.9,0
3072,40.4411111111111,279.974722222222,93.7,0
3073,40.4722222222222,280.005555555556,107.9,0
3074,40.4311111111111,279.993055555556,90.5,0
3075,40.4938888888889,279.981111111111,102.5,0
3076,40.4952777777778,279.995277777778,104.7,0
3077,40.4938888888889,279.981111111111,92.9,0
3078,40.4838888888889,280.0075,101.5,0
3079,40.4441666666667,280.046944444444,92.1,0
3080,40.4461111111111,280.036111111111,89.3,0
3081,40.4441666666667,280.056666666667,88.3,0
3082,40.4630555555556,279.995555555556,99.7,0
3083,40.3969444444445,280.038333333333,96.1,0
3084,40.4633333333333,279.995277777778,94.5,0
3085,40.4116666666667,280.074444444444,91.3,0
3086,41.3055555555555,284.239722222222,102.3,41000
3087,41.3055555555555,284.239722222222,102.3,0
3088,40.9327777777778,282.239166666667,98.7,9840
3089,41.085,284.364444444444,105.9,0
3090,41.81,281.614166666667,94.9,0
3091,40.9197222222222,282.025833333333,107.9,0
3092,40.3830555555556,281.341666666667,105.7,0
3093,40.8305555555556,283.791388888889,101.9,0
3094,40.96,280.998055555556,105.5,0
3095,41.1122222222222,280.899722222222,105.5,41000
3096,40.96,280.998055555556,104.1,9840
3097,41.3266666666667,282.250277777778,93.1,9840
3098,41.3266666666667,282.250277777778,96.1,9840
3099,41.3266666666667,282.250277777778,98.7,9840
3100,41.3052777777778,282.254444444444,106.9,0
3101,41.1447222222222,281.122222222222,99.5,0
3102,41.1447222222222,281.122222222222,106.5,41000
3103,41.9286111111111,283.2175,96.9,0
3104,41.6177777777778,281.196111111111,88.3,9840
3105,41.2488888888889,281.357777777778,88.1,41000
3106,41.4044444444444,281.3,91.1,9840
3107,40.9583333333333,283.285555555556,92.3,0
3108,41.9633333333333,280.838611111111,103.1,0
3109,41.6313888888889,279.823333333333,94.3,0
3110,41.3863888888889,281.308055555556,91.1,9840
3111,41.3105555555556,282.715,101.7,9840
3112,41.2333333333333,282.797777777778,95.5,0
3113,40.0141666666667,280.483333333333,103.9,0
3114,41.3477777777778,284.349444444444,106.9,0
3115,41.4272222222222,284.252222222222,101.3,0
3116,41.4358333333333,284.274444444444,99.5,0
3117,41.1819444444444,284.128888888889,89.9,0
3118,41.435,284.273888888889,104.9,0
3119,40.8561111111111,283.068611111111,90.1,9840
3120,40.7433333333333,283.166666666667,90.1,9840
3121,40.9516666666667,283.249444444444,88.9,0
3122,40.76,283.461666666667,95.3,0
3123,41.0572222222222,279.5275,102.9,0
3124,41.2180555555556,279.438333333333,95.9,0
3125,41.7116666666667,280.984722222222,101.5,9840
3126,41.7847222222222,280.915277777778,105.1,9840
3127,40.8486111111111,283.886666666667,91.5,9840
3128,40.8494444444444,283.885,91.5,82000
3129,41.0619444444444,279.957222222222,88.1,0
3130,41.0641666666667,279.953333333333,90.1,0
3131,41.81,281.614166666667,106.3,0
3132,40.0255555555556,280.904722222222,97.7,0
3133,41.9677777777778,283.333055555556,96.1,0
3134,41.235,283.149722222222,99.3,9840
3135,41.2116666666667,283.045833333333,99.3,0
3136,40.5075,281.196388888889,97.3,0
3137,41.3863888888889,281.308055555556,93.9,0
3138,41.6177777777778,281.196388888889,97.5,0
3139,40.7175,282.108611111111,101.9,0
3140,40.7322222222222,281.674444444444,89.1,82000
3141,40.9019444444444,282.163888888889,88.3,9840
3142,40.8930555555556,282.136944444444,88.3,41000
3143,40.7994444444444,282.130555555556,90.7,0
3144,40.8088888888889,282.159166666667,103.1,0
3145,40.9011111111111,282.161388888889,94.5,0
3146,40.9197222222222,282.025833333333,91.5,0
3147,40.8922222222222,282.136666666667,89.9,0
3148,41.31,280.782222222222,101.3,9840
3149,41.0444444444445,284.621111111111,88.7,0
3150,40.9583333333333,283.285277777778,90.9,9840
3151,40.7852777777778,283.302777777778,94.1,0
3152,42.0416666666667,284.308611111111,100.5,9840
3153,41.9855555555556,284.317777777778,93.3,9840
3154,41.9888888888889,284.283055555556,93.3,9840
3155,41.9466666666667,284.396944444444,92.5,0
3156,41.9347222222222,284.466944444444,92.5,41000
3157,41.2983333333333,283.875833333333,88.1,0
3158,41.0502777777778,281.177777777778,95.9,9840
3159,41.7594444444445,283.075,88.1,9840
3160,41.7594444444445,283.075,88.1,9840
3161,41.4122222222222,284.836111111111,88.3,9840
3162,41.5436111111111,284.538055555556,88.3,41000
3163,40.9905555555556,284.749722222222,107.1,9840
3164,41.6719444444444,280.619722222222,89.1,410
3165,42.0619444444444,282.639722222222,94.7,0
3166,41.9513888888889,282.846388888889,93.3,0
3167,41.1177777777778,284.621666666667,107.9,0
3168,41.7652777777778,283.514166666667,95.3,0
3169,41.4572222222222,282.885,90.1,9840
3170,41.4519444444445,283.991111111111,91.3,9840
3171,41.5247222222222,283.93,107.7,0
3172,40.7322222222222,281.674444444444,91.9,9840
3173,40.9194444444444,282.025833333333,101.1,0
3174,42.0008333333333,280.124444444444,106.3,0
3175,39.8858333333333,280.225555555556,99.3,0
3176,40.8075,282.058888888889,97.1,0
3177,41.8222222222222,280.845277777778,91.5,0
3178,41.8138888888889,280.8325,92.3,0
3179,40.1897222222222,279.766388888889,95.3,0
3180,40.1702777777778,279.755,91.7,1558
3181,41.9991666666667,280.300555555556,102.7,9840
3182,39.8697222222222,279.866388888889,103.1,0
3183,39.8697222222222,279.866388888889,103.1,0
3184,39.8997222222222,279.815,88.7,9840
3185,41.76,282.708055555556,97.1,0
3186,41.7380555555556,282.636388888889,104.5,0
3187,40.3711111111111,281.016944444444,90.7,41000
3188,41.7702777777778,282.798055555556,107.1,0
3189,41.1827777777778,284.127777777778,90.7,0
3190,41.2619444444445,284.0325,105.7,0
3191,41.2619444444445,284.0325,105.7,9840
3192,41.1988888888889,284.181944444444,98.5,0
3193,41.1822222222222,284.126388888889,92.9,0
3194,41.2491666666667,284.126388888889,88.5,0
3195,41.2108333333333,283.045555555556,107.9,0
3196,41.2480555555556,282.9675,89.7,9840
3197,41.2305555555556,282.850555555556,90.7,9840
3198,41.1952777777778,283.028611111111,105.1,0
3199,41.1952777777778,283.028611111111,105.1,0
3200,41.1891666666667,283.018888888889,102.7,0
3201,41.245,283.003055555555,91.7,0
3202,41.2363888888889,282.974722222222,88.1,0
3203,44.2208333333333,286.590277777778,93.7,0
3204,44.7572222222222,287.664722222222,94.5,9840
3205,44.7572222222222,287.664722222222,94.5,9840
3206,44.1255555555556,287.523888888889,89.9,0
3207,44.1583333333333,287.521111111111,107.1,0
3208,44.7483333333333,287.823888888889,100.3,9840
3209,44.7658333333333,287.847777777778,100.3,0
3210,43.1372222222222,287.5675,91.5,9840
3211,43.2091666666667,287.667777777778,107.1,0
3212,42.9477777777778,286.823888888889,94.3,0
3213,44.125,287.526111111111,100.9,7380
3214,44.3644444444444,287.069166666667,91.7,0
3215,43.6586111111111,286.893333333333,101.5,0
3216,42.8288888888889,287.402777777778,88.9,41000
3217,42.905,287.334166666667,92.7,0
3218,42.8958333333333,287.336944444444,92.7,41000
3219,42.8891666666667,287.3875,96.7,0
3220,44.8288888888889,288.088055555556,106.9,9840
3221,44.4063888888889,286.863611111111,97.5,14268
3222,44.2233333333333,286.876388888889,90.5,9840
3223,44.4972222222222,286.786388888889,98.3,360.8
3224,44.5277777777778,287.184444444444,92.9,0
3225,44.4508333333333,286.803055555556,98.9,0
3226,44.4802777777778,286.798611111111,90.1,0
3227,44.5277777777778,287.184444444444,107.9,0
3228,45.0222222222222,288.581944444444,94.1,41000
3229,44.4827777777778,288.823333333333,94.1,41000
3230,43.6080555555556,286.818888888889,91.3,0
3231,44.4938888888889,286.836388888889,88.7,0
3232,44.4102777777778,287.948611111111,95.7,0
3233,44.9730555555556,287.925555555556,98.3,0
3234,44.9730555555556,287.925555555556,92.1,0
3235,44.9291666666667,287.298611111111,88.7,9840
3236,44.9786111111111,287.111666666667,106.1,0
3237,44.9108333333333,287.196944444444,98.1,0
3238,44.8827777777778,287.245555555556,95.3,0
3239,44.8827777777778,287.245555555556,95.3,0
3240,43.5947222222222,286.734444444444,92.5,9840
3241,44.7647222222222,286.412777777778,102.3,0
3242,44.505,287.627222222222,105.9,9840
3243,44.5475,287.598333333333,105.9,0
3244,44.5808333333333,287.546666666667,91.7,1804
3245,43.7291666666667,287.627777777778,95.3,9840
3246,43.6541666666667,287.641666666667,104.3,0
3247,43.6541666666667,287.641666666667,104.3,0
3248,44.815,287.760833333333,94.5,9840
3249,44.7844444444444,288.113888888889,99.5,0
3250,44.7844444444444,288.113888888889,101.9,0
3251,44.6413888888889,287.328333333333,89.1,9840
3252,44.6413888888889,287.328333333333,90.7,0
3253,43.6394444444444,287.163888888889,105.3,0
3254,44.3941666666667,288.345,93.7,754.4
3255,44.5708333333333,288.106111111111,97.7,0
3256,44.5338888888889,287.971388888889,91.5,0
3257,43.2366666666667,286.971666666667,91.1,9840
3258,43.1661111111111,286.884166666667,102.7,0
3259,42.8461111111111,287.312777777778,101.5,0
3260,44.0261111111111,286.838333333333,90.1,9840
3261,44.0261111111111,286.838333333333,89.1,9840
3262,44.0097222222222,286.821388888889,91.1,0
3263,44.0097222222222,286.821388888889,89.9,9840
3264,44.4205555555556,287.172222222222,104.7,0
3265,44.5783333333333,287.364722222222,93.9,0
3266,44.9436111111111,287.803333333333,96.1,0
3267,44.1422222222222,287.341944444444,88.3,0
3268,43.4380555555556,287.548333333333,88.1,82000
3269,44.7736111111111,287.860277777778,99.3,0
3270,44.7669444444444,287.850277777778,96.5,16.4
3271,44.2844444444444,287.559444444444,91.1,0
3272,43.5183333333333,286.765555555556,92.5,9840
3273,43.5652777777778,286.901388888889,92.5,9840
3274,42.9744444444444,287.397222222222,91.9,0
3275,43.9555555555556,287.395555555556,102.1,0
3276,43.9352777777778,287.397777777778,90.7,0
3277,43.8158333333333,287.454444444444,99.7,9840
3278,43.7744444444444,287.601944444444,103.1,0
3279,43.2669444444444,286.744722222222,104.1,0
3280,43.6191666666667,287.016111111111,90.5,0
3281,43.6394444444444,287.163888888889,90.9,9840
3282,43.6136111111111,286.974722222222,94.5,0
3283,43.6047222222222,287.18,98.1,0
3284,43.6588888888889,286.893611111111,88.7,0
3285,43.6047222222222,287.18,97.1,0
3286,44.5094444444444,286.8175,95.5,0
3287,43.2816666666667,287.511388888889,93.5,0
3288,43.3152777777778,287.540277777778,93.5,9840
3289,44.8063888888889,286.9525,88.1,0
3290,44.7822222222222,286.935555555556,102.3,0
3291,44.5711111111111,288.106388888889,88.5,0
3292,44.5708333333333,288.106666666667,89.3,196.8
3293,44.4111111111111,288.030277777778,90.5,0
3294,44.4105555555556,288.030277777778,105.5,0
3295,44.5708333333333,288.106666666667,88.5,1394
3296,44.5255555555556,287.185555555556,101.7,1640
3297,43.1661111111111,286.883333333333,95.1,0
3298,44.7369444444445,288.051944444444,99.5,0
3299,44.8861111111111,286.834722222222,89.9,16400
3300,44.9172222222222,286.876388888889,88.1,410
3301,44.3111111111111,286.758055555556,106.7,0
3302,44.1269444444445,287.071944444444,96.1,0
3303,44.3644444444444,287.069166666667,103.3,0
3304,44.5255555555556,287.185555555556,103.3,0
3305,43.5677777777778,286.992222222222,107.5,0
3306,43.5677777777778,286.992222222222,107.5,9840
3307,43.0333333333333,287.632777777778,101.9,9840
3308,43.6538888888889,287.705277777778,95.3,0
3309,43.6538888888889,287.705277777778,95.3,0
3310,44.4683333333333,286.891944444444,90.9,0
3311,42.9591666666667,287.077777777778,100.7,0
3312,43.4380555555556,287.548333333333,89.5,0
3313,43.6394444444444,287.163888888889,91.7,0
3314,43.6047222222222,287.533055555556,93.9,0
3315,46.9983333333333,236.023333333333,95.3,41000
3316,46.9330555555556,236.268333333333,104.7,50840
3317,47.2561111111111,237.780277777778,89.9,0
3318,46.2897222222222,240.574444444444,97.5,164000
3319,47.5044444444445,238.031111111111,92.5,164000
3320,47.585,237.854722222222,91.3,0
3321,47.5438888888889,237.890833333333,91.3,2952
3322,47.5036111111111,238.024166666667,92.5,0
3323,48.7816666666667,237.628888888889,88.1,0
3324,48.7816666666667,237.628888888889,89.9,0
3325,48.8008333333333,237.5375,90.3,0
3326,48.8008333333333,237.5375,90.3,0
3327,48.7511111111111,237.519722222222,102.3,0
3328,48.8008333333333,237.5375,90.3,164
3329,48.8008333333333,237.5375,90.3,164
3330,48.7361111111111,237.518888888889,101.3,101.68
3331,48.8008333333333,237.5375,88.7,0
3332,48.8008333333333,237.5375,88.7,0
3333,48.8008333333333,237.5375,90.7,73.8
3334,48.8008333333333,237.5375,101.3,55.76
3335,48.7822222222222,237.630555555556,104.7,16.4
3336,48.6802777777778,237.158055555556,104.1,98400
3337,48.6797222222222,237.158611111111,92.9,0
3338,48.7361111111111,237.518888888889,89.3,0
3339,48.8008333333333,237.5375,91.7,0
3340,46.2466666666667,240.571111111111,96.7,9840
3341,46.2477777777778,240.436666666667,90.5,82000
3342,47.6155555555556,237.691666666667,106.9,0
3343,48.0372222222222,240.013611111111,91.9,82000
3344,48.2819444444444,237.291388888889,102.1,0
3345,45.4519444444445,237.4525,94.7,0
3346,48.0158333333333,237.073055555556,88.9,0
3347,47.5058333333333,239.589722222222,106.7,0
3348,46.3427777777778,236.900555555556,107.1,0
3349,46.9013888888889,236.58,98.5,1968
3350,46.7152777777778,237.035555555556,91.3,0
3351,46.975,236.861111111111,102.9,0
3352,46.5547222222222,236.941944444444,88.9,0
3353,46.6488888888889,237.032777777778,104.3,41000
3354,46.6488888888889,237.032777777778,104.3,41000
3355,46.5547222222222,236.941388888889,104.3,41000
3356,46.5541666666667,236.941666666667,88.9,41000
3357,46.5541666666667,236.940555555556,89.7,9840
3358,46.7308333333333,236.974444444444,90.5,0
3359,47.8072222222222,239.965833333333,97.9,9840
3360,47.8519444444444,240.127222222222,95.5,41000
3361,47.8519444444444,240.127222222222,94.7,41000
3362,47.8519444444444,240.127222222222,93.5,41000
3363,47.5786111111111,242.701666666667,89.5,0
3364,47.5930555555556,242.702777777778,101.1,0
3365,48.1458333333333,242.063055555556,102.7,41000
3366,46.4580555555556,242.898611111111,102.9,41000
3367,46.3163888888889,242.958888888889,88.1,9840
3368,46.44,242.733888888889,89.3,9840
3369,46.44,242.733888888889,89.3,9840
3370,46.4575,242.898055555556,94.1,0
3371,46.4572222222222,242.898888888889,90.5,0
3372,47.1516666666667,239.209166666667,100.3,9840
3373,46.8622222222222,242.826666666667,102.5,0
3374,48.5711111111111,242.101666666667,105.5,0
3375,48.5208333333333,242.091111111111,92.1,0
3376,46.9330555555556,236.266111111111,107.3,9840
3377,48.245,237.336944444444,96.9,0
3378,48.2997222222222,237.298611111111,101.1,9840
3379,47.2002777777778,237.991388888889,104.5,41000
3380,47.5433333333333,237.889166666667,104.5,82000
3381,48.2811111111111,238.458055555556,91.5,9840
3382,48.2811111111111,238.458055555556,91.5,9840
3383,48.2505555555556,238.391944444444,91.7,9840
3384,47.5872222222222,242.108333333333,97.3,0
3385,45.9886111111111,241.824444444444,92.5,0
3386,48.1805555555555,242.0125,89.1,9020
3387,48.0291666666667,242.899722222222,107.1,0
3388,48.7894444444444,237.809722222222,102.5,0
3389,47.6944444444444,242.664722222222,106.5,0
3390,47.3811111111111,239.711111111111,88.1,9840
3391,47.3811111111111,239.711111111111,97.7,0
3392,47.3808333333333,239.711388888889,92.7,0
3393,47.3811111111111,239.711111111111,101.1,41000
3394,46.8397222222222,237.741388888889,104.9,0
3395,46.8383333333333,237.800833333333,104.9,41000
3396,47.7680555555556,237.646944444444,105.3,0
3397,47.0058333333333,239.483611111111,88.1,9840
3398,47.1341666666667,239.439722222222,88.9,41000
3399,46.8869444444445,239.558333333333,94.3,0
3400,46.8869444444445,239.558333333333,94.3,9840
3401,47.2633333333333,239.606944444444,90.7,0
3402,46.8877777777778,239.556944444444,103.1,0
3403,47.1766666666667,239.218333333333,95.3,0
3404,46.8877777777778,239.556944444444,95.3,0
3405,47.0102777777778,236.615555555556,91.3,9840
3406,47.0102777777778,236.615555555556,91.3,9840
3407,46.9583333333333,236.410277777778,89.1,9840
3408,46.9583333333333,236.410277777778,102.1,0
3409,47.3125,236.627777777778,99.3,0
3410,47.3561111111111,240.517777777778,93.9,0
3411,47.3205555555556,240.426388888889,95.9,0
3412,47.305,240.400833333333,92.3,0
3413,48.0241666666667,237.8875,90.7,0
3414,46.5541666666667,236.941666666667,92.9,41000
3415,47.9541666666667,235.609722222222,105.5,9840
3416,47.9330555555556,235.603888888889,90.9,9840
3417,47.9330555555556,235.603888888889,90.9,9840
3418,47.9536111111111,235.609722222222,96.7,0
3419,47.9330555555556,235.603888888889,91.5,9840
3420,47.9461111111111,235.608611111111,88.1,410
3421,47.9541666666667,235.609722222222,103.9,0
3422,47.9541666666667,235.609722222222,103.9,0
3423,48.1294444444445,235.694444444444,96.7,1525.2
3424,48.0622222222222,237.426666666667,89.9,9840
3425,48.5566666666667,236.973055555556,91.9,164
3426,48.5222222222222,236.971944444444,91.9,164
3427,47.2411111111111,237.228333333333,89.9,0
3428,46.5433333333333,237.938888888889,89.3,9840
3429,46.5433333333333,237.938888888889,90.1,9840
3430,46.9152777777778,237.756666666667,104.9,41000
3431,47.8216666666667,241.065833333333,98.5,0
3432,46.4866666666667,239.995555555556,100.9,0
3433,48.1361111111111,238.0175,91.5,9840
3434,48.5541666666667,238.204444444444,90.1,9840
3435,46.9413888888889,236.213333333333,95.3,0
3436,46.3069444444444,235.791111111111,107.3,41000
3437,46.3097222222222,235.955277777778,105.3,41000
3438,46.3069444444444,235.956666666667,99.7,9840
3439,46.3069444444444,235.956666666667,99.7,9840
3440,46.3088888888889,235.956666666667,98.5,9840
3441,46.3477777777778,235.994722222222,103.9,0
3442,46.2872222222222,236.928611111111,91.1,0
3443,46.2147222222222,236.958888888889,94.5,0
3444,46.2361111111111,240.678055555556,91.7,41000
3445,46.2180555555556,240.794166666667,88.1,0
3446,47.6019444444445,239.49,101.1,0
3447,47.5922222222222,239.355833333333,97.7,41000
3448,46.3138888888889,235.946666666667,94.3,0
3449,46.3138888888889,235.946666666667,94.3,41000
3450,46.3138888888889,235.946666666667,92.7,9840
3451,46.3138888888889,235.946666666667,99.7,9840
3452,46.3138888888889,235.946666666667,99.7,41000
3453,46.1641666666667,237.145277777778,89.5,0
3454,46.1641666666667,237.145277777778,105.5,0
3455,46.1627777777778,237.145,90.3,0
3456,46.1347222222222,237.063888888889,107.1,0
3457,48.4777777777778,237.102777777778,102.9,0
3458,48.6788888888889,237.156666666667,106.5,0
3459,46.4808333333333,239.891944444444,98.7,0
3460,47.8883333333333,239.843888888889,94.7,41000
3461,47.8505555555556,240.125,94.7,82000
3462,47.8538888888889,239.8325,88.7,41000
3463,47.8541666666667,239.8325,88.3,9840
3464,47.0852777777778,236.810277777778,96.9,0
3465,47.0852777777778,236.810277777778,96.9,0
3466,47.0855555555556,236.810833333333,96.9,82000
3467,47.5666666666667,242.430555555556,95.3,0
3468,47.7030555555556,242.258333333333,101.9,0
3469,48.1805555555555,242.0125,88.1,11152
3470,47.0619444444444,236.253055555556,102.1,41000
3471,47.3125,236.627777777778,93.7,54120
3472,47.3125,236.627777777778,93.7,45920
3473,47.0983333333333,240.7025,99.3,0
3474,47.0983333333333,240.7025,96.3,41000
3475,47.1391666666667,240.8325,99.3,41000
3476,47.1025,240.758333333333,100.3,0
3477,47.1025,240.758333333333,104.9,164000
3478,46.9430555555556,240.569722222222,88.3,41000
3479,47.3138888888889,240.416944444444,91.5,82000
3480,47.4888888888889,240.553055555556,100.3,164000
3481,47.3044444444444,240.400833333333,88.7,41000
3482,47.3188888888889,240.293888888889,88.7,82000
3483,47.1025,240.758888888889,100.5,82000
3484,48.5947222222222,237.838888888889,105.5,0
3485,48.5413888888889,237.703333333333,89.7,0
3486,48.365,237.731111111111,91.7,0
3487,48.5947222222222,237.838888888889,91.1,0
3488,48.5947222222222,237.838888888889,91.1,0
3489,46.7541666666667,239.112777777778,99.3,0
3490,46.6005555555556,239.063888888889,96.9,0
3491,48.3858333333333,242.761388888889,104.5,0
3492,48.1602777777778,242.968611111111,104.9,0
3493,48.1730555555555,242.944722222222,91.5,0
3494,46.81,239.096111111111,88.1,0
3495,46.81,239.096111111111,88.1,0
3496,46.8338888888889,239.061944444444,88.3,9840
3497,48.9119444444444,242.210833333333,100.5,0
3498,48.2930555555556,237.356666666667,103.3,9840
3499,48.365,237.730555555556,103.3,2624
3500,48.245,237.336944444444,94.5,9840
3501,48.3133333333333,237.460277777778,94.5,2788
3502,47.3125,236.627777777778,97.7,0
3503,47.3125,236.627777777778,97.7,113160
3504,46.975,236.861111111111,98.5,41000
3505,46.9725,236.860833333333,88.1,137760
3506,46.9627777777778,235.834722222222,93.5,9840
3507,46.8841666666667,235.986388888889,102.1,41000
3508,47.0725,237.018055555556,89.3,0
3509,46.9727777777778,236.860555555556,96.1,60680
3510,46.635,237.531944444444,96.1,0
3511,47.3125,236.627777777778,96.1,103320
3512,48.32,240.460555555556,92.7,0
3513,48.32,240.460555555556,104.3,0
3514,48.7436111111111,240.377777777778,90.1,0
3515,48.4233333333333,240.682777777778,105.9,0
3516,48.4541666666667,240.690555555556,88.5,164
3517,47.5697222222222,242.915555555556,96.1,0
3518,48.9452777777778,240.563888888889,93.1,0
3519,48.935,240.563333333333,93.1,0
3520,48.7830555555556,240.616666666667,90.9,9840
3521,48.7813888888889,240.612777777778,91.9,0
3522,46.7652777777778,240.718611111111,97.5,0
3523,46.1466666666667,240.899166666667,98.3,0
3524,46.2211111111111,240.81,101.3,0
3525,46.0830555555556,240.838333333333,90.1,0
3526,46.1602777777778,240.780277777778,93.7,41000
3527,46.2344444444444,240.678611111111,100.1,9840
3528,48.0588888888889,239.984722222222,107.9,41000
3529,48.0166666666667,240.018055555556,100.1,9840
3530,48.105,236.526944444444,88.3,73.8
3531,48.0691666666667,236.550833333333,99.9,0
3532,48.0841666666667,236.588333333333,99.1,16.4
3533,48.0841666666667,236.588333333333,99.5,16.4
3534,48.0986111111111,236.593611111111,102.1,0
3535,48.0986111111111,236.593611111111,101.7,98.4
3536,48.0908333333333,236.518055555556,106.1,0
3537,48.1505555555556,236.329444444444,90.1,0
3538,48.0897222222222,236.612777777778,89.3,0
3539,48.1047222222222,236.655277777778,90.9,0
3540,48.1180555555556,236.567777777778,89.3,410
3541,48.1055555555556,236.528611111111,88.1,0
3542,48.0447222222222,236.615833333333,101.1,0
3543,48.1127777777778,236.468333333333,95.5,0
3544,48.1147222222222,236.555277777778,102.1,9840
3545,48.0841666666667,236.588333333333,102.1,6560
3546,48.0972222222222,236.512777777778,102.1,5904
3547,48.0158333333333,237.073888888889,91.1,1886
3548,48.0158333333333,237.073055555556,88.1,0
3549,48.0158333333333,237.073055555556,88.1,0
3550,48.1052777777778,237.135555555556,91.9,3280
3551,48.0158333333333,237.073055555556,91.1,41000
3552,48.1280555555556,237.171111111111,91.9,9840
3553,46.1866666666667,240.245277777778,101.7,0
3554,46.4211111111111,240.360833333333,90.5,82000
3555,46.8111111111111,243.083611111111,104.3,0
3556,46.6336111111111,242.911944444444,88.5,0
3557,46.7308333333333,242.846666666667,90.7,0
3558,46.6747222222222,243.026944444444,99.5,0
3559,46.7436111111111,242.939444444444,97.7,41000
3560,46.6330555555556,242.910833333333,89.9,9840
3561,46.6216666666667,242.833333333333,89.9,9840
3562,47.3202777777778,240.199166666667,95.9,0
3563,47.3202777777778,240.198888888889,96.7,0
3564,46.8116666666667,237.594166666667,90.5,41000
3565,46.9413888888889,236.213333333333,105.7,0
3566,46.9311111111111,236.264722222222,105.7,82000
3567,48.6791666666667,241.268611111111,101.9,0
3568,48.6591666666667,241.323611111111,100.5,0
3569,48.6697222222222,241.343611111111,100.5,0
3570,46.2211111111111,240.81,106.5,0
3571,47.3811111111111,239.711388888889,99.5,0
3572,47.5058333333333,239.589722222222,99.5,41000
3573,46.9661111111111,237.45,89.7,0
3574,46.7652777777778,240.718055555556,96.3,0
3575,46.8069444444444,240.445555555556,93.5,9840
3576,47.5441666666667,237.891666666667,95.7,0
3577,47.6158333333333,237.691111111111,90.3,0
3578,47.5444444444444,237.891111111111,98.9,0
3579,47.5036111111111,238.024166666667,98.1,0
3580,47.5036111111111,238.024166666667,99.9,0
3581,47.5036111111111,238.024166666667,99.9,164000
3582,47.5036111111111,238.024166666667,94.1,0
3583,47.5036111111111,238.024166666667,107.7,0
3584,47.6902777777778,237.703055555556,89.5,0
3585,47.5427777777778,237.891944444444,89.5,0
3586,47.5447222222222,237.890833333333,101.5,0
3587,47.5036111111111,238.024166666667,100.7,0
3588,47.5441666666667,237.891666666667,93.3,0
3589,47.6158333333333,237.691111111111,94.9,0
3590,47.5438888888889,237.89,96.5,0
3591,47.5044444444445,238.031111111111,102.5,0
3592,47.5044444444445,238.031388888889,98.9,164000
3593,48.5305555555556,237.881111111111,105.7,869.2
3594,48.5413888888889,237.703333333333,88.9,4100
3595,48.5213888888889,237.781388888889,105.7,1148
3596,48.0833333333333,236.732777777778,91.5,3936
3597,48.0813888888889,236.893611111111,101.1,9840
3598,48.1197222222222,236.926388888889,95.3,9840
3599,48.0641666666667,236.884166666667,104.9,4920
3600,47.1380555555556,236.857777777778,94.5,0
3601,46.6952777777778,236.227222222222,105.7,0
3602,46.6952777777778,236.227222222222,91.3,9840
3603,46.6383333333333,236.166944444444,107.9,9840
3604,47.6683333333333,242.5975,88.7,0
3605,47.5702777777778,242.915555555556,93.7,0
3606,47.5791666666667,242.702222222222,104.9,0
3607,47.6941666666667,242.664722222222,96.9,0
3608,47.5788888888889,242.702777777778,105.7,0
3609,47.5813888888889,242.7025,98.1,0
3610,47.5930555555556,242.702777777778,98.9,0
3611,47.5708333333333,242.915555555556,107.9,0
3612,47.5702777777778,242.915555555556,91.1,0
3613,47.5761111111111,242.699444444444,91.9,0
3614,47.6011111111111,242.700833333333,103.9,0
3615,47.9216666666667,242.885555555556,99.9,0
3616,47.595,242.700833333333,92.9,0
3617,47.8133333333333,242.4875,90.3,9840
3618,47.7644444444444,242.7025,88.7,164000
3619,47.7916666666667,242.385277777778,100.3,0
3620,46.3313888888889,239.984722222222,88.1,0
3621,46.3194444444444,239.974444444444,96.7,0
3622,46.3313888888889,239.984722222222,88.7,9840
3623,47.5036111111111,238.024166666667,97.3,0
3624,47.5036111111111,238.024166666667,103.7,0
3625,47.5036111111111,238.024166666667,88.5,0
3626,47.5036111111111,238.024166666667,106.1,0
3627,47.3038888888889,237.603333333333,91.7,0
3628,47.2630555555556,237.521944444444,90.1,0
3629,47.1730555555556,237.506111111111,90.9,0
3630,47.5477777777778,237.1925,91.7,7052
3631,46.5041666666667,239.606388888889,92.7,0
3632,46.5041666666667,239.606388888889,92.9,0
3633,45.9772222222222,238.4625,93.1,9840
3634,46.0527777777778,238.435833333333,95.1,9840
3635,48.3183333333333,239.886111111111,106.3,0
3636,48.3175,239.884166666667,95.1,0
3637,48.3172222222222,239.884166666667,91.1,41000
3638,46.6313888888889,239.463888888889,88.1,9840
3639,46.53,239.543888888889,104.9,9840
3640,46.5222222222222,239.665277777778,88.1,9840
3641,45.4533333333333,237.453055555556,105.9,164000
3642,46.2527777777778,241.833333333333,103.3,41000
3643,46.5283333333333,239.477777777778,89.5,0
3644,46.9333333333333,240.786666666667,96.3,41000
3645,47.4788888888889,239.785277777778,104.9,0
3646,47.4788888888889,239.785277777778,104.7,82000
3647,47.3194444444445,239.760833333333,89.9,0
3648,47.2744444444444,239.573888888889,102.1,0
3649,47.4788888888889,239.785277777778,100.3,82000
3650,47.4638888888889,239.791388888889,91.1,0
3651,47.3197222222222,239.759166666667,88.1,41000
3652,47.5088888888889,239.760555555556,91.7,9840
3653,47.4388888888889,242.990277777778,89.7,9840
3654,46.4388888888889,242.990277777778,89.7,9840
3655,46.5563888888889,235.896944444444,101.3,41000
3656,46.9519444444444,236.1975,91.1,41000
3657,47.02,235.834166666667,91.1,41000
3658,46.9194444444444,236.044722222222,91.5,9840
3659,46.9191666666667,236.043611111111,89.5,9840
3660,46.9194444444444,236.044722222222,91.1,9840
3661,45.7230555555556,238.553888888889,89.3,9840
3662,47.4233333333333,240.877222222222,97.5,41000
3663,47.2777777777778,240.998888888889,103.3,0
3664,47.4136111111111,240.878055555556,103.5,164000
3665,46.5427777777778,236.978333333333,95.1,0
3666,48.4611111111111,239.822222222222,97.5,9840
3667,48.3183333333333,239.885833333333,97.5,41000
3668,46.5330555555556,239.495,94.5,0
3669,46.5283333333333,239.481388888889,91.9,0
3670,46.5283333333333,239.481388888889,91.9,0
3671,46.6405555555556,239.603055555556,107.3,0
3672,46.5313888888889,239.549444444444,99.3,0
3673,46.5325,239.488611111111,90.3,0
3674,46.7113888888889,239.376666666667,105.7,0
3675,46.6275,239.260833333333,104.1,0
3676,46.585,239.470833333333,88.5,0
3677,46.5222222222222,239.665833333333,99.7,0
3678,46.5133333333333,239.5975,91.1,0
3679,44.605,272.563333333333,104.1,41000
3680,44.6477777777778,272.435,96.7,0
3681,45.1063888888889,270.8475,106.1,0
3682,45.3983333333333,270.821111111111,106.1,82000
3683,45.3677777777778,270.861111111111,105.3,0
3684,46.6077777777778,269.1625,90.9,41000
3685,46.59,269.116388888889,102.9,9840
3686,46.59,269.162777777778,102.9,9840
3687,46.6077777777778,269.162777777778,102.9,41000
3688,46.5736111111111,269.134166666667,93.3,0
3689,46.5736111111111,269.134166666667,96.7,0
3690,45.0538888888889,272.856388888889,106.9,9840
3691,45.4908333333333,267.8075,104.9,0
3692,45.4,268.146388888889,99.1,41000
3693,45.5075,268.225277777778,97.7,0
3694,46.4663888888889,268.434166666667,89.9,0
3695,45.1844444444444,268.268611111111,106.7,0
3696,45.1822222222222,268.794166666667,99.9,41000
3697,45.5675,270.997222222222,103.1,0
3698,45.9280555555556,270.623888888889,89.1,164000
3699,46.1658333333333,270.634166666667,94.5,0
3700,45.2533333333333,272.926666666667,92.5,41000
3701,45.17,272.870555555556,106.9,9840
3702,45.17,272.870555555556,106.9,9840
3703,45.7463888888889,271.543611111111,107.3,9840
3704,44.765,272.52,102.1,41000
3705,44.6936111111111,272.545555555556,104.1,41000
3706,44.5755555555556,272.504444444444,91.7,9840
3707,44.5613888888889,272.500277777778,91.7,41000
3708,45.7741666666667,271.592222222222,90.7,41000
3709,45.6266666666667,271.642222222222,91.3,0
3710,46.4936111111111,268.073611111111,106.5,9840
3711,46.2511111111111,268.616111111111,94.3,82000
3712,45.9852777777778,268.46,101.1,0
3713,46.0205555555556,268.488333333333,92.3,0
3714,46.5241666666667,268.728055555556,107.3,0
3715,45.4663888888889,268.876666666667,93.1,0
3716,45.6583333333333,271.277777777778,102.3,41000
3717,45.0633333333333,272.342777777778,95.1,0
3718,45.1641666666667,269.658611111111,99.3,0
3719,45.3466666666667,270.351944444444,88.1,164000
3720,45.1038888888889,270.281944444444,104.1,0
3721,45.1791666666667,270.361111111111,104.1,41000
3722,45.7261111111111,270.585833333333,89.1,164000
3723,45.7261111111111,270.585833333333,89.1,164000
3724,45.9911111111111,270.401666666667,88.7,41000
3725,45.8219444444445,270.278333333333,95.9,0
3726,44.38,272.383888888889,94.7,41000
3727,45.2675,267.640277777778,107.1,82000
3728,45.6980555555556,270.49,98.3,41000
3729,44.8919444444444,272.045,107.1,0
3730,44.8919444444444,272.045,107.1,41000
3731,46.5263888888889,269.450833333333,91.9,41000
3732,45.9452777777778,269.727222222222,90.3,164000
3733,45.8822222222222,269.562222222222,98.3,0
3734,44.9063888888889,272.629166666667,91.3,41000
3735,45.1219444444445,272.148055555556,96.3,0
3736,45.8711111111111,268.650833333333,88.9,0
3737,45.0319444444444,270.47,89.1,164000
3738,45.6619444444444,270.776388888889,96.5,41000
3739,45.775,270.751388888889,89.9,82000
3740,45.4391666666667,270.535277777778,97.3,164000
3741,45.3805555555556,270.810555555556,97.5,0
3742,45.3805555555556,270.810555555556,97.5,0
3743,45.6355555555556,270.621666666667,100.1,0
3744,45.775,270.751388888889,91.7,0
3745,45.3730555555556,268.076944444444,99.1,0
3746,45.5377777777778,268.235833333333,97.7,0
3747,45.5075,268.225277777778,96.3,0
3748,45.6177777777778,268.254166666667,96.1,0
3749,45.6744444444444,268.018611111111,95.3,0
3750,45.7852777777778,267.581388888889,100.9,41000
3751,45.8488888888889,267.546111111111,105.7,41000
3752,45.1819444444444,272.878333333333,106.9,9840
3753,45.2386111111111,272.909166666667,89.7,82000
3754,45.2386111111111,272.909166666667,91.9,0
3755,45.835,268.118055555556,105.5,9840
3756,45.8338888888889,268.1,106.3,0
3757,44.9038888888889,272.629722222222,88.5,164000
3758,44.9063888888889,272.629166666667,93.9,0
3759,44.6355555555556,272.373055555556,99.7,0
3760,44.9038888888889,272.629722222222,90.5,0
3761,44.9038888888889,272.629722222222,97.7,0
3762,46.7891666666667,267.880555555556,102.5,0
3763,46.7891666666667,267.885555555556,91.3,0
3764,45.7744444444444,270.751666666667,93.7,0
3765,45.5002777777778,270.169444444444,100.9,41000
3766,45.5925,269.997222222222,91.3,164000
3767,45.4905555555556,270.273888888889,92.5,82000
3768,45.4908333333333,270.273333333333,92.7,0
3769,45.3075,271.485555555556,103.5,41000
3770,45.3958333333333,271.636111111111,106.7,41000
3771,46.6916666666667,269.008888888889,104.7,82000
3772,46.6919444444444,269.008888888889,105.9,0
3773,46.4705555555556,267.948055555556,88.1,82000
3774,39.4444444444444,280.014166666667,93.1,0
3775,40.2161111111111,279.441666666667,88.1,41000
3776,40.2161111111111,279.441666666667,88.1,0
3777,40.0547222222222,279.293055555556,105.5,0
3778,39.235,278.1125,88.7,41000
3779,39.2997222222222,279.708611111111,104.1,0
3780,39.3005555555556,279.656666666667,88.1,0
3781,39.1872222222222,279.454444444444,106.5,0
3782,39.2908333333333,279.684722222222,92.7,0
3783,39.3191666666667,279.608333333333,90.1,0
3784,39.0633333333333,278.605,106.1,41000
3785,39.4177777777778,279.938055555556,97.9,0
3786,39.4719444444444,279.859722222222,94.3,0
3787,39.4675,279.794722222222,102.7,0
3788,39.5163888888889,279.100277777778,91.5,9840
3789,39.6622222222222,280.038333333333,89.7,410
3790,39.6277777777778,280.030555555556,100.1,0
3791,39.6083333333333,280.015,101.9,0
3792,39.6958333333333,280.237777777778,90.9,0
3793,39.6358333333333,280.056388888889,91.7,0
3794,39.6277777777778,280.030555555556,100.1,41000
3795,39.8475,279.243888888889,88.7,41000
3796,39.8475,279.244166666667,96.5,0
3797,39.5772222222222,279.145833333333,92.3,9840
3798,39.6433333333333,279.140277777778,99.5,41000
3799,39.6777777777778,279.121944444444,103.9,0
3800,39.3411111111111,278.636944444444,91.7,0
3801,39.2875,278.343333333333,99.1,0
3802,39.2122222222222,278.408611111111,90.3,0
3803,39.2463888888889,278.528333333333,95.1,0
3804,39.3497222222222,278.434722222222,103.1,0
3805,38.8469444444444,277.869444444444,88.1,41000
3806,38.8469444444444,277.869444444444,99.5,0
3807,38.8933333333333,278.219166666667,93.1,0
3808,39.0352777777778,278.3325,106.1,0
3809,39.7175,281.288333333333,100.5,9840
3810,38.8622222222222,278.309444444444,90.7,82000
3811,38.8622222222222,278.309444444444,90.7,0
3812,39.2833333333333,279.433611111111,99.5,41000
3813,39.2833333333333,279.433611111111,103.3,41000
3814,39.3183333333333,279.561666666667,105.7,0
3815,39.3008333333333,278.745,105.3,9840
3816,39.3802777777778,278.806944444444,101.7,0
3817,39.3802777777778,278.806944444444,93.9,0
3818,39.3383333333333,278.5,100.1,0
3819,40.1636111111111,279.398611111111,91.5,0
3820,39.2975,279.233055555556,89.7,82000
3821,39.5455555555556,280.0675,100.9,0
3822,40.0969444444444,279.298611111111,97.3,0
3823,40.0613888888889,279.248055555556,107.5,0
3824,40.0805555555556,279.248333333333,98.7,0
3825,40.0686111111111,279.349166666667,91.9,0
3826,40.2161111111111,279.441666666667,89.9,0
3827,39.3438888888889,278.503611111111,106.1,41000
3828,39.3716666666667,278.4825,96.9,41000
3829,48.6472222222222,264.263611111111,91.1,123000
3830,46.975,236.861111111111,98.5,2788
3831,42.0827777777778,280.049444444444,89.3,16.4
3832,46.5719444444444,259.204444444444,91.7,9840
3833,46.5897222222222,259.205277777778,91.3,41000
3834,42.9044444444445,281.33,90.7,1640
3835,43.175,276.932777777778,91.5,9840
3836,41.3838888888889,278.305,99.1,410
3837,42.1105555555556,274.3675,89.5,82000
3838,48.7444444444444,237.522777777778,94.9,164
3839,46.6952777777778,236.227222222222,90.1,9840
3840,46.3316666666667,242.008611111111,102.3,0
3841,47.5797222222222,248.773611111111,96.1,164000
3842,41.8011111111111,285.215555555556,99.7,0
3843,45.6488888888889,238.2775,104.5,0
3844,42.1938888888889,280.242777777778,100.9,7544
3845,42.2733333333333,280.376111111111,98.3,377.2
3846,48.365,237.731111111111,103.3,2296
3847,48.1258333333333,236.882777777778,104.9,9840
3848,41.4247222222222,277.850833333333,93.7,70.52
3849,42.775,289.114444444444,88.3,9840
3850,42.6905555555556,276.701944444444,94.1,410
3851,44.345,284.513055555555,88.3,90.2
3852,41.8586111111111,280.890833333333,105.1,5248
3853,48.8008333333333,237.5375,101.5,55.76
3854,48.2641666666667,242.224444444444,102.7,41000
3855,43.6077777777778,284.027222222222,99.7,410
3856,42.6486111111111,276.924722222222,103.1,410
3857,41.43,277.848333333333,98.9,147.6
3858,43.6944444444444,275.915833333333,88.3,164000
3859,43.1702777777778,282.327222222222,97.5,410
3860,44.7069444444445,292.544166666667,91.1,410
3861,43.1755555555556,281.290277777778,105.3,410
3862,42.8691666666667,276.854722222222,88.9,8200
3863,41.4338888888889,284.368055555556,91.7,2952
3864,41.9019444444445,280.738888888889,88.5,0
3865,46.2344444444444,240.678611111111,100.1,82000
3866,44.8569444444444,276.457222222222,88.9,2460
3867,45.9527777777778,236.061666666667,93.3,41000
3868,47.8319444444445,264.582777777778,105.3,164000
3869,41.6469444444445,276.395,92.9,236.16
3870,46.7252777777778,257.082777777778,95.7,164000
3871,46.6466666666667,236.245555555556,107.9,9840
3872,40.2763888888889,282.722777777778,91.3,41000
3873,44.5077777777778,286.849166666667,88.7,0
3874,46.2805555555556,263.411666666667,92.7,0
3875,48.7475,237.520833333333,94.9,164
3876,48.7475,237.520833333333,102.3,164
3877,41.6252777777778,276.328888888889,89.3,4428
3878,47.1008333333333,271.434722222222,105.7,164000
3879,47.1008333333333,271.434722222222,98.7,164000
3880,41.7861111111111,280.838055555556,105.1,6232
3881,47.7677777777778,269.653333333333,96.9,0
3882,43.0688888888889,277.52,97.3,41
3883,48.7758333333333,237.558333333333,98.9,410
3884,48.7758333333333,237.558333333333,96.5,410
3885,48.7758333333333,237.558333333333,97.3,410
3886,43.1769444444444,282.522777777778,107.5,157.44
3887,43.03,281.079444444444,106.9,152.52
3888,44.0411111111111,284.096944444444,96.9,116.44
3889,39.9794444444444,277.788888888889,89.3,41000
3890,42.0377777777778,279.938055555556,98.7,410
3891,43.9891666666667,284.066944444444,91.7,8856
3892,41.3791666666667,278.280555555556,106.9,319.8
3893,42.4711111111111,276.799722222222,102.7,0
3894,47.0291666666667,245.310555555556,99.3,82000
3895,42.2966666666667,276.301666666667,88.3,0
3896,48.8008333333333,237.5375,99.7,55.76
3897,46.9194444444444,236.044722222222,90.1,9840
3898,42.4888888888889,280.67,100.5,246
3899,42.1041666666667,279.930833333333,96.3,283.72
3900,46.2508333333333,251.515833333333,99.9,41000
3901,44.7455555555556,286.561388888889,100.7,9840
3902,48.7758333333333,237.558333333333,97.9,410
3903,42.4608333333333,276.864444444444,100.7,164
3904,41.4419444444444,280.555833333333,89.1,0
3905,42.8511111111111,289.143611111111,88.1,9840
3906,42.5113888888889,277.040555555556,107.1,410
3907,43.3288888888889,281.320555555556,100.3,410
3908,47.3125,236.627777777778,88.1,93480
3909,39.285,279.670555555556,91.3,0
3910,41.4422222222222,278.508888888889,101.1,410
3911,42.88,281.124166666667,96.5,57.4
3912,42.9802777777778,276.422222222222,88.9,672.4
3913,43.1547222222222,282.395555555556,97.5,410
3914,43.1352777777778,282.416111111111,92.1,162.36
3915,43.1547222222222,282.395555555556,105.5,410
3916,42.6905555555556,276.701944444444,94.1,344.4
3917,48.7725,237.477777777778,101.9,336.2
3918,43.0688888888889,277.52,97.3,246
3919,41.5494444444444,275.228333333333,89.9,24600
3920,42.0319444444444,283.216388888889,96.1,0
3921,42.0319444444444,283.216388888889,92.7,0
3922,42.9241666666667,281.222222222222,88.1,0
3923,43.6791666666667,288.521388888889,88.3,9840
3924,40.5880555555556,278.53,88.7,34440
3925,42.0377777777778,279.938055555556,105.9,295.2
3926,48.0861111111111,236.77,99.1,188.6
3927,42.5166666666667,276.99,89.1,3280
3928,42.1041666666667,279.930833333333,98.7,410
3929,41.2441666666667,278.301944444444,101.7,410
3930,43.3430555555556,289.425,88.7,410
3931,48.5913888888889,266.618055555556,95.3,410
3932,43.9463888888889,284.0525,97.9,410
3933,48.7669444444444,255.454166666667,107.1,410
3934,42.1308333333333,283.209722222222,96.1,0
3935,42.3777777777778,276.756944444444,107.1,98.4
3936,42.1244444444444,279.935277777778,96.7,410
3937,48.1258333333333,236.882777777778,101.7,410
3938,44.9536111111111,287.863333333333,103.1,410
3939,44.9655555555556,285.371388888889,103.5,229.6
3940,42.9769444444445,277.535555555556,92.7,205
3941,46.3416666666667,292.182777777778,98.3,287
3942,42.4741666666667,277.114166666667,88.5,9020
3943,44.5177777777778,291.598055555556,91.7,20500
3944,43.03,281.079444444444,100.5,360.8
3945,41.4422222222222,278.508888888889,101.1,410
3946,42.8308333333333,281.2,98.9,82
3947,48.5972222222222,243.575277777778,97.1,410
3948,43.4155555555556,283.535277777778,106.1,0
3949,41.5916666666667,278.649166666667,101.5,410
3950,43.2191666666667,282.471111111111,107.5,410
3951,42.8066666666667,276.820833333333,88.9,12136
3952,43.0338888888889,282.578888888889,100.1,410
3953,44.7822222222222,286.935,100.3,0
3954,41.3411111111111,278.260277777778,94.5,410
3955,42.0238888888889,279.743888888889,102.9,262.4
3956,42.0008333333333,280.124444444444,103.3,328
3957,58.3919444444444,225.285277777778,102.7,0
3958,58.3919444444444,225.285277777778,100.7,0
3959,48.4538888888889,237.374166666667,105.1,0
3960,42.6352777777778,281.232222222222,94.1,246
3961,42.8827777777778,281.368333333333,95.5,410
3962,43.1641666666667,282.216388888889,95.5,410
3963,43.9455555555556,284.051944444444,95.9,410
3964,41.9991666666667,280.300555555556,101.5,410
3965,43.135,282.809722222222,96.9,410
3966,42.4711111111111,276.799722222222,95.1,0
3967,42.395,276.850555555556,103.1,145.96
3968,48.1397222222222,237.231944444444,91.9,4920
3969,44.9030555555556,285.116388888889,92.9,410
3970,46.4691666666667,243.721111111111,103.3,41000
3971,48.9963888888889,237.350833333333,95.7,73.8
3972,48.9963888888889,237.350833333333,105.3,73.8
3973,44.6105555555556,273.839444444444,100.7,41000
3974,42.9008333333333,281.133333333333,107.3,0
3975,42.3291666666667,276.960277777778,98.3,188.6
3976,42.945,283.881666666667,91.3,16236
3977,48.1258333333333,236.882777777778,101.3,147.6
3978,42.3577777777778,285.460833333333,91.3,9840
3979,41.3791666666667,278.280555555556,106.1,328
3980,41.9188888888889,276.623888888889,88.1,8364
3981,48.1258333333333,236.882777777778,101.3,410
3982,41.9586111111111,280.730555555556,95.3,1476
3983,41.2802777777778,277.342777777778,92.9,393.6
3984,48.8802777777778,244.954444444444,88.3,164
3985,41.3308333333333,277.400833333333,93.5,410
3986,47.3125,236.627777777778,105.7,2870
3987,41.5916666666667,278.649166666667,101.5,410
3988,41.7333333333333,281.067222222222,105.1,9840
3989,43.1483333333333,282.931111111111,96.9,410
3990,43.1352777777778,282.416111111111,92.1,410
3991,46.6388888888889,241.438888888889,104.5,9840
3992,48.9088888888889,244.919722222222,88.3,164
3993,46.3933333333333,250.154722222222,107.9,0
3994,41.3477777777778,282.879166666667,88.5,9840
3995,42.3288888888889,283.374722222222,89.7,9840
3996,43.3119444444444,284.484722222222,100.3,9840
3997,46.4855555555556,275.769722222222,102.3,41000
3998,42.9261111111111,281.159166666667,98.9,410
3999,43.1958333333333,282.048888888889,103.1,410
4000,58.3919444444444,225.285555555556,100.7,0
4001,42.3894444444444,276.851944444444,107.9,139.4
4002,58.3919444444444,225.285555555556,102.7,0
4003,42.955,281.348611111111,100.1,410
4004,43.7088888888889,287.845833333333,91.3,0
4005,47.3233333333333,239.766666666667,89.9,0
4006,43.7044444444445,275.989722222222,88.3,164000
4007,42.9322222222222,281.215,88.1,73.8
4008,44.7822222222222,285.781388888889,96.5,38540
4009,43.1641666666667,282.216388888889,99.3,410
4010,44.8530555555556,286.026111111111,94.7,18040
4011,42.4638888888889,280.643611111111,101.5,410
4012,43.2780555555556,288.495,102.3,0
4013,44.7211111111111,286.264166666667,107.1,9840
4014,44.2619444444444,285.977777777778,100.7,5084
4015,43.42,286.240277777778,93.5,196.8
4016,43.1988888888889,277.195833333333,89.7,0
4017,44.4202777777778,287.172222222222,104.7,2460
4018,41.2491666666667,280.399722222222,88.7,0
4019,40.6044444444444,280.960555555556,88.5,82000
4020,44.5733333333333,286.325,89.7,8528
4021,43.2147222222222,288.426111111111,90.5,0
4022,48.1325,237.174722222222,91.9,3198
4023,42.1913888888889,288.017222222222,90.1,9840
4024,41.5327777777778,276.433333333333,106.9,410
4025,43.9563888888889,284.153611111111,97.9,111.52
4026,43.9563888888889,284.153611111111,95.9,111.52
4027,41.5416666666667,283.741944444444,103.9,41000
4028,43.4180555555556,289.199444444444,88.1,82000
4029,44.7072222222222,292.544166666667,91.1,1640
4030,48.4538888888889,237.374166666667,105.1,24.6
4031,42.4416666666667,283.4225,101.1,0
4032,41.2805555555556,283.166111111111,99.3,9840
4033,41.2805555555556,283.166111111111,107.9,0
4034,46.7308333333333,236.973888888889,90.5,65600
4035,48.5391666666667,238.017777777778,90.1,1640
4036,41.5133333333333,278.398888888889,94.5,410
4037,41.3188888888889,280.050555555556,88.7,0
4038,44.2733333333333,288.665277777778,97.3,885.6
4039,43.8583333333333,289.289166666667,91.7,410
4040,57.5,248.582222222222,88.1,9840
4041,57.5,248.582222222222,89.1,9840
4042,54.76,246.668055555556,98.3,16.4
4043,54.76,246.668055555556,88.1,82000
4044,54.76,246.668055555556,91.3,9840
4045,54.7166666666667,246.715555555556,102.5,9840
4046,51.2008333333333,244.400833333333,96.3,0
4047,54.1333333333333,245.598888888889,95.7,82000
4048,54.1333333333333,245.598888888889,95.7,82000
4049,57.4508333333333,242.482222222222,88.3,9840
4050,54.2666666666667,249.265555555556,104.7,9840
4051,54.1819444444444,249.133611111111,102.7,82000
4052,58.4475,243.731111111111,89.9,16.4
4053,50.5833333333333,248.115833333333,104.7,82000
4054,49.5538888888889,245.822777777778,90.1,9840
4055,49.5538888888889,245.822777777778,91.1,9840
4056,58.4166666666667,243.081944444444,89.9,16.4
4057,56.4711111111111,243.597777777778,89.9,16.4
4058,51.065,245.785833333333,89.7,16400
4059,51.065,245.785833333333,102.1,164000
4060,51.065,245.785833333333,103.9,36080
4061,51.0272222222222,245.938611111111,107.3,3493.2
4062,51.065,245.786944444444,97.7,164000
4063,51.0272222222222,245.939722222222,97.7,6888
4064,51.065,245.785833333333,93.7,164000
4065,51.0602777777778,245.828611111111,93.7,164000
4066,51.0725,245.739444444444,106.7,1804
4067,55.2377777777778,246.796944444444,89.9,16.4
4068,49.2,246.698888888889,101.9,82000
4069,55.9166666666667,249.165555555556,92.3,410
4070,58.64,241.3225,103.5,0
4071,56.9419444444444,246.518055555556,89.9,16.4
4072,53.5569444444444,249.454722222222,94.3,164000
4073,50.0333333333333,246.415555555556,105.5,9840
4074,49.6447222222222,245.505555555556,93.1,410
4075,55.6319444444444,248.914166666667,89.9,16.4
4076,52.1541666666667,248.840833333333,89.9,82000
4077,52.1541666666667,248.840833333333,91.9,82000
4078,55.9802777777778,246.178055555556,89.9,16.4
4079,53.2166666666667,245.015555555556,88.3,9840
4080,53.1611111111111,245.100555555556,88.9,9840
4081,53.1611111111111,245.100555555556,91.3,9840
4082,51.4666666666667,247.298888888889,92.5,41000
4083,51.5666666666667,247.668888888889,104.3,9840
4084,51.5666666666667,247.668888888889,88.5,9840
4085,53.5405555555556,246.501944444444,101.1,6446.84
4086,53.5319444444444,246.218611111111,102.9,39360
4087,53.5319444444444,246.218611111111,99.3,41000
4088,53.4036111111111,246.652777777778,99.3,70520
4089,53.4036111111111,246.652777777778,94.9,70520
4090,53.4036111111111,246.652777777778,94.9,70520
4091,53.5755555555556,243.563333333333,95.3,0
4092,53.5755555555556,243.563333333333,95.3,0
4093,53.605,243.588333333333,103.7,344.4
4094,49.5663888888889,248.868055555556,92.1,1826.96
4095,49.5663888888889,248.868055555556,99.7,9840
4096,51.0619444444444,244.831944444444,100.7,226.32
4097,56.0736111111111,241.613611111111,88.5,1344.8
4098,55.7513888888889,242.798611111111,103.7,4592
4099,55.7352777777778,242.805833333333,95.7,1100.44
4100,58.7208333333333,248.844722222222,99.9,0
4101,58.7208333333333,248.844722222222,99.9,0
4102,58.7166666666667,248.901666666667,89.9,16.4
4103,49.7166666666667,246.582222222222,103.5,82000
4104,56.6841666666667,248.670277777778,94.5,0
4105,56.695,248.635277777778,96.7,4100
4106,56.695,248.635277777778,96.7,344.4
4107,56.8080555555556,248.551388888889,89.5,82000
4108,53.7169444444444,246.7425,107.9,18040
4109,53.7044444444445,246.7925,107.9,196.8
4110,58.3841666666667,243.96,105.1,0
4111,58.3841666666667,243.96,105.1,0
4112,58.3791666666667,243.984444444444,92.7,49.2
4113,58.3794444444444,243.980833333333,88.5,9840
4114,58.3833333333333,243.981944444444,98.3,3.28
4115,54.3955555555556,243.210555555556,91.3,0
4116,58.4636111111111,245.453888888889,96.9,0
4117,58.4608333333333,245.462222222222,89.9,16.4
4118,53.8666666666667,249.598888888889,89.9,16.4
4119,58.7125,246.133055555556,89.9,16.4
4120,53.8930555555556,240.880555555556,92.3,0
4121,53.8930555555556,240.880555555556,92.3,0
4122,53.9,240.894722222222,95.9,9840
4123,55.4658333333333,241.239722222222,97.7,46248
4124,55.1711111111111,241.208888888889,97.7,787.2
4125,55.2419444444444,241.438055555556,100.9,164000
4126,55.4888888888889,241.184722222222,94.3,82000
4127,51.13,244.614166666667,97.9,0
4128,58.5052777777778,242.863055555556,99.5,0
4129,58.5052777777778,242.863055555556,99.5,0
4130,58.6908333333333,242.608611111111,88.1,82000
4131,55.6369444444445,243.529722222222,106.9,2624
4132,55.6369444444445,243.529722222222,92.1,2624
4133,55.5405555555556,243.875,90.9,82000
4134,55.5405555555556,243.875,99.9,82000
4135,55.5405555555556,243.875,94.5,82000
4136,53.3969444444444,242.290555555556,88.1,0
4137,53.3969444444444,242.290555555556,100.7,139.4
4138,53.3969444444444,242.290555555556,90.7,9840
4139,58.4936111111111,244.853611111111,89.9,16.4
4140,58.1905555555556,243.59,92.1,0
4141,54.7402777777778,247.940555555556,104.5,9840
4142,53.6833333333333,245.565555555556,93.7,9840
4143,52.4666666666667,246.265555555556,93.1,9840
4144,51.4355555555556,243.812222222222,102.7,410
4145,51.4366666666667,243.812777777778,103.9,213.2
4146,53.7666666666667,247.198888888889,93.3,9840
4147,53.3077777777778,246.495555555556,93.1,2788
4148,49.7361111111111,247.196388888889,91.7,0
4149,49.7063888888889,247.279166666667,107.7,164000
4150,53.2616666666667,249.963611111111,97.5,328
4151,56.545,244.690277777778,89.9,82
4152,56.9311111111111,242.372777777778,93.3,1443.2
4153,50.0766666666667,249.204722222222,103.1,9840
4154,50.1625,249.043611111111,96.1,164000
4155,49.0761111111111,247.971388888889,90.9,1180.8
4156,51.1852777777778,245.036666666667,88.5,82
4157,56.0394444444444,242.861388888889,102.9,1041.4
4158,52.5302777777778,243.874166666667,93.9,196.8
4159,58.0833333333333,244.331944444444,89.9,16.4
4160,51.7583333333333,245.905833333333,104.5,57400
4161,51.8016666666667,245.897222222222,106.5,82
4162,57.9491666666667,242.526666666667,89.9,16.4
4163,56.2363888888889,242.736666666667,98.3,9840
4164,56.1572222222222,242.685833333333,93.9,1348.08
4165,56.1572222222222,242.685833333333,92.5,1200.48
4166,56.1577777777778,242.678333333333,90.3,21.32
4167,56.2352777777778,242.734722222222,94.9,4100
4168,56.0666666666667,242.715277777778,107.9,164000
4169,52.7327777777778,246.340555555556,89.7,1640
4170,58.4936111111111,240.611111111111,101.5,0
4171,58.4936111111111,240.611111111111,101.5,0
4172,58.5088888888889,240.611944444444,93.1,0
4173,52.2763888888889,246.309444444444,106.7,83640
4174,52.2505555555556,246.185277777778,93.1,82
4175,52.2763888888889,246.309444444444,105.5,164000
4176,52.2763888888889,246.309444444444,90.5,30176
4177,52.2763888888889,246.309444444444,90.5,3116
4178,52.2763888888889,246.309444444444,107.7,83640
4179,52.6372222222222,245.763888888889,89.7,82
4180,52.6425,245.757777777778,93.3,3.28
4181,52.3308333333333,245.013611111111,104.1,9840
4182,52.3666666666667,245.082222222222,101.1,9840
4183,52.3308333333333,245.013611111111,93.3,9840
4184,50.6863888888889,247.546388888889,89.3,82000
4185,55.4788888888889,241.2475,88.9,4100
4186,55.8663888888889,246.529444444444,89.9,16.4
4187,55.2833333333333,245.232222222222,106.3,9840
4188,55.4716666666667,245.214166666667,89.7,9840
4189,55.2644444444444,245.226388888889,88.7,16.4
4190,57.9166666666667,244.665277777778,89.9,16.4
4191,55.7747222222222,241.161388888889,99.5,82
4192,53.9925,248.771944444444,105.5,5641.6
4193,53.9925,248.771944444444,105.5,5641.6
4194,52.2905555555556,247.296944444444,94.5,9840
4195,52.2905555555556,247.296944444444,93.3,9840
4196,55.1666666666667,242.498611111111,89.9,16.4
4197,54.7372222222222,244.588888888889,91.5,144.32
4198,56.9686111111111,248.5975,95.7,0
4199,56.9686111111111,248.5975,95.7,0
4200,55.0472222222222,242.726388888889,88.7,2296
4201,53.4738888888889,248.155833333333,106.5,21320
4202,53.4897222222222,247.940833333333,99.1,82
4203,53.3666666666667,249.148888888889,104.3,82000
4204,53.1752777777778,248.241388888889,88.9,9840
4205,53.1752777777778,248.241388888889,105.3,9840
4206,55.9805555555556,246.176666666667,91.9,9840
4207,49.0588888888889,246.093611111111,91.3,410
4208,54.1325,244.340555555556,107.1,27.88
4209,54.0327777777778,244.281388888889,91.9,82000
4210,54.15,244.315555555556,100.7,9840
4211,54.0327777777778,244.281388888889,90.5,82000
4212,51.9041666666667,238.748055555556,90.3,82000
4213,49.0722222222222,237.596666666667,101.7,360.8
4214,49.0522222222222,237.750555555556,92.5,0
4215,49.0522222222222,237.750555555556,107.1,0
4216,49.0522222222222,237.750555555556,107.1,0
4217,55.2080555555556,230.946388888889,90.1,9840
4218,55.2080555555556,230.946388888889,92.5,9840
4219,55.1991666666667,230.926111111111,96.1,13.12
4220,50.5830555555556,233.081944444444,97.5,9840
4221,52.5613888888889,237.503055555556,97.1,13.12
4222,51.8338888888889,236.946666666667,93.7,0
4223,52.0911111111111,236.738055555556,96.9,9840
4224,51.7880555555556,237.764166666667,96.1,0
4225,52.4163888888889,234.748611111111,93.9,9840
4226,52.3508333333333,234.680555555556,98.1,39.36
4227,52.4663888888889,234.6925,96.1,18.04
4228,50.45,240.798888888889,94.3,4920
4229,50.4355555555556,240.794166666667,89.3,78.72
4230,50.7555555555556,238.700833333333,93.5,9840
4231,50.7166666666667,238.715277777778,107.3,9840
4232,59.5941666666667,226.278888888889,90.1,410
4233,59.5941666666667,226.278888888889,90.1,0
4234,59.5647222222222,226.294444444444,96.1,13.12
4235,59.5677777777778,226.296111111111,98.1,4.92
4236,59.5758333333333,226.301111111111,100.7,16.4
4237,51.7827777777778,240.677222222222,89.7,8.2
4238,51.7827777777778,240.677222222222,93.5,19.68
4239,51.7827777777778,240.677222222222,97.5,19.68
4240,51.2725,239.879722222222,104.1,152.52
4241,51.2725,239.879722222222,105.9,0
4242,52.1569444444444,231.885833333333,89.9,0
4243,52.1583333333333,231.888888888889,88.3,9840
4244,52.3752777777778,233.290277777778,103.5,0
4245,52.3711111111111,233.255277777778,91.1,0
4246,52.3716666666667,233.251111111111,96.1,16.4
4247,52.1166666666667,240.681944444444,90.5,9840
4248,52.1166666666667,240.681944444444,91.5,9840
4249,52.1097222222222,240.691944444444,90.3,8.2
4250,52.1097222222222,240.691944444444,93.9,8.2
4251,52.1097222222222,240.692222222222,98.1,19.68
4252,56.7088888888889,238.927777777778,96.1,13.12
4253,49.4666666666667,242.498888888889,104.9,9840
4254,49.4758333333333,242.511111111111,89.5,0
4255,52.0855555555556,239.148611111111,88.1,9840
4256,52.0855555555556,239.148611111111,89.1,9840
4257,49.85,238.565277777778,107.7,4920
4258,49.8708333333333,238.544444444444,92.9,0
4259,50.7863888888889,237.175277777778,101.9,9840
4260,50.7830555555556,237.181944444444,104.1,9840
4261,50.7730555555556,237.188055555556,101.1,1.64
4262,49.225,236.998611111111,107.9,0
4263,54.2566666666667,234.321666666667,93.9,9840
4264,54.2566666666667,234.321666666667,99.1,0
4265,54.2561111111111,234.321388888889,107.5,180.4
4266,54.2341666666667,234.233055555556,96.1,26.24
4267,50.8055555555556,238.681944444444,105.9,29.52
4268,50.0163888888889,234.748611111111,88.7,9840
4269,50.0538888888889,234.673611111111,101.9,9840
4270,50.0019444444444,234.753611111111,88.7,42.64
4271,50.0538888888889,234.673611111111,93.1,9840
4272,50.0538888888889,234.673611111111,94.7,9840
4273,50.0163888888889,234.748611111111,102.5,9840
4274,50.0163888888889,234.748611111111,106.1,82000
4275,50.1947222222222,244.175277777778,91.7,0
4276,50.1947222222222,244.175277777778,90.7,9840
4277,59.2866666666667,230.148055555556,90.3,9840
4278,59.2866666666667,230.148055555556,91.9,9840
4279,49.3138888888889,242.373888888889,99.3,0
4280,49.3166666666667,242.332222222222,92.5,82000
4281,49.3166666666667,242.332222222222,102.5,9840
4282,49.3166666666667,242.332222222222,107.7,9840
4283,49.2819444444444,242.340833333333,105.9,21.32
4284,49.1847222222222,240.31,106.9,21.32
4285,54.9863888888889,231.555555555556,104.5,9840
4286,56.2755555555556,238.952777777778,92.5,24.6
4287,50.2513888888889,241.412777777778,102.3,410
4288,54.0038888888889,234.2875,95.1,16.4
4289,55.6683333333333,238.416944444444,93.5,0
4290,55.6686111111111,238.4175,94.5,0
4291,55.685,238.448611111111,102.1,9840
4292,55.6686111111111,238.4175,103.9,0
4293,55.6686111111111,238.4175,100.5,0
4294,52.1608333333333,235.781944444444,91.9,9840
4295,49.1097222222222,238.152222222222,102.1,132.84
4296,49.1097222222222,238.152222222222,89.5,0
4297,49.1097222222222,238.152222222222,107.5,0
4298,49.1097222222222,238.152222222222,107.5,0
4299,49.1097222222222,238.152222222222,98.3,0
4300,49.1097222222222,238.152222222222,98.3,0
4301,49.0077777777778,241.816388888889,93.3,144.32
4302,51.6152777777778,239.958888888889,92.7,0
4303,51.6152777777778,239.958888888889,102.9,0
4304,51.6705555555556,239.958611111111,88.7,9840
4305,51.6705555555556,239.958611111111,90.9,9840
4306,51.0933333333333,238.334166666667,101.3,0
4307,51.0861111111111,238.323611111111,104.9,9840
4308,51.0861111111111,238.323611111111,100.5,82000
4309,50.5997222222222,232.409166666667,101.1,9840
4310,50.5997222222222,232.409166666667,102.7,9840
4311,50.0930555555556,235.019722222222,89.5,0
4312,49.7477777777778,234.769166666667,97.3,0
4313,49.5952777777778,234.988611111111,96.5,82000
4314,49.5952777777778,234.988611111111,90.9,9840
4315,49.6830555555556,234.998611111111,105.3,82000
4316,49.4583333333333,244.369722222222,101.3,0
4317,49.4583333333333,244.369722222222,102.3,82000
4318,49.4583333333333,244.369722222222,96.5,164000
4319,49.4583333333333,244.369722222222,107.5,9840
4320,49.6486111111111,243.15,89.9,221.4
4321,49.6483333333333,243.150833333333,91.9,0
4322,49.6494444444444,243.149722222222,96.5,31.16
4323,49.6483333333333,243.150833333333,88.3,9840
4324,49.4877777777778,242.456666666667,101.5,13.12
4325,49.1,243.482222222222,89.1,82000
4326,49.1,243.482222222222,97.7,9840
4327,49.1655555555556,243.321388888889,106.1,82000
4328,49.1172222222222,243.451666666667,96.7,52.48
4329,50.5455555555556,237.527777777778,97.5,8.2
4330,55.7825,239.7825,104.1,82
4331,55.7477777777778,239.956111111111,107.5,82
4332,55.7288888888889,239.553611111111,90.9,82000
4333,55.7288888888889,239.553611111111,91.9,82000
4334,55.7666666666667,239.765277777778,104.1,9840
4335,58.4358333333333,230.008055555556,90.5,14.76
4336,58.4686111111111,229.970833333333,97.1,3.28
4337,58.4275,229.984166666667,98.1,0
4338,58.4275,229.984166666667,100.1,0
4339,54.3313888888889,234.109444444444,97.1,16.4
4340,51.5905555555556,237.787777777778,96.1,13.12
4341,56.5725,239.504166666667,96.1,13.12
4342,51.4558333333333,242.910833333333,89.9,9840
4343,51.4558333333333,242.910833333333,90.9,9840
4344,54.7852777777778,231.641388888889,98.1,9840
4345,49.7794444444445,241.932222222222,102.1,9840
4346,49.7422222222222,245.197777777778,103.5,3.28
4347,49.7422222222222,245.197777777778,101.1,3.28
4348,50,245.248888888889,100.5,9840
4349,50.5627777777778,240.895833333333,90.9,9840
4350,50.5983333333333,240.418888888889,103.5,82000
4351,49.4883333333333,244.935833333333,97.7,172.2
4352,49.44,244.899722222222,92.7,0
4353,49.44,244.899722222222,99.1,0
4354,51.3988888888889,243.510555555556,97.1,410
4355,51.3988888888889,243.510555555556,97.1,0
4356,51.4016666666667,243.511666666667,106.9,9840
4357,51.4016666666667,243.511666666667,98.1,9840
4358,50.1997222222222,245.060833333333,96.9,24.6
4359,50.1997222222222,245.060833333333,106.9,24.6
4360,55.3211111111111,233.375833333333,98.1,4.92
4361,54.0294444444444,235.374444444444,102.9,0
4362,54.0294444444444,235.374444444444,105.1,82000
4363,54.0888888888889,235.408611111111,98.1,49.2
4364,58.8122222222222,237.284166666667,88.3,0
4365,58.8136111111111,237.285555555556,89.9,9840
4366,58.7702777777778,237.334166666667,96.1,13.12
4367,54.4352777777778,235.450277777778,91.9,0
4368,54.5297222222222,235.821388888889,89.5,82000
4369,54.5297222222222,235.821388888889,93.5,9840
4370,54.4375,235.749722222222,97.1,13.12
4371,54.4183333333333,235.701666666667,99.9,16.4
4372,54.4183333333333,235.701666666667,103.9,16.4
4373,56.2766666666667,239.1025,100.1,37.72
4374,56.2797222222222,238.9575,90.3,82000
4375,56.25,239.148611111111,100.1,82000
4376,56.25,239.148611111111,105.3,82000
4377,57.4225,234.373333333333,96.1,13.12
4378,50.7333333333333,238.140555555556,105.5,410
4379,50.7902777777778,238.056944444444,96.9,0
4380,54.0383333333333,234.890833333333,99.9,0
4381,54.0383333333333,234.890833333333,100.9,0
4382,54.0291666666667,235.372222222222,93.1,0
4383,49.1030555555556,242.470277777778,102.1,21.32
4384,49.7880555555556,233.959166666667,100.1,0
4385,49.8122222222222,233.972222222222,88.1,9840
4386,49.8122222222222,233.972222222222,89.7,9840
4387,51.2736111111111,243.010833333333,105.3,9840
4388,51.3,243.032222222222,93.1,6.56
4389,51.2736111111111,243.010833333333,101.7,213.2
4390,51.2736111111111,243.010833333333,106.3,0
4391,51.2736111111111,243.010833333333,106.3,0
4392,51.2736111111111,243.010833333333,93.9,9840
4393,59.3011111111111,230.716944444444,96.1,3.28
4394,59.3011111111111,230.716944444444,98.1,16.4
4395,49.0333333333333,241.548888888889,107.3,9840
4396,49.0452777777778,241.513611111111,106.1,21.32
4397,54.9191666666667,233.817777777778,107.1,9840
4398,54.9191666666667,233.817777777778,100.1,9840
4399,54.8844444444444,233.781388888889,98.5,52.48
4400,55.0297222222222,230.418888888889,93.3,9840
4401,55.0297222222222,230.418888888889,91.5,9840
4402,49.0913888888889,241.388888888889,96.7,65.6
4403,52.4041666666667,233.526388888889,88.1,0
4404,52.3997222222222,233.531944444444,90.1,9840
4405,49.2936111111111,238.222222222222,96.7,147.6
4406,49.2936111111111,238.222222222222,90.3,9840
4407,55.2830555555556,232.317777777778,88.7,9840
4408,55.2041666666667,232.304722222222,89.7,34.44
4409,55.2641666666667,232.383611111111,92.3,75.44
4410,49.3566666666667,239.911111111111,102.5,9840
4411,49.3566666666667,239.911111111111,103.9,9840
4412,50.5608333333333,232.111111111111,96.5,9840
4413,50.5608333333333,232.111111111111,104.5,9840
4414,49.3872222222222,238.5775,100.5,257.48
4415,49.3872222222222,238.5775,100.5,85.28
4416,49.3833333333333,238.565277777778,98.7,410
4417,49.3788888888889,238.564722222222,94.1,82
4418,49.5347222222222,235.330833333333,96.5,82
4419,54.4422222222222,233.34,90.9,82000
4420,56.0261111111111,238.057222222222,106.1,16.4
4421,56.0277777777778,238.069166666667,89.3,9840
4422,56.0277777777778,238.069166666667,104.3,9840
4423,56.8916666666667,235.033333333333,96.1,16.4
4424,50.5133333333333,243.946944444444,97.3,0
4425,50.4263888888889,243.892777777778,107.1,9840
4426,50.5,243.965555555556,97.3,9840
4427,50.5,243.965555555556,105.9,9840
4428,57.8375,230.016944444444,96.1,13.12
4429,50.6708333333333,239.601388888889,101.9,16.4
4430,50.6708333333333,239.601388888889,105.3,0
4431,50.6708333333333,239.601388888889,103.1,0
4432,50.6666666666667,239.665277777778,99.1,82000
4433,50.6708333333333,239.601388888889,107.9,82000
4434,50.6897222222222,239.648888888889,95.1,59.04
4435,49.9227777777778,243.095555555556,90.9,9840
4436,49.9227777777778,243.095555555556,91.9,9840
4437,49.9666666666667,240.471111111111,89.7,0
4438,49.9666666666667,240.471111111111,90.5,0
4439,49.7683333333333,240.499166666667,104.7,0
4440,49.9666666666667,240.471111111111,104.7,3608
4441,49.7683333333333,240.499166666667,103.1,0
4442,49.7683333333333,240.499166666667,103.1,0
4443,49.8819444444444,240.6275,94.5,52.48
4444,49.8891666666667,240.608055555556,102.3,82
4445,50.3763888888889,234.044444444444,102.9,9840
4446,50.3763888888889,234.044444444444,104.1,9840
4447,53.5616666666667,232.063611111111,89.9,16.4
4448,53.5616666666667,232.063611111111,91.5,16.4
4449,53.5616666666667,232.063611111111,93.5,16.4
4450,53.5616666666667,232.063611111111,95.5,16.4
4451,53.5616666666667,232.063611111111,97.5,16.4
4452,53.5616666666667,232.063611111111,98.9,16.4
4453,53.5616666666667,232.063611111111,100.5,16.4
4454,53.5616666666667,232.063611111111,102.5,16.4
4455,53.5616666666667,232.063611111111,103.5,16.4
4456,53.5616666666667,232.063611111111,105.1,16.4
4457,56.9947222222222,233.235277777778,101.1,82
4458,56.9947222222222,233.235277777778,103.9,82
4459,56.9947222222222,233.235277777778,92.5,82
4460,49.2027777777778,240.237777777778,106.9,9840
4461,49.2027777777778,240.237777777778,107.7,9840
4462,52.8830555555556,237.663888888889,89.7,82000
4463,49.6833333333333,244.015555555556,98.1,9840
4464,54.995,230.048333333333,98.7,9840
4465,54.995,230.048333333333,100.7,9840
4466,54.9938888888889,230.040833333333,96.1,13.12
4467,50.6136111111111,241.278888888889,100.3,410
4468,55.3577777777778,232.303611111111,91.3,0
4469,55.3480555555556,232.306111111111,96.1,18.04
4470,54.0533333333333,231.364444444444,105.1,0
4471,54.0533333333333,231.364444444444,101.1,0
4472,54.0533333333333,231.364444444444,100.3,0
4473,54.0330555555556,231.348333333333,99.5,82000
4474,54.0330555555556,231.348333333333,104.1,82000
4475,54.0533333333333,231.364444444444,91.3,9840
4476,53.9733333333333,231.352777777778,96.1,13.12
4477,53.7955555555556,229.568055555556,98.1,13.12
4478,55.09,232.168333333333,97.1,13.12
4479,54.5177777777778,231.5275,93.9,9840
4480,55.2669444444444,231.932222222222,104.5,9840
4481,55.2666666666667,231.931666666667,96.1,13.12
4482,55.1047222222222,232.024166666667,94.3,0
4483,55.105,232.021111111111,103.7,9840
4484,55.105,232.021111111111,100.9,9840
4485,55.1033333333333,231.938888888889,98.1,13.12
4486,52.5875,231.479444444444,97.1,16.4
4487,48.8419444444445,235.928333333333,105.1,9840
4488,48.8419444444445,235.928333333333,102.7,9840
4489,48.8419444444445,235.928333333333,107.5,9840
4490,50.6897222222222,238.064166666667,92.7,0
4491,50.6677777777778,238.093055555556,92.7,9840
4492,50.6677777777778,238.093055555556,97.1,9840
4493,50.7,238.065277777778,99.7,9840
4494,50.5011111111111,239.185833333333,92.9,221.4
4495,50.5011111111111,239.185833333333,106.7,9840
4496,50.5011111111111,239.185833333333,100.9,32.8
4497,50.5011111111111,239.185833333333,89.3,0
4498,50.5011111111111,239.185833333333,91.1,0
4499,50.5011111111111,239.185833333333,94.9,0
4500,50.5011111111111,239.185833333333,99.1,0
4501,50.5011111111111,239.185833333333,106.7,0
4502,59.9311111111111,231.506944444444,96.1,13.12
4503,59.9311111111111,231.506944444444,98.1,4.92
4504,50.2097222222222,241.041944444444,96.7,221.4
4505,50.2097222222222,241.041944444444,99.3,9840
4506,50.2247222222222,238.419722222222,93.1,0
4507,50.3430555555556,238.408333333333,102.3,0
4508,50.2227777777778,238.422222222222,95.7,0
4509,50.31,238.4125,95.7,9840
4510,50.3430555555556,238.408333333333,94.5,32.8
4511,50.2544444444444,238.388611111111,94.5,82
4512,55.3311111111111,236.904166666667,99.9,9840
4513,55.3355555555556,236.914444444444,105.7,0
4514,55.3311111111111,236.904166666667,97.5,82000
4515,55.3311111111111,236.904166666667,101.9,9840
4516,55.3311111111111,236.904166666667,104.7,82000
4517,55.3311111111111,236.904166666667,107.7,9840
4518,50.2422222222222,243.034722222222,101.7,410
4519,54.0030555555556,227.880277777778,103.9,139.4
4520,54.0030555555556,227.880277777778,100.1,9840
4521,54.0369444444444,227.818888888889,96.1,3.28
4522,53.3177777777778,239.733611111111,100.9,9840
4523,53.2819444444444,239.764444444444,101.1,0
4524,53.2819444444444,239.764444444444,103.1,0
4525,53.2819444444444,239.764444444444,105.1,0
4526,53.3222222222222,239.752222222222,97.1,82
4527,50.0927777777778,239.232222222222,98.7,410
4528,50.0527777777778,239.2425,99.5,57.4
4529,50.0477777777778,239.241666666667,94.9,82000
4530,50.0477777777778,239.241666666667,91.1,82000
4531,50.0477777777778,239.241666666667,91.9,82000
4532,50.15,239.279444444444,89.9,52.48
4533,48.4022222222222,236.426388888889,99.5,0
4534,52.0611111111111,241.425555555556,88.1,9840
4535,52.0611111111111,241.425555555556,90.1,9840
4536,49.0025,241.200833333333,99.5,9840
4537,49.0025,241.200833333333,106.7,9840
4538,55.8375,238.334444444444,96.1,18.04
4539,54.9816666666667,232.701666666667,96.5,0
4540,51.9,238.740277777778,99.7,131.2
4541,49.4125,244.161388888889,105.5,9840
4542,49.4125,244.161388888889,94.5,4920
4543,50.2166666666667,242.232222222222,89.3,9840
4544,50.2166666666667,242.232222222222,90.1,9840
4545,50.2497222222222,242.188888888889,104.1,52.48
4546,49.2219444444445,235.996666666667,101.7,2132
4547,49.5305555555556,242.699444444444,98.7,0
4548,49.5305555555556,242.699444444444,100.9,9840
4549,51.4691666666667,236.0625,96.1,16.4
4550,52.165,231.854166666667,97.1,16.4
4551,49.9880555555556,242.621388888889,102.5,82
4552,49.9655555555556,242.668333333333,94.3,9840
4553,49.9655555555556,242.665833333333,98.3,9840
4554,50.2913888888889,233.059722222222,95.1,9840
4555,50.2913888888889,233.059722222222,102.3,9840
4556,52.3647222222222,234.896944444444,88.5,9840
4557,52.3647222222222,234.896944444444,90.3,9840
4558,49.8830555555556,238.546388888889,90.7,157.44
4559,50.8652777777778,240.574444444444,94.7,9840
4560,52.3552777777778,232.309444444444,92.1,9.84
4561,52.3552777777778,232.309444444444,90.5,9840
4562,49.1016666666667,240.421666666667,102.1,410
4563,49.1016666666667,240.421666666667,95.3,0
4564,49.1022222222222,240.421666666667,98.1,9840
4565,49.1,240.419722222222,105.1,82000
4566,49.2941666666667,235.675,99.9,0
4567,49.2941666666667,235.675,88.5,1574.4
4568,50.3275,237.177777777778,91.5,429.68
4569,50.3313888888889,237.236388888889,104.5,0
4570,50.3038888888889,237.198611111111,89.9,9840
4571,50.3127777777778,237.174166666667,98.1,11.48
4572,50.3127777777778,237.174166666667,105.3,16.4
4573,49.6155555555556,235.9925,104.7,0
4574,49.4830555555556,240.406388888889,92.9,82
4575,49.5288888888889,240.358611111111,92.3,82000
4576,49.5288888888889,240.358611111111,94.5,82000
4577,49.5288888888889,240.358611111111,91.5,82000
4578,49.0913888888889,241.388888888889,97.9,0
4579,49.2411111111111,235.214444444444,98.1,0
4580,49.2411111111111,235.214444444444,94.9,0
4581,49.2330555555556,235.198611111111,103.1,82000
4582,49.2747222222222,235.2625,89.3,9840
4583,49.2508333333333,235.2125,104.5,60.68
4584,50.4205555555556,232.540277777778,100.3,0
4585,50.4261111111111,232.542777777778,93.9,9840
4586,50.4261111111111,232.542777777778,97.1,9840
4587,53.6836111111111,227.814444444444,102.9,147.6
4588,53.6836111111111,227.814444444444,100.9,9840
4589,53.685,227.817222222222,96.1,14.76
4590,50.71,232.558333333333,95.5,0
4591,50.7163888888889,232.515277777778,99.5,82000
4592,50.71,232.558333333333,106.5,9840
4593,48.5463888888889,235.595833333333,93.9,9840
4594,48.5463888888889,235.595833333333,105.9,9840
4595,54.5566666666667,229.566944444444,96.1,13.12
4596,49.7425,235.470833333333,94.1,9840
4597,49.7425,235.470833333333,103.9,9840
4598,49.7425,235.470833333333,107.3,4920
4599,49.8480555555556,235.491388888889,101.3,82
4600,56.8519444444445,238.952222222222,105.5,82
4601,53.8994444444444,237.233333333333,93.1,810.16
4602,53.9355555555556,237.531944444444,98.3,164000
4603,53.9355555555556,237.531944444444,106.5,164000
4604,53.9166666666667,237.248611111111,107.3,9840
4605,53.9030555555556,237.2975,107.3,82
4606,54.2844444444444,229.685,96.5,82000
4607,54.2844444444444,229.685,103.5,82000
4608,54.2844444444444,229.685,105.5,82000
4609,54.3163888888889,229.681666666667,107.9,82000
4610,54.2841666666667,229.684722222222,98.1,36.08
4611,49.4694444444445,239.450555555556,93.1,0
4612,49.4705555555556,239.435555555556,95.9,9840
4613,53.2363888888889,228.0825,104.9,0
4614,53.245,227.985277777778,95.9,9840
4615,52.8822222222222,237.663055555556,106.9,9840
4616,52.8822222222222,237.663055555556,106.9,0
4617,52.8833333333333,237.663888888889,94.9,0
4618,53.0291666666667,237.251666666667,96.1,11.48
4619,52.9630555555556,237.510555555556,103.3,82000
4620,52.9958333333333,237.436111111111,92.3,82
4621,52.9533333333333,237.547777777778,96.1,3.28
4622,50.6188888888889,243.919166666667,95.5,9840
4623,50.6188888888889,243.919166666667,91.3,9840
4624,52.1375,236.048611111111,96.1,16.4
4625,50.9613888888889,241.778333333333,93.5,9840
4626,51.0102777777778,241.773333333333,89.9,16.4
4627,50.9991666666667,241.815277777778,92.5,6.56
4628,48.4013888888889,236.026388888889,101.1,9840
4629,48.4013888888889,236.026388888889,102.3,410
4630,49.0411111111111,241.007777777778,94.1,65.6
4631,49.0411111111111,241.007777777778,103.7,213.2
4632,51.3,242.482222222222,88.7,9840
4633,51.3,242.482222222222,92.5,9840
4634,49.1972222222222,242.714444444444,94.1,9840
4635,49.1972222222222,242.714444444444,96.9,9840
4636,49.1794444444444,242.718333333333,88.9,52.48
4637,50.7586111111111,240.633333333333,96.9,0
4638,50.7566666666667,240.631666666667,93.7,24.6
4639,50.7433333333333,240.747777777778,99.7,9840
4640,50.7433333333333,240.747777777778,92.1,9840
4641,50.7625,239.131944444444,101.9,9840
4642,50.3569444444444,234.064444444444,101.3,9840
4643,49.4730555555556,236.230833333333,104.7,0
4644,50.7219444444444,237.748333333333,103.5,0
4645,50.7219444444444,237.748333333333,106.1,0
4646,50.7630555555556,237.83,95.1,0
4647,50.7233333333333,237.738611111111,88.3,9840
4648,50.7233333333333,237.738611111111,90.5,9840
4649,50.8411111111111,241.039166666667,89.9,52.48
4650,50.8491666666667,241.028333333333,95.3,9840
4651,50.8491666666667,241.028333333333,106.7,9840
4652,50.5708333333333,240.642777777778,101.3,82
4653,53.2655555555556,228.008611111111,97.1,13.12
4654,49.7205555555556,242.565555555556,99.7,9840
4655,49.7205555555556,242.565555555556,97.3,9840
4656,54.7408333333333,233.017777777778,95.7,9840
4657,54.7408333333333,233.017777777778,97.5,0
4658,54.7408333333333,233.051111111111,89.3,82000
4659,54.8325,232.886944444444,95.1,0
4660,54.7663888888889,232.773333333333,88.1,0
4661,48.4022222222222,236.426388888889,97.1,0
4662,50.9186111111111,240.565277777778,107.1,0
4663,49.7111111111111,245.120555555556,105.7,0
4664,49.7277777777778,245.13,93.5,0
4665,49.7244444444444,245.135555555556,89.3,9840
4666,49.7333333333333,245.098888888889,88.5,82000
4667,50.4394444444444,238.668611111111,89.3,9840
4668,50.4238888888889,238.663888888889,91.5,32.8
4669,50.8997222222222,243.655833333333,100.9,9840
4670,50.8997222222222,243.655833333333,103.5,9840
4671,49.7733333333333,236.871111111111,90.3,410
4672,49.7733333333333,236.871111111111,98.3,0
4673,49.7083333333333,236.865555555556,104.9,4920
4674,55.9427777777778,230.006666666667,89.3,9840
4675,55.9427777777778,230.006666666667,90.7,9840
4676,55.9380555555556,230.008888888889,92.9,0
4677,50.9008333333333,240.121388888889,90.1,0
4678,50.9008333333333,240.121388888889,91.5,0
4679,49.1483333333333,237.1075,89.1,134.48
4680,54.6505555555556,235.241666666667,98.1,13.12
4681,49.9375,233.336666666667,91.7,9840
4682,55.4808333333333,234.031666666667,96.1,13.12
4683,53.8711111111111,233.988611111111,89.9,82000
4684,53.8705555555556,233.988611111111,94.9,0
4685,51.9319444444444,235.418611111111,88.1,9840
4686,51.9319444444444,235.418611111111,90.7,9840
4687,57.9019444444444,228.837222222222,96.1,13.12
4688,54.5177777777778,231.5275,95.3,88.56
4689,54.5177777777778,231.5275,96.9,88.56
4690,54.5177777777778,231.5275,92.1,70.52
4691,54.5177777777778,231.5275,106.3,82000
4692,54.5177777777778,231.5275,107.3,82000
4693,54.5177777777778,231.5275,90.5,82000
4694,54.5277777777778,231.362777777778,101.5,52.48
4695,54.8169444444445,233.856111111111,95.1,16.4
4696,49.0916666666667,242.178888888889,94.9,10004
4697,49.1030555555556,242.146388888889,104.1,0
4698,49.0905555555556,242.18,97.5,9840
4699,49.0905555555556,242.18,105.3,9840
4700,49.0936111111111,242.335833333333,89.9,44.28
4701,49.5441666666667,239.242777777778,96.7,410
4702,55.1325,239.018888888889,89.1,9840
4703,55.1325,239.018888888889,89.9,0
4704,55.1325,239.019166666667,101.1,0
4705,48.94,234.453611111111,99.5,0
4706,48.9855555555556,234.494444444444,95.7,82000
4707,48.9855555555556,234.494444444444,103.7,82000
4708,50.6333333333333,238.413333333333,103.3,410
4709,52.7055555555556,240.833333333333,94.1,9840
4710,52.7055555555556,240.833333333333,105.9,9840
4711,49.3536111111111,237.043611111111,90.9,2099.2
4712,49.345,237.027222222222,99.3,83640
4713,49.345,237.027222222222,99.3,19680
4714,49.3572222222222,237.046388888889,104.9,0
4715,49.3572222222222,237.046388888889,104.9,0
4716,54.0038888888889,235.989166666667,88.1,9840
4717,54.0038888888889,235.989166666667,96.7,0
4718,54.0291666666667,235.969444444444,98.5,82
4719,53.8166666666667,236.027777777778,95.9,0
4720,54.0038888888889,235.989166666667,107.7,9840
4721,51.5769444444445,240.2075,91.9,131.2
4722,51.5738888888889,240.308055555556,89.9,9840
4723,50.2241666666667,240.696666666667,93.3,9840
4724,50.2241666666667,240.696666666667,95.5,9840
4725,50.2241666666667,240.696666666667,97.9,9840
4726,48.5052777777778,236.525555555556,99.7,262.4
4727,48.5944444444445,236.455,88.9,0
4728,48.4213888888889,236.488888888889,103.1,15416
4729,48.4238888888889,236.663888888889,107.9,410
4730,48.4213888888889,236.488888888889,98.5,77080
4731,48.5944444444445,236.455,100.3,0
4732,48.5052777777778,236.525555555556,100.3,0
4733,53.0783333333333,238.454166666667,88.7,9840
4734,53.0783333333333,238.454166666667,91.9,9840
4735,53.1036111111111,238.427777777778,98.1,13.12
4736,52.1419444444444,237.842222222222,92.1,451
4737,52.1483333333333,237.838055555556,94.3,0
4738,52.1088888888889,238.006944444444,100.7,0
4739,52.1333333333333,237.848611111111,103.9,82000
4740,52.1219444444444,237.8425,89.3,9840
4741,52.1219444444444,237.8425,92.1,9840
4742,52.1372222222222,237.822222222222,96.1,70.52
4743,52.1372222222222,237.822222222222,95.1,62.32
4744,50.1691666666667,233.429722222222,92.7,0
4745,50.1691666666667,233.429722222222,98.5,82000
4746,49.0822222222222,243.894722222222,99.5,9840
4747,49.0822222222222,243.894722222222,103.7,9840
4748,49.5611111111111,238.553611111111,97.3,9840
4749,49.5611111111111,238.553611111111,106.9,9840
4750,50.7655555555556,260.795555555556,88.9,9840
4751,50.7655555555556,260.795555555556,90.3,9840
4752,50.7655555555556,260.795555555556,92.3,9840
4753,50.6333333333333,262.532777777778,101.9,82000
4754,51.4705555555556,259.28,99.9,164000
4755,51.4705555555556,259.28,106.1,164000
4756,50.0666666666667,263.449722222222,93.3,9840
4757,51.8838888888889,258.444444444444,99.1,82
4758,52.3427777777778,263.0325,96.9,0
4759,51.7791666666667,263.300555555556,96.9,37.72
4760,49.2333333333333,259.949444444444,94.1,82000
4761,49.8333333333333,260.049444444444,103.9,164000
4762,49.8333333333333,260.049444444444,98.7,164000
4763,49.8333333333333,260.049444444444,103.9,164000
4764,49.6680555555556,259.988333333333,89.3,164000
4765,57.8841666666667,258.328333333333,105.1,0
4766,57.8833333333333,258.3325,95.5,9840
4767,57.8833333333333,258.3325,96.9,9840
4768,57.8811111111111,258.329444444444,96.9,0
4769,51.9922222222222,259.853888888889,93.9,47.56
4770,49.0472222222222,264.275,97.9,9840
4771,49.0472222222222,264.275,88.1,9840
4772,49.0472222222222,264.275,88.1,9840
4773,58.7786111111111,265.820833333333,96.9,0
4774,54.2255555555556,259.396388888889,96.9,9.84
4775,54.5827777777778,258.625833333333,88.9,65.6
4776,54.5836111111111,258.634166666667,96.9,8.2
4777,54.6294444444444,262.229166666667,88.1,9840
4778,54.6294444444444,262.229166666667,89.9,9840
4779,54.64,262.221111111111,93.5,0
4780,51.15,259.949444444444,106.9,164000
4781,51.9619444444445,261.935,93.5,47.56
4782,52.1783333333333,259.848888888889,96.9,9.84
4783,53.1077777777778,260.181388888889,95.5,141.04
4784,53.1077777777778,260.181388888889,89.1,9840
4785,53.1066666666667,260.205277777778,93.5,37.72
4786,51.7138888888889,261.418888888889,104.3,19352
4787,51.7138888888889,261.418888888889,88.1,82000
4788,51.0805555555556,262.350833333333,89.5,82000
4789,51.0805555555556,262.350833333333,93.9,82000
4790,51.0805555555556,262.350833333333,90.7,82000
4791,51.4372222222222,262.608611111111,103.5,65.6
4792,51.4372222222222,262.608055555556,96.9,50.84
4793,54.7880555555556,258.155,90.9,902
4794,54.7675,258.148333333333,102.9,984
4795,54.7675,258.148333333333,102.9,984
4796,54.7880555555556,258.155,99.9,124.64
4797,54.7880555555556,258.155,91.9,9840
4798,54.7880555555556,258.155,89.7,9840
4799,54.7666666666667,258.116111111111,102.1,82000
4800,58.755,265.905555555556,89.9,9840
4801,58.755,265.905555555556,88.9,9840
4802,56.5022222222222,265.797222222222,93.5,37.72
4803,53.87,265.341944444444,96.9,0
4804,56.3486111111111,265.297222222222,97.1,145.96
4805,56.35,265.283055555556,98.1,9840
4806,56.35,265.283055555556,107.5,9840
4807,56.3466666666667,265.297222222222,95.7,60.68
4808,50.2166666666667,261.049444444444,101.5,1.64
4809,54.5472222222222,265.537222222222,93.5,0
4810,54.835,265.940833333333,96.9,0
4811,54.5486111111111,265.538611111111,99.9,747.84
4812,54.5486111111111,265.538611111111,88.9,9840
4813,53.15,260.707777777778,101.5,113.16
4814,53.15,260.707777777778,88.3,9840
4815,53.1811111111111,260.743333333333,96.9,9.84
4816,49.8613888888889,259.502222222222,93.5,37.72
4817,49.8777777777778,262.593611111111,88.9,8.2
4818,51.1755555555556,263.710555555556,93.5,37.72
4819,56.0675,264.401111111111,94.7,141.04
4820,56.0675,264.401111111111,96.3,9840
4821,56.065,264.394166666667,93.9,47.56
4822,51.8819444444444,262.685555555556,92.7,54120
4823,51.8819444444444,262.685555555556,88.5,82000
4824,51.9136111111111,262.687777777778,93.5,47.56
4825,58.6188888888889,258.5125,96.9,0
4826,50.2516666666667,264.042777777778,96.3,9840
4827,50.3,263.933055555556,89.1,9840
4828,50.2516666666667,264.042777777778,88.3,9840
4829,50.2516666666667,264.042777777778,94.7,9840
4830,50.2516666666667,264.042777777778,88.3,9840
4831,50.2516666666667,264.042777777778,95.5,9840
4832,50.9083333333333,261.402777777778,93.5,60.68
4833,56.4416666666667,259.957777777778,94.5,121.36
4834,56.4416666666667,259.957777777778,99.9,9840
4835,56.4625,259.988888888889,93.5,65.6
4836,56.5091666666667,265.871666666667,96.1,0
4837,52.1522222222222,264.622222222222,101.5,0
4838,52.1522222222222,264.622222222222,100.5,9840
4839,52.0180555555556,264.542777777778,96.9,47.56
4840,49.8566666666667,261.533888888889,101.7,62.32
4841,56.8508333333333,258.952222222222,95.1,410
4842,56.8508333333333,258.952222222222,95.1,0
4843,52.6394444444444,258.907777777778,89.5,9840
4844,52.6394444444444,258.907777777778,90.5,9840
4845,51.1430555555556,263.734722222222,101.3,252.56
4846,51.1430555555556,263.734722222222,88.9,9840
4847,50.5513888888889,261.335555555556,106.3,82
4848,49.2666666666667,258.999444444444,107.9,82000
4849,53.7061111111111,259.688333333333,99.9,131.2
4850,53.7061111111111,259.688333333333,94.1,9840
4851,53.7041666666667,259.690277777778,96.9,0
4852,50.2166666666667,260.516111111111,102.7,82000
4853,55.7908333333333,261.118333333333,93.7,139.4
4854,55.7908333333333,261.118333333333,90.1,9840
4855,55.7830555555556,261.115833333333,96.9,0
4856,53.9791666666667,262.161944444444,92.9,196.8
4857,53.9855555555556,262.171944444444,89.3,9840
4858,53.9855555555556,262.171944444444,90.3,9840
4859,54.9319444444444,264.695555555556,95.5,127.92
4860,54.9319444444444,264.695555555556,88.5,9840
4861,54.9302777777778,264.702222222222,96.9,0
4862,55.4966666666667,261.966944444444,93.3,52.48
4863,52.1519444444444,264.623333333333,93.5,47.56
4864,51.3186111111111,262.445,100.9,132.84
4865,51.31,262.436111111111,102.7,78.72
4866,52.7458333333333,259.304166666667,96.9,37.72
4867,55.5863888888889,262.845555555556,96.9,9.84
4868,50.6161111111111,263.619722222222,97.9,9840
4869,50.6161111111111,263.619722222222,97.1,9840
4870,52.9941666666667,262.721666666667,103.5,0
4871,53,262.666111111111,104.5,9840
4872,52.9944444444445,262.721666666667,96.9,0
4873,49.9652777777778,261.770277777778,88.9,1.64
4874,55.7425,258.677777777778,98.3,57.4
4875,55.7438888888889,258.686666666667,96.9,0
4876,54.1502777777778,266.432777777778,96.9,0
4877,51.2413888888889,258.663888888889,103.3,9840
4878,49.9713888888889,263.086944444444,104.1,164000
4879,49.9713888888889,263.086944444444,104.1,41820
4880,49.9713888888889,263.086944444444,105.5,164000
4881,49.9713888888889,263.086944444444,105.5,41656
4882,55.8552777777778,267.914722222222,105.1,0
4883,55.8666666666667,267.916388888889,97.9,9840
4884,55.8561111111111,267.909444444444,96.9,0
4885,55.1225,258.902777777778,93.5,37.72
4886,54.875,259.985555555556,95.5,98.4
4887,54.875,259.985555555556,89.5,9840
4888,54.885,259.973888888889,96.3,41
4889,56.8005555555556,261.062222222222,95.5,108.24
4890,56.7791666666667,261.0675,96.9,37.72
4891,56.8005555555556,261.062222222222,90.9,9840
4892,56.2458333333333,263.907777777778,97.9,9840
4893,56.2458333333333,263.907777777778,95.5,9840
4894,56.2447222222222,263.900277777778,96.9,9.84
4895,49.7794444444445,262.853888888889,88.5,1.64
4896,50.4516666666667,258.673333333333,92.3,9840
4897,53.8255555555556,265.144444444444,93.5,31.16
4898,52.1063888888889,258.744444444444,93.3,410
4899,52.105,258.73,104.5,344.4
4900,58.7122222222222,261.519166666667,96.9,0
4901,53.8358333333333,258.746666666667,94.5,124.64
4902,53.8572222222222,258.672222222222,92.7,213.2
4903,53.8127777777778,258.723611111111,102.9,410
4904,53.8127777777778,258.723611111111,102.9,410
4905,53.8358333333333,258.746666666667,93.7,129.56
4906,53.8358333333333,258.746666666667,95.9,9840
4907,53.8358333333333,258.746666666667,100.3,9840
4908,53.8333333333333,258.749444444444,101.7,82000
4909,55.3208333333333,262.311388888889,96.9,37.72
4910,55.7286111111111,262.136111111111,100.9,154.16
4911,55.7022222222222,262.117777777778,102.9,311.6
4912,55.7022222222222,262.117777777778,102.9,311.6
4913,55.7352777777778,262.150833333333,96.3,141.04
4914,55.7286111111111,262.136111111111,99.9,141.04
4915,55.7286111111111,262.136111111111,89.7,9840
4916,55.7286111111111,262.136111111111,94.3,82000
4917,55.7286111111111,262.136111111111,90.7,9840
4918,49.8477777777778,259.066666666667,103.3,82
4919,49.85,259.082777777778,98.7,82000
4920,49.85,259.082777777778,104.5,82000
4921,49.85,259.082777777778,98.7,82000
4922,53.8925,265.050277777778,105.1,1495.68
4923,53.8925,265.050277777778,88.3,9840
4924,54.9025,261.368055555556,90.5,0
4925,54.9097222222222,261.368055555556,96.9,0
4926,51.9688888888889,260.401944444444,93.5,37.72
4927,49.1219444444444,261.933055555556,88.9,109880
4928,49.7555555555556,262.868611111111,100.5,104140
4929,49.7994444444444,262.725,94.3,164000
4930,49.7994444444444,262.725,94.3,164000
4931,49.7555555555556,262.868611111111,92.1,164000
4932,49.8763888888889,262.856666666667,92.1,1279.2
4933,49.7555555555556,262.868611111111,99.1,104468
4934,49.7816666666667,262.785277777778,97.5,508400
4935,49.8791666666667,262.848333333333,93.7,754.4
4936,49.8791666666667,262.848333333333,93.7,656
4937,49.8952777777778,262.861944444444,101.5,1968
4938,49.7708333333333,262.489722222222,89.9,100040
4939,49.8808333333333,262.850833333333,95.9,738
4940,49.7555555555556,262.868611111111,102.3,114800
4941,49.8763888888889,262.856666666667,102.3,1279.2
4942,47.3775,294.561111111111,106.5,82000
4943,47.6,294.350833333333,100.1,82000
4944,47.6,294.350833333333,107.9,9840
4945,47.6152777777778,294.353333333333,103.3,82
4946,46.7630555555556,294.188333333333,107.7,73.8
4947,46.6494444444444,292.4075,91.7,0
4948,46.6491666666667,292.4075,99.1,82000
4949,46.6491666666667,292.4075,100.9,9840
4950,48.1352777777778,293.884166666667,89.7,82000
4951,48.0827777777778,293.419444444444,90.5,0
4952,48.0827777777778,293.419444444444,91.5,0
4953,48.0827777777778,293.419444444444,88.9,0
4954,48,293.334166666667,92.3,82000
4955,47.8,295.050833333333,94.1,82000
4956,48.0577777777778,293.609444444444,96.7,13.12
4957,48.0666666666667,293.6175,102.7,82000
4958,48.0544444444444,293.545833333333,100.7,82000
4959,47.3897222222222,291.680833333333,101.1,1640
4960,47.3666666666667,291.667222222222,104.7,9840
4961,46.1186111111111,293.225555555556,105.3,0
4962,45.9430555555556,293.351111111111,97.9,410
4963,45.9416666666667,293.345277777778,96.5,410
4964,45.9408333333333,293.346666666667,90.5,2558.4
4965,45.9372222222222,293.341388888889,104.5,82
4966,45.9744444444444,293.368888888889,95.7,82
4967,46.1186111111111,293.225555555556,93.1,82000
4968,44.7102777777778,293.254722222222,103.7,2583
4969,47.8169444444445,294.852777777778,90.3,37556
4970,47.8169444444445,294.852777777778,88.3,36965.6
4971,47.6486111111111,292.648333333333,98.1,82
4972,46.8272222222222,293.381944444444,89.1,9840
4973,46.8272222222222,293.381944444444,89.9,9840
4974,45.9288888888889,295.424444444444,92.5,29.52
4975,46.0833333333333,293.9175,104.5,82000
4976,46.1386111111111,295.103055555556,107.3,82
4977,46.1,295.2175,107.3,4920
4978,46.5063888888889,293.757222222222,99.7,82
4979,45.8972222222222,293.322777777778,95.1,0
4980,45.85,293.517222222222,107.9,82000
4981,46.8941666666667,292.603333333333,88.3,0
4982,46.6813888888889,295.134166666667,92.5,9840
4983,45.3911111111111,294.03,95.1,82
4984,45.9088888888889,295.615,105.7,82
4985,45.8988888888889,295.628055555556,106.9,82
4986,45.4775,293.766944444444,100.5,164000
4987,45.4775,293.766944444444,100.5,33292
4988,45.2725,293.9425,103.5,82
4989,45.4775,293.766944444444,98.9,19680
4990,45.2666666666667,293.950833333333,90.1,82000
4991,47.1844444444444,291.106666666667,91.3,9840
4992,45.1925,292.738888888889,106.3,380.48
4993,45.1783333333333,292.767777777778,99.9,82
4994,45.2,292.717222222222,96.5,9840
4995,47.35,291.767222222222,107.7,82000
4996,47.5122222222222,292.604722222222,91.1,82
4997,47.5666666666667,292.683888888889,91.1,9840
4998,47.5666666666667,292.683888888889,105.5,9840
4999,47.5666666666667,292.683888888889,102.1,9840
5000,45.7383333333333,294.462222222222,107.3,82
5001,46.1763888888889,292.452222222222,95.5,410
5002,46.1777777777778,292.45,95.3,0
5003,46.1613888888889,292.414166666667,101.1,82
5004,47.2622222222222,306.018333333333,100.3,5986
5005,49.9594444444445,303.689444444444,91.9,82000
5006,48.625,306.938611111111,92.1,10988
5007,48.65,306.884444444444,96.1,82000
5008,49.5533333333333,302.111111111111,101.9,9840
5009,49.5533333333333,302.111111111111,89.1,0
5010,49.5533333333333,302.111111111111,101.1,9840
5011,49.1975,304.633055555555,95.9,0
5012,49.1438888888889,304.654166666667,101.1,82
5013,47.6188888888889,302.367222222222,89.3,0
5014,47.6,302.434444444444,96.5,9840
5015,47.6188888888889,302.367222222222,88.5,0
5016,47.6188888888889,302.367222222222,90.5,0
5017,47.6188888888889,302.367222222222,92.3,0
5018,47.605,301.131666666667,95.7,82
5019,47.7333333333333,306.767777777778,103.1,82000
5020,49.3719444444444,305.827777777778,92.5,2788
5021,49.3883333333333,305.841944444444,90.3,9840
5022,53.0594444444444,293.065555555556,94.1,0
5023,53.0594444444444,293.065555555556,95.5,0
5024,53.0594444444444,293.065555555556,102.1,0
5025,53.0594444444444,293.065555555556,105.5,0
5026,53.7086111111111,302.993333333333,93.9,0
5027,52.7713888888889,303.883333333333,93.9,410
5028,52.7672222222222,303.883611111111,91.1,72.16
5029,48.1277777777778,306.058055555556,93.7,0
5030,48.1919444444444,305.962222222222,105.3,4613.32
5031,48.1277777777778,306.058055555556,107.5,0
5032,47.4333333333333,306.784444444444,107.9,82000
5033,50.9183333333333,304.104722222222,93.9,410
5034,48.9336111111111,302.033333333333,91.1,0
5035,48.9336111111111,302.033333333333,92.3,0
5036,48.95,302.051111111111,107.9,164000
5037,48.9336111111111,302.033333333333,102.5,9840
5038,48.95,302.051111111111,97.5,9840
5039,49.2394444444444,302.526111111111,96.3,0
5040,49.2394444444444,302.526111111111,90.5,0
5041,49.2394444444444,302.526111111111,100.5,9840
5042,49.2394444444444,302.526111111111,106.7,9840
5043,49.1675,302.573055555556,102.1,82
5044,50.1208333333333,303.873333333333,89.9,9840
5045,47.0666666666667,304.151111111111,100.5,9840
5046,52.3694444444445,304.336111111111,101.7,0
5047,52.3694444444445,304.336111111111,102.5,9840
5048,48.7666666666667,305.767777777778,102.9,9840
5049,48.975,305.388055555556,99.9,164000
5050,48.9683333333333,305.328333333333,103.7,9840
5051,48.9683333333333,305.328333333333,105.1,9840
5052,48.95,305.434444444444,97.7,82000
5053,48.975,305.385277777778,89.7,82
5054,53.2991666666667,299.463333333333,90.5,82000
5055,53.2991666666667,299.463333333333,99.3,2804.4
5056,53.2991666666667,299.463333333333,93.1,82000
5057,53.2991666666667,299.463333333333,107.1,82000
5058,47.4777777777778,307.231666666667,104.7,9840
5059,47.1,304.217777777778,105.5,82000
5060,49.1975,304.633055555555,88.1,164000
5061,49.1975,304.633055555555,106.1,82000
5062,49.1975,304.633055555555,107.1,82000
5063,49.5283333333333,303.131944444444,101.5,139.4
5064,53.3166666666667,299.601111111111,105.5,82000
5065,47.4833333333333,304.201111111111,93.5,82000
5066,55.4627777777778,299.761666666667,91.1,152.52
5067,55.4666666666667,299.783333333333,89.9,1.64
5068,52.9305555555556,293.110833333333,92.3,9840
5069,52.9305555555556,293.110833333333,98.9,9840
5070,52.9305555555556,293.110833333333,104.1,82000
5071,49.25,304.934444444444,94.9,82000
5072,49.2505555555556,304.930833333333,91.7,82
5073,55.0822222222222,300.825833333333,103.5,149.24
5074,54.9980555555556,300.790277777778,100.5,82000
5075,54.9980555555556,300.790277777778,105.9,82000
5076,47.1441666666667,304.853333333333,90.3,0
5077,47.1441666666667,304.853333333333,96.3,0
5078,47.1833333333333,304.834444444444,106.5,82000
5079,47.1441666666667,304.853333333333,89.3,164000
5080,47.1416666666667,304.851111111111,99.5,24.6
5081,48.8088888888889,303.474444444444,90.1,6888
5082,48.8088888888889,303.474444444444,99.5,82000
5083,47.5055555555556,307.204444444444,92.3,82
5084,51.0180555555556,303.188055555556,98.7,16400
5085,51.0180555555556,303.188055555556,101.3,82000
5086,51.0180555555556,303.188055555556,106.3,82000
5087,56.5416666666667,298.301111111111,99.9,2343.56
5088,49.5313888888889,302.122222222222,95.9,49.2
5089,47.2311111111111,306.018888888889,94.1,0
5090,47.25,306.034444444444,93.1,164000
5091,47.2311111111111,306.018888888889,105.1,9840
5092,48.5897222222222,301.338888888889,93.3,82000
5093,48.5897222222222,301.338888888889,95.1,82000
5094,48.55,301.417777777778,104.7,82000
5095,47.5802777777778,300.855,91.9,0
5096,47.5802777777778,300.855,90.9,9840
5097,47.5666666666667,300.850833333333,103.1,82000
5098,47.5802777777778,300.855,107.3,9840
5099,47.595,300.865277777778,99.9,82
5100,52.5466666666667,303.689166666667,105.1,136.12
5101,52.5530555555556,303.684444444444,106.1,9840
5102,48.4405555555556,306.644722222222,102.5,82000
5103,48.4405555555556,306.644722222222,95.5,82000
5104,50.6494444444444,302.703611111111,90.5,428.04
5105,50.6494444444444,302.703611111111,88.3,9840
5106,50.1447222222222,302.375555555556,89.5,1394
5107,50.1447222222222,302.375555555556,104.9,9840
5108,54.9094444444444,300.227222222222,105.1,149.24
5109,54.9088888888889,300.228888888889,89.9,27.88
5110,47.5186111111111,302.609166666667,95.5,1277.56
5111,47.5186111111111,302.609166666667,89.9,9840
5112,54.1677777777778,301.582777777778,105.1,8.2
5113,54.1763888888889,301.567777777778,89.9,27.88
5114,50.8383333333333,303.893333333333,92.9,3280
5115,50.8383333333333,303.893333333333,91.3,9840
5116,47.6161111111111,301.309444444444,100.3,410
5117,49.4894444444445,303.93,93.9,410
5118,49.5,303.934444444444,92.7,82000
5119,49.5030555555556,303.928333333333,103.3,82
5120,47.8622222222222,304.145,99.1,127.92
5121,47.8622222222222,304.145,92.5,9840
5122,47.8033333333333,300.711111111111,94.7,9840
5123,51.3538888888889,304.434444444444,92.5,9840
5124,51.3538888888889,304.434444444444,104.7,9840
5125,51.3666666666667,304.417777777778,102.1,164000
5126,51.3538888888889,304.434444444444,103.7,9840
5127,46.785,306.381111111111,99.5,9840
5128,47.5344444444444,307.210833333333,105.9,32472
5129,47.5344444444444,307.210833333333,101.9,76588
5130,47.5344444444444,307.210833333333,106.9,67404
5131,47.5736111111111,307.2675,93.5,82
5132,47.5255555555556,307.286666666667,94.7,164000
5133,47.57,307.319166666667,90.9,1.64
5134,47.5344444444444,307.210833333333,101.1,32800
5135,47.5666666666667,307.284444444444,96.7,164000
5136,47.5344444444444,307.210833333333,92.5,9840
5137,47.5344444444444,307.210833333333,98.3,164000
5138,48.5261111111111,301.515,98.5,4969.2
5139,48.55,301.417777777778,89.7,82000
5140,47.8833333333333,305.796111111111,104.3,141.04
5141,47.8833333333333,305.796111111111,103.5,9840
5142,47.6666666666667,307.267777777778,100.1,4920
5143,46.7319444444444,306.5875,95.3,1492.4
5144,46.7394444444444,306.612222222222,102.7,9840
5145,49.4777777777778,301.867222222222,93.9,410
5146,56.4127777777778,297.921388888889,92.1,82
5147,56.4127777777778,297.921388888889,98.1,82
5148,56.4127777777778,297.921388888889,104.1,82
5149,49.1272222222222,306.403055555556,89.1,9840
5150,49.1272222222222,306.403055555556,94.1,9840
5151,48.95,304.334444444444,104.5,82000
5152,45.8333333333333,295.800833333333,99.1,82000
5153,45.8177777777778,295.7675,101.7,37720
5154,45.6166666666667,298.0175,100.5,82000
5155,45.6194444444444,298.005555555556,93.3,0
5156,45.6880555555556,297.883333333333,98.9,123639.6
5157,45.6183333333333,298.011388888889,98.9,738
5158,45.0233333333333,295.156388888889,101.1,82
5159,46.9763888888889,299.541944444444,88.5,9840
5160,46.9761111111111,299.540555555556,90.1,139.4
5161,44.7369444444445,296.347222222222,99.3,82
5162,44.3880555555556,295.496944444444,93.7,9840
5163,45.7388888888889,297.311111111111,91.1,0
5164,46.6333333333333,298.984166666667,99.3,82000
5165,44.3361111111111,293.883888888889,96.7,9840
5166,44.6555555555556,294.209166666667,92.5,9840
5167,44.6166666666667,294.234166666667,95.9,82000
5168,44.6463888888889,296.339722222222,105.1,164000
5169,44.5252777777778,295.913611111111,88.7,1771.2
5170,45.0955555555556,296.509444444444,97.1,82
5171,46.1927777777778,298.655833333333,96.5,9840
5172,46.1022222222222,298.710833333333,94.3,0
5173,46.2302777777778,298.824722222222,102.5,3821.2
5174,46.1927777777778,298.655833333333,104.3,410
5175,44.0663888888889,295.284166666667,95.3,9840
5176,44.0663888888889,295.284166666667,99.3,82000
5177,44.0394444444444,295.285833333333,99.3,82
5178,44.0333333333333,295.284166666667,105.5,9840
5179,44.3833333333333,295.684166666667,107.9,4920
5180,46.3822222222222,298.9325,92.3,134.48
5181,44.95,294.934166666667,90.9,9840
5182,44.95,294.934166666667,99.7,82000
5183,45.5988888888889,298.587777777778,105.7,82000
5184,45.6166666666667,298.6175,99.7,82000
5185,45.5338888888889,297.363888888889,88.7,1968
5186,45.5333333333333,297.363611111111,90.9,9840
5187,45.5338888888889,297.363888888889,89.5,1968
5188,46.3180555555556,299.034166666667,93.7,410
5189,45.4088888888889,295.673333333333,99.1,82
5190,46.8269444444445,299.203611111111,89.3,9840
5191,46.8269444444445,299.203611111111,91.1,9840
5192,46.8294444444445,299.198888888889,102.5,82
5193,45.6491666666667,298.533888888889,101.5,0
5194,44.7572222222222,296.343333333333,97.5,410
5195,44.9247222222222,297.502222222222,95.3,82000
5196,44.9247222222222,297.502222222222,93.5,82000
5197,43.7666666666667,294.6675,106.9,82000
5198,43.7666666666667,294.6675,107.7,9840
5199,45.6055555555556,295.970277777778,91.1,9840
5200,45.65,295.950833333333,94.3,410
5201,45.7338888888889,295.833611111111,102.5,9840
5202,45.65,295.950833333333,92.7,9840
5203,45.6055555555556,295.970277777778,93.7,9840
5204,46.1169444444444,299.805555555556,99.9,82
5205,46.18,299.8075,94.9,100040
5206,46.0944444444445,299.852222222222,93.1,164000
5207,46.2333333333333,299.7675,100.9,164000
5208,45.3666666666667,296.734166666667,107.1,82000
5209,45.4555555555556,296.700833333333,88.3,4920
5210,45.3427777777778,296.801944444444,106.3,0
5211,44.3708333333333,294.061666666667,103.3,4920
5212,43.9319444444444,293.883888888889,97.5,82000
5213,68.2222222222222,224.997222222222,101.9,16.4
5214,68.2222222222222,224.997222222222,90.5,16.4
5215,65.1952777777778,236.563055555556,105.1,0
5216,65.1866666666667,236.573055555556,101.9,16.4
5217,66.2619444444444,231.370277777778,105.1,0
5218,66.2563888888889,231.360555555556,101.9,16.4
5219,67.4275,225.135,99.9,0
5220,67.4394444444445,225.116111111111,101.9,16.4
5221,61.3483333333333,242.360555555556,98.9,0
5222,61.3533333333333,242.350277777778,101.9,16.4
5223,62.8277777777778,243.932777777778,101.9,16.4
5224,61.1672222222222,246.324722222222,105.1,142.68
5225,61.1705555555556,246.328055555556,101.9,16.4
5226,61.8725,238.618888888889,107.5,0
5227,61.8377777777778,238.669444444444,98.1,72.16
5228,60.0005555555556,248.121111111111,101.9,16.4
5229,60.8077777777778,244.2125,93.7,147.6
5230,60.8077777777778,244.2125,100.1,492
5231,60.8097222222222,244.215,107.3,52.48
5232,60.8575,244.2775,101.9,0
5233,70.7363888888889,242.233888888889,105.1,0
5234,68.3630555555556,226.298055555556,98.7,72.16
5235,68.3580555555556,226.270277777778,101.9,16.4
5236,68.3613888888889,226.281388888889,100.7,16.4
5237,60.9744444444444,242.586388888889,101.9,0
5238,60.9744444444444,242.586388888889,107.1,0
5239,69.3336111111111,235.936388888889,107.1,13.12
5240,67.4466666666667,226.266944444444,90.5,16.4
5241,69.4452777777778,226.965833333333,100.7,16.4
5242,64.9019444444445,234.427777777778,100.9,0
5243,63.2208333333333,236.543333333333,101.9,0
5244,62.4536111111111,245.629722222222,100.1,0
5245,62.45,245.631944444444,92.1,164000
5246,73.0394444444444,274.855277777778,107.1,0
5247,69.1205555555556,254.963333333333,105.1,134.48
5248,69.1155555555555,254.946111111111,97.7,50.84
5249,69.1205555555556,254.963333333333,101.9,180.4
5250,64.2313888888889,283.466666666667,105.1,124.64
5251,70.4672222222222,291.484722222222,107.1,0
5252,69.3838888888889,278.200277777778,105.1,124.64
5253,63.7391666666667,291.444166666667,93.3,68.88
5254,63.7491666666667,291.478055555556,103.5,0
5255,63.7391666666667,291.443888888889,92.5,0
5256,63.7391666666667,291.443888888889,94.7,0
5257,63.7391666666667,291.443888888889,102.1,0
5258,63.7388888888889,291.442777777778,96.9,0
5259,67.8269444444444,244.9175,105.1,134.48
5260,67.8269444444444,244.9175,101.9,180.4
5261,67.8244444444444,244.905,92.1,68.88
5262,66.1422222222222,294.285555555556,105.1,134.48
5263,72.6838888888889,282.034166666667,105.1,134.48
5264,62.8075,267.923333333333,105.1,142.68
5265,62.8105555555556,267.915555555556,99.9,82
5266,74.6988888888889,265.121388888889,105.1,141.04
5267,69.5338888888889,266.449444444444,105.1,134.48
5268,69.5366666666667,266.478611111111,90.3,70.52
5269,62.1725,267.419722222222,91.1,82
5270,62.1713888888889,267.422222222222,106.1,0
5271,45.5616666666667,281.433611111111,103.7,410
5272,45.5336111111111,281.733611111111,102.7,16.4
5273,45.5369444444444,281.734722222222,101.3,36.08
5274,45.5797222222222,281.500277777778,100.1,82
5275,45.45,281.183888888889,102.7,16.4
5276,45.4419444444444,281.180277777778,101.3,36.08
5277,44.1458333333333,280.1625,92.1,3257.04
5278,44.765,281.909166666667,92.9,82
5279,50.3033333333333,270.992777777778,91.3,82
5280,50.3122222222222,270.939444444444,89.5,9840
5281,50.3122222222222,270.939444444444,91.3,9840
5282,45.3183333333333,283.666944444444,107.7,1312
5283,48.7244444444444,268.389166666667,88.9,9840
5284,48.7730555555556,268.389166666667,90.1,4756
5285,48.7591666666667,268.395277777778,95.9,82
5286,48.7566666666667,268.374722222222,91.1,82
5287,48.7594444444444,268.385,93.5,295.2
5288,48.7244444444444,268.389166666667,88.1,9840
5289,48.75,268.383055555556,102.1,164000
5290,48.7244444444444,268.389166666667,91.9,9840
5291,52.9263888888889,277.576666666667,101.5,55.76
5292,52.9263888888889,277.582222222222,89.9,16.4
5293,45.0538888888889,282.100277777778,90.9,82000
5294,45.0705555555556,282.142222222222,103.5,410
5295,45.0538888888889,282.100277777778,88.3,164000
5296,44.4041666666667,280.293055555556,106.7,287
5297,44.3994444444444,280.304166666667,98.5,82
5298,49.5669444444444,272.026388888889,107.1,426.4
5299,49.6116666666667,272.041666666667,92.3,9840
5300,53.9111111111111,269.016944444444,90.1,1.64
5301,53.9111111111111,269.016944444444,91.9,16.4
5302,44.2677777777778,282.487222222222,100.1,34440
5303,44.2880555555556,282.496666666667,91.3,5248
5304,44.3125,282.793333333333,102.3,24600
5305,44.3125,282.793333333333,102.3,24600
5306,53.8833333333333,270.166388888889,91.9,16.4
5307,46.1769444444444,277.018055555556,96.1,9840
5308,43.8794444444445,280.261666666667,105.5,82
5309,45.0733333333333,280.702777777778,102.3,9840
5310,45.765,279.434722222222,107.7,410
5311,45.765,279.434722222222,107.7,80.36
5312,44.6402777777778,284.381388888889,102.1,1033.2
5313,44.5930555555556,284.270833333333,99.9,82
5314,44.6,284.316944444444,106.5,9840
5315,45.0416666666667,278.675277777778,89.1,9840
5316,45.2258333333333,278.476388888889,90.7,82
5317,43.3866666666667,280.124166666667,107.9,42804
5318,43.3866666666667,280.124166666667,107.9,29241.2
5319,43.9016666666667,280.168611111111,102.7,82
5320,44.3088888888889,282.195277777778,93.7,820
5321,51.7194444444445,268.193611111111,91.9,16.4
5322,51.7194444444445,268.193611111111,89.9,16.4
5323,47.8505555555556,276.577777777778,89.9,0
5324,47.8505555555556,276.577777777778,91.9,0
5325,47.8433333333333,276.600833333333,95.9,65.6
5326,47.8422222222222,276.5975,92.7,1.64
5327,47.8541666666667,276.581111111111,88.7,9840
5328,47.8541666666667,276.581111111111,91.1,9840
5329,47.8333333333333,276.6,95.1,164000
5330,42.4,277.816944444444,105.5,4920
5331,42.45,277.916944444444,91.3,9840
5332,43.9680555555556,281.822777777778,89.7,1148
5333,43.9752777777778,281.8025,90.7,410
5334,44.0705555555556,281.856944444444,107.9,10332
5335,44.0705555555556,281.856944444444,93.3,6724
5336,49.0647222222222,278.984722222222,102.1,60.68
5337,49.0663888888889,278.9775,104.7,82
5338,49.0630555555556,278.974722222222,98.1,82
5339,49.0666666666667,278.983611111111,98.1,164000
5340,44.4772222222222,279.671944444444,90.5,410
5341,44.4772222222222,279.671944444444,89.3,4920
5342,49.8063888888889,275.856111111111,89.9,16.4
5343,45.0186111111111,285.265833333333,88.1,82
5344,42.9,280.916944444444,100.3,4920
5345,46.0888888888889,282.514444444444,97.9,82
5346,52.6188888888889,265.952222222222,91.9,16.4
5347,52.6188888888889,265.952222222222,90.1,1.64
5348,44.1416666666667,282.924166666667,89.5,82000
5349,44.1416666666667,282.924166666667,89.5,82000
5350,44.1416666666667,282.924166666667,90.3,82000
5351,48.2963888888889,275.110555555556,105.1,9840
5352,49.8111111111111,267.151111111111,104.3,3116
5353,49.7833333333333,267.183055555556,99.1,82000
5354,49.7833333333333,267.183055555556,105.7,164000
5355,49.7833333333333,267.183055555556,98.1,82000
5356,48.3477777777778,275.453333333333,97.9,410
5357,48.3477777777778,275.453333333333,97.9,82
5358,45.1166666666667,281.500833333333,90.1,82000
5359,50.6177777777778,266.803888888889,95.5,410
5360,50.6333333333333,266.783055555556,94.1,164000
5361,50.6041666666667,266.808055555556,91.7,9840
5362,47.7194444444445,279.667777777778,96.9,410
5363,47.7194444444445,279.667777777778,89.7,410
5364,46.3877777777778,277.378888888889,90.3,0
5365,46.3877777777778,277.378888888889,101.7,0
5366,46.3844444444444,277.351666666667,98.7,82
5367,46.3891666666667,277.381666666667,91.3,82000
5368,46.3891666666667,277.381666666667,104.7,9840
5369,43.7655555555556,279.938611111111,91.7,1394
5370,46.25,278.183611111111,95.7,9840
5371,46.3225,278.201666666667,94.9,0
5372,46.25,278.183611111111,89.3,82000
5373,46.25,278.183611111111,106.1,82000
5374,52.2041666666667,278.305833333333,102.3,0
5375,52.2083333333333,278.316944444444,90.1,16.4
5376,48.6394444444444,266.279166666667,90.5,7363.6
5377,48.6027777777778,266.551944444444,93.1,34440
5378,48.6394444444444,266.279166666667,89.1,3640.8
5379,48.6241666666667,266.414444444444,101.7,82000
5380,48.6166666666667,266.599722222222,96.5,82000
5381,48.6166666666667,266.599722222222,107.9,164000
5382,55.9930555555556,272.368055555556,91.9,16.4
5383,55.9930555555556,272.368055555556,90.1,1.64
5384,50.115,267.787777777778,91.1,16.4
5385,44.3727777777778,280.687222222222,92.3,1066
5386,49.745,273.043611111111,100.7,213.2
5387,49.7166666666667,273.05,91.3,9840
5388,49.7166666666667,273.05,104.9,164000
5389,49.7277777777778,273.263888888889,96.5,82000
5390,44.8458333333333,282.346944444444,102.7,410
5391,43.75,278.283611111111,89.5,9840
5392,43.75,278.283611111111,102.7,9840
5393,43.75,278.283611111111,88.1,4920
5394,47.6666666666667,278.283611111111,97.7,9840
5395,47.8127777777778,278.405833333333,106.7,9840
5396,43.5352777777778,279.776666666667,93.3,410
5397,47.375,280.325277777778,98.5,4920
5398,45.0430555555556,281.503611111111,92.3,410
5399,43.2366666666667,280.113333333333,93.3,272.24
5400,43.2366666666667,280.113333333333,101.5,393.6
5401,45.5080555555556,285.328888888889,88.9,1244.76
5402,49.6930555555556,276.351388888889,94.5,118.08
5403,49.7,276.333333333333,95.5,164000
5404,49.6822222222222,276.338888888889,94.5,9840
5405,49.7,276.333333333333,88.1,82000
5406,49.7,276.333333333333,89.3,82000
5407,49.6855555555556,276.334444444444,95.5,3.28
5408,49.2333333333333,275.230555555556,97.3,410
5409,49.2333333333333,275.230555555556,92.3,82
5410,49.22,275.210833333333,107.1,459.2
5411,49.2333333333333,275.230555555556,88.9,9840
5412,45.4105555555556,280.744166666667,106.9,0
5413,45.31,280.739722222222,98.9,1230
5414,45.3769444444445,281.006944444444,88.7,9348
5415,49.4025,268.334722222222,97.5,82
5416,49.4036111111111,268.370833333333,103.1,9840
5417,49.4166666666667,268.333055555556,107.3,164000
5418,49.4036111111111,268.370833333333,96.3,9840
5419,44.2155555555556,280.344722222222,96.9,1.64
5420,46.2666666666667,276.7575,93.3,9840
5421,46.2666666666667,276.7575,89.9,9840
5422,48.7588888888889,279.309722222222,102.7,3.28
5423,48.7666666666667,279.333611111111,107.5,164000
5424,48.5075,270.542222222222,104.5,82
5425,49.2963888888889,277.814166666667,98.9,9840
5426,49.2963888888889,277.814166666667,105.1,71996
5427,49.2963888888889,277.814166666667,90.7,71996
5428,49.4222222222222,277.576666666667,92.3,3.28
5429,49.39,277.607777777778,100.9,0
5430,49.425,277.595833333333,89.7,4920
5431,49.2963888888889,277.814166666667,91.5,82000
5432,49.4166666666667,277.566944444444,92.5,82000
5433,49.4166666666667,277.566944444444,106.5,164000
5434,49.2963888888889,277.816944444444,96.7,82000
5435,53.5319444444444,271.386111111111,91.9,16.4
5436,53.5319444444444,271.386111111111,90.1,1.64
5437,52.2833333333333,278.383611111111,90.1,1.64
5438,53.0091666666667,267.166666666667,91.9,13.12
5439,44.9733333333333,284.398888888889,97.5,1689.2
5440,49.7666666666667,265.516388888889,106.7,164000
5441,49.7683333333333,265.495277777778,90.9,82000
5442,45.555,282.584444444444,102.9,54.12
5443,53.0055555555556,270.194722222222,90.1,1.64
5444,53.0055555555556,270.194722222222,91.9,16.4
5445,44.2894444444444,283.519722222222,99.5,2563.32
5446,44.2291666666667,283.5025,91.9,11.48
5447,48.0730555555556,279.990833333333,90.3,0
5448,48.0730555555556,279.990833333333,93.7,0
5449,48.1486111111111,279.964722222222,99.1,3.28
5450,48.15,279.966944444444,91.3,82000
5451,48.15,279.966944444444,94.7,164000
5452,43.4516666666667,279.507777777778,93.7,688.8
5453,50.2927777777778,267.698333333333,91.9,16.4
5454,50.2930555555556,267.700555555556,90.3,16.4
5455,42.1127777777778,277.335555555556,103.1,1640
5456,45.9336111111111,278.007777777778,97.5,34440
5457,42.9858333333333,278.753333333333,99.9,344.4
5458,42.9858333333333,278.753333333333,99.9,196.8
5459,42.9497222222222,278.735555555556,102.3,33456
5460,42.9497222222222,278.735555555556,102.3,3512.88
5461,43.0130555555556,278.800277777778,106.9,4920
5462,49.7772222222222,273.471944444444,107.1,0
5463,45.7980555555556,277.830833333333,88.9,82
5464,45.9519444444445,278.055277777778,103.1,40672
5465,45.9333333333333,277.700277777778,106.9,82000
5466,45.8952777777778,277.983055555556,103.1,82000
5467,49.1391666666667,274.176944444444,89.7,7839.2
5468,49.1391666666667,274.176944444444,89.7,7839.2
5469,49.1391666666667,274.176944444444,96.9,234.52
5470,49.1391666666667,274.176666666667,91.5,9840
5471,49.1333333333333,274.183333333333,100.1,164000
5472,48.7530555555556,273.418888888889,93.1,82000
5473,48.7197222222222,273.616666666667,90.5,9840
5474,48.6666666666667,273.583333333333,103.1,164000
5475,45.2269444444445,282.125277777778,89.3,0
5476,45.1994444444444,282.080277777778,94.7,52.48
5477,51.2619444444445,279.402777777778,107.1,82
5478,51.2838888888889,279.365555555556,88.1,9840
5479,51.2833333333333,279.350277777778,92.9,164000
5480,51.2838888888889,279.365555555556,88.9,9840
5481,51.2747222222222,279.355833333333,89.9,13.12
5482,43.9833333333333,279.266944444444,88.7,0
5483,53.4027777777778,268.234166666667,105.1,1.64
5484,53.4027777777778,268.234166666667,91.9,16.4
5485,49.3652777777778,264.981666666667,90.1,16.4
5486,50.1780555555556,273.286944444444,107.1,0
5487,47.4944444444444,280.310833333333,103.5,1.64
5488,47.5,280.333611111111,88.1,82000
5489,47.5,280.333611111111,107.9,164000
5490,44.0469444444444,280.548055555556,102.7,0
5491,44.9347222222222,278.986388888889,100.1,118.08
5492,48.9716666666667,271.693333333333,95.5,82000
5493,48.9716666666667,271.693333333333,97.3,3280
5494,48.9716666666667,271.693333333333,98.9,3280
5495,48.9733333333333,271.695833333333,100.7,328
5496,49.0166666666667,271.75,90.3,82000
5497,49.0166666666667,271.75,103.7,164000
5498,49.0166666666667,271.75,104.1,164000
5499,49.0166666666667,271.75,103.7,164000
5500,46.3333333333333,280.750277777778,107.3,164000
5501,46.3036111111111,280.591388888889,95.1,164000
5502,46.3466666666667,280.531388888889,92.5,82
5503,46.3036111111111,280.591388888889,101.9,164000
5504,46.3333333333333,280.750277777778,89.5,164000
5505,46.3333333333333,280.750277777778,90.5,164000
5506,46.3027777777778,280.589166666667,92.1,164000
5507,52.5138888888889,266.983888888889,91.9,16.4
5508,43.0669444444444,279.875555555556,100.3,8200
5509,43.07,279.981111111111,93.5,68.88
5510,43.9497222222222,279.873055555556,101.5,528.08
5511,43.9838888888889,280.975555555556,107.7,951.2
5512,51.2263888888889,269.771666666667,104.5,132.84
5513,51.2263888888889,269.771666666667,104.5,132.84
5514,51.1666666666667,269.666388888889,91.9,16.4
5515,45.2169444444444,284.436111111111,106.1,10405.8
5516,45.4369444444444,284.341944444444,92.7,82
5517,43.2608333333333,279.556111111111,88.3,4952.8
5518,45.35,279.966944444444,94.7,82000
5519,45.39,279.961111111111,89.9,0
5520,45.39,279.961111111111,88.9,32.8
5521,45.39,279.961111111111,103.3,76424
5522,45.8347222222222,282.834722222222,100.7,36.08
5523,45.7894444444444,282.815833333333,104.9,29292.04
5524,45.8166666666667,282.883611111111,100.7,82000
5525,44.7694444444444,280.01,93.9,410
5526,44.9094444444444,283.719166666667,88.1,4592
5527,44.9094444444444,283.719166666667,88.1,1148
5528,44.3441666666667,281.648611111111,89.3,820
5529,51.4780555555556,269.816388888889,105.1,136.12
5530,51.4705555555556,269.830277777778,96.5,82
5531,48.0052777777778,270.414166666667,97.3,3.28
5532,51.8019444444444,266.010277777778,100.3,55.76
5533,51.8,265.999722222222,91.9,16.4
5534,41.9638888888889,277.470833333333,90.7,82
5535,52.1111111111111,265.693055555556,90.1,16.4
5536,52.1111111111111,265.693055555556,91.9,16.4
5537,48.8919444444444,279.103055555556,101.1,9840
5538,48.8919444444444,279.103055555556,94.1,9840
5539,48.7166666666667,265.433055555556,104.9,164000
5540,51.0216666666667,266.170833333333,90.5,134.48
5541,51.0263888888889,266.170833333333,88.5,9840
5542,51.0333333333333,266.166388888889,105.1,164000
5543,51.0216666666667,266.170833333333,89.7,9840
5544,51.0216666666667,266.170833333333,91.3,9840
5545,51.0216666666667,266.170833333333,99.5,9840
5546,45.5241666666667,284.708333333333,92.5,546.12
5547,46.1666666666667,282.300277777778,91.7,9840
5548,45.2666666666667,280.350277777778,104.7,82000
5549,53.8694444444444,267.819166666667,90.1,1.64
5550,53.8694444444444,267.819166666667,91.9,16.4
5551,53.0525,266.673333333333,101.1,60.68
5552,53.05,266.833055555556,91.9,16.4
5553,42.9722222222222,277.603333333333,98.3,4920
5554,42.9722222222222,277.603333333333,104.7,4920
5555,46.5080555555556,275.673333333333,97.3,82
5556,46.5972222222222,275.718611111111,88.1,0
5557,46.5944444444444,275.65,100.5,22796
5558,46.5944444444444,275.65,100.5,4559.2
5559,46.5166666666667,275.666666666667,107.3,164000
5560,46.5166666666667,275.666666666667,90.9,82000
5561,46.5166666666667,275.666666666667,92.9,82000
5562,46.5972222222222,275.718611111111,92.1,164000
5563,46.5166666666667,275.666666666667,95.5,164000
5564,46.5166666666667,275.666666666667,97.3,82000
5565,46.5230555555556,275.686388888889,92.9,82
5566,46.5447222222222,275.681666666667,100.5,306.68
5567,43.8113888888889,280.773888888889,102.7,774.08
5568,48.8,272.75,90.9,9840
5569,48.8,272.75,91.9,82000
5570,48.8,272.75,101.3,164000
5571,48.8,272.75,88.7,82000
5572,48.7202777777778,267.573055555556,89.9,16.4
5573,44.0530555555556,279.678333333333,102.5,0
5574,48.5241666666667,270.885277777778,103.5,16.4
5575,50.0738888888889,267.975277777778,95.3,820
5576,50.1047222222222,268.080555555556,91.9,16.4
5577,50.1016666666667,268.078888888889,104.5,80.36
5578,50.1,268.083055555556,98.5,9840
5579,50.1,268.083055555556,100.1,164000
5580,49.4286111111111,265.9375,95.7,2132
5581,49.3972222222222,265.925555555556,91.1,82
5582,51.1597222222222,268.417777777778,90.1,16.4
5583,51.1597222222222,268.417777777778,91.9,16.4
5584,49.2833333333333,278.366944444444,101.9,164000
5585,49.2755555555556,278.375555555556,94.7,410
5586,49.2808333333333,278.377777777778,101.9,3.28
5587,43.1852777777778,280.801388888889,93.3,44.28
5588,43.1194444444444,280.750277777778,103.7,0
5589,43.0986111111111,280.7375,105.7,82000
5590,43.0986111111111,280.7375,97.7,82000
5591,42.7897222222222,278.833888888889,94.1,2410.8
5592,46.3747222222222,280.075555555556,99.3,2214
5593,46.3866666666667,280.165555555556,97.1,10660
5594,46.5008333333333,278.98,105.3,164000
5595,46.5008333333333,278.98,105.3,8200
5596,46.5008333333333,278.98,92.7,164000
5597,46.5008333333333,278.98,92.7,8200
5598,46.5233333333333,279.000277777778,102.9,54.12
5599,46.4944444444445,279.012777777778,101.7,82
5600,46.4247222222222,278.985277777778,96.7,2132
5601,46.4663888888889,279.027222222222,101.1,82
5602,46.5,279.000277777778,88.5,164000
5603,46.5,279.000277777778,101.1,164000
5604,47.5913888888889,277.2475,96.9,410
5605,47.0688888888889,280.212222222222,106.1,82
5606,47.0583333333333,280.220833333333,92.1,1.64
5607,48.7833333333333,272.866666666667,105.9,164000
5608,42.5641666666667,278.125555555556,104.3,82
5609,46.25,276.45,88.9,82000
5610,48.5505555555556,270.776388888889,89.3,0
5611,48.5505555555556,270.776388888889,89.3,0
5612,48.5505555555556,270.776388888889,101.7,0
5613,48.5505555555556,270.776388888889,101.7,0
5614,48.5241666666667,270.885277777778,94.3,0
5615,48.4416666666667,270.765833333333,94.3,0
5616,48.4386111111111,270.756111111111,98.1,82
5617,48.4083333333333,270.766666666667,106.5,164000
5618,48.4083333333333,270.766666666667,107.9,164000
5619,48.4494444444444,278.700833333333,102.3,52.48
5620,48.4730555555556,278.672222222222,106.7,82
5621,48.4736111111111,278.673055555556,94.3,82
5622,48.4833333333333,278.666944444444,100.3,164000
5623,48.4666666666667,278.703055555556,103.3,82000
5624,43.6425,280.612777777778,94.1,62320
5625,43.6488888888889,280.618333333333,96.7,36.08
5626,43.6425,280.612777777778,98.1,72160
5627,43.7580555555556,280.563055555555,91.9,2886.4
5628,43.6425,280.612777777778,100.7,13940
5629,43.655,280.585,100.7,377.2
5630,43.6488888888889,280.618333333333,105.1,308.32
5631,43.6511111111111,280.615277777778,103.9,175.48
5632,43.6425,280.612777777778,91.1,65600
5633,43.7155555555556,280.592222222222,91.1,1941.76
5634,49.0522222222222,269.495,91.1,9840
5635,44.0744444444445,280.835277777778,105.5,610.08
5636,48.6119444444445,280.016111111111,89.5,27.88
5637,44.0905555555556,278.793055555556,96.1,82000
5638,42.6275,277.688333333333,99.1,1640
5639,42.5905555555556,277.522777777778,98.3,82
5640,53.8166666666667,270.5,91.9,16.4
5641,44.4808333333333,279.984722222222,97.7,1148
5642,43.4822222222222,279.461388888889,102.7,410
5643,48.0202777777778,275.248888888889,90.7,0
5644,48.0202777777778,275.248888888889,107.1,344.4
5645,48.0202777777778,275.264444444444,98.7,164000
5646,48.0202777777778,275.264444444444,106.3,82000
5647,48.0202777777778,275.264444444444,89.1,82000
5648,47.9922222222222,275.229166666667,100.7,0
5649,52.95,268.653888888889,91.9,16.4
5650,52.9855555555556,272.643611111111,91.9,13.12
5651,42.9833333333333,280.750277777778,107.5,4920
5652,48.5875,274.729166666667,100.7,0
5653,48.5833333333333,274.716666666667,94.5,9840
5654,50.3025,270.961388888889,89.9,16.4
5655,45.4883333333333,281.793888888889,98.5,265.68
5656,44.7436111111111,279.095833333333,103.7,82000
5657,45.5094444444445,282.459444444444,104.5,57.4
5658,42.1533333333333,277.046944444444,89.9,164000
5659,42.3083333333333,276.991666666667,107.9,4920
5660,42.2972222222222,276.974722222222,90.5,2397.68
5661,43.8833333333333,278.683611111111,104.3,9840
5662,43.1030555555556,279.228888888889,94.3,60.68
5663,43.1036111111111,279.225833333333,103.9,83640
5664,43.1036111111111,279.225833333333,103.9,83640
5665,52.9347222222222,270.722222222222,91.9,16.4
5666,46.2333333333333,296.8675,106.3,9840
5667,46.2122222222222,296.658611111111,90.3,82000
5668,46.7,295.784166666667,106.1,9840
5669,46.8944444444445,295.851944444444,98.9,9840
5670,46.4,296.2175,103.5,9840
5671,46.4602777777778,295.947222222222,106.9,283.72
5672,45.9622222222222,297.246111111111,91.1,0
5673,45.6522222222222,287.434166666667,90.1,1.64
5674,50.2352777777778,297.943055555556,92.9,9840
5675,50.2166666666667,297.9175,94.9,9840
5676,50.2166666666667,297.9175,97.9,9840
5677,60.8083333333333,281.808611111111,94.1,21.32
5678,48.5666666666667,281.883611111111,93.3,164000
5679,48.5666666666667,281.883611111111,97.3,164000
5680,48.4666666666667,292.5675,103.3,9840
5681,46.7125,289.342777777778,103.9,2279.6
5682,47.4238888888889,289.475277777778,104.9,0
5683,47.4238888888889,289.475277777778,104.9,0
5684,47.4305555555556,289.473888888889,94.1,0
5685,47.4261111111111,289.476666666667,92.1,0
5686,49.2166666666667,291.833888888889,92.5,82000
5687,49.2330555555556,291.858611111111,97.1,6899.48
5688,49.2330555555556,291.858333333333,103.5,9840
5689,48.9377777777778,291.345277777778,95.1,1.64
5690,48.3666666666667,291.300555555556,105.9,9840
5691,51.3333333333333,302.967777777778,92.3,9840
5692,51.3333333333333,302.967777777778,93.3,9840
5693,54.4469444444444,289.483611111111,92.1,608.44
5694,54.4469444444444,289.483611111111,94.9,619.92
5695,45.4744444444444,288.054444444444,93.1,1.64
5696,45.5938888888889,284.598888888889,107.5,410
5697,52.0933333333333,284.766388888889,92.7,9840
5698,50.4277777777778,284.957222222222,92.3,9840
5699,52.8369444444444,285.086666666667,92.9,9840
5700,54.7861111111111,290.008888888889,107.7,9840
5701,53.7563888888889,282.443611111111,98.1,9840
5702,53.7191666666667,284.004444444444,100.5,9840
5703,51.1486111111111,284.808611111111,92.5,9840
5704,52.1916666666667,283.925833333333,104.7,0
5705,52.1916666666667,283.925833333333,91.3,1066
5706,52.1916666666667,283.925833333333,94.5,1066
5707,52.1916666666667,283.925833333333,97.9,1066
5708,52.1916666666667,283.925833333333,100.9,1066
5709,47.3825,298.080833333333,92.7,10332
5710,47.3825,298.080833333333,92.7,1771.2
5711,48.1352777777778,293.884166666667,88.1,82000
5712,48.1352777777778,293.884166666667,95.7,164000
5713,48.35,292.7675,106.3,9840
5714,48.35,292.7675,107.9,4920
5715,50.3547222222222,287.229444444444,89.9,82
5716,51.74,283.903333333333,92.3,0
5717,51.74,283.903333333333,93.1,0
5718,54.4725,289.442777777778,92.1,9840
5719,54.4725,289.442777777778,94.3,9840
5720,54.1566666666667,287.466666666667,92.5,9840
5721,54.1566666666667,287.466666666667,94.7,9840
5722,54.5563888888889,288.710555555556,93.9,9840
5723,54.5563888888889,288.710555555556,96.3,9840
5724,53.6938888888889,281.454722222222,95.9,9840
5725,53.6938888888889,281.454722222222,93.9,9840
5726,49.7833333333333,285.133888888889,94.5,9840
5727,45.9166666666667,282.933611111111,95.3,9840
5728,45.4427777777778,284.267222222222,104.1,1935.2
5729,49.8747222222222,285.617222222222,91.9,688.8
5730,49.8747222222222,285.617222222222,90.3,688.8
5731,49.8747222222222,285.617222222222,88.9,9840
5732,49.8833333333333,285.650555555556,107.9,82000
5733,48.6011111111111,289.171111111111,96.9,78064
5734,48.6011111111111,289.171111111111,106.7,18105.6
5735,48.6011111111111,289.171111111111,94.5,78064
5736,49.1875,295.141111111111,103.1,0
5737,49.1911111111111,295.128333333333,98.9,410
5738,48.1091666666667,284.640833333333,92.3,410
5739,45.0525,288.296388888889,96.7,2325.52
5740,45.0533333333333,288.298888888889,93.3,9840
5741,45.1266666666667,287.351666666667,101.9,0
5742,45.9725,286.522222222222,106.5,1.64
5743,47.5505555555556,291.270555555556,95.5,20457.36
5744,47.55,291.333888888889,105.7,9840
5745,48.8855555555556,287.659166666667,89.5,9840
5746,48.8833333333333,287.767222222222,97.7,82000
5747,48.8833333333333,287.767222222222,105.9,82000
5748,52.1305555555556,281.830555555556,104.1,0
5749,48.0552777777778,293.546944444444,98.1,0
5750,46.7,284.550277777778,100.9,9840
5751,52.82,292.909444444444,105.1,26.24
5752,52.82,292.909444444444,105.1,26.24
5753,52.82,292.909444444444,100.5,0
5754,52.82,292.909444444444,100.5,0
5755,52.82,292.909444444444,106.7,9840
5756,52.82,292.909444444444,92.1,9840
5757,48.8480555555556,295.456666666667,97.3,70.52
5758,48.7675,290.906388888889,99.7,0
5759,48.7716666666667,290.893888888889,92.9,9840
5760,48.7716666666667,290.893888888889,95.9,9840
5761,48.7716666666667,290.893888888889,91.3,9840
5762,48.7716666666667,290.893888888889,102.5,9840
5763,45.8416666666667,283.258611111111,107.5,9840
5764,51.9058333333333,291.887777777778,100.7,9840
5765,51.9058333333333,291.887777777778,105.5,9840
5766,51.9058333333333,291.887777777778,106.3,9840
5767,51.9058333333333,291.887777777778,107.9,9840
5768,48.8375,295.508055555556,99.3,4165.6
5769,48.8375,295.507777777778,103.1,9840
5770,48.8333333333333,295.5175,106.7,9840
5771,48.8333333333333,295.5175,106.7,9840
5772,45.4427777777778,284.267222222222,96.5,2870
5773,49.2166666666667,294.8225,92.7,0
5774,49.2261111111111,294.874722222222,98.5,410
5775,49.2552777777778,294.449444444444,92.7,13.12
5776,53.4930555555556,284.973055555556,92.1,0
5777,53.4930555555556,284.973055555556,98.5,0
5778,50.4933333333333,300.520555555556,97.7,0
5779,50.5005555555556,300.512777777778,104.5,9840
5780,50.2727777777778,296.3225,92.7,9840
5781,50.2727777777778,296.3225,102.9,9840
5782,50.2727777777778,296.3225,103.7,9840
5783,45.4061111111111,285.800555555556,106.7,2328.8
5784,45.4061111111111,285.800555555556,106.7,2328.8
5785,45.4363888888889,284.265,92.3,1.64
5786,47.3841666666667,298.083333333333,93.5,0
5787,47.3841666666667,298.083333333333,95.3,0
5788,58.4527777777778,281.891944444444,103.5,9840
5789,58.4563888888889,281.896111111111,97.9,16.4
5790,58.4530555555556,281.888611111111,94.1,6.56
5791,62.4175,282.086666666667,94.1,21.32
5792,49.4555555555556,281.669166666667,89.3,9840
5793,49.4555555555556,281.669166666667,90.1,9840
5794,45.3811111111111,286.341111111111,89.9,590.4
5795,45.4,286.310277777778,103.7,410
5796,58.6916666666667,294.048611111111,92.1,16.4
5797,58.6916666666667,294.048611111111,89.9,1.64
5798,58.695,294.0475,94.1,21.32
5799,61.6875,286.318333333333,88.5,173.84
5800,61.6875,286.318333333333,93.5,173.84
5801,53.8338888888889,286.485833333333,93.1,260.76
5802,53.8338888888889,286.485833333333,100.1,255.84
5803,62.0394444444444,285.943055555556,98.5,246
5804,58.1088888888889,291.588888888889,105.1,82
5805,55.2797222222222,282.248888888889,105.1,82
5806,46.4166666666667,285.133611111111,96.3,9840
5807,49.0741666666667,295.46,95.3,0
5808,49.0733333333333,295.462222222222,93.1,9840
5809,45.8252777777778,286.575833333333,104.7,1.64
5810,53.7247222222222,281.416388888889,93.1,168.92
5811,53.7247222222222,281.416388888889,101.7,167.28
5812,53.7247222222222,281.416388888889,106.1,167.28
5813,53.7191666666667,284.006388888889,93.1,134.48
5814,53.7191666666667,284.006388888889,99.5,129.56
5815,48.3080555555556,289.077777777778,99.7,139.4
5816,45.9641666666667,289.059722222222,92.7,1.64
5817,47.6833333333333,289.865277777778,99.3,1344.8
5818,47.6833333333333,289.865277777778,105.9,164
5819,45.4022222222222,288.746111111111,88.5,1.64
5820,47.3491666666667,290.039444444444,97.5,41262.4
5821,47.3491666666667,290.039444444444,97.5,4126.24
5822,50.2161111111111,299.331944444444,90.1,1.64
5823,50.6666666666667,301.001111111111,99.3,9840
5824,47.4233333333333,287.236388888889,97.1,26563.08
5825,47.4236111111111,287.236944444444,88.5,9840
5826,47.4236111111111,287.236944444444,89.3,9840
5827,47.4236111111111,287.236944444444,91.5,9840
5828,47.45,287.217222222222,101.9,9840
5829,50.5513888888889,296.586111111111,97.7,11.48
5830,50.5513888888889,296.586111111111,99.7,11.48
5831,48.4166666666667,292.650833333333,104.5,82000
5832,52.6691666666667,283.35,105.5,9840
5833,52.6691666666667,283.35,95.1,9840
5834,46.4,289.500555555556,91.5,9840
5835,51.1155555555556,296.570833333333,95.1,36.08
5836,51.1155555555556,296.570833333333,97.1,36.08
5837,51.1155555555556,296.570833333333,99.1,36.08
5838,51.1155555555556,296.570833333333,101.1,36.08
5839,45.5302777777778,289.211666666667,94.5,9840
5840,45.5302777777778,289.211666666667,104.1,9840
5841,48.0588888888889,282.648333333333,95.3,160.72
5842,54.5883333333333,288.7225,100.7,1603.92
5843,54.5883333333333,288.7225,103.9,1603.92
5844,45.4283333333333,286.338888888889,100.1,180.4
5845,49.0533333333333,283.020555555556,97.9,82
5846,49.0688888888889,282.979722222222,88.9,9840
5847,49.0688888888889,282.979722222222,91.1,9840
5848,49.0688888888889,282.979722222222,99.1,9840
5849,48.1111111111111,290.976388888889,94.9,4196.76
5850,49.0175,293.055277777778,103.1,0
5851,46.8075,288.783333333333,102.1,14956.8
5852,48.1,282.216944444444,94.3,164000
5853,48.1,282.216944444444,98.7,82000
5854,46.3136111111111,287.064166666667,103.1,3854
5855,46.2566666666667,287.059166666667,90.9,1.64
5856,51.4213888888889,302.823055555556,89.9,291.92
5857,46.8213888888889,288.503888888889,102.9,23573.36
5858,47.3841666666667,298.083333333333,91.7,82000
5859,47.3841666666667,298.083333333333,94.5,82000
5860,45.3119444444444,287.758333333333,106.1,2624
5861,50.2980555555556,295.4675,100.7,9840
5862,50.3166666666667,295.500833333333,102.5,9840
5863,50.3166666666667,295.500833333333,104.9,9840
5864,48.1994444444444,281.8775,99.5,9840
5865,50.22,293.795,104.5,9840
5866,46.3630555555556,283.978888888889,103.9,82
5867,47.2233333333333,285.604444444444,103.5,36.08
5868,47.2238888888889,285.605277777778,93.1,65.6
5869,47.2233333333333,285.604444444444,102.7,9840
5870,48.1988888888889,294.078333333333,101.7,16.4
5871,49.2166666666667,293.9175,93.7,9840
5872,49.7605555555556,282.373333333333,99.9,59.04
5873,49.7341666666667,282.321111111111,88.5,9840
5874,49.7341666666667,282.321111111111,89.7,9840
5875,49.7341666666667,282.321111111111,90.5,9840
5876,49.7341666666667,282.321111111111,100.9,9840
5877,48.8333333333333,292.639166666667,107.5,0
5878,48.8316666666667,292.636111111111,95.3,23944
5879,48.8316666666667,292.636111111111,105.3,49200
5880,47.9722222222222,293.038055555556,101.7,439.52
5881,47.9666666666667,293.050833333333,105.9,9840
5882,47.9872222222222,292.920833333333,107.3,9840
5883,48.425,288.125555555556,101.7,9840
5884,51.4647222222222,302.507777777778,93.1,14.76
5885,50.2905555555556,295.970555555556,89.9,16.4
5886,50.4147222222222,286.133333333333,100.7,126.28
5887,50.4147222222222,286.133333333333,100.7,126.28
5888,50.4,286.133888888889,94.3,9840
5889,50.4122222222222,286.135555555556,106.5,82
5890,48.5833333333333,291.817222222222,106.7,82000
5891,46.5602777777778,284.294722222222,89.5,9840
5892,46.55,284.500277777778,107.9,9840
5893,49.2202777777778,294.24,92.7,0
5894,49.2333333333333,294.2675,106.9,9840
5895,52.7555555555556,292.694722222222,88.1,16.4
5896,52.7555555555556,292.694722222222,90.5,16.4
5897,52.7555555555556,292.694722222222,95.1,16.4
5898,46.9813888888889,289.444166666667,91.5,1.64
5899,45.5055555555556,286.408333333333,97.7,67568
5900,45.5055555555556,286.408333333333,97.7,836.4
5901,45.5594444444444,286.448055555556,101.5,1430.08
5902,45.5055555555556,286.408333333333,89.3,0
5903,45.5055555555556,286.408333333333,95.9,67568
5904,45.5055555555556,286.408333333333,95.9,836.4
5905,45.5055555555556,286.408333333333,99.5,14268
5906,45.5052777777778,286.408333333333,99.5,385.4
5907,45.5030555555556,286.403333333333,106.3,646.16
5908,45.5033333333333,286.403611111111,91.9,2919.2
5909,45.65,286.285555555556,94.3,76096
5910,48.9655555555556,294.522222222222,97.7,160.72
5911,48.9655555555556,294.522222222222,97.7,160.72
5912,48.9655555555556,294.522222222222,99.5,160.72
5913,48.9655555555556,294.522222222222,99.5,160.72
5914,48.9469444444444,294.483888888889,103.1,82
5915,48.9625,294.5225,104.7,101.68
5916,48.9655555555556,294.522222222222,92.1,9840
5917,50.1291666666667,298.194722222222,89.1,1.64
5918,51.6847222222222,283.743611111111,99.9,688.8
5919,51.6925,283.754166666667,103.1,0
5920,54.155,287.443055555556,92.5,1626.88
5921,54.155,287.443055555556,94.7,1626.88
5922,48.6558333333333,285.061944444444,92.9,136.12
5923,51.4266666666667,302.165555555556,99.1,9840
5924,51.4266666666667,302.165555555556,99.9,9840
5925,48.5166666666667,295.784166666667,102.3,164000
5926,48.5272222222222,295.756388888889,91.1,82000
5927,48.5272222222222,295.756388888889,100.9,9840
5928,48.5266666666667,295.756388888889,91.9,721.6
5929,49.2216666666667,294.953055555556,99.9,410
5930,45.4861111111111,289.095833333333,89.1,1.64
5931,47.4602777777778,290.866944444444,92.1,0
5932,47.4605555555556,290.866944444444,92.1,0
5933,47.4583333333333,290.783888888889,92.3,9840
5934,48.5763888888889,287.768611111111,107.3,82
5935,48.1402777777778,295.016111111111,99.7,9840
5936,47.5163888888889,285.074444444444,103.9,8.2
5937,47.5163888888889,285.074444444444,99.9,8.2
5938,60.0394444444444,282.731111111111,103.5,9840
5939,60.0397222222222,282.725555555556,94.1,19.68
5940,46.8227777777778,288.504722222222,93.3,54054.4
5941,53.7963888888889,282.3625,103.1,0
5942,53.7788888888889,282.455555555556,92.3,0
5943,46.2,282.316944444444,99.1,9840
5944,48.0144444444444,293.310555555556,105.1,516.6
5945,48.3277777777778,291.164722222222,101.5,0
5946,48.3277777777778,291.164722222222,101.5,0
5947,48.45,291.467222222222,89.9,9840
5948,48.3755555555556,291.405277777778,91.7,9840
5949,51.4786111111111,302.271111111111,93.1,13.12
5950,51.4791666666667,302.284444444444,93.9,9840
5951,51.4791666666667,302.284444444444,105.9,9840
5952,50.2711111111111,295.259166666667,97.7,0
5953,48.9977777777778,295.568888888889,91.5,0
5954,48.9977777777778,295.568888888889,97.9,95.12
5955,48.9833333333333,295.6175,92.7,9840
5956,47.5769444444444,290.617222222222,90.7,0
5957,47.8577777777778,290.446944444444,103.1,0
5958,47.5775,290.618055555556,107.1,164000
5959,47.8577777777778,290.446944444444,107.9,0
5960,47.5775,290.618055555556,107.1,164000
5961,47.84,290.488333333333,100.7,9840
5962,48.5166666666667,287.783888888889,103.5,9840
5963,48.2333333333333,280.983611111111,106.9,164000
5964,48.3013888888889,280.9475,88.7,5576
5965,62.2036111111111,284.364722222222,103.5,9840
5966,46.6297222222222,289.034444444444,105.5,52.48
5967,47.1536111111111,289.748611111111,100.1,0
5968,47.6491666666667,291.250555555556,97.1,0
5969,62.2036111111111,284.364722222222,105.1,9840
5970,62.2044444444444,284.358055555556,94.1,19.68
5971,54.8,293.148055555556,103.1,0
5972,54.8,293.148055555556,103.1,0
5973,54.8,293.148055555556,91.1,0
5974,54.8,293.147222222222,91.1,0
5975,54.8047222222222,293.186388888889,106.9,0
5976,54.8080555555556,293.177222222222,89.9,1.64
5977,54.8,293.150833333333,104.7,9840
5978,54.8,293.150833333333,105.9,9840
5979,54.8,293.150833333333,92.1,9840
5980,48.3902777777778,282.761111111111,101.7,410
5981,48.4166666666667,282.750277777778,106.5,9840
5982,50.1488888888889,293.530833333333,96.1,32636
5983,50.22,293.597222222222,90.1,1.64
5984,50.1488888888889,293.530833333333,88.3,82000
5985,50.2,293.6175,105.7,164000
5986,50.2,293.6175,106.5,164000
5987,46.5194444444444,287.255,88.9,1.64
5988,46.5233333333333,287.248055555556,90.7,1.64
5989,45.3975,288.162222222222,89.7,8692
5990,45.3975,288.162222222222,91.7,8528
5991,45.4125,288.090833333333,88.1,1.64
5992,45.3119444444444,287.758333333333,102.7,7380
5993,45.3908333333333,288.105,94.5,0
5994,46.0425,286.883333333333,101.7,4920
5995,47.8911111111111,291.234722222222,92.1,0
5996,47.8911111111111,291.234722222222,92.1,0
5997,47.6083333333333,289.455833333333,101.3,9840
5998,47.4333333333333,290.583888888889,99.9,9840
5999,51.2366666666667,301.359444444444,102.3,31.16
6000,51.2366666666667,301.359444444444,102.3,6.56
6001,51.2366666666667,301.359444444444,107.3,31.16
6002,51.2366666666667,301.359444444444,107.3,6.56
6003,51.1666666666667,301.401111111111,97.5,9840
6004,51.1666666666667,301.401111111111,105.1,9840
6005,51.2388888888889,301.357777777778,93.5,106.6
6006,47.2166666666667,289.817222222222,104.3,82000
6007,46.6563888888889,289.853055555556,93.7,1364.48
6008,48.65,287.550555555556,102.3,9840
6009,46.1588888888889,289.252777777778,99.7,164000
6010,46.1,289.306666666667,97.7,9840
6011,46.1166666666667,289.325,92.1,1.64
6012,47.2166666666667,289.733888888889,92.9,9840
6013,46.1166666666667,285.400555555556,92.9,4920
6014,46.5988888888889,286.099444444444,90.9,764.24
6015,46.5988888888889,286.099444444444,90.9,636.32
6016,46.9313888888889,290.178333333333,88.7,0
6017,46.9313888888889,290.178333333333,88.7,0
6018,46.9666666666667,290.217222222222,98.5,9840
6019,47.5333333333333,290.200555555556,93.9,9840
6020,46.8833333333333,288.167222222222,89.5,4920
6021,46.8833333333333,288.167222222222,89.5,4920
6022,46.7333333333333,287.433888888889,105.9,9840
6023,46.9577777777778,289.027222222222,96.7,0
6024,46.9577777777778,289.027222222222,96.7,0
6025,46.9577777777778,289.027222222222,89.9,0
6026,46.9577777777778,289.027222222222,89.9,0
6027,49.1363888888889,293.663333333333,100.3,4116.4
6028,49.1019444444444,293.713611111111,101.9,9840
6029,46.625,288.245833333333,105.5,0
6030,49.2025,293.858333333333,92.7,0
6031,47.0577777777778,290.074166666667,101.1,0
6032,47.4577777777778,290.866388888889,96.7,0
6033,47.4577777777778,290.866388888889,93.5,0
6034,48.1227777777778,290.281666666667,99.7,0
6035,58.6936111111111,290.073333333333,94.1,24.6
6036,46.7216666666667,280.924444444444,92.1,0
6037,46.7144444444445,280.8775,97.9,9840
6038,50.705,300.69,103.5,36.08
6039,50.705,300.69,103.5,6.56
6040,50.6666666666667,300.767777777778,96.3,9840
6041,50.6666666666667,300.767777777778,106.7,9840
6042,46.1147222222222,288.593888888889,88.5,4920
6043,48.1052777777778,290.829722222222,104.9,0
6044,48.1052777777778,290.829722222222,93.9,0
6045,48.1083333333333,290.833888888889,97.9,9840
6046,46.5027777777778,287.363055555556,96.5,103320
6047,46.5027777777778,287.363055555556,102.3,1943.4
6048,46.3683333333333,287.502777777778,89.9,3444
6049,46.4908333333333,287.350555555556,88.1,82000
6050,46.6411111111111,280.926944444444,103.1,2460
6051,48.105,282.203055555556,92.5,82
6052,48.4205555555556,282.154444444444,88.3,82000
6053,48.1,282.216944444444,94.3,164000
6054,48.1,282.216944444444,98.7,82000
6055,48.1994444444444,281.8775,101.1,82000
6056,47.3716666666667,280.589722222222,103.7,9840
6057,47.2544444444444,280.623055555556,89.1,0
6058,47.3716666666667,280.589722222222,106.5,9840
6059,47.3716666666667,280.589722222222,106.5,9840
6060,47.3716666666667,280.589722222222,97.7,9840
6061,47.3716666666667,280.589722222222,93.9,9840
6062,49.1038888888889,280.861388888889,91.1,9840
6063,49.1038888888889,280.861388888889,98.5,9840
6064,51.4766666666667,281.309444444444,92.5,0
6065,45.7013888888889,288.536388888889,92.7,1.64
6066,45.7561111111111,288.586111111111,98.5,1.64
6067,53.0088888888889,281.25,99.7,0
6068,52.7030555555556,283.876666666667,99.7,32.8
6069,45.5702777777778,287.996944444444,88.1,1.64
6070,45.3855555555556,289.137222222222,88.1,1.64
6071,53.3688888888889,253.068888888889,104.9,78.72
6072,49.3877777777778,258.119722222222,99.1,9840
6073,49.6333333333333,254.015833333333,106.3,164000
6074,59.6277777777778,250.982222222222,88.1,16.4
6075,52.8372222222222,253.688611111111,97.3,44.28
6076,55.0497222222222,252.242222222222,101.5,3198
6077,55.1469444444444,252.388611111111,96.5,82
6078,55.1461111111111,252.388333333333,94.1,67.24
6079,55.0497222222222,252.242222222222,91.3,82000
6080,49.5152777777778,258.418611111111,91.9,7708
6081,49.5152777777778,258.418611111111,90.5,9840
6082,49.5152777777778,258.418611111111,93.1,9840
6083,53.8277777777778,252.970833333333,97.5,2296
6084,53.8277777777778,252.970833333333,92.5,2296
6085,52.0666666666667,251.999166666667,93.9,9840
6086,52.1427777777778,253.568611111111,100.3,59.04
6087,53.3075,254.271944444444,100.1,82
6088,55.9444444444444,251.438888888889,103.5,665.84
6089,49.7561111111111,257.7225,97.7,77.08
6090,53.2830555555556,256.410833333333,99.7,73.8
6091,50.5705555555556,257.345833333333,98.1,82
6092,53.9425,257.716111111111,94.9,188.6
6093,53.9572222222222,257.730555555556,89.9,49.2
6094,53.9425,257.716111111111,100.9,9840
6095,49.6569444444444,250.486666666667,91.3,82000
6096,49.6569444444444,250.486666666667,99.1,82000
6097,49.6569444444444,250.486666666667,98.1,9840
6098,49.6588888888889,250.503611111111,103.7,77.08
6099,51.8533333333333,255.465833333333,100.3,70520
6100,51.2677777777778,253.893611111111,89.3,82000
6101,51.2677777777778,253.893611111111,103.3,82000
6102,51.2677777777778,253.893611111111,90.9,82000
6103,51.2677777777778,253.893611111111,99.5,82000
6104,53.5541666666667,253.086111111111,94.5,9840
6105,53.5541666666667,253.086111111111,95.7,9840
6106,53.5541666666667,253.086111111111,100.5,9840
6107,54.6563888888889,257.924444444444,94.3,205
6108,54.4925,257.924444444444,107.7,9840
6109,52.2297222222222,250.305833333333,90.7,9840
6110,52.2297222222222,250.305833333333,100.3,9840
6111,55.9333333333333,251.065833333333,97.7,72.16
6112,49.405,256.645555555556,88.3,82000
6113,49.405,256.645555555556,89.9,82000
6114,49.405,256.645555555556,90.9,82000
6115,49.1327777777778,257.025833333333,92.3,78.72
6116,51.6366666666667,256.461666666667,99.3,77.08
6117,59.3188888888889,252.814166666667,89.9,0
6118,59.3811111111111,252.855833333333,100.1,1277.56
6119,59.3811111111111,252.855833333333,89.9,9840
6120,49.8669444444444,253.614444444444,107.1,68880
6121,49.8669444444444,253.614444444444,107.1,68880
6122,54.2836111111111,252.198888888889,94.9,0
6123,52.4661111111111,256.496111111111,102.3,82000
6124,52.4675,256.495277777778,96.1,9840
6125,52.4675,256.495277777778,98.1,9840
6126,52.8566666666667,257.611666666667,98.1,62.32
6127,52.8541666666667,257.508888888889,90.9,9840
6128,52.8541666666667,257.508888888889,91.9,9840
6129,52.8541666666667,257.508888888889,89.1,9840
6130,52.2583333333333,254.613611111111,107.5,100040
6131,52.2,254.8825,94.3,9840
6132,55.5069444444444,252.018055555556,105.1,660.92
6133,55.4583333333333,252.121388888889,92.5,82
6134,55.5069444444444,252.018055555556,88.5,9840
6135,55.4963888888889,257.699722222222,105.1,180.4
6136,55.4963888888889,257.699722222222,89.1,9840
6137,53.1266666666667,255.146944444444,96.5,0
6138,51.7163888888889,257.091111111111,97.5,77.08
6139,51.6794444444444,251.309166666667,104.9,70520
6140,51.45,250.8325,104.9,164000
6141,56.4838888888889,250.562777777778,95.5,134.48
6142,56.4838888888889,250.562777777778,88.3,82000
6143,55.1227777777778,254.715833333333,105.9,131.2
6144,55.1227777777778,254.715833333333,88.1,9840
6145,50.9105555555556,250.461111111111,91.5,9840
6146,50.9105555555556,250.461111111111,89.5,82000
6147,50.9105555555556,250.461111111111,92.5,82000
6148,53.6069444444444,252.444722222222,103.9,82000
6149,53.3963888888889,249.991666666667,91.3,82000
6150,53.2666666666667,249.999166666667,103.3,164000
6151,53.2666666666667,249.999166666667,107.3,164000
6152,53.3963888888889,249.991666666667,92.3,82000
6153,53.2805555555556,249.999166666667,100.7,164000
6154,53.3963888888889,249.991666666667,95.9,82000
6155,49.4366666666667,252.918611111111,92.3,9840
6156,49.4366666666667,252.918611111111,95.3,9840
6157,49.9811111111111,250.533611111111,103.5,63.96
6158,49.9227777777778,250.538333333333,104.5,77.08
6159,49.9222222222222,250.538055555556,100.9,77.08
6160,49.9166666666667,250.549166666667,107.9,164000
6161,54.0916666666667,251.546944444444,89.9,60.68
6162,53.8855555555556,251.590277777778,89.9,82000
6163,53.8855555555556,251.590277777778,90.9,82000
6164,53.8855555555556,251.590277777778,91.9,82000
6165,54.1333333333333,251.565833333333,96.3,82000
6166,53.0569444444444,255.39,105.1,70520
6167,52.8394444444445,255.680833333333,88.5,9840
6168,52.8666666666667,255.399166666667,105.9,82000
6169,52.8394444444445,255.680833333333,98.5,9840
6170,50.9166666666667,257.199444444444,101.9,82000
6171,55.6013888888889,255.226944444444,105.9,24.6
6172,53.1744444444444,253.193333333333,93.7,77.08
6173,54.0458333333333,254.217222222222,93.3,334.56
6174,54.0544444444444,254.211666666667,89.9,0
6175,54.0458333333333,254.217222222222,96.3,9840
6176,50.4147222222222,254.463611111111,90.9,45.92
6177,50.3833333333333,254.465833333333,93.7,164000
6178,50.4191666666667,254.478055555556,95.9,75.44
6179,53.3352777777778,255.850833333333,89.5,82000
6180,53.3666666666667,255.999166666667,97.9,9840
6181,53.3352777777778,255.850833333333,107.9,82000
6182,53.3352777777778,255.850833333333,102.7,9840
6183,52.05,257.944444444444,88.1,9840
6184,52.05,257.944444444444,90.1,9840
6185,52.05,257.944444444444,91.3,9840
6186,52.7847222222222,251.700833333333,100.5,77.08
6187,52.8041666666667,251.410833333333,97.9,164000
6188,52.8041666666667,251.410833333333,93.3,164000
6189,52.7833333333333,251.715833333333,107.9,164000
6190,52.7608333333333,251.434722222222,101.3,9840
6191,52.7608333333333,251.434722222222,94.7,82000
6192,55.9166666666667,252.2775,105.5,134.48
6193,55.9166666666667,252.2775,91.7,9840
6194,55.2005555555556,257.089166666667,105.9,0
6195,55.2005555555556,257.089166666667,107.1,9840
6196,55.5233333333333,253.424166666667,94.1,141.04
6197,55.5233333333333,253.426944444444,88.9,9840
6198,49.7388888888889,252.734166666667,91.1,82000
6199,49.7388888888889,252.734166666667,103.7,82000
6200,53.1888888888889,254.156944444444,102.5,9840
6201,53.0575,254.156944444444,101.5,164000
6202,53.0652777777778,254.157222222222,88.1,34440
6203,53.0575,254.156944444444,91.1,82000
6204,53.2,254.2325,103.5,164000
6205,53.0575,254.156944444444,97.1,82000
6206,50.5116666666667,255.441944444444,104.9,164000
6207,50.3266666666667,255.378888888889,104.9,164000
6208,50.5116666666667,255.441944444444,104.9,42640
6209,50.5116666666667,255.441944444444,98.9,164000
6210,50.3536111111111,255.3775,98.9,4149.2
6211,50.5116666666667,255.441944444444,98.9,164000
6212,50.4519444444445,255.390833333333,91.3,787.2
6213,50.4166666666667,255.349166666667,107.9,164000
6214,50.4977777777778,255.360277777778,105.9,0
6215,55.525,257.685555555556,96.5,16.4
6216,55.525,257.685555555556,92.5,16.4
6217,52.1744444444444,253.564722222222,105.5,109119.04
6218,52.1291666666667,253.340277777778,91.7,80.36
6219,52.1816666666667,253.612777777778,98.3,164000
6220,52.1744444444444,253.564722222222,91.7,164000
6221,52.1327777777778,253.362777777778,89.7,82000
6222,52.1166666666667,253.365833333333,106.7,164000
6223,49.6666666666667,251.5825,106.7,164000
6224,49.5586111111111,251.535833333333,88.7,9840
6225,49.5586111111111,251.535833333333,90.7,9840
6226,53.2194444444445,253.620555555556,92.1,82
6227,53.4811111111111,257.363333333333,89.9,78.72
6228,56.3333333333333,256.64,91.7,697
6229,56.3333333333333,256.64,90.7,9840
6230,52.3333333333333,255.563055555556,93.9,9840
6231,55.3963888888889,255.409166666667,95.5,354.24
6232,55.41,255.43,98.5,82
6233,55.41,255.43,94.1,82
6234,55.3963888888889,255.409166666667,88.5,9840
6235,59.1861111111111,254.074166666667,88.1,82000
6236,51.6736111111111,251.5175,90.1,82000
6237,51.6736111111111,251.5175,91.1,82000
6238,51.6736111111111,251.5175,97.5,82000
6239,51.6736111111111,251.5175,97.5,82000
6240,50.3388888888889,252.209166666667,95.7,11742.4
6241,50.3388888888889,252.209166666667,101.7,109880
6242,50.3388888888889,252.209166666667,101.7,62320
6243,50.3086111111111,252.122777777778,88.3,82000
6244,50.3086111111111,252.122777777778,89.9,82000
6245,50.3086111111111,252.122777777778,91.9,82000
6246,50.2833333333333,252.165833333333,105.9,164000
6247,53.4811111111111,251.125555555556,97.3,77.08
6248,52.85,255.9325,103.1,9840
6249,59.5780555555556,251.403888888889,105.1,139.4
6250,59.5780555555556,251.403888888889,88.3,9840
6251,49.1861111111111,252.128611111111,94.7,9840
6252,49.1861111111111,252.128611111111,89.3,9840
6253,49.1861111111111,252.128611111111,92.9,9840
6254,50.2572222222222,258.040555555556,102.9,9512
6255,50.2833333333333,258.043888888889,91.1,9840
6256,50.2833333333333,258.043888888889,88.7,82000
6257,50.2833333333333,258.043888888889,93.5,82000
6258,50.2833333333333,258.043888888889,95.7,82000
6259,49.8102777777778,257.312222222222,101.5,164000
6260,49.8102777777778,257.312222222222,107.3,142680
6261,49.8102777777778,257.312222222222,107.3,91840
6262,53.8541666666667,253.896111111111,92.1,1804
6263,53.8541666666667,253.896111111111,90.5,1804
6264,49.6666666666667,256.151944444444,99.5,78.72
6265,49.6833333333333,256.132777777778,106.7,164000
6266,49.3861111111111,254.327777777778,99.7,82000
6267,49.3861111111111,254.327777777778,104.5,82000
6268,49.3861111111111,254.327777777778,96.5,9840
6269,49.3861111111111,254.327777777778,103.1,82000
6270,51.7083333333333,255.700555555556,97.3,82000
6271,51.7083333333333,255.700555555556,104.5,82000
6272,51.7658333333333,255.812777777778,103.1,82
6273,51.4297222222222,257.543611111111,94.1,164000
6274,51.2091666666667,257.266388888889,98.5,35260
6275,51.2091666666667,257.266388888889,89.7,82000
6276,51.2091666666667,257.266388888889,90.7,82000
6277,51.2166666666667,257.532777777778,96.5,164000
6278,51.2091666666667,257.266388888889,88.3,9840
6279,53.0172222222222,256.273333333333,93.5,2197.6
6280,53.0172222222222,256.273333333333,91.5,82000
6281,62.3811111111111,219.120555555556,90.5,1.64
6282,61.3572222222222,221.011666666667,90.5,4.92
6283,60.1788888888889,225.300555555556,90.5,4.92
6284,60.165,225.300555555556,105.5,4.92
6285,62.0830555555556,223.713055555556,90.5,4.92
6286,62.1258333333333,223.737777777778,98.7,16.4
6287,64.0577777777778,220.583888888889,104.9,0
6288,64.0497222222222,220.580833333333,92.1,164000
6289,64.0572222222222,220.5875,106.9,0
6290,64.0580555555556,220.582222222222,90.5,16.4
6291,61.3258333333333,221.051944444444,105.1,0
6292,61.2516666666667,221.196666666667,98.1,8.2
6293,62.2297222222222,226.664444444444,105.1,142.68
6294,62.2333333333333,226.647777777778,98.7,0
6295,62.2316666666667,226.641666666667,90.5,0
6296,63.4138888888889,223.316944444444,106.1,900.36
6297,60.7744444444444,222.483333333333,103.5,147.6
6298,60.8272222222222,222.494166666667,90.5,4.92
6299,60.8263888888889,222.493611111111,99.9,0
6300,60.7586111111111,222.476944444444,99.9,0
6301,60.8272222222222,222.494166666667,106.1,0
6302,60.8263888888889,222.494444444444,98.7,16.4
6303,62.0505555555556,219.409444444444,93.3,308.32
6304,60.4925,226.623888888889,90.5,41
6305,63.9083333333333,224.700277777778,90.5,1.64
6306,63.5958333333333,224.105833333333,90.5,16.4
6307,63.595,224.103611111111,98.7,16.4
6308,60.9105555555556,224.778611111111,98.7,16.4
6309,67.5691666666667,220.139722222222,90.5,4.92
6310,67.57,220.17,105.5,3.28
6311,62.8222222222222,223.4225,90.5,8.2
6312,62.8222222222222,223.4225,100.1,0
6313,61.975,227.553333333333,90.5,4.92
6314,60.5975,225.147777777778,93.3,4.92
6315,63.3713888888889,223.32,90.5,1.64
6316,63.3713888888889,223.32,93.3,1.64
6317,60.2666666666667,225.863055555556,106.7,82
6318,60.2747222222222,225.806111111111,90.5,1.64
6319,60.8555555555556,224.223611111111,90.5,16.4
6320,60.1741666666667,227.269722222222,90.5,4.92
6321,60.1741666666667,227.269722222222,98.7,16.4
6322,60.0527777777778,231.0925,98.1,1.64
6323,60.0625,231.281388888889,90.5,16.4
6324,60.0611111111111,231.289722222222,98.7,16.4
6325,60.0611111111111,231.292222222222,100.7,0
6326,60.6594444444445,225.115555555556,99.7,82000
6327,60.9172222222222,224.776666666667,95.3,0
6328,60.7363888888889,224.900277777778,100.7,82
6329,60.75,224.905833333333,92.5,82
6330,60.7330555555556,224.914444444444,92.5,164000
6331,64.3177777777778,263.998888888889,99.3,145.96
6332,56.2352777777778,242.734722222222,96.9,36080
6333,56.3466666666667,265.293333333333,99.9,0
6334,56.0266666666667,238.077222222222,103.1,0
6335,46.0522222222222,288.111111111111,101.9,1566.2
6336,51.6847222222222,283.743611111111,106.5,52.48
6337,50.1786111111111,273.293055555556,98.1,82
6338,55.9380555555556,230.008888888889,96.1,0
6339,54.785,232.836944444444,93.9,82
6340,51.6847222222222,283.743611111111,105.1,52.48
6341,45.4525,286.957222222222,103.5,49.2
6342,47.8169444444445,294.852777777778,94.1,36462.12
6343,45.3975,288.162222222222,90.7,17548
6344,45.3975,288.162222222222,90.7,1754.8
6345,50.58,233.080833333333,105.1,442.8
6346,55.0325,230.421666666667,96.1,0
6347,44.145,282.586388888889,95.5,2788
6348,47.7194444444445,279.667777777778,89.7,190.24
6349,47.7194444444445,279.667777777778,89.7,190.24
6350,45.5030555555556,284.149722222222,91.5,2687.96
6351,59.1888888888889,254.082222222222,93.3,2591.2
6352,53.5133333333333,246.715,105.9,0
6353,53.5133333333333,246.715,105.9,0
6354,49.9691666666667,261.625833333333,93.1,410
6355,49.9691666666667,261.625833333333,93.1,44280
6356,53.4247222222222,230.746111111111,96.1,0
6357,64.3177777777778,263.998888888889,99.3,145.96
6358,46.8213888888889,288.503888888889,98.1,65600
6359,46.7911111111111,288.755,98.1,1230
6360,51.4366666666667,243.812777777778,103.9,213.2
6361,49.4658333333333,256.156944444444,103.5,70520
6362,49.6611111111111,256.147222222222,103.5,410
6363,43.9627777777778,279.3,88.7,3083.2
6364,43.3644444444444,279.039444444444,107.1,0
6365,49.4658333333333,256.156944444444,106.7,70520
6366,49.6611111111111,256.147222222222,106.7,410
6367,50.275,240.728055555556,94.9,82
6368,49.0575,257.012222222222,106.1,70520
6369,49.1416666666667,257.004444444444,106.1,360.8
6370,49.1416666666667,257.004444444444,102.3,123
6371,49.0575,257.012222222222,102.3,70520
6372,50.2197222222222,293.618611111111,98.1,104.96
6373,48.3277777777778,291.164722222222,89.1,0
6374,48.3277777777778,291.164722222222,89.1,0
6375,45.5055555555556,286.408333333333,90.3,0
6376,45.505,286.408888888889,90.3,0
6377,48.8333333333333,292.639166666667,102.1,0
6378,49.6883333333333,276.331944444444,91.1,669.12
6379,49.6472222222222,276.486111111111,91.1,0
6380,49.7708333333333,262.489722222222,107.1,164000
6381,49.8869444444444,262.86,107.1,442.8
6382,49.7708333333333,262.489722222222,95.1,164000
6383,49.8869444444444,262.86,95.1,393.6
6384,49.5238888888889,263.332777777778,107.7,44280
6385,49.5047222222222,263.016944444444,96.7,82000
6386,54.4358333333333,233.3425,96.1,0
6387,59.1888888888889,254.082222222222,93.3,770.8
6388,46.5447222222222,275.681666666667,104.3,306.68
6389,46.5944444444444,275.65,104.3,39360
6390,46.5944444444444,275.65,104.3,164000
6391,46.7919444444444,288.816111111111,96.9,834.76
6392,48.9380555555556,234.453333333333,92.7,82
6393,48.9380555555556,234.453333333333,92.7,82
6394,50.6727777777778,239.645555555556,90.3,82
6395,63.7391666666667,291.444166666667,91.1,293.56
6396,49.7475,234.767777777778,100.7,0
6397,49.3544444444444,237.041666666667,106.3,7570.24
6398,49.3536111111111,237.042777777778,93.7,16260.6
6399,49.3536111111111,237.042777777778,93.7,52484.92
6400,45.4191666666667,284.295,95.7,14924
6401,46.5777777777778,299.016388888889,107.1,1328.4
6402,46.5777777777778,299.016388888889,107.1,318.16
6403,50.2663888888889,252.093888888889,94.1,70520
6404,45.0791666666667,295.185833333333,107.5,13300.4
6405,51.065,245.785833333333,88.1,164000
6406,53.6458333333333,245.996111111111,89.3,164000
6407,45.3975,288.162222222222,91.7,8528
6408,45.3975,288.162222222222,89.7,1738.4
6409,49.84,260.078611111111,107.5,4428
6410,69.4416666666667,226.995,99.9,410
6411,69.4416666666667,226.995,99.9,410
6412,49.0916666666667,242.178888888889,94.9,2000.8
6413,45.0791666666667,295.185833333333,107.5,4346
6414,46.5777777777778,299.016388888889,103.9,308.32
6415,46.5777777777778,299.016388888889,103.9,308.32
6416,45.5055555555556,286.407777777778,91.3,0
6417,47.5341666666667,307.176944444444,96.7,164000
6418,52.2902777777778,246.183611111111,101.3,0
6419,48.0827777777778,293.419444444444,92.3,3034
6420,48.0827777777778,293.419444444444,92.3,3034
6421,42.8466666666667,279.671944444444,99.7,19060.08
6422,51.2752777777778,279.351111111111,99.9,221.4
6423,51.2752777777778,279.351111111111,99.9,221.4
6424,51.6847222222222,283.743611111111,96.5,52.48
6425,43.0075,280.822222222222,89.1,1262.8
6426,45.53,286.340555555556,102.9,50.84
6427,43.9713888888889,280.754444444444,102.9,82
6428,47.4236111111111,287.236944444444,103.7,0
6429,47.4236111111111,287.236944444444,103.7,0
6430,48.8488888888889,236.468888888889,107.9,0
6431,50.0788888888889,236.985,96.9,0
6432,50.0788888888889,236.985,102.1,0
6433,47.5344444444444,307.210833333333,88.5,5087.28
6434,47.5344444444444,307.210833333333,88.5,5087.28
6435,48.4416666666667,270.758888888889,95.1,164
6436,48.4416666666667,270.758888888889,95.1,410
6437,45.7613888888889,283.416666666667,101.9,19516
6438,47.4236111111111,287.236944444444,101.9,0
6439,47.4236111111111,287.236944444444,101.9,0
6440,49.2330555555556,291.858611111111,93.7,3936
6441,49.2330555555556,291.858611111111,93.7,393.6
6442,56.3611111111111,242.641666666667,106.1,49200
6443,56.3611111111111,242.641666666667,94.9,101680
6444,49.2330555555556,291.858611111111,106.1,423.12
6445,49.2330555555556,291.858611111111,106.1,4223
6446,52.2427777777778,281.495833333333,89.9,68.88
6447,52.2427777777778,281.495833333333,106.5,68.88
6448,48.1405555555556,294.755277777778,107.1,5740
6449,48.0097222222222,294.667777777778,107.1,410
6450,49.7558333333333,262.780555555556,92.7,0
6451,50.6430555555556,266.766111111111,97.5,82
6452,48.9969444444444,295.569722222222,106.7,533
6453,44.2355555555556,279.710833333333,104.9,14842
6454,48.9583333333333,302.068888888889,100.1,82
6455,57.1813888888889,248.363611111111,106.3,82
6456,52.8791666666667,241.924444444444,98.1,0
6457,52.8666666666667,241.916666666667,94.7,3.28
6458,52.8666666666667,241.916666666667,96.7,3.28
6459,49.4797222222222,246.034444444444,97.5,72.16
6460,50.9022222222222,240.359722222222,95.5,0
6461,49.0077777777778,241.816388888889,88.5,0
6462,50.05,239.2425,103.9,65.6
6463,50.0494444444444,239.237222222222,101.1,0
6464,50.3127777777778,237.174166666667,106.7,41
6465,48.4022222222222,236.426388888889,94.7,0
6466,49.1480555555556,234.086944444444,92.5,75.44
6467,49.2683333333333,236.748333333333,101.9,0
6468,48.4641666666667,236.688888888889,101.9,0
6469,50.9013888888889,262.783888888889,99.5,195.16
6470,47.0119444444445,294.4125,96.5,0
6471,45.8480555555556,293.529166666667,103.5,410
6472,45.3063888888889,293.914166666667,107.3,410
6473,53.5280555555556,295.989166666667,91.1,0
6474,53.5280555555556,295.989166666667,89.1,0
6475,46.9633333333333,307.050555555556,104.3,0
6476,52.9477777777778,293.084166666667,96.3,0
6477,52.9477777777778,293.084166666667,93.1,0
6478,47.8033333333333,300.711111111111,93.7,0
6479,44.6508333333333,296.343055555556,88.1,0
6480,44.4266666666667,293.983888888889,100.9,0
6481,63.7491666666667,291.478055555556,99.9,0
6482,43.5216666666667,278.450833333333,91.7,0
6483,47.8252777777778,276.573055555556,100.7,182.04
6484,46.2377777777778,278.223888888889,99.3,1302.16
6485,45.0430555555556,281.503611111111,92.3,0
6486,44.2766666666667,283.509722222222,100.5,82
6487,43.7755555555556,280.497222222222,105.5,259.12
6488,50.0986111111111,268.081111111111,89.9,367.36
6489,42.3047222222222,276.9325,99.1,1651.48
6490,46.4236111111111,297.909166666667,92.3,0
6491,45.6316666666667,287.435277777778,103.7,1410.4
6492,59.3025,290.396666666667,94.1,19.68
6493,47.4238888888889,289.475277777778,88.9,0
6494,47.4238888888889,289.475277777778,88.9,0
6495,45.3947222222222,286.4825,101.9,252.56
6496,50.5005555555556,300.512777777778,95.5,152.52
6497,50.5005555555556,300.512777777778,95.5,152.52
6498,50.5005555555556,300.512777777778,100.5,152.52
6499,50.5005555555556,300.512777777778,100.5,152.52
6500,61.5975,288.040277777778,94.1,19.68
6501,60.02,289.970555555556,94.1,21.32
6502,58.1047222222222,291.596111111111,94.1,22.96
6503,55.2769444444444,282.236111111111,94.1,21.32
6504,45.5594444444444,286.448055555556,103.3,557.6
6505,45.5216666666667,286.541666666667,103.3,95.12
6506,45.3116666666667,287.758055555556,98.1,596.96
6507,45.5027777777778,286.403888888889,105.1,231.24
6508,47.3130555555556,289.439444444444,88.1,0
6509,49.8163888888889,295.650833333333,90.5,0
6510,61.0430555555556,290.378055555556,94.1,21.32
6511,46.7708333333333,288.694444444444,104.1,42.64
6512,46.8075,288.783333333333,88.3,574
6513,48.4433333333333,291.483888888889,104.1,183.68
6514,46.9072222222222,289.076666666667,105.5,57.4
6515,46.5311111111111,289.235555555556,105.5,55.76
6516,45.3794444444444,288.078055555556,88.3,803.6
6517,45.3805555555556,288.086388888889,106.9,145.96
6518,46.4486111111111,286.850277777778,104.9,229.6
6519,45.7844444444444,286.010833333333,101.9,80.36
6520,45.8194444444445,285.991666666667,102.9,328
6521,47.8363888888889,290.112777777778,88.1,0
6522,45.6127777777778,286.217222222222,104.5,24.6
6523,50.7033333333333,300.676111111111,93.1,65.6
6524,56.5511111111111,283.451111111111,94.1,27.88
6525,46.1822222222222,285.657777777778,106.5,8.2
6526,53.3291666666667,255.971111111111,104.1,328
6527,60.6594444444445,225.115833333333,104.5,0
6528,60.6594444444445,225.115833333333,102.1,0
6529,49.5294444444444,263.307777777778,107.7,36.08
6530,49.5294444444444,263.307777777778,96.7,31.16
6531,50.0788888888889,236.985,103.1,0
6532,50.0788888888889,236.985,100.1,0
6533,50.0788888888889,236.985,101.5,0
6534,51.2061111111111,244.501111111111,104.3,0
6535,58.1794444444444,243.71,95.5,41
6536,58.6397222222222,241.321944444444,96.9,22.96
6537,53.4797222222222,246.516111111111,99.3,2525.6
6538,53.5277777777778,246.477222222222,88.5,1476
6539,53.4797222222222,246.516111111111,102.3,2525.6
6540,58.6888888888889,245.019444444444,104.3,82
6541,58.7244444444444,248.845277777778,95.5,49.2
6542,56.3077777777778,241.384166666667,94.7,82
6543,56.9277777777778,242.372222222222,95.5,82
6544,59.0486111111111,242.281944444444,95.9,82
6545,56.6722222222222,245.421666666667,96.9,82
6546,56.5441666666667,244.745,102.9,82
6547,52.3244444444445,247.296944444444,101.9,82
6548,56.2027777777778,242.728888888889,101.7,82
6549,55.9447222222222,246.221111111111,95.5,82
6550,58.6475,242.49,94.1,82
6551,49.2794444444444,237.080833333333,90.1,738
6552,54.2561111111111,234.321388888889,103.9,180.4
6553,49.1097222222222,238.152222222222,99.9,1295.6
6554,49.3444444444445,236.613333333333,107.5,0
6555,49.3444444444445,236.613333333333,107.5,0
6556,55.3783333333333,236.918055555556,103.5,0
6557,55.3380555555556,236.91,103.5,164
6558,53.2819444444444,239.765833333333,92.1,0
6559,49.6983333333333,235.565277777778,95.7,0
6560,52.9894444444444,237.434166666667,100.3,0
6561,49.7083333333333,236.865555555556,107.1,0
6562,49.7083333333333,236.865555555556,107.1,1902.4
6563,52.8416666666667,240.742222222222,90.3,295.2
6564,49.8411111111111,260.079722222222,106.5,1525.2
6565,51.6058333333333,261.344722222222,96.9,393.6
6566,54.7638888888889,258.133333333333,101.1,492
6567,56.8555555555556,258.951944444444,96.9,63.96
6568,55.74,258.671666666667,102.5,328
6569,49.7708333333333,262.489722222222,91.1,100040
6570,49.8861111111111,262.801666666667,99.1,1180.8
6571,50.5058333333333,262.999444444444,107.5,2656.8
6572,46.4533333333333,293.540555555556,90.9,1371.04
6573,47.0875,292.240833333333,93.5,8692
6574,47.0788888888889,292.246388888889,105.1,4920
6575,47.5847222222222,292.636944444444,90.1,4920
6576,48.6775,305.929166666667,101.5,897.08
6577,53.3244444444444,299.595,101.9,410
6578,48.9461111111111,304.360277777778,98.3,410
6579,48.5897222222222,301.338888888889,94.3,1695.76
6580,47.5883333333333,307.267777777778,95.7,380.48
6581,46.785,306.381111111111,92.1,0
6582,48.5897222222222,301.338888888889,95.1,0
6583,48.5897222222222,301.338888888889,88.7,0
6584,45.0791666666667,295.185833333333,93.3,0
6585,62.4705555555556,245.621944444444,101.9,0
6586,63.7391666666667,291.444166666667,88.3,1312
6587,42.7611111111111,279.066111111111,105.9,410
6588,44.0852777777778,282.216388888889,100.9,518.24
6589,44.4780555555556,279.672222222222,102.9,15366.8
6590,44.3994444444444,284.027777777778,99.9,2443.6
6591,43.6783333333333,278.291666666667,104.9,8741.2
6592,45.6566666666667,285.338055555556,107.7,1804
6593,43.1772222222222,278.011388888889,107.7,688.8
6594,43.45,279.398055555556,106.7,2788
6595,42.9858333333333,278.753333333333,94.9,4838
6596,44.0111111111111,280.481111111111,88.5,18532
6597,44.5541666666667,280.444166666667,89.1,4100
6598,45.4166666666667,284.296944444444,98.5,1804
6599,44.5394444444444,279.089166666667,90.1,123
6600,44.3280555555556,281.700555555556,92.7,1148
6601,44.2938888888889,281.645,90.5,287
6602,51.02,266.169444444444,97.1,688.8
6603,50.1019444444445,268.078611111111,97.1,0
6604,44.1708333333333,283.296944444444,92.1,0
6605,44.2877777777778,280.9275,89.9,8200
6606,48.4205555555556,270.739722222222,102.7,219.76
6607,48.4369444444444,270.77,99.9,410
6608,48.4225,270.731111111111,90.5,82
6609,43.6488888888889,280.618333333333,95.9,200.08
6610,43.6488888888889,280.618333333333,98.7,731.44
6611,43.7286111111111,280.391666666667,96.9,98.4
6612,42.3163888888889,276.950555555556,105.5,820
6613,42.2972222222222,276.974722222222,102.3,3116
6614,42.3163888888889,276.950555555556,103.9,2066.4
6615,42.3416666666667,277.064722222222,100.7,6297.6
6616,46.8927777777778,295.851944444444,97.5,0
6617,46.8927777777778,295.851944444444,101.1,0
6618,50.7869444444444,300.992222222222,98.5,114.8
6619,46.1588888888889,289.252777777778,102.5,656
6620,51.4175,302.898333333333,102.7,127.92
6621,51.4175,302.898333333333,102.7,127.92
6622,51.4175,302.898333333333,107.1,127.92
6623,51.4175,302.898333333333,107.1,127.92
6624,48.2191666666667,295.194166666667,96.3,11625.96
6625,48.6011111111111,289.171111111111,96.9,10660
6626,45.3497222222222,286.3,101.9,270.6
6627,45.4708333333333,287.138055555556,104.9,1754.8
6628,45.4708333333333,287.138055555556,104.9,373.92
6629,50.2391666666667,296.393333333333,104.7,37.72
6630,47.3841666666667,298.083333333333,93.5,0
6631,47.3841666666667,298.083333333333,95.3,0
6632,48.7894444444444,280.781944444444,100.7,7035.6
6633,48.3972222222222,292.676666666667,97.5,0
6634,45.3975,288.162222222222,88.9,2738.8
6635,46.8213888888889,288.503888888889,102.9,23573.36
6636,46.7955555555556,288.748333333333,102.9,2899.52
6637,45.3119444444444,287.758333333333,106.1,2624
6638,50.1819444444444,298.184166666667,104.1,6888
6639,48.0158333333333,293.288333333333,106.9,50.84
6640,47.8577777777778,290.446944444444,93.9,0
6641,45.3966666666667,288.168888888889,93.7,4510
6642,45.2577777777778,286.376111111111,104.9,410
6643,48.3111111111111,292.915833333333,93.9,1230
6644,45.4152777777778,285.954166666667,100.1,902
6645,47.9044444444445,286.2225,92.3,82
6646,54.7880555555556,258.155,93.3,437.88
6647,54.7222222222222,258.028055555556,91.9,410
6648,55.105,254.715833333333,98.3,50.84
6649,55.1125,254.703333333333,89.9,354.24
6650,55.105,254.715833333333,95.9,50.84
6651,52.0866666666667,253.33,90.5,2673.2
6652,52.0866666666667,253.33,104.1,3444
6653,60.7188888888889,224.946666666667,94.5,0
6654,60.6594444444445,225.115833333333,94.5,0
6655,48.4563888888889,291.478055555556,89.1,188.6
6656,48.8452777777778,292.469722222222,102.1,295.2
6657,53.7705555555556,253.029444444444,100.5,82
6658,56.0736111111111,241.613611111111,106.9,1525.2
6659,50.6669444444444,246.024722222222,99.7,11316
6660,50.6669444444444,246.024722222222,99.7,39.36
6661,54.8233333333333,247.681111111111,92.1,1992.6
6662,49.4594444444445,244.37,104.7,0
6663,49.3872222222222,238.5775,101.7,172.2
6664,50.6730555555555,239.632777777778,92.5,0
6665,49.5305555555556,242.699444444444,103.5,0
6666,49.2780555555556,235.219166666667,93.3,4264
6667,53.9030555555556,237.297222222222,99.3,0
6668,48.5944444444445,236.455,91.3,0
6669,49.8788888888889,262.849166666667,104.7,2132
6670,46.105,295.218611111111,93.5,0
6671,45.2936111111111,293.880555555556,105.7,3034
6672,52.9502777777778,293.083888888889,97.3,747.84
6673,43.7169444444444,278.326388888889,99.7,1230
6674,45.1166666666667,281.500833333333,100.9,0
6675,44.1755555555556,278.380277777778,95.5,9282.4
6676,44.1416666666667,282.924166666667,88.7,10233.6
6677,45.5030555555556,284.149722222222,89.1,5248
6678,45.5030555555556,284.149722222222,94.5,3280
6679,47.6252777777778,291.152222222222,98.3,4920
6680,45.9122222222222,287.484166666667,105.3,5341.48
6681,48.7455555555556,290.940555555556,100.5,5533.36
6682,50.2725,296.320277777778,92.5,0
6683,47.6833333333333,289.865277777778,91.5,1574.4
6684,46.5427777777778,284.549444444444,104.7,18007.2
6685,46.7816666666667,288.727222222222,94.3,9840
6686,48.3566666666667,282.772777777778,100.5,4034.4
6687,45.3747222222222,288.083333333333,93.7,15640.68
6688,45.3805555555556,288.086388888889,95.5,2181.2
6689,45.3805555555556,288.086388888889,100.3,3772
6690,47.5672222222222,289.590277777778,96.3,4018
6691,46.0372222222222,288.098888888889,89.3,943
6692,51.2930555555556,246.007222222222,106.1,4920
6693,54.1819444444444,249.133611111111,92.9,0
6694,49.7361111111111,247.196388888889,104.3,2722.4
6695,56.9311111111111,242.372777777778,92.1,1968
6696,49.4594444444445,244.37,102.9,0
6697,50.6708333333333,239.601388888889,96.5,7790
6698,50.6708333333333,239.601388888889,98.3,7052
6699,53.9027777777778,237.296666666667,94.3,0
6700,53.9027777777778,237.296666666667,97.3,0
6701,49.3544444444444,237.041666666667,93.1,6888
6702,49.3544444444444,237.041666666667,106.3,7708
6703,50.2244444444444,260.566388888889,97.1,5248
6704,51.0708333333333,260.478333333333,92.9,8888.8
6705,52.0305555555556,258.891111111111,95.3,1410.4
6706,47.0644444444444,295.098333333333,107.5,3936
6707,46.1186111111111,293.225555555556,106.9,0
6708,47.0588888888889,294.330277777778,99.3,0
6709,46.1402777777778,292.401666666667,104.1,16400
6710,45.7608333333333,295.841666666667,107.9,10660
6711,46.1997222222222,300.021388888889,89.7,7708
6712,44.6508333333333,296.343055555556,92.3,0
6713,44.6508333333333,296.343055555556,102.7,0
6714,44.6508333333333,296.343055555556,101.9,0
6715,45.1622222222222,295.443888888889,97.7,0
6716,45.1622222222222,295.443888888889,94.9,0
6717,44.9258333333333,297.499722222222,97.3,15325.8
6718,43.9319444444444,293.897777777778,104.1,26404
6719,44.8211111111111,279.826388888889,101.3,1476
6720,43.3638888888889,278.414166666667,90.5,2181.2
6721,42.1336111111111,277.2375,96.7,16711.6
6722,42.1336111111111,277.2375,96.7,16711.6
6723,45.4191666666667,284.295,97.9,11102.8
6724,45.5030555555556,284.149722222222,93.1,19680
6725,44.4783333333333,279.673333333333,88.1,0
6726,44.3280555555556,281.700555555556,96.7,3444
6727,44.4688888888889,278.630833333333,90.9,5084
6728,45.4922222222222,283.295555555556,96.1,11644
6729,42.7466666666667,279.681666666667,98.9,0
6730,42.9669444444444,278.349444444444,105.7,2870
6731,43.6488888888889,280.618333333333,89.5,24600
6732,46.3402777777778,296.576388888889,102.1,0
6733,48.4286111111111,281.870277777778,105.3,21734.92
6734,52.6158333333333,283.31,92.1,2468.2
6735,52.6158333333333,283.31,95.1,2468.2
6736,52.6158333333333,283.31,98.3,2468.2
6737,52.6158333333333,283.31,101.3,2468.2
6738,45.9861111111111,286.569444444444,103.5,7380
6739,46.5016666666667,285.044444444444,101.9,1886
6740,48.3522222222222,289.101111111111,105.5,9840
6741,45.1861111111111,287.411666666667,99.1,0
6742,48.5986111111111,281.872777777778,100.1,6130.32
6743,46.8227777777778,288.505277777778,91.9,22812.4
6744,46.7955555555556,288.748333333333,91.9,2214
6745,46.8075,288.783333333333,89.1,2451.8
6746,45.3747222222222,288.083333333333,104.5,15088
6747,46.1588888888889,289.252777777778,103.5,24616.4
6748,46.4908333333333,287.350555555556,94.7,2451.8
6749,46.4908333333333,287.350555555556,102.3,9512
6750,49.6955555555556,284.028055555556,93.9,0
6751,51.2005555555556,257.559166666667,92.9,2525.6
6752,60.7169444444445,224.951944444444,93.5,0
6753,50.1747222222222,293.257222222222,99.1,0
6754,50.1747222222222,293.257222222222,99.1,0
6755,50.1447222222222,293.5325,94.1,8003.2
6756,50.1447222222222,293.5325,94.1,8003.2
6757,50.2241666666667,240.696666666667,106.5,3116
6758,45.4427777777778,284.267222222222,97.1,18368
6759,46.8213888888889,288.503888888889,90.9,9323.4
6760,53.0575,254.156944444444,89.1,0
6761,56.8080555555556,248.551388888889,99.3,32800
6762,56.8080555555556,248.551388888889,101.5,32800
6763,52.3119444444444,246.041111111111,99.9,49036
6764,52.3119444444444,246.041111111111,103.5,2378
6765,53.9030555555556,237.297222222222,101.3,14924
6766,49.3536111111111,237.043611111111,96.1,75440
6767,49.7555555555556,262.868611111111,106.1,65600
6768,47.3775,294.561111111111,101.9,0
6769,47.4625,294.516388888889,92.9,164000
6770,47.3891666666667,291.683888888889,94.3,0
6771,47.3891666666667,291.683888888889,99.5,0
6772,47.3686111111111,291.643888888889,92.7,44550.6
6773,47.3775,294.560833333333,97.9,0
6774,46.1841666666667,295.118055555556,89.5,33529.8
6775,44.6508333333333,296.343055555556,92.9,44280
6776,44.6508333333333,296.343055555556,92.9,0
6777,43.7763888888889,294.692777777778,100.3,0
6778,45.5547222222222,296.776111111111,99.5,27470
6779,44.5319444444444,280.337777777778,100.3,25092
6780,45.4897222222222,282.273888888889,106.5,19680
6781,49.7791666666667,265.542777777778,89.5,21812
6782,44.29,283.568333333333,101.9,4920
6783,45.9538888888889,278.052777777778,100.7,45100
6784,44.5122222222222,279.046388888889,93.7,36080
6785,45.4308333333333,283.365277777778,98.7,21320
6786,48.1408333333333,293.891944444444,94.9,41246
6787,46.8213888888889,288.503888888889,100.9,2599.4
6788,50.42,286.140833333333,95.3,0
6789,45.5055555555556,286.408333333333,88.5,0
6790,45.5055555555556,286.408333333333,88.5,0
6791,49.1019444444444,293.713611111111,101.1,0
6792,46.3483333333333,287.422777777778,89.1,4920
6793,46.4908333333333,287.350555555556,100.1,50200.4
6794,46.5027777777778,287.363055555556,100.1,15580
6795,45.2688888888889,285.903333333333,103.1,0
6796,45.2688888888889,285.903333333333,103.1,0
6797,53.3361111111111,255.926111111111,94.7,0
6798,50.9427777777778,256.601944444444,95.3,0
6799,53.8541666666667,253.896111111111,106.3,7708
6800,52.3119444444444,246.041111111111,101.3,42640
6801,46.2844444444444,287.466388888889,90.5,43952
6802,46.8227777777778,288.504722222222,93.3,54054.4
6803,46.7955555555556,288.748888888889,93.3,1415.32
6804,53.2388888888889,244.869722222222,92.9,36080
6805,53.2388888888889,244.869722222222,92.9,16400
6806,53.4191666666667,246.758611111111,95.7,77080
6807,53.4191666666667,246.758611111111,95.7,22960
6808,53.5319444444444,246.218611111111,101.7,39360
6809,53.5319444444444,246.218611111111,102.3,75440
6810,53.5319444444444,246.218611111111,102.3,10332
6811,56.6841666666667,248.670277777778,103.7,36080
6812,56.6841666666667,248.670277777778,103.7,3608
6813,56.6841666666667,248.670277777778,100.5,37720
6814,56.6841666666667,248.670277777778,100.5,3936
6815,54.6188888888889,248.050555555556,90.5,32144
6816,51.7583333333333,245.905833333333,96.5,57400
6817,51.4705555555556,259.28,105.3,155800
6818,46.6494444444444,292.4075,103.3,0
6819,47.6738888888889,295.129444444444,97.1,61992
6820,47.0077777777778,294.411666666667,93.7,18040
6821,46.1841666666667,295.118055555556,90.7,49200
6822,46.1436111111111,295.097777777778,94.5,31160
6823,49.9594444444445,303.688333333333,95.5,34440
6824,49.9594444444445,303.689444444444,97.1,17056
6825,44.6508333333333,296.343055555556,91.5,0
6826,44.6508333333333,296.343055555556,89.9,0
6827,44.6508333333333,296.343055555556,95.7,0
6828,44.6508333333333,296.343055555556,98.5,0
6829,44.5122222222222,279.046388888889,106.5,45920
6830,42.1708333333333,277.008611111111,93.9,130544
6831,42.1708333333333,277.008611111111,93.9,51496
6832,42.1708333333333,277.008611111111,88.7,128248
6833,42.1708333333333,277.008611111111,88.7,98564
6834,45.5055555555556,286.408333333333,94.3,67896
6835,46.8227777777778,288.504722222222,96.1,91.84
6836,46.8227777777778,288.504722222222,95.3,6871.6
6837,45.3119444444444,287.758333333333,102.7,150880
6838,47.3325,280.573055555556,93.1,30176
6839,53.8855555555556,251.590277777778,104.5,49200
6840,54.1819444444444,249.133611111111,99.7,36080
6841,51.0602777777778,245.828611111111,95.9,78720
6842,51.0272222222222,245.938611111111,95.9,377.2
6843,51.0602777777778,245.828611111111,96.9,78720
6844,51.0272222222222,245.938611111111,96.9,3493.2
6845,53.4630555555556,246.664722222222,91.7,157440
6846,53.4630555555556,246.664722222222,91.7,14432
6847,55.4788888888889,241.2475,93.1,164000
6848,50.9236111111111,246.166111111111,100.9,164000
6849,50.9236111111111,246.166111111111,100.9,164000
6850,53.1930555555556,249.650555555556,106.1,70520
6851,49.6680555555556,259.988333333333,92.7,147600
6852,50.2833333333333,259.889166666667,94.7,164000
6853,49.6680555555556,259.988333333333,99.5,35588
6854,45.5030555555556,284.149722222222,103.3,137760
6855,45.5030555555556,284.149722222222,102.5,137760
6856,45.5030555555556,284.149722222222,106.1,164000
6857,48.5241666666667,270.885277777778,91.5,0
6858,45.5030555555556,284.149722222222,104.1,31160
6859,45.5030555555556,284.149722222222,104.1,2976.6
6860,48.4655555555556,291.790833333333,93.3,25088.72
6861,47.5822222222222,290.628611111111,103.7,98400
6862,47.5813888888889,290.628333333333,103.7,38704
6863,50.1488888888889,293.530833333333,96.9,24600
6864,50.1488888888889,293.530833333333,96.9,24600
6865,46.5027777777778,287.363055555556,104.3,74456
6866,46.5027777777778,287.363055555556,94.7,76424
6867,53.0575,254.156944444444,99.1,164000
6868,52.1816666666667,253.612777777778,95.1,164000
6869,52.1744444444444,253.565555555556,96.3,111520
6870,52.1744444444444,253.565555555556,96.3,2460
6871,52.1816666666667,253.612777777778,102.1,164000
6872,52.1816666666667,253.612777777778,92.9,164000
6873,52.1744444444444,253.564722222222,88.7,109388
6874,45.5030555555556,284.149722222222,91.5,137760
6875,50.1488888888889,293.530833333333,98.1,158670
6876,50.1488888888889,293.530833333333,98.1,158670
6877,51.065,245.785833333333,88.1,164000
6878,51.0725,245.739444444444,92.9,164000
6879,51.025,245.939444444444,92.9,3444
6880,51.0725,245.739444444444,88.9,164000
6881,51.0725,245.739444444444,88.9,80360
6882,53.5133333333333,246.715,89.3,0
6883,55.2419444444444,241.438055555556,104.7,70356
6884,55.4788888888889,241.2475,98.9,164000
6885,49.7063888888889,247.279166666667,106.7,164000
6886,46.1436111111111,295.097777777778,95.5,47724
6887,46.1436111111111,295.097777777778,98.3,51988
6888,46.1436111111111,295.097777777778,91.9,48380
6889,44.6463888888889,296.339722222222,103.5,164000
6890,46.18,299.8075,98.3,164000
6891,44.2894444444444,283.519722222222,107.5,164000
6892,43.9541666666667,281.193611111111,94.9,82000
6893,44.09,278.792777777778,94.5,123000
6894,44.09,278.792777777778,94.5,78720
6895,44.09,278.792777777778,101.7,164000
6896,44.09,278.792777777778,101.7,83640
6897,52.8041666666667,251.410833333333,95.5,45920
6898,50.5011111111111,255.448055555556,90.3,70520
6899,50.5116666666667,255.441944444444,94.5,164000
6900,50.3536111111111,255.3775,94.5,3772
6901,50.5116666666667,255.441944444444,94.5,164000
6902,52.8797222222222,241.925277777778,101.1,0
6903,52.8797222222222,241.925277777778,101.1,0
6904,50.6236111111111,243.881111111111,94.5,2046.72
6905,50.6236111111111,243.881111111111,94.5,219.76
6906,45.4777777777778,293.765555555556,101.5,35637.2
6907,45.4777777777778,293.765555555556,101.5,3563.72
6908,45.4777777777778,293.765555555556,102.3,38175.92
6909,45.4777777777778,293.765555555556,102.3,19087.96
6910,45.4777777777778,293.765555555556,91.3,36478.52
6911,45.4777777777778,293.765555555556,91.3,36478.52
6912,46.4113888888889,289.405277777778,100.5,14104
6913,48.3522222222222,289.101666666667,102.1,316.52
6914,48.3522222222222,289.101666666667,102.1,316.52
6915,48.2652777777778,280.966666666667,91.9,2938.88
6916,48.2652777777778,280.966666666667,91.9,2938.88
6917,46.8227777777778,288.504722222222,106.3,2136.92
6918,46.8227777777778,288.504722222222,106.3,16072
6919,46.8227777777778,288.504722222222,104.7,1097.16
6920,46.8227777777778,288.504722222222,104.7,17384
6921,48.2652777777778,280.966666666667,89.9,3009.4
6922,48.2652777777778,280.966666666667,89.9,11824.4
6923,48.2652777777778,280.966666666667,90.7,3150.44
6924,48.2652777777778,280.966666666667,90.7,12377.08
6925,55.8602777777778,251.522222222222,89.3,9840
6926,49.3536111111111,237.042777777778,100.5,4592
6927,49.3536111111111,237.042777777778,100.5,4592
6928,48.7655555555556,236.488611111111,92.1,12495.16
6929,48.7655555555556,236.488611111111,92.1,36306.32
6930,51.4366666666667,243.812777777778,102.7,190.24
6931,51.4366666666667,243.812777777778,102.7,190.24
6932,51.2008333333333,244.400833333333,105.7,0
6933,51.2008333333333,244.400833333333,105.7,0
6934,46.4841666666667,295.268333333333,107.7,82
6935,44.2291666666667,283.5025,91.9,718.32
6936,50.5116666666667,255.441944444444,92.1,42640
6937,50.5116666666667,255.441944444444,92.1,164000
6938,56.5408333333333,298.301944444444,95.1,82
6939,56.5408333333333,298.301944444444,95.1,82
6940,49.6936111111111,284.031944444444,106.5,82
6941,49.3536111111111,237.043611111111,95.3,32800
6942,49.3536111111111,237.043611111111,95.3,25319.96
6943,71.8783333333333,279.109444444444,90.1,82
6944,52.9433333333333,242.681944444444,90.1,32.8
6945,52.9433333333333,242.681944444444,96.5,32.8
6946,52.9433333333333,242.698611111111,106.3,32.8
6947,46.5727777777778,286.204722222222,88.9,2312.4
6948,46.3488888888889,286.503055555556,99.1,15990
6949,52.8683333333333,251.564166666667,96.9,8193.44
6950,52.8683333333333,251.564166666667,96.9,820
6951,49.6825,247.072777777778,88.3,4756
6952,53.0816666666667,242.611944444444,90.1,32.8
6953,44.2677777777778,282.487222222222,95.5,37720
6954,47.0875,292.240833333333,95.1,1599
6955,48.5191666666667,295.739166666667,107.3,731.44
6956,42.9086111111111,277.661388888889,101.5,3093.04
6957,42.9086111111111,277.661388888889,101.5,3093.04
6958,48.3666666666667,295.315,98.1,1328.4
6959,50.5638888888889,240.896388888889,92.7,329.64
6960,50.5638888888889,240.896388888889,92.7,329.64
6961,53.5588888888889,246.002222222222,88.1,369
6962,45.5988888888889,298.587777777778,103.1,23616
6963,45.5988888888889,298.587777777778,103.1,2355.04
6964,45.5988888888889,298.587777777778,106.7,30389.2
6965,45.5988888888889,298.587777777778,106.7,9198.76
6966,45.5988888888889,298.587777777778,107.5,5936.8
6967,45.5988888888889,298.587777777778,107.5,29782.4
6968,44.6508333333333,296.343055555556,99.1,0
6969,51.4891666666667,281.251388888889,106.5,78.72
6970,51.4891666666667,281.251388888889,99.3,78.72
6971,53.0022222222222,281.276944444444,106.5,52.48
6972,53.0022222222222,281.276944444444,92.5,52.48
6973,46.8563888888889,288.649166666667,100.3,395.24
6974,43.7216666666667,279.615,101.1,1107
6975,50.1919444444444,298.731388888889,89.9,16.4
6976,46.8280555555556,288.144722222222,88.7,20172
6977,49.0672222222222,305.496388888889,97.7,5002
6978,56.2352777777778,242.734722222222,96.9,36080
6979,52.3327777777778,245.096944444444,94.5,1312
6980,52.3327777777778,245.096944444444,94.5,656
6981,45.5669444444444,286.396666666667,104.5,80.36
6982,54.0005555555556,249.179166666667,96.7,164000
6983,46.7955555555556,288.749166666667,98.9,4920
6984,46.8227777777778,288.505277777778,98.9,67240
6985,46.2230555555556,283.9025,97.3,19620.96
6986,55.7827777777778,239.785555555556,93.7,1177.52
6987,55.7827777777778,239.785555555556,93.7,1177.52
6988,55.7827777777778,239.785555555556,89.7,1192.28
6989,55.7827777777778,239.785555555556,89.7,1192.28
6990,45.4083333333333,285.233333333333,92.1,16849.36
6991,47.5769444444444,290.617222222222,89.5,0
6992,47.5769444444444,290.617222222222,89.5,0
6993,45.9475,293.405555555556,99.5,5248
6994,50.6708333333333,239.601388888889,94.1,7790
6995,49.1097222222222,238.152222222222,91.7,820
6996,53.5405555555556,246.501944444444,93.9,3580.12
6997,53.5405555555556,246.501944444444,93.9,6446.84
6998,49.6680555555556,259.988333333333,97.9,147600
6999,49.8952777777778,262.861944444444,89.3,2415.72
7000,49.8952777777778,262.861944444444,89.3,4592
7001,49.6983333333333,235.565277777778,92.5,0
7002,48.4022222222222,236.426388888889,105.1,0
7003,49.0722222222222,237.596666666667,88.5,5576
7004,49.5288888888889,240.358611111111,93.7,3017.6
7005,49.9666666666667,240.471111111111,88.9,0
7006,46.5972222222222,275.718611111111,89.5,0
7007,49.7361111111111,247.196388888889,100.1,0
7008,52.3119444444444,246.041111111111,102.5,2427.2
7009,51.065,245.785833333333,99.1,3066.8
7010,48.5505555555556,270.776388888889,88.3,0
7011,48.5505555555556,270.776388888889,88.3,0
7012,48.3858333333333,270.755833333333,88.3,3558.8
7013,44.6402777777778,284.381388888889,91.9,1103.72
7014,46.5027777777778,287.363055555556,93.9,14596
7015,45.4636111111111,286.370555555556,104.7,160.72
7016,45.4105555555556,280.744166666667,94.3,0
7017,43.6425,280.612777777778,99.1,3772
7018,43.6488888888889,280.618333333333,99.1,90364
7019,44.0177777777778,278.804166666667,100.9,0
7020,42.9263888888889,280.906944444444,90.5,0
7021,52.0866666666667,253.33,94.1,1344.8
7022,52.0866666666667,253.33,94.1,6724
7023,45.0791666666667,295.185833333333,106.5,65272
7024,45.0791666666667,295.185833333333,106.5,65272
7025,44.6508333333333,296.343055555556,90.5,0
7026,46.3430555555556,285.792777777778,89.7,0
7027,45.3119444444444,287.758333333333,93.1,0
7028,45.3119444444444,287.758333333333,93.1,0
7029,46.0366666666667,288.097777777778,92.7,213.2
7030,42.3163888888889,276.950555555556,97.5,277.16
7031,42.1533333333333,277.046944444444,97.5,5248
7032,42.1127777777778,277.335555555556,91.9,8692
7033,48.5944444444445,236.455,90.5,0
7034,46.3036111111111,280.591388888889,96.1,164000
7035,42.8716666666667,279.264444444444,88.7,2099.2
7036,42.8716666666667,279.264444444444,88.7,2099.2
7037,45.6813888888889,282.903888888889,92.5,0
7038,46.1436111111111,295.097777777778,106.1,56252
7039,47.3891666666667,291.683888888889,100.3,0
7040,47.3775,294.560833333333,105.7,0
7041,46.1436111111111,295.097777777778,88.5,34604
7042,49.9219444444444,262.834166666667,88.7,82
7043,50.0538888888889,234.673611111111,104.5,410
7044,50.0538888888889,234.673611111111,104.5,410
7045,48.1369444444445,293.885277777778,99.1,787.2
7046,46.3913888888889,289.017777777778,105.3,1897.48
7047,50.2402777777778,242.192222222222,107.1,0
7048,50.2736111111111,296.313611111111,95.1,2706
7049,42.9413888888889,280.154444444444,92.9,4100
7050,45.5305555555556,286.401388888889,102.3,3444
7051,45.5305555555556,286.401388888889,102.3,3444
7052,45.7313888888889,277.675833333333,104.9,869.2
7053,47.8411111111111,280.068055555556,105.7,0
7054,47.3761111111111,280.325,102.3,1279.2
7055,47.3761111111111,280.325,102.3,1279.2
7056,44.1211111111111,281.864444444444,103.9,9541.52
7057,44.1211111111111,281.864444444444,103.9,9541.52
7058,49.7691666666667,265.495,93.5,6724
7059,49.7691666666667,265.495,93.5,35622.44
7060,49.7691666666667,265.495,98.7,7216
7061,49.7691666666667,265.495,98.7,67604.08
7062,46.0586111111111,288.048333333333,88.1,68.88
7063,46.1672222222222,299.833888888889,90.7,3034
7064,49.0097222222222,241.608611111111,107.3,413.28
7065,49.0097222222222,241.608611111111,107.3,413.28
7066,49.0108333333333,241.608611111111,102.3,965.96
7067,49.0108333333333,241.608611111111,102.3,583.84
7068,61.8475,238.657777777778,90.7,82
7069,63.5930555555556,224.101388888889,104.9,0
7070,63.5933333333333,224.104166666667,104.9,82
7071,49.1838888888889,237.155277777778,107.7,1392.36
7072,46.5597222222222,284.295277777778,91.1,0
7073,46.5597222222222,284.295277777778,91.1,0
7074,47.3761111111111,280.325,99.7,1279.2
7075,47.3761111111111,280.325,99.7,1279.2
7076,50.6708333333333,239.601388888889,99.1,0
7077,44.1211111111111,281.864444444444,98.7,8924.88
7078,44.1211111111111,281.864444444444,98.7,8924.88
7079,46.9394444444444,289.493333333333,90.3,33492.08
7080,63.0372222222222,267.779722222222,89.5,3.28
7081,63.0372222222222,267.779722222222,103.5,4.92
7082,49.7330555555556,247.038888888889,99.3,164000
7083,53.2058333333333,254.246388888889,107.1,82
7084,48.4627777777778,291.791111111111,96.5,9512
7085,44.7697222222222,280.008888888889,96.5,46430.04
7086,44.7697222222222,280.008888888889,96.5,46430.04
7087,48.7530555555556,273.418611111111,107.5,3586.68
7088,48.7530555555556,273.418611111111,107.5,3586.68
7089,55.1605555555556,252.417777777778,93.1,0
7090,48.9352777777778,302.053611111111,105.7,393.6
7091,49.9675,240.469166666667,88.1,0
7092,44.2894444444444,283.519722222222,92.9,1968
7093,44.5497222222222,280.464444444444,90.7,9020
7094,44.5497222222222,280.464444444444,91.5,22172.8
7095,44.5497222222222,280.464444444444,91.5,22172.8
7096,44.7697222222222,280.008888888889,89.7,2886.4
7097,44.7697222222222,280.008888888889,89.7,2886.4
7098,53.7572222222222,282.444444444444,100.1,165.64
7099,53.7572222222222,282.444444444444,100.1,165.64
7100,46.1894444444444,277.034722222222,98.5,223.04
7101,46.1894444444444,277.034722222222,98.5,223.04
7102,48.7530555555556,273.418611111111,102.3,3747.4
7103,48.7530555555556,273.418611111111,102.3,3747.4
7104,48.7894444444444,280.781666666667,92.5,9840
7105,50.4827777777778,255.493611111111,107.9,52480
7106,46.6577777777778,289.8525,92.5,21177.32
7107,51.4866666666667,281.254166666667,105.1,183.68
7108,51.4866666666667,281.254166666667,105.1,183.68
7109,48.3758333333333,282.780833333333,95.9,188.6
7110,48.3758333333333,282.780833333333,95.9,188.6
7111,48.3758333333333,282.780833333333,101.7,188.6
7112,48.3758333333333,282.780833333333,101.7,188.6
7113,44.7425,279.094444444444,98.7,65290.04
7114,44.7425,279.094444444444,98.7,64245.36
7115,51.4866666666667,281.254166666667,103.5,183.68
7116,51.4866666666667,281.254166666667,103.5,183.68
7117,44.7425,279.094444444444,97.1,7771.96
7118,44.7425,279.094444444444,97.1,13019.96
7119,44.1211111111111,281.864444444444,106.3,9541.52
7120,44.1211111111111,281.864444444444,106.3,14905.96
7121,48.0230555555556,293.283055555556,93.5,82
7122,43.1816666666667,280.519722222222,88.5,3288.2
7123,49.8791666666667,235.485,90.1,18.04
7124,52.8683333333333,251.564166666667,99.9,32800
7125,48.4705555555556,278.703333333333,96.1,3608
7126,48.4705555555556,278.703333333333,96.1,18040
7127,48.4705555555556,278.703333333333,97.1,3608
7128,48.4705555555556,278.703333333333,97.1,18040
7129,50.4169444444444,286.127777777778,102.1,54.12
7130,49.1405555555556,237.111666666667,106.9,67.24
7131,65.2811111111111,233.170277777778,101.9,80.36
7132,46.6008333333333,287.275,92.9,3440.72
7133,49.6472222222222,276.486111111111,91.9,13677.6
7134,49.6472222222222,276.486111111111,91.9,5471.04
7135,49.6472222222222,276.486111111111,90.3,5471.04
7136,49.6472222222222,276.486111111111,90.3,13677.6
7137,48.0202777777778,275.248888888889,88.3,0
7138,48.0202777777778,275.248888888889,88.3,0
7139,45.0583333333333,282.141666666667,99.3,441.16
7140,45.0583333333333,282.141666666667,99.3,441.16
7141,49.7836111111111,267.192777777778,102.7,2115.6
7142,49.7836111111111,267.192777777778,102.7,2115.6
7143,49.7836111111111,267.192777777778,100.9,2132
7144,49.7836111111111,267.192777777778,100.9,2132
7145,53.6458333333333,245.996111111111,98.5,41000
7146,53.6458333333333,245.996111111111,98.5,164000
7147,45.6986111111111,299.226944444444,93.7,73.8
7148,60.2738888888889,225.813888888889,103.1,559.24
7149,53.7788888888889,281.109722222222,105.1,172.2
7150,53.7788888888889,281.109722222222,105.1,172.2
7151,53.7788888888889,281.109722222222,103.5,172.2
7152,53.7788888888889,281.109722222222,103.5,172.2
7153,50.0461111111111,249.380277777778,93.7,0
7154,55.8602777777778,251.522222222222,89.3,1082.4
7155,49.6025,302.078611111111,98.1,82
7156,54.5236111111111,251.594444444444,97.7,75.44
7157,53.4041666666667,242.433611111111,102.5,82
7158,49.8641666666667,238.558888888889,91.1,82
7159,50.1808333333333,298.189722222222,99.9,211.56
7160,50.1808333333333,298.189722222222,99.9,423.12
7161,52.8766666666667,241.918333333333,92.3,49.2
7162,52.8766666666667,241.918333333333,92.3,49.2
7163,54.9097222222222,256.621388888889,103.1,78.72
7164,56.2791666666667,238.955555555556,88.3,11480
7165,54.9097222222222,256.621388888889,99.1,77.08
7166,55.4888888888889,241.251666666667,102.5,164000
7167,53.0030555555556,281.184444444444,103.5,172.2
7168,53.0030555555556,281.184444444444,103.5,172.2
7169,50.2394444444444,269.288055555556,104.9,221.4
7170,50.2394444444444,269.288055555556,104.9,221.4
7171,53.0030555555556,281.184444444444,105.1,172.2
7172,53.0030555555556,281.184444444444,105.1,172.2
7173,55.4888888888889,241.251666666667,103.3,41492
7174,55.4888888888889,241.251388888889,105.7,164000
7175,53.9030555555556,237.2975,102.7,82
7176,49.9411111111111,245.253055555556,92.5,45.92
7177,49.9411111111111,245.253055555556,96.3,45.92
7178,56.3688888888889,239.176944444444,107.5,82
7179,51.5247222222222,303.166388888889,97.7,82
7180,56.6877777777778,248.666944444444,93.3,71340
7181,56.6877777777778,248.666944444444,97.9,71340
7182,52.1619444444444,231.855,91.1,0
7183,46.7897222222222,281.012222222222,104.1,9840
7184,48.4786111111111,292.417222222222,99.9,1767.92
7185,48.4780555555556,292.417777777778,99.9,39032
7186,53.0816666666667,242.611944444444,96.5,32.8
7187,53.0816666666667,242.611944444444,106.3,32.8
7188,49.9258333333333,285.184722222222,91.1,82
7189,63.4513888888889,250.802777777778,91.5,0
7190,63.4513888888889,250.802777777778,100.5,0
7191,63.4513888888889,250.802777777778,94.5,0
7192,63.4513888888889,250.802777777778,97.5,0
7193,49.7797222222222,240.493888888889,106.9,0
7194,49.7797222222222,240.493888888889,106.9,0
7195,49.7297222222222,273.267777777778,89.1,13333.2
7196,49.7297222222222,273.267777777778,89.1,26602.44
7197,49.3536111111111,237.043611111111,97.7,47560
7198,49.7297222222222,273.267777777778,93.7,5121.72
7199,49.7297222222222,273.267777777778,93.7,5169.28
7200,52.1161111111111,253.256111111111,103.1,3280
7201,46.5597222222222,284.295277777778,91.9,0
7202,46.5597222222222,284.295277777778,91.9,0
7203,45.5030555555556,284.149722222222,90.7,137760
7204,45.5030555555556,284.149722222222,90.7,12054
7205,53.8672222222222,249.599166666667,89.1,82
7206,49.3858333333333,254.328333333333,98.1,32903.32
7207,51.085,238.4,98.9,82
7208,45.0019444444444,280.685,98.3,82
7209,44.6772222222222,294.266944444444,104.7,738
7210,44.6772222222222,294.266944444444,104.7,738
7211,52.7988888888889,292.913888888889,103.1,60.68
7212,52.9483333333333,293.083055555556,99.1,0
7213,55.2191666666667,240.720555555556,99.9,82
7214,55.4780555555556,241.251111111111,101.9,0
7215,58.1097222222222,291.588055555556,97.3,0
7216,43.4516666666667,279.507777777778,93.7,590.4
7217,51.0811111111111,262.352222222222,95.7,716.68
7218,51.0811111111111,262.352222222222,95.7,5731.8
7219,52.9483333333333,293.083055555556,101.3,60.68
7220,47.3841666666667,298.083333333333,90.7,82000
7221,52.9994444444444,262.7225,94.3,82
7222,52.0125,236.828055555556,104.5,3.28
7223,48.0716666666667,279.973055555556,101.5,37720
7224,43.3369444444445,278.996666666667,107.7,4455.88
7225,44.6397222222222,284.379722222222,107.9,1640
7226,45.0363888888889,280.745833333333,99.5,19680
7227,45.1166666666667,281.500833333333,93.5,0
7228,45.3288888888889,281.034722222222,105.5,71176
7229,48.4658333333333,278.552222222222,93.1,26896
7230,44.1988888888889,282.595,97.1,82000
7231,45.2169444444444,284.436111111111,105.3,10405.8
7232,45.5030555555556,284.149722222222,105.3,137760
7233,46.3036111111111,280.591388888889,106.3,16400
7234,44.1672222222222,283.5725,105.7,39360
7235,50.6708333333333,239.601388888889,97.5,7052
7236,46.5233333333333,279.000277777778,98.9,6264.8
7237,44.6863888888889,296.489166666667,93.9,5084
7238,44.2802777777778,283.503333333333,93.5,6068
7239,46.1402777777778,295.0975,105.1,1443.2
7240,45.07,282.029444444444,97.7,0
7241,50.2833333333333,259.889166666667,91.5,164000
7242,49.7483333333333,234.750555555556,98.9,0
7243,44.3566666666667,295.535555555556,107.1,82
7244,52.1380555555556,236.048055555556,104.5,3.28
7245,45.2169444444444,284.436111111111,99.1,41492
7246,45.2169444444444,284.436111111111,99.1,8360.72
7247,45.3813888888889,284.382777777778,99.1,2843.76
7248,45.3044444444444,286.748888888889,104.1,1640
7249,45.3563888888889,286.851944444444,104.1,2214
7250,45.4130555555556,288.366666666667,88.1,1.64
7251,45.3975,288.162222222222,101.1,20992
7252,45.3975,288.162222222222,101.1,20992
7253,45.3988888888889,288.090555555556,101.1,383.76
7254,50.2241666666667,240.696666666667,107.5,0
7255,49.7838888888889,267.193055555556,92.7,27880
7256,54.0005555555556,249.179166666667,96.7,7708
7257,42.7502777777778,278.835,90.1,1.64
7258,51.1005555555556,246.034444444444,102.7,82
7259,48.2411111111111,280.979444444444,90.7,459.2
7260,50.5627777777778,240.895833333333,93.9,0
7261,50.7555555555556,238.700833333333,95.3,224.68
7262,49.935,285.199444444444,103.9,0
7263,49.5555555555556,242.403611111111,91.7,447.72
7264,49.5555555555556,242.403611111111,91.7,447.72
7265,46.0955555555556,299.853333333333,95.9,6888
7266,46.0955555555556,299.853333333333,95.9,27634
7267,53.9033333333333,237.296111111111,90.3,659.28
7268,53.9033333333333,237.296111111111,90.3,659.28
7269,46.0955555555556,299.853333333333,92.1,6683
7270,46.0955555555556,299.853333333333,92.1,13398.8
7271,53.9033333333333,237.296111111111,95.5,675.68
7272,53.9033333333333,237.296111111111,95.5,675.68
7273,46.0955555555556,299.853333333333,105.1,13743.2
7274,46.0955555555556,299.853333333333,105.1,111520
7275,44.0672222222222,295.283055555556,97.1,3398.08
7276,44.0672222222222,295.283055555556,97.1,6635.44
7277,45.5055555555556,286.408333333333,103.3,32.8
7278,44.2894444444444,283.519722222222,92.9,1968
7279,46.7919444444444,288.816111111111,96.9,239.44
7280,50.6433333333333,266.773333333333,95.5,82
7281,43.7405555555556,279.066388888889,100.1,8090.12
7282,56.7072222222222,242.344444444444,100.5,2596.12
7283,56.7072222222222,242.344444444444,100.5,12977.32
7284,45.45,296.710277777778,89.1,1886
7285,45.45,296.710277777778,89.1,1886
7286,45.5297222222222,289.211944444444,91.3,1323.48
7287,45.5297222222222,289.211944444444,91.3,436.24
7288,52.3119444444444,246.042222222222,100.7,82000
7289,52.3119444444444,246.042222222222,100.7,8856
7290,46.5719444444444,293.869722222222,96.5,141.04
7291,46.5719444444444,293.869722222222,96.5,141.04
7292,49.0741666666667,295.463333333333,101.5,410
7293,49.0741666666667,295.463333333333,101.5,68.88
7294,48.415,282.2175,104.3,154160
7295,51.3536111111111,304.434444444444,100.3,2952
7296,51.3536111111111,304.434444444444,100.3,7380
7297,45.0594444444444,280.7175,102.3,37720
7298,45.0594444444444,280.7175,102.3,7740.8
7299,46.2375,287.445,106.9,96760
7300,45.3747222222222,288.083333333333,107.7,18040
7301,45.3747222222222,288.083333333333,107.7,12464
7302,43.0075,280.822222222222,91.7,41000
7303,43.4041666666667,279.365555555556,96.7,131200
7304,46.2194444444445,285.4475,101.3,1312
7305,45.9519444444445,278.055,100.7,24600
7306,49.1480555555556,234.099166666667,91.5,0
7307,48.3041666666667,295.302222222222,93.3,2509.2
7308,48.3041666666667,295.302222222222,93.3,2509.2
7309,48.3041666666667,295.302222222222,103.7,770.8
7310,48.3041666666667,295.302222222222,103.7,127.92
7311,49.2175,294.821388888889,104.1,1197.2
7312,49.2175,294.821388888889,104.1,1197.2
7313,45.5055555555556,286.408333333333,93.5,164000
7314,45.5055555555556,286.408333333333,93.5,41836.4
7315,45.5055555555556,286.408333333333,92.5,164000
7316,45.5055555555556,286.408333333333,92.5,73800
7317,48.0713888888889,293.304166666667,103.9,11166.76
7318,48.0088888888889,294.675,101.5,114.8
7319,48.0088888888889,294.675,101.5,1148
7320,49.2508333333333,294.465555555556,94.5,57.4
7321,49.2508333333333,294.465555555556,94.5,344.4
7322,45.5055555555556,286.408333333333,105.7,78720
7323,45.5055555555556,286.408333333333,105.7,78720
7324,45.65,286.285555555556,96.9,98819.84
7325,45.5055555555556,286.408333333333,96.9,242720
7326,54.0347222222222,244.284444444444,105.3,29684
7327,45.65,286.285555555556,98.5,88072.92
7328,45.5055555555556,286.408333333333,98.5,76260
7329,45.5055555555556,286.408333333333,98.5,164000
7330,51.2677777777778,253.893611111111,103.3,82000
7331,49.1908333333333,295.109166666667,105.1,410
7332,49.1908333333333,295.109166666667,105.1,68.88
7333,48.0088888888889,294.675,98.7,1131.6
7334,48.0088888888889,294.675,98.7,1131.6
7335,58.6816666666667,242.601388888889,102.1,11148.72
7336,58.6816666666667,242.601388888889,102.1,1152.92
7337,53.9383333333333,237.536388888889,91.5,22390.92
7338,53.9383333333333,237.536388888889,91.5,10177.84
7339,53.9033333333333,237.296111111111,91.5,0
7340,58.6816666666667,242.601388888889,106.1,11148.72
7341,58.6816666666667,242.601388888889,106.1,1152.92
7342,49.2069444444445,293.936666666667,89.3,377.2
7343,49.2069444444445,293.936666666667,89.3,62.32
7344,49.0988888888889,238.024722222222,92.3,2707.64
7345,42.9086111111111,277.661388888889,90.3,2952
7346,42.9086111111111,277.661388888889,90.3,2952
7347,56.3611111111111,242.641666666667,106.1,49200
7348,56.3611111111111,242.641666666667,94.9,54120
7349,48.4416666666667,270.765833333333,105.3,119.72
7350,48.5241666666667,270.885277777778,105.3,0
7351,45.0583333333333,285.254444444444,104.5,26989.48
7352,48.4705555555556,278.703333333333,99.3,0
7353,48.4705555555556,278.703333333333,92.1,0
7354,48.4705555555556,278.703333333333,92.1,0
7355,45.0583333333333,285.254444444444,101.9,2328.8
7356,48.1475,294.205555555556,104.3,1148
7357,48.1475,294.205555555556,104.3,1148
7358,50.2166666666667,299.324444444444,99.9,82
7359,50.2166666666667,299.324444444444,99.9,82
7360,48.1391666666667,295.014722222222,100.5,385.4
7361,48.1391666666667,295.014722222222,100.5,63.96
7362,50.4641666666667,240.418611111111,102.7,446.08
7363,50.4641666666667,240.418611111111,102.7,446.08
7364,46.7708333333333,288.694444444444,89.7,0
7365,46.7708333333333,288.694444444444,106.9,147.6
7366,48.5269444444444,295.756666666667,104.5,1279.2
7367,48.5269444444444,295.756666666667,104.5,1279.2
7368,49.2208333333333,294.241388888889,106.1,3517.8
7369,49.2208333333333,294.241388888889,106.1,3517.8
7370,48.1475,294.205555555556,103.5,1197.2
7371,48.1475,294.205555555556,103.5,119.72
7372,48.5269444444444,295.756666666667,105.3,1262.8
7373,48.5269444444444,295.756666666667,105.3,126.28
7374,48.1391666666667,295.014722222222,92.5,1271
7375,48.1391666666667,295.014722222222,92.5,1271
7376,47.1441666666667,304.853333333333,88.3,0
7377,46.3027777777778,280.589166666667,90.5,75112
7378,44.5319444444444,280.337777777778,104.1,15340.56
7379,44.5122222222222,279.046388888889,92.3,15416
7380,46.5038888888889,279.032222222222,91.7,82000
7381,44.35,280.302777777778,95.7,67240
7382,44.35,280.302777777778,107.5,32800
7383,51.0886111111111,244.620833333333,106.5,836.4
7384,44.0705555555556,281.856944444444,103.1,142188
7385,44.0705555555556,281.856944444444,103.1,15940.8
7386,44.3141666666667,282.792777777778,104.7,1953.24
7387,44.3141666666667,282.792777777778,104.7,1953.24
7388,48.3013888888889,280.9475,98.3,803.6
7389,42.4375,277.892777777778,89.3,30668
7390,48.1522222222222,289.716666666667,101.9,1394
7391,48.1522222222222,289.716666666667,101.9,1394
7392,49.1644444444444,243.318333333333,100.3,0
7393,47.1441666666667,304.853333333333,91.7,0
7394,45.4777777777778,293.765555555556,88.1,31488
7395,45.4777777777778,293.765555555556,88.1,3148.8
7396,44.5319444444444,280.337777777778,105.9,17384
7397,49.0316666666667,240.532777777778,106.5,27.88
7398,48.2630555555556,280.948055555556,99.1,2461.64
7399,48.2655555555556,280.965555555556,99.1,4920
7400,48.2655555555556,280.965555555556,99.1,4920
7401,62.4466666666667,245.64,97.3,0
7402,54.8844444444444,233.781388888889,101.5,52.48
7403,54.8844444444444,233.781388888889,96.7,52.48
7404,54.8844444444444,233.781388888889,103.3,52.48
7405,54.8844444444444,233.781388888889,92.5,52.48
7406,54.8844444444444,233.781388888889,94.5,52.48
7407,44.6508333333333,296.343055555556,105.9,0
7408,42.4375,277.892777777778,95.1,68880
7409,42.4375,277.892777777778,94.3,82000
7410,42.4025,277.816388888889,92.9,410
7411,54.4433333333333,235.774722222222,97.9,52.48
7412,50.6486111111111,240.162777777778,106.3,0
7413,50.6486111111111,240.162777777778,104.5,0
7414,50.9,240.356944444444,101.1,0
7415,52.1152777777778,237.813888888889,97.5,0
7416,50.3211111111111,237.209166666667,92.7,82
7417,50.3211111111111,237.209166666667,103.7,82
7418,50.3211111111111,237.209166666667,107.7,82
7419,49.3536111111111,237.043611111111,102.7,0
7420,49.3536111111111,237.043611111111,102.7,0
7421,49.3536111111111,237.043611111111,88.1,60516
7422,49.3536111111111,237.043611111111,105.7,52024.08
7423,49.3536111111111,237.043611111111,105.7,52024.08
7424,46.2122222222222,296.658333333333,93.1,0
7425,46.2122222222222,296.658333333333,95.1,0
7426,46.2122222222222,296.658333333333,88.1,0
7427,46.2122222222222,296.658333333333,88.1,0
7428,46.2122222222222,296.658333333333,88.9,0
7429,46.2122222222222,296.658333333333,88.9,0
7430,46.2122222222222,296.658333333333,96.1,0
7431,46.2122222222222,296.658333333333,104.7,0
7432,43.6883333333333,280.605277777778,93.5,426.4
7433,43.6488888888889,280.618333333333,93.5,1753.16
7434,43.6488888888889,280.618333333333,93.5,1753.16
7435,62.4466666666667,245.64,103.5,0
7436,62.4466666666667,245.64,95.3,0
7437,62.4466666666667,245.64,98.9,6707.6
7438,62.4466666666667,245.64,98.9,1344.8
7439,50.4827777777778,255.494444444444,97.7,9184
7440,50.4827777777778,255.494444444444,102.5,1344.8
7441,50.4827777777778,255.494444444444,88.9,32308
7442,42.9544444444444,278.645277777778,93.5,105858.72
7443,42.9544444444444,278.645277777778,99.3,5643.24
7444,42.9544444444444,278.645277777778,99.3,16242.56
7445,42.9544444444444,278.645277777778,100.5,15873.56
7446,42.9544444444444,278.645277777778,100.5,15873.56
7447,54.4433333333333,235.774722222222,101.9,52.48
7448,54.4433333333333,235.774722222222,105.9,52.48
7449,54.4433333333333,235.774722222222,88.5,52.48
7450,45.8519444444445,295.1875,103.9,114800
7451,45.8519444444445,295.1875,103.9,39934
7452,48.4666666666667,278.696944444444,105.5,2296
7453,68.3630555555556,226.298055555556,106.7,41
7454,54.4416666666667,233.341388888889,104.7,0
7455,51.555,272.096388888889,101.5,98.4
7456,51.555,272.096388888889,101.5,98.4
7457,56.33,256.758055555556,94.1,75.44
7458,47.6158333333333,294.382222222222,104.9,54940
7459,45.555,296.776111111111,100.9,18860
7460,45.555,296.776111111111,100.9,0
7461,45.3177777777778,279.937222222222,91.3,55.76
7462,50.9,240.355833333333,93.1,0
7463,45.5158333333333,284.341944444444,104.7,50840
7464,45.4191666666667,284.295277777778,104.7,2327.16
7465,53.8716666666667,233.9875,102.5,134.48
7466,45.3513888888889,284.646944444444,107.9,1.64
7467,54.0438888888889,254.239444444444,95.5,77.08
7468,52.9483333333333,293.083055555556,102.5,82
7469,46.3755555555556,284.023055555556,97.3,800.32
7470,51.1869444444444,244.408888888889,93.3,150.88
7471,51.1869444444444,244.408888888889,100.1,150.88
7472,49.9219444444444,262.834166666667,96.9,82
7473,57.8872222222222,258.336111111111,100.9,82
7474,43.6425,280.612777777778,99.9,20992
7475,53.9941666666667,262.227777777778,97.9,688.8
7476,50.2663888888889,252.093888888889,97.1,70356
7477,46.5233333333333,279.000277777778,95.5,13284
7478,46.3463888888889,280.544166666667,103.5,0
7479,49.9691666666667,261.625833333333,96.5,410
7480,49.9691666666667,261.625833333333,96.5,39360
7481,45.9541666666667,278.054444444444,102.1,0
7482,46.3875,277.378611111111,102.5,1418.6
7483,46.5336111111111,275.679722222222,106.5,3608
7484,45.7780555555556,280.605555555556,98.3,885.6
7485,48.7677777777778,279.305,105.9,885.6
7486,52.4625,246.266666666667,94.1,45.92
7487,52.3119444444444,246.041111111111,94.1,42640
7488,49.8436111111111,266.559166666667,103.3,2624
7489,42.985,278.755555555556,103.1,2296
7490,42.9497222222222,278.735555555556,103.1,36080
7491,42.9497222222222,278.735555555556,103.1,36080
7492,49.7797222222222,265.513611111111,104.5,2624
7493,43.6425,280.612777777778,102.1,58056
7494,43.6488888888889,280.618333333333,102.1,1541.6
7495,42.985,278.755555555556,95.9,2296
7496,42.9497222222222,278.735555555556,95.9,246000
7497,42.9497222222222,278.735555555556,95.9,147600
7498,44.35,280.302777777778,93.1,164000
7499,44.35,280.302777777778,93.1,164000
7500,53.0041666666667,253.123333333333,104.3,49.2
7501,53.4630555555556,246.664722222222,103.9,160720
7502,53.4630555555556,246.664722222222,103.9,7380
7503,50.1147222222222,236.998888888889,90.7,82
7504,43.6425,280.612777777778,107.1,65600
7505,43.6488888888889,280.618333333333,107.1,1541.6
7506,43.2608333333333,279.556111111111,91.5,5904
7507,53.4630555555556,246.664722222222,92.5,159080
7508,53.4630555555556,246.664722222222,92.5,7216
7509,43.4858333333333,279.755,106.1,82000
7510,43.4858333333333,279.755,106.1,41000
7511,44.35,280.302777777778,101.1,7052
7512,43.4080555555556,279.696111111111,107.5,4100
7513,44.4783333333333,279.673333333333,95.1,574
7514,56.6877777777778,248.666944444444,91.1,17425
7515,46.3055555555555,281.281666666667,93.9,82
7516,45.9247222222222,282.927222222222,88.7,3772
7517,48.8855555555556,287.659166666667,93.1,31324
7518,48.8855555555556,287.659166666667,93.1,62648
7519,48.8855555555556,287.659166666667,90.9,0
7520,50.7872222222222,300.991666666667,101.5,82
7521,50.7872222222222,300.991666666667,100.1,82
7522,48.3930555555556,285.114444444444,88.3,0
7523,46.3930555555556,285.114166666667,88.3,0
7524,51.4266666666667,302.165555555556,95.9,8.2
7525,51.4266666666667,302.165555555556,95.9,42.64
7526,51.4266666666667,302.574444444444,91.7,8.2
7527,51.4266666666667,302.165555555556,91.7,42.64
7528,51.4791666666667,302.284444444444,104.3,6.56
7529,51.4791666666667,302.284444444444,104.3,34.44
7530,51.4791666666667,302.284444444444,103.1,6.56
7531,51.4791666666667,302.284444444444,103.1,34.44
7532,49.9880555555556,242.621388888889,103.7,0
7533,49.9880555555556,242.621388888889,101.5,0
7534,49.9880555555556,242.621388888889,98.3,0
7535,49.9880555555556,242.621388888889,107.5,75.44
7536,52.3841666666667,253.476944444444,100.9,82
7537,46.0577777777778,288.365555555556,97.3,8200
7538,46.0577777777778,288.365555555556,97.3,164000
7539,46.0766666666667,288.736666666667,105.5,9840
7540,48.4247222222222,288.891666666667,98.3,10332
7541,48.4247222222222,288.891666666667,98.3,103320
7542,45.6075,289.019166666667,101.7,3772
7543,45.6075,289.018888888889,106.7,3116
7544,46.3913888888889,289.017777777778,101.5,30422
7545,45.9086111111111,288.658888888889,107.1,186.96
7546,46.1694444444444,288.328055555556,95.7,1640
7547,46.1694444444444,288.328055555556,95.7,1295.6
7548,46.1230555555556,285.361666666667,98.1,0
7549,46.1230555555556,285.361666666667,98.1,0
7550,46.1230555555556,285.361666666667,95.5,0
7551,46.1230555555556,285.361666666667,95.5,0
7552,46.2297222222222,289.243055555556,96.7,1197.2
7553,46.2297222222222,289.243055555556,96.7,1197.2
7554,43.2608333333333,279.556111111111,89.1,3394.8
7555,43.2608333333333,279.556111111111,89.1,6068
7556,43.2608333333333,279.556111111111,89.9,3362
7557,43.2608333333333,279.556111111111,89.9,8134.4
7558,49.6483333333333,245.502777777778,102.3,0
7559,52.8822222222222,237.663055555556,90.9,213.2
7560,55.2080555555556,230.946388888889,102.3,0
7561,51.065,245.785833333333,88.1,8528
7562,69.5369444444444,266.469722222222,98.3,134.48
7563,47.3761111111111,280.324166666667,104.5,16400
7564,47.9013888888889,286.218333333333,89.9,82
7565,45.8638888888889,285.979722222222,103.9,624.84
7566,45.8638888888889,285.979722222222,103.9,9467.72
7567,45.8638888888889,285.979722222222,103.9,17666.08
7568,44.6772222222222,294.266944444444,107.1,688.8
7569,53.9444444444444,257.763055555556,97.5,70.52
7570,60.6586111111111,225.115833333333,98.1,2376.36
7571,49.8641666666667,238.5575,106.1,410
7572,50.2611111111111,240.783611111111,97.9,0
7573,51.1447222222222,244.425277777778,94.1,0
7574,51.1816666666667,239.875555555556,93.1,22.96
7575,51.1447222222222,244.425277777778,106.5,0
7576,50.4230555555556,238.652777777778,90.1,0
7577,49.6947222222222,284.031388888889,105.1,173.84
7578,49.6947222222222,284.031388888889,105.1,173.84
7579,49.6947222222222,284.031388888889,101.5,172.2
7580,49.6947222222222,284.031388888889,101.5,172.2
7581,51.1619444444444,245.790555555556,94.7,37720
7582,51.025,245.939444444444,94.7,3444
7583,43.8783333333333,294.03,95.5,0
7584,44.2644444444444,294.097777777778,93.5,4920
7585,43.5738888888889,294.460277777778,96.3,9020
7586,49.1505555555556,235.951388888889,91.7,426.4
7587,51.1447222222222,244.425277777778,99.3,0
7588,49.5461111111111,242.318333333333,90.7,188.6
7589,49.5461111111111,242.318333333333,99.7,186.96
7590,45.3586111111111,284.2625,99.7,2892.96
7591,45.2169444444444,284.436111111111,99.7,108353.16
7592,45.3586111111111,284.2625,106.9,4378.8
7593,45.5030555555556,284.149722222222,106.9,137760
7594,55.2041666666667,232.304722222222,100.3,34.44
7595,55.2041666666667,232.304722222222,105.9,34.44
7596,55.7702777777778,239.757777777778,106.5,82
7597,45.6008333333333,298.261944444444,104.5,82
7598,51.6369444444444,256.462777777778,99.3,78.72
7599,53.2377777777778,228.081666666667,104.9,972.52
7600,43.6488888888889,280.618333333333,88.1,7872
7601,50.0630555555556,245.155833333333,90.1,36.08
7602,50.0630555555556,245.155833333333,94.5,36.08
7603,49.4644444444444,239.494444444444,92.1,75.44
7604,54.4416666666667,233.341388888889,102.1,0
7605,54.4416666666667,233.341388888889,106.5,0
7606,49.1938888888889,240.224166666667,96.7,82
7607,49.1644444444444,243.318333333333,94.1,0
7608,49.1644444444444,243.318333333333,94.1,0
7609,49.7575,282.357222222222,97.7,213.2
7610,49.7575,282.357222222222,97.7,213.2
7611,57.9066666666667,228.834166666667,92.7,82
7612,46.1694444444444,299.908055555556,107.3,82
7613,43.8358333333333,293.879444444444,94.7,82
7614,43.6488888888889,280.618333333333,106.5,1886
7615,43.6488888888889,280.618333333333,106.5,1351.36
7616,43.6488888888889,280.618333333333,106.5,4838
7617,43.45,279.398055555556,98.5,656
7618,43.45,279.398055555556,98.5,3936
7619,62.7672222222222,243.942777777778,105.1,0
7620,43.6488888888889,280.618333333333,101.3,1394
7621,43.6488888888889,280.618333333333,101.3,611.72
7622,49.1975,304.633055555555,90.7,0
7623,43.6488888888889,280.618333333333,96.3,42968
7624,43.6488888888889,280.618333333333,96.3,3580.12
7625,43.6488888888889,280.618333333333,96.3,98400
7626,51.9041666666667,238.748333333333,91.3,2952
7627,51.9041666666667,238.748333333333,91.3,2952
7628,43.6488888888889,280.618333333333,90.3,9397.2
7629,43.6488888888889,280.618333333333,90.3,9397.2
7630,43.6488888888889,280.618333333333,90.3,16400
7631,50.5955555555556,254.93,103.9,164000
7632,50.5955555555556,254.93,100.7,164000
7633,45.5055555555556,286.408333333333,105.7,78720
7634,43.6488888888889,280.618333333333,92.5,21320
7635,43.6488888888889,280.618333333333,92.5,7708
7636,43.2058333333333,280.269722222222,94.7,164000
7637,43.2058333333333,280.269722222222,94.7,1443.2
7638,43.2058333333333,280.269722222222,94.7,65600
7639,48.5805555555556,274.719444444444,97.7,82
7640,48.5805555555556,274.719444444444,97.7,82
7641,45.5030555555556,284.149722222222,100.3,164000
7642,45.4191666666667,284.295,100.3,5559.6
7643,45.5030555555556,284.149722222222,100.3,164000
7644,45.5055555555556,286.408333333333,107.3,70356
7645,45.65,286.285555555556,107.3,76096
7646,45.5055555555556,286.408333333333,107.3,70356
7647,43.9838888888889,280.975555555556,95.9,82000
7648,43.9838888888889,280.975555555556,95.9,32701.6
7649,51.065,245.785833333333,105.1,164000
7650,51.0272222222222,245.938611111111,105.1,3493.2
7651,51.065,245.785833333333,105.1,164000
7652,51.025,245.939444444444,101.5,3280
7653,51.0602777777778,245.828611111111,101.5,5904
7654,51.0602777777778,245.828611111111,101.5,78720
7655,43.2075,280.225833333333,95.3,164000
7656,43.2075,280.225833333333,95.3,164000
7657,43.2075,280.225833333333,95.3,164000
7658,50.6086111111111,263.708333333333,102.7,78.72
7659,43.6488888888889,280.618333333333,88.1,19680
7660,49.3572222222222,237.046388888889,96.9,52480
7661,49.3572222222222,237.046388888889,96.9,52480
7662,49.3572222222222,237.046388888889,96.9,114800
7663,53.2991666666667,299.463333333333,89.5,7380
7664,49.9255555555556,233.346666666667,90.5,0
7665,49.9255555555556,233.346666666667,90.5,0
7666,49.0141666666667,271.735277777778,92.5,82
7667,43.2636111111111,279.691388888889,92.1,131200
7668,43.2636111111111,279.691388888889,92.1,131200
7669,53.5133333333333,246.715,90.9,0
7670,53.5133333333333,246.715,90.9,0
7671,53.5133333333333,246.715,90.1,0
7672,53.5133333333333,246.715,90.1,0
7673,49.345,237.027222222222,101.1,164000
7674,49.345,237.027222222222,101.1,19680
7675,49.345,237.027222222222,101.1,86920
7676,60.6577777777778,225.115833333333,96.1,1567.84
7677,60.6930555555556,225.029444444444,96.1,296.84
7678,60.6577777777778,225.115833333333,96.1,7216
7679,62.8272222222222,243.940555555556,99.3,72.16
7680,51.025,245.939444444444,90.9,1151.28
7681,51.065,245.785833333333,90.9,7544
7682,51.065,245.785833333333,90.9,29520
7683,45.5055555555556,286.408333333333,95.1,164000
7684,45.5055555555556,286.408333333333,95.1,4739.6
7685,45.5055555555556,286.408333333333,95.1,164000
7686,45.4191666666667,284.295,95.7,14924
7687,45.4191666666667,284.295,95.7,4083.6
7688,45.4466666666667,284.375833333333,101.7,7709.64
7689,45.2169444444444,284.436111111111,99.7,59594.32
7690,60.2375,236.523888888889,101.9,13.12
7691,48.4416666666667,270.765833333333,97.1,13.12
7692,50.0902777777778,267.836111111111,97.5,44.28
7693,45.3902777777778,294.03,96.1,4100
7694,48.2002777777778,281.879166666667,101.1,17367.6
7695,48.2002777777778,281.879166666667,101.1,8524.72
7696,48.2002777777778,281.879166666667,91.5,32964
7697,48.2002777777778,281.879166666667,91.5,32964
7698,48.2002777777778,281.879166666667,88.3,18464.76
7699,48.2002777777778,281.879166666667,88.3,31537.2
7700,42.45,277.916944444444,88.1,2345.2
7701,45.5775,285.364444444444,102.1,1279.2
7702,48.8291666666667,280.798888888889,102.1,6773.2
7703,48.4013888888889,287.910833333333,99.5,24650.84
7704,48.8291666666667,280.798888888889,103.9,432.96
7705,56.335,240.459722222222,91.5,82
7706,48.5927777777778,288.409722222222,104.5,32800
7707,49.9461111111111,285.650833333333,93.5,0
7708,48.8861111111111,287.658055555556,100.3,35096
7709,45.6772222222222,285.629444444444,104.9,4920
7710,48.4213888888889,282.153333333333,103.5,0
7711,48.6011111111111,289.171111111111,95.7,4368.96
7712,48.6011111111111,289.171111111111,95.7,32124.32
7713,48.5505555555556,288.334722222222,96.3,70.52
7714,68.5338888888889,270.176111111111,89.9,67.24
7715,55.2419444444444,241.438055555556,96.3,4428
7716,55.2419444444444,241.438055555556,96.3,49200
7717,56.2791666666667,238.955555555556,97.1,836.4
7718,55.7827777777778,239.785555555556,96.7,459.2
7719,55.4888888888889,241.251666666667,103.3,20746
7720,55.4888888888889,241.251666666667,102.5,42279.2
7721,50.4133333333333,254.462777777778,103.9,377.2
7722,50.4133333333333,254.462777777778,100.7,180.4
7723,54.2925,249.515555555556,101.3,44280
7724,51.0725,245.739444444444,103.1,8200
7725,51.0725,245.739444444444,103.1,164000
7726,54.7536111111111,248.058333333333,103.5,3116
7727,55.4716666666667,245.214166666667,92.7,8200
7728,53.9925,248.771944444444,97.7,73800
7729,53.9925,248.771944444444,97.7,6724
7730,52.9941666666667,249.465555555556,101.9,82000
7731,52.9941666666667,249.465555555556,93.7,82000
7732,45.8486111111111,295.2125,103.1,76752
7733,46.0830555555556,295.164444444444,103.1,823.28
7734,45.8486111111111,295.2125,96.9,164000
7735,46.0830555555556,295.164444444444,96.9,829.84
7736,48.1691666666667,306.029166666667,97.1,4100
7737,48.1691666666667,306.029166666667,97.1,4100
7738,48.9625,305.324166666667,98.7,7872
7739,48.9444444444444,304.359166666667,102.3,27880
7740,48.9444444444444,304.359166666667,102.3,5740
7741,46.4236111111111,297.909166666667,99.9,0
7742,46.4236111111111,297.909166666667,103.7,0
7743,46.8927777777778,295.851944444444,89.9,0
7744,46.8927777777778,295.851944444444,91.1,0
7745,46.2122222222222,296.658333333333,105.5,0
7746,46.2122222222222,296.658333333333,100.3,0
7747,43.0936111111111,280.785555555556,105.1,6560
7748,42.9,281.047777777778,101.1,32308
7749,50.0461111111111,249.381111111111,102.1,2624
7750,50.0461111111111,249.381111111111,102.1,27880
7751,45.54,297.054444444444,94.1,0
7752,50.58,233.080833333333,105.1,442.8
7753,47.6344444444444,307.032777777778,93.9,49.2
7754,43.2636111111111,279.691388888889,92.1,119228
7755,48.9461111111111,304.36,94.5,57.4
7756,44.9233333333333,297.461388888889,94.7,73.8
7757,52.3194444444445,246.321944444444,88.7,77080
7758,48.8058333333333,272.733888888889,90.9,213.2
7759,49.935,285.199444444444,106.9,0
7760,45.5516666666667,298.920833333333,104.1,9512
7761,58.4944444444445,244.848611111111,102.5,0
7762,48.4247222222222,288.891666666667,102.7,0
7763,48.4247222222222,288.891666666667,93.7,0
7764,48.4247222222222,288.891666666667,100.9,0
7765,50.1147222222222,236.998888888889,92.3,77.08
7766,45.6813888888889,282.903888888889,99.9,12300
7767,45.6813888888889,282.903888888889,99.9,7544
7768,49.1219444444444,261.933055555556,93.5,109880
7769,43.8752777777778,280.560277777778,105.9,162.36
7770,43.8752777777778,280.560277777778,105.9,1033.2
7771,43.8752777777778,280.560277777778,105.9,4920
7772,43.8752777777778,280.560277777778,105.9,1033.2
7773,43.8761111111111,280.264166666667,102.7,0
7774,43.6425,280.612777777778,99.9,20992
7775,51.065,245.785833333333,107.3,164000
7776,43.0122222222222,279.164166666667,107.3,3280
7777,43.0122222222222,279.164166666667,101.3,42640
7778,60.2316666666667,236.6025,95.1,82
7779,49.2505555555556,304.930833333333,101.3,82
7780,53.8858333333333,251.586944444444,98.5,34440
7781,53.8858333333333,251.586944444444,102.3,49200
7782,44.1283333333333,282.338611111111,107.1,3099.6
7783,44.1283333333333,282.338611111111,107.1,5969.6
7784,49.8083333333333,248.098055555556,102.5,2460
7785,47.8155555555556,278.403888888889,104.9,849.52
7786,47.8155555555556,278.403888888889,104.9,2953.64
7787,53.8933333333333,237.186666666667,88.7,0
7788,45.5030555555556,284.149722222222,90.7,63796
7789,45.5030555555556,284.149722222222,90.7,137760
7790,45.5030555555556,284.149722222222,91.5,62959.6
7791,45.5030555555556,284.149722222222,91.5,137760
7792,48.465,291.79,98.7,959.4
7793,48.465,291.79,98.7,124640
7794,45.65,286.285555555556,92.5,94398.4
7795,45.5272222222222,286.3125,90.7,82
7796,49.7719444444445,246.218333333333,89.3,0
7797,58.4575,281.894722222222,103.5,82
7798,62.2033333333333,284.364166666667,103.5,82
7799,58.1088888888889,291.588888888889,103.5,82
7800,55.2797222222222,282.248888888889,103.5,82
7801,60.0391666666667,282.726111111111,103.5,82
7802,43.5033333333333,280.143611111111,101.3,787.2
7803,45.8252777777778,295.806666666667,99.1,26.24
7804,50.7052777777778,302.633333333333,96.7,3116
7805,50.7052777777778,302.633333333333,96.7,3116
7806,46.3036111111111,280.591388888889,100.5,164000
7807,44.3158333333333,295.607222222222,93.7,82
7808,63.7502777777778,291.474166666667,107.3,44.28
7809,43.1680555555556,279.751666666667,93.9,2788
7810,48.4583333333333,288.920555555556,92.5,20336
7811,55.3363888888889,244.100277777778,91.7,2132
7812,50.7555555555556,238.700833333333,93.5,736.36
7813,50.7555555555556,238.700833333333,93.5,736.36
7814,48.5716666666667,281.883888888889,102.7,760.96
7815,48.1019444444445,282.189166666667,102.7,377.2
7816,48.4172222222222,282.194722222222,102.7,30340
7817,48.4172222222222,282.194722222222,102.7,157440
7818,54.7877777777778,258.156388888889,92.7,575.64
7819,43.9327777777778,293.898333333333,92.1,25926.76
7820,43.9327777777778,293.898333333333,92.1,34740.12
7821,54.7877777777778,258.156388888889,90.9,2614.16
7822,50.2730555555556,248.838611111111,107.1,672.4
7823,43.9327777777778,293.898333333333,107.3,285.36
7824,43.9327777777778,293.898333333333,107.3,285.36
7825,43.9327777777778,293.898333333333,106.1,8536.2
7826,43.9327777777778,293.898333333333,106.1,13505.4
7827,54.7877777777778,258.156388888889,93.3,518.24
7828,51.2091666666667,257.266388888889,91.7,41000
7829,51.1475,259.955555555556,97.3,2706
7830,44.3141666666667,282.792777777778,94.3,4798.64
7831,44.3141666666667,282.792777777778,94.3,9420.16
7832,60.1730555555556,225.303611111111,99.9,41
7833,55.4888888888889,241.251388888889,105.7,8692
7834,59.5672222222222,226.296111111111,99.9,41
7835,52.8416666666667,240.741944444444,107.5,82
7836,52.8416666666667,240.741944444444,102.5,52.48
7837,52.8416666666667,240.741944444444,98.5,52.48
7838,52.8416666666667,240.741944444444,94.5,52.48
7839,50.4827777777778,255.494444444444,96.9,38540
7840,45.5055555555556,286.408333333333,103.3,2788
7841,49.4016666666667,277.618611111111,88.5,836.4
7842,43.0986111111111,280.7375,105.7,82000
7843,46.7955555555556,288.748333333333,107.5,1157.84
7844,46.8227777777778,288.505277777778,107.5,60680
7845,45.8702777777778,287.4875,105.3,3608
7846,43.9327777777778,293.898333333333,104.1,1982.76
7847,45.8702777777778,287.4875,92.1,3608
7848,45.9122222222222,287.484166666667,92.1,4920
7849,51.1286111111111,259.912222222222,98.1,50.84
7850,48.4658333333333,278.552222222222,104.1,3772
7851,44.1288888888889,278.876111111111,91.3,410
7852,53.7677777777778,281.110277777778,101.1,4920
7853,48.9597222222222,234.506944444444,102.1,22.96
7854,61.6966666666667,286.361111111111,103.5,73.8
7855,61.6838888888889,286.328333333333,105.5,72.16
7856,62.1486111111111,285.296944444444,96.5,3.28
7857,61.6872222222222,286.323333333333,107.5,1.64
7858,61.6872222222222,286.323333333333,94.1,45.92
7859,43.0986111111111,280.7375,97.7,82000
7860,49.1480555555556,237.1075,91.5,933.16
7861,49.3536111111111,237.043333333333,88.1,156154.24
7862,46.2894444444444,296.895833333333,91.3,410
7863,46.4111111111111,296.209722222222,92.5,295.2
7864,45.2002777777778,295.591388888889,88.3,91.84
7865,56.5138888888889,238.036111111111,96.1,16.4
7866,53.5688888888889,246.476666666667,97.9,278.8
7867,55.1536111111111,239.019166666667,104.3,0
7868,45.3655555555556,284.535833333333,107.7,24.6
7869,51.0725,245.739444444444,95.3,47560
7870,51.0725,245.739444444444,95.3,16400
7871,51.025,245.939444444444,95.3,3280
7872,61.1069444444444,265.939166666667,105.1,134.48
7873,50.3997222222222,286.155277777778,95.3,0
7874,44.3077777777778,278.469166666667,97.9,5779.36
7875,45.68,285.597222222222,102.7,410
7876,53.285,256.414722222222,101.1,16.4
7877,44.6175,296.386111111111,94.7,82
7878,43.6488888888889,280.618333333333,99.1,160720
7879,48.3730555555556,291.3975,102.9,524.8
7880,48.3730555555556,291.3975,102.9,55104
7881,54.985,236.954722222222,96.1,0
7882,66.2622222222222,231.371666666667,105.1,306.68
7883,45.9311111111111,278.013055555555,94.1,0
7884,50.1625,249.043611111111,94.5,164000
7885,60.9405555555556,242.584166666667,92.1,68.88
7886,48.2652777777778,280.956666666667,96.5,0
7887,48.2652777777778,280.956666666667,96.5,0
7888,44.2211111111111,280.5725,93.7,3232.44
7889,51.1975,245.544166666667,91.5,9348
7890,48.2652777777778,280.956666666667,95.7,0
7891,48.2652777777778,280.956666666667,95.7,0
7892,43.1013888888889,279.228611111111,104.7,14678
7893,43.1013888888889,279.228611111111,104.7,32800
7894,50.1625,249.043611111111,104.1,1749.88
7895,50.6580555555556,257.923888888889,99.5,82
7896,48.4247222222222,288.891666666667,93.7,0
7897,51.1875,244.411666666667,100.1,0
7898,55.2786111111111,282.253333333333,96.5,16.4
7899,44.515,278.641388888889,89.5,82
7900,53.5319444444444,246.218611111111,107.1,2132
7901,53.5319444444444,246.218611111111,107.1,15744
7902,50.4147222222222,286.133333333333,101.5,126.28
7903,50.4147222222222,286.133333333333,101.5,126.28
7904,44.5686111111111,279.465833333333,99.3,1394
7905,44.5686111111111,279.465833333333,99.3,1394
7906,51.1875,244.411666666667,93.3,0
7907,43.3355555555556,278.996944444444,107.7,4455.88
7908,45.0402777777778,285.204722222222,95.5,4920
7909,45.0402777777778,285.204722222222,95.5,1902.4
7910,45.0402777777778,285.204722222222,98.1,1902.4
7911,45.0402777777778,285.204722222222,98.1,4920
7912,46.1130555555556,288.591388888889,90.1,756.04
7913,46.1130555555556,288.591388888889,90.1,2469.84
7914,46.1130555555556,288.591388888889,92.3,756.04
7915,46.1130555555556,288.591388888889,92.3,756.04
7916,55.4719444444445,245.214166666667,107.5,0
7917,50.6147222222222,238.120277777778,98.7,32.8
7918,50.7902777777778,238.056944444444,93.9,0
7919,50.6147222222222,238.120277777778,104.5,16.4
7920,65.2747222222222,233.213611111111,99.9,82
7921,65.2747222222222,233.213611111111,99.9,82
7922,60.0030555555556,248.123888888889,97.9,82
7923,60.0030555555556,248.123888888889,97.9,82
7924,50.4275,232.52,92.3,82
7925,50.4275,232.52,92.3,82
7926,45.5805555555556,292.6575,95.5,82
7927,45.5805555555556,292.6575,95.5,82
7928,47.9225,285.379166666667,99.9,82
7929,49.0494444444444,283.020277777778,94.9,82
7930,45.2677777777778,284.694166666667,107.7,65.6
7931,48.8336111111111,295.743333333333,89.3,3371.84
7932,48.8336111111111,295.743333333333,89.3,2587.92
7933,42.0097222222222,277.4375,92.7,1566.2
7934,49.1144444444444,293.449166666667,103.1,24.6
7935,48.8336111111111,295.743333333333,90.1,3712.96
7936,45.4283333333333,286.338611111111,100.1,623.2
7937,47.3897222222222,291.680833333333,101.1,9348
7938,49.4688888888889,236.263611111111,104.7,0
7939,43.6488888888889,280.618333333333,88.9,6855.2
7940,43.6488888888889,280.618333333333,88.9,3083.2
7941,49.3536111111111,237.043611111111,104.3,14924
7942,49.3536111111111,237.043611111111,104.3,2132
7943,49.3536111111111,237.043611111111,104.3,5904
7944,53.8333333333333,270.116388888889,100.3,0
7945,42.8691666666667,277.606111111111,106.3,57400
7946,42.9747222222222,277.594444444444,103.9,328
7947,42.8691666666667,277.606111111111,99.9,42640
7948,55.4102777777778,255.430833333333,94.1,2296
7949,51.4347222222222,247.301666666667,99.5,295.2
7950,51.4347222222222,247.301666666667,99.5,2788
7951,45.54,297.054444444444,97.9,0
7952,49.1844444444444,240.310555555556,98.9,0
7953,53.8866666666667,240.889444444444,93.3,311.6
7954,52.9622222222222,247.038055555556,98.1,5576
7955,52.9622222222222,247.038055555556,98.1,82000
7956,54.2925,249.515555555556,95.3,70356
7957,52.3194444444445,246.321944444444,98.9,164000
7958,52.3194444444445,246.321944444444,98.9,164000
7959,52.2788888888889,246.187222222222,98.9,1392.36
7960,48.92,302.030277777778,103.9,0
7961,48.92,302.030277777778,103.9,0
7962,47.5925,300.8625,96.7,2033.6
7963,49.7122222222222,240.391111111111,100.7,0
7964,49.7683333333333,240.499166666667,100.7,0
7965,46.4247222222222,278.985277777778,93.5,3772
7966,46.4247222222222,278.985277777778,93.5,70520
7967,45.2169444444444,284.436111111111,88.5,24946.04
7968,45.2169444444444,284.436111111111,88.5,60680
7969,44.6463888888889,296.339722222222,104.3,164000
7970,48.5272222222222,301.511666666667,95.9,383.76
7971,47.5438888888889,307.222222222222,97.5,164000
7972,47.5483333333333,307.301111111111,99.1,164000
7973,51.3538888888889,304.434444444444,97.9,0
7974,47.8033333333333,300.711111111111,97.7,0
7975,49.1672222222222,302.585277777778,97.9,26.24
7976,48.1894444444444,305.963888888889,100.7,0
7977,53.5280555555556,295.989166666667,97.9,0
7978,47.0588888888889,294.423611111111,95.9,18040
7979,47.0588888888889,294.423611111111,95.9,18040
7980,49.4683333333333,239.454722222222,98.1,0
7981,54.0319444444444,244.282222222222,96.7,14760
7982,54.1080555555556,245.927222222222,97.9,9020
7983,54.1080555555556,245.927222222222,97.9,44280
7984,52.3097222222222,247.3775,93.3,4428
7985,52.3097222222222,247.3775,93.3,18040
7986,49.4797222222222,246.034444444444,92.7,5412
7987,53.3963888888889,249.991666666667,95.9,70520
7988,52.8352777777778,241.873611111111,95.5,155.8
7989,53.4097222222222,242.211111111111,104.9,787.2
7990,53.4097222222222,242.211111111111,104.9,787.2
7991,53.4097222222222,242.211111111111,97.5,869.2
7992,55.4319444444444,243.508333333333,93.5,2952
7993,55.5411111111111,243.879444444444,93.5,47560
7994,53.4191666666667,246.758611111111,96.3,37720
7995,53.4191666666667,246.758611111111,96.3,164000
7996,53.4191666666667,246.758611111111,96.3,164000
7997,53.4191666666667,246.758611111111,97.3,37720
7998,53.4191666666667,246.758611111111,97.3,164000
7999,51.0725,245.739444444444,90.3,7708
8000,51.0725,245.739444444444,90.3,164000
8001,50.5661111111111,248.098888888889,101.1,688.8
8002,50.5072222222222,248.113055555556,101.1,6724
8003,50.5661111111111,248.098888888889,105.7,688.8
8004,50.5072222222222,248.113055555556,105.7,10824
8005,49.6338888888889,245.507222222222,94.9,0
8006,49.4961111111111,303.928055555556,89.3,82
8007,53.5297222222222,299.850833333333,95.9,82
8008,53.2777777777778,249.9925,98.9,82
8009,46.4247222222222,278.985277777778,103.9,3772
8010,46.4247222222222,278.985277777778,103.9,70520
8011,52.9483333333333,293.083055555556,94.7,0
8012,52.9483333333333,293.083055555556,94.7,0
8013,54.7038888888889,246.710277777778,94.1,14760
8014,54.3955555555556,243.210555555556,98.1,1000.4
8015,53.3102777777778,299.707222222222,97.9,0
8016,53.3102777777778,299.707222222222,97.9,0
8017,49.7683333333333,240.499166666667,96.3,0
8018,52.3194444444445,246.321944444444,95.5,164000
8019,52.3194444444445,246.321944444444,95.5,164000
8020,52.2788888888889,246.187222222222,95.5,1392.36
8021,42.9413888888889,278.865833333333,98.1,20664
8022,42.1708333333333,277.008611111111,95.9,5024.96
8023,46.8227777777778,288.505277777778,92.7,2079.52
8024,46.7722222222222,288.723055555556,92.7,1005.32
8025,45.4427777777778,284.267222222222,94.9,1935.2
8026,45.5030555555556,284.149722222222,94.9,137760
8027,49.2838888888889,237.174722222222,98.7,885.6
8028,48.8336111111111,295.743333333333,88.5,1384.16
8029,48.8336111111111,295.743333333333,88.5,1384.16
8030,52.0861111111111,253.330833333333,96.3,2460
8031,48.7530555555556,273.418611111111,93.1,39338.68
8032,51.4861111111111,281.249166666667,106.5,78.72
8033,51.4861111111111,281.249166666667,99.3,78.72
8034,51.4216666666667,302.822777777778,89.9,1476
8035,48.8336111111111,295.743333333333,94.5,3417.76
8036,49.2219444444445,235.9975,106.9,2132
8037,49.2219444444445,235.9975,106.9,2666.64
8038,49.2772222222222,235.217222222222,93.3,0
8039,49.2219444444445,235.9975,102.3,2132
8040,49.2219444444445,235.9975,102.3,2666.64
8041,63.0411111111111,267.777222222222,89.5,4.92
8042,63.0411111111111,267.777222222222,103.5,4.92
8043,49.8766666666667,253.445,93.1,78.72
8044,49.9088888888889,250.512777777778,99.3,80.36
8045,45.4780555555556,285.899722222222,101.7,49.2
8046,51.0491666666667,246.004166666667,107.9,62.32
8047,50.9780555555556,241.778333333333,91.3,0
8048,50.9780555555556,241.778333333333,91.3,0
8049,58.7033333333333,241.313611111111,89.9,16.4
8050,59.0833333333333,242.248611111111,89.9,16.4
8051,58.5097222222222,240.598611111111,103.9,16.4
8052,56.5444444444444,298.305277777778,90.1,0
8053,53.5152777777778,299.859444444444,94.1,16.4
8054,53.0091666666667,267.2,107.9,26.24
8055,45.5163888888889,286.337777777778,90.7,82
8056,48.0369444444444,294.75,106.1,0
8057,50.4566666666667,253.340555555556,103.1,77.08
8058,56.4841666666667,250.565555555556,89.9,75.44
8059,55.1666666666667,257.064444444444,89.9,16.4
8060,49.8958333333333,262.862222222222,101.5,1968
8061,46.1436111111111,295.097777777778,99.9,15580
8062,45.4780555555556,293.766388888889,94.1,0
8063,45.4780555555556,293.766388888889,94.1,0
8064,45.4780555555556,293.766388888889,97.3,0
8065,45.1255555555556,292.906666666667,98.1,65600
8066,44.3880555555556,295.321111111111,100.7,16400
8067,44.3880555555556,295.321111111111,98.1,52480
8068,44.0661111111111,295.281111111111,94.5,14268
8069,43.7691666666667,294.650833333333,93.1,14104
8070,44.1672222222222,283.5725,96.3,22960
8071,44.1672222222222,283.5725,96.3,4100
8072,44.1672222222222,283.5725,104.3,6560
8073,44.2933333333333,281.644722222222,100.5,8200
8074,44.3280555555556,281.700555555556,101.5,24928
8075,44.3280555555556,281.700555555556,101.5,4862.6
8076,53.4994444444444,246.511944444444,93.3,80.36
8077,68.2202777777778,224.969166666667,97.7,82
8078,55.1422222222222,238.986388888889,99.5,0
8079,47.4477777777778,280.3625,105.1,42.64
8080,55.1033333333333,231.965,92.9,16.4
8081,45.0633333333333,285.333055555556,91.9,626.48
8082,42.9,281.047777777778,101.1,82000
8083,49.7305555555556,262.800555555556,92.7,23942.36
8084,55.5180555555556,253.425,89.9,82
8085,43.2608333333333,279.556111111111,90.7,4001.6
8086,43.2608333333333,279.556111111111,90.7,3280
8087,45.5055555555556,286.408333333333,100.7,164000
8088,45.5055555555556,286.408333333333,100.7,84099.2
8089,43.9119444444444,280.0625,103.5,50348
8090,43.9119444444444,280.0625,103.5,50348
8091,49.0494444444444,283.020277777778,92.7,82
8092,52.8352777777778,246.500555555556,93.5,52.48
8093,47.4933333333333,280.310555555556,100.9,869.2
8094,44.1552777777778,283.309166666667,101.3,5002
8095,44.375,295.499722222222,98.7,31.16
8096,53.3072222222222,246.545833333333,93.1,3775.28
8097,51.6305555555556,274.05,89.9,16.4
8098,53.5772222222222,252.901388888889,95.7,62.32
8099,55.1619444444444,251.845555555556,103.9,16.4
8100,52.7522222222222,271.487777777778,89.9,32.8
8101,51.2258333333333,301.330277777778,90.1,1.64
8102,48.655,285.059166666667,89.9,37.72
8103,54.0494444444444,250.330555555556,106.5,54.12
8104,67.4466666666667,226.266944444444,99.9,73.8
8105,52.5094444444444,266.972777777778,89.9,24.6
8106,62.8061111111111,267.865277777778,92.7,34.44
8107,52.9347222222222,270.722222222222,90.1,1.64
8108,52.95,268.653888888889,90.1,1.64
8109,52.9883333333333,272.641666666667,90.1,1.64
8110,55.0861111111111,300.824444444444,99.5,0
8111,47.6077777777778,280.527222222222,92.3,82
8112,63.1541666666667,242.728888888889,101.9,0
8113,56.33,256.758055555556,97.9,67.24
8114,49.1333333333333,262.759444444444,100.5,82
8115,53.8166666666667,270.5,89.9,16.4
8116,68.5341666666667,270.172777777778,107.1,0
8117,48.2144444444444,289.926388888889,101.3,410
8118,60.0030555555556,248.123888888889,97.9,218.12
8119,53.0575,254.156944444444,90.1,0
8120,44.6652777777778,296.433055555556,98.5,6264.8
8121,43.7338888888889,279.039444444444,100.1,2296
8122,49.6997222222222,249.36,105.3,42640
8123,49.6997222222222,249.36,105.3,23204.36
8124,68.625,264.1225,89.9,82
8125,49.3536111111111,237.043333333333,88.1,70234.64
8126,49.3536111111111,237.043333333333,88.1,78298.52
8127,46.4022222222222,284.054166666667,99.3,9840
8128,50.1077777777778,239.227222222222,95.9,82
8129,43.6425,280.612777777778,97.3,47396
8130,43.7097222222222,280.598333333333,97.3,1941.76
8131,52.9894444444444,237.434166666667,100.3,0
8132,52.9894444444444,237.434166666667,94.9,0
8133,53.6463888888889,243.458333333333,94.3,18040
8134,55.9811111111111,246.177222222222,94.3,9840
8135,46.0405555555556,293.51,92.3,68880
8136,46.0405555555556,293.51,93.1,68880
8137,45.4775,293.766944444444,88.9,20500
8138,47.7202777777778,306.786111111111,103.9,27880
8139,54.445,235.749444444444,94.7,0
8140,49.3536111111111,237.043333333333,97.7,47291.04
8141,55.2041666666667,232.304722222222,98.1,42.64
8142,49.3536111111111,237.043333333333,105.7,51973.24
8143,49.7275,241.061666666667,98.1,0
8144,54.2147222222222,234.229722222222,92.9,82
8145,55.2463888888889,232.398611111111,101.9,82
8146,49.9069444444444,243.091666666667,95.3,68.88
8147,54.0022222222222,227.881388888889,92.9,82
8148,50.2430555555556,242.230833333333,103.1,72.16
8149,49.9880555555556,242.621388888889,93.5,0
8150,53.2377777777778,228.081388888889,92.9,0
8151,54.7808333333333,232.831944444444,92.9,82
8152,51.1980555555556,244.386944444444,95.1,0
8153,51.0602777777778,245.828611111111,98.5,2296
8154,51.0602777777778,245.828611111111,92.1,713.4
8155,53.4630555555556,246.664722222222,100.3,159080
8156,53.5422222222222,246.358888888889,100.3,1082.4
8157,53.4630555555556,246.664722222222,100.3,37272.28
8158,53.4630555555556,246.664722222222,104.9,164000
8159,53.5422222222222,246.357777777778,104.9,1230
8160,53.4630555555556,246.664722222222,104.9,37272.28
8161,49.7275,241.061666666667,93.1,0
8162,49.3133333333333,242.373611111111,90.3,0
8163,49.3133333333333,242.373611111111,90.3,0
8164,49.6486111111111,243.15,101.9,229.6
8165,55.7294444444444,239.555555555556,95.1,2952
8166,50.5683333333333,240.903611111111,98.7,229.6
8167,50.5683333333333,240.903611111111,104.3,0
8168,58.8125,237.285,102.3,2952
8169,56.0772222222222,239.365277777778,98.5,82000
8170,56.0772222222222,239.365277777778,101.5,65600
8171,56.0772222222222,239.365277777778,101.5,7980.24
8172,49.0108333333333,241.608611111111,103.3,0
8173,49.0108333333333,241.608611111111,103.3,0
8174,54.4416666666667,233.341388888889,105.5,5690.8
8175,49.7680555555556,240.499166666667,99.9,0
8176,49.8861111111111,240.505555555556,99.9,0
8177,49.9666666666667,240.471111111111,99.9,0
8178,49.7683333333333,240.499166666667,101.5,0
8179,49.7461111111111,240.464166666667,101.5,0
8180,54.0519444444444,231.386666666667,92.9,0
8181,54.0519444444444,231.388333333333,97.7,0
8182,49.5305555555556,242.699444444444,106.9,0
8183,49.5305555555556,242.699444444444,106.9,0
8184,49.135,240.329722222222,99.9,0
8185,49.135,240.329722222222,102.9,0
8186,49.5288888888889,240.358611111111,97.1,0
8187,54.2836111111111,229.685833333333,99.1,262.4
8188,54.2836111111111,229.685833333333,99.1,262.4
8189,54.2836111111111,229.685833333333,101.9,2870
8190,50.99,241.78,106.1,0
8191,50.7586111111111,240.633333333333,91.5,0
8192,50.8533333333333,241.0225,102.1,0
8193,50.9186111111111,240.565277777778,102.1,0
8194,54.5177777777778,231.5275,103.1,2542
8195,49.0916666666667,242.178888888889,95.7,9841.64
8196,55.1336111111111,239.018055555556,92.7,0
8197,50.2241666666667,240.696666666667,105.7,0
8198,49.6680555555556,259.988333333333,96.1,164000
8199,49.6680555555556,259.988333333333,96.1,73800
8200,49.6680555555556,259.988333333333,101.1,164000
8201,49.7555555555556,262.868611111111,103.1,114800
8202,43.3366666666667,280.131666666667,102.9,66092
8203,43.3366666666667,280.131666666667,102.9,66092
8204,42.9544444444444,278.645277777778,97.5,82000
8205,42.9544444444444,278.645277777778,97.5,21320
8206,42.9472222222222,278.919722222222,92.7,82000
8207,45.6813888888889,282.903888888889,96.7,164000
8208,43.7097222222222,280.598333333333,99.9,1941.76
8209,50.4827777777778,255.494444444444,92.7,36078.36
8210,43.2205555555556,280.1375,102.9,1395.64
8211,42.9497222222222,278.735555555556,92.7,3271.8
8212,42.9497222222222,278.735555555556,97.5,3219.32
8213,49.0916666666667,242.178888888889,95.7,1968
8214,49.0977777777778,242.297777777778,95.7,0
8215,51.065,245.785833333333,98.5,164000
8216,51.065,245.785833333333,98.5,43296
8217,51.065,245.785833333333,92.1,164000
8218,51.065,245.785833333333,92.1,37228
8219,43.6425,280.612777777778,99.9,65600
8220,51.2947222222222,243.035555555556,99.9,32.8
8221,46.3175,299.031944444444,93.9,82
8222,46.3175,299.031944444444,93.9,82
8223,46.5038888888889,279.0325,90.1,82000
8224,46.5038888888889,279.0325,90.1,20500
8225,46.5038888888889,279.0325,90.9,82000
8226,46.5038888888889,279.0325,90.9,8200
8227,56.3611111111111,242.641666666667,104.3,0
8228,44.6463888888889,296.339722222222,96.5,164000
8229,45.2033333333333,295.599166666667,89.3,12464
8230,52.1986111111111,271.909166666667,89.9,24.6
8231,55.9025,249.249444444444,89.9,82
8232,46.5038888888889,279.0325,99.9,82000
8233,46.5038888888889,279.0325,99.9,82000
8234,45.5727777777778,288.003055555556,98.3,698.64
8235,53.0175,256.274166666667,93.5,2948.72
8236,48.415,282.2175,103.5,83436.64
8237,48.415,282.2175,103.5,25977.6
8238,61.1091666666667,265.944166666667,96.5,234.52
8239,49.3536111111111,237.043333333333,90.9,2150.04
8240,46.5038888888889,279.0325,98.1,20500
8241,46.5038888888889,279.0325,98.1,82000
8242,48.245,290.198055555556,99.7,42.64
8243,49.6825,247.072777777778,94.1,70524.92
8244,49.7361111111111,247.196388888889,98.1,0
8245,49.7361111111111,247.196388888889,98.1,0
8246,52.3736111111111,233.290833333333,103.5,0
8247,48.7591666666667,279.317222222222,101.1,65.6
8248,49.4583333333333,244.369722222222,107.5,0
8249,49.4883333333333,244.935833333333,107.9,0
8250,50.4869444444445,244.041944444444,107.7,0
8251,49.7111111111111,245.120555555556,107.1,0
8252,49.6594444444444,240.427222222222,98.5,0
8253,49.3544444444444,237.041666666667,94.5,0
8254,49.3544444444444,237.041666666667,103.5,0
8255,48.4213888888889,236.488888888889,107.3,0
8256,48.4213888888889,236.488888888889,107.3,0
8257,49.7994444444444,262.725,99.9,164000
8258,44.6463888888889,296.339722222222,100.1,164000
8259,44.6463888888889,296.339722222222,101.3,70520
8260,46.0986111111111,299.688611111111,101.9,95120
8261,46.0986111111111,299.688611111111,101.9,4756
8262,46.0986111111111,299.688611111111,103.5,43460
8263,46.0986111111111,299.688611111111,103.5,4920
8264,44.6038888888889,284.205555555556,104.9,9184
8265,44.3994444444444,284.027777777778,103.7,86920
8266,44.4263888888889,283.361388888889,98.3,156620
8267,44.4263888888889,283.361388888889,98.3,117424
8268,44.21,283.581944444444,98.9,10660
8269,43.4041666666667,279.365555555556,105.3,164000
8270,43.4041666666667,279.365555555556,105.3,41000
8271,43.4036111111111,279.468333333333,99.5,2788
8272,44.2797222222222,281.301111111111,91.9,12398.4
8273,44.2797222222222,281.301111111111,91.9,1640
8274,45.5030555555556,284.149722222222,89.9,44280
8275,45.5030555555556,284.149722222222,93.9,155800
8276,45.4191666666667,284.295,93.9,5559.6
8277,44.2933333333333,281.644722222222,99.7,6068
8278,44.3280555555556,281.700555555556,105.1,12300
8279,49.4583333333333,244.369722222222,107.5,0
8280,48.4213888888889,236.488888888889,107.3,0
8281,49.3544444444444,237.041666666667,103.5,0
8282,43.4036111111111,279.468333333333,99.5,7052
8283,45.6322222222222,287.078888888889,106.5,4920
8284,45.6322222222222,287.078888888889,106.5,4920
8285,45.7516666666667,288.056944444444,99.3,18204
8286,55.2419444444444,241.438055555556,100.9,62320
8287,49.1977777777778,304.631666666667,90.7,67428.6
8288,47.83,280.069444444444,103.1,4821.6
8289,54.1819444444444,249.133611111111,98.7,0
8290,43.6488888888889,280.618333333333,93.5,6077.84
8291,50.0461111111111,249.380277777778,98.3,4920
8292,50.0461111111111,249.380277777778,98.3,4920
8293,50.0461111111111,249.380277777778,100.5,1312
8294,50.0461111111111,249.380277777778,100.5,1092.24
8295,49.7475,234.767777777778,100.7,0
8296,45.0805555555556,283.902222222222,92.3,0
8297,45.0805555555556,283.902222222222,92.3,0
8298,45.0805555555556,283.902222222222,101.1,164000
8299,56.6844444444444,248.671388888889,94.5,164000
8300,50.8480555555556,246.939722222222,104.7,0
8301,50.0541666666667,234.675,99.7,8364
8302,43.9427777777778,282.772777777778,99.3,600.24
8303,43.9427777777778,282.772777777778,99.3,2768.32
8304,49.3858333333333,254.328333333333,98.1,47560
8305,44.2722222222222,282.151111111111,93.7,278.8
8306,56.6841666666667,248.671388888889,100.5,82000
8307,56.6841666666667,248.671388888889,103.7,82000
8308,49.3536111111111,237.043333333333,95.3,33552.76
8309,49.1977777777778,304.631666666667,95.9,33032.88
8310,68.2202777777778,224.969166666667,97.7,0
8311,43.6488888888889,280.618333333333,95.9,360.8
8312,48.3930555555556,301.378333333333,104.7,82
8313,50.0030555555556,234.754166666667,93.1,44.28
8314,43.6425,280.612777777778,104.5,65600
8315,43.6847222222222,280.608888888889,104.5,6232
8316,43.6425,280.612777777778,104.5,65600
8317,49.7797222222222,240.493888888889,103.9,23058.4
8318,49.7797222222222,240.493888888889,103.9,1398.92
8319,49.8852777777778,240.505833333333,103.9,869.2
8320,47.8813888888889,305.795555555556,104.3,216.48
8321,49.7797222222222,247.128333333333,95.5,164000
8322,49.6858333333333,247.6525,93.3,82000
8323,51.0355555555556,246.575277777778,104.5,4920
8324,44.2722222222222,282.151111111111,93.7,820
8325,45.8427777777778,288.056666666667,96.1,1818.76
8326,45.8427777777778,288.056666666667,96.1,172.2
8327,45.3902777777778,294.03,96.1,98.4
8328,50.2947222222222,252.195833333333,91.9,82
8329,49.0536111111111,237.661388888889,93.1,126.28
8330,49.0536111111111,237.661388888889,89.1,50.84
8331,47.4411111111111,287.215277777778,94.1,82
8332,48.3719444444444,291.294722222222,92.5,44.28
8333,59.1333333333333,254.397777777778,91.7,41
8334,45.4291666666667,284.271666666667,106.5,49.2
8335,44.3141666666667,282.792777777778,90.3,12541.08
8336,49.1838888888889,237.155277777778,107.7,3280
8337,53.8672222222222,249.599166666667,89.7,10988
8338,49.6997222222222,249.36,97.3,44280
8339,49.6997222222222,249.36,97.3,44280
8340,50.2605555555556,242.191388888889,99.9,82
8341,50.2605555555556,242.191388888889,99.9,82
8342,46.4544444444445,293.58,90.9,1339.88
8343,43.2608333333333,279.556111111111,88.3,10938.8
8344,43.6425,280.612777777778,97.3,47396
8345,45.5030555555556,284.149722222222,89.9,44280
8346,48.8608333333333,236.243055555556,89.7,0
8347,48.8608333333333,236.243055555556,89.7,0
8348,45.4708333333333,287.138055555556,104.9,1754.8
8349,45.4708333333333,287.138055555556,104.9,373.92
8350,45.5030555555556,284.149722222222,106.9,38212
8351,51.5097222222222,247.6775,91.3,19680
8352,49.7708333333333,262.489722222222,98.3,12923.2
8353,49.7708333333333,262.489722222222,98.3,47527.2
8354,49.7708333333333,262.489722222222,98.3,71323.6
8355,49.7708333333333,262.489722222222,98.3,262400
8356,51.5097222222222,247.6775,91.3,19680
8357,49.1480555555556,237.1075,91.5,2952
8358,46.2844444444444,287.466388888889,90.5,98400
8359,44.6230555555556,294.237777777778,99.7,82
8360,52.2763888888889,246.309444444444,106.7,78720
8361,49.7708333333333,262.489722222222,88.1,13120
8362,49.7708333333333,262.489722222222,88.1,84460
8363,49.7708333333333,262.489722222222,88.1,25420
8364,49.7708333333333,262.489722222222,88.1,164000
8365,49.285,236.880833333333,98.3,1262.8
8366,49.285,236.880833333333,98.3,1262.8
8367,50.6691666666667,239.602222222222,100.1,0
8368,49.7708333333333,262.489722222222,89.9,100040
8369,45.3480555555556,284.2425,107.9,164
8370,52.2763888888889,246.309444444444,105.5,78720
8371,48.5875,288.450555555556,107.5,1.64
8372,46.6152777777778,298.953055555556,106.1,4920
8373,46.1408333333333,299.818333333333,97.5,1361.2
8374,48.4055555555556,288.755277777778,103.5,49.2
8375,50.7955555555556,245.788055555556,105.7,1.64
8376,45.6358333333333,298.14,92.5,779
8377,45.6127777777778,286.217222222222,89.7,82
8378,53.5133333333333,246.715,106.5,82
8379,43.8113888888889,280.773888888889,105.3,144.32
8380,45.5055555555556,286.408333333333,103.3,524.8
8381,50.6433333333333,266.773333333333,95.5,82
8382,44.6772222222222,294.266944444444,107.1,688.8
8383,48.8488888888889,236.468888888889,107.9,518.24
8384,53.2377777777778,228.081666666667,104.9,972.52
8385,48.8058333333333,272.733888888889,90.9,213.2
8386,45.5030555555556,284.149722222222,90.7,63796
8387,45.5030555555556,284.149722222222,91.5,62959.6
8388,54.7877777777778,258.156388888889,92.7,575.64
8389,54.7877777777778,258.156388888889,90.9,2614.16
8390,54.7877777777778,258.156388888889,93.3,208.28
8391,63.3408333333333,269.297777777778,93.3,0
8392,43.645,280.611388888889,90.3,6925.72
8393,53.3358333333333,255.923611111111,89.5,82
8394,51.4216666666667,302.822777777778,89.9,442.8
8395,55.1447222222222,251.878333333333,89.9,50.84
8396,44.6483333333333,294.199722222222,99.7,3914.68
8397,54.7663888888889,232.773333333333,88.1,0
8398,48.7666666666667,236.491111111111,102.1,82
8399,49.8958333333333,262.862222222222,101.5,1836.8
8400,48.2144444444444,289.926388888889,101.3,410
8401,60.0030555555556,248.123888888889,97.9,218.12
8402,48.9402777777778,291.3625,95.1,0
8403,53.0175,256.274166666667,93.5,295.2
8404,58.1675,243.766944444444,99.9,77.08
8405,52.3736111111111,233.290833333333,103.5,0
8406,51.0725,245.739444444444,92.9,41000
8407,54.1819444444444,249.133611111111,98.7,0
8408,56.6844444444444,248.671388888889,94.5,8200
8409,49.3536111111111,237.043333333333,96.1,82029.52
8410,49.3536111111111,237.043333333333,96.1,24121.12
8411,49.3536111111111,237.043333333333,96.1,72706.12
8412,68.2202777777778,224.969166666667,97.7,0
8413,49.1977777777778,304.631666666667,90.7,0
8414,44.3141666666667,282.792777777778,90.3,7022.48
8415,46.5955555555556,275.718055555556,89.5,8001.56
8416,46.5955555555556,275.718055555556,89.5,7047.08
8417,46.5955555555556,275.718055555556,89.5,27466.72
8418,46.5955555555556,275.718055555556,88.1,3291.48
8419,46.5955555555556,275.718055555556,88.1,2566.6
8420,46.5955555555556,275.718055555556,88.1,2566.6
8421,46.4544444444445,293.58,90.9,401.8
8422,46.3880555555556,277.38,101.7,5608.8
8423,46.3880555555556,277.38,101.7,10937.16
8424,49.3536111111111,237.043333333333,104.3,5994.2
8425,49.3536111111111,237.043333333333,104.3,5994.2
8426,49.3536111111111,237.043333333333,104.3,13516.88
8427,49.3536111111111,237.043333333333,104.3,1928.64
8428,46.3880555555556,277.38,90.3,1479.28
8429,46.3880555555556,277.38,90.3,1479.28
8430,53.5225,246.533611111111,106.5,41
8431,46.1230555555556,285.361388888889,98.1,2373.08
8432,46.1230555555556,285.361388888889,98.1,2373.08
8433,55.4372222222222,252.100555555556,92.5,3608
8434,46.1230555555556,285.361388888889,95.5,2314.04
8435,46.1230555555556,285.361388888889,95.5,2315.68
8436,44.6505555555556,296.402222222222,107.5,82
8437,49.7305555555556,262.800555555556,92.7,39360
8438,49.3847222222222,261.161388888889,90.5,14.76
8439,50.3997222222222,286.155277777778,95.3,0
8440,49.3536111111111,237.043333333333,104.3,13516.88
8441,49.3536111111111,237.043333333333,104.3,5805.6
