,Latitude in degrees,Longitude in degrees,Frequency(MHz),EIRP
0,-45.57222222222222,-72.0875,47.2,0
1,-30.60277777777778,-71.17055555555555,47.2,0
2,-34.21388888888889,-70.7352777777778,47.2,0
3,-35.444444444444436,-71.66666666666669,47.2,0
4,-28.57777777777778,-70.75000000000001,47.2,0
5,-22.46666666666667,-68.93333333333334,47.4,500
6,-35.33333333333334,-72.41666666666667,47.4,0
7,-35.86111111111111,-71.6111111111111,47.4,0
8,-41.261111111111106,-73.01666666666668,47.4,0
9,-53.150000000000006,-70.92777777777778,47.4,0
10,-20.350000000000005,-70.10888888888887,47.6,0
11,-40.56666666666668,-73.15000000000002,47.6,0
12,-38.74444444444444,-72.6111111111111,47.6,0
13,-33.41944444444444,-70.62999999999998,47.9,5000
14,-36.833333333333336,-73.05,47.9,1000
15,-33.0,-71.51666666666667,47.9,1000
16,-34.21388888888889,-70.7352777777778,47.9,500
17,-29.93611111111111,-71.22277777777778,47.9,250
18,-39.81944444444445,-73.23500000000001,47.9,0
19,-34.58333333333334,-71.0,48.0,0
20,-38.74444444444444,-72.6111111111111,48.0,0
21,-23.583333333333336,-70.33,48.2,0
22,-33.41944444444444,-70.62999999999998,48.3,1000
23,-29.93611111111111,-71.22277777777778,48.3,0
24,-39.81944444444445,-73.23500000000001,48.3,0
25,-33.0,-71.51666666666667,48.3,0
26,-40.56666666666668,-73.15000000000002,48.4,0
27,-18.49444444444444,-70.33333333333334,49.2,0
28,-36.611111111111114,-72.12777777777775,49.2,0
29,-36.833333333333336,-73.05,49.2,0
30,-20.350000000000005,-70.10888888888887,49.2,0
31,-29.93611111111111,-71.22277777777778,49.2,0
32,-37.47500000000001,-72.34527777777778,49.2,0
33,-33.56944444444445,-71.61611111111108,49.2,0
34,-33.0,-71.51666666666667,49.2,0
35,-33.41944444444444,-70.62999999999998,49.3,1000
36,-22.46666666666667,-68.93333333333334,49.3,0
37,-34.98333333333334,-71.23333333333333,49.4,0
38,-23.583333333333336,-70.33,49.6,0
39,-33.269444444444446,-70.70805555555556,50.008,0
40,-53.01944444444445,-70.87499999999999,50.049,50
41,-53.150000000000006,-70.92777777777778,72.4,250
42,-33.41944444444444,-70.62999999999998,72.6,3000
43,-20.350000000000005,-70.10888888888887,72.6,1000
44,-27.377777777777776,-70.32777777777777,72.6,800
45,-22.46666666666667,-68.93333333333334,72.6,100
46,-33.03333333333334,-71.64444444444443,75.6,0
47,-33.03333333333334,-71.64444444444443,87.7,100
48,-34.58333333333334,-71.0,87.7,0
49,-37.46666666666667,-73.36111111111109,87.9,0
50,-33.41944444444444,-70.62999999999998,88.1,10000
51,-38.74444444444444,-72.6111111111111,88.1,10000
52,-23.583333333333336,-70.33,88.1,1000
53,-18.49444444444444,-70.33333333333334,88.1,1000
54,-20.350000000000005,-70.10888888888887,88.1,1000
55,-35.86111111111111,-71.6111111111111,88.1,1000
56,-41.461111111111116,-72.94861111111112,88.1,1000
57,-22.46666666666667,-68.93333333333334,88.1,250
58,-40.28333333333334,-73.09444444444443,88.1,250
59,-34.63333333333334,-71.37777777777777,88.1,250
60,-37.29166666666667,-71.94861111111112,88.1,250
61,-30.700000000000003,-70.9611111111111,88.1,150
62,-20.26111111111111,-70.12777777777775,88.1,0
63,-27.06111111111111,-70.83694444444444,88.1,0
64,-39.58333333333334,-72.04444444444444,88.1,0
65,-36.833333333333336,-73.05,88.1,0
66,-35.33333333333334,-72.41666666666667,88.1,0
67,-27.377777777777776,-70.32777777777777,88.1,0
68,-45.57222222222222,-72.0875,88.1,0
69,-22.925000000000004,-68.28805555555556,88.1,0
70,-28.511111111111106,-71.07972222222223,88.1,0
71,-33.044444444444444,-71.62222222222222,88.1,0
72,-37.2388888888889,-71.9425,88.1,0
73,-29.93611111111111,-71.22277777777778,88.1,0
74,-29.93611111111111,-71.22277777777778,88.1,0
75,-39.46666666666667,-72.12777777777775,88.1,0
76,-31.91666666666667,-71.51666666666667,88.1,0
77,-35.53333333333333,-71.7,88.1,0
78,-33.93333333333334,-71.83333333333333,88.1,0
79,-51.74444444444444,-72.51666666666667,88.1,0
80,-53.150000000000006,-70.92777777777778,88.1,0
81,-34.416666666666664,-70.87777777777777,88.1,0
82,-32.75000000000001,-70.72388888888888,88.1,0
83,-27.49444444444444,-70.27777777777777,88.1,0
84,-28.57777777777778,-70.75000000000001,88.1,0
85,-33.0,-71.51666666666667,88.1,0
86,-26.26111111111111,-69.61666666666667,88.3,1000
87,-29.93611111111111,-71.22277777777778,88.3,1000
88,-37.46666666666667,-73.36111111111109,88.3,250
89,-39.86111111111111,-72.83333333333333,88.3,250
90,-35.11666666666667,-71.28333333333333,88.3,250
91,-31.911111111111108,-70.61666666666667,88.3,150
92,-27.06111111111111,-70.83694444444444,88.3,0
93,-29.97777777777777,-71.36111111111109,88.3,0
94,-34.98333333333334,-71.23333333333333,88.3,0
95,-34.74444444444444,-71.6111111111111,88.3,0
96,-32.261111111111106,-70.93333333333334,88.3,0
97,-33.56944444444445,-71.61611111111108,88.3,0
98,-33.41944444444444,-70.62999999999998,88.5,10000
99,-18.49444444444444,-70.33333333333334,88.5,1000
100,-42.46666666666667,-73.80000000000001,88.5,1000
101,-36.833333333333336,-73.05,88.5,1000
102,-32.833333333333336,-70.61666666666667,88.5,1000
103,-41.32777777777777,-72.98333333333335,88.5,1000
104,-32.977777777777774,-71.5611111111111,88.5,1000
105,-34.416666666666664,-70.87777777777777,88.5,1000
106,-40.56666666666668,-73.15000000000002,88.5,250
107,-53.30833333333333,-70.3775,88.5,250
108,-22.083333333333336,-70.20000000000002,88.5,250
109,-39.27777777777777,-72.22777777777777,88.5,250
110,-37.72777777777778,-72.23333333333333,88.5,150
111,-41.261111111111106,-73.01666666666668,88.5,150
112,-35.444444444444436,-71.66666666666669,88.5,50
113,-45.57222222222222,-72.0875,88.5,0
114,-31.644444444444442,-71.17777777777776,88.5,0
115,-33.063888888888876,-71.60972222222222,88.5,0
116,-34.12777777777777,-71.72916666666667,88.5,0
117,-30.60277777777778,-71.17055555555555,88.5,0
118,-38.41388888888888,-72.37555555555556,88.5,0
119,-53.150000000000006,-70.92777777777778,88.5,0
120,-38.02777777777777,-73.09444444444443,88.5,0
121,-38.33333333333334,-73.5111111111111,88.5,0
122,-39.81944444444445,-73.23500000000001,88.5,0
123,-28.57777777777778,-70.75000000000001,88.5,0
124,-27.377777777777776,-70.32777777777777,88.7,1000
125,-39.37777777777777,-72.64444444444443,88.7,1000
126,-38.74444444444444,-72.9611111111111,88.7,1000
127,-20.350000000000005,-70.10888888888887,88.7,250
128,-33.02777777777777,-71.27777777777777,88.7,250
129,-33.62777777777777,-71.6111111111111,88.7,250
130,-22.46666666666667,-68.93333333333334,88.7,0
131,-42.46666666666667,-73.80000000000001,88.7,0
132,-36.611111111111114,-72.1,88.7,0
133,-37.95,-72.43333333333335,88.7,0
134,-35.33333333333334,-72.41666666666667,88.7,0
135,-34.98333333333334,-71.23333333333333,88.7,0
136,-29.677777777777774,-71.0,88.7,0
137,-33.02777777777777,-71.28333333333333,88.7,0
138,-38.85277777777779,-71.69305555555556,88.7,0
139,-27.41388888888889,-70.27583333333335,88.7,0
140,-45.40277777777778,-72.69166666666666,88.7,0
141,-45.49444444444445,-72.83333333333333,88.7,0
142,-40.32777777777777,-72.97777777777777,88.7,0
143,-33.56944444444445,-71.61611111111108,88.7,0
144,-27.49444444444444,-70.27777777777777,88.7,0
145,-33.41944444444444,-70.62999999999998,88.9,10000
146,-23.583333333333336,-70.33,88.9,1000
147,-29.93611111111111,-71.22277777777778,88.9,1000
148,-39.81944444444445,-73.23500000000001,88.9,1000
149,-35.86111111111111,-71.6111111111111,88.9,500
150,-32.833333333333336,-70.61666666666667,88.9,500
151,-37.608333333333334,-73.64805555555556,88.9,250
152,-38.65,-72.23333333333333,88.9,250
153,-37.72777777777778,-72.23333333333333,88.9,170
154,-31.90555555555556,-70.72222222222223,88.9,150
155,-34.74444444444444,-71.28333333333333,88.9,0
156,-29.04444444444444,-71.43333333333335,88.9,0
157,-39.58333333333334,-72.04444444444444,88.9,0
158,-34.67777777777777,-71.22777777777777,88.9,0
159,-32.99444444444445,-71.18138888888889,88.9,0
160,-30.60277777777778,-71.17055555555555,88.9,0
161,-26.175000000000004,-70.54916666666666,88.9,0
162,-34.63611111111111,-71.12499999999997,88.9,0
163,-41.32777777777777,-72.98333333333335,88.9,0
164,-53.150000000000006,-70.92777777777778,88.9,0
165,-43.10000000000001,-73.6111111111111,88.9,0
166,-33.04722222222222,-71.44111111111111,88.9,0
167,-34.58333333333334,-71.0,88.9,0
168,-34.63333333333334,-71.37777777777777,88.9,0
169,-22.083333333333336,-70.20000000000002,88.9,0
170,-28.57777777777778,-70.75000000000001,88.9,0
171,-33.0,-71.51666666666667,88.9,0
172,-33.04166666666667,-71.3733333333333,88.9,0
173,-45.57222222222222,-72.0875,89.1,1000
174,-34.98333333333334,-71.23333333333333,89.1,1000
175,-40.56666666666668,-73.15000000000002,89.1,1000
176,-18.49444444444444,-70.33333333333334,89.1,250
177,-22.330555555555556,-68.99027777777778,89.1,250
178,-36.611111111111114,-72.1,89.1,250
179,-38.05,-72.38333333333335,89.1,250
180,-32.87777777777778,-71.24972222222222,89.1,250
181,-34.93333333333334,-71.32777777777777,89.1,250
182,-39.27777777777777,-72.22777777777777,89.1,250
183,-38.33333333333334,-73.5111111111111,89.1,150
184,-27.06111111111111,-70.83694444444444,89.1,0
185,-35.74444444444444,-72.54444444444442,89.1,0
186,-31.194444444444443,-71.0,89.1,0
187,-32.92777777777777,-71.51666666666667,89.1,0
188,-37.02777777777777,-73.14444444444443,89.1,0
189,-35.84166666666667,-72.63416666666669,89.1,0
190,-32.8111111111111,-71.17777777777776,89.1,0
191,-28.511111111111106,-71.07972222222223,89.1,0
192,-32.79444444444444,-71.20000000000002,89.1,0
193,-32.82500000000001,-71.22722222222221,89.1,0
194,-29.93611111111111,-71.22277777777778,89.1,0
195,-33.02777777777777,-71.27777777777777,89.1,0
196,-32.72777777777778,-71.23333333333333,89.1,0
197,-30.01666666666667,-70.54444444444442,89.1,0
198,-34.65,-71.90027777777777,89.1,0
199,-35.81666666666668,-72.59444444444442,89.1,0
200,-33.56944444444445,-71.61611111111108,89.1,0
201,-38.216666666666676,-72.33333333333334,89.1,0
202,-33.04166666666667,-71.3733333333333,89.1,0
203,-33.41944444444444,-70.62999999999998,89.3,10000
204,-42.46666666666667,-73.80000000000001,89.3,1000
205,-27.377777777777776,-70.32777777777777,89.3,1000
206,-20.350000000000005,-70.10888888888887,89.3,1000
207,-53.30833333333333,-70.3775,89.3,1000
208,-41.461111111111116,-72.94861111111112,89.3,1000
209,-38.74444444444444,-72.6111111111111,89.3,1000
210,-34.416666666666664,-70.87777777777777,89.3,500
211,-40.12777777777777,-72.3861111111111,89.3,250
212,-25.583333333333336,-70.17777777777776,89.3,250
213,-37.46666666666667,-72.33999999999999,89.3,250
214,-41.261111111111106,-73.01666666666668,89.3,250
215,-23.580555555555552,-70.33444444444444,89.3,0
216,-31.411111111111108,-71.46111111111111,89.3,0
217,-36.49444444444445,-72.7,89.3,0
218,-39.35,-71.59444444444442,89.3,0
219,-32.833333333333336,-70.61666666666667,89.3,0
220,-31.91666666666667,-71.51666666666667,89.3,0
221,-31.79444444444444,-70.97777777777777,89.3,0
222,-32.75000000000001,-70.72388888888888,89.3,0
223,-22.344444444444445,-69.6625,89.5,1000
224,-51.74444444444444,-72.51666666666667,89.5,1000
225,-35.444444444444436,-71.66666666666669,89.5,1000
226,-33.03333333333334,-71.64444444444443,89.5,1000
227,-39.81944444444445,-73.23500000000001,89.5,250
228,-22.46666666666667,-68.93333333333334,89.5,0
229,-35.33333333333334,-72.41666666666667,89.5,0
230,-45.57222222222222,-72.0875,89.5,0
231,-26.377777777777776,-70.05,89.5,0
232,-29.911111111111108,-71.25000000000001,89.5,0
233,-34.12777777777777,-71.46972222222222,89.5,0
234,-34.12777777777777,-71.72916666666667,89.5,0
235,-41.400000000000006,-73.48333333333335,89.5,0
236,-27.563888888888894,-69.27944444444442,89.5,0
237,-30.700000000000003,-70.9611111111111,89.5,0
238,-39.63333333333334,-72.33333333333334,89.5,0
239,-54.93333333333334,-67.61666666666667,89.5,0
240,-36.72777777777778,-73.12777777777775,89.5,0
241,-33.41944444444444,-70.62999999999998,89.7,10000
242,-18.49444444444444,-70.33333333333334,89.7,1000
243,-20.350000000000005,-70.10888888888887,89.7,1000
244,-39.27777777777777,-72.22777777777777,89.7,1000
245,-41.25277777777779,-73.00555555555555,89.7,250
246,-40.56666666666668,-73.15000000000002,89.7,250
247,-53.150000000000006,-70.92777777777778,89.7,250
248,-34.63333333333334,-71.37777777777777,89.7,250
249,-30.04444444444444,-70.7,89.7,250
250,-38.46666666666667,-72.43333333333335,89.7,150
251,-32.14444444444444,-71.54444444444442,89.7,15
252,-41.89166666666667,-73.81833333333333,89.7,0
253,-23.580555555555552,-70.33444444444444,89.7,0
254,-36.611111111111114,-72.12777777777775,89.7,0
255,-38.508333333333326,-72.4538888888889,89.7,0
256,-39.53055555555555,-72.96083333333333,89.7,0
257,-43.10000000000001,-73.6111111111111,89.7,0
258,-33.56944444444445,-71.61611111111108,89.7,0
259,-28.57777777777778,-70.75000000000001,89.7,0
260,-27.377777777777776,-70.32777777777777,89.9,250
261,-34.98333333333334,-71.23333333333333,89.9,250
262,-33.05,-71.37777777777777,89.9,250
263,-44.75000000000001,-72.7,89.9,250
264,-41.461111111111116,-72.94861111111112,89.9,250
265,-38.977777777777774,-73.05,89.9,250
266,-31.911111111111108,-70.61666666666667,89.9,150
267,-22.083333333333336,-70.20000000000002,89.9,150
268,-40.32222222222222,-72.48055555555555,89.9,100
269,-37.261111111111106,-73.32777777777777,89.9,0
270,-26.358333333333338,-70.64527777777778,89.9,0
271,-29.04444444444444,-71.43333333333335,89.9,0
272,-37.02777777777777,-73.14444444444443,89.9,0
273,-38.400000000000006,-72.79444444444444,89.9,0
274,-37.09444444444444,-73.17777777777776,89.9,0
275,-33.70000000000001,-71.22777777777777,89.9,0
276,-26.175000000000004,-70.54916666666666,89.9,0
277,-32.62777777777779,-70.71666666666668,89.9,0
278,-34.21388888888889,-70.7352777777778,89.9,0
279,-33.63055555555555,-70.33416666666666,89.9,0
280,-32.45000000000001,-71.23333333333333,89.9,0
281,-33.0,-71.51666666666667,89.9,0
282,-41.866666666666674,-73.82777777777775,90.1,1000
283,-37.8111111111111,-72.71666666666668,90.1,1000
284,-23.583333333333336,-70.33,90.1,1000
285,-36.833333333333336,-73.05,90.1,1000
286,-35.33333333333334,-72.41666666666667,90.1,1000
287,-29.93611111111111,-71.22277777777778,90.1,1000
288,-32.833333333333336,-70.61666666666667,90.1,1000
289,-34.21388888888889,-70.7352777777778,90.1,1000
290,-30.60277777777778,-71.17055555555555,90.1,500
291,-42.46666666666667,-73.80000000000001,90.1,250
292,-53.150000000000006,-70.92777777777778,90.1,250
293,-39.81944444444445,-73.23500000000001,90.1,250
294,-33.32777777777777,-71.41666666666667,90.1,150
295,-36.81666666666668,-72.33333333333334,90.1,100
296,-36.74444444444444,-72.30000000000001,90.1,0
297,-29.97777777777777,-71.36111111111109,90.1,0
298,-36.81666666666668,-72.66666666666669,90.1,0
299,-32.45000000000001,-71.22777777777777,90.1,0
300,-41.14444444444444,-72.82055555555554,90.1,0
301,-41.077777777777776,-72.63694444444444,90.1,0
302,-34.74444444444444,-71.6111111111111,90.1,0
303,-31.91666666666667,-71.51666666666667,90.1,0
304,-33.93333333333334,-71.83333333333333,90.1,0
305,-39.294444444444444,-71.98194444444444,90.1,0
306,-38.79444444444444,-73.4111111111111,90.1,0
307,-36.744444444444454,-72.47666666666669,90.1,0
308,-33.45000000000001,-70.66666666666669,90.1,0
309,-38.62777777777779,-73.31555555555553,90.1,0
310,-38.216666666666676,-72.33333333333334,90.1,0
311,-18.49444444444444,-70.33333333333334,90.3,1000
312,-45.57222222222222,-72.0875,90.3,1000
313,-31.644444444444442,-71.17777777777776,90.3,1000
314,-20.350000000000005,-70.10888888888887,90.3,1000
315,-51.74444444444444,-72.51666666666667,90.3,1000
316,-35.444444444444436,-71.66666666666669,90.3,1000
317,-38.74444444444444,-72.6111111111111,90.3,1000
318,-33.400000000000006,-71.15000000000002,90.3,250
319,-29.93611111111111,-71.22277777777778,90.3,250
320,-40.56666666666668,-73.15000000000002,90.3,250
321,-39.63333333333334,-72.33333333333334,90.3,250
322,-22.46666666666667,-68.93333333333334,90.3,0
323,-22.330555555555556,-68.99027777777778,90.3,0
324,-41.766666666666666,-73.1322222222222,90.3,0
325,-36.611111111111114,-72.1,90.3,0
326,-47.27777777777777,-72.5611111111111,90.3,0
327,-30.76944444444444,-70.94416666666667,90.3,0
328,-26.26111111111111,-69.61666666666667,90.3,0
329,-28.511111111111106,-71.07972222222223,90.3,0
330,-33.044444444444444,-71.62222222222222,90.3,0
331,-29.93611111111111,-71.22277777777778,90.3,0
332,-37.608333333333334,-73.64805555555556,90.3,0
333,-37.47500000000001,-72.34527777777778,90.3,0
334,-26.433333333333337,-69.48333333333335,90.3,0
335,-43.10000000000001,-73.6111111111111,90.3,0
336,-36.425,-71.9625,90.3,0
337,-34.444444444444436,-71.09138888888887,90.3,0
338,-27.49444444444444,-70.27777777777777,90.3,0
339,-33.0,-71.51666666666667,90.3,0
340,-33.41944444444444,-70.62999999999998,90.5,10000
341,-29.93611111111111,-71.22277777777778,90.5,1000
342,-27.06111111111111,-70.83694444444444,90.5,250
343,-36.74444444444444,-72.46666666666667,90.5,250
344,-34.63333333333334,-71.37777777777777,90.5,250
345,-37.261111111111106,-73.32777777777777,90.5,0
346,-42.46666666666667,-73.80000000000001,90.5,0
347,-31.194444444444443,-71.0,90.5,0
348,-41.11666666666667,-73.05,90.5,0
349,-32.8111111111111,-71.17777777777776,90.5,0
350,-34.98333333333334,-71.82777777777775,90.5,0
351,-32.79444444444444,-71.20000000000002,90.5,0
352,-32.82500000000001,-71.22722222222221,90.5,0
353,-33.11666666666667,-71.37777777777777,90.5,0
354,-32.72777777777778,-71.23333333333333,90.5,0
355,-40.077777777777776,-72.88333333333334,90.5,0
356,-39.294444444444444,-71.98194444444444,90.5,0
357,-38.02777777777777,-73.09444444444443,90.5,0
358,-34.21388888888889,-70.7352777777778,90.5,0
359,-33.56944444444445,-71.61611111111108,90.5,0
360,-22.083333333333336,-70.20000000000002,90.5,0
361,-23.580555555555552,-70.33444444444444,90.7,1000
362,-46.5611111111111,-71.74444444444444,90.7,1000
363,-35.86111111111111,-71.6111111111111,90.7,1000
364,-34.866666666666674,-71.19444444444444,90.7,1000
365,-33.0,-71.51666666666667,90.7,1000
366,-20.26111111111111,-70.12777777777775,90.7,250
367,-41.89166666666667,-73.81833333333333,90.7,250
368,-37.72777777777778,-72.23333333333333,90.7,250
369,-22.330555555555556,-68.99027777777778,90.7,150
370,-36.70000000000001,-71.90000000000002,90.7,150
371,-37.92499999999999,-73.3061111111111,90.7,0
372,-35.33333333333334,-72.41666666666667,90.7,0
373,-20.350000000000005,-70.10888888888887,90.7,0
374,-32.833333333333336,-70.61666666666667,90.7,0
375,-30.60277777777778,-71.17055555555555,90.7,0
376,-45.40277777777778,-72.69166666666666,90.7,0
377,-45.49444444444445,-72.83333333333333,90.7,0
378,-53.150000000000006,-70.92777777777778,90.7,0
379,-33.58333333333334,-70.7,90.7,0
380,-32.75000000000001,-70.72388888888888,90.7,0
381,-32.45000000000001,-71.22777777777777,90.9,1250
382,-18.49444444444444,-70.33333333333334,90.9,1000
383,-27.377777777777776,-70.32777777777777,90.9,1000
384,-41.461111111111116,-72.94861111111112,90.9,1000
385,-34.21388888888889,-70.7352777777778,90.9,1000
386,-35.977777777777774,-72.36111111111109,90.9,250
387,-33.2111111111111,-70.69444444444444,90.9,250
388,-38.552777777777784,-72.40388888888889,90.9,250
389,-39.81944444444445,-73.23500000000001,90.9,250
390,-35.5611111111111,-71.48333333333335,90.9,50
391,-36.833333333333336,-73.05,90.9,0
392,-45.57222222222222,-72.0875,90.9,0
393,-29.677777777777774,-71.0,90.9,0
394,-32.51666666666667,-71.46111111111111,90.9,0
395,-33.28333333333334,-70.90000000000002,90.9,0
396,-34.74444444444444,-71.6111111111111,90.9,0
397,-28.52777777777778,-70.92611111111111,90.9,0
398,-34.65,-71.90027777777777,90.9,0
399,-34.611111111111114,-71.66666666666669,90.9,0
400,-33.56944444444445,-71.61611111111108,90.9,0
401,-36.72777777777778,-73.12777777777775,90.9,0
402,-33.08055555555556,-70.92777777777779,90.9,0
403,-30.26111111111111,-71.5111111111111,90.9,0
404,-34.88333333333333,-72.0,90.9,0
405,-30.04444444444444,-70.7,90.9,0
406,-29.93611111111111,-71.22277777777778,91.1,1000
407,-36.63333333333334,-71.83333333333333,91.1,250
408,-35.33333333333334,-72.41666666666667,91.1,250
409,-25.583333333333336,-70.17777777777776,91.1,250
410,-39.46666666666667,-72.12777777777775,91.1,250
411,-40.56666666666668,-73.15000000000002,91.1,250
412,-32.79444444444444,-71.54444444444442,91.1,250
413,-34.12777777777777,-71.46972222222222,91.1,150
414,-34.866666666666674,-71.19444444444444,91.1,150
415,-31.194444444444443,-71.0,91.1,100
416,-37.8111111111111,-72.71666666666668,91.1,0
417,-23.580555555555552,-70.33444444444444,91.1,0
418,-22.46666666666667,-68.93333333333334,91.1,0
419,-27.06111111111111,-70.83694444444444,91.1,0
420,-29.97777777777777,-71.36111111111109,91.1,0
421,-37.47500000000001,-72.34527777777778,91.1,0
422,-24.269444444444446,-69.07055555555554,91.1,0
423,-41.261111111111106,-73.01666666666668,91.1,0
424,-53.150000000000006,-70.92777777777778,91.1,0
425,-31.79444444444444,-70.97777777777777,91.1,0
426,-32.45000000000001,-71.23333333333333,91.1,0
427,-33.0,-71.51666666666667,91.1,0
428,-33.37222222222223,-70.6363888888889,91.3,10000
429,-42.46666666666667,-73.80000000000001,91.3,1000
430,-45.57222222222222,-72.0875,91.3,1000
431,-20.350000000000005,-70.10888888888887,91.3,1000
432,-38.74444444444444,-72.6111111111111,91.3,1000
433,-30.60277777777778,-71.17055555555555,91.3,500
434,-35.86111111111111,-71.6111111111111,91.3,250
435,-25.411111111111108,-70.48333333333335,91.3,250
436,-32.425,-71.06638888888888,91.3,0
437,-42.46666666666667,-73.80000000000001,91.3,0
438,-32.56666666666668,-71.28333333333333,91.3,0
439,-36.49444444444445,-72.7,91.3,0
440,-32.92777777777777,-71.51666666666667,91.3,0
441,-41.14444444444444,-72.79444444444444,91.3,0
442,-33.11666666666667,-71.37777777777777,91.3,0
443,-31.91666666666667,-71.51666666666667,91.3,0
444,-32.64722222222222,-71.4386111111111,91.3,0
445,-38.247222222222234,-73.48444444444446,91.3,0
446,-32.79444444444444,-71.54444444444442,91.3,0
447,-34.21388888888889,-70.7352777777778,91.3,0
448,-34.63333333333334,-71.37777777777777,91.3,0
449,-33.07222222222223,-71.41305555555554,91.3,0
450,-23.583333333333336,-70.33,91.5,1000
451,-18.49444444444444,-70.33333333333334,91.5,1000
452,-27.377777777777776,-70.32777777777777,91.5,1000
453,-39.294444444444444,-71.98194444444444,91.5,1000
454,-53.150000000000006,-70.92777777777778,91.5,1000
455,-40.32222222222222,-72.48055555555555,91.5,250
456,-33.02777777777777,-71.27777777777777,91.5,250
457,-39.86111111111111,-72.83333333333333,91.5,250
458,-36.91111111111111,-71.40555555555558,91.5,250
459,-33.56944444444445,-71.61611111111108,91.5,250
460,-28.57777777777778,-70.75000000000001,91.5,250
461,-37.86111111111111,-73.27777777777777,91.5,150
462,-28.758333333333333,-70.48666666666668,91.5,0
463,-22.330555555555556,-68.99027777777778,91.5,0
464,-36.611111111111114,-72.1,91.5,0
465,-37.95,-72.43333333333335,91.5,0
466,-38.444444444444436,-71.88333333333334,91.5,0
467,-34.98333333333334,-71.23333333333333,91.5,0
468,-40.68611111111111,-72.59999999999998,91.5,0
469,-31.644444444444442,-71.17777777777776,91.5,0
470,-40.28333333333334,-73.09444444444443,91.5,0
471,-28.52777777777778,-70.92611111111111,91.5,0
472,-33.02777777777777,-71.28333333333333,91.5,0
473,-41.62777777777777,-73.6111111111111,91.5,0
474,-36.702777777777776,-71.89222222222222,91.5,0
475,-32.87777777777778,-71.24972222222222,91.5,0
476,-28.938888888888894,-70.46000000000001,91.5,0
477,-33.41944444444444,-70.62999999999998,91.5,0
478,-30.04444444444444,-70.7,91.5,0
479,-39.27777777777777,-72.22777777777777,91.5,0
480,-36.833333333333336,-73.05,91.7,10000
481,-33.41944444444444,-70.62999999999998,91.7,10000
482,-29.97777777777777,-71.36111111111109,91.7,1000
483,-51.74444444444444,-72.51666666666667,91.7,1000
484,-34.21388888888889,-70.7352777777778,91.7,1000
485,-32.75000000000001,-70.72388888888888,91.7,1000
486,-22.083333333333336,-70.20000000000002,91.7,1000
487,-33.0,-71.51666666666667,91.7,1000
488,-39.10000000000001,-72.69444444444444,91.7,250
489,-38.261111111111106,-72.69444444444444,91.7,250
490,-26.416666666666668,-70.32777777777777,91.7,100
491,-26.377777777777776,-70.05,91.7,0
492,-26.26111111111111,-69.61666666666667,91.7,0
493,-29.93611111111111,-71.22277777777778,91.7,0
494,-34.98333333333334,-71.98499999999999,91.7,0
495,-37.47500000000001,-72.34527777777778,91.7,0
496,-30.911111111111108,-71.27777777777777,91.7,0
497,-33.04722222222222,-71.44111111111111,91.7,0
498,-32.45000000000001,-71.23333333333333,91.7,0
499,-20.350000000000005,-70.10888888888887,91.9,1000
500,-40.56666666666668,-73.15000000000002,91.9,1000
501,-33.0,-71.51666666666667,91.9,1000
502,-34.70000000000001,-71.05,91.9,250
503,-37.67777777777777,-72.01666666666668,91.9,250
504,-41.89166666666667,-73.81833333333333,91.9,0
505,-28.511111111111106,-71.07972222222223,91.9,0
506,-32.8111111111111,-71.17777777777776,91.9,0
507,-29.93611111111111,-71.22277777777778,91.9,0
508,-32.79444444444444,-71.20000000000002,91.9,0
509,-32.82500000000001,-71.22722222222221,91.9,0
510,-45.175000000000004,-72.14305555555556,91.9,0
511,-33.93333333333334,-71.83333333333333,91.9,0
512,-32.87777777777778,-71.24972222222222,91.9,0
513,-33.95,-71.75000000000001,91.9,0
514,-31.79444444444444,-70.97777777777777,91.9,0
515,-30.04444444444444,-70.7,91.9,0
516,-33.41944444444444,-70.62999999999998,92.1,10000
517,-38.74444444444444,-72.6111111111111,92.1,10000
518,-23.583333333333336,-70.33,92.1,1000
519,-18.480555555555554,-70.31583333333332,92.1,1000
520,-22.46666666666667,-68.93333333333334,92.1,1000
521,-27.377777777777776,-70.32777777777777,92.1,1000
522,-42.46666666666667,-73.80000000000001,92.1,250
523,-30.60277777777778,-71.17055555555555,92.1,250
524,-34.49444444444445,-71.48333333333335,92.1,250
525,-33.56944444444445,-71.61611111111108,92.1,250
526,-41.89166666666667,-73.81833333333333,92.1,0
527,-46.5611111111111,-71.74444444444444,92.1,0
528,-36.611111111111114,-72.12777777777775,92.1,0
529,-36.833333333333336,-73.05,92.1,0
530,-35.33333333333334,-72.41666666666667,92.1,0
531,-26.416666666666668,-70.32777777777777,92.1,0
532,-37.47500000000001,-72.34527777777778,92.1,0
533,-32.14444444444444,-71.54444444444442,92.1,0
534,-40.974999999999994,-72.88194444444441,92.1,0
535,-36.84166666666667,-73.1,92.1,0
536,-39.81944444444445,-73.23500000000001,92.1,0
537,-32.45000000000001,-71.23333333333333,92.1,0
538,-33.0,-71.51666666666667,92.1,0
539,-29.97777777777777,-71.36111111111109,92.3,1000
540,-40.56666666666668,-73.15000000000002,92.3,1000
541,-41.461111111111116,-72.94861111111112,92.3,1000
542,-28.57777777777778,-70.75000000000001,92.3,1000
543,-31.411111111111108,-71.46111111111111,92.3,250
544,-43.16666666666667,-71.85000000000001,92.3,250
545,-39.613888888888894,-72.37972222222221,92.3,250
546,-37.62777777777777,-73.46666666666667,92.3,100
547,-20.26111111111111,-70.12777777777775,92.3,0
548,-43.444444444444436,-73.9611111111111,92.3,0
549,-43.16666666666667,-71.85000000000001,92.3,0
550,-20.350000000000005,-70.10888888888887,92.3,0
551,-32.45000000000001,-71.22777777777777,92.3,0
552,-32.45000000000001,-71.22777777777777,92.3,0
553,-38.508333333333326,-72.4538888888889,92.3,0
554,-37.977777777777774,-72.83333333333333,92.3,0
555,-38.194444444444436,-72.99166666666667,92.3,0
556,-39.63333333333334,-72.33333333333334,92.3,0
557,-32.261111111111106,-70.93333333333334,92.3,0
558,-34.39444444444444,-72.0,92.3,0
559,-38.02777777777777,-73.09444444444443,92.3,0
560,-34.444444444444436,-71.09138888888887,92.3,0
561,-38.261111111111106,-72.69444444444444,92.3,0
562,-32.45000000000001,-71.23333333333333,92.3,0
563,-33.0,-71.51666666666667,92.3,0
564,-33.41944444444444,-70.62999999999998,92.5,10000
565,-36.833333333333336,-73.05,92.5,1000
566,-34.21388888888889,-70.7352777777778,92.5,1000
567,-39.81944444444445,-73.23500000000001,92.5,1000
568,-38.65,-72.23333333333333,92.5,250
569,-41.89166666666667,-73.81833333333333,92.5,0
570,-23.580555555555552,-70.33444444444444,92.5,0
571,-26.358333333333338,-70.64527777777778,92.5,0
572,-29.04444444444444,-71.43333333333335,92.5,0
573,-22.344444444444445,-69.66138888888888,92.5,0
574,-26.175000000000004,-70.54916666666666,92.5,0
575,-36.72777777777778,-73.12777777777775,92.5,0
576,-32.45000000000001,-71.23333333333333,92.5,0
577,-27.377777777777776,-70.32777777777777,92.7,1000
578,-34.98333333333334,-71.23333333333333,92.7,1000
579,-20.350000000000005,-70.10888888888887,92.7,1000
580,-53.150000000000006,-70.92777777777778,92.7,1000
581,-33.32777777777777,-71.41666666666667,92.7,250
582,-34.12777777777777,-71.72916666666667,92.7,250
583,-37.62777777777777,-73.46666666666667,92.7,250
584,-37.47500000000001,-72.34527777777778,92.7,250
585,-30.60277777777778,-71.17055555555555,92.7,250
586,-39.27777777777777,-72.22777777777777,92.7,250
587,-18.49444444444444,-70.33333333333334,92.7,0
588,-27.130555555555553,-70.87777777777777,92.7,0
589,-22.46666666666667,-68.93333333333334,92.7,0
590,-27.06111111111111,-70.83694444444444,92.7,0
591,-42.46666666666667,-73.80000000000001,92.7,0
592,-29.883333333333336,-70.52194444444443,92.7,0
593,-28.511111111111106,-71.07972222222223,92.7,0
594,-29.93611111111111,-71.22277777777778,92.7,0
595,-27.41388888888889,-70.27583333333335,92.7,0
596,-39.294444444444444,-71.98194444444444,92.7,0
597,-40.92777777777777,-73.17777777777776,92.7,0
598,-32.87777777777778,-71.24972222222222,92.7,0
599,-32.75000000000001,-70.72388888888888,92.7,0
600,-36.28055555555555,-71.815,92.7,0
601,-38.261111111111106,-71.30499999999998,92.7,0
602,-33.41944444444444,-70.62999999999998,92.9,10000
603,-23.583333333333336,-70.33,92.9,1000
604,-36.611111111111114,-72.1,92.9,1000
605,-45.57222222222222,-72.0875,92.9,1000
606,-29.93611111111111,-71.22277777777778,92.9,1000
607,-38.74444444444444,-72.6111111111111,92.9,1000
608,-37.261111111111106,-73.32777777777777,92.9,0
609,-35.33333333333334,-72.41666666666667,92.9,0
610,-31.644444444444442,-71.17777777777776,92.9,0
611,-38.74444444444444,-72.9611111111111,92.9,0
612,-41.461111111111116,-72.94861111111112,92.9,0
613,-33.56944444444445,-71.61611111111108,92.9,0
614,-32.75000000000001,-70.72388888888888,92.9,0
615,-34.58333333333334,-71.0,92.9,0
616,-38.216666666666676,-72.33333333333334,92.9,0
617,-33.43611111111112,-70.65055555555554,93.0,0
618,-36.833333333333336,-73.05,93.1,1000
619,-40.56666666666668,-73.15000000000002,93.1,1000
620,-36.72777777777778,-73.12777777777775,93.1,1000
621,-39.81944444444445,-73.23500000000001,93.1,1000
622,-32.45000000000001,-71.23333333333333,93.1,1000
623,-38.444444444444436,-71.88333333333334,93.1,250
624,-35.86111111111111,-71.6111111111111,93.1,250
625,-34.39444444444444,-72.0,93.1,250
626,-51.74444444444444,-72.51666666666667,93.1,250
627,-39.58333333333334,-72.25000000000001,93.1,150
628,-41.89166666666667,-73.81833333333333,93.1,0
629,-37.8111111111111,-72.71666666666668,93.1,0
630,-18.49444444444444,-70.33333333333334,93.1,0
631,-18.49444444444444,-70.33333333333334,93.1,0
632,-22.330555555555556,-68.99027777777778,93.1,0
633,-30.60277777777778,-71.17055555555555,93.1,0
634,-53.150000000000006,-70.92777777777778,93.1,0
635,-31.79444444444444,-70.97777777777777,93.1,0
636,-22.083333333333336,-70.20000000000002,93.1,0
637,-28.57777777777778,-70.75000000000001,93.1,0
638,-33.0,-71.51666666666667,93.1,0
639,-33.41944444444444,-70.62999999999998,93.3,10000
640,-20.350000000000005,-70.10888888888887,93.3,1000
641,-52.74444444444444,-69.33333333333334,93.3,250
642,-27.377777777777776,-70.32777777777777,93.3,250
643,-40.12777777777777,-72.3861111111111,93.3,250
644,-35.81666666666668,-72.59444444444442,93.3,250
645,-36.91111111111111,-71.40555555555558,93.3,250
646,-38.02777777777777,-73.09444444444443,93.3,250
647,-34.21388888888889,-70.7352777777778,93.3,250
648,-32.75000000000001,-70.72388888888888,93.3,250
649,-39.400000000000006,-72.77777777777776,93.3,150
650,-38.70000000000001,-73.17777777777776,93.3,0
651,-42.46666666666667,-73.80000000000001,93.3,0
652,-35.74444444444444,-72.54444444444442,93.3,0
653,-36.92777777777777,-73.01666666666668,93.3,0
654,-35.84166666666667,-72.63416666666669,93.3,0
655,-34.98333333333334,-71.23333333333333,93.3,0
656,-42.37777777777777,-73.7,93.3,0
657,-36.958333333333336,-72.93,93.3,0
658,-37.608333333333334,-73.64805555555556,93.3,0
659,-32.833333333333336,-70.61666666666667,93.3,0
660,-31.91666666666667,-71.51666666666667,93.3,0
661,-33.56944444444445,-71.61611111111108,93.3,0
662,-37.16666666666667,-72.93333333333334,93.3,0
663,-23.583333333333336,-70.33,93.5,1000
664,-18.480555555555554,-70.31583333333332,93.5,1000
665,-36.74444444444444,-72.30000000000001,93.5,1000
666,-29.93611111111111,-71.22277777777778,93.5,1000
667,-53.150000000000006,-70.92777777777778,93.5,1000
668,-35.444444444444436,-71.66666666666669,93.5,1000
669,-38.74444444444444,-72.6111111111111,93.5,1000
670,-33.32777777777777,-71.41666666666667,93.5,250
671,-40.56666666666668,-73.15000000000002,93.5,250
672,-41.461111111111116,-72.94861111111112,93.5,250
673,-22.294444444444444,-68.79444444444444,93.5,150
674,-31.194444444444443,-71.0,93.5,0
675,-29.97777777777777,-71.36111111111109,93.5,0
676,-26.416666666666668,-70.32777777777777,93.5,0
677,-26.55833333333333,-70.67972222222224,93.5,0
678,-32.45000000000001,-71.22777777777777,93.5,0
679,-37.47500000000001,-72.34527777777778,93.5,0
680,-23.59166666666667,-70.38777777777779,93.5,0
681,-37.72777777777778,-72.23333333333333,93.5,0
682,-29.31666666666667,-70.01305555555555,93.5,0
683,-45.40277777777778,-72.69166666666666,93.5,0
684,-33.41944444444444,-70.62999999999998,93.7,10000
685,-41.89166666666667,-73.81833333333333,93.7,1000
686,-34.58333333333334,-71.0,93.7,1000
687,-30.60277777777778,-71.17055555555555,93.7,500
688,-38.444444444444436,-71.88333333333334,93.7,250
689,-39.86111111111111,-72.83333333333333,93.7,250
690,-37.866666666666674,-73.37777777777777,93.7,250
691,-36.72777777777778,-73.12777777777775,93.7,250
692,-28.500000000000004,-71.1,93.7,200
693,-41.261111111111106,-73.01666666666668,93.7,130
694,-27.130555555555553,-70.87777777777777,93.7,0
695,-27.130555555555553,-70.87777777777777,93.7,0
696,-27.06111111111111,-70.83694444444444,93.7,0
697,-34.92777777777777,-72.18305555555557,93.7,0
698,-27.08055555555556,-70.84777777777778,93.7,0
699,-33.93333333333334,-71.83333333333333,93.7,0
700,-51.74444444444444,-72.51666666666667,93.7,0
701,-43.10000000000001,-73.6111111111111,93.7,0
702,-32.87777777777778,-71.24972222222222,93.7,0
703,-22.083333333333336,-70.20000000000002,93.7,0
704,-33.0,-71.51666666666667,93.7,0
705,-34.98333333333334,-71.23333333333333,93.9,1000
706,-20.350000000000005,-70.10888888888887,93.9,1000
707,-38.400000000000006,-72.79444444444444,93.9,250
708,-33.56944444444445,-71.61611111111108,93.9,250
709,-37.14444444444444,-72.54444444444442,93.9,250
710,-29.677777777777774,-71.0,93.9,110
711,-23.580555555555552,-70.33444444444444,93.9,0
712,-35.977777777777774,-72.36111111111109,93.9,0
713,-30.883333333333336,-71.01361111111113,93.9,0
714,-29.97777777777777,-71.36111111111109,93.9,0
715,-45.57222222222222,-72.0875,93.9,0
716,-39.35,-71.59444444444442,93.9,0
717,-41.11666666666667,-73.05,93.9,0
718,-33.75000000000001,-70.90000000000002,93.9,0
719,-32.45000000000001,-71.22777777777777,93.9,0
720,-37.608333333333334,-73.64805555555556,93.9,0
721,-32.833333333333336,-70.61666666666667,93.9,0
722,-32.51666666666667,-71.46111111111111,93.9,0
723,-34.39444444444444,-72.0,93.9,0
724,-39.294444444444444,-71.98194444444444,93.9,0
725,-36.55555555555556,-71.55027777777778,93.9,0
726,-32.75000000000001,-70.72388888888888,93.9,0
727,-36.444444444444436,-72.66666666666669,93.9,0
728,-39.81944444444445,-73.23500000000001,93.9,0
729,-39.27777777777777,-72.22777777777777,93.9,0
730,-33.41944444444444,-70.62999999999998,94.1,10000
731,-33.0,-71.51666666666667,94.1,10000
732,-22.46666666666667,-68.93333333333334,94.1,1000
733,-34.21388888888889,-70.7352777777778,94.1,1000
734,-35.444444444444436,-71.66666666666669,94.1,1000
735,-30.233333333333334,-71.09444444444443,94.1,250
736,-37.09444444444444,-73.17777777777776,94.1,250
737,-41.461111111111116,-72.94861111111112,94.1,250
738,-37.8111111111111,-72.71666666666668,94.1,0
739,-37.261111111111106,-73.32777777777777,94.1,0
740,-18.49444444444444,-70.33333333333334,94.1,0
741,-42.46666666666667,-73.80000000000001,94.1,0
742,-46.063888888888876,-72.20749999999998,94.1,0
743,-43.444444444444436,-73.9611111111111,94.1,0
744,-27.377777777777776,-70.32777777777777,94.1,0
745,-37.02777777777777,-73.14444444444443,94.1,0
746,-29.677777777777774,-71.0,94.1,0
747,-53.30833333333333,-70.3775,94.1,0
748,-45.40277777777778,-72.69166666666666,94.1,0
749,-41.32777777777777,-72.98333333333335,94.1,0
750,-53.150000000000006,-70.92777777777778,94.1,0
751,-40.32777777777777,-72.97777777777777,94.1,0
752,-36.84166666666667,-73.1,94.1,0
753,-50.99722222222222,-73.09527777777777,94.1,0
754,-33.67777777777777,-71.5611111111111,94.3,1000
755,-38.74444444444444,-72.6111111111111,94.3,1000
756,-34.63333333333334,-71.37777777777777,94.3,500
757,-31.141666666666662,-70.9872222222222,94.3,250
758,-39.866666666666674,-73.43333333333335,94.3,250
759,-31.91666666666667,-71.51666666666667,94.3,250
760,-51.74444444444444,-72.45277777777778,94.3,250
761,-32.216666666666676,-70.83333333333333,94.3,150
762,-26.377777777777776,-70.05,94.3,50
763,-28.758333333333333,-70.48666666666668,94.3,0
764,-37.03333333333334,-72.4111111111111,94.3,0
765,-30.608333333333334,-71.2236111111111,94.3,0
766,-20.350000000000005,-70.10888888888887,94.3,0
767,-38.74444444444444,-72.9611111111111,94.3,0
768,-30.60277777777778,-71.17055555555555,94.3,0
769,-38.766666666666666,-72.6111111111111,94.3,0
770,-39.63333333333334,-72.33333333333334,94.3,0
771,-53.30833333333333,-70.3775,94.3,0
772,-30.911111111111108,-71.27777777777777,94.3,0
773,-30.266666666666666,-70.7,94.3,0
774,-33.56944444444445,-71.61611111111108,94.3,0
775,-30.26111111111111,-71.5111111111111,94.3,0
776,-28.57777777777778,-70.75000000000001,94.3,0
777,-40.56666666666668,-73.15000000000002,94.5,10000
778,-33.41944444444444,-70.62999999999998,94.5,10000
779,-18.200000000000003,-69.59444444444442,94.5,2000
780,-29.91666666666667,-71.23888888888888,94.5,1000
781,-22.083333333333336,-70.20000000000002,94.5,1000
782,-23.583333333333336,-70.33,94.5,300
783,-34.39444444444444,-72.0,94.5,250
784,-39.294444444444444,-71.98194444444444,94.5,250
785,-35.33333333333334,-72.41666666666667,94.5,50
786,-41.89166666666667,-73.81833333333333,94.5,0
787,-18.49444444444444,-70.33333333333334,94.5,0
788,-39.12777777777777,-71.77333333333334,94.5,0
789,-29.04444444444444,-71.43333333333335,94.5,0
790,-45.57222222222222,-72.0875,94.5,0
791,-39.35,-71.59444444444442,94.5,0
792,-32.86111111111111,-70.97777777777777,94.5,0
793,-37.47500000000001,-72.34527777777778,94.5,0
794,-36.74444444444444,-72.98333333333335,94.5,0
795,-51.74444444444444,-72.51666666666667,94.5,0
796,-30.266666666666666,-70.66666666666669,94.5,0
797,-30.266666666666666,-70.7,94.5,0
798,-35.444444444444436,-71.66666666666669,94.5,0
799,-32.45000000000001,-71.23333333333333,94.5,0
800,-33.0,-71.51666666666667,94.5,0
801,-38.216666666666676,-72.33333333333334,94.5,0
802,-22.46666666666667,-68.93333333333334,94.7,1000
803,-20.350000000000005,-70.10888888888887,94.7,1000
804,-53.150000000000006,-70.92777777777778,94.7,1000
805,-33.5611111111111,-71.6111111111111,94.7,500
806,-45.40277777777778,-72.69166666666666,94.7,500
807,-27.377777777777776,-70.32777777777777,94.7,250
808,-34.58333333333334,-71.0,94.7,250
809,-32.425,-71.06638888888888,94.7,0
810,-36.611111111111114,-72.1,94.7,0
811,-31.883333333333336,-70.73861111111113,94.7,0
812,-37.02777777777777,-73.14444444444443,94.7,0
813,-43.58333333333334,-72.33333333333334,94.7,0
814,-29.677777777777774,-71.0,94.7,0
815,-30.700000000000003,-70.9611111111111,94.7,0
816,-34.65,-71.90027777777777,94.7,0
817,-38.98333333333334,-72.65,94.7,0
818,-30.911111111111108,-71.27777777777777,94.7,0
819,-33.56944444444445,-71.61611111111108,94.7,0
820,-38.552777777777784,-72.40388888888889,94.7,0
821,-41.461111111111116,-72.94861111111112,94.9,10000
822,-33.03333333333334,-71.64444444444443,94.9,10000
823,-18.49444444444444,-70.33333333333334,94.9,1000
824,-41.261111111111106,-73.01666666666668,94.9,1000
825,-35.444444444444436,-71.66666666666669,94.9,1000
826,-39.81944444444445,-73.23500000000001,94.9,1000
827,-33.45000000000001,-70.66666666666669,94.9,250
828,-39.46666666666667,-72.12777777777775,94.9,150
829,-33.74444444444444,-70.75000000000001,94.9,0
830,-27.06111111111111,-70.83694444444444,94.9,0
831,-33.65,-70.82777777777775,94.9,0
832,-28.511111111111106,-71.07972222222223,94.9,0
833,-29.93611111111111,-71.22277777777778,94.9,0
834,-33.75000000000001,-70.90000000000002,94.9,0
835,-29.93611111111111,-71.22277777777778,94.9,0
836,-33.28333333333334,-70.90000000000002,94.9,0
837,-34.31111111111111,-71.32777777777777,94.9,0
838,-31.91666666666667,-71.51666666666667,94.9,0
839,-27.563888888888894,-69.27944444444442,94.9,0
840,-38.74444444444444,-72.9611111111111,94.9,0
841,-30.60277777777778,-71.17055555555555,94.9,0
842,-33.81666666666668,-70.75000000000001,94.9,0
843,-33.62777777777777,-70.56666666666668,94.9,0
844,-39.14444444444444,-71.48305555555555,94.9,0
845,-33.58333333333334,-70.7,94.9,0
846,-33.63055555555555,-70.33416666666666,94.9,0
847,-33.0,-71.51666666666667,94.9,0
848,-36.833333333333336,-73.05,95.1,1000
849,-34.21388888888889,-70.7352777777778,95.1,1000
850,-23.57777777777778,-70.33222222222221,95.1,250
851,-35.977777777777774,-72.36111111111109,95.1,250
852,-33.400000000000006,-71.15000000000002,95.1,250
853,-43.619444444444454,-71.80555555555556,95.1,250
854,-20.266666666666666,-69.80000000000001,95.1,250
855,-32.75000000000001,-70.72388888888888,95.1,250
856,-38.552777777777784,-72.40388888888889,95.1,250
857,-35.33333333333334,-72.41666666666667,95.1,0
858,-29.97777777777777,-71.36111111111109,95.1,0
859,-26.377777777777776,-70.05,95.1,0
860,-33.45833333333334,-71.66194444444446,95.1,0
861,-29.93611111111111,-71.22277777777778,95.1,0
862,-33.613888888888894,-71.60861111111112,95.1,0
863,-32.833333333333336,-70.61666666666667,95.1,0
864,-39.86111111111111,-72.83333333333333,95.1,0
865,-28.500000000000004,-71.1,95.1,0
866,-39.65,-72.9611111111111,95.1,0
867,-40.56666666666668,-73.15000000000002,95.1,0
868,-34.39444444444444,-72.0,95.1,0
869,-51.74444444444444,-72.51666666666667,95.1,0
870,-33.56944444444445,-71.61611111111108,95.1,0
871,-39.541666666666664,-72.9625,95.1,0
872,-22.083333333333336,-70.20000000000002,95.1,0
873,-33.41944444444444,-70.62999999999998,95.3,10000
874,-18.49444444444444,-70.33333333333334,95.3,1000
875,-22.330555555555556,-68.99027777777778,95.3,1000
876,-45.57222222222222,-72.0875,95.3,1000
877,-35.86111111111111,-71.6111111111111,95.3,1000
878,-53.150000000000006,-70.92777777777778,95.3,1000
879,-27.377777777777776,-70.32777777777777,95.3,250
880,-31.644444444444442,-71.17777777777776,95.3,250
881,-37.47500000000001,-72.34527777777778,95.3,250
882,-34.35,-71.30000000000001,95.3,250
883,-42.53333333333333,-73.41666666666667,95.3,250
884,-38.70000000000001,-73.17777777777776,95.3,0
885,-41.21111111111112,-72.54444444444444,95.3,0
886,-41.11666666666667,-73.05,95.3,0
887,-32.45000000000001,-71.22777777777777,95.3,0
888,-34.12777777777777,-71.46972222222222,95.3,0
889,-40.077777777777776,-72.88333333333334,95.3,0
890,-32.51666666666667,-71.46111111111111,95.3,0
891,-41.13888888888889,-72.40805555555558,95.3,0
892,-39.294444444444444,-71.98194444444444,95.3,0
893,-38.02777777777777,-73.09444444444443,95.3,0
894,-41.15277777777778,-72.4336111111111,95.3,0
895,-36.53333333333333,-72.43333333333335,95.3,0
896,-22.91666666666667,-68.22777777777777,95.3,0
897,-34.444444444444436,-71.09138888888887,95.3,0
898,-34.63333333333334,-71.37777777777777,95.3,0
899,-30.04444444444444,-70.7,95.3,0
900,-39.27777777777777,-72.22777777777777,95.3,0
901,-32.552777777777784,-71.4588888888889,95.3,0
902,-34.98333333333334,-71.23333333333333,95.5,1000
903,-33.70000000000001,-71.22777777777777,95.5,1000
904,-41.461111111111116,-72.94861111111112,95.5,1000
905,-40.92777777777777,-73.17777777777776,95.5,1000
906,-38.74444444444444,-72.6111111111111,95.5,1000
907,-37.977777777777774,-72.83333333333333,95.5,250
908,-23.111111111111107,-70.46111111111111,95.5,250
909,-30.60277777777778,-71.17055555555555,95.5,250
910,-36.53333333333333,-72.43333333333335,95.5,250
911,-28.57777777777778,-70.75000000000001,95.5,250
912,-27.06111111111111,-70.83694444444444,95.5,0
913,-39.37777777777777,-72.64444444444443,95.5,0
914,-31.91666666666667,-71.51666666666667,95.5,0
915,-32.45000000000001,-71.23333333333333,95.5,0
916,-35.33333333333334,-72.41666666666667,95.7,1000
917,-20.350000000000005,-70.10888888888887,95.7,1000
918,-29.91666666666667,-71.23888888888888,95.7,1000
919,-35.86111111111111,-71.6111111111111,95.7,1000
920,-32.833333333333336,-70.61666666666667,95.7,1000
921,-34.21388888888889,-70.7352777777778,95.7,1000
922,-39.81944444444445,-73.23500000000001,95.7,1000
923,-37.511111111111106,-72.66666666666669,95.7,250
924,-36.63333333333334,-71.83333333333333,95.7,100
925,-40.58333333333334,-73.74444444444444,95.7,0
926,-22.46666666666667,-68.93333333333334,95.7,0
927,-29.97777777777777,-71.36111111111109,95.7,0
928,-38.444444444444436,-71.88333333333334,95.7,0
929,-28.511111111111106,-71.07972222222223,95.7,0
930,-32.8111111111111,-71.17777777777776,95.7,0
931,-29.93611111111111,-71.22277777777778,95.7,0
932,-31.644444444444442,-71.17777777777776,95.7,0
933,-32.79444444444444,-71.20000000000002,95.7,0
934,-32.82500000000001,-71.22722222222221,95.7,0
935,-29.93611111111111,-71.22277777777778,95.7,0
936,-40.611111111111114,-73.75000000000001,95.7,0
937,-38.261111111111106,-72.25000000000001,95.7,0
938,-32.72777777777778,-71.23333333333333,95.7,0
939,-40.536111111111104,-73.70999999999998,95.7,0
940,-36.511111111111106,-71.72944444444445,95.7,0
941,-32.87777777777778,-71.24972222222222,95.7,0
942,-33.39444444444444,-71.7,95.7,0
943,-39.27777777777777,-72.22777777777777,95.7,0
944,-23.583333333333336,-70.33,95.9,1000
945,-18.49444444444444,-70.29249999999999,95.9,1000
946,-33.45000000000001,-70.66666666666669,95.9,1000
947,-38.74444444444444,-72.6111111111111,95.9,1000
948,-33.0,-71.51666666666667,95.9,1000
949,-37.261111111111106,-73.32777777777777,95.9,250
950,-42.37777777777777,-73.7,95.9,250
951,-30.60277777777778,-71.17055555555555,95.9,250
952,-34.39444444444444,-72.0,95.9,250
953,-35.5611111111111,-71.48333333333335,95.9,250
954,-27.49444444444444,-70.27777777777777,95.9,250
955,-39.63333333333334,-72.33333333333334,95.9,150
956,-18.49444444444444,-70.33333333333334,95.9,0
957,-45.57222222222222,-72.0875,95.9,0
958,-31.911111111111108,-70.61666666666667,95.9,0
959,-40.28333333333334,-73.09444444444443,95.9,0
960,-35.86111111111111,-71.6111111111111,95.9,0
961,-28.28888888888889,-70.8122222222222,95.9,0
962,-53.30833333333333,-70.3775,95.9,0
963,-41.461111111111116,-72.94861111111112,95.9,0
964,-41.32777777777777,-72.98333333333335,95.9,0
965,-53.150000000000006,-70.92777777777778,95.9,0
966,-36.28333333333334,-72.54444444444442,95.9,0
967,-36.611111111111114,-71.75000000000001,95.9,0
968,-27.358333333333338,-70.31833333333334,95.9,0
969,-32.45000000000001,-71.23333333333333,95.9,0
970,-34.98333333333334,-71.23333333333333,96.1,1000
971,-37.47500000000001,-72.34527777777778,96.1,1000
972,-39.513888888888886,-72.9638888888889,96.1,250
973,-40.79444444444444,-73.23333333333333,96.1,250
974,-36.72777777777778,-73.12777777777775,96.1,250
975,-38.85277777777779,-71.69305555555556,96.1,150
976,-28.758333333333333,-70.48666666666668,96.1,0
977,-38.725,-72.56222222222223,96.1,0
978,-22.330555555555556,-68.99027777777778,96.1,0
979,-39.30277777777777,-72.22277777777778,96.1,0
980,-33.55833333333332,-71.60305555555553,96.1,0
981,-38.727777777777774,-72.55916666666664,96.1,0
982,-36.833333333333336,-73.05,96.1,0
983,-38.01388888888889,-73.2286111111111,96.1,0
984,-26.377777777777776,-70.05,96.1,0
985,-26.26111111111111,-69.61666666666667,96.1,0
986,-27.102777777777778,-70.85305555555554,96.1,0
987,-43.977777777777774,-72.43333333333335,96.1,0
988,-37.977777777777774,-72.83333333333333,96.1,0
989,-31.91666666666667,-71.51666666666667,96.1,0
990,-38.72777777777778,-72.61638888888888,96.1,0
991,-41.261111111111106,-73.01666666666668,96.1,0
992,-38.41388888888888,-72.37555555555556,96.1,0
993,-38.02777777777777,-73.09444444444443,96.1,0
994,-36.03333333333334,-71.77777777777776,96.1,0
995,-32.75000000000001,-70.72388888888888,96.1,0
996,-36.28055555555555,-71.815,96.1,0
997,-38.32777777777777,-72.38333333333335,96.1,0
998,-20.350000000000005,-70.10888888888887,96.3,1000
999,-29.93611111111111,-71.22277777777778,96.3,1000
1000,-34.21388888888889,-70.7352777777778,96.3,1000
1001,-38.611111111111114,-72.85000000000001,96.3,250
1002,-43.58333333333334,-72.33333333333334,96.3,250
1003,-39.63333333333334,-72.33333333333334,96.3,250
1004,-35.75000000000001,-71.41666666666667,96.3,250
1005,-37.46666666666667,-73.36111111111109,96.3,0
1006,-29.93611111111111,-71.22277777777778,96.3,0
1007,-32.86111111111111,-70.97777777777777,96.3,0
1008,-32.51666666666667,-71.46111111111111,96.3,0
1009,-41.461111111111116,-72.94861111111112,96.3,0
1010,-18.200000000000003,-69.59444444444442,96.3,0
1011,-33.45000000000001,-70.66666666666669,96.3,0
1012,-33.0,-71.51666666666667,96.3,0
1013,-33.04166666666667,-71.3733333333333,96.3,0
1014,-23.583333333333336,-70.33,96.5,1000
1015,-27.377777777777776,-70.32777777777777,96.5,1000
1016,-31.644444444444442,-71.17777777777776,96.5,1000
1017,-40.56666666666668,-73.15000000000002,96.5,1000
1018,-53.150000000000006,-70.92777777777778,96.5,1000
1019,-18.49444444444444,-70.33333333333334,96.5,250
1020,-37.8111111111111,-73.4111111111111,96.5,250
1021,-34.74444444444444,-71.28333333333333,96.5,250
1022,-35.33333333333334,-72.41666666666667,96.5,250
1023,-38.444444444444436,-71.88333333333334,96.5,250
1024,-42.866666666666674,-73.4788888888889,96.5,250
1025,-45.57222222222222,-72.0875,96.5,0
1026,-33.93333333333334,-71.83333333333333,96.5,0
1027,-41.461111111111116,-72.94861111111112,96.5,0
1028,-32.87500000000001,-71.2486111111111,96.5,0
1029,-36.28333333333334,-72.54444444444442,96.5,0
1030,-35.28333333333334,-71.27777777777777,96.5,0
1031,-33.56944444444445,-71.61611111111108,96.5,0
1032,-33.45000000000001,-70.66666666666669,96.5,0
1033,-33.56944444444445,-71.61611111111108,96.5,0
1034,-22.46666666666667,-68.93333333333334,96.7,1000
1035,-36.833333333333336,-73.05,96.7,1000
1036,-37.47500000000001,-72.34527777777778,96.7,1000
1037,-41.261111111111106,-73.01666666666668,96.7,1000
1038,-33.0,-71.51666666666667,96.7,1000
1039,-39.866666666666674,-73.43333333333335,96.7,250
1040,-34.077777777777776,-70.74444444444444,96.7,250
1041,-30.086111111111105,-71.3722222222222,96.7,150
1042,-39.294444444444444,-71.98194444444444,96.7,50
1043,-41.89166666666667,-73.81833333333333,96.7,0
1044,-29.97777777777777,-71.36111111111109,96.7,0
1045,-41.11666666666667,-73.05,96.7,0
1046,-29.93611111111111,-71.22277777777778,96.7,0
1047,-39.400000000000006,-72.77777777777776,96.7,0
1048,-30.60277777777778,-71.17055555555555,96.7,0
1049,-34.21388888888889,-70.7352777777778,96.7,0
1050,-38.552777777777784,-72.40388888888889,96.7,0
1051,-28.57777777777778,-70.75000000000001,96.7,0
1052,-32.45000000000001,-71.23333333333333,96.7,0
1053,-35.444444444444436,-71.66666666666669,96.9,5000
1054,-20.350000000000005,-70.10888888888887,96.9,1000
1055,-27.06111111111111,-70.83694444444444,96.9,250
1056,-40.32222222222222,-72.48055555555555,96.9,250
1057,-37.72777777777778,-72.23333333333333,96.9,250
1058,-45.40277777777778,-72.69166666666666,96.9,250
1059,-41.461111111111116,-72.94861111111112,96.9,250
1060,-34.58333333333334,-71.0,96.9,250
1061,-36.444444444444436,-72.66666666666669,96.9,250
1062,-33.82500000000001,-70.06416666666667,96.9,150
1063,-33.32777777777777,-71.41666666666667,96.9,0
1064,-42.46666666666667,-73.80000000000001,96.9,0
1065,-27.377777777777776,-70.32777777777777,96.9,0
1066,-37.46666666666667,-73.36111111111109,96.9,0
1067,-30.01666666666667,-70.54444444444442,96.9,0
1068,-34.65,-71.90027777777777,96.9,0
1069,-32.75000000000001,-70.72388888888888,96.9,0
1070,-33.45000000000001,-70.66666666666669,96.9,0
1071,-38.33333333333334,-73.5111111111111,96.9,0
1072,-30.04444444444444,-70.7,96.9,0
1073,-37.11944444444444,-72.01666666666668,96.9,0
1074,-23.583333333333336,-70.33,97.1,1000
1075,-18.49444444444444,-70.31777777777776,97.1,1000
1076,-29.93611111111111,-71.22277777777778,97.1,1000
1077,-34.39444444444444,-72.0,97.1,1000
1078,-33.41944444444444,-70.62999999999998,97.1,1000
1079,-39.27777777777777,-72.22777777777777,97.1,1000
1080,-42.91111111111111,-72.66666666666669,97.1,250
1081,-32.72777777777778,-71.23333333333333,97.1,250
1082,-40.56666666666668,-73.15000000000002,97.1,250
1083,-41.261111111111106,-73.01666666666668,97.1,250
1084,-51.74444444444444,-72.51666666666667,97.1,250
1085,-36.425,-71.9625,97.1,250
1086,-18.49444444444444,-70.33333333333334,97.1,0
1087,-35.74444444444444,-72.54444444444442,97.1,0
1088,-36.63333333333334,-71.83333333333333,97.1,0
1089,-45.57222222222222,-72.0875,97.1,0
1090,-35.84166666666667,-72.63416666666669,97.1,0
1091,-31.644444444444442,-71.17777777777776,97.1,0
1092,-27.102777777777778,-70.85305555555554,97.1,0
1093,-35.81666666666668,-72.59444444444442,97.1,0
1094,-53.150000000000006,-70.92777777777778,97.1,0
1095,-33.477777777777774,-70.64111111111113,97.1,0
1096,-22.083333333333336,-70.20000000000002,97.1,0
1097,-41.863888888888894,-73.80777777777777,97.3,1000
1098,-22.46666666666667,-68.93333333333334,97.3,1000
1099,-34.21388888888889,-70.7352777777778,97.3,1000
1100,-39.81944444444445,-73.23500000000001,97.3,1000
1101,-27.377777777777776,-70.32777777777777,97.3,250
1102,-53.30833333333333,-70.3775,97.3,250
1103,-41.21111111111112,-72.54444444444444,97.3,150
1104,-41.400000000000006,-72.93333333333334,97.3,0
1105,-20.26111111111111,-70.12777777777775,97.3,0
1106,-41.511111111111106,-72.30000000000001,97.3,0
1107,-36.833333333333336,-73.05,97.3,0
1108,-34.98333333333334,-71.23333333333333,97.3,0
1109,-36.91111111111111,-72.04444444444444,97.3,0
1110,-41.11666666666667,-73.05,97.3,0
1111,-20.350000000000005,-70.10888888888887,97.3,0
1112,-38.508333333333326,-72.4538888888889,97.3,0
1113,-41.14444444444444,-72.79444444444444,97.3,0
1114,-35.977777777777774,-71.69444444444444,97.3,0
1115,-33.70000000000001,-71.22777777777777,97.3,0
1116,-30.700000000000003,-70.9611111111111,97.3,0
1117,-37.866666666666674,-73.37777777777777,97.3,0
1118,-40.974999999999994,-72.88194444444441,97.3,0
1119,-41.32777777777777,-72.98333333333335,97.3,0
1120,-53.150000000000006,-70.92777777777778,97.3,0
1121,-41.661111111111104,-72.2961111111111,97.3,0
1122,-38.552777777777784,-72.40388888888889,97.3,0
1123,-32.45000000000001,-71.23333333333333,97.3,0
1124,-35.444444444444436,-71.66666666666669,97.5,1000
1125,-33.400000000000006,-71.7,97.5,250
1126,-37.47500000000001,-72.34527777777778,97.5,250
1127,-32.833333333333336,-70.61666666666667,97.5,250
1128,-31.91666666666667,-71.51666666666667,97.5,250
1129,-38.79444444444444,-73.4111111111111,97.5,250
1130,-25.411111111111108,-70.48333333333335,97.5,250
1131,-30.04444444444444,-70.7,97.5,250
1132,-37.261111111111106,-73.32777777777777,97.5,0
1133,-27.06111111111111,-70.83694444444444,97.5,0
1134,-26.377777777777776,-70.05,97.5,0
1135,-28.677777777777774,-70.61722222222221,97.5,0
1136,-28.52777777777778,-70.92611111111111,97.5,0
1137,-36.39166666666666,-72.39750000000001,97.5,0
1138,-33.81666666666668,-70.75000000000001,97.5,0
1139,-38.98333333333334,-72.65,97.5,0
1140,-42.866666666666674,-73.4788888888889,97.5,0
1141,-43.10000000000001,-73.6111111111111,97.5,0
1142,-32.75000000000001,-70.72388888888888,97.5,0
1143,-34.58333333333334,-71.0,97.5,0
1144,-36.50277777777778,-72.21222222222221,97.5,0
1145,-28.57777777777778,-70.75000000000001,97.5,0
1146,-23.583333333333336,-70.33,97.7,1000
1147,-18.49444444444444,-70.33333333333334,97.7,1000
1148,-45.57222222222222,-72.0875,97.7,1000
1149,-20.350000000000005,-70.10888888888887,97.7,1000
1150,-32.79444444444444,-71.20000000000002,97.7,1000
1151,-29.93611111111111,-71.22277777777778,97.7,1000
1152,-41.32777777777777,-72.98333333333335,97.7,1000
1153,-53.150000000000006,-70.92777777777778,97.7,1000
1154,-33.41944444444444,-70.62999999999998,97.7,1000
1155,-37.8111111111111,-73.4111111111111,97.7,250
1156,-34.98333333333334,-71.23333333333333,97.7,250
1157,-38.216666666666676,-72.33333333333334,97.7,250
1158,-29.04444444444444,-71.43333333333335,97.7,0
1159,-46.5611111111111,-71.74444444444444,97.7,0
1160,-36.611111111111114,-72.1,97.7,0
1161,-27.377777777777776,-70.32777777777777,97.7,0
1162,-38.95,-72.64444444444443,97.7,0
1163,-31.644444444444442,-71.17777777777776,97.7,0
1164,-39.400000000000006,-72.77777777777776,97.7,0
1165,-39.37777777777777,-72.64444444444443,97.7,0
1166,-23.111111111111107,-70.46111111111111,97.7,0
1167,-34.39444444444444,-72.0,97.7,0
1168,-53.30833333333333,-70.3775,97.7,0
1169,-30.911111111111108,-71.27777777777777,97.7,0
1170,-32.87777777777778,-71.24972222222222,97.7,0
1171,-36.88055555555555,-73.13972222222223,97.7,0
1172,-22.911111111111108,-69.32777777777777,97.7,0
1173,-22.46666666666667,-68.93333333333334,97.9,1000
1174,-35.86111111111111,-71.6111111111111,97.9,1000
1175,-34.21388888888889,-70.7352777777778,97.9,1000
1176,-38.74444444444444,-72.6111111111111,97.9,1000
1177,-51.74444444444444,-72.51666666666667,97.9,500
1178,-35.74444444444444,-72.54444444444442,97.9,250
1179,-37.72777777777778,-72.23333333333333,97.9,250
1180,-30.227777777777778,-71.08583333333333,97.9,0
1181,-33.32777777777777,-71.41666666666667,97.9,0
1182,-42.46666666666667,-73.80000000000001,97.9,0
1183,-35.70000000000001,-71.41666666666667,97.9,0
1184,-34.12777777777777,-71.72916666666667,97.9,0
1185,-39.81944444444445,-73.23500000000001,97.9,0
1186,-35.75000000000001,-71.59444444444442,97.9,0
1187,-36.833333333333336,-73.05,98.1,10000
1188,-32.45000000000001,-71.23333333333333,98.1,10000
1189,-40.56666666666668,-73.15000000000002,98.1,1000
1190,-30.60277777777778,-71.17055555555555,98.1,1000
1191,-41.461111111111116,-72.94861111111112,98.1,1000
1192,-36.611111111111114,-72.12777777777775,98.1,250
1193,-27.377777777777776,-70.32777777777777,98.1,250
1194,-23.111111111111107,-70.46111111111111,98.1,250
1195,-33.81666666666668,-70.17777777777776,98.1,150
1196,-39.294444444444444,-71.98194444444444,98.1,100
1197,-41.89166666666667,-73.81833333333333,98.1,0
1198,-18.49444444444444,-70.33333333333334,98.1,0
1199,-37.8111111111111,-73.4111111111111,98.1,0
1200,-31.930555555555557,-71.13527777777776,98.1,0
1201,-29.07777777777778,-71.49083333333333,98.1,0
1202,-38.01388888888889,-73.2286111111111,98.1,0
1203,-27.355555555555558,-70.31472222222222,98.1,0
1204,-22.925000000000004,-68.28805555555556,98.1,0
1205,-29.050000000000004,-70.89861111111111,98.1,0
1206,-29.219444444444445,-71.01194444444445,98.1,0
1207,-23.116666666666667,-68.66666666666669,98.1,0
1208,-28.677777777777774,-70.61722222222221,98.1,0
1209,-29.93611111111111,-71.22277777777778,98.1,0
1210,-37.92777777777777,-73.30000000000001,98.1,0
1211,-38.444444444444436,-71.23333333333333,98.1,0
1212,-30.700000000000003,-70.9611111111111,98.1,0
1213,-27.41388888888889,-70.27583333333335,98.1,0
1214,-44.75000000000001,-72.7,98.1,0
1215,-38.247222222222234,-73.48444444444446,98.1,0
1216,-34.63333333333334,-71.37777777777777,98.1,0
1217,-33.41944444444444,-70.62999999999998,98.1,0
1218,-36.72777777777778,-73.12777777777775,98.1,0
1219,-27.49444444444444,-70.27777777777777,98.1,0
1220,-38.33333333333334,-73.5111111111111,98.1,0
1221,-33.0,-71.51666666666667,98.1,0
1222,-38.216666666666676,-72.33333333333334,98.1,0
1223,-37.47500000000001,-72.34527777777778,98.3,1000
1224,-39.63333333333334,-72.33333333333334,98.3,1000
1225,-53.150000000000006,-70.92777777777778,98.3,1000
1226,-34.21388888888889,-70.7352777777778,98.3,1000
1227,-32.75000000000001,-70.72388888888888,98.3,500
1228,-35.977777777777774,-72.36111111111109,98.3,250
1229,-33.62777777777777,-71.6111111111111,98.3,250
1230,-26.377777777777776,-70.05,98.3,100
1231,-45.57222222222222,-72.0875,98.3,0
1232,-31.644444444444442,-71.17777777777776,98.3,0
1233,-20.350000000000005,-70.10888888888887,98.3,0
1234,-32.833333333333336,-70.61666666666667,98.3,0
1235,-34.39444444444444,-72.0,98.3,0
1236,-41.461111111111116,-72.94861111111112,98.3,0
1237,-33.56944444444445,-71.61611111111108,98.3,0
1238,-25.411111111111108,-70.48333333333335,98.3,0
1239,-28.57777777777778,-70.75000000000001,98.3,0
1240,-33.41944444444444,-70.62999999999998,98.5,10000
1241,-23.580555555555552,-70.33444444444444,98.5,1000
1242,-18.49444444444444,-70.3211111111111,98.5,1000
1243,-22.330555555555556,-68.99027777777778,98.5,1000
1244,-34.98333333333334,-71.23333333333333,98.5,1000
1245,-29.93611111111111,-71.22277777777778,98.5,1000
1246,-33.02777777777777,-71.27777777777777,98.5,1000
1247,-51.74444444444444,-72.51666666666667,98.5,1000
1248,-38.74444444444444,-72.6111111111111,98.5,1000
1249,-37.8111111111111,-73.4111111111111,98.5,250
1250,-43.88333333333333,-73.77777777777776,98.5,250
1251,-38.02777777777777,-72.35416666666666,98.5,0
1252,-29.97777777777777,-71.36111111111109,98.5,0
1253,-34.94166666666667,-72.18361111111112,98.5,0
1254,-34.2111111111111,-71.66666666666669,98.5,0
1255,-37.89722222222221,-72.51361111111112,98.5,0
1256,-43.89722222222221,-73.74388888888888,98.5,0
1257,-38.72222222222223,-72.60805555555554,98.5,0
1258,-38.11666666666667,-72.32777777777777,98.5,0
1259,-39.294444444444444,-71.98194444444444,98.5,0
1260,-36.425,-71.9625,98.5,0
1261,-39.81944444444445,-73.23500000000001,98.5,0
1262,-38.216666666666676,-72.33333333333334,98.5,0
1263,-37.511111111111106,-72.66666666666669,98.7,1000
1264,-40.56666666666668,-73.15000000000002,98.7,1000
1265,-34.444444444444436,-71.09138888888887,98.7,1000
1266,-35.81666666666668,-72.59444444444442,98.7,150
1267,-32.45000000000001,-71.23333333333333,98.7,100
1268,-30.04444444444444,-70.7,98.7,100
1269,-32.88055555555555,-70.6486111111111,98.7,0
1270,-28.141666666666662,-71.15000000000002,98.7,0
1271,-32.56666666666668,-71.28333333333333,98.7,0
1272,-32.88055555555555,-70.64833333333335,98.7,0
1273,-46.5611111111111,-71.74444444444444,98.7,0
1274,-28.511111111111106,-71.07972222222223,98.7,0
1275,-34.98333333333334,-71.82777777777775,98.7,0
1276,-29.93611111111111,-71.22277777777778,98.7,0
1277,-31.644444444444442,-71.17777777777776,98.7,0
1278,-32.62777777777779,-71.42444444444443,98.7,0
1279,-32.38611111111111,-71.36916666666666,98.7,0
1280,-32.833333333333336,-70.61666666666667,98.7,0
1281,-32.76944444444444,-70.83666666666666,98.7,0
1282,-32.51666666666667,-71.46111111111111,98.7,0
1283,-20.266666666666666,-69.80000000000001,98.7,0
1284,-32.444444444444436,-71.32277777777777,98.7,0
1285,-32.62777777777779,-70.71666666666668,98.7,0
1286,-32.838888888888896,-70.68722222222223,98.7,0
1287,-32.797222222222224,-70.58027777777777,98.7,0
1288,-32.75000000000001,-70.72388888888888,98.7,0
1289,-32.744444444444454,-70.65972222222224,98.7,0
1290,-38.261111111111106,-72.69444444444444,98.7,0
1291,-32.552777777777784,-71.4588888888889,98.7,0
1292,-36.833333333333336,-73.05,98.9,3000
1293,-34.21388888888889,-70.7352777777778,98.9,1000
1294,-35.444444444444436,-71.66666666666669,98.9,1000
1295,-27.377777777777776,-70.32777777777777,98.9,250
1296,-39.294444444444444,-71.98194444444444,98.9,250
1297,-41.461111111111116,-72.94861111111112,98.9,250
1298,-30.26111111111111,-71.5111111111111,98.9,250
1299,-39.866666666666674,-73.43333333333335,98.9,150
1300,-39.86111111111111,-73.4111111111111,98.9,0
1301,-36.31111111111111,-71.90000000000002,98.9,0
1302,-38.05,-71.32777777777777,98.9,0
1303,-37.33333333333334,-71.69444444444444,98.9,0
1304,-18.49444444444444,-70.33333333333334,98.9,0
1305,-31.411111111111108,-71.46111111111111,98.9,0
1306,-38.70000000000001,-73.17777777777776,98.9,0
1307,-29.04444444444444,-71.43333333333335,98.9,0
1308,-29.97777777777777,-71.36111111111109,98.9,0
1309,-39.866666666666674,-73.43333333333335,98.9,0
1310,-29.93611111111111,-71.22277777777778,98.9,0
1311,-37.68611111111111,-71.99861111111112,98.9,0
1312,-37.472222222222214,-71.98361111111113,98.9,0
1313,-33.58333333333334,-70.7,98.9,0
1314,-36.28055555555555,-71.815,98.9,0
1315,-36.72777777777778,-73.12777777777775,98.9,0
1316,-33.0,-71.51666666666667,98.9,0
1317,-39.27777777777777,-72.22777777777777,98.9,0
1318,-23.575,-70.3325,99.1,1000
1319,-22.46666666666667,-68.93333333333334,99.1,1000
1320,-20.350000000000005,-70.10888888888887,99.1,1000
1321,-34.58333333333334,-71.0,99.1,1000
1322,-28.57777777777778,-70.75000000000001,99.1,1000
1323,-38.216666666666676,-72.33333333333334,99.1,1000
1324,-35.33333333333334,-72.41666666666667,99.1,250
1325,-40.32222222222222,-72.48055555555555,99.1,250
1326,-30.700000000000003,-70.9611111111111,99.1,250
1327,-53.150000000000006,-70.92777777777778,99.1,250
1328,-33.56944444444445,-71.61611111111108,99.1,250
1329,-32.75000000000001,-70.72388888888888,99.1,250
1330,-35.977777777777774,-72.36111111111109,99.1,0
1331,-36.611111111111114,-72.12777777777775,99.1,0
1332,-42.62777777777777,-73.82777777777775,99.1,0
1333,-39.37777777777777,-72.64444444444443,99.1,0
1334,-37.47500000000001,-72.34527777777778,99.1,0
1335,-32.833333333333336,-70.61666666666667,99.1,0
1336,-31.91666666666667,-71.51666666666667,99.1,0
1337,-39.53333333333333,-72.51666666666667,99.1,0
1338,-39.57777777777778,-72.4402777777778,99.1,0
1339,-32.261111111111106,-70.93333333333334,99.1,0
1340,-34.63333333333334,-71.37777777777777,99.1,0
1341,-38.977777777777774,-73.05,99.1,0
1342,-33.45000000000001,-70.66666666666669,99.3,10000
1343,-32.92777777777777,-71.51666666666667,99.3,1250
1344,-37.03333333333334,-72.4111111111111,99.3,1000
1345,-41.261111111111106,-73.01666666666668,99.3,1000
1346,-34.39444444444444,-72.0,99.3,1000
1347,-41.89166666666667,-73.81833333333333,99.3,250
1348,-33.32777777777777,-71.41666666666667,99.3,250
1349,-45.57222222222222,-72.0875,99.3,250
1350,-37.46666666666667,-73.36111111111109,99.3,250
1351,-29.93611111111111,-71.22277777777778,99.3,250
1352,-39.81944444444445,-73.23500000000001,99.3,250
1353,-39.27777777777777,-72.22777777777777,99.3,250
1354,-27.06111111111111,-70.83694444444444,99.3,0
1355,-36.13055555555557,-72.79499999999999,99.3,0
1356,-34.27777777777777,-70.9611111111111,99.3,0
1357,-29.97777777777777,-71.36111111111109,99.3,0
1358,-36.5611111111111,-72.93333333333334,99.3,0
1359,-34.22500000000001,-70.965,99.3,0
1360,-26.26111111111111,-69.61666666666667,99.3,0
1361,-41.11666666666667,-73.05,99.3,0
1362,-31.644444444444442,-71.17777777777776,99.3,0
1363,-38.150000000000006,-72.92777777777778,99.3,0
1364,-36.53055555555555,-72.92888888888889,99.3,0
1365,-39.294444444444444,-71.98194444444444,99.3,0
1366,-34.88333333333333,-72.0,99.3,0
1367,-18.49444444444444,-70.33333333333334,99.5,1000
1368,-32.833333333333336,-70.61666666666667,99.5,1000
1369,-35.444444444444436,-71.66666666666669,99.5,1000
1370,-42.46666666666667,-73.80000000000001,99.5,250
1371,-27.377777777777776,-70.32777777777777,99.5,250
1372,-25.583333333333336,-70.17777777777776,99.5,250
1373,-34.67777777777777,-71.22777777777777,99.5,250
1374,-37.67777777777777,-72.01666666666668,99.5,150
1375,-23.580555555555552,-70.33444444444444,99.5,0
1376,-37.8111111111111,-73.4111111111111,99.5,0
1377,-32.88055555555555,-70.6486111111111,99.5,0
1378,-26.01666666666667,-70.34916666666665,99.5,0
1379,-47.27777777777777,-72.5611111111111,99.5,0
1380,-31.194444444444443,-71.0,99.5,0
1381,-26.416666666666668,-70.32777777777777,99.5,0
1382,-26.55833333333333,-70.67972222222224,99.5,0
1383,-28.511111111111106,-71.07972222222223,99.5,0
1384,-29.93611111111111,-71.22277777777778,99.5,0
1385,-37.47500000000001,-72.34527777777778,99.5,0
1386,-33.49444444444444,-71.62750000000001,99.5,0
1387,-33.11666666666667,-71.37777777777777,99.5,0
1388,-23.59166666666667,-70.38777777777779,99.5,0
1389,-30.01666666666667,-70.54444444444442,99.5,0
1390,-20.230555555555558,-70.12888888888888,99.5,0
1391,-53.30833333333333,-70.3775,99.5,0
1392,-44.75000000000001,-72.7,99.5,0
1393,-37.68611111111111,-71.99861111111112,99.5,0
1394,-34.21388888888889,-70.7352777777778,99.5,0
1395,-32.838888888888896,-70.68722222222223,99.5,0
1396,-32.797222222222224,-70.58027777777777,99.5,0
1397,-37.67777777777777,-72.01666666666668,99.5,0
1398,-33.41944444444444,-70.62999999999998,99.7,10000
1399,-32.45000000000001,-71.23333333333333,99.7,10000
1400,-33.03333333333334,-71.64444444444443,99.7,10000
1401,-22.330555555555556,-68.99027777777778,99.7,1000
1402,-40.56666666666668,-73.15000000000002,99.7,1000
1403,-30.60277777777778,-71.17055555555555,99.7,1000
1404,-41.461111111111116,-72.94861111111112,99.7,1000
1405,-27.06111111111111,-70.83694444444444,99.7,100
1406,-38.65,-72.12777777777775,99.7,100
1407,-37.8111111111111,-72.71666666666668,99.7,0
1408,-36.611111111111114,-72.1,99.7,0
1409,-34.70000000000001,-71.5111111111111,99.7,0
1410,-20.350000000000005,-70.10888888888887,99.7,0
1411,-34.98333333333334,-71.98499999999999,99.7,0
1412,-37.09444444444444,-73.17777777777776,99.7,0
1413,-34.67777777777777,-71.22777777777777,99.7,0
1414,-34.63611111111111,-71.12499999999997,99.7,0
1415,-52.65,-71.46666666666667,99.7,0
1416,-31.79444444444444,-70.97777777777777,99.7,0
1417,-34.58333333333334,-71.0,99.7,0
1418,-28.57777777777778,-70.75000000000001,99.7,0
1419,-38.65,-72.23333333333333,99.7,0
1420,-23.663888888888888,-70.40416666666668,99.9,1000
1421,-36.833333333333336,-73.05,99.9,1000
1422,-45.57222222222222,-72.0875,99.9,1000
1423,-31.91666666666667,-71.51666666666667,99.9,1000
1424,-34.21388888888889,-70.7352777777778,99.9,1000
1425,-39.81944444444445,-73.23500000000001,99.9,1000
1426,-39.27777777777777,-72.22777777777777,99.9,1000
1427,-29.93611111111111,-71.22277777777778,99.9,750
1428,-41.89166666666667,-73.81833333333333,99.9,250
1429,-38.74444444444444,-72.9611111111111,99.9,50
1430,-34.027777777777786,-71.11638888888888,99.9,0
1431,-27.377777777777776,-70.32777777777777,99.9,0
1432,-29.97777777777777,-71.36111111111109,99.9,0
1433,-34.98333333333334,-71.23333333333333,99.9,0
1434,-27.26111111111111,-70.77916666666667,99.9,0
1435,-22.925000000000004,-68.28805555555556,99.9,0
1436,-32.833333333333336,-70.51555555555555,99.9,0
1437,-35.977777777777774,-71.69444444444444,99.9,0
1438,-37.14444444444444,-72.23333333333333,99.9,0
1439,-32.261111111111106,-70.93333333333334,99.9,0
1440,-53.30833333333333,-70.3775,99.9,0
1441,-39.294444444444444,-71.98194444444444,99.9,0
1442,-53.150000000000006,-70.92777777777778,99.9,0
1443,-38.02777777777777,-73.09444444444443,99.9,0
1444,-40.92777777777777,-73.17777777777776,99.9,0
1445,-36.72777777777778,-73.12777777777775,99.9,0
1446,-25.411111111111108,-70.48333333333335,99.9,0
1447,-27.49444444444444,-70.27777777777777,99.9,0
1448,-33.41944444444444,-70.62999999999998,100.1,10000
1449,-28.57777777777778,-70.75000000000001,100.1,1000
1450,-37.03333333333334,-72.4111111111111,100.1,250
1451,-37.46666666666667,-73.36111111111109,100.1,250
1452,-43.88333333333333,-73.77777777777776,100.1,250
1453,-34.2111111111111,-71.66666666666669,100.1,250
1454,-37.608333333333334,-73.64805555555556,100.1,250
1455,-35.444444444444436,-71.66666666666669,100.1,250
1456,-32.45000000000001,-71.23333333333333,100.1,250
1457,-30.233333333333334,-71.09444444444443,100.1,0
1458,-18.49444444444444,-70.33333333333334,100.1,0
1459,-37.03333333333334,-72.4111111111111,100.1,0
1460,-29.04444444444444,-71.43333333333335,100.1,0
1461,-20.350000000000005,-70.10888888888887,100.1,0
1462,-38.508333333333326,-72.4538888888889,100.1,0
1463,-30.60277777777778,-71.17055555555555,100.1,0
1464,-37.67777777777777,-72.59444444444442,100.1,0
1465,-29.947222222222226,-70.53444444444446,100.1,0
1466,-33.0,-71.51666666666667,100.1,0
1467,-31.644444444444442,-71.17777777777776,100.3,1000
1468,-40.56666666666668,-73.15000000000002,100.3,1000
1469,-33.56944444444445,-71.61611111111108,100.3,1000
1470,-27.377777777777776,-70.32777777777777,100.3,250
1471,-39.35,-71.59444444444442,100.3,250
1472,-35.81666666666668,-72.59444444444442,100.3,250
1473,-41.461111111111116,-72.94861111111112,100.3,250
1474,-37.16666666666667,-72.93333333333334,100.3,250
1475,-39.216666666666676,-73.22777777777777,100.3,250
1476,-37.8111111111111,-72.71666666666668,100.3,0
1477,-22.330555555555556,-68.99027777777778,100.3,0
1478,-29.93611111111111,-71.22277777777778,100.3,0
1479,-32.833333333333336,-70.61666666666667,100.3,0
1480,-45.175000000000004,-72.14305555555556,100.3,0
1481,-53.150000000000006,-70.92777777777778,100.3,0
1482,-34.21388888888889,-70.7352777777778,100.3,0
1483,-31.79444444444444,-70.97777777777777,100.3,0
1484,-36.444444444444436,-72.05,100.3,0
1485,-34.88333333333333,-72.0,100.3,0
1486,-23.580555555555552,-70.33444444444444,100.5,1000
1487,-39.81944444444445,-73.23500000000001,100.5,1000
1488,-33.03333333333334,-71.64444444444443,100.5,1000
1489,-20.350000000000005,-70.10888888888887,100.5,500
1490,-34.70000000000001,-71.05,100.5,250
1491,-43.10000000000001,-73.6111111111111,100.5,250
1492,-36.62777777777777,-72.9611111111111,100.5,250
1493,-33.65,-71.17777777777776,100.5,150
1494,-45.57222222222222,-72.0875,100.5,100
1495,-27.26111111111111,-70.77916666666667,100.5,0
1496,-27.130555555555553,-70.87777777777777,100.5,0
1497,-27.06111111111111,-70.83694444444444,100.5,0
1498,-32.92777777777777,-71.51666666666667,100.5,0
1499,-35.33333333333334,-72.41666666666667,100.5,0
1500,-37.46666666666667,-73.36111111111109,100.5,0
1501,-29.847222222222218,-70.38638888888889,100.5,0
1502,-41.261111111111106,-73.01666666666668,100.5,0
1503,-38.53888888888889,-71.25694444444446,100.5,0
1504,-33.41944444444444,-70.62999999999998,100.5,0
1505,-33.0,-71.51666666666667,100.5,0
1506,-30.04444444444444,-70.7,100.5,0
1507,-38.74444444444444,-72.6111111111111,100.7,10000
1508,-35.444444444444436,-71.66666666666669,100.7,1000
1509,-18.49444444444444,-70.33333333333334,100.7,250
1510,-22.46666666666667,-68.93333333333334,100.7,250
1511,-41.766666666666666,-73.1322222222222,100.7,250
1512,-37.02777777777777,-73.14444444444443,100.7,250
1513,-34.2111111111111,-70.82777777777775,100.7,250
1514,-36.53333333333333,-72.43333333333335,100.7,250
1515,-40.79444444444444,-73.23333333333333,100.7,250
1516,-43.56944444444445,-72.0661111111111,100.7,0
1517,-32.425,-71.06638888888888,100.7,0
1518,-41.766666666666666,-73.1322222222222,100.7,0
1519,-32.45000000000001,-71.22777777777777,100.7,0
1520,-33.70000000000001,-71.22777777777777,100.7,0
1521,-30.60277777777778,-71.17055555555555,100.7,0
1522,-32.51666666666667,-71.46111111111111,100.7,0
1523,-34.21388888888889,-70.7352777777778,100.7,0
1524,-22.083333333333336,-70.20000000000002,100.7,0
1525,-33.41944444444444,-70.62999999999998,100.9,10000
1526,-29.93611111111111,-71.22277777777778,100.9,1000
1527,-41.261111111111106,-73.01666666666668,100.9,1000
1528,-32.75000000000001,-70.72388888888888,100.9,1000
1529,-27.377777777777776,-70.32777777777777,100.9,250
1530,-39.46666666666667,-72.12777777777775,100.9,250
1531,-33.5611111111111,-71.6111111111111,100.9,250
1532,-23.111111111111107,-70.46111111111111,100.9,250
1533,-33.56944444444445,-71.61611111111108,100.9,250
1534,-34.63333333333334,-71.37777777777777,100.9,250
1535,-37.11944444444444,-72.01666666666668,100.9,250
1536,-45.49444444444445,-72.83333333333333,100.9,150
1537,-37.8111111111111,-72.71666666666668,100.9,0
1538,-35.977777777777774,-72.36111111111109,100.9,0
1539,-39.58333333333334,-72.04444444444444,100.9,0
1540,-39.866666666666674,-73.43333333333335,100.9,0
1541,-35.833333333333336,-72.01666666666668,100.9,0
1542,-20.350000000000005,-70.10888888888887,100.9,0
1543,-41.14444444444444,-72.79444444444444,100.9,0
1544,-38.444444444444436,-71.23333333333333,100.9,0
1545,-37.62777777777777,-73.46666666666667,100.9,0
1546,-39.86111111111111,-73.4111111111111,100.9,0
1547,-53.150000000000006,-70.92777777777778,100.9,0
1548,-40.694444444444436,-72.6111111111111,100.9,0
1549,-31.79444444444444,-70.97777777777777,100.9,0
1550,-22.46666666666667,-68.93333333333334,101.1,250
1551,-42.46666666666667,-73.80000000000001,101.1,250
1552,-38.444444444444436,-71.88333333333334,101.1,250
1553,-40.28333333333334,-73.09444444444443,101.1,250
1554,-39.53055555555555,-72.96083333333333,101.1,250
1555,-30.60277777777778,-71.17055555555555,101.1,250
1556,-34.21388888888889,-70.7352777777778,101.1,250
1557,-34.98333333333334,-71.23333333333333,101.1,0
1558,-28.511111111111106,-71.07972222222223,101.1,0
1559,-29.93611111111111,-71.22277777777778,101.1,0
1560,-35.86111111111111,-71.6111111111111,101.1,0
1561,-28.52777777777778,-70.92611111111111,101.1,0
1562,-34.39444444444444,-72.0,101.1,0
1563,-28.57777777777778,-70.75000000000001,101.1,0
1564,-32.45000000000001,-71.23333333333333,101.1,0
1565,-33.0,-71.51666666666667,101.1,0
1566,-33.41944444444444,-70.62999999999998,101.3,10000
1567,-23.583333333333336,-70.33,101.3,1000
1568,-36.611111111111114,-72.1,101.3,1000
1569,-20.350000000000005,-70.10888888888887,101.3,1000
1570,-33.62777777777777,-71.6111111111111,101.3,1000
1571,-34.58333333333334,-71.0,101.3,1000
1572,-32.833333333333336,-70.61666666666667,101.3,250
1573,-39.86111111111111,-72.83333333333333,101.3,250
1574,-41.400000000000006,-73.48333333333335,101.3,250
1575,-31.91666666666667,-71.51666666666667,101.3,250
1576,-22.91666666666667,-68.22777777777777,101.3,250
1577,-38.261111111111106,-72.69444444444444,101.3,250
1578,-18.488888888888894,-70.31944444444444,101.3,0
1579,-27.130555555555553,-70.87777777777777,101.3,0
1580,-34.27222222222222,-71.4347222222222,101.3,0
1581,-27.06111111111111,-70.83694444444444,101.3,0
1582,-27.377777777777776,-70.32777777777777,101.3,0
1583,-34.98333333333334,-71.23333333333333,101.3,0
1584,-33.56944444444445,-71.61611111111108,101.3,0
1585,-32.75000000000001,-70.72388888888888,101.3,0
1586,-38.552777777777784,-72.40388888888889,101.3,0
1587,-42.46666666666667,-73.80000000000001,101.5,1000
1588,-29.93611111111111,-71.22277777777778,101.5,1000
1589,-40.56666666666668,-73.15000000000002,101.5,1000
1590,-53.150000000000006,-70.92777777777778,101.5,500
1591,-37.8111111111111,-73.4111111111111,101.5,250
1592,-45.57222222222222,-72.0875,101.5,250
1593,-33.638888888888886,-78.83333333333333,101.5,250
1594,-34.12777777777777,-71.46972222222222,101.5,250
1595,-38.444444444444436,-71.23333333333333,101.5,250
1596,-32.87777777777778,-71.24972222222222,101.5,250
1597,-35.444444444444436,-71.66666666666669,101.5,250
1598,-37.8111111111111,-72.71666666666668,101.5,0
1599,-37.66944444444445,-73.38833333333336,101.5,0
1600,-31.141666666666662,-70.9872222222222,101.5,0
1601,-29.97777777777777,-71.36111111111109,101.5,0
1602,-36.958333333333336,-72.93,101.5,0
1603,-32.79444444444444,-71.20000000000002,101.5,0
1604,-34.31111111111111,-71.32777777777777,101.5,0
1605,-37.62777777777777,-73.46666666666667,101.5,0
1606,-41.461111111111116,-72.94861111111112,101.5,0
1607,-25.411111111111108,-70.48333333333335,101.5,0
1608,-33.41944444444444,-70.62999999999998,101.7,10000
1609,-27.377777777777776,-70.32777777777777,101.7,1000
1610,-37.47500000000001,-72.34527777777778,101.7,1000
1611,-38.74444444444444,-72.6111111111111,101.7,1000
1612,-33.0,-71.51666666666667,101.7,1000
1613,-22.46666666666667,-68.93333333333334,101.7,500
1614,-33.022222222222226,-71.46888888888888,101.7,250
1615,-34.98333333333334,-71.82777777777775,101.7,250
1616,-30.60277777777778,-71.17055555555555,101.7,250
1617,-39.81944444444445,-73.23500000000001,101.7,250
1618,-36.62777777777777,-72.9611111111111,101.7,150
1619,-41.89166666666667,-73.81833333333333,101.7,0
1620,-36.81666666666668,-73.035,101.7,0
1621,-39.866666666666674,-73.43333333333335,101.7,0
1622,-31.91666666666667,-71.51666666666667,101.7,0
1623,-39.86111111111111,-73.4111111111111,101.7,0
1624,-38.74444444444444,-72.9611111111111,101.7,0
1625,-20.47222222222222,-69.67333333333333,101.7,0
1626,-32.14444444444444,-71.54444444444442,101.7,0
1627,-34.39444444444444,-72.0,101.7,0
1628,-34.21388888888889,-70.7352777777778,101.7,0
1629,-40.51666666666667,-73.4111111111111,101.7,0
1630,-32.45000000000001,-71.23333333333333,101.7,0
1631,-18.49444444444444,-70.33333333333334,101.9,1000
1632,-35.977777777777774,-72.36111111111109,101.9,1000
1633,-41.461111111111116,-72.94861111111112,101.9,1000
1634,-37.95,-72.43333333333335,101.9,250
1635,-20.350000000000005,-70.10944444444445,101.9,250
1636,-33.56944444444445,-71.61611111111108,101.9,250
1637,-34.58333333333334,-71.0,101.9,250
1638,-32.72777777777778,-71.23333333333333,101.9,150
1639,-23.580555555555552,-70.33444444444444,101.9,0
1640,-27.130555555555553,-70.87777777777777,101.9,0
1641,-32.425,-71.06638888888888,101.9,0
1642,-27.06111111111111,-70.83694444444444,101.9,0
1643,-45.57222222222222,-72.0875,101.9,0
1644,-51.74444444444444,-72.51666666666667,101.9,0
1645,-33.41944444444444,-70.62999999999998,102.1,10000
1646,-29.97777777777777,-71.36111111111109,102.1,1000
1647,-35.444444444444436,-71.66666666666669,102.1,1000
1648,-38.92777777777777,-72.04444444444444,102.1,500
1649,-37.261111111111106,-73.32777777777777,102.1,250
1650,-29.04444444444444,-71.43333333333335,102.1,250
1651,-46.5611111111111,-71.74444444444444,102.1,250
1652,-40.56666666666668,-73.15000000000002,102.1,250
1653,-36.74444444444444,-72.46666666666667,102.1,250
1654,-41.89166666666667,-73.81833333333333,102.1,0
1655,-27.377777777777776,-70.32777777777777,102.1,0
1656,-29.93611111111111,-71.22277777777778,102.1,0
1657,-38.74444444444444,-72.9611111111111,102.1,0
1658,-53.30833333333333,-70.3775,102.1,0
1659,-53.150000000000006,-70.92777777777778,102.1,0
1660,-31.79444444444444,-70.97777777777777,102.1,0
1661,-30.04444444444444,-70.7,102.1,0
1662,-20.350000000000005,-70.10888888888887,102.3,1000
1663,-33.70000000000001,-71.22777777777777,102.3,1000
1664,-34.21388888888889,-70.7352777777778,102.3,1000
1665,-43.10000000000001,-73.6111111111111,102.3,500
1666,-45.57222222222222,-72.0875,102.3,250
1667,-34.12777777777777,-71.46972222222222,102.3,250
1668,-37.47500000000001,-72.34527777777778,102.3,250
1669,-41.10833333333334,-72.62666666666665,102.3,250
1670,-32.261111111111106,-70.93333333333334,102.3,150
1671,-28.938888888888894,-70.46000000000001,102.3,0
1672,-36.833333333333336,-73.05,102.3,0
1673,-35.33333333333334,-72.41666666666667,102.3,0
1674,-34.98333333333334,-71.23333333333333,102.3,0
1675,-28.511111111111106,-71.07972222222223,102.3,0
1676,-29.93611111111111,-71.22277777777778,102.3,0
1677,-28.87777777777778,-70.2813888888889,102.3,0
1678,-32.79444444444444,-71.20000000000002,102.3,0
1679,-41.14444444444444,-72.82055555555554,102.3,0
1680,-32.833333333333336,-70.61666666666667,102.3,0
1681,-30.60277777777778,-71.17055555555555,102.3,0
1682,-34.35,-71.30000000000001,102.3,0
1683,-39.294444444444444,-71.98194444444444,102.3,0
1684,-43.10000000000001,-73.6111111111111,102.3,0
1685,-32.87777777777778,-71.24972222222222,102.3,0
1686,-32.75000000000001,-70.72388888888888,102.3,0
1687,-36.72777777777778,-73.12777777777775,102.3,0
1688,-32.65277777777777,-70.01111111111112,102.3,0
1689,-33.41944444444444,-70.62999999999998,102.5,10000
1690,-23.583333333333336,-70.33,102.5,1000
1691,-18.49444444444444,-70.33333333333334,102.5,1000
1692,-22.330555555555556,-68.99027777777778,102.5,1000
1693,-27.377777777777776,-70.32777777777777,102.5,1000
1694,-53.150000000000006,-70.92777777777778,102.5,1000
1695,-41.461111111111116,-72.94861111111112,102.5,250
1696,-34.58333333333334,-71.0,102.5,250
1697,-32.45000000000001,-71.23333333333333,102.5,250
1698,-33.5611111111111,-71.6111111111111,102.5,150
1699,-37.16666666666667,-72.93333333333334,102.5,100
1700,-36.611111111111114,-72.1,102.5,0
1701,-40.28333333333334,-73.09444444444443,102.5,0
1702,-39.63333333333334,-72.33333333333334,102.5,0
1703,-40.92777777777777,-73.17777777777776,102.5,0
1704,-40.79444444444444,-73.23333333333333,102.5,0
1705,-33.56944444444445,-71.61611111111108,102.5,0
1706,-35.444444444444436,-71.66666666666669,102.5,0
1707,-29.93611111111111,-71.22277777777778,102.7,1000
1708,-41.62777777777777,-73.6111111111111,102.7,1000
1709,-35.977777777777774,-71.69444444444444,102.7,250
1710,-37.62777777777777,-73.46666666666667,102.7,250
1711,-39.444444444444436,-73.17777777777776,102.7,250
1712,-37.11944444444444,-72.01666666666668,102.7,250
1713,-33.91111111111111,-71.46666666666667,102.7,100
1714,-29.97777777777777,-71.36111111111109,102.7,0
1715,-38.444444444444436,-71.88333333333334,102.7,0
1716,-20.350000000000005,-70.10888888888887,102.7,0
1717,-35.977777777777774,-71.69444444444444,102.7,0
1718,-32.833333333333336,-70.61666666666667,102.7,0
1719,-40.619444444444454,-72.46805555555557,102.7,0
1720,-41.261111111111106,-73.01666666666668,102.7,0
1721,-33.62777777777777,-70.56666666666668,102.7,0
1722,-45.40277777777778,-72.69166666666666,102.7,0
1723,-31.79444444444444,-70.97777777777777,102.7,0
1724,-32.75000000000001,-70.72388888888888,102.7,0
1725,-28.57777777777778,-70.75000000000001,102.7,0
1726,-33.0,-71.51666666666667,102.9,10000
1727,-33.67777777777777,-70.93333333333334,102.9,1250
1728,-40.56666666666668,-73.15000000000002,102.9,1000
1729,-45.40277777777778,-72.69166666666666,102.9,1000
1730,-36.72777777777778,-73.12777777777775,102.9,1000
1731,-39.81944444444445,-73.23500000000001,102.9,1000
1732,-39.46666666666667,-72.12777777777775,102.9,250
1733,-35.444444444444436,-71.66666666666669,102.9,250
1734,-30.8,-70.9611111111111,102.9,190
1735,-42.46666666666667,-73.80000000000001,102.9,0
1736,-36.611111111111114,-72.12777777777775,102.9,0
1737,-47.27777777777777,-72.5611111111111,102.9,0
1738,-37.95,-72.43333333333335,102.9,0
1739,-31.194444444444443,-71.0,102.9,0
1740,-36.833333333333336,-73.05,102.9,0
1741,-38.05,-72.38333333333335,102.9,0
1742,-23.65555555555555,-70.39916666666666,102.9,0
1743,-30.700000000000003,-70.9611111111111,102.9,0
1744,-30.60277777777778,-71.17055555555555,102.9,0
1745,-34.39444444444444,-72.0,102.9,0
1746,-45.49444444444445,-72.83333333333333,102.9,0
1747,-30.911111111111108,-71.27777777777777,102.9,0
1748,-23.188888888888883,-68.00694444444444,102.9,0
1749,-22.083333333333336,-70.20000000000002,102.9,0
1750,-38.261111111111106,-72.69444444444444,102.9,0
1751,-31.005555555555553,-70.72000000000001,102.9,0
1752,-32.45000000000001,-71.23333333333333,102.9,0
1753,-39.27777777777777,-72.22777777777777,102.9,0
1754,-18.49444444444444,-70.33333333333334,103.1,1000
1755,-27.377777777777776,-70.32777777777777,103.1,1000
1756,-20.350000000000005,-70.10888888888887,103.1,1000
1757,-33.5611111111111,-71.6111111111111,103.1,1000
1758,-41.261111111111106,-73.01666666666668,103.1,1000
1759,-34.58333333333334,-71.0,103.1,1000
1760,-22.46666666666667,-68.93333333333334,103.1,250
1761,-38.92777777777777,-72.04444444444444,103.1,250
1762,-37.47500000000001,-72.34527777777778,103.1,250
1763,-32.75000000000001,-70.72388888888888,103.1,100
1764,-53.150000000000006,-70.92777777777778,103.1,80
1765,-29.04444444444444,-71.43333333333335,103.1,0
1766,-29.93611111111111,-71.22277777777778,103.1,0
1767,-33.11666666666667,-71.37777777777777,103.1,0
1768,-32.14444444444444,-71.54444444444442,103.1,0
1769,-41.461111111111116,-72.94861111111112,103.1,0
1770,-38.74444444444444,-72.6111111111111,103.1,0
1771,-27.49444444444444,-70.27777777777777,103.1,0
1772,-33.41944444444444,-70.62999999999998,103.3,10000
1773,-23.583333333333336,-70.33,103.3,1000
1774,-29.93611111111111,-71.22277777777778,103.3,1000
1775,-38.216666666666676,-72.33333333333334,103.3,1000
1776,-36.611111111111114,-72.1,103.3,250
1777,-34.98333333333334,-71.82777777777775,103.3,250
1778,-31.79444444444444,-70.97777777777777,103.3,250
1779,-39.81944444444445,-73.23500000000001,103.3,250
1780,-32.56666666666668,-71.28333333333333,103.3,150
1781,-27.130555555555553,-70.87777777777777,103.3,0
1782,-27.06111111111111,-70.83694444444444,103.3,0
1783,-42.46666666666667,-73.80000000000001,103.3,0
1784,-20.911111111111108,-68.6063888888889,103.3,0
1785,-45.57222222222222,-72.0875,103.3,0
1786,-43.16666666666667,-71.85000000000001,103.3,0
1787,-37.09444444444444,-73.17777777777776,103.3,0
1788,-39.294444444444444,-71.98194444444444,103.3,0
1789,-51.74444444444444,-72.51666666666667,103.3,0
1790,-38.74444444444444,-72.6111111111111,103.3,0
1791,-32.552777777777784,-71.4588888888889,103.3,0
1792,-22.330555555555556,-68.99027777777778,103.5,1000
1793,-40.56666666666668,-73.15000000000002,103.5,1000
1794,-33.03333333333334,-71.64444444444443,103.5,1000
1795,-38.74444444444444,-72.9611111111111,103.5,250
1796,-45.40277777777778,-72.69166666666666,103.5,250
1797,-30.911111111111108,-71.27777777777777,103.5,250
1798,-28.57777777777778,-70.75000000000001,103.5,250
1799,-37.47500000000001,-72.34527777777778,103.5,100
1800,-33.63055555555555,-70.33416666666666,103.5,100
1801,-38.92777777777777,-72.04444444444444,103.5,50
1802,-37.608333333333334,-73.64805555555556,103.5,0
1803,-32.833333333333336,-70.61666666666667,103.5,0
1804,-33.70000000000001,-71.22777777777777,103.5,0
1805,-45.49444444444445,-72.83333333333333,103.5,0
1806,-41.461111111111116,-72.94861111111112,103.5,0
1807,-30.911111111111108,-71.27777777777777,103.5,0
1808,-32.75000000000001,-70.72388888888888,103.5,0
1809,-34.444444444444436,-71.09138888888887,103.5,0
1810,-36.72777777777778,-73.12777777777775,103.5,0
1811,-36.62777777777777,-72.9611111111111,103.5,0
1812,-33.0,-71.51666666666667,103.5,0
1813,-18.49444444444444,-70.33333333333334,103.7,1000
1814,-27.377777777777776,-70.32777777777777,103.7,1000
1815,-20.350000000000005,-70.10888888888887,103.7,1000
1816,-39.63333333333334,-72.33333333333334,103.7,1000
1817,-34.39444444444444,-72.0,103.7,1000
1818,-34.21388888888889,-70.7352777777778,103.7,1000
1819,-35.977777777777774,-72.36111111111109,103.7,250
1820,-37.27777777777777,-72.7,103.7,250
1821,-39.294444444444444,-71.98194444444444,103.7,250
1822,-34.866666666666674,-71.19444444444444,103.7,250
1823,-38.216666666666676,-72.33333333333334,103.7,100
1824,-41.89166666666667,-73.81833333333333,103.7,0
1825,-29.97777777777777,-71.36111111111109,103.7,0
1826,-32.79444444444444,-71.20000000000002,103.7,0
1827,-29.93611111111111,-71.22277777777778,103.7,0
1828,-53.150000000000006,-70.92777777777778,103.7,0
1829,-33.45000000000001,-70.66666666666669,103.7,0
1830,-25.411111111111108,-70.48333333333335,103.7,0
1831,-22.083333333333336,-70.20000000000002,103.7,0
1832,-39.81944444444445,-73.23500000000001,103.7,0
1833,-36.611111111111114,-72.1,103.9,1000
1834,-29.97777777777777,-71.36111111111109,103.9,1000
1835,-33.05,-71.37777777777777,103.9,1000
1836,-34.58333333333334,-71.0,103.9,1000
1837,-38.74444444444444,-72.6111111111111,103.9,1000
1838,-23.583333333333336,-70.33,103.9,500
1839,-37.608333333333334,-73.64805555555556,103.9,250
1840,-32.45000000000001,-71.23333333333333,103.9,250
1841,-34.88333333333333,-72.0,103.9,250
1842,-37.74444444444444,-72.61666666666667,103.9,100
1843,-37.8111111111111,-72.71666666666668,103.9,0
1844,-33.32777777777777,-71.41666666666667,103.9,0
1845,-29.93611111111111,-71.22277777777778,103.9,0
1846,-37.81666666666668,-72.67250000000001,103.9,0
1847,-28.28888888888889,-70.8122222222222,103.9,0
1848,-35.53333333333333,-71.7,103.9,0
1849,-28.28333333333334,-70.8163888888889,103.9,0
1850,-38.72222222222223,-72.60805555555554,103.9,0
1851,-41.261111111111106,-73.01666666666668,103.9,0
1852,-43.10000000000001,-73.6111111111111,103.9,0
1853,-40.32777777777777,-72.97777777777777,103.9,0
1854,-27.383333333333333,-70.3286111111111,103.9,0
1855,-31.79444444444444,-70.97777777777777,103.9,0
1856,-35.444444444444436,-71.66666666666669,103.9,0
1857,-27.358333333333338,-70.31833333333334,103.9,0
1858,-36.833333333333336,-73.05,104.1,1000
1859,-30.60277777777778,-71.17055555555555,104.1,1000
1860,-33.41944444444444,-70.62999999999998,104.1,1000
1861,-39.81944444444445,-73.23500000000001,104.1,1000
1862,-22.46666666666667,-68.93333333333334,104.1,250
1863,-34.31111111111111,-71.32777777777777,104.1,250
1864,-35.86111111111111,-71.6111111111111,104.1,250
1865,-40.92777777777777,-73.17777777777776,104.1,250
1866,-27.06111111111111,-70.83694444444444,104.1,100
1867,-18.49444444444444,-70.33333333333334,104.1,0
1868,-27.377777777777776,-70.32777777777777,104.1,0
1869,-35.833333333333336,-72.01666666666668,104.1,0
1870,-39.10000000000001,-72.69444444444444,104.1,0
1871,-29.93611111111111,-71.22277777777778,104.1,0
1872,-37.47500000000001,-72.34527777777778,104.1,0
1873,-38.11666666666667,-72.32777777777777,104.1,0
1874,-38.62777777777779,-73.31555555555553,104.1,0
1875,-32.45000000000001,-71.23333333333333,104.1,0
1876,-53.150000000000006,-70.92777777777778,104.3,1000
1877,-34.21388888888889,-70.7352777777778,104.3,1000
1878,-39.81944444444445,-73.23500000000001,104.3,1000
1879,-39.27777777777777,-72.22777777777777,104.3,1000
1880,-20.350000000000005,-70.10888888888887,104.3,600
1881,-37.2388888888889,-71.9425,104.3,250
1882,-37.608333333333334,-73.64805555555556,104.3,250
1883,-34.87222222222222,-71.17333333333335,104.3,250
1884,-32.75000000000001,-70.72388888888888,104.3,150
1885,-35.33333333333334,-72.41666666666667,104.3,100
1886,-41.261111111111106,-73.01666666666668,104.3,50
1887,-42.46666666666667,-73.80000000000001,104.3,0
1888,-32.833333333333336,-70.51555555555555,104.3,0
1889,-39.400000000000006,-72.77777777777776,104.3,0
1890,-32.833333333333336,-70.51555555555555,104.3,0
1891,-33.11666666666667,-71.37777777777777,104.3,0
1892,-23.111111111111107,-70.46111111111111,104.3,0
1893,-30.60277777777778,-71.17055555555555,104.3,0
1894,-39.294444444444444,-71.98194444444444,104.3,0
1895,-33.56944444444445,-71.61611111111108,104.3,0
1896,-36.444444444444436,-72.05,104.3,0
1897,-38.552777777777784,-72.40388888888889,104.3,0
1898,-18.480555555555554,-70.31611111111111,104.5,1000
1899,-29.93611111111111,-71.22277777777778,104.5,1000
1900,-40.56666666666668,-73.15000000000002,104.5,1000
1901,-41.461111111111116,-72.94861111111112,104.5,1000
1902,-36.49444444444445,-72.7,104.5,250
1903,-35.611111111111114,-71.75000000000001,104.5,250
1904,-32.45000000000001,-71.23333333333333,104.5,250
1905,-36.81666666666668,-73.035,104.5,0
1906,-27.377777777777776,-70.32777777777777,104.5,0
1907,-29.97777777777777,-71.36111111111109,104.5,0
1908,-38.444444444444436,-71.88333333333334,104.5,0
1909,-39.74444444444444,-71.85416666666666,104.5,0
1910,-33.53333333333333,-70.71666666666668,104.5,0
1911,-37.511111111111106,-72.66666666666669,104.5,0
1912,-33.04722222222222,-71.44111111111111,104.5,0
1913,-31.79444444444444,-70.97777777777777,104.5,0
1914,-34.444444444444436,-71.09138888888887,104.5,0
1915,-33.41944444444444,-70.62999999999998,104.5,0
1916,-35.444444444444436,-71.66666666666669,104.5,0
1917,-36.72777777777778,-73.12777777777775,104.5,0
1918,-28.57777777777778,-70.75000000000001,104.5,0
1919,-33.0,-71.51666666666667,104.5,0
1920,-53.150000000000006,-70.92777777777778,104.7,1000
1921,-32.87777777777778,-71.24972222222222,104.7,1000
1922,-34.21388888888889,-70.7352777777778,104.7,1000
1923,-38.74444444444444,-72.6111111111111,104.7,1000
1924,-41.89166666666667,-73.81833333333333,104.7,250
1925,-37.8111111111111,-73.4111111111111,104.7,250
1926,-43.977777777777774,-72.43333333333335,104.7,250
1927,-33.95,-71.75000000000001,104.7,250
1928,-39.86111111111111,-73.4111111111111,104.7,150
1929,-23.580555555555552,-70.33444444444444,104.7,0
1930,-32.425,-71.06638888888888,104.7,0
1931,-22.46666666666667,-68.93333333333334,104.7,0
1932,-36.611111111111114,-72.1,104.7,0
1933,-34.98333333333334,-71.23333333333333,104.7,0
1934,-40.12777777777777,-72.3861111111111,104.7,0
1935,-40.32222222222222,-72.48055555555555,104.7,0
1936,-34.74444444444444,-71.6111111111111,104.7,0
1937,-41.62777777777777,-73.6111111111111,104.7,0
1938,-30.60277777777778,-71.17055555555555,104.7,0
1939,-32.261111111111106,-70.93333333333334,104.7,0
1940,-22.91666666666667,-68.22777777777777,104.7,0
1941,-39.81944444444445,-73.23500000000001,104.7,0
1942,-29.93611111111111,-71.22277777777778,104.9,1000
1943,-37.47500000000001,-72.34527777777778,104.9,1000
1944,-40.32777777777777,-72.97777777777777,104.9,1000
1945,-20.26111111111111,-70.12777777777775,104.9,500
1946,-35.33333333333334,-72.41666666666667,104.9,250
1947,-39.294444444444444,-71.98194444444444,104.9,250
1948,-28.57777777777778,-70.75000000000001,104.9,250
1949,-18.480555555555554,-70.31611111111111,104.9,0
1950,-36.81666666666668,-73.035,104.9,0
1951,-27.377777777777776,-70.32777777777777,104.9,0
1952,-29.97777777777777,-71.36111111111109,104.9,0
1953,-31.91666666666667,-71.51666666666667,104.9,0
1954,-34.394444444444446,-71.16944444444445,104.9,0
1955,-35.21111111111112,-72.28499999999998,104.9,0
1956,-33.45000000000001,-70.66666666666669,104.9,0
1957,-23.583333333333336,-70.33,105.1,1000
1958,-45.57222222222222,-72.0875,105.1,1000
1959,-40.56666666666668,-73.15000000000002,105.1,1000
1960,-53.150000000000006,-70.92777777777778,105.1,1000
1961,-33.03333333333334,-71.64444444444443,105.1,1000
1962,-35.977777777777774,-72.36111111111109,105.1,250
1963,-42.62777777777777,-73.82777777777775,105.1,250
1964,-39.37777777777777,-72.64444444444443,105.1,250
1965,-34.58333333333334,-71.0,105.1,250
1966,-38.216666666666676,-72.33333333333334,105.1,250
1967,-37.11944444444444,-72.01666666666668,105.1,250
1968,-29.04444444444444,-71.43333333333335,105.1,0
1969,-39.400000000000006,-72.77777777777776,105.1,0
1970,-32.833333333333336,-70.61666666666667,105.1,0
1971,-33.70000000000001,-71.22777777777777,105.1,0
1972,-30.60277777777778,-71.17055555555555,105.1,0
1973,-32.75000000000001,-70.72388888888888,105.1,0
1974,-35.5611111111111,-71.48333333333335,105.1,0
1975,-32.45000000000001,-71.22777777777777,105.3,1000
1976,-38.74444444444444,-72.9611111111111,105.3,1000
1977,-41.461111111111116,-72.94861111111112,105.3,1000
1978,-39.81944444444445,-73.23500000000001,105.3,1000
1979,-20.26111111111111,-70.12777777777775,105.3,500
1980,-36.611111111111114,-72.12777777777775,105.3,250
1981,-38.444444444444436,-71.88333333333334,105.3,250
1982,-18.49444444444444,-70.33333333333334,105.3,0
1983,-33.74444444444444,-70.75000000000001,105.3,0
1984,-32.57777777777778,-71.45277777777778,105.3,0
1985,-22.46666666666667,-68.93333333333334,105.3,0
1986,-32.56666666666668,-71.28333333333333,105.3,0
1987,-32.92777777777777,-71.51666666666667,105.3,0
1988,-27.377777777777776,-70.32777777777777,105.3,0
1989,-39.81666666666668,-72.44222222222221,105.3,0
1990,-39.86944444444445,-72.6675,105.3,0
1991,-38.75000000000001,-72.75000000000001,105.3,0
1992,-39.86111111111111,-72.83333333333333,105.3,0
1993,-33.11666666666667,-71.37777777777777,105.3,0
1994,-28.52777777777778,-70.92611111111111,105.3,0
1995,-32.51666666666667,-71.46111111111111,105.3,0
1996,-32.14444444444444,-71.54444444444442,105.3,0
1997,-32.74444444444444,-71.41666666666667,105.3,0
1998,-32.79444444444444,-71.54444444444442,105.3,0
1999,-33.41944444444444,-70.62999999999998,105.3,0
2000,-27.49444444444444,-70.27777777777777,105.3,0
2001,-32.552777777777784,-71.4588888888889,105.3,0
2002,-36.833333333333336,-73.05,105.5,1000
2003,-40.56666666666668,-73.15000000000002,105.5,1000
2004,-34.63333333333334,-71.37777777777777,105.5,1000
2005,-45.57222222222222,-72.0875,105.5,250
2006,-32.8111111111111,-71.17777777777776,105.5,250
2007,-39.27777777777777,-72.22777777777777,105.5,250
2008,-38.07222222222223,-73.12250000000002,105.5,150
2009,-29.93611111111111,-71.22277777777778,105.5,125
2010,-23.700000000000003,-68.0,105.5,0
2011,-41.89166666666667,-73.81833333333333,105.5,0
2012,-29.93611111111111,-71.22277777777778,105.5,0
2013,-32.79444444444444,-71.20000000000002,105.5,0
2014,-34.21388888888889,-70.7352777777778,105.5,0
2015,-35.444444444444436,-71.66666666666669,105.5,0
2016,-22.083333333333336,-70.20000000000002,105.5,0
2017,-33.03333333333334,-71.64444444444443,105.5,0
2018,-38.216666666666676,-72.33333333333334,105.5,0
2019,-23.583333333333336,-70.33,105.7,1000
2020,-35.977777777777774,-72.36111111111109,105.7,1000
2021,-27.377777777777776,-70.32777777777777,105.7,1000
2022,-34.98333333333334,-71.23333333333333,105.7,1000
2023,-29.93611111111111,-71.22277777777778,105.7,1000
2024,-53.150000000000006,-70.92777777777778,105.7,1000
2025,-32.75000000000001,-70.72388888888888,105.7,1000
2026,-38.74444444444444,-72.6111111111111,105.7,1000
2027,-20.350000000000005,-70.10888888888887,105.7,900
2028,-22.46666666666667,-68.93333333333334,105.7,500
2029,-42.91111111111111,-72.66666666666669,105.7,250
2030,-37.47500000000001,-72.34527777777778,105.7,250
2031,-51.74444444444444,-72.45277777777778,105.7,150
2032,-18.49444444444444,-70.33333333333334,105.7,0
2033,-42.46666666666667,-73.80000000000001,105.7,0
2034,-29.97777777777777,-71.36111111111109,105.7,0
2035,-37.46666666666667,-73.36111111111109,105.7,0
2036,-33.81666666666668,-70.75000000000001,105.7,0
2037,-31.79444444444444,-70.97777777777777,105.7,0
2038,-34.58333333333334,-71.0,105.7,0
2039,-33.91111111111111,-71.46666666666667,105.7,0
2040,-39.81944444444445,-73.23500000000001,105.7,0
2041,-32.45000000000001,-71.23333333333333,105.7,0
2042,-33.0,-71.51666666666667,105.7,0
2043,-39.37777777777777,-72.64444444444443,105.9,1000
2044,-41.461111111111116,-72.94861111111112,105.9,1000
2045,-33.70000000000001,-71.22777777777777,105.9,500
2046,-34.077777777777776,-70.74444444444444,105.9,250
2047,-30.700000000000003,-70.9611111111111,105.9,250
2048,-41.261111111111106,-73.01666666666668,105.9,250
2049,-34.39444444444444,-72.0,105.9,250
2050,-28.57777777777778,-70.75000000000001,105.9,250
2051,-32.45000000000001,-71.23333333333333,105.9,250
2052,-35.67777777777777,-71.75000000000001,105.9,250
2053,-37.8111111111111,-72.71666666666668,105.9,0
2054,-29.04444444444444,-71.43333333333335,105.9,0
2055,-33.2111111111111,-70.69444444444444,105.9,0
2056,-33.400000000000006,-71.15000000000002,105.9,0
2057,-40.12777777777777,-72.38805555555557,105.9,0
2058,-39.37777777777777,-72.64444444444443,105.9,0
2059,-37.977777777777774,-72.83333333333333,105.9,0
2060,-33.51666666666667,-70.77777777777776,105.9,0
2061,-33.63333333333334,-70.5611111111111,105.9,0
2062,-37.67777777777777,-72.59444444444442,105.9,0
2063,-33.63055555555555,-70.33416666666666,105.9,0
2064,-37.16666666666667,-72.93333333333334,105.9,0
2065,-33.45000000000001,-70.66666666666669,105.9,0
2066,-33.45000000000001,-70.66666666666669,105.9,0
2067,-39.35,-71.59444444444442,106.1,1000
2068,-34.444444444444436,-71.09138888888887,106.1,1000
2069,-42.46666666666667,-73.51666666666667,106.1,250
2070,-40.28333333333334,-73.09444444444443,106.1,250
2071,-38.19444444444444,-72.32777777777777,106.1,150
2072,-45.40277777777778,-72.69166666666666,106.1,100
2073,-33.32777777777777,-71.41666666666667,106.1,0
2074,-36.611111111111114,-72.1,106.1,0
2075,-43.444444444444436,-73.9611111111111,106.1,0
2076,-31.141666666666662,-70.9872222222222,106.1,0
2077,-35.33333333333334,-72.41666666666667,106.1,0
2078,-34.98333333333334,-71.23333333333333,106.1,0
2079,-33.694444444444436,-71.01666666666668,106.1,0
2080,-38.74444444444444,-72.61972222222221,106.1,0
2081,-35.977777777777774,-71.69444444444444,106.1,0
2082,-37.09444444444444,-73.17777777777776,106.1,0
2083,-33.81666666666668,-70.75000000000001,106.1,0
2084,-41.261111111111106,-73.01666666666668,106.1,0
2085,-33.62777777777777,-70.56666666666668,106.1,0
2086,-30.911111111111108,-71.27777777777777,106.1,0
2087,-33.37777777777777,-70.74444444444444,106.1,0
2088,-40.32777777777777,-72.97777777777777,106.1,0
2089,-36.03333333333334,-71.77777777777776,106.1,0
2090,-33.56944444444445,-71.61611111111108,106.1,0
2091,-33.58333333333334,-70.7,106.1,0
2092,-33.45000000000001,-70.66666666666669,106.1,0
2093,-22.083333333333336,-70.20000000000002,106.1,0
2094,-38.216666666666676,-72.33333333333334,106.1,0
2095,-18.49444444444444,-70.33333333333334,106.3,1000
2096,-27.377777777777776,-70.32777777777777,106.3,1000
2097,-29.93611111111111,-71.22277777777778,106.3,1000
2098,-38.74444444444444,-72.6111111111111,106.3,1000
2099,-35.74444444444444,-72.54444444444442,106.3,250
2100,-36.91111111111111,-72.04444444444444,106.3,250
2101,-35.5611111111111,-71.48333333333335,106.3,250
2102,-23.580555555555552,-70.33444444444444,106.3,0
2103,-33.74444444444444,-70.75000000000001,106.3,0
2104,-34.48055555555555,-72.01166666666666,106.3,0
2105,-35.977777777777774,-72.36111111111109,106.3,0
2106,-33.400000000000006,-71.15000000000002,106.3,0
2107,-35.84166666666667,-72.63416666666669,106.3,0
2108,-33.56666666666668,-70.66666666666669,106.3,0
2109,-31.644444444444442,-71.17777777777776,106.3,0
2110,-33.75000000000001,-70.90000000000002,106.3,0
2111,-33.5611111111111,-70.56666666666668,106.3,0
2112,-41.077777777777776,-72.63694444444444,106.3,0
2113,-41.14444444444444,-72.79444444444444,106.3,0
2114,-33.51666666666667,-70.77777777777776,106.3,0
2115,-33.70000000000001,-71.22777777777777,106.3,0
2116,-35.81666666666668,-72.59444444444442,106.3,0
2117,-34.39444444444444,-72.0,106.3,0
2118,-40.974999999999994,-72.88194444444441,106.3,0
2119,-41.32777777777777,-72.98333333333335,106.3,0
2120,-34.425,-72.04250000000002,106.3,0
2121,-33.45000000000001,-70.66666666666669,106.3,0
2122,-33.39444444444444,-70.67500000000003,106.3,0
2123,-32.45000000000001,-71.23333333333333,106.3,0
2124,-33.04166666666667,-71.3733333333333,106.3,0
2125,-41.863888888888894,-73.80777777777777,106.5,1000
2126,-36.833333333333336,-73.05,106.5,1000
2127,-35.11666666666667,-71.28333333333333,106.5,1000
2128,-40.56666666666668,-73.15000000000002,106.5,1000
2129,-22.46666666666667,-68.93333333333334,106.5,250
2130,-45.57222222222222,-72.0875,106.5,250
2131,-33.05,-71.37777777777777,106.5,250
2132,-39.27777777777777,-72.22777777777777,106.5,250
2133,-32.88055555555555,-70.6486111111111,106.5,0
2134,-38.194444444444436,-72.99166666666667,106.5,0
2135,-32.88055555555555,-70.64833333333335,106.5,0
2136,-35.977777777777774,-72.36111111111109,106.5,0
2137,-33.45833333333334,-71.66194444444446,106.5,0
2138,-33.28333333333334,-70.90000000000002,106.5,0
2139,-32.86111111111111,-70.97777777777777,106.5,0
2140,-32.833333333333336,-70.61666666666667,106.5,0
2141,-37.977777777777774,-72.83333333333333,106.5,0
2142,-38.150000000000006,-72.92777777777778,106.5,0
2143,-30.60277777777778,-71.17055555555555,106.5,0
2144,-32.76944444444444,-70.83666666666666,106.5,0
2145,-38.324999999999996,-73.00083333333332,106.5,0
2146,-33.62777777777777,-70.56666666666668,106.5,0
2147,-38.02777777777777,-73.09444444444443,106.5,0
2148,-32.62777777777779,-70.71666666666668,106.5,0
2149,-34.21388888888889,-70.7352777777778,106.5,0
2150,-32.838888888888896,-70.68722222222223,106.5,0
2151,-32.797222222222224,-70.58027777777777,106.5,0
2152,-32.75000000000001,-70.72388888888888,106.5,0
2153,-36.50277777777778,-72.21222222222221,106.5,0
2154,-32.744444444444454,-70.65972222222224,106.5,0
2155,-33.45000000000001,-70.66666666666669,106.5,0
2156,-33.45000000000001,-70.66666666666669,106.5,0
2157,-38.261111111111106,-72.69444444444444,106.5,0
2158,-28.57777777777778,-70.75000000000001,106.5,0
2159,-32.45000000000001,-71.23333333333333,106.7,10000
2160,-18.49444444444444,-70.33333333333334,106.7,1000
2161,-20.350000000000005,-70.10888888888887,106.7,1000
2162,-29.93611111111111,-71.22277777777778,106.7,1000
2163,-35.86111111111111,-71.6111111111111,106.7,1000
2164,-39.81944444444445,-73.23500000000001,106.7,1000
2165,-27.06111111111111,-70.83694444444444,106.7,500
2166,-34.416666666666664,-70.87777777777777,106.7,500
2167,-31.194444444444443,-71.0,106.7,250
2168,-37.47500000000001,-72.34527777777778,106.7,250
2169,-53.30833333333333,-70.3775,106.7,250
2170,-33.56944444444445,-71.61611111111108,106.7,250
2171,-23.580555555555552,-70.33444444444444,106.7,0
2172,-42.46666666666667,-73.80000000000001,106.7,0
2173,-42.62777777777777,-73.82777777777775,106.7,0
2174,-33.2111111111111,-70.69444444444444,106.7,0
2175,-29.97777777777777,-71.36111111111109,106.7,0
2176,-42.37777777777777,-73.7,106.7,0
2177,-36.81666666666668,-72.66666666666669,106.7,0
2178,-33.51666666666667,-70.77777777777776,106.7,0
2179,-33.70000000000001,-71.22777777777777,106.7,0
2180,-34.39444444444444,-72.0,106.7,0
2181,-41.461111111111116,-72.94861111111112,106.7,0
2182,-33.18055555555554,-71.68583333333333,106.7,0
2183,-33.58333333333334,-70.7,106.7,0
2184,-34.58333333333334,-71.0,106.7,0
2185,-33.45000000000001,-70.66666666666669,106.7,0
2186,-27.49444444444444,-70.27777777777777,106.7,0
2187,-33.04166666666667,-71.3733333333333,106.7,0
2189,-33.41944444444444,-70.62999999999998,106.9,10000
2190,-23.583333333333336,-70.33,106.9,1000
2191,-36.611111111111114,-72.12777777777775,106.9,1000
2192,-33.56944444444445,-71.61611111111108,106.9,1000
2193,-38.74444444444444,-72.6111111111111,106.9,1000
2194,-27.377777777777776,-70.32777777777777,106.9,250
2195,-32.261111111111106,-70.93333333333334,106.9,100
2196,-33.32777777777777,-71.41666666666667,106.9,0
2197,-34.98333333333334,-71.23333333333333,106.9,0
2198,-33.75000000000001,-70.90000000000002,106.9,0
2199,-33.58333333333334,-70.64444444444443,106.9,0
2200,-33.53333333333333,-70.71666666666668,106.9,0
2201,-33.45000000000001,-70.72500000000002,106.9,0
2202,-33.51666666666667,-70.77777777777776,106.9,0
2203,-33.49444444444445,-70.5611111111111,106.9,0
2204,-39.294444444444444,-71.98194444444444,106.9,0
2205,-32.79444444444444,-71.54444444444442,106.9,0
2206,-40.79444444444444,-73.23333333333333,106.9,0
2207,-39.294444444444444,-71.98194444444444,107.1,1000
2208,-40.077777777777776,-72.88333333333334,107.1,500
2209,-37.33333333333334,-71.69444444444444,107.1,250
2210,-29.04444444444444,-71.43333333333335,107.1,100
2211,-20.26111111111111,-70.12777777777775,107.1,0
2212,-33.74444444444444,-70.75000000000001,107.1,0
2213,-32.88055555555555,-70.6486111111111,107.1,0
2214,-36.63333333333334,-71.83333333333333,107.1,0
2215,-36.833333333333336,-73.05,107.1,0
2216,-45.57222222222222,-72.0875,107.1,0
2217,-38.92777777777777,-72.04444444444444,107.1,0
2218,-37.46666666666667,-73.36111111111109,107.1,0
2219,-34.98333333333334,-71.23333333333333,107.1,0
2220,-33.044444444444444,-71.62222222222222,107.1,0
2221,-34.31111111111111,-71.32777777777777,107.1,0
2222,-33.02777777777777,-71.27777777777777,107.1,0
2223,-30.60277777777778,-71.17055555555555,107.1,0
2224,-33.49444444444445,-70.5611111111111,107.1,0
2225,-35.400000000000006,-71.82777777777775,107.1,0
2226,-32.261111111111106,-70.93333333333334,107.1,0
2227,-41.461111111111116,-72.94861111111112,107.1,0
2228,-51.74444444444444,-72.51666666666667,107.1,0
2229,-40.32777777777777,-72.97777777777777,107.1,0
2230,-34.21388888888889,-70.7352777777778,107.1,0
2231,-33.58333333333334,-70.7,107.1,0
2232,-34.58333333333334,-71.0,107.1,0
2233,-32.744444444444454,-70.65972222222224,107.1,0
2234,-33.41944444444444,-70.62999999999998,107.1,0
2235,-33.67777777777777,-70.93333333333334,107.1,0
2236,-38.977777777777774,-73.05,107.1,0
2237,-22.083333333333336,-70.20000000000002,107.1,0
2238,-27.377777777777776,-70.32777777777777,107.3,1000
2239,-39.400000000000006,-72.77777777777776,107.3,250
2240,-32.75000000000001,-70.72388888888888,107.3,250
2241,-26.433333333333337,-69.48333333333335,107.3,100
2242,-37.8111111111111,-72.71666666666668,107.3,0
2243,-34.27777777777777,-70.9611111111111,107.3,0
2244,-36.833333333333336,-73.05,107.3,0
2245,-34.077777777777776,-70.74444444444444,107.3,0
2246,-32.833333333333336,-70.51555555555555,107.3,0
2247,-33.53333333333333,-70.66666666666669,107.3,0
2248,-34.98333333333334,-71.98499999999999,107.3,0
2249,-33.511111111111106,-70.56666666666668,107.3,0
2250,-33.05,-71.37777777777777,107.3,0
2251,-33.63333333333334,-70.5611111111111,107.3,0
2252,-53.150000000000006,-70.92777777777778,107.3,0
2253,-36.57777777777778,-72.76333333333335,107.3,0
2254,-33.45000000000001,-70.66666666666669,107.3,0
2255,-39.81944444444445,-73.23500000000001,107.3,0
2256,-32.45000000000001,-71.23333333333333,107.3,0
2257,-18.49444444444444,-70.33333333333334,107.5,1000
2258,-27.06111111111111,-70.83694444444444,107.5,1000
2259,-42.46666666666667,-73.80000000000001,107.5,250
2260,-35.28333333333334,-71.27777777777777,107.5,250
2261,-32.45000000000001,-71.23333333333333,107.5,250
2262,-35.977777777777774,-72.36111111111109,107.5,100
2263,-23.700000000000003,-68.0,107.5,0
2264,-23.580555555555552,-70.33444444444444,107.5,0
2265,-33.74444444444444,-70.75000000000001,107.5,0
2266,-36.92777777777777,-73.01666666666668,107.5,0
2267,-36.62222222222222,-72.13166666666666,107.5,0
2268,-35.833333333333336,-72.01666666666668,107.5,0
2269,-36.958333333333336,-72.93,107.5,0
2270,-32.45000000000001,-71.22777777777777,107.5,0
2271,-29.93611111111111,-71.22277777777778,107.5,0
2272,-37.47500000000001,-72.34527777777778,107.5,0
2273,-33.51666666666667,-70.77777777777776,107.5,0
2274,-32.261111111111106,-70.93333333333334,107.5,0
2275,-33.62777777777777,-70.56666666666668,107.5,0
2276,-32.87777777777778,-71.24972222222222,107.5,0
2277,-36.03333333333334,-71.77777777777776,107.5,0
2278,-36.444444444444436,-72.05,107.5,0
2279,-33.43611111111112,-70.65055555555554,107.5,0
2280,-33.477777777777774,-70.64111111111113,107.5,0
2281,-38.977777777777774,-73.05,107.5,0
2282,-39.81944444444445,-73.23500000000001,107.5,0
2283,-36.611111111111114,-72.12777777777775,107.7,1000
2284,-34.977777777777774,-71.14444444444443,107.7,1000
2285,-32.45000000000001,-71.23333333333333,107.7,1000
2286,-20.350000000000005,-70.10888888888887,107.7,250
2287,-38.75000000000001,-72.75000000000001,107.7,250
2288,-20.911111111111108,-68.6063888888889,107.7,60
2289,-33.45833333333334,-70.6111111111111,107.7,0
2290,-32.92777777777777,-71.51666666666667,107.7,0
2291,-36.81666666666668,-73.035,107.7,0
2292,-33.694444444444436,-71.01666666666668,107.7,0
2293,-33.5611111111111,-70.56666666666668,107.7,0
2294,-41.14444444444444,-72.79444444444444,107.7,0
2295,-33.511111111111106,-70.56666666666668,107.7,0
2296,-33.05,-71.37777777777777,107.7,0
2297,-20.266666666666666,-69.80000000000001,107.7,0
2298,-53.150000000000006,-70.92777777777778,107.7,0
2299,-33.37777777777777,-70.74444444444444,107.7,0
2300,-33.04722222222222,-71.44111111111111,107.7,0
2301,-34.58333333333334,-71.0,107.7,0
2302,-35.444444444444436,-71.66666666666669,107.7,0
2303,-33.0,-71.51666666666667,107.7,0
2304,-27.06111111111111,-70.83694444444444,107.9,1000
2305,-29.93611111111111,-71.22277777777778,107.9,1000
2306,-35.86111111111111,-71.6111111111111,107.9,1000
2307,-40.077777777777776,-72.88333333333334,107.9,1000
2308,-34.31111111111111,-71.32777777777777,107.9,250
2309,-20.26111111111111,-70.12777777777775,107.9,0
2310,-37.8111111111111,-72.71666666666668,107.9,0
2311,-36.62222222222222,-72.13166666666666,107.9,0
2312,-32.92777777777777,-71.51666666666667,107.9,0
2313,-35.33333333333334,-72.41666666666667,107.9,0
2314,-29.97777777777777,-71.36111111111109,107.9,0
2315,-37.02777777777777,-73.14444444444443,107.9,0
2316,-45.57222222222222,-72.0875,107.9,0
2317,-38.81111111111111,-71.2827777777778,107.9,0
2318,-20.350000000000005,-70.10888888888887,107.9,0
2319,-33.02777777777777,-71.27777777777777,107.9,0
2320,-32.833333333333336,-70.61666666666667,107.9,0
2321,-31.91666666666667,-71.51666666666667,107.9,0
2322,-37.09444444444444,-73.17777777777776,107.9,0
2323,-34.19444444444444,-70.65,107.9,0
2324,-33.51666666666667,-70.77777777777776,107.9,0
2325,-33.70000000000001,-71.22777777777777,107.9,0
2326,-33.81666666666668,-70.75000000000001,107.9,0
2327,-33.63333333333334,-70.5611111111111,107.9,0
2328,-41.461111111111116,-72.94861111111112,107.9,0
2329,-41.32777777777777,-72.98333333333335,107.9,0
2330,-40.79444444444444,-73.23333333333333,107.9,0
2331,-33.56944444444445,-71.61611111111108,107.9,0
2332,-33.43611111111112,-70.65055555555554,107.9,0
2333,-38.552777777777784,-72.40388888888889,107.9,0
2334,-38.261111111111106,-72.69444444444444,107.9,0
2335,-32.45000000000001,-71.23333333333333,107.9,0
2336,-33.0,-71.51666666666667,107.9,0
2337,-38.216666666666676,-72.33333333333334,107.9,0
2338,-33.47500000000001,-70.71638888888889,107.9,0
2339,-39.27777777777777,-72.22777777777777,107.9,0
