,Latitude in degrees,Longitude in degrees,Frequency(MHz),EIRP
0,-12.061111111111114,-76.95805555555557,50.036,13
1,-15.811111111111112,-70.01638888888888,81.3,0
2,-12.083333333333336,-77.0,87.5,0
3,-13.46111111111111,-76.14444444444443,87.6,0
4,-6.711111111111111,-79.90000000000002,87.7,0
5,-12.180555555555555,-77.02527777777776,88.3,20000
6,-12.077777777777776,-75.23333333333333,88.3,5000
7,-9.083333333333336,-78.6111111111111,88.3,2000
8,-3.7500000000000004,-73.25000000000001,88.3,1000
9,-13.975000000000001,-71.56361111111111,88.3,1000
10,-6.050000000000001,-76.97777777777777,88.3,1000
11,-17.986111111111114,-70.25722222222224,88.3,1000
12,-13.666666666666668,-73.38333333333335,88.3,500
13,-13.16111111111111,-74.22777777777777,88.3,300
14,-14.077777777777776,-75.74444444444444,88.3,300
15,-12.858333333333333,-74.58583333333331,88.3,250
16,-6.484444444444445,-77.81444444444446,88.3,50
17,-10.444444444444443,-76.54444444444442,88.3,0
18,-13.511111111111111,-71.99583333333332,88.3,0
19,-17.644444444444442,-71.33333333333334,88.3,0
20,-5.711111111111111,-78.80000000000001,88.3,0
21,-17.01666666666667,-72.01666666666668,88.3,0
22,-6.112222222222222,-78.18361111111112,88.3,0
23,-5.757222222222223,-78.4452777777778,88.5,1300
24,-6.7813888888888885,-79.87388888888887,88.5,1000
25,-8.116666666666667,-79.04444444444444,88.5,1000
26,-9.365277777777779,-77.09666666666666,88.5,100
27,-9.211111111111109,-76.75999999999999,88.5,100
28,-12.783333333333335,-76.56666666666668,88.5,0
29,-10.761111111111108,-77.77777777777776,88.5,0
30,-16.61666666666667,-72.71666666666668,88.5,0
31,-11.577777777777778,-77.27777777777777,88.5,0
32,-13.46111111111111,-76.14444444444443,88.5,0
33,-12.933333333333335,-74.25000000000001,88.5,0
34,-12.019444444444444,-77.06972222222223,88.5,0
35,-11.266666666666667,-74.69444444444444,88.5,0
36,-6.227777777777778,-77.85000000000001,88.7,1000
37,-16.377777777777776,-71.33333333333334,88.7,1000
38,-13.71111111111111,-76.22777777777777,88.7,1000
39,-5.2,-80.64444444444443,88.7,1000
40,-13.083333333333336,-76.4111111111111,88.7,1000
41,-9.533333333333333,-77.54444444444442,88.7,500
42,-9.177777777777777,-78.38333333333335,88.7,500
43,-7.794444444444443,-79.22777777777777,88.7,300
44,-8.994444444444444,-78.6111111111111,88.7,250
45,-9.51666666666667,-77.88333333333334,88.7,200
46,-8.250000000000002,-78.0,88.7,100
47,-13.16111111111111,-74.22777777777777,88.7,0
48,-13.083333333333336,-76.38333333333335,88.7,0
49,-9.533333333333333,-77.54444444444442,88.7,0
50,-6.711111111111111,-79.90000000000002,88.7,0
51,-15.811111111111112,-70.01638888888888,88.7,0
52,-17.16666666666667,-71.80000000000001,88.7,0
53,-12.019444444444444,-77.06972222222223,88.9,10000
54,-12.077777777777776,-75.23333333333333,88.9,1000
55,-3.7500000000000004,-73.25000000000001,88.9,1000
56,-11.177777777777777,-76.01111111111109,88.9,1000
57,-13.666666666666668,-73.38333333333335,88.9,500
58,-15.500000000000002,-70.14444444444443,88.9,300
59,-9.477777777777776,-78.30000000000001,88.9,250
60,-9.916666666666668,-76.23333333333333,88.9,250
61,-4.9,-80.69444444444444,88.9,250
62,-10.077777777777776,-78.15000000000002,88.9,200
63,-6.112222222222222,-78.18361111111112,88.9,100
64,-8.933333333333335,-76.12777777777775,88.9,0
65,-11.0,-75.25000000000001,88.9,0
66,-14.077777777777776,-75.74444444444444,88.9,0
67,-13.975000000000001,-71.56361111111111,88.9,0
68,-11.325,-74.53583333333331,88.9,0
69,-6.050000000000001,-76.97777777777777,88.9,0
70,-10.650000000000002,-76.25472222222224,88.9,0
71,-17.986111111111114,-70.25722222222224,88.9,0
72,-11.416666666666666,-75.69444444444444,88.9,0
73,-5.764444444444443,-78.43333333333335,89.1,2000
74,-6.7813888888888885,-79.87388888888887,89.1,1000
75,-9.083333333333336,-78.6111111111111,89.1,1000
76,-3.577777777777777,-80.43333333333335,89.1,1000
77,-9.266666666666667,-77.64444444444443,89.1,500
78,-8.596388888888887,-77.6538888888889,89.1,500
79,-13.46111111111111,-76.14444444444443,89.1,500
80,-10.16111111111111,-77.19444444444444,89.1,500
81,-11.774999999999999,-75.5111111111111,89.1,500
82,-6.511111111111111,-76.37777777777777,89.1,500
83,-13.477777777777776,-72.15000000000002,89.1,300
84,-7.223611111111112,-79.42361111111111,89.1,300
85,-12.877777777777776,-72.71666666666668,89.1,300
86,-8.383333333333335,-74.54444444444442,89.1,250
87,-8.116666666666667,-79.04444444444444,89.1,250
88,-13.51666666666667,-73.72388888888888,89.1,100
89,-11.916666666666668,-75.28333333333333,89.1,0
90,-6.377777777777778,-78.82777777777775,89.1,0
91,-11.100000000000001,-77.6111111111111,89.1,0
92,-12.76666666666667,-74.98333333333335,89.1,0
93,-12.077777777777776,-75.23333333333333,89.1,0
94,-9.533333333333333,-77.54444444444442,89.1,0
95,-17.01666666666667,-72.01666666666668,89.1,0
96,-12.877777777777776,-72.69333333333334,89.1,0
97,-11.266666666666667,-74.69444444444444,89.1,0
98,-5.9,-76.09444444444443,89.3,1000
99,-9.477499999999997,-77.5213888888889,89.3,500
100,-13.71111111111111,-76.22777777777777,89.3,500
101,-17.200000000000003,-70.93333333333334,89.3,300
102,-8.06111111111111,-78.5111111111111,89.3,250
103,-5.094444444444444,-81.12777777777775,89.3,250
104,-9.31111111111111,-75.98333333333335,89.3,250
105,-9.21222222222222,-76.7972222222222,89.3,100
106,-12.650000000000002,-76.64444444444443,89.3,100
107,-13.605555555555556,-73.34388888888888,89.3,100
108,-12.783333333333335,-76.56666666666668,89.3,0
109,-12.655555555555555,-76.62916666666665,89.3,0
110,-13.16111111111111,-74.22777777777777,89.3,0
111,-12.761111111111113,-76.60138888888889,89.3,0
112,-13.083333333333336,-76.38333333333335,89.3,0
113,-8.4,-78.04444444444444,89.3,0
114,-11.950000000000001,-77.06666666666668,89.3,0
115,-5.711111111111111,-78.80000000000001,89.3,0
116,-11.533333333333333,-75.90000000000002,89.3,0
117,-13.975000000000001,-71.56361111111111,89.3,0
118,-12.519444444444446,-73.82805555555557,89.3,0
119,-12.044444444444444,-77.01666666666668,89.3,0
120,-11.255555555555553,-75.37555555555556,89.3,0
121,-16.411111111111108,-71.54444444444442,89.5,1000
122,-4.644444444444445,-79.71666666666668,89.5,1000
123,-15.811111111111112,-70.0175,89.5,1000
124,-17.986111111111114,-70.25722222222224,89.5,1000
125,-9.916666666666668,-76.23333333333333,89.5,500
126,-11.500000000000002,-77.20000000000002,89.5,500
127,-9.477777777777776,-78.30000000000001,89.5,300
128,-6.453055555555554,-78.96055555555557,89.5,250
129,-3.7500000000000004,-73.25000000000001,89.5,250
130,-15.500000000000002,-70.14444444444443,89.5,250
131,-11.416666666666666,-75.69166666666666,89.5,250
132,-13.666666666666668,-73.38333333333335,89.5,100
133,-5.764444444444443,-78.43333333333335,89.5,100
134,-3.9652777777777777,-80.88361111111114,89.5,0
135,-12.077777777777776,-75.23333333333333,89.5,0
136,-9.344444444444441,-77.23333333333333,89.5,0
137,-13.0,-74.71666666666668,89.5,0
138,-11.477777777777776,-74.48333333333335,89.5,0
139,-5.2,-80.64444444444443,89.5,0
140,-15.811111111111112,-70.01638888888888,89.5,0
141,-4.9,-80.69444444444444,89.5,0
142,-4.944444444444444,-80.36111111111109,89.5,0
143,-11.416666666666666,-75.69444444444444,89.5,0
144,-8.116666666666667,-79.04444444444444,89.5,0
145,-12.180555555555555,-77.02527777777776,89.7,25000
146,-7.066666666666666,-76.54444444444442,89.7,1000
147,-10.444444444444443,-76.54444444444442,89.7,1000
148,-6.7813888888888885,-79.87388888888887,89.7,1000
149,-14.833333333333334,-74.9611111111111,89.7,500
150,-4.596666666666667,-81.29083333333335,89.7,500
151,-10.761111111111108,-77.77777777777776,89.7,300
152,-9.266666666666667,-77.64444444444443,89.7,300
153,-13.633333333333335,-72.88333333333334,89.7,250
154,-10.077777777777776,-78.15000000000002,89.7,250
155,-16.266666666666666,-72.46111111111111,89.7,250
156,-8.116666666666667,-79.04444444444444,89.7,250
157,-10.727777777777776,-75.28333333333333,89.7,250
158,-11.074999999999998,-75.32166666666666,89.7,150
159,-13.494444444444442,-72.12777777777775,89.7,150
160,-6.112222222222222,-78.18361111111112,89.7,100
161,-9.657499999999999,-77.83055555555556,89.7,50
162,-13.477777777777776,-72.15000000000002,89.7,0
163,-13.16111111111111,-74.22777777777777,89.7,0
164,-6.6833333333333345,-78.54444444444442,89.7,0
165,-11.0,-75.25000000000001,89.7,0
166,-13.386111111111111,-71.89972222222222,89.7,0
167,-12.933333333333335,-74.25000000000001,89.7,0
168,-10.950000000000001,-69.59444444444442,89.7,0
169,-12.213888888888889,-76.93333333333334,89.7,0
170,-8.382777777777777,-74.54722222222223,89.7,0
171,-6.03888888888889,-79.12944444444445,89.7,0
172,-9.090833333333332,-77.3272222222222,89.7,0
173,-5.56111111111111,-80.82777777777775,89.7,0
174,-6.511111111111111,-76.37777777777777,89.7,0
175,-16.26111111111111,-69.1,89.7,0
177,-5.711111111111111,-78.80000000000001,89.9,2000
178,-17.25833333333333,-70.61638888888888,89.9,1000
179,-9.083333333333336,-78.6111111111111,89.9,500
180,-10.077777777777776,-75.55222222222221,89.9,500
181,-13.16111111111111,-74.22777777777777,89.9,250
182,-7.177777777777777,-78.51666666666667,89.9,250
183,-8.894444444444444,-77.36111111111109,89.9,250
184,-9.477777777777776,-78.30000000000001,89.9,125
185,-9.365277777777779,-77.09666666666666,89.9,100
186,-9.566944444444443,-77.71694444444444,89.9,100
187,-9.16111111111111,-77.74444444444444,89.9,100
188,-7.616666666666667,-78.05,89.9,0
189,-7.750000000000001,-79.19444444444444,89.9,0
190,-16.383333333333333,-71.5611111111111,89.9,0
191,-17.088888888888885,-71.77000000000001,89.9,0
192,-13.941666666666668,-72.18083333333333,89.9,0
193,-4.662222222222223,-80.24055555555556,89.9,0
194,-16.672222222222228,-70.97166666666668,89.9,0
195,-12.4,-74.90000000000002,89.9,0
196,-5.146388888888889,-79.0027777777778,89.9,0
197,-14.266666666666667,-71.23333333333333,89.9,0
198,-9.51666666666667,-78.0,89.9,0
199,-17.988888888888887,-70.25944444444445,90.1,2000
200,-14.916666666666668,-70.22777777777777,90.1,1000
201,-13.508333333333336,-71.97333333333336,90.1,1000
202,-9.533333333333333,-77.54444444444442,90.1,1000
203,-3.7500000000000004,-73.25000000000001,90.1,1000
204,-4.9,-80.69444444444444,90.1,1000
205,-17.200000000000003,-70.93333333333334,90.1,500
206,-13.71111111111111,-76.22777777777777,90.1,500
207,-11.416666666666666,-75.69444444444444,90.1,500
208,-3.4833333333333334,-80.25000000000001,90.1,500
209,-6.55,-78.65,90.1,250
210,-13.541666666666668,-72.6961111111111,90.1,250
211,-9.916666666666668,-76.23333333333333,90.1,250
212,-11.533333333333333,-75.90000000000002,90.1,250
213,-6.050000000000001,-76.97777777777777,90.1,250
214,-14.202777777777778,-73.34694444444443,90.1,250
215,-13.666666666666668,-73.38333333333335,90.1,100
216,-14.297222222222224,-73.23861111111113,90.1,100
217,-5.83361111111111,-77.91444444444443,90.1,100
218,-11.938888888888886,-76.975,90.1,100
219,-9.090833333333332,-77.3272222222222,90.1,100
220,-9.06111111111111,-75.51250000000002,90.1,0
221,-10.152777777777777,-77.43805555555558,90.1,0
222,-6.097222222222221,-78.4225,90.1,0
223,-11.500000000000002,-77.20000000000002,90.1,0
224,-14.077777777777776,-75.74444444444444,90.1,0
225,-5.711111111111111,-78.80000000000001,90.1,0
226,-15.500000000000002,-70.14444444444443,90.1,0
227,-11.177777777777777,-76.01111111111109,90.1,0
228,-12.019444444444444,-77.06972222222223,90.1,0
229,-11.994444444444444,-76.77777777777776,90.1,0
230,-13.469444444444447,-74.14472222222224,90.1,0
231,-14.16111111111111,-75.69138888888888,90.1,0
232,-12.255555555555553,-76.90000000000002,90.1,0
233,-5.094444444444444,-81.12777777777775,90.1,0
234,-12.519444444444446,-73.82805555555557,90.1,0
235,-5.2,-80.64444444444443,90.1,0
236,-14.044444444444444,-71.56666666666668,90.1,0
237,-12.030555555555559,-76.89833333333333,90.1,0
238,-5.9,-76.09444444444443,90.1,0
239,-10.761111111111113,-75.7352777777778,90.2,0
240,-10.069444444444445,-77.14083333333335,90.3,1000
241,-10.761111111111108,-77.77777777777776,90.3,1000
242,-9.477777777777776,-78.30000000000001,90.3,500
243,-10.444444444444443,-76.54444444444442,90.3,500
244,-13.46111111111111,-76.14444444444443,90.3,500
245,-11.100000000000001,-77.6111111111111,90.3,500
246,-12.077777777777776,-75.23333333333333,90.3,500
247,-14.833333333333334,-74.9611111111111,90.3,500
248,-17.663888888888888,-71.34861111111111,90.3,300
249,-12.877777777777776,-72.71666666666668,90.3,300
250,-6.7813888888888885,-79.87388888888887,90.3,250
251,-13.51666666666667,-73.72388888888888,90.3,250
252,-12.76666666666667,-74.98333333333335,90.3,250
253,-4.596666666666667,-81.29083333333335,90.3,250
254,-8.994444444444444,-78.6111111111111,90.3,250
255,-9.51666666666667,-77.88333333333334,90.3,125
256,-6.227777777777778,-77.85000000000001,90.3,100
257,-14.222222222222221,-72.19472222222221,90.3,100
258,-4.933055555555557,-78.40916666666669,90.3,100
259,-15.294444444444444,-73.36111111111109,90.3,100
260,-16.411111111111108,-71.54444444444442,90.3,0
261,-9.077777777777776,-77.82777777777775,90.3,0
262,-13.46111111111111,-76.14444444444443,90.3,0
263,-5.187500000000001,-80.65861111111113,90.3,0
264,-6.050000000000001,-76.97777777777777,90.3,0
265,-5.987222222222223,-79.74611111111109,90.3,0
266,-8.116666666666667,-79.04444444444444,90.3,0
267,-13.31111111111111,-72.12777777777775,90.3,0
268,-12.180555555555555,-77.02527777777776,90.5,25000
269,-14.297222222222224,-73.23861111111113,90.5,1000
270,-14.113888888888887,-72.71499999999999,90.5,1000
271,-8.383333333333335,-74.54444444444442,90.5,1000
272,-3.577777777777777,-80.43333333333335,90.5,1000
273,-10.727777777777776,-75.28333333333333,90.5,1000
274,-7.177777777777777,-78.51666666666667,90.5,500
275,-11.074999999999998,-75.32166666666666,90.5,500
276,-16.266666666666666,-72.46111111111111,90.5,500
277,-13.633333333333335,-72.88333333333334,90.5,300
278,-13.666666666666668,-73.38333333333335,90.5,300
279,-13.169444444444446,-74.22000000000003,90.5,300
280,-7.223611111111112,-79.42361111111111,90.5,250
281,-14.083333333333336,-70.43333333333335,90.5,250
282,-15.811111111111112,-70.01638888888888,90.5,250
283,-7.377777777777776,-78.82777777777775,90.5,250
284,-6.511111111111111,-76.37777777777777,90.5,250
285,-9.657499999999999,-77.83055555555556,90.5,100
286,-16.411111111111108,-71.54444444444442,90.5,0
287,-13.16111111111111,-74.22777777777777,90.5,0
288,-14.077777777777776,-71.1,90.5,0
289,-16.808333333333337,-70.69472222222224,90.5,0
290,-7.368888888888888,-78.80638888888888,90.5,0
291,-6.377777777777778,-78.82777777777775,90.5,0
292,-7.816666666666667,-78.05,90.5,0
293,-15.500000000000002,-70.14444444444443,90.5,0
294,-13.727777777777776,-76.19444444444444,90.5,0
295,-6.616666666666667,-78.9611111111111,90.5,0
296,-5.56111111111111,-80.82777777777775,90.5,0
297,-10.488888888888887,-76.51611111111113,90.5,0
298,-5.2,-80.64444444444443,90.7,2000
299,-5.757222222222223,-78.4452777777778,90.7,1000
300,-13.511111111111111,-71.99583333333332,90.7,1000
301,-4.616666666666667,-80.7,90.7,600
302,-7.750000000000001,-79.19444444444444,90.7,500
303,-16.683333333333334,-69.87777777777777,90.7,500
304,-11.177777777777777,-76.01111111111109,90.7,500
305,-9.365277777777779,-77.09666666666666,90.7,500
306,-8.531666666666668,-77.67250000000001,90.7,500
307,-17.01666666666667,-72.01666666666668,90.7,300
308,-5.941666666666666,-77.30555555555556,90.7,300
309,-13.083333333333336,-76.4111111111111,90.7,300
310,-4.476111111111112,-78.45611111111111,90.7,250
311,-11.500000000000002,-77.20000000000002,90.7,250
312,-9.51666666666667,-78.0,90.7,250
313,-13.666666666666668,-73.38333333333335,90.7,100
314,-13.941666666666668,-72.18083333333333,90.7,100
315,-13.71111111111111,-73.1,90.7,100
316,-10.402777777777777,-77.39972222222224,90.7,100
317,-17.986111111111114,-70.25722222222224,90.7,100
318,-9.16111111111111,-77.74444444444444,90.7,100
319,-6.164444444444445,-77.94472222222221,90.7,90
320,-7.177777777777777,-78.51666666666667,90.7,0
321,-6.877777777777776,-78.15000000000002,90.7,0
322,-9.916666666666668,-76.23333333333333,90.7,0
323,-12.077777777777776,-75.23333333333333,90.7,0
324,-14.077777777777776,-75.74444444444444,90.7,0
325,-12.083333333333336,-77.0,90.7,0
326,-4.11111111111111,-81.05,90.7,0
327,-17.200000000000003,-70.93333333333334,90.7,0
328,-6.227777777777778,-77.85000000000001,90.9,1000
329,-6.7813888888888885,-79.87388888888887,90.9,1000
330,-9.083333333333336,-78.6111111111111,90.9,1000
331,-11.100000000000001,-77.6111111111111,90.9,1000
332,-9.477499999999997,-77.5213888888889,90.9,1000
333,-3.7500000000000004,-73.25000000000001,90.9,1000
334,-17.200000000000003,-70.93333333333334,90.9,1000
335,-8.116666666666667,-79.04444444444444,90.9,1000
336,-13.46111111111111,-76.14444444444443,90.9,500
337,-10.125000000000002,-77.14805555555557,90.9,500
338,-15.216666666666669,-75.12777777777775,90.9,500
339,-11.894444444444444,-75.30000000000001,90.9,500
340,-14.297222222222224,-73.23861111111113,90.9,250
341,-12.650000000000002,-73.92777777777778,90.9,250
342,-10.444444444444443,-76.54444444444442,90.9,250
343,-13.51666666666667,-73.72388888888888,90.9,250
344,-10.077777777777776,-78.15000000000002,90.9,250
345,-5.765,-78.83944444444444,90.9,250
346,-15.500000000000002,-70.14444444444443,90.9,250
347,-11.430555555555557,-74.4888888888889,90.9,250
348,-13.541666666666668,-72.6961111111111,90.9,150
349,-5.094444444444444,-81.12777777777775,90.9,150
350,-11.416666666666666,-75.69444444444444,90.9,150
351,-8.4,-78.04444444444444,90.9,100
352,-9.06111111111111,-75.51250000000002,90.9,0
353,-12.783333333333335,-76.56666666666668,90.9,0
354,-14.216666666666669,-71.43166666666666,90.9,0
355,-6.55,-78.65,90.9,0
356,-5.711111111111111,-78.80000000000001,90.9,0
357,-16.227777777777774,-69.46111111111111,90.9,0
358,-11.533333333333333,-75.90000000000002,90.9,0
359,-5.215277777777777,-79.67972222222224,90.9,0
360,-12.083333333333336,-77.0,90.9,0
361,-7.400000000000001,-79.56666666666668,90.9,0
362,-11.477777777777776,-74.48333333333335,90.9,0
363,-13.71111111111111,-76.22777777777777,90.9,0
364,-12.61111111111111,-69.19444444444444,90.9,0
365,-5.333611111111111,-79.42861111111112,90.9,0
366,-4.594444444444443,-81.27777777777777,90.9,0
367,-8.416666666666666,-76.38333333333335,90.9,0
368,-5.900833333333334,-76.11277777777777,90.9,0
369,-12.180555555555555,-77.02527777777776,91.1,5000
370,-7.177777777777777,-78.51666666666667,91.1,1000
371,-14.113888888888887,-72.71499999999999,91.1,1000
372,-12.077777777777776,-75.23333333333333,91.1,1000
373,-3.577777777777777,-80.43333333333335,91.1,950
374,-13.666666666666668,-73.38333333333335,91.1,500
375,-13.16111111111111,-74.22777777777777,91.1,500
376,-6.377777777777778,-78.82777777777775,91.1,500
377,-6.511111111111111,-76.37777777777777,91.1,500
378,-14.833333333333334,-74.9611111111111,91.1,300
379,-6.6833333333333345,-78.54444444444442,91.1,250
380,-17.644444444444442,-71.33333333333334,91.1,250
381,-6.708611111111111,-77.80583333333334,91.1,250
382,-8.833333333333334,-77.46666666666667,91.1,250
383,-3.987222222222223,-78.11777777777779,91.1,250
384,-12.877777777777776,-72.71666666666668,91.1,250
385,-5.406944444444444,-78.43055555555554,91.1,100
386,-14.46111111111111,-72.09444444444443,91.1,100
387,-13.941666666666668,-72.18083333333333,91.1,100
388,-5.974444444444444,-78.02999999999999,91.1,100
389,-18.16111111111111,-70.68500000000002,91.1,0
390,-13.030555555555559,-74.94694444444443,91.1,0
391,-13.169444444444446,-74.22000000000003,91.1,0
392,-9.344444444444441,-77.23333333333333,91.1,0
393,-5.213333333333332,-80.09083333333334,91.1,0
394,-12.019444444444444,-77.06972222222223,91.1,0
395,-12.966666666666667,-76.14444444444443,91.1,0
396,-10.594444444444443,-75.40388888888889,91.1,0
397,-10.727777777777776,-75.28333333333333,91.1,0
398,-5.764444444444443,-78.43333333333335,91.3,2000
399,-14.077777777777776,-75.74444444444444,91.3,1000
400,-13.633333333333335,-72.88333333333334,91.3,500
401,-7.250000000000001,-79.48333333333335,91.3,500
402,-9.916666666666668,-76.23333333333333,91.3,500
403,-11.06111111111111,-75.32777777777777,91.3,500
404,-7.9,-78.59444444444442,91.3,500
405,-13.544444444444444,-71.9138888888889,91.3,500
406,-16.083333333333336,-69.66666666666669,91.3,300
407,-16.266666666666666,-72.46111111111111,91.3,300
408,-11.500000000000002,-77.20000000000002,91.3,250
409,-8.868055555555557,-77.88916666666667,91.3,250
410,-9.633333333333335,-77.48333333333335,91.3,250
411,-11.800000000000002,-74.75000000000001,91.3,100
412,-13.344444444444441,-71.9611111111111,91.3,0
413,-3.500277777777778,-73.05750000000002,91.3,0
414,-8.179999999999996,-74.86999999999998,91.3,0
415,-11.177777777777777,-76.01111111111109,91.3,0
416,-13.975000000000001,-71.56361111111111,91.3,0
417,-11.611111111111112,-76.13916666666667,91.3,0
418,-16.672222222222228,-70.97166666666668,91.3,0
419,-15.23611111111111,-69.99527777777779,91.3,0
420,-11.266666666666667,-74.69444444444444,91.3,0
421,-7.254444444444445,-79.12944444444445,91.3,0
422,-12.902777777777779,-73.20583333333335,91.3,0
423,-9.083333333333336,-78.6111111111111,91.5,2000
424,-6.7813888888888885,-79.87388888888887,91.5,1000
425,-12.76666666666667,-74.98333333333335,91.5,1000
426,-5.2,-80.64444444444443,91.5,1000
427,-13.4,-76.12777777777775,91.5,1000
428,-8.116666666666667,-79.04444444444444,91.5,1000
429,-11.86111111111111,-77.06666666666668,91.5,1000
430,-6.227777777777778,-77.85000000000001,91.5,500
431,-13.51666666666667,-73.72388888888888,91.5,500
432,-11.100000000000001,-77.6111111111111,91.5,500
433,-15.216666666666669,-75.12777777777775,91.5,500
434,-14.533333333333333,-75.19444444444444,91.5,500
435,-10.444444444444443,-76.54444444444442,91.5,250
436,-12.650000000000002,-76.64444444444443,91.5,250
437,-9.51666666666667,-78.0,91.5,250
438,-12.275000000000002,-76.86944444444444,91.5,150
439,-9.566944444444443,-77.71694444444444,91.5,150
440,-8.577777777777778,-77.61666666666667,91.5,150
441,-11.894444444444444,-77.12777777777775,91.5,100
442,-14.069444444444445,-72.48166666666665,91.5,100
443,-9.399166666666664,-77.01055555555556,91.5,100
444,-11.938888888888886,-76.975,91.5,50
445,-12.858333333333333,-74.58583333333331,91.5,0
446,-12.783333333333335,-76.56666666666668,91.5,0
447,-5.764444444444443,-78.43333333333335,91.5,0
448,-13.877777777777776,-73.6675,91.5,0
449,-13.46111111111111,-76.14444444444443,91.5,0
450,-7.794444444444443,-79.22777777777777,91.5,0
451,-6.55,-78.65,91.5,0
452,-13.877777777777776,-73.6675,91.5,0
453,-11.077777777777776,-77.6111111111111,91.5,0
454,-11.744444444444444,-77.15000000000002,91.5,0
455,-12.025,-76.89,91.5,0
456,-7.2555555555555555,-78.25833333333335,91.5,0
457,-12.180555555555555,-77.02527777777776,91.5,0
458,-4.594444444444443,-81.27777777777777,91.5,0
459,-12.077777777777776,-75.23333333333333,91.7,2000
460,-10.16111111111111,-77.19444444444444,91.7,1000
461,-6.333333333333334,-77.4111111111111,91.7,1000
462,-14.100000000000001,-72.7,91.7,500
463,-10.077777777777776,-78.15000000000002,91.7,500
464,-17.986111111111114,-70.25722222222224,91.7,500
465,-11.416666666666666,-75.69444444444444,91.7,500
466,-3.577777777777777,-80.43333333333335,91.7,300
467,-13.666666666666668,-73.38333333333335,91.7,250
468,-16.61666666666667,-72.71666666666668,91.7,250
469,-9.533333333333333,-77.54444444444442,91.7,250
470,-5.688611111111112,-78.82833333333335,91.7,250
471,-15.500000000000002,-70.14444444444443,91.7,250
472,-11.533333333333333,-75.90000000000002,91.7,250
473,-17.200000000000003,-70.93333333333334,91.7,250
474,-10.905555555555555,-74.85555555555555,91.7,250
475,-13.416666666666666,-71.85000000000001,91.7,250
476,-13.71111111111111,-76.22777777777777,91.7,250
477,-5.558333333333334,-80.81388888888888,91.7,250
478,-9.31111111111111,-75.98333333333335,91.7,250
479,-13.35833333333333,-72.11194444444445,91.7,200
480,-13.31111111111111,-72.12777777777775,91.7,200
481,-4.594444444444443,-77.90000000000002,91.7,150
482,-5.83361111111111,-77.91444444444443,91.7,100
483,-8.891666666666664,-78.21083333333335,91.7,100
484,-6.097222222222221,-78.4225,91.7,60
485,-4.944444444444444,-80.36111111111109,91.7,50
486,-8.132499999999999,-78.0563888888889,91.7,0
487,-17.644444444444442,-71.33333333333334,91.7,0
488,-5.711111111111111,-78.80000000000001,91.7,0
489,-16.227777777777774,-69.46111111111111,91.7,0
490,-10.594444444444443,-75.40388888888889,91.7,0
491,-12.519444444444446,-73.82805555555557,91.7,0
492,-5.822499999999999,-77.96777777777777,91.7,0
493,-12.61111111111111,-69.19444444444444,91.7,0
494,-12.180555555555555,-77.02527777777776,91.9,20000
495,-7.177777777777777,-78.51666666666667,91.9,500
496,-9.477777777777776,-78.30000000000001,91.9,500
497,-14.077777777777776,-75.74444444444444,91.9,500
498,-8.833333333333334,-77.46666666666667,91.9,500
499,-14.266666666666667,-71.23333333333333,91.9,500
500,-5.764444444444443,-78.43333333333335,91.9,367
501,-16.411111111111108,-71.54444444444442,91.9,250
502,-9.916666666666668,-76.23333333333333,91.9,250
503,-9.341388888888888,-77.16861111111112,91.9,250
504,-9.51666666666667,-77.88333333333334,91.9,250
505,-4.9,-80.69444444444444,91.9,250
506,-4.9,-80.69444444444444,91.9,250
507,-13.51666666666667,-73.72388888888888,91.9,100
508,-13.941666666666668,-72.18083333333333,91.9,100
509,-14.833333333333334,-74.9611111111111,91.9,100
510,-9.177777777777777,-78.38333333333335,91.9,100
511,-6.377777777777778,-78.82777777777775,91.9,0
512,-12.76666666666667,-74.98333333333335,91.9,0
513,-10.441666666666666,-76.18944444444445,91.9,0
514,-5.187500000000001,-80.65861111111113,91.9,0
515,-11.177777777777777,-76.01111111111109,91.9,0
516,-12.019444444444444,-77.06972222222223,91.9,0
517,-5.146388888888889,-79.0027777777778,91.9,0
518,-5.2,-80.64444444444443,92.1,1500
519,-6.7813888888888885,-79.87388888888887,92.1,1000
520,-13.975000000000001,-71.56361111111111,92.1,1000
521,-4.596666666666667,-81.29083333333335,92.1,1000
522,-8.116666666666667,-79.04444444444444,92.1,1000
523,-13.633333333333335,-72.88333333333334,92.1,500
524,-14.372222222222222,-72.88833333333335,92.1,500
525,-11.06111111111111,-75.32777777777777,92.1,500
526,-15.811111111111112,-70.01638888888888,92.1,500
527,-9.090833333333332,-77.3272222222222,92.1,500
528,-3.4833333333333334,-80.25000000000001,92.1,500
529,-13.4,-76.12777777777775,92.1,300
530,-10.761111111111108,-73.79444444444444,92.1,300
531,-6.341666666666667,-78.60555555555554,92.1,250
532,-6.227777777777778,-77.85000000000001,92.1,250
533,-11.100000000000001,-77.6111111111111,92.1,250
534,-16.266666666666666,-72.46111111111111,92.1,250
535,-15.216666666666669,-75.12777777777775,92.1,250
536,-14.069444444444445,-72.61083333333333,92.1,250
537,-7.1833333333333345,-76.75000000000001,92.1,150
538,-13.666666666666668,-73.38333333333335,92.1,100
539,-10.077777777777776,-77.62138888888889,92.1,100
540,-9.266666666666667,-77.64444444444443,92.1,100
541,-9.657499999999999,-77.83055555555556,92.1,100
542,-6.316666666666667,-77.54444444444442,92.1,100
543,-6.112222222222222,-78.18361111111112,92.1,100
544,-7.066666666666666,-76.54444444444442,92.1,0
545,-13.344444444444441,-71.9611111111111,92.1,0
546,-15.194444444444443,-71.77777777777776,92.1,0
547,-6.877777777777776,-78.15000000000002,92.1,0
548,-10.444444444444443,-76.54444444444442,92.1,0
549,-14.46111111111111,-72.09444444444443,92.1,0
550,-4.662222222222223,-80.24055555555556,92.1,0
551,-9.894444444444444,-76.04944444444445,92.1,0
552,-14.108333333333334,-73.87222222222223,92.1,0
553,-13.761111111111113,-71.84944444444442,92.1,0
554,-7.966666666666667,-78.20000000000002,92.1,0
555,-8.828611111111114,-75.21777777777777,92.1,0
556,-4.594444444444443,-81.27777777777777,92.1,0
557,-16.411111111111108,-71.54444444444442,92.2,0
558,-17.644444444444442,-71.33333333333334,92.3,1000
559,-16.227777777777774,-69.46111111111111,92.3,1000
560,-8.383333333333335,-74.54444444444442,92.3,1000
561,-17.986111111111114,-70.25722222222224,92.3,1000
562,-9.083333333333336,-78.6111111111111,92.3,500
563,-6.050000000000001,-76.97777777777777,92.3,500
564,-6.227777777777778,-77.85000000000001,92.3,250
565,-13.51666666666667,-73.72388888888888,92.3,250
566,-17.01666666666667,-72.01666666666668,92.3,250
567,-9.519444444444446,-76.79888888888888,92.3,100
568,-10.402777777777777,-77.39972222222224,92.3,100
569,-5.928888888888889,-77.94222222222221,92.3,50
570,-9.399166666666664,-77.01055555555556,92.3,50
571,-12.858333333333333,-74.58583333333331,92.3,0
572,-14.916666666666668,-70.20000000000002,92.3,0
573,-13.083333333333336,-76.38333333333335,92.3,0
574,-7.794444444444443,-79.22777777777777,92.3,0
575,-6.637777777777776,-79.40583333333332,92.3,0
576,-15.027777777777777,-73.79444444444444,92.3,0
577,-16.56111111111111,-69.0388888888889,92.3,0
578,-12.077777777777776,-75.23333333333333,92.3,0
579,-7.9,-78.59444444444442,92.3,0
580,-10.594444444444443,-75.40388888888889,92.3,0
581,-5.146388888888889,-79.0027777777778,92.3,0
582,-12.180555555555555,-77.02527777777776,92.5,25000
583,-16.411111111111108,-71.54444444444442,92.5,1000
584,-7.168055555555557,-78.5172222222222,92.5,1000
585,-9.533333333333333,-77.54444444444442,92.5,1000
586,-3.7500000000000004,-73.25000000000001,92.5,1000
587,-3.577777777777777,-80.43333333333335,92.5,1000
588,-5.757222222222223,-78.4452777777778,92.5,500
589,-5.250000000000001,-79.46111111111111,92.5,500
590,-11.500000000000002,-77.20000000000002,92.5,500
591,-6.333333333333334,-77.4111111111111,92.5,500
592,-13.666666666666668,-73.38333333333335,92.5,250
593,-9.477777777777776,-78.30000000000001,92.5,250
594,-5.11111111111111,-80.17777777777776,92.5,250
595,-10.077777777777776,-78.15000000000002,92.5,250
596,-15.500000000000002,-70.14444444444443,92.5,250
597,-17.200000000000003,-70.93333333333334,92.5,250
598,-5.094444444444444,-81.12777777777775,92.5,250
599,-10.933333333333335,-74.87777777777777,92.5,250
600,-9.16111111111111,-77.74444444444444,92.5,250
601,-7.816666666666667,-78.05,92.5,150
602,-15.966666666666667,-69.80000000000001,92.5,100
603,-9.211111111111109,-76.75999999999999,92.5,100
604,-11.416666666666666,-75.69444444444444,92.5,100
605,-9.76666666666667,-77.64444444444443,92.5,0
606,-13.477777777777776,-72.15000000000002,92.5,0
607,-16.61666666666667,-72.71666666666668,92.5,0
608,-5.37611111111111,-79.6061111111111,92.5,0
609,-9.916666666666668,-76.23333333333333,92.5,0
610,-11.027777777777777,-76.36111111111109,92.5,0
611,-13.044444444444443,-71.46333333333334,92.5,0
612,-12.61111111111111,-69.19444444444444,92.5,0
613,-6.616666666666667,-76.65,92.5,0
614,-15.694444444444445,-70.60916666666665,92.5,0
615,-9.31111111111111,-75.98333333333335,92.5,0
616,-8.116666666666667,-79.04444444444444,92.7,5000
617,-6.7813888888888885,-79.87388888888887,92.7,2000
618,-13.633333333333335,-72.88333333333334,92.7,1000
619,-14.372222222222222,-72.88833333333335,92.7,1000
620,-13.502777777777778,-71.97333333333336,92.7,1000
621,-11.100000000000001,-77.6111111111111,92.7,1000
622,-4.596666666666667,-81.29083333333335,92.7,1000
623,-12.877777777777776,-72.71666666666668,92.7,1000
624,-7.223611111111112,-79.42361111111111,92.7,500
625,-6.511111111111111,-76.37777777777777,92.7,500
626,-9.344444444444441,-77.23333333333333,92.7,400
627,-6.227777777777778,-77.85000000000001,92.7,300
628,-14.833333333333334,-74.9611111111111,92.7,300
629,-13.46111111111111,-76.14444444444443,92.7,250
630,-13.666666666666668,-73.38333333333335,92.7,100
631,-5.406944444444444,-78.43055555555554,92.7,100
632,-5.743055555555556,-77.90694444444446,92.7,100
633,-8.994444444444444,-78.6111111111111,92.7,50
634,-9.133333333333333,-78.20000000000002,92.7,30
635,-7.616666666666667,-78.05,92.7,0
636,-17.269444444444446,-70.25166666666667,92.7,0
637,-6.877777777777776,-78.15000000000002,92.7,0
638,-11.774999999999999,-75.5111111111111,92.7,0
639,-17.613888888888887,-70.76305555555557,92.7,0
640,-5.987222222222223,-79.74611111111109,92.7,0
641,-10.761111111111113,-75.7352777777778,92.7,0
642,-10.966666666666667,-75.22777777777777,92.7,0
643,-14.71111111111111,-74.12777777777775,92.7,0
644,-11.266666666666667,-74.69444444444444,92.7,0
645,-17.644444444444442,-71.33333333333334,92.9,1000
646,-5.2,-80.64444444444443,92.9,1000
647,-15.811111111111112,-70.0175,92.9,1000
648,-10.477777777777776,-76.54444444444442,92.9,1000
649,-11.06111111111111,-75.32777777777777,92.9,500
650,-12.933333333333335,-74.25000000000001,92.9,300
651,-8.577777777777778,-77.61666666666667,92.9,300
652,-16.411111111111108,-71.54444444444442,92.9,250
653,-16.083333333333336,-69.66666666666669,92.9,250
654,-10.402777777777777,-77.39972222222224,92.9,250
655,-13.666666666666668,-73.38333333333335,92.9,100
656,-9.266666666666667,-77.64444444444443,92.9,100
657,-9.51666666666667,-78.0,92.9,100
658,-9.16111111111111,-77.74444444444444,92.9,100
659,-9.657499999999999,-77.83055555555556,92.9,50
660,-13.083333333333336,-76.38333333333335,92.9,0
661,-8.4,-78.04444444444444,92.9,0
662,-7.177777777777777,-78.51666666666667,92.9,0
663,-7.1833333333333345,-76.75000000000001,92.9,0
664,-11.533333333333333,-75.90000000000002,92.9,0
665,-6.55,-80.01666666666668,92.9,0
666,-6.050000000000001,-76.97777777777777,92.9,0
667,-15.727777777777776,-72.56666666666668,92.9,0
668,-9.566944444444443,-77.71694444444444,92.9,0
669,-12.180555555555555,-77.02527777777776,93.1,20000
670,-9.916666666666668,-76.23333333333333,93.1,1000
671,-14.077777777777776,-75.74444444444444,93.1,1000
672,-3.7500000000000004,-73.25000000000001,93.1,1000
673,-7.177777777777777,-78.51666666666667,93.1,500
674,-13.51666666666667,-73.72388888888888,93.1,500
675,-7.794444444444443,-79.22777777777777,93.1,500
676,-8.894444444444444,-77.36111111111109,93.1,500
677,-4.9,-80.69444444444444,93.1,300
678,-5.764444444444443,-78.43333333333335,93.1,250
679,-9.477777777777776,-78.30000000000001,93.1,250
680,-9.083333333333336,-78.6111111111111,93.1,250
681,-12.76666666666667,-74.98333333333335,93.1,250
682,-11.500000000000002,-77.20000000000002,93.1,250
683,-17.01666666666667,-72.01666666666668,93.1,250
684,-13.941666666666668,-72.18083333333333,93.1,100
685,-9.365277777777779,-77.09666666666666,93.1,100
686,-14.894444444444444,-70.59444444444442,93.1,0
687,-10.933333333333335,-74.87777777777777,93.1,0
688,-10.077777777777776,-75.55222222222221,93.1,0
689,-17.986111111111114,-70.25722222222224,93.1,0
690,-8.416666666666666,-78.75000000000001,93.1,0
691,-4.351944444444444,-70.04111111111112,93.1,0
692,-13.666666666666668,-73.38333333333335,93.3,1000
693,-13.650000000000002,-73.38,93.3,1000
694,-14.372222222222222,-72.88833333333335,93.3,1000
695,-6.7813888888888885,-79.87388888888887,93.3,1000
696,-13.511111111111111,-71.99583333333332,93.3,1000
697,-11.100000000000001,-77.6111111111111,93.3,1000
698,-9.533333333333333,-77.54444444444442,93.3,1000
699,-9.522222222222222,-77.53583333333331,93.3,1000
700,-5.711111111111111,-78.80000000000001,93.3,1000
701,-6.333333333333334,-77.4111111111111,93.3,1000
702,-14.269444444444444,-71.23138888888889,93.3,600
703,-14.297222222222224,-73.23861111111113,93.3,500
704,-13.46111111111111,-76.14444444444443,93.3,500
705,-6.605555555555555,-78.94166666666668,93.3,500
706,-8.194444444444443,-76.51666666666667,93.3,500
707,-10.077777777777776,-78.15000000000002,93.3,300
708,-15.500000000000002,-70.14444444444443,93.3,300
709,-11.86111111111111,-76.4111111111111,93.3,300
710,-17.200000000000003,-70.93333333333334,93.3,300
711,-13.71111111111111,-76.22777777777777,93.3,300
712,-9.029722222222222,-75.48333333333335,93.3,250
713,-16.61666666666667,-72.71666666666668,93.3,250
714,-11.027777777777777,-76.36111111111109,93.3,250
715,-5.094444444444444,-81.12777777777775,93.3,250
716,-10.666666666666668,-77.83333333333333,93.3,250
717,-10.761111111111113,-75.7352777777778,93.3,250
718,-4.5952777777777785,-81.29111111111109,93.3,250
719,-13.633333333333335,-72.88333333333334,93.3,100
720,-5.400000000000001,-80.75000000000001,93.3,100
721,-9.834166666666665,-77.43805555555558,93.3,100
722,-8.494444444444442,-74.80000000000001,93.3,50
723,-6.6833333333333345,-78.54444444444442,93.3,0
724,-7.177777777777777,-78.51666666666667,93.3,0
725,-5.11111111111111,-80.17777777777776,93.3,0
726,-6.377777777777778,-78.82777777777775,93.3,0
727,-10.488888888888887,-76.51111111111112,93.3,0
728,-5.187500000000001,-80.65861111111113,93.3,0
729,-11.774999999999999,-75.5111111111111,93.3,0
730,-16.227777777777774,-69.46111111111111,93.3,0
731,-4.533333333333334,-73.5611111111111,93.3,0
732,-11.294444444444443,-75.77305555555556,93.3,0
733,-11.31111111111111,-75.79444444444444,93.3,0
734,-8.16111111111111,-78.19444444444444,93.3,0
735,-4.944444444444444,-80.36111111111109,93.3,0
736,-9.31111111111111,-75.98333333333335,93.3,0
737,-6.227777777777778,-77.85000000000001,93.5,2000
738,-8.083333333333336,-79.0,93.5,1000
739,-6.511111111111111,-76.37777777777777,93.5,1000
740,-9.344444444444441,-77.23333333333333,93.5,500
741,-8.833333333333334,-77.46666666666667,93.5,500
742,-15.31111111111111,-75.17777777777776,93.5,250
743,-16.083333333333336,-69.66666666666669,93.5,250
744,-17.644444444444442,-71.33333333333334,93.5,250
745,-14.833333333333334,-74.9611111111111,93.5,250
746,-9.51666666666667,-77.88333333333334,93.5,250
747,-11.416666666666666,-75.69444444444444,93.5,150
748,-13.386111111111111,-73.68972222222223,93.5,100
749,-4.933055555555557,-78.40916666666669,93.5,100
750,-14.09166666666667,-72.10944444444445,93.5,100
751,-9.133333333333333,-78.20000000000002,93.5,100
752,-13.51666666666667,-73.72388888888888,93.5,50
753,-16.411111111111108,-71.54444444444442,93.5,0
754,-12.927777777777777,-74.76694444444443,93.5,0
755,-6.877777777777776,-78.15000000000002,93.5,0
756,-15.213888888888889,-72.88888888888889,93.5,0
757,-12.077777777777776,-75.23333333333333,93.5,0
758,-15.216666666666669,-75.12777777777775,93.5,0
759,-11.938888888888886,-76.975,93.5,0
760,-13.958333333333334,-73.18444444444444,93.5,0
761,-8.116666666666667,-79.04444444444444,93.5,0
762,-13.31111111111111,-72.12777777777775,93.5,0
763,-11.71111111111111,-74.0,93.5,0
764,-12.180555555555555,-77.02527777777776,93.7,10000
765,-7.177777777777777,-78.51666666666667,93.7,1000
766,-9.477777777777776,-78.30000000000001,93.7,1000
767,-5.2,-80.64444444444443,93.7,1000
768,-8.383333333333335,-74.54444444444442,93.7,1000
769,-15.811111111111112,-70.01638888888888,93.7,1000
770,-10.677777777777777,-76.26027777777777,93.7,500
771,-6.050000000000001,-76.97777777777777,93.7,500
772,-9.16111111111111,-77.74444444444444,93.7,500
773,-7.1833333333333345,-76.75000000000001,93.7,300
774,-4.9,-80.69444444444444,93.7,300
775,-14.297222222222224,-73.23861111111113,93.7,250
776,-16.808333333333337,-70.69472222222224,93.7,250
777,-9.916666666666668,-76.23333333333333,93.7,250
778,-11.06111111111111,-75.32777777777777,93.7,250
779,-16.266666666666666,-72.46111111111111,93.7,250
780,-7.400000000000001,-79.56666666666668,93.7,250
781,-15.294444444444444,-73.36111111111109,93.7,250
782,-8.994444444444444,-78.6111111111111,93.7,250
783,-13.786111111111111,-73.47194444444443,93.7,250
784,-17.988888888888887,-70.25944444444445,93.7,200
785,-9.76666666666667,-77.64444444444443,93.7,100
786,-9.266666666666667,-77.64444444444443,93.7,100
787,-8.581944444444442,-77.89916666666669,93.7,100
788,-13.838888888888892,-72.43499999999999,93.7,100
789,-9.897222222222222,-76.9397222222222,93.7,100
790,-6.9,-79.56666666666668,93.7,50
791,-13.800000000000002,-73.5111111111111,93.7,50
792,-9.633333333333335,-77.48333333333335,93.7,50
793,-10.31111111111111,-74.93333333333334,93.7,25
794,-4.644444444444445,-79.71666666666668,93.7,0
795,-7.066666666666666,-76.54444444444442,93.7,0
796,-13.083333333333336,-76.38333333333335,93.7,0
797,-13.919444444444444,-74.33361111111113,93.7,0
798,-12.76666666666667,-74.98333333333335,93.7,0
799,-9.533333333333333,-77.54444444444442,93.7,0
800,-5.711111111111111,-78.80000000000001,93.7,0
801,-15.500000000000002,-70.14444444444443,93.7,0
802,-11.06111111111111,-75.32777777777777,93.7,0
803,-12.727777777777776,-69.58666666666667,93.7,0
804,-6.55,-80.01666666666668,93.7,0
805,-13.16111111111111,-72.54555555555555,93.7,0
806,-5.098055555555555,-80.16583333333332,93.7,0
807,-9.31111111111111,-75.98333333333335,93.7,0
808,-13.241666666666667,-74.35416666666666,93.7,0
809,-16.26111111111111,-69.1,93.7,0
810,-5.636111111111111,-78.50777777777779,93.9,1000
811,-7.794444444444443,-79.22777777777777,93.9,1000
812,-13.511111111111111,-71.99583333333332,93.9,1000
813,-3.755,-73.25583333333334,93.9,1000
814,-13.16111111111111,-74.22777777777777,93.9,500
815,-6.6833333333333345,-78.54444444444442,93.9,500
816,-13.51666666666667,-73.72388888888888,93.9,500
817,-10.933333333333335,-74.87777777777777,93.9,500
818,-8.577777777777778,-77.61666666666667,93.9,500
819,-13.936111111111112,-72.17249999999999,93.9,500
820,-13.633333333333335,-72.88333333333334,93.9,250
821,-11.100000000000001,-77.6111111111111,93.9,250
822,-11.500000000000002,-77.20000000000002,93.9,250
823,-5.858055555555556,-77.79166666666666,93.9,250
824,-16.57777777777778,-71.37777777777777,93.9,250
825,-8.894444444444444,-77.36111111111109,93.9,100
826,-9.399166666666664,-77.01055555555556,93.9,100
827,-6.571666666666666,-77.8636111111111,93.9,90
828,-6.5777777777777775,-76.14444444444443,93.9,0
829,-3.611111111111111,-80.48333333333335,93.9,0
830,-12.058333333333332,-75.28999999999999,93.9,0
831,-14.077777777777776,-75.74444444444444,93.9,0
832,-11.774999999999999,-75.5111111111111,93.9,0
833,-12.4,-73.90000000000002,93.9,0
834,-17.01666666666667,-72.01666666666668,93.9,0
835,-16.672222222222228,-70.97166666666668,93.9,0
836,-9.37861111111111,-74.9652777777778,93.9,0
837,-5.146388888888889,-79.0027777777778,93.9,0
838,-12.119444444444444,-75.4375,93.9,0
839,-10.477777777777776,-76.54444444444442,93.9,0
840,-8.116666666666667,-79.04444444444444,94.1,5000
841,-9.083333333333336,-78.6111111111111,94.1,2000
842,-6.7813888888888885,-79.87388888888887,94.1,1000
843,-9.533333333333333,-77.54444444444442,94.1,1000
844,-6.427222222222222,-77.29861111111111,94.1,1000
845,-7.223611111111112,-79.42361111111111,94.1,600
846,-9.76666666666667,-77.64444444444443,94.1,500
847,-10.077777777777776,-78.15000000000002,94.1,500
848,-5.094444444444444,-81.12777777777775,94.1,300
849,-14.266666666666667,-71.23333333333333,94.1,300
850,-10.16111111111111,-77.19444444444444,94.1,250
851,-4.944444444444444,-80.36111111111109,94.1,250
852,-5.400000000000001,-80.75000000000001,94.1,100
853,-6.235833333333334,-78.27083333333334,94.1,100
854,-7.905000000000001,-78.55305555555557,94.1,100
855,-5.9,-76.09444444444443,94.1,100
856,-7.616666666666667,-78.05,94.1,0
857,-7.483888888888888,-76.65055555555554,94.1,0
858,-8.434444444444447,-75.15444444444445,94.1,0
859,-16.56111111111111,-69.0388888888889,94.1,0
860,-17.200000000000003,-70.93333333333334,94.1,0
861,-7.9,-78.59444444444442,94.1,0
862,-8.250000000000002,-78.0,94.1,0
863,-10.966666666666667,-75.22777777777777,94.1,0
864,-13.727777777777776,-76.19444444444444,94.1,0
865,-8.16111111111111,-78.19444444444444,94.1,0
866,-9.31111111111111,-75.98333333333335,94.1,0
867,-8.194444444444443,-76.51666666666667,94.1,0
868,-12.180555555555555,-77.02527777777776,94.3,5000
869,-12.077777777777776,-75.23333333333333,94.3,1500
870,-16.411111111111108,-71.54444444444442,94.3,1000
871,-3.577777777777777,-80.43333333333335,94.3,1000
872,-6.227777777777778,-77.85000000000001,94.3,950
873,-13.327777777777778,-71.6111111111111,94.3,500
874,-6.511111111111111,-76.37777777777777,94.3,500
875,-4.9,-80.69444444444444,94.3,300
876,-10.761111111111108,-77.77777777777776,94.3,250
877,-9.477777777777776,-78.30000000000001,94.3,250
878,-12.76666666666667,-74.98333333333335,94.3,250
879,-17.644444444444442,-71.33333333333334,94.3,250
880,-14.833333333333334,-74.9611111111111,94.3,250
881,-9.566944444444443,-77.71694444444444,94.3,250
882,-17.986111111111114,-70.25722222222224,94.3,150
883,-11.266666666666667,-74.69444444444444,94.3,125
884,-13.51666666666667,-73.72388888888888,94.3,100
885,-14.222222222222221,-72.19472222222221,94.3,100
886,-4.933055555555557,-78.40916666666669,94.3,100
887,-8.577777777777778,-77.61666666666667,94.3,100
888,-13.666666666666668,-73.38333333333335,94.3,0
889,-18.16111111111111,-70.68500000000002,94.3,0
890,-17.613888888888887,-70.73694444444445,94.3,0
891,-6.55,-78.65,94.3,0
892,-12.933333333333335,-74.25000000000001,94.3,0
893,-5.861111111111112,-78.2575,94.3,0
894,-15.500000000000002,-70.14444444444443,94.3,0
895,-11.533333333333333,-75.90000000000002,94.3,0
896,-12.083333333333336,-77.0,94.3,0
897,-17.613888888888887,-70.76305555555557,94.3,0
898,-17.01666666666667,-72.01666666666668,94.3,0
899,-11.31111111111111,-75.79444444444444,94.3,0
900,-10.933333333333335,-74.87777777777777,94.3,0
901,-12.519444444444446,-73.82805555555557,94.3,0
902,-9.297222222222224,-77.41166666666669,94.3,0
903,-17.57777777777778,-70.69833333333335,94.3,0
904,-17.075,-70.84416666666667,94.3,0
905,-18.008333333333333,-70.23999999999998,94.3,0
906,-7.177777777777777,-78.51666666666667,94.5,1000
907,-11.100000000000001,-77.6111111111111,94.5,1000
908,-8.250000000000002,-78.0,94.5,1000
909,-16.433333333333337,-73.10916666666665,94.5,1000
910,-8.383333333333335,-74.54444444444442,94.5,1000
911,-8.416666666666666,-78.75000000000001,94.5,1000
912,-15.500000000000002,-71.46111111111111,94.5,500
913,-15.194444444444443,-71.77777777777776,94.5,500
914,-10.783333333333335,-76.82777777777775,94.5,300
915,-5.9,-76.09444444444443,94.5,300
916,-13.633333333333335,-72.88333333333334,94.5,250
917,-8.933333333333335,-76.12777777777775,94.5,250
918,-13.16111111111111,-74.22777777777777,94.5,250
919,-10.444444444444443,-76.54444444444442,94.5,250
920,-13.46111111111111,-76.14444444444443,94.5,250
921,-11.06111111111111,-75.32777777777777,94.5,250
922,-6.050000000000001,-76.97777777777777,94.5,250
923,-9.633333333333335,-77.48333333333335,94.5,250
924,-15.811111111111112,-70.01638888888888,94.5,250
925,-9.090833333333332,-77.3272222222222,94.5,250
926,-8.994444444444444,-78.6111111111111,94.5,250
927,-11.408333333333335,-75.69166666666666,94.5,250
928,-9.366666666666669,-77.6111111111111,94.5,250
929,-13.666666666666668,-73.38333333333335,94.5,100
930,-5.930833333333335,-78.66277777777778,94.5,100
931,-13.800000000000002,-73.5111111111111,94.5,100
932,-5.868888888888891,-77.80138888888891,94.5,100
933,-6.644444444444445,-79.79444444444444,94.5,50
934,-14.894444444444444,-70.59444444444442,94.5,0
935,-9.425555555555555,-76.76638888888888,94.5,0
936,-5.711111111111111,-78.80000000000001,94.5,0
937,-11.774999999999999,-75.5111111111111,94.5,0
938,-7.1833333333333345,-76.75000000000001,94.5,0
939,-11.952777777777776,-77.06861111111111,94.5,0
940,-4.11111111111111,-81.05,94.5,0
941,-6.55,-80.01666666666668,94.5,0
942,-17.200000000000003,-70.93333333333334,94.5,0
943,-6.161111111111111,-79.71666666666668,94.5,0
944,-10.594444444444443,-75.40388888888889,94.5,0
945,-15.32777777777778,-73.44694444444444,94.5,0
946,-10.116666666666667,-77.39666666666669,94.5,0
947,-13.727777777777776,-76.19444444444444,94.5,0
948,-15.811111111111112,-70.01638888888888,94.5,0
949,-11.71111111111111,-76.85000000000001,94.5,0
950,-7.333333333333334,-75.01666666666668,94.6,0
951,-5.636111111111111,-78.50777777777779,94.7,1000
952,-14.077777777777776,-75.74444444444444,94.7,1000
953,-8.596388888888887,-77.6538888888889,94.7,500
954,-11.500000000000002,-77.20000000000002,94.7,250
955,-16.733333333333338,-71.87777777777777,94.7,250
956,-9.51666666666667,-78.0,94.7,250
957,-13.666666666666668,-73.38333333333335,94.7,100
958,-6.227777777777778,-77.85000000000001,94.7,100
959,-9.399166666666664,-77.01055555555556,94.7,100
960,-8.994444444444444,-78.6111111111111,94.7,100
961,-9.16111111111111,-77.74444444444444,94.7,100
962,-16.611111111111107,-71.22777777777777,94.7,50
963,-16.411111111111108,-71.54444444444442,94.7,0
964,-5.764444444444443,-78.43333333333335,94.7,0
965,-5.11111111111111,-80.17777777777776,94.7,0
966,-13.941666666666668,-72.18083333333333,94.7,0
967,-9.916666666666668,-76.23333333333333,94.7,0
968,-16.13888888888889,-70.53555555555558,94.7,0
969,-16.083333333333336,-69.66666666666669,94.7,0
970,-9.76666666666667,-76.80000000000001,94.7,0
971,-14.533333333333333,-75.19444444444444,94.7,0
972,-12.4,-74.90000000000002,94.7,0
973,-12.144444444444442,-76.21027777777778,94.7,0
974,-7.0,-78.85000000000001,94.7,0
975,-8.577777777777778,-77.61666666666667,94.7,0
976,-6.112222222222222,-78.18361111111112,94.7,0
977,-12.180555555555555,-77.02527777777776,94.9,20000
978,-6.7813888888888885,-79.87388888888887,94.9,1000
979,-12.77777777777778,-74.97722222222221,94.9,1000
980,-9.477499999999997,-77.5213888888889,94.9,1000
981,-9.533333333333333,-77.54444444444442,94.9,1000
982,-15.500000000000002,-70.14444444444443,94.9,1000
983,-5.094444444444444,-81.12777777777775,94.9,1000
984,-13.71111111111111,-76.22777777777777,94.9,1000
985,-13.083333333333336,-76.4111111111111,94.9,1000
986,-17.986111111111114,-70.25722222222224,94.9,1000
987,-13.666666666666668,-73.38333333333335,94.9,500
988,-4.9,-80.69444444444444,94.9,500
989,-8.194444444444443,-76.51666666666667,94.9,500
990,-9.31111111111111,-75.98333333333335,94.9,300
991,-9.76666666666667,-77.64444444444443,94.9,250
992,-9.800000000000002,-77.43333333333335,94.9,250
993,-6.227777777777778,-77.85000000000001,94.9,250
994,-6.55,-78.65,94.9,250
995,-10.077777777777776,-78.15000000000002,94.9,250
996,-3.7500000000000004,-73.25000000000001,94.9,250
997,-9.177777777777777,-78.38333333333335,94.9,250
998,-9.02888888888889,-77.47361111111111,94.9,250
999,-14.222222222222221,-72.19472222222221,94.9,100
1000,-11.950000000000001,-77.06666666666668,94.9,50
1001,-13.644444444444446,-73.08972222222222,94.9,50
1002,-3.9058333333333333,-70.51638888888887,94.9,0
1003,-7.616666666666667,-78.05,94.9,0
1004,-6.877777777777776,-78.15000000000002,94.9,0
1005,-14.902777777777779,-70.87055555555555,94.9,0
1006,-12.019444444444444,-77.06972222222223,94.9,0
1007,-14.944444444444445,-70.88444444444445,94.9,0
1008,-10.966666666666667,-75.22777777777777,94.9,0
1009,-14.852777777777776,-70.75472222222223,94.9,0
1010,-13.31111111111111,-72.12777777777775,94.9,0
1011,-16.411111111111108,-71.54444444444442,95.1,1000
1012,-12.077777777777776,-75.23333333333333,95.1,1000
1013,-12.933333333333335,-74.25000000000001,95.1,1000
1014,-8.833333333333334,-77.46666666666667,95.1,1000
1015,-6.511111111111111,-76.37777777777777,95.1,1000
1016,-13.294444444444443,-76.25000000000001,95.1,500
1017,-9.477777777777776,-78.30000000000001,95.1,250
1018,-8.994444444444444,-78.6111111111111,95.1,150
1019,-4.933055555555557,-78.40916666666669,95.1,100
1020,-14.09166666666667,-72.10944444444445,95.1,100
1021,-14.833333333333334,-74.9611111111111,95.1,100
1022,-14.916666666666668,-71.05,95.1,100
1023,-13.666666666666668,-73.38333333333335,95.1,5
1024,-16.069444444444446,-72.48805555555558,95.1,0
1025,-9.266666666666667,-77.64444444444443,95.1,0
1026,-16.56111111111111,-69.0388888888889,95.1,0
1027,-13.169444444444446,-74.22000000000003,95.1,0
1028,-16.227777777777774,-69.46111111111111,95.1,0
1029,-11.51666666666667,-75.90111111111113,95.1,0
1030,-13.0,-74.71666666666668,95.1,0
1031,-16.30277777777778,-70.74138888888888,95.1,0
1032,-17.200000000000003,-70.93333333333334,95.1,0
1033,-5.941666666666666,-77.30555555555556,95.1,0
1034,-7.0,-78.85000000000001,95.1,0
1035,-17.47222222222222,-70.03249999999998,95.1,0
1036,-17.01666666666667,-72.01305555555555,95.1,0
1037,-8.116666666666667,-79.04444444444444,95.3,5000
1038,-5.2,-80.64444444444443,95.3,2000
1039,-13.633333333333335,-72.88333333333334,95.3,1000
1040,-13.16111111111111,-74.22777777777777,95.3,1000
1041,-10.761111111111108,-77.77777777777776,95.3,1000
1042,-9.916666666666668,-76.23333333333333,95.3,1000
1043,-13.975000000000001,-71.56361111111111,95.3,1000
1044,-7.177777777777777,-78.51666666666667,95.3,500
1045,-13.51666666666667,-73.72388888888888,95.3,500
1046,-6.377777777777778,-78.82777777777775,95.3,500
1047,-11.077777777777776,-77.6111111111111,95.3,500
1048,-14.077777777777776,-75.74444444444444,95.3,500
1049,-16.266666666666666,-72.46111111111111,95.3,500
1050,-7.346944444444445,-78.17972222222221,95.3,500
1051,-10.933333333333335,-74.87777777777777,95.3,500
1052,-11.416666666666666,-75.69444444444444,95.3,500
1053,-13.727777777777776,-76.19444444444444,95.3,300
1054,-3.577777777777777,-80.43333333333335,95.3,300
1055,-14.372222222222222,-72.88833333333335,95.3,250
1056,-14.297222222222224,-73.23861111111113,95.3,250
1057,-10.444444444444443,-76.54444444444442,95.3,250
1058,-5.11111111111111,-80.17777777777776,95.3,250
1059,-9.772222222222222,-70.71111111111114,95.3,250
1060,-9.090833333333332,-77.3272222222222,95.3,250
1061,-9.235555555555557,-76.92555555555558,95.3,100
1062,-13.838888888888892,-72.43499999999999,95.3,100
1063,-8.383333333333335,-74.54444444444442,95.3,100
1064,-6.883333333333334,-79.87777777777777,95.3,50
1065,-9.07,-77.98,95.3,50
1066,-9.657499999999999,-77.83055555555556,95.3,50
1067,-6.123055555555556,-78.35055555555554,95.3,0
1068,-7.483333333333333,-78.82777777777775,95.3,0
1069,-6.877777777777776,-78.15000000000002,95.3,0
1070,-6.7813888888888885,-79.87388888888887,95.3,0
1071,-5.9944444444444445,-79.06666666666668,95.3,0
1072,-5.250000000000001,-79.46111111111111,95.3,0
1073,-17.83055555555556,-70.9663888888889,95.3,0
1074,-11.06111111111111,-75.32777777777777,95.3,0
1075,-10.594444444444443,-75.40388888888889,95.3,0
1076,-15.811111111111112,-70.01638888888888,95.3,0
1077,-9.798611111111112,-70.75333333333333,95.3,0
1078,-15.477777777777776,-69.43333333333335,95.3,0
1079,-5.655833333333334,-79.31583333333332,95.3,0
1080,-7.377777777777776,-78.82777777777775,95.3,0
1081,-11.133333333333333,-75.33333333333334,95.3,0
1082,-6.616666666666667,-78.9611111111111,95.3,0
1083,-12.180555555555555,-77.02527777777776,95.5,20000
1084,-13.666666666666668,-73.38333333333335,95.5,1000
1085,-6.227777777777778,-77.85000000000001,95.5,1000
1086,-11.774999999999999,-75.5111111111111,95.5,1000
1087,-13.71111111111111,-76.22777777777777,95.5,1000
1088,-5.2,-80.64444444444443,95.5,1000
1089,-17.988888888888887,-70.25944444444445,95.5,1000
1090,-8.383333333333335,-74.5611111111111,95.5,1000
1091,-5.9,-76.09444444444443,95.5,1000
1092,-9.083333333333336,-78.6111111111111,95.5,530
1093,-11.261111111111111,-75.6366666666667,95.5,500
1094,-5.094444444444444,-81.12777777777775,95.5,500
1095,-6.927777777777777,-76.33333333333334,95.5,500
1096,-14.266666666666667,-71.23333333333333,95.5,500
1097,-6.894444444444443,-78.10833333333333,95.5,300
1098,-8.894444444444444,-77.36111111111109,95.5,300
1099,-9.077777777777776,-77.82777777777775,95.5,250
1100,-12.76666666666667,-74.98333333333335,95.5,250
1101,-15.500000000000002,-70.14444444444443,95.5,250
1102,-9.51666666666667,-78.0,95.5,250
1103,-9.533333333333333,-77.54444444444442,95.5,150
1104,-10.744444444444444,-73.75555555555555,95.5,130
1105,-14.297222222222224,-73.23861111111113,95.5,100
1106,-5.764444444444443,-78.43333333333335,95.5,100
1107,-10.402777777777777,-77.39972222222224,95.5,100
1108,-13.936111111111112,-72.17249999999999,95.5,100
1109,-16.411111111111108,-71.54444444444442,95.5,0
1110,-12.055555555555557,-75.28555555555555,95.5,0
1111,-16.683333333333334,-69.87777777777777,95.5,0
1112,-17.419444444444448,-70.51250000000002,95.5,0
1113,-17.0,-72.1,95.5,0
1114,-9.245277777777776,-76.71833333333333,95.5,0
1115,-4.640555555555555,-80.54861111111113,95.5,0
1116,-12.019444444444444,-77.06972222222223,95.5,0
1117,-17.200000000000003,-70.93333333333334,95.5,0
1118,-14.533333333333333,-75.19444444444444,95.5,0
1119,-12.61111111111111,-69.19444444444444,95.5,0
1120,-16.26111111111111,-69.1,95.5,0
1121,-15.811111111111112,-70.0175,95.7,4000
1122,-14.372222222222222,-72.88833333333335,95.7,1000
1123,-6.7813888888888885,-79.87388888888887,95.7,1000
1124,-13.46111111111111,-76.14444444444443,95.7,1000
1125,-10.16111111111111,-77.19444444444444,95.7,1000
1126,-3.7500000000000004,-73.25000000000001,95.7,1000
1127,-6.333333333333334,-77.4111111111111,95.7,1000
1128,-4.9,-80.69444444444444,95.7,500
1129,-6.511111111111111,-76.37777777777777,95.7,500
1130,-13.916666666666668,-71.69444444444444,95.7,300
1131,-6.9325,-76.76444444444446,95.7,300
1132,-7.177777777777777,-78.51666666666667,95.7,250
1133,-11.177777777777777,-76.01111111111109,95.7,250
1134,-17.200000000000003,-70.93333333333334,95.7,250
1135,-6.050000000000001,-76.97777777777777,95.7,250
1136,-7.0,-78.85000000000001,95.7,250
1137,-8.194444444444443,-76.51666666666667,95.7,250
1138,-6.55,-78.65,95.7,200
1139,-9.132777777777775,-77.01694444444443,95.7,125
1140,-14.09166666666667,-72.10944444444445,95.7,100
1141,-9.37861111111111,-74.9652777777778,95.7,100
1142,-8.494444444444442,-74.80000000000001,95.7,50
1143,-6.11111111111111,-78.46694444444447,95.7,50
1144,-10.133333333333333,-76.20000000000002,95.7,0
1145,-8.132499999999999,-78.0563888888889,95.7,0
1146,-11.027777777777777,-76.36111111111109,95.7,0
1147,-15.916666666666668,-73.14444444444443,95.7,0
1148,-13.072222222222221,-70.38416666666667,95.7,0
1149,-13.416666666666666,-71.85000000000001,95.7,0
1150,-5.2,-80.64444444444443,95.7,0
1151,-8.382777777777777,-74.54722222222223,95.7,0
1152,-8.416666666666666,-78.75000000000001,95.7,0
1153,-10.488888888888887,-76.51611111111113,95.7,0
1154,-12.077777777777776,-75.23333333333333,95.9,1000
1155,-13.083333333333336,-76.4111111111111,95.9,1000
1156,-13.51666666666667,-73.72388888888888,95.9,500
1157,-9.177777777777777,-78.38333333333335,95.9,500
1158,-8.833333333333334,-77.46666666666667,95.9,500
1159,-10.666666666666668,-77.83333333333333,95.9,300
1160,-16.411111111111108,-71.54444444444442,95.9,250
1161,-17.200000000000003,-70.93333333333334,95.9,250
1162,-14.833333333333334,-74.9611111111111,95.9,250
1163,-6.616666666666667,-76.65,95.9,250
1164,-6.62,-77.80111111111111,95.9,150
1165,-13.633333333333335,-72.88333333333334,95.9,100
1166,-14.222222222222221,-72.19472222222221,95.9,100
1167,-4.933055555555557,-78.40916666666669,95.9,100
1168,-5.974444444444444,-78.02999999999999,95.9,100
1169,-10.761111111111108,-77.77777777777776,95.9,0
1170,-11.477777777777776,-76.61666666666667,95.9,0
1171,-11.0,-75.25000000000001,95.9,0
1172,-6.513333333333334,-78.33,95.9,0
1173,-11.06111111111111,-75.32777777777777,95.9,0
1174,-11.994444444444444,-76.77777777777776,95.9,0
1175,-15.35833333333333,-69.49972222222223,95.9,0
1176,-9.566944444444443,-77.71694444444444,95.9,0
1177,-4.944444444444444,-80.36111111111109,95.9,0
1178,-5.711111111111111,-78.80000000000001,96.1,12000
1179,-12.116666666666667,-77.04444444444444,96.1,6000
1180,-12.180555555555555,-77.02527777777776,96.1,6000
1181,-5.2,-80.64444444444443,96.1,5000
1182,-13.666666666666668,-73.38333333333335,96.1,2500
1183,-8.116666666666667,-79.04444444444444,96.1,2000
1184,-9.235555555555557,-76.92555555555558,96.1,1000
1185,-7.177777777777777,-78.51666666666667,96.1,1000
1186,-10.444444444444443,-76.54444444444442,96.1,1000
1187,-11.100000000000001,-77.6111111111111,96.1,1000
1188,-9.533333333333333,-77.54444444444442,96.1,1000
1189,-14.297222222222224,-73.23861111111113,96.1,500
1190,-13.511111111111111,-71.99583333333332,96.1,500
1191,-8.383333333333335,-74.54444444444442,96.1,500
1192,-6.55,-80.01666666666668,96.1,300
1193,-10.744444444444444,-73.75555555555555,96.1,250
1194,-13.16111111111111,-74.22777777777777,96.1,250
1195,-9.233333333333334,-77.38333333333335,96.1,250
1196,-10.077777777777776,-78.15000000000002,96.1,250
1197,-10.402777777777777,-77.39972222222224,96.1,250
1198,-7.400000000000001,-79.56666666666668,96.1,250
1199,-5.094444444444444,-81.12777777777775,96.1,250
1200,-11.416666666666666,-75.69444444444444,96.1,250
1201,-6.227777777777778,-77.85000000000001,96.1,100
1202,-5.094444444444444,-81.12777777777775,96.1,100
1203,-6.7813888888888885,-79.87388888888887,96.1,0
1204,-9.916666666666668,-76.23333333333333,96.1,0
1205,-12.933333333333335,-74.25000000000001,96.1,0
1206,-6.708611111111111,-77.80583333333334,96.1,0
1207,-6.991944444444444,-79.61944444444443,96.1,0
1208,-13.513888888888888,-72.58277777777776,96.1,0
1209,-16.672222222222228,-70.97166666666668,96.1,0
1210,-12.61111111111111,-69.19444444444444,96.1,0
1211,-11.266666666666667,-74.69444444444444,96.1,0
1212,-5.9,-76.09444444444443,96.1,0
1213,-9.083333333333336,-78.6111111111111,96.3,2000
1214,-4.9,-80.69444444444444,96.3,1000
1215,-8.933333333333335,-76.1,96.3,500
1216,-6.55,-78.65,96.3,500
1217,-17.01666666666667,-72.01666666666668,96.3,500
1218,-8.894444444444444,-77.36111111111109,96.3,500
1219,-17.200000000000003,-70.93333333333334,96.3,300
1220,-5.636111111111111,-78.50777777777779,96.3,250
1221,-9.077777777777776,-77.82777777777775,96.3,250
1222,-8.868055555555557,-77.88916666666667,96.3,250
1223,-6.050000000000001,-76.97777777777777,96.3,250
1224,-13.666666666666668,-73.38333333333335,96.3,100
1225,-13.51666666666667,-73.72388888888888,96.3,100
1226,-13.941666666666668,-72.18083333333333,96.3,100
1227,-13.672222222222219,-73.66861111111112,96.3,100
1228,-13.633333333333335,-72.88333333333334,96.3,50
1229,-11.916666666666668,-75.28333333333333,96.3,50
1230,-5.764444444444443,-78.43333333333335,96.3,0
1231,-6.877777777777776,-78.15000000000002,96.3,0
1232,-6.227777777777778,-77.85000000000001,96.3,0
1233,-13.46111111111111,-76.14444444444443,96.3,0
1234,-12.76666666666667,-74.98333333333335,96.3,0
1235,-12.077777777777776,-75.23333333333333,96.3,0
1236,-11.500000000000002,-77.20000000000002,96.3,0
1237,-6.416666666666667,-76.54444444444442,96.3,0
1238,-13.975000000000001,-71.56361111111111,96.3,0
1239,-11.86111111111111,-76.4111111111111,96.3,0
1240,-5.098055555555555,-80.16583333333332,96.3,0
1241,-12.388888888888886,-74.87777777777777,96.3,0
1242,-9.16111111111111,-77.74444444444444,96.3,0
1243,-7.177777777777777,-78.51666666666667,96.4,0
1244,-12.083333333333336,-77.0,96.4,0
1245,-14.372222222222222,-72.88833333333335,96.5,1000
1246,-3.7500000000000004,-73.25000000000001,96.5,1000
1247,-15.500000000000002,-70.14444444444443,96.5,1000
1248,-4.180833333333334,-81.13138888888888,96.5,1000
1249,-6.333333333333334,-77.4111111111111,96.5,1000
1250,-13.683333333333334,-71.61666666666667,96.5,1000
1251,-6.377777777777778,-78.82777777777775,96.5,500
1252,-15.811111111111112,-70.01638888888888,96.5,500
1253,-9.31111111111111,-75.98333333333335,96.5,500
1254,-9.76666666666667,-77.64444444444443,96.5,300
1255,-6.6833333333333345,-78.54444444444442,96.5,250
1256,-9.800000000000002,-77.43694444444446,96.5,250
1257,-14.202777777777778,-73.34694444444443,96.5,250
1258,-5.406944444444444,-78.43055555555554,96.5,100
1259,-6.235833333333334,-78.27083333333334,96.5,100
1260,-13.666666666666668,-73.38333333333335,96.5,50
1261,-16.069444444444446,-72.48805555555558,96.5,0
1262,-14.916666666666668,-70.20000000000002,96.5,0
1263,-15.327777777777778,-70.22416666666666,96.5,0
1264,-16.61666666666667,-72.71666666666668,96.5,0
1265,-5.37611111111111,-79.6061111111111,96.5,0
1266,-13.62777777777778,-74.12805555555555,96.5,0
1267,-10.916666666666668,-76.04444444444444,96.5,0
1268,-11.0,-75.25000000000001,96.5,0
1269,-10.488888888888887,-76.51111111111112,96.5,0
1270,-7.816666666666667,-78.05,96.5,0
1271,-5.187500000000001,-80.65861111111113,96.5,0
1272,-14.083333333333336,-70.43333333333335,96.5,0
1273,-6.3933333333333335,-77.48666666666668,96.5,0
1274,-17.200000000000003,-70.93333333333334,96.5,0
1275,-15.241666666666667,-70.265,96.5,0
1276,-14.202777777777778,-73.34694444444443,96.5,0
1277,-8.828611111111114,-75.21777777777777,96.5,0
1278,-4.594444444444443,-81.27777777777777,96.5,0
1279,-8.294444444444444,-77.30000000000001,96.5,0
1280,-11.71111111111111,-74.0,96.5,0
1281,-16.26111111111111,-69.1,96.5,0
1282,-12.180555555555555,-77.02527777777776,96.7,25000
1283,-5.9,-76.09444444444443,96.7,2000
1284,-12.077777777777776,-75.23333333333333,96.7,1000
1285,-9.533333333333333,-77.54444444444442,96.7,1000
1286,-17.644444444444442,-71.33333333333334,96.7,1000
1287,-17.16666666666667,-71.80000000000001,96.7,1000
1288,-3.577777777777777,-80.43333333333335,96.7,1000
1289,-6.227777777777778,-77.85000000000001,96.7,500
1290,-5.711111111111111,-78.80000000000001,96.7,500
1291,-8.833333333333334,-77.46666666666667,96.7,500
1292,-3.987222222222223,-78.11777777777779,96.7,500
1293,-6.7813888888888885,-79.87388888888887,96.7,340
1294,-12.933333333333335,-74.25000000000001,96.7,250
1295,-14.16111111111111,-75.7,96.7,250
1296,-9.51666666666667,-77.88333333333334,96.7,125
1297,-13.666666666666668,-73.38333333333335,96.7,100
1298,-9.07,-77.98,96.7,100
1299,-13.936111111111112,-72.17249999999999,96.7,100
1300,-8.194444444444443,-76.51666666666667,96.7,100
1301,-9.06111111111111,-75.51250000000002,96.7,0
1302,-7.464166666666667,-78.12944444444445,96.7,0
1303,-11.100000000000001,-77.6111111111111,96.7,0
1304,-12.019444444444444,-77.06972222222223,96.7,0
1305,-5.987222222222223,-79.74611111111109,96.7,0
1306,-5.2,-80.64444444444443,96.7,0
1307,-8.383333333333335,-74.54444444444442,96.7,0
1308,-12.61111111111111,-69.19444444444444,96.7,0
1309,-6.944444444444444,-76.77111111111113,96.7,0
1310,-17.47222222222222,-70.03249999999998,96.7,0
1311,-9.916666666666668,-76.23333333333333,96.9,1000000
1312,-5.764444444444443,-78.43333333333335,96.9,1500
1313,-13.666666666666668,-73.38333333333335,96.9,1000
1314,-10.761111111111108,-77.77777777777776,96.9,1000
1315,-9.51666666666667,-77.5111111111111,96.9,1000
1316,-16.266666666666666,-72.46111111111111,96.9,1000
1317,-13.975000000000001,-71.56361111111111,96.9,1000
1318,-17.200000000000003,-70.93333333333334,96.9,1000
1319,-4.9,-80.69444444444444,96.9,1000
1320,-6.55,-78.65,96.9,500
1321,-10.077777777777776,-78.15000000000002,96.9,500
1322,-6.416666666666667,-76.54444444444442,96.9,500
1323,-6.050000000000001,-76.97777777777777,96.9,500
1324,-10.594444444444443,-75.40388888888889,96.9,500
1325,-11.266666666666667,-74.69444444444444,96.9,500
1326,-14.266666666666667,-71.23333333333333,96.9,500
1327,-6.511111111111111,-76.37777777777777,96.9,500
1328,-8.116666666666667,-79.04444444444444,96.9,500
1329,-10.477777777777776,-76.54444444444442,96.9,500
1330,-14.297222222222224,-73.23861111111113,96.9,250
1331,-7.177777777777777,-78.51666666666667,96.9,250
1332,-5.11111111111111,-80.17777777777776,96.9,250
1333,-14.46111111111111,-72.09444444444443,96.9,250
1334,-14.100000000000001,-72.7,96.9,250
1335,-11.500000000000002,-77.20000000000002,96.9,250
1336,-10.369444444444445,-77.1038888888889,96.9,250
1337,-14.46111111111111,-72.09444444444443,96.9,250
1338,-10.727777777777776,-75.28333333333333,96.9,250
1339,-6.894444444444443,-78.10833333333333,96.9,100
1340,-10.077777777777776,-77.62138888888889,96.9,50
1341,-14.791666666666668,-70.35611111111109,96.9,0
1342,-8.933333333333335,-76.12777777777775,96.9,0
1343,-10.494444444444442,-77.33333333333334,96.9,0
1344,-10.677777777777777,-76.26027777777777,96.9,0
1345,-9.083333333333336,-78.6111111111111,96.9,0
1346,-5.9944444444444445,-79.06666666666668,96.9,0
1347,-7.368888888888888,-78.80638888888888,96.9,0
1348,-8.581944444444442,-77.89916666666669,96.9,0
1349,-16.56111111111111,-69.0388888888889,96.9,0
1350,-16.430555555555554,-73.11166666666666,96.9,0
1351,-10.666666666666668,-76.77777777777776,96.9,0
1352,-7.400000000000001,-79.56666666666668,96.9,0
1353,-13.761111111111113,-71.84944444444442,96.9,0
1354,-5.655833333333334,-79.31583333333332,96.9,0
1355,-10.727777777777776,-75.28333333333333,96.9,0
1356,-12.116666666666667,-77.04444444444444,97.0,0
1357,-16.411111111111108,-71.54444444444442,97.1,1500
1358,-17.01666666666667,-72.01666666666668,97.1,1000
1359,-5.2,-80.64444444444443,97.1,1000
1360,-8.416666666666666,-78.75000000000001,97.1,1000
1361,-13.51666666666667,-73.72388888888888,97.1,500
1362,-9.077777777777776,-77.82777777777775,97.1,300
1363,-11.06111111111111,-75.32777777777777,97.1,300
1364,-13.633333333333335,-72.88333333333334,97.1,250
1365,-9.344444444444441,-77.23333333333333,97.1,250
1366,-14.116666666666667,-72.2475,97.1,90
1367,-6.571666666666666,-77.8636111111111,97.1,50
1368,-13.083333333333336,-76.38333333333335,97.1,0
1369,-3.9058333333333333,-70.51638888888887,97.1,0
1370,-9.477777777777776,-78.30000000000001,97.1,0
1371,-15.76666666666667,-74.22777777777777,97.1,0
1372,-15.027777777777777,-73.79444444444444,97.1,0
1373,-7.250000000000001,-79.48333333333335,97.1,0
1374,-12.76666666666667,-74.98333333333335,97.1,0
1375,-9.533333333333333,-77.54444444444442,97.1,0
1376,-17.419444444444448,-70.51250000000002,97.1,0
1377,-8.894444444444444,-77.36111111111109,97.1,0
1378,-14.71111111111111,-74.12777777777775,97.1,0
1379,-16.76111111111111,-70.88305555555553,97.1,0
1380,-7.0,-78.85000000000001,97.1,0
1381,-17.986111111111114,-70.25722222222224,97.1,0
1382,-12.180555555555555,-77.02527777777776,97.3,25000
1383,-6.7813888888888885,-79.87388888888887,97.3,5000
1384,-13.16111111111111,-74.22777777777777,97.3,1000
1385,-12.077777777777776,-75.23333333333333,97.3,1000
1386,-14.077777777777776,-75.74444444444444,97.3,1000
1387,-3.7500000000000004,-73.25000000000001,97.3,1000
1388,-6.711111111111111,-79.90000000000002,97.3,1000
1389,-3.577777777777777,-80.43333333333335,97.3,1000
1390,-9.76666666666667,-77.64444444444443,97.3,500
1391,-14.372222222222222,-72.88833333333335,97.3,500
1392,-15.730555555555558,-72.10805555555555,97.3,500
1393,-9.522222222222222,-77.53583333333331,97.3,500
1394,-11.533333333333333,-75.90000000000002,97.3,500
1395,-12.877777777777776,-72.71666666666668,97.3,500
1396,-8.16111111111111,-78.19444444444444,97.3,500
1397,-5.711111111111111,-78.80000000000001,97.3,300
1398,-9.06111111111111,-75.51250000000002,97.3,250
1399,-16.083333333333336,-69.66666666666669,97.3,250
1400,-13.786111111111111,-73.47194444444443,97.3,250
1401,-9.189166666666667,-76.92277777777778,97.3,150
1402,-13.916666666666668,-71.69444444444444,97.3,100
1403,-14.222222222222221,-72.19472222222221,97.3,100
1404,-8.891666666666664,-78.21083333333335,97.3,100
1405,-6.235833333333334,-78.27083333333334,97.3,100
1406,-13.480555555555556,-73.56083333333333,97.3,100
1407,-9.07,-77.98,97.3,100
1408,-9.833333333333334,-76.1,97.3,100
1409,-14.916666666666668,-70.20000000000002,97.3,0
1410,-16.61666666666667,-72.71666666666668,97.3,0
1411,-6.644444444444445,-79.79444444444444,97.3,0
1412,-11.844444444444443,-76.3836111111111,97.3,0
1413,-11.261111111111111,-75.6366666666667,97.3,0
1414,-11.027777777777777,-76.36111111111109,97.3,0
1415,-4.533333333333334,-73.5611111111111,97.3,0
1416,-7.9,-78.59444444444442,97.3,0
1417,-8.250000000000002,-78.0,97.3,0
1418,-13.327777777777778,-71.6111111111111,97.3,0
1419,-13.416666666666666,-71.85000000000001,97.3,0
1420,-12.61111111111111,-69.19444444444444,97.3,0
1421,-12.61111111111111,-69.19444444444444,97.3,0
1422,-12.61111111111111,-69.19444444444444,97.3,0
1423,-4.596666666666667,-81.29083333333335,97.3,0
1424,-11.71111111111111,-76.85000000000001,97.3,0
1425,-4.944444444444444,-80.36111111111109,97.3,0
1426,-5.9,-76.09444444444443,97.3,0
1427,-14.533333333333333,-75.19444444444444,97.5,2000
1428,-9.083333333333336,-78.6111111111111,97.5,1000
1429,-6.541666666666668,-78.66111111111113,97.5,1000
1430,-8.116666666666667,-79.04444444444444,97.5,1000
1431,-6.227777777777778,-77.85000000000001,97.5,500
1432,-13.51666666666667,-73.72388888888888,97.5,500
1433,-6.050000000000001,-76.97777777777777,97.5,500
1434,-3.987222222222223,-78.11777777777779,97.5,500
1435,-5.146388888888889,-79.0027777777778,97.5,500
1436,-17.663888888888888,-71.34861111111111,97.5,350
1437,-10.077777777777776,-78.15000000000002,97.5,300
1438,-17.200000000000003,-70.93333333333334,97.5,300
1439,-7.400000000000001,-79.56666666666668,97.5,300
1440,-14.894444444444444,-70.59444444444442,97.5,250
1441,-10.761111111111108,-77.77777777777776,97.5,250
1442,-9.566944444444443,-77.71694444444444,97.5,250
1443,-8.416666666666666,-76.38333333333335,97.5,250
1444,-6.511111111111111,-76.37777777777777,97.5,200
1445,-11.500000000000002,-77.20000000000002,97.5,150
1446,-5.333333333333334,-80.74444444444444,97.5,100
1447,-15.327777777777778,-72.36111111111109,97.5,100
1448,-4.9,-80.69444444444444,97.5,100
1449,-13.936111111111112,-72.17249999999999,97.5,100
1450,-12.76666666666667,-74.98333333333335,97.5,0
1451,-14.833333333333334,-74.9611111111111,97.5,0
1452,-17.01666666666667,-72.01305555555555,97.5,0
1453,-8.383333333333335,-74.54444444444442,97.7,2000
1454,-7.177777777777777,-78.51666666666667,97.7,1000
1455,-13.511111111111111,-71.99583333333332,97.7,1000
1456,-13.077777777777776,-76.36111111111109,97.7,1000
1457,-16.411111111111108,-71.53388888888888,97.7,500
1458,-9.477777777777776,-78.30000000000001,97.7,500
1459,-5.11111111111111,-80.17777777777776,97.7,500
1460,-3.4833333333333334,-80.25000000000001,97.7,500
1461,-12.4,-74.90000000000002,97.7,300
1462,-13.633333333333335,-72.88333333333334,97.7,250
1463,-13.666666666666668,-73.38333333333335,97.7,250
1464,-8.933333333333335,-76.12777777777775,97.7,250
1465,-14.297222222222224,-73.23861111111113,97.7,250
1466,-12.133333333333333,-76.82777777777775,97.7,250
1467,-6.377777777777778,-78.82777777777775,97.7,250
1468,-9.916666666666668,-76.23333333333333,97.7,250
1469,-11.177777777777777,-76.01111111111109,97.7,250
1470,-12.650000000000002,-76.64444444444443,97.7,250
1471,-15.811111111111112,-70.01638888888888,97.7,250
1472,-14.266666666666667,-71.23333333333333,97.7,250
1473,-4.9,-80.69444444444444,97.7,250
1474,-5.636111111111111,-78.50777777777779,97.7,230
1475,-9.235555555555557,-76.92555555555558,97.7,100
1476,-10.116666666666667,-77.39666666666669,97.7,100
1477,-6.711111111111111,-79.90000000000002,97.7,50
1478,-9.633333333333335,-77.48333333333335,97.7,50
1479,-12.177777777777777,-76.92222222222225,97.7,50
1480,-11.938888888888886,-76.975,97.7,25
1481,-13.083333333333336,-76.38333333333335,97.7,0
1482,-11.477777777777776,-76.61666666666667,97.7,0
1483,-10.677777777777777,-76.26027777777777,97.7,0
1484,-9.233333333333334,-77.38333333333335,97.7,0
1485,-14.783333333333335,-71.41666666666667,97.7,0
1486,-14.83611111111111,-74.69000000000001,97.7,0
1487,-7.816666666666667,-78.05,97.7,0
1488,-11.06111111111111,-75.32777777777777,97.7,0
1489,-15.366666666666669,-70.37777777777777,97.7,0
1490,-12.019444444444444,-77.06972222222223,97.7,0
1491,-11.994444444444444,-76.77777777777776,97.7,0
1492,-4.11111111111111,-81.05,97.7,0
1493,-13.16111111111111,-72.54555555555555,97.7,0
1494,-16.266666666666666,-72.46111111111111,97.7,0
1495,-12.180555555555555,-77.02527777777776,97.7,0
1496,-11.327777777777778,-75.505,97.7,0
1497,-10.163888888888891,-75.22527777777778,97.7,0
1498,-10.761111111111113,-75.7352777777778,97.7,0
1499,-13.727777777777776,-76.19444444444444,97.7,0
1500,-2.4886111111111116,-73.67694444444444,97.7,0
1501,-14.46111111111111,-72.09444444444443,97.7,0
1502,-17.986111111111114,-70.25722222222224,97.7,0
1503,-11.86111111111111,-77.06666666666668,97.7,0
1504,-12.077777777777776,-75.23333333333333,97.9,1000
1505,-14.077777777777776,-75.74444444444444,97.9,1000
1506,-7.1833333333333345,-76.75000000000001,97.9,1000
1507,-5.2,-80.64444444444443,97.9,1000
1508,-14.372222222222222,-72.88833333333335,97.9,500
1509,-13.16111111111111,-74.22777777777777,97.9,500
1510,-12.76666666666667,-74.98333333333335,97.9,500
1511,-17.01666666666667,-72.01666666666668,97.9,500
1512,-11.350000000000001,-74.56666666666668,97.9,250
1513,-8.894444444444444,-77.36111111111109,97.9,250
1514,-9.266666666666667,-77.12777777777775,97.9,100
1515,-9.491944444444446,-77.86277777777778,97.9,100
1516,-13.941666666666668,-72.18083333333333,97.9,100
1517,-13.71111111111111,-73.1,97.9,100
1518,-9.294444444444444,-77.6111111111111,97.9,100
1519,-12.530555555555555,-72.83027777777778,97.9,100
1520,-6.227777777777778,-77.85000000000001,97.9,50
1521,-8.083333333333336,-78.9611111111111,97.9,50
1522,-6.5777777777777775,-76.14444444444443,97.9,0
1523,-6.55,-78.65,97.9,0
1524,-16.219444444444445,-72.48055555555555,97.9,0
1525,-14.502777777777778,-71.22527777777778,97.9,0
1526,-10.933333333333335,-74.87777777777777,97.9,0
1527,-14.044444444444444,-71.56666666666668,97.9,0
1528,-12.61111111111111,-69.19444444444444,97.9,0
1529,-6.515833333333333,-79.84416666666667,97.9,0
1530,-8.416666666666666,-78.75000000000001,97.9,0
1531,-12.180555555555555,-77.02527777777776,98.1,10000
1532,-3.577777777777777,-80.43333333333335,98.1,2500
1533,-7.177777777777777,-78.51666666666667,98.1,1000
1534,-9.083333333333336,-78.6111111111111,98.1,1000
1535,-15.730555555555558,-72.10805555555555,98.1,1000
1536,-5.711111111111111,-78.80000000000001,98.1,1000
1537,-15.500000000000002,-70.14444444444443,98.1,1000
1538,-9.522222222222222,-77.53583333333331,98.1,950
1539,-13.51666666666667,-73.72388888888888,98.1,500
1540,-5.187500000000001,-80.65861111111113,98.1,500
1541,-4.596666666666667,-81.29083333333335,98.1,500
1542,-17.986111111111114,-70.25722222222224,98.1,500
1543,-13.683333333333334,-71.61666666666667,98.1,500
1544,-6.050000000000001,-76.97777777777777,98.1,300
1545,-6.923888888888889,-76.33222222222221,98.1,300
1546,-14.894444444444444,-70.59444444444442,98.1,250
1547,-16.61666666666667,-72.71666666666668,98.1,250
1548,-9.800000000000002,-77.43333333333335,98.1,250
1549,-10.077777777777776,-78.15000000000002,98.1,250
1550,-14.202777777777778,-73.34694444444443,98.1,250
1551,-8.577777777777778,-77.61666666666667,98.1,250
1552,-9.31111111111111,-75.98333333333335,98.1,250
1553,-6.541666666666668,-78.66111111111113,98.1,100
1554,-14.46111111111111,-72.09444444444443,98.1,100
1555,-14.416666666666666,-73.20499999999998,98.1,100
1556,-13.877777777777776,-72.77055555555555,98.1,100
1557,-6.235833333333334,-78.27083333333334,98.1,100
1558,-4.594444444444443,-77.90000000000002,98.1,100
1559,-9.06111111111111,-75.51250000000002,98.1,0
1560,-10.133333333333333,-76.20000000000002,98.1,0
1561,-11.261111111111111,-75.6366666666667,98.1,0
1562,-3.7500000000000004,-73.25000000000001,98.1,0
1563,-13.727777777777776,-76.19444444444444,98.1,0
1564,-7.333333333333334,-78.17777777777776,98.1,0
1565,-12.744444444444444,-69.19444444444444,98.1,0
1566,-16.46666666666667,-71.93805555555556,98.1,0
1567,-16.26111111111111,-69.1,98.1,0
1568,-12.019444444444444,-77.06972222222223,98.2,0
1569,-5.636111111111111,-78.50777777777779,98.3,1000
1570,-16.383333333333333,-71.5611111111111,98.3,1000
1571,-6.7813888888888885,-79.87388888888887,98.3,1000
1572,-4.9,-80.69444444444444,98.3,1000
1573,-6.511111111111111,-76.37777777777777,98.3,1000
1574,-8.116666666666667,-79.04444444444444,98.3,1000
1575,-11.500000000000002,-77.20000000000002,98.3,500
1576,-9.344444444444441,-77.23333333333333,98.3,500
1577,-8.833333333333334,-77.46666666666667,98.3,500
1578,-5.9,-76.09444444444443,98.3,450
1579,-6.227777777777778,-77.85000000000001,98.3,300
1580,-13.633333333333335,-72.88333333333334,98.3,250
1581,-10.761111111111108,-77.77777777777776,98.3,250
1582,-11.477777777777776,-76.61666666666667,98.3,250
1583,-15.76666666666667,-73.37777777777777,98.3,250
1584,-9.477777777777776,-78.30000000000001,98.3,250
1585,-12.933333333333335,-74.25000000000001,98.3,250
1586,-17.663888888888888,-71.34861111111111,98.3,250
1587,-12.180555555555555,-77.02916666666665,98.3,250
1588,-14.833333333333334,-74.9611111111111,98.3,250
1589,-5.094444444444444,-81.12777777777775,98.3,250
1590,-10.31111111111111,-74.93333333333334,98.3,250
1591,-5.56111111111111,-80.82777777777775,98.3,250
1592,-10.727777777777776,-75.28333333333333,98.3,250
1593,-9.132777777777775,-77.01694444444443,98.3,130
1594,-14.222222222222221,-72.19472222222221,98.3,100
1595,-13.083333333333336,-76.38333333333335,98.3,0
1596,-7.616666666666667,-78.05,98.3,0
1597,-6.877777777777776,-78.15000000000002,98.3,0
1598,-14.46111111111111,-72.09444444444443,98.3,0
1599,-6.106944444444444,-78.57833333333333,98.3,0
1600,-13.60277777777778,-75.35361111111109,98.3,0
1601,-11.774999999999999,-75.5111111111111,98.3,0
1602,-11.06111111111111,-75.32777777777777,98.3,0
1603,-15.216666666666669,-75.12777777777775,98.3,0
1604,-12.180555555555555,-77.02527777777776,98.3,0
1605,-12.552777777777777,-74.53194444444445,98.3,0
1606,-11.252777777777776,-74.6366666666667,98.3,0
1607,-11.427777777777775,-75.52833333333334,98.3,0
1608,-10.444444444444443,-76.54444444444442,98.5,1000
1609,-12.077777777777776,-75.23333333333333,98.5,1000
1610,-8.383333333333335,-74.54444444444442,98.5,1000
1611,-13.16111111111111,-74.22777777777777,98.5,500
1612,-6.605555555555555,-78.94166666666668,98.5,500
1613,-9.916666666666668,-76.23333333333333,98.5,300
1614,-9.16111111111111,-77.74444444444444,98.5,300
1615,-10.744444444444444,-73.75555555555555,98.5,250
1616,-6.6833333333333345,-78.54444444444442,98.5,250
1617,-9.233333333333334,-77.38333333333335,98.5,250
1618,-11.100000000000001,-77.6111111111111,98.5,250
1619,-9.344444444444441,-77.23333333333333,98.5,250
1620,-13.975000000000001,-71.56361111111111,98.5,250
1621,-17.200000000000003,-70.93333333333334,98.5,250
1622,-3.577777777777777,-80.43333333333335,98.5,250
1623,-15.811111111111112,-70.01638888888888,98.5,200
1624,-9.266666666666667,-77.64444444444443,98.5,100
1625,-13.51666666666667,-73.72388888888888,98.5,100
1626,-13.941666666666668,-72.18083333333333,98.5,100
1627,-9.897222222222222,-76.9397222222222,98.5,100
1628,-9.657499999999999,-77.83055555555556,98.5,100
1629,-6.227777777777778,-77.85000000000001,98.5,50
1630,-9.177777777777777,-78.38333333333335,98.5,50
1631,-8.833333333333334,-77.46666666666667,98.5,50
1632,-7.177777777777777,-78.51666666666667,98.5,0
1633,-16.61666666666667,-72.71666666666668,98.5,0
1634,-6.377777777777778,-78.82777777777775,98.5,0
1635,-12.76666666666667,-74.98333333333335,98.5,0
1636,-11.500000000000002,-77.20000000000002,98.5,0
1637,-17.83055555555556,-70.9663888888889,98.5,0
1638,-4.662222222222223,-80.24055555555556,98.5,0
1639,-12.213888888888889,-76.93333333333334,98.5,0
1640,-8.250000000000002,-78.0,98.5,0
1641,-13.727777777777776,-76.19444444444444,98.5,0
1642,-6.03888888888889,-79.12944444444445,98.5,0
1643,-12.044444444444444,-77.01666666666668,98.5,0
1644,-9.815000000000001,-77.67555555555556,98.5,0
1645,-3.983055555555556,-73.17777777777776,98.5,0
1646,-7.223611111111112,-79.42361111111111,98.7,1000
1647,-14.077777777777776,-75.74444444444444,98.7,1000
1648,-5.2,-80.64444444444443,98.7,1000
1649,-14.372222222222222,-72.88833333333335,98.7,500
1650,-16.411111111111108,-71.54444444444442,98.7,500
1651,-4.533333333333334,-73.5611111111111,98.7,500
1652,-6.094444444444444,-77.15000000000002,98.7,500
1653,-5.858055555555556,-77.79166666666666,98.7,250
1654,-12.083333333333336,-77.0,98.7,250
1655,-5.125000000000001,-79.01111111111112,98.7,250
1656,-13.786111111111111,-73.47194444444443,98.7,250
1657,-12.783333333333335,-76.56666666666668,98.7,100
1658,-13.558333333333335,-73.16555555555557,98.7,100
1659,-9.519444444444446,-76.79888888888888,98.7,100
1660,-9.120555555555558,-78.19472222222221,98.7,100
1661,-13.936111111111112,-72.17249999999999,98.7,100
1662,-16.411111111111108,-71.4111111111111,98.7,50
1663,-7.177777777777777,-78.51666666666667,98.7,0
1664,-15.76666666666667,-74.22777777777777,98.7,0
1665,-4.931388888888889,-79.94722222222222,98.7,0
1666,-16.73055555555555,-71.88361111111114,98.7,0
1667,-14.083333333333336,-70.43333333333335,98.7,0
1668,-7.0,-78.85000000000001,98.7,0
1669,-17.986111111111114,-70.25722222222224,98.7,0
1670,-11.86111111111111,-77.06666666666668,98.7,0
1671,-13.633333333333335,-72.88333333333334,98.9,1000
1672,-9.083333333333336,-78.6111111111111,98.9,1000
1673,-9.522222222222222,-77.53583333333331,98.9,1000
1674,-4.596666666666667,-81.29083333333335,98.9,1000
1675,-9.76666666666667,-77.64444444444443,98.9,500
1676,-5.764444444444443,-78.43333333333335,98.9,500
1677,-13.51666666666667,-73.72388888888888,98.9,500
1678,-10.16111111111111,-77.19444444444444,98.9,500
1679,-14.783333333333335,-71.41666666666667,98.9,500
1680,-10.077777777777776,-78.15000000000002,98.9,500
1681,-11.177777777777777,-76.01111111111109,98.9,500
1682,-13.71111111111111,-76.22777777777777,98.9,500
1683,-9.477777777777776,-78.30000000000001,98.9,250
1684,-9.800000000000002,-77.43333333333335,98.9,250
1685,-6.7813888888888885,-79.87388888888887,98.9,250
1686,-11.500000000000002,-77.20000000000002,98.9,250
1687,-9.533333333333333,-77.54444444444442,98.9,250
1688,-9.76666666666667,-76.80000000000001,98.9,250
1689,-10.424999999999999,-76.4725,98.9,250
1690,-9.31111111111111,-75.98333333333335,98.9,250
1691,-10.133333333333333,-76.20000000000002,98.9,100
1692,-14.222222222222221,-72.19472222222221,98.9,100
1693,-6.333333333333334,-77.4111111111111,98.9,100
1694,-5.37611111111111,-79.6061111111111,98.9,0
1695,-15.847222222222225,-72.93749999999999,98.9,0
1696,-6.644444444444445,-79.79444444444444,98.9,0
1697,-13.027777777777777,-74.17777777777776,98.9,0
1698,-16.083333333333336,-69.66666666666669,98.9,0
1699,-3.7500000000000004,-73.25000000000001,98.9,0
1700,-15.500000000000002,-70.14444444444443,98.9,0
1701,-6.711111111111111,-79.90000000000002,98.9,0
1702,-12.102777777777778,-77.02333333333333,98.9,0
1703,-9.132777777777775,-77.01694444444443,98.9,0
1704,-15.216666666666669,-75.12777777777775,98.9,0
1705,-5.987222222222223,-79.74611111111109,98.9,0
1706,-8.250000000000002,-78.0,98.9,0
1707,-13.727777777777776,-76.19444444444444,98.9,0
1708,-13.727777777777776,-76.19444444444444,98.9,0
1709,-18.005555555555553,-70.2461111111111,98.9,0
1710,-11.266666666666667,-74.69444444444444,98.9,0
1711,-3.577777777777777,-80.43333333333335,98.9,0
1712,-5.900833333333334,-76.11277777777777,98.9,0
1713,-12.019444444444444,-77.06972222222223,99.1,7500
1714,-16.411111111111108,-71.54444444444442,99.1,1000
1715,-6.511111111111111,-76.37777777777777,99.1,1000
1716,-8.116666666666667,-79.04444444444444,99.1,1000
1717,-4.644444444444445,-79.71666666666668,99.1,500
1718,-12.76666666666667,-74.98333333333335,99.1,500
1719,-17.644444444444442,-71.33333333333334,99.1,350
1720,-6.877777777777776,-78.15000000000002,99.1,300
1721,-6.227777777777778,-77.85000000000001,99.1,300
1722,-3.333333333333334,-71.82777777777775,99.1,300
1723,-12.744444444444444,-69.19444444444444,99.1,300
1724,-10.761111111111108,-77.77777777777776,99.1,250
1725,-6.050000000000001,-76.97777777777777,99.1,250
1726,-10.577777777777778,-75.4111111111111,99.1,250
1727,-9.566944444444443,-77.71694444444444,99.1,250
1728,-8.833333333333334,-77.46666666666667,99.1,250
1729,-6.616666666666667,-78.9611111111111,99.1,250
1730,-14.266666666666667,-71.23333333333333,99.1,250
1731,-5.406944444444444,-78.43055555555554,99.1,100
1732,-14.100000000000001,-72.7,99.1,100
1733,-13.838888888888892,-72.43499999999999,99.1,100
1734,-8.868055555555557,-77.88916666666667,99.1,100
1735,-15.327777777777778,-72.36111111111109,99.1,100
1736,-6.6833333333333345,-78.54444444444442,99.1,0
1737,-14.077777777777776,-71.1,99.1,0
1738,-5.11111111111111,-80.17777777777776,99.1,0
1739,-12.39722222222222,-74.69888888888889,99.1,0
1740,-11.916666666666668,-75.28333333333333,99.1,0
1741,-6.377777777777778,-78.82777777777775,99.1,0
1742,-12.077777777777776,-75.23333333333333,99.1,0
1743,-9.533333333333333,-77.54444444444442,99.1,0
1744,-11.727777777777776,-75.9652777777778,99.1,0
1745,-12.180555555555555,-77.02527777777776,99.1,0
1746,-14.833333333333334,-74.9611111111111,99.1,0
1747,-7.400000000000001,-79.56666666666668,99.1,0
1748,-8.250000000000002,-78.0,99.1,0
1749,-12.519444444444446,-73.82805555555557,99.1,0
1750,-12.61111111111111,-69.19444444444444,99.1,0
1751,-5.316666666666667,-79.28333333333333,99.1,0
1752,-17.075,-70.84416666666667,99.1,0
1753,-13.666666666666668,-73.38333333333335,99.3,1000
1754,-13.16111111111111,-74.22777777777777,99.3,1000
1755,-7.177777777777777,-78.51666666666667,99.3,1000
1756,-10.444444444444443,-76.54444444444442,99.3,1000
1757,-13.997222222222224,-75.78916666666666,99.3,1000
1758,-13.975000000000001,-71.56361111111111,99.3,1000
1759,-17.200000000000003,-70.93333333333334,99.3,1000
1760,-5.2,-80.64444444444443,99.3,1000
1761,-8.383333333333335,-74.54444444444442,99.3,1000
1762,-15.811111111111112,-70.01638888888888,99.3,1000
1763,-3.4833333333333334,-80.25000000000001,99.3,1000
1764,-4.533333333333334,-73.5611111111111,99.3,500
1765,-5.050000000000001,-73.83333333333333,99.3,500
1766,-11.430555555555557,-74.4888888888889,99.3,500
1767,-12.744444444444444,-69.19444444444444,99.3,500
1768,-13.46111111111111,-76.14444444444443,99.3,300
1769,-11.100000000000001,-77.6111111111111,99.3,300
1770,-9.916666666666668,-76.23333333333333,99.3,250
1771,-12.966666666666667,-76.14444444444443,99.3,250
1772,-5.094444444444444,-81.12777777777775,99.3,250
1773,-6.944444444444444,-76.77111111111113,99.3,250
1774,-4.9,-80.69444444444444,99.3,250
1775,-17.986111111111114,-70.25722222222224,99.3,250
1776,-10.366666666666669,-77.06472222222224,99.3,250
1777,-9.628333333333334,-77.78833333333334,99.3,125
1778,-9.266666666666667,-77.64444444444443,99.3,100
1779,-6.708611111111111,-77.80583333333334,99.3,100
1780,-10.116666666666667,-77.39666666666669,99.3,100
1781,-13.916666666666668,-71.69444444444444,99.3,0
1782,-18.0,-70.29416666666667,99.3,0
1783,-17.938888888888894,-70.18611111111113,99.3,0
1784,-13.344444444444441,-71.9611111111111,99.3,0
1785,-15.76666666666667,-74.22777777777777,99.3,0
1786,-14.31111111111111,-73.25000000000001,99.3,0
1787,-17.994444444444444,-70.23555555555555,99.3,0
1788,-18.038888888888888,-70.25388888888888,99.3,0
1789,-9.897222222222222,-76.9397222222222,99.3,0
1790,-11.405555555555559,-69.4888888888889,99.3,0
1791,-5.711111111111111,-78.80000000000001,99.3,0
1792,-7.1833333333333345,-76.75000000000001,99.3,0
1793,-16.227777777777774,-69.46111111111111,99.3,0
1795,-6.711111111111111,-79.90000000000002,99.3,0
1796,-17.894444444444442,-70.15472222222223,99.3,0
1797,-13.327777777777778,-71.6111111111111,99.3,0
1798,-10.933333333333335,-74.87777777777777,99.3,0
1799,-13.727777777777776,-76.19444444444444,99.3,0
1800,-18.0,-70.22777777777777,99.3,0
1801,-14.71111111111111,-74.12777777777775,99.3,0
1802,-12.044444444444444,-77.01666666666668,99.3,0
1803,-8.116666666666667,-79.04444444444444,99.3,0
1804,-12.077777777777776,-75.28333333333333,99.5,5000
1805,-14.372222222222222,-72.88833333333335,99.5,1000
1806,-9.083333333333336,-78.6111111111111,99.5,1000
1807,-13.633333333333335,-72.88333333333334,99.5,500
1808,-13.51666666666667,-73.72388888888888,99.5,500
1809,-9.513333333333334,-77.23888888888888,99.5,500
1810,-5.56111111111111,-80.82777777777775,99.5,500
1811,-7.223611111111112,-79.42361111111111,99.5,300
1812,-6.55,-78.65,99.5,300
1813,-11.500000000000002,-77.20000000000002,99.5,250
1814,-5.858055555555556,-77.79166666666666,99.5,250
1815,-9.51666666666667,-77.88333333333334,99.5,250
1816,-8.894444444444444,-77.36111111111109,99.5,250
1817,-14.07777777777778,-73.59361111111112,99.5,250
1818,-7.0,-78.85000000000001,99.5,250
1819,-5.9,-76.09444444444443,99.5,250
1820,-13.666666666666668,-73.38333333333335,99.5,100
1821,-16.411111111111108,-71.54444444444442,99.5,100
1822,-14.116666666666667,-72.2475,99.5,100
1823,-4.933055555555557,-78.40916666666669,99.5,100
1824,-6.484444444444445,-77.81444444444446,99.5,100
1825,-9.120555555555558,-78.19472222222221,99.5,100
1826,-12.205555555555554,-76.92166666666667,99.5,100
1827,-12.783333333333335,-76.56666666666668,99.5,0
1828,-14.894444444444444,-70.59444444444442,99.5,0
1829,-13.083333333333336,-76.38333333333335,99.5,0
1830,-12.133333333333333,-76.82777777777775,99.5,0
1831,-12.077777777777776,-75.23333333333333,99.5,0
1832,-9.344444444444441,-77.23333333333333,99.5,0
1833,-12.083333333333336,-76.77777777777776,99.5,0
1834,-16.73055555555555,-71.88361111111114,99.5,0
1835,-8.664722222222224,-77.90277777777777,99.5,0
1836,-6.710000000000002,-76.21944444444445,99.5,0
1837,-11.744444444444444,-77.15000000000002,99.5,0
1838,-12.06111111111111,-76.97777777777777,99.5,0
1839,-11.805555555555554,-77.16555555555557,99.5,0
1840,-16.611111111111107,-71.22777777777777,99.5,0
1841,-7.333333333333334,-78.17777777777776,99.5,0
1842,-8.416666666666666,-78.75000000000001,99.5,0
1843,-6.877777777777776,-78.15000000000002,99.7,1000
1844,-6.7813888888888885,-79.87388888888887,99.7,1000
1845,-10.16111111111111,-77.19444444444444,99.7,1000
1846,-3.577777777777777,-80.43333333333335,99.7,1000
1847,-3.7500000000000004,-73.25000000000001,99.7,500
1848,-11.266666666666667,-74.69444444444444,99.7,500
1849,-14.266666666666667,-71.23333333333333,99.7,500
1850,-7.616666666666667,-78.05,99.7,250
1851,-9.477777777777776,-78.30000000000001,99.7,250
1852,-9.800000000000002,-77.43333333333335,99.7,250
1853,-10.119444444444444,-76.20888888888888,99.7,250
1854,-12.76666666666667,-74.98333333333335,99.7,250
1855,-4.180833333333334,-81.13138888888888,99.7,250
1856,-9.02888888888889,-77.47361111111111,99.7,250
1857,-13.35833333333333,-72.11194444444445,99.7,200
1858,-5.188888888888889,-80.66666666666669,99.7,150
1859,-9.76666666666667,-77.64444444444443,99.7,100
1860,-8.4,-78.04444444444444,99.7,100
1861,-13.838888888888892,-72.43499999999999,99.7,100
1862,-13.480555555555556,-73.56083333333333,99.7,100
1863,-13.605555555555556,-73.34388888888888,99.7,100
1864,-6.11111111111111,-77.06666666666668,99.7,100
1865,-13.877777777777776,-72.77055555555555,99.7,50
1866,-13.16111111111111,-74.22777777777777,99.7,0
1867,-6.097222222222221,-78.4225,99.7,0
1868,-9.533333333333333,-77.54444444444442,99.7,0
1869,-11.027777777777777,-76.36111111111109,99.7,0
1870,-10.950000000000001,-69.59444444444442,99.7,0
1871,-16.083333333333336,-69.66666666666669,99.7,0
1872,-8.06111111111111,-78.5111111111111,99.7,0
1873,-9.76666666666667,-76.80000000000001,99.7,0
1874,-13.327777777777778,-71.6111111111111,99.7,0
1875,-15.044444444444443,-70.37277777777777,99.7,0
1876,-8.16111111111111,-78.19444444444444,99.7,0
1877,-9.31111111111111,-75.98333333333335,99.7,0
1878,-13.683333333333334,-71.61666666666667,99.7,0
1879,-16.26111111111111,-69.1,99.7,0
1880,-5.636111111111111,-78.50777777777779,99.9,1000
1881,-9.533333333333333,-77.54444444444442,99.9,1000
1882,-5.2,-80.64444444444443,99.9,1000
1883,-13.083333333333336,-76.4111111111111,99.9,1000
1884,-12.650000000000002,-73.92777777777778,99.9,500
1885,-12.933333333333335,-74.25000000000001,99.9,500
1886,-10.933333333333335,-74.87777777777777,99.9,500
1887,-8.833333333333334,-77.46666666666667,99.9,500
1888,-9.16111111111111,-77.74444444444444,99.9,500
1889,-6.6833333333333345,-78.54444444444442,99.9,300
1890,-6.227777777777778,-77.85000000000001,99.9,300
1891,-5.11111111111111,-80.17777777777776,99.9,300
1892,-15.213888888888889,-72.88888888888889,99.9,300
1893,-14.833333333333334,-74.9611111111111,99.9,300
1894,-14.71111111111111,-74.12777777777775,99.9,300
1895,-9.06111111111111,-75.51250000000002,99.9,250
1896,-15.76666666666667,-74.22777777777777,99.9,250
1897,-17.644444444444442,-71.33333333333334,99.9,250
1898,-11.774999999999999,-75.5111111111111,99.9,250
1899,-17.01666666666667,-72.01666666666668,99.9,250
1900,-17.200000000000003,-70.93333333333334,99.9,250
1901,-7.444444444444444,-79.5111111111111,99.9,250
1902,-8.577777777777778,-77.61666666666667,99.9,250
1903,-17.986111111111114,-70.25722222222224,99.9,250
1904,-9.477777777777776,-78.30000000000001,99.9,100
1905,-14.09166666666667,-72.10944444444445,99.9,100
1906,-14.07777777777778,-73.59361111111112,99.9,100
1907,-10.761111111111108,-77.77777777777776,99.9,0
1908,-15.76666666666667,-73.37777777777777,99.9,0
1909,-16.075,-72.49361111111112,99.9,0
1910,-13.46111111111111,-76.14444444444443,99.9,0
1911,-11.100000000000001,-77.6111111111111,99.9,0
1912,-10.077777777777776,-78.15000000000002,99.9,0
1913,-14.077777777777776,-75.74444444444444,99.9,0
1914,-5.711111111111111,-78.80000000000001,99.9,0
1915,-13.0,-74.71666666666668,99.9,0
1916,-9.279444444444445,-76.39583333333333,99.9,0
1917,-5.094444444444444,-81.12777777777775,99.9,0
1918,-5.146388888888889,-79.0027777777778,99.9,0
1919,-12.877777777777776,-72.71666666666668,99.9,0
1920,-17.47222222222222,-70.03249999999998,99.9,0
1921,-8.116666666666667,-79.04444444444444,99.9,0
1922,-6.112222222222222,-78.18361111111112,99.9,0
1923,-12.180555555555555,-77.02527777777776,100.1,10000
1924,-10.444444444444443,-76.54444444444442,100.1,1000
1925,-14.31111111111111,-73.25000000000001,100.1,1000
1926,-6.511111111111111,-76.37777777777777,100.1,1000
1927,-3.671111111111111,-80.65666666666665,100.1,1000
1928,-9.083333333333336,-78.6111111111111,100.1,950
1929,-10.744444444444444,-73.75555555555555,100.1,500
1930,-13.16111111111111,-74.22777777777777,100.1,500
1931,-9.233333333333334,-77.38333333333335,100.1,500
1932,-13.51666666666667,-73.72388888888888,100.1,500
1933,-11.177777777777777,-76.01111111111109,100.1,500
1934,-15.811111111111112,-70.0175,100.1,500
1935,-11.416666666666666,-75.69444444444444,100.1,500
1936,-8.194444444444443,-76.51666666666667,100.1,500
1937,-14.783333333333335,-71.41666666666667,100.1,250
1938,-16.266666666666666,-72.46111111111111,100.1,250
1939,-10.966666666666667,-75.22777777777777,100.1,250
1940,-13.633333333333335,-72.88333333333334,100.1,150
1941,-9.916666666666668,-76.23333333333333,100.1,150
1942,-5.250000000000001,-79.46111111111111,100.1,150
1943,-6.123055555555556,-78.35055555555554,100.1,100
1944,-6.934722222222223,-77.85472222222224,100.1,100
1945,-9.737777777777776,-77.61666666666667,100.1,100
1946,-16.672222222222228,-70.97166666666668,100.1,100
1947,-8.581944444444442,-77.89916666666669,100.1,50
1948,-7.7330555555555565,-79.29416666666667,100.1,50
1949,-9.657499999999999,-77.83055555555556,100.1,45
1950,-14.916666666666668,-70.20000000000002,100.1,0
1951,-7.177777777777777,-78.51666666666667,100.1,0
1952,-16.61666666666667,-72.71666666666668,100.1,0
1953,-8.11277777777778,-78.6075,100.1,0
1954,-11.719444444444441,-75.08249999999998,100.1,0
1955,-13.919444444444444,-74.33361111111113,100.1,0
1956,-11.500000000000002,-77.20000000000002,100.1,0
1957,-16.75277777777778,-71.17972222222221,100.1,0
1958,-11.06111111111111,-75.32777777777777,100.1,0
1959,-13.975000000000001,-71.56361111111111,100.1,0
1960,-10.666666666666668,-76.77777777777776,100.1,0
1961,-13.327777777777778,-71.6111111111111,100.1,0
1962,-16.433333333333337,-73.10916666666665,100.1,0
1963,-8.383333333333335,-74.54444444444442,100.1,0
1964,-7.377777777777776,-78.82777777777775,100.1,0
1965,-4.9,-80.69444444444444,100.1,0
1966,-3.577777777777777,-80.43333333333335,100.1,0
1967,-5.9,-76.09444444444443,100.1,0
1968,-13.666666666666668,-73.38333333333335,100.3,1000
1969,-14.372222222222222,-72.88833333333335,100.3,1000
1970,-12.077777777777776,-75.23333333333333,100.3,1000
1971,-13.71111111111111,-76.22777777777777,100.3,1000
1972,-12.79722222222222,-74.97722222222221,100.3,500
1973,-13.683333333333334,-71.61666666666667,100.3,500
1974,-7.223611111111112,-79.42361111111111,100.3,250
1975,-9.31111111111111,-75.98333333333335,100.3,250
1976,-13.941666666666668,-72.18083333333333,100.3,100
1977,-5.858055555555556,-77.79166666666666,100.3,100
1978,-12.491666666666664,-76.21833333333333,100.3,100
1979,-8.994444444444444,-78.6111111111111,100.3,100
1980,-8.132499999999999,-78.0563888888889,100.3,0
1981,-17.31666666666667,-70.44083333333333,100.3,0
1982,-17.322222222222223,-70.43166666666666,100.3,0
1983,-13.4,-72.05,100.3,0
1984,-17.39722222222222,-70.4211111111111,100.3,0
1985,-10.16111111111111,-77.19444444444444,100.3,0
1986,-12.76666666666667,-74.98333333333335,100.3,0
1987,-17.419444444444448,-70.51250000000002,100.3,0
1988,-17.477777777777774,-70.54916666666666,100.3,0
1989,-18.0,-70.22777777777777,100.3,0
1990,-17.411111111111108,-70.48583333333332,100.3,0
1991,-5.146388888888889,-79.0027777777778,100.3,0
1992,-7.0,-78.85000000000001,100.3,0
1993,-11.266666666666667,-74.69444444444444,100.3,0
1994,-14.266666666666667,-71.23333333333333,100.3,0
1995,-17.26111111111111,-70.60388888888889,100.3,0
1996,-13.31111111111111,-72.12777777777775,100.3,0
1997,-3.7500000000000004,-73.25000000000001,100.5,5000
1998,-6.7813888888888885,-79.87388888888887,100.5,2000
1999,-16.411111111111108,-71.54444444444442,100.5,1000
2000,-9.477777777777776,-78.30000000000001,100.5,1000
2001,-5.2,-80.64444444444443,100.5,1000
2002,-13.4,-76.12777777777775,100.5,1000
2003,-11.177777777777777,-73.06666666666668,100.5,1000
2004,-17.986111111111114,-70.25722222222224,100.5,1000
2005,-3.577777777777777,-80.43333333333335,100.5,1000
2006,-6.6833333333333345,-78.54444444444442,100.5,500
2007,-6.877777777777776,-78.15000000000002,100.5,500
2008,-11.500000000000002,-77.20000000000002,100.5,500
2009,-9.533333333333333,-77.54444444444442,100.5,500
2010,-13.077777777777776,-76.36111111111109,100.5,500
2011,-8.833333333333334,-77.46666666666667,100.5,500
2012,-6.333333333333334,-77.4111111111111,100.5,500
2013,-9.06111111111111,-75.51250000000002,100.5,300
2014,-6.377777777777778,-78.82777777777775,100.5,300
2015,-13.541666666666668,-72.6961111111111,100.5,250
2016,-12.933333333333335,-74.25000000000001,100.5,250
2017,-11.027777777777777,-76.36111111111109,100.5,250
2018,-5.688611111111112,-78.82833333333335,100.5,250
2019,-12.877777777777776,-72.71666666666668,100.5,250
2020,-10.152777777777777,-77.43805555555558,100.5,100
2021,-13.51666666666667,-73.72388888888888,100.5,100
2022,-13.644444444444446,-73.08972222222222,100.5,100
2023,-9.133333333333333,-78.20000000000002,100.5,100
2024,-13.480555555555556,-73.56083333333333,100.5,100
2025,-8.994444444444444,-78.6111111111111,100.5,100
2026,-9.76666666666667,-77.64444444444443,100.5,25
2027,-10.133333333333333,-76.20000000000002,100.5,0
2028,-4.644444444444445,-79.71666666666668,100.5,0
2029,-13.083333333333336,-76.38333333333335,100.5,0
2030,-5.37611111111111,-79.6061111111111,100.5,0
2031,-11.477777777777776,-76.61666666666667,100.5,0
2032,-15.76666666666667,-74.22777777777777,100.5,0
2033,-13.46111111111111,-76.14444444444443,100.5,0
2034,-10.488888888888887,-76.51111111111112,100.5,0
2035,-12.083333333333336,-76.77777777777776,100.5,0
2036,-17.644444444444442,-71.33333333333334,100.5,0
2037,-15.500000000000002,-70.14444444444443,100.5,0
2038,-4.533333333333334,-73.5611111111111,100.5,0
2039,-12.141666666666667,-76.94166666666668,100.5,0
2040,-12.61111111111111,-69.19444444444444,100.5,0
2041,-14.608333333333333,-70.78888888888888,100.5,0
2042,-14.46111111111111,-72.09444444444443,100.5,0
2043,-4.594444444444443,-81.27777777777777,100.5,0
2044,-8.294444444444444,-77.30000000000001,100.5,0
2045,-17.075,-70.84416666666667,100.5,0
2046,-7.177777777777777,-78.51666666666667,100.7,1000
2047,-6.227777777777778,-77.85000000000001,100.7,1000
2048,-14.077777777777776,-75.74444444444444,100.7,1000
2049,-7.1833333333333345,-76.75000000000001,100.7,1000
2050,-5.9,-76.09444444444443,100.7,1000
2051,-12.06111111111111,-76.97777777777777,100.7,500
2052,-5.11111111111111,-80.17777777777776,100.7,300
2053,-10.577777777777778,-75.4111111111111,100.7,300
2054,-6.514444444444445,-78.5186111111111,100.7,250
2055,-12.650000000000002,-76.64444444444443,100.7,250
2056,-17.01666666666667,-72.01666666666668,100.7,250
2057,-9.566944444444443,-77.71694444444444,100.7,250
2058,-4.9,-80.69444444444444,100.7,250
2059,-6.511111111111111,-76.37777777777777,100.7,250
2060,-5.764444444444443,-78.43333333333335,100.7,200
2061,-12.783333333333335,-76.56666666666668,100.7,100
2062,-13.86388888888889,-73.6702777777778,100.7,100
2063,-14.222222222222221,-72.19472222222221,100.7,100
2064,-13.916666666666668,-71.69444444444444,100.7,0
2065,-10.761111111111108,-77.77777777777776,100.7,0
2066,-12.077777777777776,-77.15000000000002,100.7,0
2067,-12.133333333333333,-76.82777777777775,100.7,0
2068,-9.85472222222222,-75.02111111111111,100.7,0
2069,-12.077777777777776,-75.23333333333333,100.7,0
2070,-13.975000000000001,-71.56361111111111,100.7,0
2071,-14.833333333333334,-74.9611111111111,100.7,0
2072,-10.594444444444443,-75.40388888888889,100.7,0
2073,-8.383333333333335,-74.54444444444442,100.7,0
2074,-11.24722222222222,-75.85805555555555,100.7,0
2075,-5.316666666666667,-79.28333333333333,100.7,0
2076,-17.47222222222222,-70.03249999999998,100.7,0
2077,-6.833333333333333,-79.93333333333334,100.8,0
2078,-10.444444444444443,-76.54444444444442,100.9,1000
2079,-15.811111111111112,-70.01638888888888,100.9,1000
2080,-13.51666666666667,-73.72388888888888,100.9,500
2081,-10.16111111111111,-77.19444444444444,100.9,500
2082,-12.833333333333334,-72.65,100.9,500
2083,-14.783333333333335,-71.41666666666667,100.9,500
2084,-14.083333333333336,-70.43333333333335,100.9,500
2085,-11.416666666666666,-75.69444444444444,100.9,500
2086,-13.633333333333335,-72.88333333333334,100.9,300
2087,-6.55,-78.65,100.9,250
2088,-9.916666666666668,-76.23333333333333,100.9,250
2089,-11.074999999999998,-75.32166666666666,100.9,250
2090,-17.200000000000003,-70.93333333333334,100.9,250
2091,-9.633333333333335,-77.48333333333335,100.9,250
2092,-9.077777777777776,-77.82777777777775,100.9,100
2093,-6.844722222222223,-78.02833333333334,100.9,50
2094,-13.16111111111111,-74.22777777777777,100.9,0
2095,-14.894444444444444,-70.59444444444442,100.9,0
2096,-7.483333333333333,-78.82777777777775,100.9,0
2097,-15.194444444444443,-71.77777777777776,100.9,0
2098,-10.677777777777777,-76.26027777777777,100.9,0
2099,-16.683333333333334,-69.87777777777777,100.9,0
2100,-8.868055555555557,-77.88916666666667,100.9,0
2101,-11.533333333333333,-75.90000000000002,100.9,0
2102,-15.366666666666669,-70.37777777777777,100.9,0
2103,-4.11111111111111,-81.05,100.9,0
2104,-13.727777777777776,-76.19444444444444,100.9,0
2105,-4.779166666666667,-79.98222222222222,100.9,0
2106,-13.530555555555555,-73.67611111111113,100.9,0
2107,-11.71111111111111,-74.0,100.9,0
2108,-12.180555555555555,-77.02527777777776,101.1,25000
2109,-16.411111111111108,-71.54444444444442,101.1,5000
2110,-6.7813888888888885,-79.87388888888887,101.1,5000
2111,-8.116666666666667,-79.04444444444444,101.1,5000
2112,-5.2,-80.64444444444443,101.1,3000
2113,-9.083333333333336,-78.6111111111111,101.1,2500
2114,-13.666666666666668,-73.38333333333335,101.1,1000
2115,-8.463055555555552,-76.47861111111112,101.1,1000
2116,-17.988888888888887,-70.25944444444445,101.1,1000
2117,-6.094444444444444,-77.15000000000002,101.1,650
2118,-14.372222222222222,-72.88833333333335,101.1,500
2119,-13.46111111111111,-76.14444444444443,101.1,500
2120,-17.083333333333336,-71.75000000000001,101.1,500
2121,-6.377777777777778,-78.82777777777775,101.1,500
2122,-9.513333333333334,-77.23888888888888,101.1,500
2123,-11.266666666666667,-74.69444444444444,101.1,500
2124,-9.308055555555557,-76.02000000000001,101.1,500
2125,-7.616666666666667,-78.05,101.1,300
2126,-4.250000000000001,-69.97777777777777,101.1,300
2127,-7.0,-78.85000000000001,101.1,300
2128,-6.877777777777776,-78.15000000000002,101.1,250
2129,-13.169444444444446,-74.22000000000003,101.1,250
2130,-12.76666666666667,-74.98333333333335,101.1,250
2131,-17.644444444444442,-71.33333333333334,101.1,250
2132,-5.858055555555556,-77.79166666666666,101.1,250
2133,-4.9,-80.69444444444444,101.1,250
2134,-13.941666666666668,-72.18083333333333,101.1,100
2135,-14.266666666666667,-71.23333333333333,101.1,100
2136,-6.765833333333334,-76.81388888888888,101.1,0
2137,-13.477777777777776,-72.15000000000002,101.1,0
2138,-9.344444444444441,-77.23333333333333,101.1,0
2139,-5.711111111111111,-78.80000000000001,101.1,0
2140,-5.7702777777777765,-79.315,101.1,0
2141,-10.886111111111113,-75.28777777777778,101.1,0
2142,-11.758333333333331,-76.30000000000001,101.1,0
2143,-8.416666666666666,-76.38333333333335,101.1,0
2144,-12.077777777777776,-75.23333333333333,101.3,3000
2145,-9.533333333333333,-77.54444444444442,101.3,1200
2146,-3.7500000000000004,-73.25000000000001,101.3,1000
2147,-4.596666666666667,-81.29083333333335,101.3,1000
2148,-3.577777777777777,-80.43333333333335,101.3,1000
2149,-7.1833333333333345,-76.75000000000001,101.3,500
2150,-15.500000000000002,-70.14444444444443,101.3,500
2151,-6.333333333333334,-77.4111111111111,101.3,500
2152,-6.511111111111111,-76.37777777777777,101.3,500
2153,-9.16111111111111,-77.74444444444444,101.3,480
2154,-16.083333333333336,-69.66666666666669,101.3,300
2155,-7.177777777777777,-78.51666666666667,101.3,250
2156,-16.61666666666667,-72.71666666666668,101.3,250
2157,-9.800000000000002,-77.43333333333335,101.3,250
2158,-6.227777777777778,-77.85000000000001,101.3,250
2159,-10.077777777777776,-78.15000000000002,101.3,250
2160,-14.077777777777776,-75.74444444444444,101.3,250
2161,-9.132777777777775,-77.01694444444443,101.3,250
2162,-5.9,-76.09444444444443,101.3,250
2163,-9.76666666666667,-77.64444444444443,101.3,100
2164,-5.406944444444444,-78.43055555555554,101.3,100
2165,-13.877777777777776,-72.77055555555555,101.3,100
2166,-13.975000000000001,-71.56361111111111,101.3,100
2167,-13.480555555555556,-73.56083333333333,101.3,100
2168,-12.61111111111111,-69.19444444444444,101.3,100
2169,-12.744444444444444,-69.19444444444444,101.3,100
2170,-8.4,-78.04444444444444,101.3,50
2171,-8.833333333333334,-77.46666666666667,101.3,50
2172,-6.55,-78.65,101.3,0
2173,-15.500000000000002,-70.14444444444443,101.3,0
2174,-4.180833333333334,-81.13138888888888,101.3,0
2175,-6.443888888888889,-79.60527777777779,101.3,0
2176,-14.725,-70.80277777777776,101.3,0
2177,-9.911111111111108,-75.9611111111111,101.3,0
2178,-8.250000000000002,-78.0,101.3,0
2179,-12.019444444444444,-77.06972222222223,101.4,0
2180,-6.883333333333334,-79.87777777777777,101.4,0
2181,-5.11111111111111,-80.17777777777776,101.5,1000
2182,-13.633333333333335,-72.88333333333334,101.5,500
2183,-14.31111111111111,-73.25000000000001,101.5,500
2184,-10.16111111111111,-77.19444444444444,101.5,500
2185,-11.500000000000002,-77.20000000000002,101.5,500
2186,-17.200000000000003,-70.93333333333334,101.5,500
2187,-10.761111111111108,-77.77777777777776,101.5,250
2188,-10.444444444444443,-76.54444444444442,101.5,250
2189,-10.577777777777778,-75.4111111111111,101.5,250
2190,-10.966666666666667,-75.22777777777777,101.5,250
2191,-14.71111111111111,-74.12777777777775,101.5,250
2192,-13.838888888888892,-72.43499999999999,101.5,100
2193,-5.094444444444444,-81.12777777777775,101.5,100
2194,-9.07,-77.98,101.5,100
2195,-14.916666666666668,-70.20000000000002,101.5,0
2196,-15.633333333333335,-71.6111111111111,101.5,0
2197,-12.044444444444444,-77.01666666666668,101.5,0
2198,-15.213888888888889,-72.88888888888889,101.5,0
2199,-14.113888888888887,-72.71499999999999,101.5,0
2200,-12.933333333333335,-74.25000000000001,101.5,0
2201,-11.774999999999999,-75.5111111111111,101.5,0
2202,-12.019444444444444,-77.06972222222223,101.5,0
2203,-6.55,-80.01666666666668,101.5,0
2204,-15.727777777777776,-72.56666666666668,101.5,0
2205,-13.727777777777776,-76.19444444444444,101.5,0
2206,-10.705555555555556,-73.76083333333335,101.5,0
2207,-11.938888888888886,-76.975,101.5,0
2208,-9.090833333333332,-77.3272222222222,101.5,0
2209,-4.9,-80.69444444444444,101.5,0
2210,-5.316666666666667,-79.28333333333333,101.5,0
2211,-11.416666666666666,-75.69444444444444,101.5,0
2212,-7.223611111111112,-79.42361111111111,101.7,1000
2213,-6.7813888888888885,-79.87388888888887,101.7,1000
2214,-9.916666666666668,-76.23333333333333,101.7,1000
2215,-8.194444444444443,-76.51666666666667,101.7,1000
2216,-13.16111111111111,-74.22777777777777,101.7,500
2217,-13.51666666666667,-73.72388888888888,101.7,500
2218,-14.783333333333335,-71.41666666666667,101.7,500
2219,-11.533333333333333,-75.90000000000002,101.7,500
2220,-6.050000000000001,-76.97777777777777,101.7,500
2221,-3.5111111111111106,-80.27777777777777,101.7,500
2222,-9.266666666666667,-77.64444444444443,101.7,300
2223,-16.411111111111108,-71.54444444444442,101.7,250
2224,-14.894444444444444,-70.59444444444442,101.7,250
2225,-9.477777777777776,-78.30000000000001,101.7,250
2226,-6.55,-78.65,101.7,250
2227,-6.357777777777777,-78.82111111111112,101.7,250
2228,-17.644444444444442,-71.33333333333334,101.7,250
2229,-11.06111111111111,-75.32777777777777,101.7,250
2230,-5.987222222222223,-79.74611111111109,101.7,250
2231,-13.31111111111111,-72.12777777777775,101.7,250
2232,-12.180555555555555,-77.02527777777776,101.7,200
2233,-11.100000000000001,-77.6111111111111,101.7,150
2234,-12.20833333333333,-76.9611111111111,101.7,150
2235,-6.123055555555556,-78.35055555555554,101.7,100
2236,-8.581944444444442,-77.89916666666669,101.7,100
2237,-9.21222222222222,-76.7972222222222,101.7,100
2238,-13.800000000000002,-73.5111111111111,101.7,100
2239,-10.666666666666668,-76.77777777777776,101.7,100
2240,-12.783333333333335,-76.56666666666668,101.7,0
2241,-11.0,-75.25000000000001,101.7,0
2242,-8.160555555555556,-77.52083333333331,101.7,0
2243,-13.46111111111111,-76.14444444444443,101.7,0
2244,-12.133333333333333,-76.82777777777775,101.7,0
2245,-12.933333333333335,-74.25000000000001,101.7,0
2246,-15.366666666666669,-70.37777777777777,101.7,0
2247,-11.952777777777776,-77.06861111111111,101.7,0
2248,-16.76111111111111,-70.88305555555553,101.7,0
2249,-9.090833333333332,-77.3272222222222,101.7,0
2250,-17.986111111111114,-70.25722222222224,101.7,0
2251,-9.31111111111111,-75.98333333333335,101.7,0
2252,-8.383333333333335,-74.54444444444442,101.9,5000
2253,-14.372222222222222,-72.88833333333335,101.9,1000
2254,-7.177777777777777,-78.51666666666667,101.9,1000
2255,-5.2,-80.64444444444443,101.9,1000
2256,-8.116666666666667,-79.04444444444444,101.9,1000
2257,-6.877777777777776,-78.15000000000002,101.9,500
2258,-12.76666666666667,-74.98333333333335,101.9,500
2259,-10.077777777777776,-78.15000000000002,101.9,500
2260,-14.266666666666667,-71.23333333333333,101.9,500
2261,-6.708611111111111,-77.80583333333334,101.9,250
2262,-4.476111111111112,-78.45611111111111,101.9,100
2263,-8.964722222222223,-77.36277777777778,101.9,100
2264,-10.402777777777777,-77.39972222222224,101.9,100
2265,-13.772222222222222,-73.60222222222221,101.9,100
2266,-12.858333333333333,-74.58583333333331,101.9,0
2267,-6.6833333333333345,-78.54444444444442,101.9,0
2268,-7.616666666666667,-78.05,101.9,0
2269,-15.76666666666667,-73.37777777777777,101.9,0
2270,-12.077777777777776,-75.23333333333333,101.9,0
2271,-5.098055555555555,-80.16583333333332,101.9,0
2272,-12.4,-74.90000000000002,101.9,0
2273,-17.16666666666667,-71.80000000000001,101.9,0
2274,-4.596666666666667,-81.29083333333335,101.9,0
2275,-16.611111111111107,-71.22777777777777,101.9,0
2276,-10.488888888888887,-76.51611111111113,101.9,0
2277,-12.180555555555555,-77.02527777777776,102.1,3500
2278,-6.227777777777778,-77.85000000000001,102.1,1600
2279,-9.083333333333336,-78.6111111111111,102.1,1000
2280,-9.533333333333333,-77.54444444444442,102.1,1000
2281,-13.997222222222224,-75.78916666666666,102.1,1000
2282,-3.7500000000000004,-73.25000000000001,102.1,1000
2283,-15.500000000000002,-70.14444444444443,102.1,1000
2284,-4.9,-80.69444444444444,102.1,1000
2285,-3.577777777777777,-80.43333333333335,102.1,950
2286,-9.76666666666667,-77.64444444444443,102.1,500
2287,-10.16111111111111,-77.19444444444444,102.1,500
2288,-9.522222222222222,-77.53583333333331,102.1,500
2289,-17.01666666666667,-72.01666666666668,102.1,500
2290,-13.727777777777776,-76.19444444444444,102.1,300
2291,-13.633333333333335,-72.88333333333334,102.1,250
2292,-9.06111111111111,-75.51250000000002,102.1,250
2293,-13.666666666666668,-73.38333333333335,102.1,250
2294,-11.261111111111111,-75.6366666666667,102.1,250
2295,-17.986111111111114,-70.25722222222224,102.1,250
2296,-12.744444444444444,-69.19444444444444,102.1,250
2297,-10.133333333333333,-76.20000000000002,102.1,100
2298,-5.750000000000001,-78.43333333333335,102.1,100
2299,-6.123055555555556,-78.35055555555554,102.1,100
2300,-11.774999999999999,-75.5111111111111,102.1,100
2301,-8.250000000000002,-78.0,102.1,100
2302,-8.833333333333334,-77.46666666666667,102.1,100
2303,-16.411111111111108,-71.54444444444442,102.1,0
2304,-9.916666666666668,-76.23333333333333,102.1,0
2305,-5.187500000000001,-80.65861111111113,102.1,0
2306,-13.975000000000001,-71.56361111111111,102.1,0
2307,-10.933333333333335,-74.87777777777777,102.1,0
2308,-12.61111111111111,-69.19444444444444,102.1,0
2309,-13.819444444444443,-71.5413888888889,102.1,0
2310,-8.194444444444443,-76.51666666666667,102.1,0
2311,-6.050000000000001,-76.97777777777777,102.3,2000
2312,-6.7813888888888885,-79.87388888888887,102.3,1000
2313,-7.800000000000001,-78.06666666666668,102.3,1000
2314,-17.663888888888888,-71.34861111111111,102.3,1000
2315,-5.711111111111111,-78.80000000000001,102.3,1000
2316,-13.083333333333336,-76.4111111111111,102.3,1000
2317,-6.511111111111111,-76.37777777777777,102.3,1000
2318,-8.416666666666666,-78.75000000000001,102.3,1000
2319,-16.383333333333333,-71.54444444444442,102.3,1000
2320,-11.100000000000001,-77.6111111111111,102.3,500
2321,-9.344444444444441,-77.23333333333333,102.3,500
2322,-9.513333333333334,-77.23888888888888,102.3,500
2323,-16.411111111111108,-71.54444444444442,102.3,250
2324,-13.46111111111111,-76.14444444444443,102.3,250
2325,-14.833333333333334,-74.9611111111111,102.3,250
2326,-10.577777777777778,-75.4111111111111,102.3,250
2327,-15.811111111111112,-70.01638888888888,102.3,250
2328,-9.460555555555553,-78.315,102.3,240
2329,-13.666666666666668,-73.38333333333335,102.3,100
2330,-13.838888888888892,-72.43499999999999,102.3,100
2331,-12.71111111111111,-74.69444444444444,102.3,100
2332,-13.477777777777776,-72.15000000000002,102.3,0
2333,-14.894444444444444,-70.59444444444442,102.3,0
2334,-14.216666666666669,-71.43166666666666,102.3,0
2335,-9.512500000000003,-77.51194444444444,102.3,0
2336,-9.916666666666668,-76.23333333333333,102.3,0
2337,-12.933333333333335,-74.25000000000001,102.3,0
2338,-10.441666666666666,-76.18944444444445,102.3,0
2339,-10.077777777777776,-78.15000000000002,102.3,0
2340,-15.216666666666669,-75.12777777777775,102.3,0
2341,-5.987222222222223,-79.74611111111109,102.3,0
2342,-9.360277777777776,-77.4775,102.3,0
2343,-14.216666666666669,-71.43333333333335,102.3,0
2344,-14.216666666666669,-71.43333333333335,102.3,0
2345,-10.761111111111108,-77.77777777777776,102.5,1000
2346,-7.177777777777777,-78.51666666666667,102.5,1000
2347,-10.444444444444443,-76.54444444444442,102.5,1000
2348,-13.975000000000001,-71.56361111111111,102.5,1000
2349,-5.2,-80.64444444444443,102.5,1000
2350,-8.383333333333335,-74.54444444444442,102.5,1000
2351,-4.596666666666667,-81.29083333333335,102.5,1000
2352,-6.944444444444444,-76.77111111111113,102.5,1000
2353,-9.233333333333334,-77.38333333333335,102.5,500
2354,-10.077777777777776,-78.15000000000002,102.5,500
2355,-11.416666666666666,-75.69444444444444,102.5,300
2356,-6.377777777777778,-78.82777777777775,102.5,250
2357,-9.916666666666668,-76.23333333333333,102.5,250
2358,-11.533333333333333,-75.90000000000002,102.5,250
2359,-9.31111111111111,-75.98333333333335,102.5,250
2360,-9.16111111111111,-77.74444444444444,102.5,250
2361,-5.930833333333335,-78.66277777777778,102.5,100
2362,-16.672222222222228,-70.97166666666668,102.5,100
2363,-10.402777777777777,-77.39972222222224,102.5,50
2364,-13.16111111111111,-74.22777777777777,102.5,0
2365,-13.083333333333336,-76.38333333333335,102.5,0
2366,-7.616666666666667,-78.05,102.5,0
2367,-11.0,-75.25000000000001,102.5,0
2368,-7.22138888888889,-78.83888888888887,102.5,0
2369,-17.088888888888885,-71.77000000000001,102.5,0
2370,-7.368888888888888,-78.80638888888888,102.5,0
2371,-12.077777777777776,-75.23333333333333,102.5,0
2372,-12.019444444444444,-77.06972222222223,102.5,0
2373,-8.639166666666664,-74.96416666666669,102.5,0
2374,-10.666666666666668,-76.77777777777776,102.5,0
2375,-11.327777777777778,-75.505,102.5,0
2376,-13.552777777777777,-74.19722222222221,102.5,0
2377,-12.519444444444446,-73.82805555555557,102.5,0
2378,-9.369722222222222,-75.03416666666668,102.5,0
2379,-7.377777777777776,-78.82777777777775,102.5,0
2380,-5.9,-76.09444444444443,102.5,0
2381,-12.180555555555555,-77.02527777777776,102.7,10000
2382,-9.083333333333336,-78.6111111111111,102.7,1000
2383,-14.077777777777776,-75.74444444444444,102.7,1000
2384,-15.500000000000002,-70.14444444444443,102.7,1000
2385,-12.61111111111111,-69.19444444444444,102.7,1000
2386,-8.116666666666667,-79.04444444444444,102.7,1000
2387,-17.988888888888887,-70.25944444444445,102.7,500
2388,-12.76666666666667,-74.98333333333335,102.7,250
2389,-14.266666666666667,-71.23333333333333,102.7,250
2390,-12.744444444444444,-69.19444444444444,102.7,250
2391,-6.164444444444445,-77.94472222222221,102.7,150
2392,-13.633333333333335,-72.88333333333334,102.7,100
2393,-8.84,-77.91611111111112,102.7,100
2394,-14.116666666666667,-72.2475,102.7,90
2395,-13.666666666666668,-73.38333333333335,102.7,0
2396,-5.644444444444445,-78.54444444444442,102.7,0
2397,-6.6833333333333345,-78.54444444444442,102.7,0
2398,-13.344444444444441,-71.9611111111111,102.7,0
2399,-12.077777777777776,-75.23333333333333,102.7,0
2400,-9.533333333333333,-77.54444444444442,102.7,0
2401,-12.966666666666667,-76.14444444444443,102.7,0
2402,-13.975000000000001,-71.56361111111111,102.7,0
2403,-7.0,-78.85000000000001,102.7,0
2404,-6.616666666666667,-78.9611111111111,102.7,0
2405,-6.7813888888888885,-79.87388888888887,102.9,5000
2406,-16.411111111111108,-71.54444444444442,102.9,1000
2407,-11.500000000000002,-77.20000000000002,102.9,1000
2408,-9.344444444444441,-77.23333333333333,102.9,1000
2409,-17.644444444444442,-71.33333333333334,102.9,1000
2410,-10.933333333333335,-74.87777777777777,102.9,1000
2411,-15.811111111111112,-70.01638888888888,102.9,1000
2412,-9.51666666666667,-77.23333333333333,102.9,1000
2413,-6.333333333333334,-77.4111111111111,102.9,1000
2414,-3.577777777777777,-80.43333333333335,102.9,1000
2415,-9.76666666666667,-77.64444444444443,102.9,500
2416,-11.130555555555555,-77.6111111111111,102.9,500
2417,-5.69,-78.8447222222222,102.9,500
2418,-17.200000000000003,-70.93333333333334,102.9,500
2419,-5.941666666666666,-77.30555555555556,102.9,500
2420,-5.094444444444444,-81.12777777777775,102.9,500
2421,-12.933333333333335,-74.25000000000001,102.9,300
2422,-13.911111111111108,-71.5111111111111,102.9,250
2423,-17.01666666666667,-72.01666666666668,102.9,250
2424,-4.594444444444443,-77.90000000000002,102.9,250
2425,-7.177777777777777,-78.51666666666667,102.9,100
2426,-9.266666666666667,-77.64444444444443,102.9,100
2427,-6.877777777777776,-78.48333333333335,102.9,100
2428,-5.11111111111111,-80.17777777777776,102.9,100
2429,-11.86111111111111,-76.4111111111111,102.9,100
2430,-9.72638888888889,-77.46305555555554,102.9,100
2431,-16.61666666666667,-72.71666666666668,102.9,75
2432,-4.644444444444445,-79.71666666666668,102.9,0
2433,-9.477777777777776,-78.30000000000001,102.9,0
2434,-13.46111111111111,-76.14444444444443,102.9,0
2435,-16.39722222222222,-69.04027777777776,102.9,0
2436,-5.83361111111111,-77.91444444444443,102.9,0
2437,-11.100000000000001,-77.6111111111111,102.9,0
2438,-13.027777777777777,-74.17777777777776,102.9,0
2439,-11.261111111111111,-75.6366666666667,102.9,0
2440,-12.991666666666665,-74.21194444444446,102.9,0
2441,-3.7500000000000004,-73.25000000000001,102.9,0
2442,-5.711111111111111,-78.80000000000001,102.9,0
2443,-13.877777777777776,-72.77055555555555,102.9,0
2444,-12.019444444444444,-77.06972222222223,102.9,0
2445,-12.897222222222222,-74.27916666666668,102.9,0
2446,-17.00277777777778,-72.10055555555553,102.9,0
2447,-17.125,-71.86972222222222,102.9,0
2448,-14.833333333333334,-74.93305555555554,102.9,0
2449,-10.966666666666667,-75.22777777777777,102.9,0
2450,-14.072222222222221,-70.10027777777779,102.9,0
2451,-6.316666666666667,-77.54444444444442,102.9,0
2452,-4.9,-80.69444444444444,102.9,0
2453,-8.294444444444444,-77.30000000000001,102.9,0
2454,-16.26111111111111,-69.1,102.9,0
2455,-12.077777777777776,-75.23333333333333,103.1,1000
2456,-10.677777777777777,-76.26027777777777,103.1,500
2457,-13.51666666666667,-73.72388888888888,103.1,500
2458,-14.783333333333335,-71.41666666666667,103.1,500
2459,-9.533333333333333,-77.54444444444442,103.1,500
2460,-4.533333333333334,-73.5611111111111,103.1,500
2461,-9.31111111111111,-75.98333333333335,103.1,500
2462,-14.894444444444444,-70.59444444444442,103.1,300
2463,-6.55,-78.65,103.1,250
2464,-10.077777777777776,-78.15000000000002,103.1,250
2465,-13.71111111111111,-76.22777777777777,103.1,250
2466,-6.511111111111111,-76.37777777777777,103.1,250
2467,-8.194444444444443,-76.51666666666667,103.1,250
2468,-5.406944444444444,-78.43055555555554,103.1,100
2469,-8.250000000000002,-78.0,103.1,100
2470,-9.51666666666667,-77.88333333333334,103.1,100
2471,-15.027777777777777,-73.79444444444444,103.1,0
2472,-6.377777777777778,-78.82777777777775,103.1,0
2473,-12.933333333333335,-74.25000000000001,103.1,0
2474,-16.083333333333336,-69.66666666666669,103.1,0
2475,-12.4,-73.90000000000002,103.1,0
2476,-13.975000000000001,-71.56361111111111,103.1,0
2477,-12.519444444444446,-73.82805555555557,103.1,0
2478,-15.477777777777776,-69.43333333333335,103.1,0
2479,-12.624999999999998,-73.80083333333333,103.1,0
2480,-12.511111111111111,-73.85777777777777,103.1,0
2481,-4.594444444444443,-81.27777777777777,103.1,0
2482,-13.31111111111111,-72.12777777777775,103.1,0
2483,-10.727777777777776,-75.28333333333333,103.1,0
2484,-11.71388888888889,-75.4775,103.1,0
2485,-12.180555555555555,-77.02527777777776,103.3,10000
2486,-8.383333333333335,-74.54444444444442,103.3,5000
2487,-14.372222222222222,-72.88833333333335,103.3,1000
2488,-10.761111111111108,-77.77777777777776,103.3,1000
2489,-7.156944444444446,-78.51500000000001,103.3,1000
2490,-14.077777777777776,-75.74444444444444,103.3,1000
2491,-13.975000000000001,-71.56361111111111,103.3,1000
2492,-5.2,-80.64444444444443,103.3,1000
2493,-8.116666666666667,-79.04444444444444,103.3,1000
2494,-14.31111111111111,-73.25000000000001,103.3,670
2495,-13.633333333333335,-72.88333333333334,103.3,500
2496,-5.764444444444443,-78.43333333333335,103.3,500
2497,-6.227777777777778,-77.85000000000001,103.3,500
2498,-9.916666666666668,-76.23333333333333,103.3,500
2499,-13.083333333333336,-76.4111111111111,103.3,500
2500,-11.266666666666667,-74.69444444444444,103.3,500
2501,-3.5111111111111106,-80.27777777777777,103.3,500
2502,-7.223611111111112,-79.42361111111111,103.3,250
2503,-6.766666666666667,-79.97777777777777,103.3,100
2504,-13.666666666666668,-73.38333333333335,103.3,0
2505,-10.744444444444444,-73.75555555555555,103.3,0
2506,-13.16111111111111,-74.22777777777777,103.3,0
2507,-18.16111111111111,-70.68500000000002,103.3,0
2508,-7.616666666666667,-78.05,103.3,0
2509,-7.483333333333333,-78.82777777777775,103.3,0
2510,-17.83055555555556,-70.9663888888889,103.3,0
2511,-12.463888888888889,-75.92333333333336,103.3,0
2512,-15.500000000000002,-70.14444444444443,103.3,0
2513,-11.06111111111111,-75.32777777777777,103.3,0
2515,-13.61111111111111,-71.77777777777776,103.3,0
2516,-17.994444444444447,-70.88166666666667,103.3,0
2517,-18.005555555555553,-70.2461111111111,103.3,0
2518,-17.86388888888889,-70.56194444444444,103.3,0
2519,-9.090833333333332,-77.3272222222222,103.3,0
2520,-7.377777777777776,-78.82777777777775,103.3,0
2521,-14.266666666666667,-71.23333333333333,103.3,0
2522,-11.416666666666666,-75.69444444444444,103.3,0
2523,-17.974999999999994,-70.22805555555557,103.3,0
2524,-6.900277777777777,-79.5686111111111,103.3,0
2525,-9.083333333333336,-78.6111111111111,103.5,1000
2526,-3.7500000000000004,-73.25000000000001,103.5,1000
2527,-6.333333333333334,-77.4111111111111,103.5,1000
2528,-11.100000000000001,-77.6111111111111,103.5,500
2529,-9.344444444444441,-77.23333333333333,103.5,500
2530,-17.663888888888888,-71.34861111111111,103.5,500
2531,-8.833333333333334,-77.46666666666667,103.5,500
2532,-9.513333333333334,-77.23888888888888,103.5,500
2533,-12.877777777777776,-72.71666666666668,103.5,500
2534,-17.01666666666667,-72.01666666666668,103.5,300
2535,-10.16111111111111,-77.19444444444444,103.5,250
2536,-12.933333333333335,-74.25000000000001,103.5,250
2537,-6.050000000000001,-76.97777777777777,103.5,250
2538,-14.07777777777778,-73.59361111111112,103.5,250
2539,-8.194444444444443,-76.51666666666667,103.5,150
2540,-13.666666666666668,-73.38333333333335,103.5,100
2541,-9.477777777777776,-78.30000000000001,103.5,100
2542,-13.51666666666667,-73.72388888888888,103.5,100
2543,-13.941666666666668,-72.18083333333333,103.5,100
2544,-6.484444444444445,-77.81444444444446,103.5,100
2545,-11.894444444444444,-77.12777777777775,103.5,100
2546,-4.9,-80.69444444444444,103.5,100
2547,-17.986111111111114,-70.25722222222224,103.5,100
2548,-13.672222222222219,-73.66861111111112,103.5,100
2549,-16.411111111111108,-71.54444444444442,103.5,0
2550,-8.933333333333335,-76.12777777777775,103.5,0
2551,-13.16111111111111,-74.22777777777777,103.5,0
2552,-13.46111111111111,-76.14444444444443,103.5,0
2553,-12.76666666666667,-74.98333333333335,103.5,0
2554,-9.416666666666666,-76.79444444444444,103.5,0
2555,-12.877777777777776,-72.69333333333334,103.5,0
2556,-5.146388888888889,-79.0027777777778,103.5,0
2557,-3.5111111111111106,-80.27777777777777,103.5,0
2558,-12.077777777777776,-75.23333333333333,103.7,1000
2559,-14.077777777777776,-75.74444444444444,103.7,1000
2560,-17.200000000000003,-70.93333333333334,103.7,500
2561,-10.905555555555555,-74.85555555555555,103.7,300
2562,-6.7813888888888885,-79.87388888888887,103.7,250
2563,-10.077777777777776,-78.15000000000002,103.7,250
2564,-5.83361111111111,-77.91444444444443,103.7,100
2565,-5.711111111111111,-78.80000000000001,103.7,100
2566,-6.235833333333334,-78.27083333333334,103.7,100
2567,-5.827777777777777,-77.96694444444445,103.7,100
2568,-16.26111111111111,-69.1,103.7,100
2569,-16.61666666666667,-72.71666666666668,103.7,20
2570,-13.633333333333335,-72.88333333333334,103.7,0
2571,-6.6833333333333345,-78.54444444444442,103.7,0
2572,-15.297222222222224,-70.35499999999999,103.7,0
2573,-15.638888888888888,-70.34916666666665,103.7,0
2574,-15.194444444444443,-71.77777777777776,103.7,0
2575,-8.633333333333335,-78.75000000000001,103.7,0
2576,-7.333333333333334,-75.01666666666668,103.7,0
2577,-16.627777777777776,-69.6111111111111,103.7,0
2578,-9.533333333333333,-77.54444444444442,103.7,0
2579,-11.261111111111111,-75.6366666666667,103.7,0
2580,-14.083333333333336,-70.43333333333335,103.7,0
2581,-5.987222222222223,-79.74611111111109,103.7,0
2582,-5.094444444444444,-81.12777777777775,103.7,0
2583,-11.477777777777776,-74.48333333333335,103.7,0
2584,-15.811111111111112,-70.01638888888888,103.7,0
2585,-8.16111111111111,-78.19444444444444,103.7,0
2586,-8.194444444444443,-76.51666666666667,103.7,0
2587,-12.180555555555555,-77.02527777777776,103.9,10000
2588,-10.444444444444443,-76.54444444444442,103.9,1000
2589,-15.500000000000002,-70.14444444444443,103.9,1000
2590,-6.511111111111111,-76.37777777777777,103.9,1000
2591,-14.372222222222222,-72.88833333333335,103.9,500
2592,-6.227777777777778,-77.85000000000001,103.9,500
2593,-14.783333333333335,-71.41666666666667,103.9,500
2594,-5.757222222222223,-78.4452777777778,103.9,300
2595,-13.477777777777776,-72.15000000000002,103.9,250
2596,-7.177777777777777,-78.51666666666667,103.9,250
2597,-15.76666666666667,-73.37777777777777,103.9,250
2598,-6.887777777777777,-78.12944444444445,103.9,250
2599,-9.566944444444443,-77.71694444444444,103.9,250
2600,-4.596666666666667,-81.29083333333335,103.9,250
2601,-9.31111111111111,-75.98333333333335,103.9,250
2602,-9.078333333333333,-78.15916666666666,103.9,200
2603,-9.077777777777776,-77.82777777777775,103.9,100
2604,-14.222222222222221,-72.19472222222221,103.9,100
2605,-13.336111111111114,-72.06083333333333,103.9,100
2606,-6.116666666666667,-76.9611111111111,103.9,25
2607,-16.411111111111108,-71.54444444444442,103.9,0
2608,-12.650000000000002,-73.92777777777778,103.9,0
2609,-15.76666666666667,-73.37777777777777,103.9,0
2610,-13.51666666666667,-73.72388888888888,103.9,0
2611,-6.377777777777778,-78.82777777777775,103.9,0
2612,-16.672222222222228,-70.97027777777778,103.9,0
2613,-9.916666666666668,-76.23333333333333,103.9,0
2614,-4.662222222222223,-80.24055555555556,103.9,0
2615,-15.327777777777778,-72.36111111111109,103.9,0
2616,-12.730555555555558,-74.6677777777778,103.9,0
2617,-10.761111111111113,-75.7352777777778,103.9,0
2618,-11.24722222222222,-75.85805555555555,103.9,0
2619,-17.644444444444442,-71.33333333333334,104.1,5000
2620,-13.975000000000001,-71.56361111111111,104.1,1500
2621,-13.633333333333335,-72.88333333333334,104.1,1000
2622,-5.2,-80.64444444444443,104.1,1000
2623,-9.477777777777776,-78.30000000000001,104.1,500
2624,-16.266666666666666,-72.46111111111111,104.1,500
2625,-11.416666666666666,-75.69444444444444,104.1,500
2626,-8.116666666666667,-79.04444444444444,104.1,500
2627,-13.666666666666668,-73.38333333333335,104.1,450
2628,-10.761111111111108,-77.77777777777776,104.1,300
2629,-5.11111111111111,-80.17777777777776,104.1,300
2630,-13.16111111111111,-74.22777777777777,104.1,250
2631,-6.6833333333333345,-78.54444444444442,104.1,250
2632,-7.616666666666667,-78.05,104.1,250
2633,-14.077777777777776,-75.74444444444444,104.1,250
2634,-9.294444444444444,-77.6111111111111,104.1,250
2635,-8.383333333333335,-74.54444444444442,104.1,250
2636,-9.51666666666667,-77.23333333333333,104.1,250
2637,-4.9,-80.69444444444444,104.1,250
2638,-6.210277777777779,-77.6688888888889,104.1,100
2639,-8.250000000000002,-78.0,104.1,100
2640,-11.500000000000002,-77.20000000000002,104.1,25
2641,-11.477777777777776,-76.61666666666667,104.1,0
2642,-5.2,-80.64444444444443,104.1,0
2643,-10.16111111111111,-77.19444444444444,104.1,0
2644,-5.90361111111111,-78.70305555555555,104.1,0
2645,-16.269444444444446,-69.1775,104.1,0
2646,-16.083333333333336,-69.63694444444444,104.1,0
2647,-11.100000000000001,-77.6111111111111,104.1,0
2648,-11.405555555555559,-69.4888888888889,104.1,0
2649,-12.877777777777776,-72.69333333333334,104.1,0
2650,-7.0,-78.85000000000001,104.1,0
2651,-6.944444444444444,-76.77111111111113,104.1,0
2652,-8.416666666666666,-76.38333333333335,104.1,0
2653,-10.488888888888887,-76.51611111111113,104.1,0
2654,-12.077777777777776,-75.23333333333333,104.3,3000
2655,-9.083333333333336,-78.6111111111111,104.3,2000
2656,-6.781944444444443,-79.87416666666667,104.3,1000
2657,-10.402777777777777,-77.39972222222224,104.3,850
2658,-15.811111111111112,-70.0175,104.3,500
2659,-12.76666666666667,-74.98333333333335,104.3,300
2660,-8.833333333333334,-77.46666666666667,104.3,250
2661,-17.986111111111114,-70.25722222222224,104.3,180
2662,-13.941666666666668,-72.18083333333333,104.3,100
2663,-16.411111111111108,-71.54444444444442,104.3,0
2664,-13.16111111111111,-74.22777777777777,104.3,0
2665,-16.683333333333334,-69.87777777777777,104.3,0
2666,-12.083333333333336,-77.0,104.3,0
2667,-13.727777777777776,-76.19444444444444,104.3,0
2668,-16.27222222222222,-69.2936111111111,104.3,0
2669,-5.764444444444443,-78.43333333333335,104.5,1500
2670,-9.533333333333333,-77.54444444444442,104.5,1000
2671,-15.500000000000002,-70.14444444444443,104.5,1000
2672,-14.372222222222222,-72.88833333333335,104.5,500
2673,-13.4,-72.05,104.5,500
2674,-9.927777777777777,-76.26166666666667,104.5,500
2675,-11.533333333333333,-75.90000000000002,104.5,500
2676,-6.389166666666667,-77.50333333333332,104.5,500
2677,-8.577777777777778,-77.61666666666667,104.5,500
2678,-9.334444444444445,-76.0013888888889,104.5,500
2679,-8.416666666666666,-78.75000000000001,104.5,500
2680,-7.066666666666666,-76.54444444444442,104.5,300
2681,-5.711111111111111,-78.80000000000001,104.5,300
2682,-13.71111111111111,-76.22777777777777,104.5,300
2683,-4.596666666666667,-81.29083333333335,104.5,300
2684,-9.800000000000002,-77.43694444444446,104.5,250
2685,-7.177777777777777,-78.51666666666667,104.5,250
2686,-16.61666666666667,-72.71666666666668,104.5,250
2687,-11.0,-75.25000000000001,104.5,250
2688,-7.223611111111112,-79.42361111111111,104.5,250
2689,-13.541666666666668,-72.6961111111111,104.5,250
2690,-10.077777777777776,-78.15000000000002,104.5,250
2691,-9.132777777777775,-77.01694444444443,104.5,250
2692,-9.039166666666667,-77.80444444444444,104.5,100
2693,-13.644444444444446,-73.08972222222222,104.5,100
2694,-13.605555555555556,-73.34388888888888,104.5,100
2695,-9.897222222222222,-76.9397222222222,104.5,50
2696,-13.16111111111111,-74.22777777777777,104.5,0
2697,-14.894444444444444,-70.59444444444442,104.5,0
2698,-13.62777777777778,-74.12805555555555,104.5,0
2699,-7.883333333333334,-79.22777777777777,104.5,0
2700,-6.55,-78.65,104.5,0
2701,-9.669999999999998,-75.4625,104.5,0
2702,-7.594444444444443,-78.09444444444443,104.5,0
2703,-8.06111111111111,-78.5111111111111,104.5,0
2704,-11.06111111111111,-75.32777777777777,104.5,0
2705,-11.86111111111111,-76.4111111111111,104.5,0
2706,-11.350000000000001,-74.56666666666668,104.5,0
2707,-10.744444444444444,-75.26888888888887,104.5,0
2708,-10.424999999999999,-76.4725,104.5,0
2709,-10.727777777777776,-75.28333333333333,104.5,0
2710,-16.26111111111111,-69.1,104.5,0
2711,-7.616666666666667,-78.05,104.6,0
2712,-12.180555555555555,-77.02527777777776,104.7,20000
2713,-13.51666666666667,-73.72388888888888,104.7,1000
2714,-17.644444444444442,-71.33333333333334,104.7,1000
2715,-6.511111111111111,-76.37777777777777,104.7,1000
2716,-4.8950000000000005,-80.68666666666665,104.7,500
2717,-6.227777777777778,-77.85000000000001,104.7,475
2718,-6.6833333333333345,-78.54444444444442,104.7,350
2719,-11.500000000000002,-77.20000000000002,104.7,300
2720,-9.083333333333336,-78.6111111111111,104.7,250
2721,-10.16111111111111,-77.19444444444444,104.7,250
2722,-11.100000000000001,-77.6111111111111,104.7,250
2723,-9.51666666666667,-77.88333333333334,104.7,200
2724,-18.16111111111111,-70.68500000000002,104.7,100
2725,-5.743055555555556,-77.90694444444446,104.7,100
2726,-11.916666666666668,-75.28333333333333,104.7,50
2727,-6.161111111111111,-79.71666666666668,104.7,50
2728,-5.37611111111111,-79.6061111111111,104.7,0
2729,-17.269444444444446,-70.25166666666667,104.7,0
2730,-15.76666666666667,-73.37777777777777,104.7,0
2731,-6.877777777777776,-78.15000000000002,104.7,0
2732,-16.083333333333336,-69.63694444444444,104.7,0
2733,-12.933333333333335,-74.25000000000001,104.7,0
2734,-6.711111111111111,-79.90000000000002,104.7,0
2735,-13.0,-74.71666666666668,104.7,0
2736,-8.116666666666667,-79.04444444444444,104.7,0
2737,-14.791666666666668,-71.41194444444444,104.7,0
2738,-16.411111111111108,-71.54444444444442,104.9,1000
2739,-10.444444444444443,-76.54444444444442,104.9,1000
2740,-14.31111111111111,-73.25000000000001,104.9,1000
2741,-7.400000000000001,-79.56666666666668,104.9,1000
2742,-5.2,-80.64444444444443,104.9,1000
2743,-13.633333333333335,-72.88333333333334,104.9,500
2744,-7.816666666666667,-78.05,104.9,500
2745,-13.975000000000001,-71.56361111111111,104.9,500
2746,-8.383333333333335,-74.54444444444442,104.9,500
2747,-3.5111111111111106,-80.27777777777777,104.9,500
2748,-16.227777777777774,-69.46111111111111,104.9,300
2749,-13.16111111111111,-74.22777777777777,104.9,250
2750,-10.761111111111108,-77.77777777777776,104.9,250
2751,-9.266666666666667,-77.64444444444443,104.9,250
2752,-9.477777777777776,-78.30000000000001,104.9,250
2753,-9.58888888888889,-77.17722222222224,104.9,250
2754,-14.833333333333334,-74.9611111111111,104.9,250
2755,-15.811111111111112,-70.01638888888888,104.9,250
2756,-11.416666666666666,-75.69444444444444,104.9,250
2757,-14.266666666666667,-71.23333333333333,104.9,100
2758,-6.082777777777777,-78.48277777777777,104.9,100
2759,-8.964722222222223,-77.36277777777778,104.9,50
2760,-8.933333333333335,-76.12777777777775,104.9,0
2761,-5.37611111111111,-79.6061111111111,104.9,0
2762,-16.56111111111111,-69.0388888888889,104.9,0
2763,-9.897222222222222,-76.9397222222222,104.9,0
2764,-11.744444444444444,-77.15000000000002,104.9,0
2765,-13.727777777777776,-76.19444444444444,104.9,0
2766,-5.9302777777777775,-79.22916666666667,104.9,0
2767,-9.51666666666667,-77.23333333333333,104.9,0
2768,-11.266666666666667,-74.69444444444444,104.9,0
2769,-9.083333333333336,-78.6111111111111,105.1,2500
2770,-6.7813888888888885,-79.87388888888887,105.1,1000
2771,-12.077777777777776,-75.23333333333333,105.1,1000
2772,-8.833333333333334,-77.46666666666667,105.1,1000
2773,-17.986111111111114,-70.25722222222224,105.1,1000
2774,-8.116666666666667,-79.04444444444444,105.1,1000
2775,-4.644444444444445,-79.71666666666668,105.1,500
2776,-9.916666666666668,-76.23333333333333,105.1,300
2777,-7.177777777777777,-78.51666666666667,105.1,250
2778,-13.386111111111111,-73.68972222222223,105.1,100
2779,-6.484444444444445,-77.81444444444446,105.1,100
2780,-11.86111111111111,-77.04444444444444,105.1,50
2781,-12.783333333333335,-76.56666666666668,105.1,0
2782,-14.472222222222223,-71.39527777777779,105.1,0
2783,-13.46111111111111,-76.14444444444443,105.1,0
2784,-16.083333333333336,-69.63694444444444,105.1,0
2785,-16.672222222222228,-70.97027777777778,105.1,0
2786,-17.419444444444448,-70.51250000000002,105.1,0
2787,-11.177777777777777,-76.01111111111109,105.1,0
2788,-12.019444444444444,-77.06972222222223,105.1,0
2789,-17.200000000000003,-70.93333333333334,105.1,0
2790,-17.01666666666667,-72.01666666666668,105.1,0
2791,-5.987222222222223,-79.74611111111109,105.1,0
2792,-12.61111111111111,-69.19444444444444,105.1,0
2793,-6.227777777777778,-77.85000000000001,105.3,1000
2794,-7.223611111111112,-79.42361111111111,105.3,1000
2795,-3.7500000000000004,-73.25000000000001,105.3,1000
2796,-16.61666666666667,-72.71666666666668,105.3,500
2797,-11.533333333333333,-75.90000000000002,105.3,500
2798,-17.200000000000003,-70.93333333333334,105.3,500
2799,-13.71111111111111,-76.22777777777777,105.3,500
2800,-13.477777777777776,-72.15000000000002,105.3,300
2801,-11.500000000000002,-77.20000000000002,105.3,300
2802,-9.31111111111111,-75.98333333333335,105.3,300
2803,-10.077777777777776,-78.15000000000002,105.3,250
2804,-9.522222222222222,-77.53583333333331,105.3,250
2805,-5.094444444444444,-81.12777777777775,105.3,250
2806,-10.933333333333335,-74.87777777777777,105.3,250
2807,-4.596666666666667,-81.29083333333335,105.3,250
2808,-4.9,-80.69444444444444,105.3,150
2809,-13.666666666666668,-73.38333333333335,105.3,100
2810,-11.100000000000001,-77.6111111111111,105.3,100
2811,-6.11111111111111,-78.46694444444447,105.3,100
2812,-13.605555555555556,-73.34388888888888,105.3,100
2813,-8.250000000000002,-78.0,105.3,100
2814,-9.725555555555554,-77.81972222222223,105.3,50
2815,-6.877777777777776,-78.15000000000002,105.3,0
2816,-5.11111111111111,-80.17777777777776,105.3,0
2817,-6.377777777777778,-78.82777777777775,105.3,0
2818,-14.077777777777776,-75.74444444444444,105.3,0
2819,-17.644444444444442,-71.33333333333334,105.3,0
2820,-15.500000000000002,-70.14444444444443,105.3,0
2821,-9.76666666666667,-76.80000000000001,105.3,0
2822,-15.727777777777776,-72.56666666666668,105.3,0
2823,-9.72638888888889,-77.46305555555554,105.3,0
2824,-7.333333333333334,-78.17777777777776,105.3,0
2825,-5.333611111111111,-79.42861111111112,105.3,0
2826,-16.500000000000004,-69.1,105.4,0
2827,-12.180555555555555,-77.02527777777776,105.5,5000
2828,-16.411111111111108,-71.54444444444442,105.5,1000
2829,-17.644444444444442,-71.33333333333334,105.5,1000
2830,-10.477777777777776,-76.54444444444442,105.5,1000
2831,-13.633333333333335,-72.88333333333334,105.5,500
2832,-13.51666666666667,-73.72388888888888,105.5,500
2833,-13.16111111111111,-74.22777777777777,105.5,300
2834,-14.833333333333334,-74.9611111111111,105.5,300
2835,-10.761111111111108,-77.77777777777776,105.5,250
2836,-9.477777777777776,-78.30000000000001,105.5,250
2837,-6.708611111111111,-77.80583333333334,105.5,250
2838,-9.133333333333333,-78.20000000000002,105.5,250
2839,-14.477777777777776,-70.64444444444443,105.5,250
2840,-9.566944444444443,-77.71694444444444,105.5,250
2841,-6.511111111111111,-76.37777777777777,105.5,150
2842,-5.974444444444444,-78.02999999999999,105.5,100
2843,-14.09166666666667,-72.10944444444445,105.5,100
2844,-8.994444444444444,-78.6111111111111,105.5,50
2845,-10.444444444444443,-76.54444444444442,105.5,0
2846,-14.783333333333335,-71.41666666666667,105.5,0
2847,-17.16666666666667,-71.80000000000001,105.5,0
2848,-11.24722222222222,-75.85805555555555,105.5,0
2849,-15.811111111111112,-70.0175,105.7,2000
2850,-8.16111111111111,-79.05,105.7,2000
2851,-13.666666666666668,-73.38333333333335,105.7,1000
2852,-16.808333333333337,-70.69472222222224,105.7,1000
2853,-13.511111111111111,-71.99583333333332,105.7,1000
2854,-12.077777777777776,-75.23333333333333,105.7,1000
2855,-5.2,-80.64444444444443,105.7,1000
2856,-5.941666666666666,-77.30555555555556,105.7,500
2857,-14.266666666666667,-71.23333333333333,105.7,300
2858,-9.16111111111111,-77.74444444444444,105.7,300
2859,-9.916666666666668,-76.23333333333333,105.7,250
2860,-7.400000000000001,-79.56666666666668,105.7,250
2861,-8.383333333333335,-74.54444444444442,105.7,250
2862,-6.123055555555556,-78.35055555555554,105.7,100
2863,-8.581944444444442,-77.89916666666669,105.7,100
2864,-15.811111111111112,-70.01638888888888,105.7,100
2865,-7.616666666666667,-78.05,105.7,0
2866,-7.177777777777777,-78.51666666666667,105.7,0
2867,-11.0,-75.25000000000001,105.7,0
2868,-6.7813888888888885,-79.87388888888887,105.7,0
2869,-13.46111111111111,-76.14444444444443,105.7,0
2870,-16.361111111111107,-72.19083333333334,105.7,0
2871,-13.727777777777776,-76.19444444444444,105.7,0
2872,-8.382777777777777,-74.54722222222223,105.7,0
2873,-12.61111111111111,-69.19444444444444,105.7,0
2874,-11.416666666666666,-75.69444444444444,105.7,0
2875,-17.988888888888887,-70.25944444444445,105.9,2000
2876,-6.227777777777778,-77.85000000000001,105.9,1000
2877,-9.083333333333336,-78.6111111111111,105.9,1000
2878,-11.500000000000002,-77.20000000000002,105.9,1000
2879,-14.077777777777776,-75.74444444444444,105.9,1000
2880,-8.833333333333334,-77.46666666666667,105.9,1000
2881,-8.596388888888887,-77.6538888888889,105.9,500
2882,-10.727777777777776,-75.28333333333333,105.9,500
2883,-6.55,-78.65,105.9,300
2884,-11.100000000000001,-77.6111111111111,105.9,300
2885,-3.7500000000000004,-73.25000000000001,105.9,300
2886,-4.533333333333334,-73.5611111111111,105.9,300
2887,-4.596666666666667,-81.29083333333335,105.9,300
2888,-14.533333333333333,-75.19444444444444,105.9,250
2889,-13.083333333333336,-76.4111111111111,105.9,250
2890,-9.51666666666667,-78.0,105.9,250
2891,-13.51666666666667,-73.72388888888888,105.9,50
2892,-9.399166666666664,-77.01055555555556,105.9,50
2893,-16.411111111111108,-71.54444444444442,105.9,0
2894,-12.783333333333335,-76.56666666666668,105.9,0
2895,-12.76666666666667,-74.98333333333335,105.9,0
2896,-16.73055555555555,-71.88361111111114,105.9,0
2897,-13.975000000000001,-71.56361111111111,105.9,0
2898,-6.869722222222221,-79.35083333333334,105.9,0
2899,-14.044444444444444,-71.56666666666668,105.9,0
2900,-9.16111111111111,-77.74444444444444,105.9,0
2901,-16.26111111111111,-69.1,105.9,0
2902,-15.730555555555558,-72.10805555555555,106.1,1000
2903,-9.522222222222222,-77.53583333333331,106.1,1000
2904,-13.633333333333335,-72.88333333333334,106.1,500
2905,-10.761111111111108,-77.77777777777776,106.1,500
2906,-13.172222222222222,-74.22138888888888,106.1,500
2907,-15.500000000000002,-70.14444444444443,106.1,500
2908,-9.039166666666667,-77.80444444444444,106.1,300
2909,-10.444444444444443,-76.54444444444442,106.1,250
2910,-7.333333333333334,-78.17777777777776,106.1,250
2911,-4.594444444444443,-77.90000000000002,106.1,250
2912,-9.800000000000002,-77.43333333333335,106.1,150
2913,-8.494444444444442,-74.80000000000001,106.1,100
2914,-17.200000000000003,-70.93333333333334,106.1,100
2915,-13.605555555555556,-73.34388888888888,106.1,100
2916,-6.082777777777777,-78.48277777777777,106.1,100
2917,-13.16111111111111,-74.22777777777777,106.1,0
2918,-6.877777777777776,-78.15000000000002,106.1,0
2919,-10.16111111111111,-77.19444444444444,106.1,0
2920,-14.783333333333335,-71.41666666666667,106.1,0
2921,-5.400000000000001,-80.75000000000001,106.1,0
2922,-12.019444444444444,-77.06972222222223,106.1,0
2923,-11.988888888888889,-70.59,106.1,0
2924,-6.050000000000001,-76.97777777777777,106.1,0
2925,-8.250000000000002,-78.0,106.1,0
2926,-8.276666666666669,-77.29638888888888,106.1,0
2927,-8.294444444444444,-77.30000000000001,106.1,0
2928,-13.31111111111111,-72.12777777777775,106.1,0
2929,-12.180555555555555,-77.02527777777776,106.3,25000
2930,-6.781944444444443,-79.87416666666667,106.3,5000
2931,-16.411111111111108,-71.54444444444442,106.3,1000
2932,-12.077777777777776,-75.23333333333333,106.3,1000
2933,-16.377777777777776,-71.33333333333334,106.3,1000
2934,-14.266666666666667,-71.23333333333333,106.3,1000
2935,-6.511111111111111,-76.37777777777777,106.3,1000
2936,-3.577777777777777,-80.43333333333335,106.3,1000
2937,-13.51666666666667,-73.72388888888888,106.3,500
2938,-9.916666666666668,-76.23333333333333,106.3,500
2939,-9.477777777777776,-78.30000000000001,106.3,300
2940,-7.177777777777777,-78.51666666666667,106.3,250
2941,-9.133333333333333,-78.20000000000002,106.3,250
2942,-13.0,-74.71666666666668,106.3,150
2943,-14.09166666666667,-72.10944444444445,106.3,100
2944,-14.894444444444444,-70.59444444444442,106.3,0
2945,-13.46111111111111,-76.14444444444443,106.3,0
2946,-13.594444444444443,-74.36111111111109,106.3,0
2947,-14.113888888888887,-72.71499999999999,106.3,0
2948,-17.644444444444442,-71.33333333333334,106.3,0
2949,-17.613888888888887,-70.76305555555557,106.3,0
2950,-15.216666666666669,-75.12777777777775,106.3,0
2951,-12.519444444444446,-73.82805555555557,106.3,0
2952,-11.133333333333333,-75.33333333333334,106.3,0
2953,-15.811111111111112,-70.0175,106.5,2000
2954,-5.764444444444443,-78.43333333333335,106.5,1000
2955,-14.31111111111111,-73.25000000000001,106.5,1000
2956,-5.2,-80.64444444444443,106.5,1000
2957,-8.383333333333335,-74.54444444444442,106.5,1000
2958,-13.083333333333336,-76.4111111111111,106.5,1000
2959,-8.116666666666667,-79.04444444444444,106.5,1000
2960,-13.666666666666668,-73.38333333333335,106.5,500
2961,-6.227777777777778,-77.85000000000001,106.5,500
2962,-14.077777777777776,-75.74444444444444,106.5,500
2963,-13.511111111111111,-71.99583333333332,106.5,250
2964,-3.7500000000000004,-73.25000000000001,106.5,250
2965,-11.416666666666666,-75.69444444444444,106.5,250
2966,-7.616666666666667,-78.05,106.5,150
2967,-11.500000000000002,-77.20000000000002,106.5,150
2968,-9.266666666666667,-77.64444444444443,106.5,100
2969,-16.266666666666666,-72.46111111111111,106.5,100
2970,-9.72638888888889,-77.46305555555554,106.5,100
2971,-8.933333333333335,-76.12777777777775,106.5,0
2972,-13.16111111111111,-74.22777777777777,106.5,0
2973,-6.6833333333333345,-78.54444444444442,106.5,0
2974,-16.61666666666667,-72.71666666666668,106.5,0
2975,-6.55,-78.65,106.5,0
2976,-7.816666666666667,-78.05,106.5,0
2977,-11.325,-74.53583333333331,106.5,0
2978,-10.594444444444443,-75.40388888888889,106.5,0
2979,-4.9,-80.69444444444444,106.5,0
2980,-14.950000000000001,-70.4111111111111,106.5,0
2981,-8.577777777777778,-77.61666666666667,106.7,500
2982,-13.633333333333335,-72.88333333333334,106.7,250
2983,-9.533333333333333,-77.54444444444442,106.7,250
2984,-15.500000000000002,-70.14444444444443,106.7,250
2985,-9.51666666666667,-78.0,106.7,250
2986,-6.708611111111111,-77.80583333333334,106.7,150
2987,-10.077777777777776,-78.15000000000002,106.7,100
2988,-9.328888888888889,-78.04111111111112,106.7,100
2989,-16.411111111111108,-71.54444444444442,106.7,0
2990,-10.761111111111108,-77.77777777777776,106.7,0
2991,-13.083333333333336,-76.38333333333335,106.7,0
2992,-9.083333333333336,-78.6111111111111,106.7,0
2993,-6.637777777777776,-79.40583333333332,106.7,0
2994,-6.377777777777778,-78.82777777777775,106.7,0
2995,-14.783333333333335,-71.41666666666667,106.7,0
2996,-12.76666666666667,-74.98333333333335,106.7,0
2997,-11.533333333333333,-75.90000000000002,106.7,0
2998,-12.019444444444444,-77.06972222222223,106.7,0
2999,-12.083333333333336,-77.0,106.7,0
3000,-10.650000000000002,-76.25472222222224,106.7,0
3001,-12.877777777777776,-72.69333333333334,106.7,0
3002,-17.986111111111114,-70.25722222222224,106.7,0
3003,-6.7813888888888885,-79.87388888888887,106.9,2000
3004,-6.050000000000001,-76.97777777777777,106.9,2000
3005,-14.372222222222222,-72.88833333333335,106.9,1000
3006,-7.177777777777777,-78.51666666666667,106.9,1000
3007,-10.16111111111111,-77.19444444444444,106.9,1000
3008,-3.577777777777777,-80.43333333333335,106.9,1000
3009,-17.663888888888888,-71.34861111111111,106.9,500
3010,-17.200000000000003,-70.93333333333334,106.9,500
3011,-14.266666666666667,-71.23333333333333,106.9,500
3012,-5.688611111111112,-78.82833333333335,106.9,300
3013,-13.477777777777776,-72.15000000000002,106.9,250
3014,-6.416666666666667,-76.54444444444442,106.9,250
3015,-14.222222222222221,-72.19472222222221,106.9,100
3016,-5.333333333333334,-80.74444444444444,106.9,100
3017,-9.834166666666665,-77.43805555555558,106.9,100
3018,-8.416666666666666,-78.75000000000001,106.9,100
3019,-11.0,-75.25000000000001,106.9,0
3020,-13.46111111111111,-76.14444444444443,106.9,0
3021,-6.644444444444445,-79.79444444444444,106.9,0
3022,-9.916666666666668,-76.23333333333333,106.9,0
3023,-17.0,-72.1,106.9,0
3024,-7.1833333333333345,-76.75000000000001,106.9,0
3025,-6.711111111111111,-79.90000000000002,106.9,0
3026,-17.01666666666667,-72.01666666666668,106.9,0
3027,-14.833333333333334,-74.9611111111111,106.9,0
3028,-10.933333333333335,-74.87777777777777,106.9,0
3029,-12.61111111111111,-69.19444444444444,106.9,0
3030,-5.050000000000001,-73.83333333333333,106.9,0
3031,-17.01666666666667,-72.01305555555555,106.9,0
3032,-12.180555555555555,-77.02527777777776,107.1,20000
3033,-16.411111111111108,-71.54444444444442,107.1,1000
3034,-6.227777777777778,-77.85000000000001,107.1,1000
3035,-3.7500000000000004,-73.25000000000001,107.1,1000
3036,-5.2,-80.64444444444443,107.1,1000
3037,-8.383333333333335,-74.54444444444442,107.1,1000
3038,-15.811111111111112,-70.01638888888888,107.1,1000
3039,-13.51666666666667,-73.72388888888888,107.1,500
3040,-9.477777777777776,-78.30000000000001,107.1,250
3041,-12.077777777777776,-75.23333333333333,107.1,250
3042,-14.077777777777776,-75.74444444444444,107.1,250
3043,-9.566944444444443,-77.71694444444444,107.1,250
3044,-14.09166666666667,-72.10944444444445,107.1,100
3045,-14.07777777777778,-73.59361111111112,107.1,100
3046,-11.88888888888889,-77.09333333333333,107.1,20
3047,-17.28333333333334,-70.36361111111111,107.1,0
3048,-17.036111111111115,-70.70472222222223,107.1,0
3049,-12.077777777777776,-75.22777777777777,107.1,0
3050,-11.100000000000001,-77.6111111111111,107.1,0
3051,-8.382777777777777,-74.54722222222223,107.1,0
3052,-5.401666666666666,-79.6061111111111,107.1,0
3053,-6.911944444444444,-78.25388888888888,107.1,0
3054,-8.116666666666667,-79.04444444444444,107.1,0
3055,-8.416666666666666,-76.38333333333335,107.1,0
3056,-9.083333333333336,-78.6111111111111,107.3,2000
3057,-5.757222222222223,-78.4452777777778,107.3,1300
3058,-9.477499999999997,-77.5213888888889,107.3,1000
3059,-9.522222222222222,-77.53583333333331,107.3,750
3060,-15.500000000000002,-70.14444444444443,107.3,500
3061,-6.927777777777777,-76.33333333333334,107.3,500
3062,-3.5111111111111106,-80.27777777777777,107.3,470
3063,-13.633333333333335,-72.88333333333334,107.3,250
3064,-13.666666666666668,-73.38333333333335,107.3,250
3065,-7.382222222222222,-79.55277777777778,107.3,250
3066,-10.666666666666668,-77.83333333333333,107.3,250
3067,-11.266666666666667,-74.69444444444444,107.3,250
3068,-9.897222222222222,-76.9397222222222,107.3,100
3069,-10.133333333333333,-76.20000000000002,107.3,0
3070,-7.483333333333333,-78.82777777777775,107.3,0
3071,-10.677777777777777,-76.26027777777777,107.3,0
3072,-7.816666666666667,-78.05,107.3,0
3073,-4.662222222222223,-80.24055555555556,107.3,0
3074,-6.161111111111111,-79.71666666666668,107.3,0
3075,-7.400000000000001,-79.56666666666668,107.3,0
3076,-5.56111111111111,-80.82777777777775,107.3,0
3077,-9.950000000000001,-75.86638888888889,107.3,0
3078,-6.92138888888889,-79.59805555555555,107.3,0
3079,-4.683611111111111,-80.7486111111111,107.4,0
3080,-4.616666666666667,-80.7,107.5,1000
3081,-8.116666666666667,-79.04444444444444,107.5,1000
3082,-11.774999999999999,-75.5111111111111,107.5,500
3083,-17.986111111111114,-70.25722222222224,107.5,500
3084,-10.077777777777776,-78.15000000000002,107.5,300
3085,-4.9,-80.69444444444444,107.5,300
3086,-5.941666666666666,-77.30555555555556,107.5,250
3087,-8.833333333333334,-77.46666666666667,107.5,250
3088,-6.511111111111111,-76.37777777777777,107.5,250
3089,-6.6833333333333345,-78.54444444444442,107.5,0
3090,-15.633333333333335,-71.6111111111111,107.5,0
3091,-12.76666666666667,-74.98333333333335,107.5,0
3092,-17.01666666666667,-72.01666666666668,107.5,0
3093,-5.094444444444444,-81.12777777777775,107.5,0
3094,-10.966666666666667,-75.22777777777777,107.5,0
3095,-5.146388888888889,-79.0027777777778,107.5,0
3096,-12.180555555555555,-77.02527777777776,107.7,25000
3097,-8.383333333333335,-74.54444444444442,107.7,2000
3098,-17.644444444444442,-71.33333333333334,107.7,1500
3099,-16.411111111111108,-71.54444444444442,107.7,1000
3100,-6.7813888888888885,-79.87388888888887,107.7,1000
3101,-3.6444444444444444,-80.43333333333335,107.7,1000
3102,-3.577777777777777,-80.43333333333335,107.7,1000
3103,-14.372222222222222,-72.88833333333335,107.7,710
3104,-7.166944444444446,-78.4952777777778,107.7,500
3105,-9.266666666666667,-77.64444444444443,107.7,500
3106,-9.477777777777776,-78.30000000000001,107.7,500
3107,-9.927777777777777,-76.26166666666667,107.7,500
3108,-11.077777777777776,-77.6111111111111,107.7,500
3109,-13.997222222222224,-75.78916666666666,107.7,500
3110,-13.975000000000001,-71.56361111111111,107.7,500
3111,-17.200000000000003,-70.93333333333334,107.7,500
3112,-15.216666666666669,-75.12777777777775,107.7,300
3113,-9.800000000000002,-77.43694444444446,107.7,250
3114,-9.266666666666667,-77.12777777777775,107.7,250
3115,-13.541666666666668,-72.6961111111111,107.7,250
3116,-9.16111111111111,-77.74444444444444,107.7,250
3117,-13.31111111111111,-72.12777777777775,107.7,150
3118,-9.090833333333332,-77.3272222222222,107.7,60
3119,-9.725555555555554,-77.81972222222223,107.7,50
3120,-7.616666666666667,-78.05,107.7,0
3121,-16.61666666666667,-72.71666666666668,107.7,0
3122,-8.11277777777778,-78.6075,107.7,0
3123,-6.227777777777778,-77.85000000000001,107.7,0
3124,-7.794444444444443,-79.22777777777777,107.7,0
3125,-12.61111111111111,-69.19444444444444,107.7,0
3126,-15.811111111111112,-70.01638888888888,107.7,0
3127,-18.005555555555553,-70.2461111111111,107.7,0
3128,-11.430555555555557,-74.4888888888889,107.7,0
3129,-11.427777777777775,-74.49027777777779,107.7,0
3130,-16.26111111111111,-69.1,107.7,0
3131,-5.2,-80.64444444444443,107.9,2000
3132,-5.2,-80.64444444444443,107.9,1000
3133,-13.633333333333335,-72.88333333333334,107.9,500
3134,-15.500000000000002,-70.14444444444443,107.9,500
3135,-9.083333333333336,-78.6111111111111,107.9,250
3136,-13.16111111111111,-74.22777777777777,107.9,0
3137,-13.16111111111111,-74.22777777777777,107.9,0
3138,-7.754444444444444,-78.77916666666667,107.9,0
3139,-11.994444444444444,-76.77777777777776,107.9,0
3140,-13.727777777777776,-76.19444444444444,107.9,0
3141,-6.711111111111111,-79.90000000000002,108.0,0
