1 40930U 15052A   16001.29564334 -.00000311  00000+0 -13367-3 0  9992
2 40930   5.9966  72.2329 0013757 263.9420  95.9049 14.76219521 14084
1 40930U 15052A   16001.29564334  .00000490  00000+0 -20853-4 0  9998
2 40930   5.9971  72.2245 0013797 263.6449  96.2107 14.76221001 14084
1 40930U 15052A   16002.10638059  .00001756  00000+0  15741-3 0  9999
2 40930   5.9989  66.4667 0013454 273.6969  86.1789 14.76225452 14206
1 40930U 15052A   16002.98467081  .00001060  00000+0  59438-4 0  9990
2 40930   6.0055  60.1384 0013304 284.9112  75.0289 14.76224937 14331
1 40930U 15052A   16003.99807451  .00001087  00000+0  63345-4 0  9992
2 40930   6.0030  52.9499 0013116 299.9062  59.9584 14.76225890 14485
1 40930U 15052A   16005.48442533  .00000979  00000+0  48117-4 0  9993
2 40930   6.0019  42.3953 0013180 320.1381  39.7572 14.76226049 14707
1 40930U 15052A   16005.48442922  .00000979  00000+0  48116-4 0  9994
2 40930   6.0019  42.3952 0013180 320.1382  39.7778 14.76226049 14705
1 40930U 15052A   16006.09248129  .00000979  00000+0  48116-4 0  9995
2 40930   6.0019  38.0721 0013180 328.7186  31.2158 14.76226467 14799
1 40930U 15052A   16006.16004264  .00001033  00000+0  55701-4 0  9993
2 40930   6.0005  37.5956 0013213 329.0284  30.9111 14.76227242 14807
1 40930U 15052A   16006.56540082  .00000971  00000+0  47017-4 0  9991
2 40930   5.9980  34.6664 0012854 332.8520  27.0860 14.76226786 14862
1 40930U 15052A   16006.70052343  .00000971  00000+0  47022-4 0  9991
2 40930   5.9973  33.6996 0012864 334.6915  25.2569 14.76226878 14880
1 40930U 15052A   16006.70052344  .00000972  00000+0  47191-4 0  9990
2 40930   5.9972  33.6985 0012864 334.5732  25.3764 14.76226899 14884
1 40930U 15052A   16006.70052369  .00000971  00000+0  47022-4 0  9999
2 40930   5.9973  33.6995 0012864 334.6915  25.2583 14.76226878 14885
1 40930U 15052A   16007.10589176  .00001003  00000+0  51465-4 0  9998
2 40930   5.9951  30.8033 0012837 339.3519  20.6275 14.76227526 14940
1 40930U 15052A   16007.17344960  .00001003  00000+0  51526-4 0  9993
2 40930   5.9947  30.3111 0012866 340.0297  19.9453 14.76227600 14954
1 40930U 15052A   16007.30856988  .00000993  00000+0  50155-4 0  9990
2 40930   5.9951  29.3416 0012799 342.2498  17.7259 14.76227595 14972
1 40930U 15052A   16007.37612977  .00001029  00000+0  55200-4 0  9992
2 40930   5.9958  28.8515 0012730 343.4608  16.5198 14.76227897 14989
1 40930U 15052A   16008.38954769  .00001034  00000+0  55958-4 0  9998
2 40930   5.9960  21.6450 0012698 357.8294   2.1796 14.76228743 15138
1 40930U 15052A   16008.93003762  .00001053  00000+0  58562-4 0  9992
2 40930   5.9957  17.8030 0012677   5.5537 354.4727 14.76229259 15218
1 40930U 15052A   16008.99759897  .00000962  00000+0  45681-4 0  9991
2 40930   5.9956  17.3174 0012732   5.8143 354.2128 14.76228335 15227
1 40930U 15052A   16009.33540242  .00001012  00000+0  52795-4 0  9993
2 40930   5.9961  14.8920 0012571  11.5063 348.5454 14.76229114 15279
1 40930U 15052A   16009.67320466  .00001035  00000+0  56097-4 0  9998
2 40930   5.9985  12.4754 0012246  16.8580 343.2038 14.76229806 15329
1 40930U 15052A   16010.07857018  .00001037  00000+0  56424-4 0  9998
2 40930   5.9985   9.5931 0012233  22.5558 337.5107 14.76230153 15384
1 40930U 15052A   16010.95686503  .00001063  00000+0  60008-4 0  9996
2 40930   5.9984   3.3511 0012238  34.8301 325.2617 14.76231061 15510
1 40930U 15052A   16011.15954846  .00001054  00000+0  58798-4 0  9990
2 40930   5.9975   1.9083 0012262  38.0254 322.0729 14.76231039 15545
1 40930U 15052A   16012.10540304  .00001006  00000+0  51976-4 0  9994
2 40930   5.9984 355.1817 0012184  51.0700 309.0537 14.76231576 15681
1 40930U 15052A   16012.24052453  .00000995  00000+0  50424-4 0  9995
2 40930   5.9984 354.2209 0012174  53.0119 307.1113 14.76231547 15701
1 40930U 15052A   16013.32149914  .00001031  00000+0  55542-4 0  9992
2 40930   5.9984 346.5345 0012152  68.3362 291.8089 14.76232644 15868
1 40930U 15052A   16014.26734918  .00001020  00000+0  53910-4 0  9995
2 40930   5.9986 339.8090 0012144  81.7325 278.4168 14.76233232 16001
1 40930U 15052A   16014.60515276  .00001068  00000+0  60780-4 0  9992
2 40930   5.9987 337.4081 0012105  86.7070 273.4469 14.76233938 16052
1 40930U 15052A   16015.34831797  .00001096  00000+0  64718-4 0  9999
2 40930   5.9983 332.1261 0012089  97.2347 262.9151 14.76234948 16160
1 40930U 15052A   16016.15904335  .00001099  00000+0  65053-4 0  9994
2 40930   5.9987 326.3591 0012093 108.7119 251.4350 14.76235720 16281
1 40930U 15052A   16016.29416355  .00001098  00000+0  64970-4 0  9995
2 40930   5.9988 325.3984 0012091 110.6208 249.5217 14.76235836 16307
1 40930U 15052A   16017.17244748  .00001094  00000+0  64409-4 0  9991
2 40930   5.9992 319.1501 0012070 123.0471 237.0851 14.76236595 16438
1 40930U 15052A   16017.30756731  .00001118  00000+0  67738-4 0  9991
2 40930   5.9989 318.1874 0012074 125.1182 235.0134 14.76237031 16452
1 40930U 15052A   16017.98316795  .00001155  00000+0  73041-4 0  9992
2 40930   5.9981 313.3601 0011945 134.8591 225.2781 14.76238055 16553
1 40930U 15052A   16018.32096405  .00001130  00000+0  69422-4 0  9995
2 40930   5.9976 310.9559 0011936 139.6961 220.4089 14.76238074 16601
1 40930U 15052A   16019.19924308  .00001114  00000+0  67227-4 0  9996
2 40930   5.9976 304.7069 0011941 152.1547 207.9209 14.76238739 16730
1 40930U 15052A   16020.07752285  .00001048  00000+0  57968-4 0  9995
2 40930   5.9972 298.4467 0011491 167.9591 192.0956 14.76238742 16861
1 40930U 15052A   16020.14508012  .00001024  00000+0  54529-4 0  9994
2 40930   5.9974 297.9598 0011520 168.9468 191.0951 14.76238495 16879
1 40930U 15052A   16021.09091892  .00000950  00000+0  44090-4 0  9991
2 40930   5.9989 291.1615 0011714 183.5077 176.5650 14.76238460 17018
1 40930U 15052A   16021.15846006  .00000376  00000+0  52832-4 0  9998
2 40930   5.9962 290.6023 0012336 186.6165 173.4294 14.76238854 17027
1 40930U 15052A   16021.15846610  .00000941  00000+0  42822-4 0  9995
2 40930   5.9985 290.6838 0011686 184.8656 175.1326 14.76238360 17025
1 40930U 15052A   16021.63138656  .00000943  00000+0  43139-4 0  9996
2 40930   5.9988 287.3273 0011719 191.2837 168.6975 14.76238717 17094
1 40930U 15052A   16022.17186733  .00000944  00000+0  43251-4 0  9991
2 40930   5.9988 283.4846 0011722 198.8948 161.0744 14.76239057 17175
1 40930U 15052A   16022.30698727  .00000948  00000+0  43887-4 0  9996
2 40930   5.9980 282.5183 0011717 200.7735 159.1974 14.76239177 17190
1 40930U 15052A   16023.52306582  .00000977  00000+0  47927-4 0  9997
2 40930   5.9967 273.8490 0011928 218.0456 141.9114 14.76240310 17371
1 40930U 15052A   16024.06353690  .00001038  00000+0  56479-4 0  9990
2 40930   5.9963 269.9984 0012112 224.8359 135.0794 14.76241566 17455
1 40930U 15052A   16024.67157642  .00001096  00000+0  64593-4 0  9996
2 40930   5.9965 265.6735 0012134 234.1601 125.7486 14.76242787 17542
1 40930U 15052A   16025.00937452  .00001067  00000+0  60545-4 0  9990
2 40930   5.9964 263.2673 0012182 238.9558 120.9395 14.76242778 17593
1 40930U 15052A   16026.15789391  .00001098  00000+0  64931-4 0  9991
2 40930   5.9962 255.0963 0012170 254.7653 105.1125 14.76243716 17769
1 40930U 15052A   16027.03617481  .00001091  00000+0  63986-4 0  9991
2 40930   5.9958 248.8441 0012226 267.1695  92.7123 14.76244504 17890
1 40930U 15052A   16027.23885342  .00001082  00000+0  62613-4 0  9992
2 40930   5.9953 247.3979 0012215 269.6928  90.1838 14.76244539 17926
1 40930U 15052A   16028.11713453  .00001066  00000+0  60386-4 0  9990
2 40930   5.9942 241.1484 0012298 282.1268  77.7524 14.76245109 18057
1 40930U 15052A   16028.59005510  .00001055  00000+0  58870-4 0  9993
2 40930   5.9939 237.7798 0012375 288.8554  71.0302 14.76245433 18128
1 40930U 15052A   16028.59005511  .00001055  00000+0  58870-4 0  9994
2 40930   5.9939 237.7798 0012375 288.8554  71.0302 14.76245433 18128
1 40930U 15052A   16029.13053564  .00000928  00000+0  41022-4 0  9995
2 40930   5.9905 233.9012 0012278 295.9746  63.9324 14.76244307 18204
1 40930U 15052A   16029.67101440  .00000986  00000+0  49165-4 0  9991
2 40930   5.9908 230.0600 0012306 303.3412  56.5594 14.76245325 18280
1 40930U 15052A   16030.14393564  .00000989  00000+0  49500-4 0  9991
2 40930   5.9904 226.6933 0012330 310.0757  49.8335 14.76245678 18357
1 40930U 15052A   16031.02221947  .00001027  00000+0  54829-4 0  9998
2 40930   5.9904 220.4400 0012455 322.0803  37.8588 14.76246727 18488
1 40930U 15052A   16032.03562243  .00000862  00000+0  31602-4 0  9997
2 40930   5.9899 213.1789 0013069 336.1552  23.8429 14.76245812 18639
1 40930U 15052A   16033.18414209  .00000815  00000+0  24953-4 0  9991
2 40930   5.9901 204.9885 0013111 352.1121   7.9028 14.76245921 18804
1 40930U 15052A   16034.12998488  .00000828  00000+0  26749-4 0  9991
2 40930   5.9896 198.2529 0013122   5.2039 354.8373 14.76246503 18942
1 40930U 15052A   16035.14338909  .00000932  00000+0  41369-4 0  9991
2 40930   5.9895 191.0089 0013376  19.3092 340.8040 14.76248128 19097
1 40930U 15052A   16035.81896863  .00000978  00000+0  47988-4 0  9996
2 40930   5.9929 186.1273 0012901  27.6398 332.4600 14.76249443 19190
1 40930U 15052A   16036.22432679  .00000979  00000+0  48151-4 0  9997
2 40930   5.9932 183.2520 0012693  33.4877 326.6008 14.76249789 19259
1 40930U 15052A   16037.10261029  .00000896  00000+0  36482-4 0  9996
2 40930   5.9934 177.0003 0012447  45.2261 314.8952 14.76249631 19380
1 40930U 15052A   16038.04844412  .00001004  00000+0  51660-4 0  9990
2 40930   5.9924 170.2329 0012669  58.3321 301.8127 14.76251079 19528
1 40930U 15052A   16038.04845087  .00001006  00000+0  51981-4 0  9997
2 40930   5.9926 170.2436 0012560  58.3635 301.8077 14.76251140 19520
1 40930U 15052A   16038.99428231  .00001028  00000+0  54947-4 0  9998
2 40930   5.9912 163.5011 0012496  71.5165 288.6435 14.76252001 19664
1 40930U 15052A   16040.27791213  .00001214  00000+0  81259-4 0  9998
2 40930   5.9909 154.3742 0011959  90.1196 270.0385 14.76255297 19853
1 40930U 15052A   16041.15618466  .00001221  00000+0  82245-4 0  9998
2 40930   5.9904 148.1200 0011862 102.5890 257.5674 14.76256328 19981
1 40930U 15052A   16042.10201425  .00001195  00000+0  78612-4 0  9990
2 40930   5.9914 141.4072 0011692 116.2332 243.8892 14.76257208 20125
1 40930U 15052A   16043.11540531  .00001212  00000+0  80965-4 0  9990
2 40930   5.9916 134.1989 0011696 130.4783 229.6422 14.76258584 20270
1 40930U 15052A   16044.12879120  .00001325  00000+0  96855-4 0  9991
2 40930   5.9911 126.9858 0011653 145.1906 214.9157 14.76260922 20420
1 40930U 15052A   16045.00705293  .00001332  00000+0  97867-4 0  9990
2 40930   5.9908 120.7324 0011679 157.6666 202.3979 14.76262198 20559
1 40930U 15052A   16045.34484726  .00001363  00000+0  10224-3 0  9997
2 40930   5.9904 118.3256 0011603 162.5217 197.5412 14.76263078 20607
1 40930U 15052A   16045.75019840  .00001420  00000+0  11026-3 0  9998
2 40930   5.9893 115.4252 0011651 169.6290 190.4294 14.76264134 20660
1 40930U 15052A   16046.02042950  .00001402  00000+0  10765-3 0  9996
2 40930   5.9888 113.4928 0011621 174.1177 185.9168 14.76264210 20703
1 40930U 15052A   16047.10136800  .00001302  00000+0  93710-4 0  9995
2 40930   6.0017 105.7352 0011411 190.9435 169.1139 14.76265066 20863
1 40930U 15052A   16048.11473633  .00001404  00000+0  10796-3 0  9990
2 40930   6.0031  98.5385 0011685 206.1951 153.7574 14.76267413 21018
1 40930U 15052A   16048.18229525  .00001384  00000+0  10524-3 0  9992
2 40930   6.0022  98.0467 0011347 207.0869 152.8778 14.76267311 21021
1 40930U 15052A   16049.12811502  .00001333  00000+0  98030-4 0  9992
2 40930   6.0018  91.3172 0011365 220.6367 139.2920 14.76268176 21162
1 40930U 15052A   16050.54684667  .00001302  00000+0  93616-4 0  9991
2 40930   6.0002  81.2099 0011490 241.8286 118.0808 14.76269908 21372
1 40930U 15052A   16051.08731441  .00001286  00000+0  91315-4 0  9999
2 40930   6.0009  77.3830 0011935 248.9552 110.9128 14.76270463 21459
1 40930U 15052A   16051.15487639  .00001285  00000+0  91184-4 0  9997
2 40930   5.9997  76.8900 0011716 250.4060 109.4931 14.76270533 21468
1 40930U 15052A   16051.76290313  .00001308  00000+0  94392-4 0  9995
2 40930   6.0006  72.5592 0011798 258.5971 101.2911 14.76271499 21551
1 40930U 15052A   16052.43848973  .00001208  00000+0  80339-4 0  9996
2 40930   6.0021  67.7391 0011907 267.3328  92.5501 14.76271263 21654
1 40930U 15052A   16052.97895962  .00001205  00000+0  79960-4 0  9990
2 40930   6.0023  63.8986 0011963 274.9840  84.8897 14.76271848 21738
1 40930U 15052A   16054.12746192  .00001191  00000+0  78050-4 0  9992
2 40930   6.0021  55.7261 0011919 291.1887  68.7023 14.76273024 21904
1 40930U 15052A   16055.14084567  .00001185  00000+0  77141-4 0  9999
2 40930   6.0020  48.5092 0011863 305.4957  54.4189 14.76274162 22056
1 40930U 15052A   16055.68131543  .00001157  00000+0  73172-4 0  9994
2 40930   5.9999  44.6425 0012222 312.5912  47.3412 14.76274472 22139
1 40930U 15052A   16056.15422449  .00001140  00000+0  70800-4 0  9992
2 40930   6.0005  41.2751 0012273 319.0020  40.9227 14.76274814 22203
1 40930U 15052A   16056.49201900  .00001062  00000+0  59761-4 0  9992
2 40930   5.9965  38.8555 0012581 322.7133  37.2230 14.76274211 22257
1 40930U 15052A   16057.37028551  .00001052  00000+0  58335-4 0  9994
2 40930   5.9962  32.6313 0012430 334.5093  25.4219 14.76274807 22388
1 40930U 15052A   16058.24855795  .00001078  00000+0  61988-4 0  9995
2 40930   5.9956  26.3950 0012186 346.6499  13.3281 14.76275887 22519
1 40930U 15052A   16058.65391299  .00000903  00000+0  37465-4 0  9993
2 40930   5.9952  23.4833 0012319 351.5674   8.4343 14.76274143 22575
1 40930U 15052A   16058.99170711  .00000959  00000+0  45287-4 0  9996
2 40930   5.9943  21.1040 0012087 354.9884   5.0000 14.76274954 22621
1 40930U 15052A   16059.66730077  .00000984  00000+0  48867-4 0  9993
2 40930   5.9954  16.2773 0012191   4.7265 355.3202 14.76275608 22723
1 40930U 15052A   16060.00509212  .00001030  00000+0  55242-4 0  9996
2 40930   5.9951  13.8739 0012263   9.1024 350.9399 14.76276411 22773
1 40930U 15052A   16060.74823816  .00001039  00000+0  56601-4 0  9995
2 40930   5.9942   8.5783 0012357  19.2866 340.7753 14.76277184 22884
1 40930U 15052A   16061.08603278  .00000979  00000+0  48058-4 0  9990
2 40930   5.9952   6.1632 0012170  23.5408 336.5363 14.76276701 22935
1 40930U 15052A   16061.28870821  .00000976  00000+0  47764-4 0  9992
2 40930   5.9957   4.7316 0012063  26.0185 334.0466 14.76276799 22961
1 40930U 15052A   16062.23453547  .00001063  00000+0  59947-4 0  9994
2 40930   5.9959 357.9852 0011851  38.8688 321.2560 14.76278184 23104
1 40930U 15052A   16062.43720708  .00001107  00000+0  66165-4 0  9991
2 40930   5.9957 356.5361 0011692  41.8171 318.2975 14.76278820 23132
1 40930U 15052A   16063.24791037  .00001077  00000+0  62017-4 0  9992
2 40930   5.9962 350.7758 0011608  53.2838 306.8349 14.76279589 23252
1 40930U 15052A   16063.38302798  .00001152  00000+0  72504-4 0  9995
2 40930   5.9958 349.8038 0011545  55.2044 304.9301 14.76280197 23274
1 40930U 15052A   16064.05861218  .00001148  00000+0  71947-4 0  9992
2 40930   5.9960 344.9894 0011573  64.7602 295.3826 14.76280857 23378
1 40930U 15052A   16064.19372749  .00001149  00000+0  72148-4 0  9998
2 40930   5.9961 344.0291 0011506  66.5038 293.6303 14.76280997 23398
1 40930U 15052A   16065.20710538  .00001051  00000+0  58296-4 0  9993
2 40930   5.9965 336.7969 0011787  82.1532 278.0023 14.76280640 23544
1 40930U 15052A   16066.01780518  .00001056  00000+0  58937-4 0  9995
2 40930   5.9962 331.0161 0011695  93.7217 266.4440 14.76281430 23664
1 40930U 15052A   16066.49071010  .00001017  00000+0  53566-4 0  9997
2 40930   5.9958 327.6249 0011657 100.8500 259.3229 14.76281575 23734
1 40930U 15052A   16067.16628475  .00001018  00000+0  53626-4 0  9993
2 40930   5.9959 322.7959 0011559 111.0509 249.0990 14.76282163 23839
1 40930U 15052A   16067.43651417  .00001035  00000+0  56122-4 0  9998
2 40930   5.9939 320.8322 0011521 116.0177 244.1541 14.76282512 23875
1 40930U 15052A   16067.63918112  .00001053  00000+0  58507-4 0  9997
2 40930   5.9941 319.3881 0011649 119.6816 240.4525 14.76282893 23908
1 40930U 15052A   16068.11208693  .00001080  00000+0  62327-4 0  9992
2 40930   5.9944 316.0278 0011651 126.4746 233.6451 14.76283561 23978
1 40930U 15052A   16068.31476120  .00001089  00000+0  63629-4 0  9991
2 40930   5.9940 314.5815 0011629 129.2909 230.8308 14.76283827 24001
1 40930U 15052A   16069.19301402  .00001260  00000+0  87736-4 0  9994
2 40930   5.9931 308.3145 0011553 143.2255 216.9016 14.76286141 24131
1 40930U 15052A   16070.13881915  .00001234  00000+0  84025-4 0  9991
2 40930   5.9934 301.5806 0011535 156.8635 203.2185 14.76286899 24276
1 40930U 15052A   16070.54416252  .00001246  00000+0  85728-4 0  9998
2 40930   5.9933 298.7012 0011580 162.6811 197.3698 14.76287520 24333
1 40930U 15052A   16071.28729762  .00001249  00000+0  86179-4 0  9997
2 40930   5.9929 293.3998 0011544 173.2008 186.8455 14.76288474 24443
1 40930U 15052A   16072.16554379  .00001154  00000+0  72812-4 0  9999
2 40930   5.9927 287.1572 0011472 186.3865 173.6051 14.76288670 24574
1 40930U 15052A   16073.24646030  .00001192  00000+0  78193-4 0  9995
2 40930   5.9919 279.4398 0011400 202.1868 157.7765 14.76290325 24739
1 40930U 15052A   16073.92203288  .00001356  00000+0  10122-3 0  9993
2 40930   5.9922 274.6369 0011499 212.1213 147.8213 14.76292979 24837
1 40930U 15052A   16074.05714796  .00001252  00000+0  86526-4 0  9996
2 40930   5.9924 273.6863 0011498 213.9435 145.9711 14.76291847 24858
1 40930U 15052A   16075.20563178  .00001245  00000+0  85543-4 0  9990
2 40930   5.9920 265.4949 0011546 230.6251 129.3069 14.76292995 25021
1 40930U 15052A   16075.61097350  .00001243  00000+0  85210-4 0  9998
2 40930   5.9924 262.6209 0011662 236.2169 123.6803 14.76293577 25088
1 40930U 15052A   16076.21899305  .00001236  00000+0  84318-4 0  9995
2 40930   5.9923 258.2712 0011716 244.9617 114.9572 14.76294278 25176
1 40930U 15052A   16077.16479518  .00001165  00000+0  74336-4 0  9990
2 40930   5.9922 251.5142 0011787 258.1817 101.7216 14.76294457 25319
1 40930U 15052A   16077.50257023  .00001100  00000+0  65015-4 0  9996
2 40930   5.9936 249.0599 0012378 262.5321  97.3593 14.76294622 25365
1 40930U 15052A   16077.63768213  .00001120  00000+0  67904-4 0  9999
2 40930   5.9934 248.0764 0012575 264.4009  95.4988 14.76295071 25387
1 40930U 15052A   16078.11058076  .00001090  00000+0  63644-4 0  9995
2 40930   5.9937 244.6881 0012844 270.1488  89.7440 14.76295161 25453
1 40930U 15052A   16078.38080674  .00001118  00000+0  67577-4 0  9993
2 40930   5.9939 242.7709 0012847 273.5755  86.2883 14.76295735 25494
1 40930U 15052A   16078.78614831  .00001199  00000+0  78816-4 0  9992
2 40930   5.9941 239.8994 0013136 280.0895  79.7406 14.76296733 25554
1 40930U 15052A   16079.12394382  .00001159  00000+0  73275-4 0  9997
2 40930   5.9942 237.4908 0013167 284.4105  75.4604 14.76296672 25601
1 40930U 15052A   16079.52928945  .00001157  00000+0  72952-4 0  9998
2 40930   5.9947 234.6127 0013287 289.6591  70.2044 14.76297063 25669
1 40930U 15052A   16080.47509898  .00001267  00000+0  88372-4 0  9991
2 40930   5.9949 227.8757 0013295 301.5801  58.3088 14.76298772 25800
1 40930U 15052A   16080.74533040  .00001200  00000+0  78978-4 0  9995
2 40930   5.9951 225.9589 0013270 305.0253  54.8602 14.76298529 25845
1 40930U 15052A   16081.08311898  .00001192  00000+0  77918-4 0  9991
2 40930   5.9945 223.5454 0013221 309.2293  50.6677 14.76298701 25892
1 40930U 15052A   16081.35334990  .00001228  00000+0  82902-4 0  9998
2 40930   5.9948 221.6225 0013210 312.8023  47.0996 14.76299264 25933
1 40930U 15052A   16082.36671763  .00001205  00000+0  79652-4 0  9995
2 40930   5.9947 214.4110 0013247 326.7873  33.1413 14.76300252 26089
1 40930U 15052A   16082.77206379  .00001152  00000+0  72313-4 0  9995
2 40930   5.9940 211.5200 0013189 332.3825  27.5553 14.76300153 26144
1 40930U 15052A   16083.17741258  .00001147  00000+0  71525-4 0  9998
2 40930   5.9941 208.6363 0013193 338.1412  21.8162 14.76300508 26207
1 40930U 15052A   16083.51520232  .00001149  00000+0  71785-4 0  9993
2 40930   5.9939 206.2307 0013182 342.8769  17.0954 14.76300873 26257
1 40930U 15052A   16083.65031751  .00001132  00000+0  69451-4 0  9990
2 40930   5.9942 205.2634 0013153 344.8749  15.1032 14.76300832 26274
1 40930U 15052A   16084.19078044  .00001126  00000+0  68663-4 0  9993
2 40930   5.9943 201.4203 0013141 352.4414   7.5514 14.76301320 26358
1 40930U 15052A   16084.66368619  .00001025  00000+0  54382-4 0  9996
2 40930   5.9943 198.0540 0013148 358.7066   1.3020 14.76300914 26422
1 40930U 15052A   16085.13659221  .00001016  00000+0  53098-4 0  9994
2 40930   5.9944 194.6885 0013144   5.2698 354.7588 14.76301172 26496
1 40930U 15052A   16085.60949759  .00001015  00000+0  53007-4 0  9993
2 40930   5.9942 191.3204 0013125  11.6429 348.4060 14.76301513 26567
1 40930U 15052A   16086.14996000  .00000996  00000+0  50296-4 0  9998
2 40930   5.9941 187.4728 0013125  19.3906 340.6747 14.76301716 26648
1 40930U 15052A   16086.96065426  .00000897  00000+0  36463-4 0  9997
2 40930   5.9941 181.7064 0013025  30.5749 329.5031 14.76301027 26767
1 40930U 15052A   16088.10913878  .00000869  00000+0  32462-4 0  9992
2 40930   5.9942 173.5321 0012979  46.8174 313.3038 14.76301351 26939
1 40930U 15052A   16088.37936720  .00000944  00000+0  43083-4 0  9997
2 40930   5.9936 171.6062 0012918  50.4413 309.6874 14.76302495 26973
1 40930U 15052A   16089.12250152  .00000934  00000+0  41623-4 0  9996
2 40930   5.9934 166.3073 0012834  60.5218 299.6372 14.76302969 27086
1 40930U 15052A   16089.25761338  .00000945  00000+0  43226-4 0  9996
2 40930   5.9936 165.3469 0012824  62.3654 297.7790 14.76303206 27100
1 40930U 15052A   16090.06830403  .00000986  00000+0  48996-4 0  9991
2 40930   5.9934 159.5729 0012768  73.6744 286.4921 14.76304140 27226
1 40930U 15052A   16091.08165993  .00000970  00000+0  46797-4 0  9999
2 40930   5.9935 152.3496 0012550  87.9250 272.2305 14.76304531 27377
1 40930U 15052A   16091.55456044  .00000956  00000+0  44751-4 0  9993
2 40930   5.9955 148.9757 0012315  94.1476 266.0154 14.76304816 27446
1 40930U 15052A   16091.75723056  .00000956  00000+0  44751-4 0  9995
2 40930   5.9955 147.5346 0012315  97.0080 263.1448 14.76304946 27479
1 40930U 15052A   16092.23013133  .00000900  00000+0  36924-4 0  9999
2 40930   5.9936 144.1622 0012257 105.3336 254.8115 14.76304226 27547
1 40930U 15052A   16093.10837551  .00001015  00000+0  53080-4 0  9994
2 40930   5.9928 137.9078 0011921 118.7360 241.4219 14.76306053 27676
1 40930U 15052A   16093.17592785  .00001037  00000+0  56180-4 0  9996
2 40930   5.9930 137.4279 0011924 119.9531 240.1797 14.76306349 27689
1 40930U 15052A   16094.05416079  .00000987  00000+0  49314-4 0  9999
2 40930   5.9937 131.1494 0011448 133.9359 226.1711 14.76306890 27817
1 40930U 15052A   16094.52705883  .00000989  00000+0  49494-4 0  9996
2 40930   5.9948 127.7660 0011474 140.6590 219.4538 14.76307197 27886
1 40930U 15052A   16094.59461263  .00000988  00000+0  49433-4 0  9996
2 40930   5.9948 127.2856 0011477 141.6017 218.4927 14.76307239 27895
1 40930U 15052A   16095.20262459  .00023619  00000+0  32543-2 0  9999
2 40930   5.9937 122.8590 0009681 147.2567 211.8611 14.75891188 27982
1 40930U 15052A   16095.27037984  .00002733  00000+0  29839-3 0  9998
2 40930   5.9939 122.3922 0009444 148.9335 211.1186 14.75878734 27999
1 40930U 15052A   16096.14887777 -.00025624  00000+0 -37519-2 0  9997
2 40930   5.9940 116.1649 0009028 163.0199 196.8685 14.75812895 28127
1 40930U 15052A   16097.09503752 -.00009591  00000+0 -14572-2 0  9999
2 40930   6.0000 109.5113 0010708 180.2453 179.8192 14.75814077 28262
1 40930U 15052A   16097.23018687 -.00008753  00000+0 -13375-2 0  9992
2 40930   6.0005 108.5385 0010327 182.8629 177.1670 14.75814484 28283
1 40930U 15052A   16098.51415644  .00000280  00000+0  39758-4 0  9998
2 40930   5.9945  99.2788 0008816 211.7032 148.3041 14.75833665 28472
1 40930U 15052A   16099.05482195  .00047376  00000+0  65831-2 0  9999
2 40930   5.9917  95.4464 0008635 223.6097 136.9048 14.75970189 28554
1 40930U 15052A   16100.27097390  .00026521  00000+0  36524-2 0  9991
2 40930   5.9733  86.7166 0012590 256.2562 103.4013 14.75992171 28732
1 40930U 15052A   16100.33858576  .00016196  00000+0  22008-2 0  9998
2 40930   5.9964  86.1791 0012239 263.9729  95.9202 14.75961177 28744
1 40930U 15052A   16100.81158149  .00032185  00000+0  44547-2 0  9998
2 40930   5.9963  82.9123 0008542 232.6056 127.1831 14.75961673 28819
1 40930U 15052A   16101.08188611  .00015774  00000+0  21418-2 0  9992
2 40930   6.0004  80.9984 0008660 251.9973 107.8768 14.75983616 28852
1 40930U 15052A   16101.48731772  .00014214  00000+0  19216-2 0  9999
2 40930   6.0022  78.0959 0008374 250.5937 109.2715 14.75985187 28919
1 40930U 15052A   16101.69003777  .00013256  00000+0  17862-2 0  9999
2 40930   6.0000  76.6404 0008900 252.9942 106.8814 14.75983693 28947
1 40930U 15052A   16102.09547744  .00012718  00000+0  17102-2 0  9990
2 40930   6.0003  73.7550 0008213 259.5057 100.3965 14.75989381 29001
1 40930U 15052A   16102.29819588  .00012712  00000+0  17093-2 0  9993
2 40930   6.0019  72.3133 0008039 261.9187  97.9992 14.75994112 29039
1 40930U 15052A   16102.56848232  .00011049  00000+0  14742-2 0  9991
2 40930   5.9962  70.4385 0008931 254.0693 105.7451 14.75986483 29072
1 40930U 15052A   16103.31178819  .00001297  00000+0  94186-4 0  9998
2 40930   5.9945  65.1141 0009354 271.9458  87.8834 14.75962026 29185
1 40930U 15052A   16103.64966804  .00000936  00000+0  42888-4 0  9994
2 40930   5.9950  62.7077 0009343 276.9846  82.9238 14.75961229 29230
1 40930U 15052A   16103.98753356  .00000908  00000+0  38977-4 0  9990
2 40930   5.9956  60.3068 0009355 281.9876  77.9203 14.75961390 29282
1 40930U 15052A   16104.32539872  .00000901  00000+0  38024-4 0  9990
2 40930   5.9960  57.8999 0009359 286.5506  73.3609 14.75961564 29335
1 40930U 15052A   16104.66326450  .00000923  00000+0  41070-4 0  9992
2 40930   5.9961  55.4967 0009343 291.2885  68.6270 14.75961885 29383
1 40930U 15052A   16105.00113017  .00001027  00000+0  55860-4 0  9992
2 40930   5.9961  53.0969 0009333 295.7074  64.2114 14.75962758 29432
1 40930U 15052A   16105.67686070  .00001004  00000+0  52558-4 0  9995
2 40930   5.9962  48.2840 0009330 305.0567  54.8723 14.75963127 29539
1 40930U 15052A   16106.42016549  .00001005  00000+0  52752-4 0  9994
2 40930   5.9963  43.0004 0009331 315.5233  44.4147 14.75963688 29641
1 40930U 15052A   16106.62288522  .00000976  00000+0  48596-4 0  9995
2 40930   5.9961  41.5504 0009318 318.2106  41.7387 14.75963587 29678
1 40930U 15052A   16107.16346996  .00000980  00000+0  49255-4 0  9993
2 40930   5.9961  37.7085 0009320 325.8049  34.1483 14.75964000 29755
1 40930U 15052A   16107.29861643  .00001017  00000+0  54476-4 0  9991
2 40930   5.9963  36.7472 0009311 327.7064  32.2531 14.75964459 29777
1 40930U 15052A   16108.04192162  .00001061  00000+0  60665-4 0  9994
2 40930   5.9963  31.4610 0009333 338.0544  21.9267 14.75965501 29887
1 40930U 15052A   16109.12309165  .00001060  00000+0  60562-4 0  9992
2 40930   5.9963  23.7761 0009330 353.3137   6.6869 14.75966417 30048
1 40930U 15052A   16109.46095772  .00000955  00000+0  45725-4 0  9991
2 40930   5.9959  21.3655 0009272 357.4532   2.5508 14.75965329 30099
1 40930U 15052A   16109.73125155  .00001009  00000+0  53343-4 0  9996
2 40930   5.9959  19.4442 0009237   1.1376 358.8858 14.75966215 30136
1 40930U 15052A   16110.13668927  .00000999  00000+0  51972-4 0  9994
2 40930   5.9980  16.5438 0009175   6.5077 353.5365 14.75966463 30197
1 40930U 15052A   16110.67727074  .00000993  00000+0  51046-4 0  9998
2 40930   5.9984  12.6986 0009161  14.0222 346.0173 14.75966831 30279
1 40930U 15052A   16111.15028273  .00000987  00000+0  50159-4 0  9994
2 40930   5.9986   9.3326 0009141  20.6153 339.4381 14.75967089 30347
1 40930U 15052A   16111.69086722  .00000993  00000+0  51034-4 0  9996
2 40930   5.9987   5.4824 0009111  27.7559 332.3146 14.75967514 30426
1 40930U 15052A   16112.09630275  .00001031  00000+0  56500-4 0  9996
2 40930   5.9986   2.5917 0008993  32.5341 327.5396 14.75968155 30487
1 40930U 15052A   16112.23144785  .00001030  00000+0  56317-4 0  9993
2 40930   5.9985   1.6306 0008991  34.4105 325.6609 14.75968243 30502
1 40930U 15052A   16112.63688644  .00001001  00000+0  52295-4 0  9993
2 40930   5.9977 358.7381 0008879  38.7804 321.3070 14.75968091 30562
1 40930U 15052A   16113.10989568  .00001041  00000+0  57959-4 0  9991
2 40930   5.9972 355.3744 0008726  44.7405 315.3489 14.75968771 30638
1 40930U 15052A   16113.38018656  .00000945  00000+0  44317-4 0  9998
2 40930   5.9966 353.4410 0008842  49.0164 311.0749 14.75967873 30677
1 40930U 15052A   16113.58290523  .00000933  00000+0  42559-4 0  9998
2 40930   5.9963 351.9898 0008820  51.9995 308.1031 14.75967901 30704
1 40930U 15052A   16114.05591449  .00000960  00000+0  46447-4 0  9992
2 40930   5.9966 348.6283 0008673  57.3960 302.7069 14.75968513 30774
1 40930U 15052A   16114.73164018  .00000840  00000+0  29440-4 0  9996
2 40930   5.9967 343.8107 0008459  67.1213 292.9787 14.75967882 30875
1 40930U 15052A   16115.13707824  .00000861  00000+0  32411-4 0  9994
2 40930   5.9966 340.9272 0008404  72.8552 287.2550 14.75968259 30935
1 40930U 15052A   16115.33979544  .00000856  00000+0  31689-4 0  9996
2 40930   5.9961 339.4815 0008405  75.7986 284.3096 14.75968285 30965
1 40930U 15052A   16116.08309632  .00000817  00000+0  26155-4 0  9993
2 40930   5.9956 334.1895 0008219  86.2798 273.8389 14.75968358 31072
1 40930U 15052A   16116.28581218  .00000814  00000+0  25713-4 0  9993
2 40930   5.9951 332.7420 0008215  89.2545 270.8573 14.75968387 31102
1 40930U 15052A   16116.69124797  .00000808  00000+0  24871-4 0  9990
2 40930   5.9955 329.8642 0008168  95.2642 264.8402 14.75968562 31166
1 40930U 15052A   16117.16425747  .00000842  00000+0  29725-4 0  9993
2 40930   5.9950 326.4939 0008148 102.0596 258.0543 14.75968968 31235
1 40930U 15052A   16118.04270036  .00000889  00000+0  36413-4 0  9993
2 40930   5.9951 320.2481 0008070 114.4983 245.6075 14.75969880 31361
1 40930U 15052A   16119.05628720  .00000901  00000+0  38169-4 0  9997
2 40930   5.9952 313.0409 0008047 128.8574 231.2326 14.75970551 31515
1 40930U 15052A   16119.25900371  .00000896  00000+0  37483-4 0  9995
2 40930   5.9950 311.5963 0008041 131.7682 228.3168 14.75970596 31541
1 40930U 15052A   16120.20501486  .00000922  00000+0  41065-4 0  9997
2 40930   5.9942 304.8575 0007860 146.6687 213.3991 14.75971248 31682
1 40930U 15052A   16120.27258624  .00000922  00000+0  41120-4 0  9999
2 40930   5.9942 304.3750 0007863 147.6964 212.3669 14.75971293 31696
1 40930U 15052A   16121.21859937  .00000925  00000+0  41601-4 0  9995
2 40930   5.9950 297.6304 0007708 161.2296 198.8329 14.75971811 31835
1 40930U 15052A   16122.16460851  .00000910  00000+0  39383-4 0  9991
2 40930   5.9950 290.9048 0007670 175.2023 184.8219 14.75972234 31975
1 40930U 15052A   16122.29975244  .00000916  00000+0  40308-4 0  9997
2 40930   5.9953 289.9363 0007696 177.0900 182.9361 14.75972405 31997
1 40930U 15052A   16122.77275711  .00000920  00000+0  40812-4 0  9997
2 40930   5.9962 286.5481 0007661 185.3627 174.6752 14.75972851 32067
1 40930U 15052A   16123.11061243  .00000933  00000+0  42711-4 0  9993
2 40930   5.9961 284.1437 0007623 190.3170 169.6845 14.75973169 32114
1 40930U 15052A   16123.31332755  .00000933  00000+0  42739-4 0  9994
2 40930   5.9963 282.7065 0007710 192.1420 167.8409 14.75973291 32147
1 40930U 15052A   16123.31332762  .00000941  00000+0  43772-4 0  9999
2 40930   5.9966 282.7003 0007685 193.2187 166.7743 14.75973454 32145
1 40930U 15052A   16123.31332852  .00000941  00000+0  43778-4 0  9995
2 40930   5.9965 282.7009 0007680 193.3571 166.6401 14.75973445 32143
1 40930U 15052A   16124.19176958  .00000933  00000+0  42722-4 0  9994
2 40930   5.9963 276.4517 0007750 205.7777 154.2103 14.75973768 32273
1 40930U 15052A   16124.25933911  .00000950  00000+0  45063-4 0  9991
2 40930   5.9967 275.9609 0007786 206.5319 153.4532 14.75974059 32285
1 40930U 15052A   16124.25933928  .00000938  00000+0  43373-4 0  9997
2 40930   5.9963 275.9724 0007777 206.9311 153.0422 14.75973890 32281
1 40930U 15052A   16125.00263081  .00000936  00000+0  43102-4 0  9995
2 40930   5.9960 270.6746 0007797 219.0736 140.8835 14.75974355 32393
1 40930U 15052A   16125.47563393  .00000999  00000+0  52026-4 0  9999
2 40930   5.9971 267.3024 0008053 228.0736 131.8839 14.75975561 32465
1 40930U 15052A   16125.61077596  .00000953  00000+0  45488-4 0  9994
2 40930   5.9971 266.3023 0008433 233.7522 126.2315 14.75975189 32486
1 40930U 15052A   16125.67833909  .00001002  00000+0  52387-4 0  9990
2 40930   5.9977 265.7948 0008454 234.9244 125.0375 14.75975622 32494
1 40930U 15052A   16125.74590604  .00001082  00000+0  63647-4 0  9999
2 40930   5.9980 265.3014 0008601 235.1014 124.8456 14.75976298 32509
1 40930U 15052A   16125.81347548  .00001264  00000+0  89490-4 0  9990
2 40930   5.9976 264.8126 0008808 234.7585 125.1815 14.75977538 32511
1 40930U 15052A   16126.08376537  .00001095  00000+0  65601-4 0  9990
2 40930   5.9981 262.9043 0008709 238.3967 121.5308 14.75976759 32553
1 40930U 15052A   16126.69191576  .00001112  00000+0  67928-4 0  9999
2 40930   5.9978 258.5755 0008753 246.4693 113.4577 14.75977383 32647
1 40930U 15052A   16126.75948685  .00001078  00000+0  63184-4 0  9998
2 40930   5.9980 258.0972 0008713 247.3596 112.5575 14.75977195 32654
1 40930U 15052A   16127.02977662  .00001069  00000+0  61880-4 0  9997
2 40930   5.9981 256.1768 0008742 251.0395 108.8778 14.75977370 32690
1 40930U 15052A   16128.11093365  .00001156  00000+0  74100-4 0  9993
2 40930   5.9976 248.4860 0008896 265.6746  94.2489 14.75979045 32858
1 40930U 15052A   16129.12451823  .00000944  00000+0  44128-4 0  9993
2 40930   5.9973 241.2805 0008880 280.2930  79.6132 14.75977662 33009
1 40930U 15052A   16129.32723648  .00000971  00000+0  47930-4 0  9996
2 40930   5.9975 239.8413 0008898 282.9837  76.9302 14.75978139 33035
1 40930U 15052A   16130.13810492  .00000908  00000+0  38996-4 0  9993
2 40930   5.9974 234.0698 0008993 293.8362  66.0833 14.75978111 33158
1 40930U 15052A   16130.34082158  .00000940  00000+0  43586-4 0  9993
2 40930   5.9974 232.6306 0009027 296.4417  63.4787 14.75978667 33185
1 40930U 15052A   16131.15169138  .00000903  00000+0  38262-4 0  9991
2 40930   5.9973 226.8631 0009065 307.6828  52.2523 14.75978927 33300
1 40930U 15052A   16131.35440765  .00000932  00000+0  42348-4 0  9993
2 40930   5.9972 225.4219 0009096 310.3869  49.5488 14.75979391 33334
1 40930U 15052A   16132.30042250  .00000933  00000+0  42602-4 0  9990
2 40930   5.9972 218.6981 0009102 323.6737  36.2786 14.75980003 33474
1 40930U 15052A   16133.04372044  .00000883  00000+0  35517-4 0  9990
2 40930   5.9974 213.4101 0009110 333.8092  26.1580 14.75979818 33583
1 40930U 15052A   16133.24643805  .00001014  00000+0  54024-4 0  9999
2 40930   5.9970 211.9707 0009129 336.8835  23.1020 14.75981466 33614
1 40930U 15052A   16133.65186966  .00001025  00000+0  55519-4 0  9996
2 40930   5.9971 209.0873 0009135 342.5246  17.4563 14.75981915 33677
1 40930U 15052A   16133.71944224  .00001062  00000+0  60847-4 0  9993
2 40930   5.9972 208.6067 0009125 343.5243  16.4603 14.75982305 33684
1 40930U 15052A   16134.73302888  .00001084  00000+0  63872-4 0  9995
2 40930   5.9973 201.4033 0009105 357.7427   2.2664 14.75983370 33838
1 40930U 15052A   16135.61147023  .00000960  00000+0  46295-4 0  9993
2 40930   5.9977 195.1600 0009090   9.7810 350.2296 14.75982371 33965
1 40930U 15052A   16136.01690877  .00000921  00000+0  40842-4 0  9997
2 40930   5.9957 192.2493 0009156  12.8886 347.1757 14.75982185 34020
1 40930U 15052A   16136.89534549  .00000978  00000+0  48936-4 0  9990
2 40930   5.9958 185.9821 0009208  22.8541 337.2258 14.75983060 34155
1 40930U 15052A   16137.03048541  .00000978  00000+0  48924-4 0  9996
2 40930   5.9964 185.0146 0009095  24.0096 336.0563 14.75983354 34170
1 40930U 15052A   16138.11164131  .00000875  00000+0  34420-4 0  9992
2 40930   5.9966 177.3045 0008640  37.4647 322.6398 14.75983502 34339
1 40930U 15052A   16139.73336803  .00000779  00000+0  20743-4 0  9994
2 40930   5.9942 165.7395 0008511  60.2944 299.8203 14.75983093 34574
1 40930U 15052A   16140.07122609  .00000776  00000+0  20406-4 0  9993
2 40930   5.9942 163.3304 0008531  65.3247 294.7836 14.75983132 34628
1 40930U 15052A   16140.47665820  .00000803  00000+0  24154-4 0  9999
2 40930   5.9953 160.4300 0008352  69.9608 290.1695 14.75983747 34687
1 40930U 15052A   16141.62537947  .00000824  00000+0  27228-4 0  9993
2 40930   5.9944 152.2536 0008268  86.3667 273.7550 14.75984313 34857
1 40930U 15052A   16142.77410132  .00000828  00000+0  27701-4 0  9996
2 40930   5.9931 144.0558 0008247 102.8627 257.2773 14.75984810 35029
1 40930U 15052A   16143.04438259  .00000919  00000+0  40630-4 0  9994
2 40930   5.9940 142.1547 0008319 108.0518 252.0434 14.75986098 35064
1 40930U 15052A   16143.99038998  .00001092  00000+0  65225-4 0  9994
2 40930   5.9924 135.3808 0007838 121.9364 238.2215 14.75988322 35209
1 40930U 15052A   16146.01752615  .00000820  00000+0  26665-4 0  9992
2 40930   5.9928 120.9576 0007511 154.5343 205.5171 14.75987360 35504
1 40930U 15052A   16148.24739009  .00000778  00000+0  20731-4 0  9991
2 40930   5.9937 105.0688 0007497 186.7252 173.3128 14.75987641 35833
1 40930U 15052A   16150.95024976  .00000851  00000+0  31039-4 0  9997
2 40930   5.9968  85.7649 0007769 231.1307 128.9230 14.75989621 36231
1 40930U 15052A   16151.28808734  .00000745  00000+0  15995-4 0  9991
2 40930   5.9957  83.3749 0008542 236.0897 123.8163 14.75988284 36280
1 40930U 15052A   16151.69351123  .00000705  00000+0  10265-4 0  9992
2 40930   5.9946  80.4436 0008903 239.4363 120.4851 14.75988193 36348
1 40930U 15052A   16151.69351189  .00000705  00000+0  10265-4 0  9994
2 40930   5.9946  80.4436 0008903 239.4363 120.4886 14.75988193 36346
1 40930U 15052A   16154.59910032  .00000874  00000+0  34174-4 0  9996
2 40930   5.9941  59.7616 0009281 279.8527  80.1118 14.75990663 36772
1 40930U 15052A   16158.45068937  .00000854  00000+0  31361-4 0  9996
2 40930   5.9946  32.3597 0009138 332.7447  27.2307 14.75991637 37341
1 40930U 15052A   16158.58583143  .00000858  00000+0  31965-4 0  9995
2 40930   5.9971  31.3697 0008974 333.0972  26.9033 14.75991952 37367
1 40930U 15052A   16159.12640104  .00000883  00000+0  35422-4 0  9997
2 40930   5.9977  27.5170 0008828 339.3114  20.6763 14.75992359 37443
1 40930U 15052A   16160.61298282  .00000984  00000+0  49830-4 0  9999
2 40930   5.9978  16.9524 0008710 359.5661   0.4536 14.75994272 37664
1 40930U 15052A   16162.30227855  .00000855  00000+0  31487-4 0  9991
2 40930   5.9969   4.8979 0008725  19.7292 340.3631 14.75994171 37913
1 40930U 15052A   16162.43741376  .00000772  00000+0  19715-4 0  9992
2 40930   5.9969   3.9051 0008716  21.3033 338.7715 14.75993356 37936
1 40930U 15052A   16162.70769616  .00000789  00000+0  22112-4 0  9992
2 40930   5.9969   1.9843 0008689  24.6174 335.4380 14.75993705 37978
1 40930U 15052A   16163.18069927  .00000783  00000+0  21253-4 0  9992
2 40930   5.9970 358.6217 0008673  31.3265 328.7384 14.75993792 38040
1 40930U 15052A   16163.24827107  .00000732  00000+0  14125-4 0  9995
2 40930   5.9969 358.1394 0008567  32.2955 327.7688 14.75993318 38058
1 40930U 15052A   16163.92399019  .00000731  00000+0  13942-4 0  9991
2 40930   5.9969 353.3314 0008570  41.7870 318.2967 14.75993440 38154
1 40930U 15052A   16164.39699188  .00000724  00000+0  13014-4 0  9995
2 40930   5.9971 349.9692 0008522  48.7281 311.3562 14.75993452 38223
1 40930U 15052A   16164.46456406  .00000737  00000+0  14833-4 0  9991
2 40930   5.9971 349.4897 0008513  49.6336 310.4545 14.75993626 38231
1 40930U 15052A   16165.07271045  .00000551  00000+0 -11617-4 0  9995
2 40930   5.9975 345.1599 0008481  59.2537 300.8423 14.75992276 38329
1 40930U 15052A   16165.47813909  .00000632  00000+0 -12562-6 0  9992
2 40930   5.9979 342.2671 0008374  66.0648 294.0370 14.75992864 38386
1 40930U 15052A   16166.76200213  .00000816  00000+0  26085-4 0  9999
2 40930   5.9976 333.1181 0008083  83.6916 276.4558 14.75994743 38579
1 40930U 15052A   16167.16742068  .00000877  00000+0  34752-4 0  9990
2 40930   5.9976 330.2199 0007793  90.0512 270.0541 14.75995205 38630
1 40930U 15052A   16167.23499163  .00000872  00000+0  34035-4 0  9992
2 40930   5.9976 329.7358 0007785  91.0714 269.0341 14.75995180 38645
1 40930U 15052A   16168.18099227  .00000803  00000+0  24165-4 0  9991
2 40930   5.9976 323.0058 0007912 104.4509 255.6495 14.75994917 38785
1 40930U 15052A   16168.38370680  .00000880  00000+0  35191-4 0  9994
2 40930   5.9974 321.5663 0007730 107.8916 252.2128 14.75995813 38811
1 40930U 15052A   16169.05941969  .00000844  00000+0  30094-4 0  9990
2 40930   5.9969 316.7493 0007620 117.6395 242.4603 14.75995566 38915
1 40930U 15052A   16169.46484573  .00000810  00000+0  25293-4 0  9996
2 40930   5.9957 313.8700 0007412 125.4039 234.6830 14.75995965 38976
1 40930U 15052A   16169.80270166  .00000771  00000+0  19734-4 0  9994
2 40930   5.9957 311.4719 0007474 130.2594 229.8113 14.75995636 39020
1 40930U 15052A   16170.14055986  .00000773  00000+0  20027-4 0  9993
2 40930   5.9963 309.0629 0007510 135.1612 224.9195 14.75995748 39071
1 40930U 15052A   16170.27570119  .00000796  00000+0  23322-4 0  9993
2 40930   5.9967 308.1025 0007553 137.3384 222.7348 14.75996026 39090
1 40930U 15052A   16170.74869922  .00000802  00000+0  24111-4 0  9993
2 40930   5.9969 304.7369 0007559 144.2273 215.8361 14.75996247 39166
1 40930U 15052A   16171.15412696  .00000795  00000+0  23107-4 0  9996
2 40930   5.9967 301.8518 0007557 150.0136 210.0462 14.75996341 39220
1 40930U 15052A   16171.49198263  .00000824  00000+0  27159-4 0  9998
2 40930   5.9965 299.4507 0007592 155.0366 205.0154 14.75996758 39276
1 40930U 15052A   16171.89740961  .00000819  00000+0  26471-4 0  9990
2 40930   5.9969 296.5686 0007608 160.8366 199.2050 14.75996862 39330
1 40930U 15052A   16172.10012258  .00000787  00000+0  22037-4 0  9994
2 40930   5.9967 295.1198 0007553 164.1901 195.8488 14.75996589 39368
1 40930U 15052A   16172.50554933  .00000823  00000+0  27038-4 0  9996
2 40930   5.9966 292.2373 0007626 170.0885 189.9431 14.75997135 39425
1 40930U 15052A   16172.70826224  .00000822  00000+0  26974-4 0  9990
2 40930   5.9967 290.7924 0007623 173.0246 187.0031 14.75997212 39456
1 40930U 15052A   16173.18125983  .00000840  00000+0  29458-4 0  9997
2 40930   5.9966 287.4275 0007621 180.4159 179.6010 14.75997521 39525
1 40930U 15052A   16173.38397240  .00000863  00000+0  32703-4 0  9998
2 40930   5.9971 285.9872 0007650 183.2770 176.7320 14.75997875 39556
1 40930U 15052A   16173.99211268  .00000782  00000+0  21241-4 0  9995
2 40930   5.9963 281.6662 0007720 192.9986 166.9865 14.75997182 39647
1 40930U 15052A   16174.80296865  .00000799  00000+0  23670-4 0  9998
2 40930   5.9964 275.8982 0007737 204.6772 155.3053 14.75997610 39760
1 40930U 15052A   16175.07324865  .00000883  00000+0  35572-4 0  9998
2 40930   5.9963 273.9698 0007746 208.3785 151.5918 14.75998795 39805
1 40930U 15052A   16176.15438736  .00000825  00000+0  27363-4 0  9996
2 40930   5.9959 266.2800 0007955 226.0282 133.9209 14.75998582 39969
1 40930U 15052A   16176.69495700  .00000857  00000+0  31792-4 0  9995
2 40930   5.9968 262.4413 0007973 234.1839 125.7544 14.75999044 40041
1 40930U 15052A   16177.16795572  .00000809  00000+0  25088-4 0  9996
2 40930   5.9969 259.0764 0008049 240.8037 119.1293 14.75998804 40111
1 40930U 15052A   16177.37066923  .00000803  00000+0  24205-4 0  9994
2 40930   5.9969 257.6319 0008074 243.7812 116.1521 14.75998850 40147
1 40930U 15052A   16177.84366818  .00000661  00000+0  39643-5 0  9997
2 40930   5.9950 254.2415 0008454 248.3047 111.6354 14.75997198 40216
1 40930U 15052A   16178.04637902  .00000660  00000+0  38824-5 0  9994
2 40930   5.9952 252.7999 0008459 251.1475 108.7744 14.75997205 40242
1 40930U 15052A   16178.38423567  .00000673  00000+0  57446-5 0  9996
2 40930   5.9950 250.3990 0008477 255.7441 104.1751 14.75997383 40298
1 40930U 15052A   16178.72209014  .00000714  00000+0  11583-4 0  9990
2 40930   5.9949 247.9845 0008580 260.4730  99.4470 14.75997822 40344
1 40930U 15052A   16179.05994634  .00000714  00000+0  11446-4 0  9994
2 40930   5.9951 245.5820 0008599 265.2985  94.6168 14.75997849 40394
1 40930U 15052A   16179.39780310  .00000776  00000+0  20257-4 0  9993
2 40930   5.9950 243.1762 0008709 269.4669  90.4536 14.75998482 40443
1 40930U 15052A   16179.66808735  .00000785  00000+0  21557-4 0  9999
2 40930   5.9945 241.2517 0008714 273.1738  86.7440 14.75998669 40482
1 40930U 15052A   16180.00594363  .00000818  00000+0  26235-4 0  9993
2 40930   5.9940 238.8479 0008793 278.1629  81.7552 14.75999077 40536
1 40930U 15052A   16180.27622844  .00000820  00000+0  26495-4 0  9999
2 40930   5.9939 236.9215 0008822 282.0581  77.8622 14.75999239 40573
1 40930U 15052A   16180.68165597  .00000878  00000+0  34780-4 0  9990
2 40930   5.9946 234.0475 0008951 287.4564  72.4547 14.75999897 40635
1 40930U 15052A   16181.08708541  .00000860  00000+0  32157-4 0  9994
2 40930   5.9949 231.1583 0008983 293.3759  66.5491 14.75999928 40696
1 40930U 15052A   16181.62765578  .00000872  00000+0  33855-4 0  9996
2 40930   5.9949 227.3140 0008981 300.9561  58.9704 14.76000314 40770
1 40930U 15052A   16182.03308443  .00000854  00000+0  31292-4 0  9999
2 40930   5.9943 224.4243 0009034 306.7198  53.2172 14.76000317 40833
1 40930U 15052A   16182.64122628  .00000857  00000+0  31718-4 0  9991
2 40930   5.9954 220.0999 0009137 314.7285  45.2101 14.76000617 40921
1 40930U 15052A   16183.45208152  .00000721  00000+0  12438-4 0  9996
2 40930   5.9960 214.2969 0009273 325.0521  34.9065 14.75999307 41049
1 40930U 15052A   16183.65479522  .00000724  00000+0  12834-4 0  9992
2 40930   5.9954 212.8507 0009283 327.6322  32.3284 14.75999288 41078
1 40930U 15052A   16184.12779600  .00000736  00000+0  14532-4 0  9995
2 40930   5.9955 209.4860 0009241 334.0773  25.8947 14.75999574 41148
1 40930U 15052A   16184.53322445  .00000790  00000+0  22237-4 0  9992
2 40930   5.9953 206.5952 0009142 339.3354  20.6522 14.76000211 41200
1 40930U 15052A   16184.66836552  .00000784  00000+0  21432-4 0  9994
2 40930   5.9952 205.6346 0009111 341.1848  18.7936 14.76000169 41222
1 40930U 15052A   16185.00622390  .00000787  00000+0  21826-4 0  9996
2 40930   5.9953 203.2338 0009106 345.9254  14.0618 14.76000305 41278
1 40930U 15052A   16185.41165382  .00000722  00000+0  12638-4 0  9994
2 40930   5.9950 200.3346 0009080 351.4026   8.6097 14.75999846 41335
1 40930U 15052A   16185.68193727  .00000654  00000+0  29936-5 0  9991
2 40930   5.9950 198.4045 0008899 354.9581   5.0469 14.75999149 41373
1 40930U 15052A   16186.01979553  .00000673  00000+0  57226-5 0  9992
2 40930   5.9948 196.0027 0008862 359.5708   0.4436 14.75999367 41427
1 40930U 15052A   16186.42522424  .00000698  00000+0  91829-5 0  9992
2 40930   5.9951 193.1039 0008835   4.9744 355.0618 14.75999679 41486
1 40930U 15052A   16186.69550791  .00000679  00000+0  65758-5 0  9990
2 40930   5.9948 191.1807 0008800   8.4272 351.5999 14.75999480 41528
1 40930U 15052A   16186.83065135  .00000675  00000+0  60340-5 0  9997
2 40930   5.9950 190.2186 0008811  10.2555 349.7765 14.75999449 41545
1 40930U 15052A   16187.03336614  .00000686  00000+0  74747-5 0  9991
2 40930   5.9949 188.7737 0008778  12.9901 347.0507 14.75999592 41570
1 40930U 15052A   16187.16850845  .00000710  00000+0  10980-4 0  9998
2 40930   5.9949 187.8137 0008764  14.6690 345.3712 14.75999890 41595
1 40930U 15052A   16187.84422449  .00000707  00000+0  10472-4 0  9990
2 40930   5.9949 183.0073 0008744  24.0596 335.9980 14.75999966 41697
1 40930U 15052A   16188.38479333  .00000744  00000+0  15800-4 0  9995
2 40930   5.9950 179.1469 0008643  31.4363 328.6316 14.76000396 41778
1 40930U 15052A   16189.06050840  .00000719  00000+0  12294-4 0  9995
2 40930   5.9951 174.3221 0008604  39.8459 320.2527 14.76000351 41871
1 40930U 15052A   16190.41193462  .00000712  00000+0  11330-4 0  9997
2 40930   5.9952 164.6851 0008413  57.9939 302.1334 14.76000483 42079
1 40930U 15052A   16190.68221397  .00000668  00000+0  49895-5 0  9993
2 40930   5.9951 162.7505 0008385  61.6100 298.4950 14.76000049 42117
1 40930U 15052A   16191.08764134  .00000705  00000+0  10330-4 0  9992
2 40930   5.9951 159.8604 0008308  67.3491 292.7667 14.76000603 42179
1 40930U 15052A   16191.42549374  .00000724  00000+0  12960-4 0  9999
2 40930   5.9951 157.4518 0008266  72.1380 287.9658 14.76000904 42227
1 40930U 15052A   16191.89849321  .00000772  00000+0  19756-4 0  9998
2 40930   5.9952 154.0901 0008264  78.9391 281.1699 14.76001461 42298
1 40930U 15052A   16191.96606391  .00000786  00000+0  21812-4 0  9995
2 40930   5.9952 153.6117 0008256  80.1350 279.9711 14.76001666 42302
1 40930U 15052A   16192.37149051  .00000739  00000+0  15109-4 0  9996
2 40930   5.9953 150.7242 0008180  86.5740 273.5269 14.76001193 42368
1 40930U 15052A   16192.70934699  .00000717  00000+0  11939-4 0  9996
2 40930   5.9947 148.3082 0008117  91.7533 268.3596 14.76000968 42414
1 40930U 15052A   16192.84448823  .00000724  00000+0  13061-4 0  9996
2 40930   5.9948 147.3506 0008110  94.1704 265.9337 14.76001105 42437
1 40930U 15052A   16193.31748651  .00000732  00000+0  14171-4 0  9993
2 40930   5.9952 143.9849 0008065 100.9250 259.1799 14.76001291 42506
1 40930U 15052A   16193.65534111  .00000726  00000+0  13322-4 0  9994
2 40930   5.9949 141.5749 0008075 105.8184 254.2851 14.76001294 42559
1 40930U 15052A   16194.19591029  .00000705  00000+0  10255-4 0  9994
2 40930   5.9951 137.7255 0007995 113.5853 246.5192 14.76001223 42633
1 40930U 15052A   16194.39862232  .00000712  00000+0  11309-4 0  9992
2 40930   5.9948 136.2826 0007992 116.3916 243.7060 14.76001333 42663
1 40930U 15052A   16195.20947025  .00000809  00000+0  25093-4 0  9999
2 40930   5.9943 130.4967 0007861 128.6397 231.4514 14.76002631 42787
1 40930U 15052A   16196.29060333  .00000816  00000+0  26114-4 0  9990
2 40930   5.9940 122.8103 0007736 144.3440 215.7148 14.76002990 42940
1 40930U 15052A   16197.03388499  .00000842  00000+0  29695-4 0  9995
2 40930   5.9938 117.4980 0007669 156.3720 203.7145 14.76003708 43054
1 40930U 15052A   16197.37172881  .00000927  00000+0  41861-4 0  9991
2 40930   5.9933 115.0860 0007708 162.6421 197.3951 14.76004478 43106
1 40930U 15052A   16197.70958304  .00000919  00000+0  40670-4 0  9998
2 40930   5.9932 112.6762 0007713 167.6968 192.3401 14.76004563 43151
1 40930U 15052A   16198.18257804  .00000889  00000+0  36410-4 0  9991
2 40930   5.9939 109.3092 0007767 174.4549 185.5679 14.76004457 43228
1 40930U 15052A   16198.45286168  .00000882  00000+0  35335-4 0  9994
2 40930   5.9937 107.3880 0007875 178.4767 181.5405 14.76004496 43265
1 40930U 15052A   16198.72314366  .00000845  00000+0  30195-4 0  9994
2 40930   5.9945 105.4620 0007915 182.6186 177.3903 14.76004427 43307
1 40930U 15052A   16199.19613893  .00000836  00000+0  28882-4 0  9993
2 40930   5.9951 102.0908 0007955 189.2382 170.7648 14.76004526 43371
1 40930U 15052A   16199.53399238  .00000823  00000+0  26973-4 0  9990
2 40930   5.9952  99.6840 0007963 194.1173 165.8786 14.76004542 43422
1 40930U 15052A   16199.87184566  .00000849  00000+0  30723-4 0  9999
2 40930   5.9953  97.2833 0008012 198.8893 161.0955 14.76004953 43472
1 40930U 15052A   16200.07455786  .00000867  00000+0  33304-4 0  9997
2 40930   5.9956  95.8345 0008027 201.8637 158.1244 14.76005236 43501
1 40930U 15052A   16200.27726777  .00000894  00000+0  37076-4 0  9990
2 40930   5.9957  94.3881 0008120 204.4792 155.4989 14.76005640 43534
1 40930U 15052A   16200.68269206  .00000891  00000+0  36623-4 0  9998
2 40930   5.9957  91.5070 0008142 210.3120 149.6539 14.76005813 43592
1 40930U 15052A   16201.15568665  .00000933  00000+0  42612-4 0  9994
2 40930   5.9958  88.1417 0008196 217.5435 142.4125 14.76006442 43666
1 40930U 15052A   16201.15568784  .00000930  00000+0  42204-4 0  9990
2 40930   5.9957  88.1420 0008196 217.5924 142.3694 14.76006405 43661
1 40930U 15052A   16202.10167691  .00000909  00000+0  39139-4 0  9997
2 40930   5.9962  81.4096 0008240 231.0544 128.8856 14.76006752 43801
1 40930U 15052A   16202.10167814  .00000905  00000+0  38662-4 0  9990
2 40930   5.9961  81.4102 0008247 231.0794 128.8664 14.76006713 43806
1 40930U 15052A   16203.04766891  .00000890  00000+0  36469-4 0  9990
2 40930   5.9963  74.6649 0008410 245.1190 114.8273 14.76007005 43947
1 40930U 15052A   16203.85851598  .00000795  00000+0  22951-4 0  9993
2 40930   5.9965  68.8832 0008564 256.9452 102.9803 14.76006234 44063
1 40930U 15052A   16204.19636615  .00000804  00000+0  24264-4 0  9992
2 40930   5.9961  66.4628 0008631 261.9170  97.9985 14.76006296 44112
1 40930U 15052A   16204.46664941  .00000800  00000+0  23645-4 0  9993
2 40930   5.9961  64.5321 0008656 265.7519  94.1674 14.76006332 44156
1 40930U 15052A   16204.66936149  .00000826  00000+0  27293-4 0  9998
2 40930   5.9959  63.0891 0008712 268.2735  91.6471 14.76006777 44183
1 40930U 15052A   16205.20992698  .00000841  00000+0  29532-4 0  9995
2 40930   5.9968  59.2423 0008675 274.9671  84.9481 14.76007315 44266
1 40930U 15052A   16205.48021051  .00000864  00000+0  32784-4 0  9999
2 40930   5.9968  57.3042 0008818 278.6097  81.3195 14.76007553 44306
1 40930U 15052A   16205.88563323  .00000858  00000+0  31816-4 0  9994
2 40930   5.9970  54.4166 0008832 284.3859  75.5323 14.76007711 44360
1 40930U 15052A   16206.08834563  .00000853  00000+0  31117-4 0  9993
2 40930   5.9970  52.9732 0008826 286.9978  72.9195 14.76007747 44395
1 40930U 15052A   16206.42619982  .00000829  00000+0  27716-4 0  9990
2 40930   5.9971  50.5627 0008853 291.5248  68.3957 14.76007627 44443
1 40930U 15052A   16206.89919686  .00000827  00000+0  27437-4 0  9993
2 40930   5.9971  47.1931 0008874 298.1969  61.7323 14.76007821 44517
1 40930U 15052A   16207.10190982  .00000791  00000+0  22369-4 0  9997
2 40930   5.9973  45.7515 0008826 300.1067  59.8192 14.76007460 44545
1 40930U 15052A   16207.43976535  .00000762  00000+0  18244-4 0  9994
2 40930   5.9973  43.3454 0008848 304.6965  55.2357 14.76007301 44593
1 40930U 15052A   16207.71004904  .00000796  00000+0  23035-4 0  9998
2 40930   5.9974  41.4249 0008905 308.3851  51.5472 14.76007731 44633
1 40930U 15052A   16208.04790513  .00000833  00000+0  28297-4 0  9990
2 40930   5.9972  39.0136 0008911 312.8196  47.1310 14.76008229 44688
1 40930U 15052A   16208.38575709  .00000812  00000+0  25400-4 0  9995
2 40930   5.9970  36.6019 0008937 317.1822  42.7610 14.76008096 44733
1 40930U 15052A   16208.65604193  .00000795  00000+0  22918-4 0  9996
2 40930   5.9970  34.6742 0009016 320.8614  39.0934 14.76008075 44772
1 40930U 15052A   16209.06146798  .00000834  00000+0  28404-4 0  9994
2 40930   5.9963  31.7695 0008985 325.2515  34.7269 14.76008432 44839
1 40930U 15052A   16209.26417709  .00000837  00000+0  28871-4 0  9990
2 40930   5.9964  30.3248 0008990 327.7127  32.2489 14.76008501 44868
1 40930U 15052A   16210.07502960  .00000800  00000+0  23695-4 0  9994
2 40930   5.9963  24.5493 0008966 338.4895  21.4868 14.76008443 44987
1 40930U 15052A   16210.48045691  .00000771  00000+0  19475-4 0  9990
2 40930   5.9967  21.6581 0009046 343.3702  16.6242 14.76008467 45045
1 40930U 15052A   16210.75073830  .00000785  00000+0  21457-4 0  9994
2 40930   5.9968  19.7269 0009042 347.0346  12.9576 14.76008664 45080
1 40930U 15052A   16211.08859386  .00000839  00000+0  29201-4 0  9994
2 40930   5.9967  17.3252 0009046 351.9031   8.0967 14.76009199 45134
1 40930U 15052A   16211.42644928  .00000813  00000+0  25526-4 0  9994
2 40930   5.9970  14.9203 0009024 356.4959   3.5100 14.76009114 45183
1 40930U 15052A   16211.76430443  .00000815  00000+0  25835-4 0  9991
2 40930   5.9969  12.5107 0009030   1.3106 358.7063 14.76009234 45237
1 40930U 15052A   16212.16973154  .00000778  00000+0  20566-4 0  9991
2 40930   5.9971   9.6254 0008977   6.7690 353.2576 14.76009049 45295
1 40930U 15052A   16212.44001564  .00000763  00000+0  18492-4 0  9998
2 40930   5.9973   7.7001 0008956  10.3590 349.6729 14.76009006 45330
1 40930U 15052A   16212.84544225  .00000743  00000+0  15529-4 0  9994
2 40930   5.9973   4.8158 0008890  15.7290 344.3088 14.76008881 45390
1 40930U 15052A   16213.04815645  .00000737  00000+0  14696-4 0  9991
2 40930   5.9973   3.3755 0008873  18.5989 341.4452 14.76008859 45426
1 40930U 15052A   16213.45358396  .00000736  00000+0  14580-4 0  9992
2 40930   5.9973   0.4896 0008862  24.2841 335.7742 14.76008935 45488
1 40930U 15052A   16213.79143927  .00000745  00000+0  15921-4 0  9991
2 40930   5.9974 358.0887 0008850  29.0477 331.0147 14.76009119 45535
1 40930U 15052A   16214.06172398  .00000745  00000+0  15943-4 0  9990
2 40930   5.9974 356.1662 0008860  32.8380 327.2313 14.76009184 45579
1 40930U 15052A   16214.39957925  .00000716  00000+0  11736-4 0  9997
2 40930   5.9975 353.7613 0008900  37.1009 322.9742 14.76009007 45628
1 40930U 15052A   16214.73743387  .00000718  00000+0  12119-4 0  9998
2 40930   5.9976 351.3529 0008886  41.5971 318.4859 14.76009142 45673
1 40930U 15052A   16215.00771769  .00000759  00000+0  17872-4 0  9990
2 40930   5.9977 349.4302 0008820  45.5779 314.5111 14.76009649 45714
1 40930U 15052A   16215.14285915  .00000735  00000+0  14498-4 0  9993
2 40930   5.9976 348.4641 0008811  47.1424 312.9477 14.76009395 45730
1 40930U 15052A   16215.81856890  .00000692  00000+0  84084-5 0  9994
2 40930   5.9985 343.6567 0008553  57.0872 303.0025 14.76008896 45830
1 40930U 15052A   16216.15642488  .00000685  00000+0  74822-5 0  9999
2 40930   5.9983 341.2484 0008561  61.8325 298.2706 14.76008855 45886
1 40930U 15052A   16216.42670846  .00000687  00000+0  77191-5 0  9992
2 40930   5.9984 339.3266 0008514  65.4506 294.6525 14.76008916 45924
1 40930U 15052A   16216.83213447  .00000730  00000+0  13780-4 0  9999
2 40930   5.9982 336.4477 0008433  71.6915 288.4147 14.76009436 45982
1 40930U 15052A   16217.03484714  .00000721  00000+0  12530-4 0  9991
2 40930   5.9980 335.0016 0008374  74.5686 285.5414 14.76009357 46017
1 40930U 15052A   16217.71055440  .00000715  00000+0  11671-4 0  9994
2 40930   5.9984 330.1920 0008139  83.5829 276.5248 14.76009536 46114
1 40930U 15052A   16218.11597956  .00000698  00000+0  93301-5 0  9993
2 40930   5.9984 327.3065 0008028  89.3470 270.7621 14.76009462 46170
1 40930U 15052A   16218.38626240  .00000717  00000+0  12012-4 0  9992
2 40930   5.9982 325.3826 0008009  93.4588 266.6511 14.76009732 46213
1 40930U 15052A   16218.72411466  .00000750  00000+0  16643-4 0  9993
2 40930   5.9983 322.9767 0008014  98.8365 261.2704 14.76010204 46265
1 40930U 15052A   16219.12953895  .00000752  00000+0  16946-4 0  9993
2 40930   5.9984 320.0954 0007974 104.6471 255.4545 14.76010328 46323
1 40930U 15052A   16219.73767435  .00000788  00000+0  22025-4 0  9997
2 40930   5.9983 315.7631 0007999 113.3845 246.7165 14.76010811 46412
1 40930U 15052A   16219.94038578  .00000782  00000+0  21276-4 0  9990
2 40930   5.9982 314.3191 0007989 116.3139 243.7837 14.76010808 46447
1 40930U 15052A   16220.34581044  .00000798  00000+0  23448-4 0  9997
2 40930   5.9983 311.4435 0007980 122.0517 238.0399 14.76011137 46505
1 40930U 15052A   16220.75123227  .00000788  00000+0  22038-4 0  9990
2 40930   5.9982 308.5534 0008048 128.4187 231.6614 14.76011027 46563
1 40930U 15052A   16221.02151580  .00000773  00000+0  19881-4 0  9990
2 40930   5.9980 306.6301 0008002 132.4715 227.6102 14.76010928 46605
1 40930U 15052A   16221.42693827  .00000781  00000+0  21087-4 0  9999
2 40930   5.9977 303.7397 0007973 138.3759 221.7018 14.76011143 46660
1 40930U 15052A   16221.69721989  .00000811  00000+0  25383-4 0  9996
2 40930   5.9981 301.8236 0007984 142.3517 217.7150 14.76011562 46707
1 40930U 15052A   16222.17021429  .00000797  00000+0  23326-4 0  9990
2 40930   5.9978 298.4514 0007964 149.1342 210.9356 14.76011620 46777
1 40930U 15052A   16222.37292407  .00000804  00000+0  24307-4 0  9997
2 40930   5.9979 297.0115 0007936 152.2335 207.8222 14.76011772 46805
1 40930U 15052A   16222.71077636  .00000815  00000+0  25830-4 0  9994
2 40930   5.9980 294.6114 0007990 157.3047 202.7398 14.76011909 46850
1 40930U 15052A   16223.18376976  .00000797  00000+0  23278-4 0  9998
2 40930   5.9977 291.2389 0007955 164.6013 195.4406 14.76011872 46923
1 40930U 15052A   16223.58919197  .00000793  00000+0  22701-4 0  9996
2 40930   5.9978 288.3548 0007951 170.3469 189.6833 14.76011959 46984
1 40930U 15052A   16224.67031967  .00000869  00000+0  33599-4 0  9998
2 40930   5.9978 280.6680 0007930 187.0960 172.9167 14.76013101 47149
1 40930U 15052A   16225.61630402  .00000900  00000+0  37877-4 0  9991
2 40930   5.9977 273.9391 0007892 201.2179 158.7706 14.76013847 47283
1 40930U 15052A   16226.56228876  .00000826  00000+0  27461-4 0  9999
2 40930   5.9985 267.2081 0007898 215.5945 144.3673 14.76013544 47423
1 40930U 15052A   16227.50827558  .00000819  00000+0  26377-4 0  9993
2 40930   5.9985 260.4743 0008003 228.7678 131.1834 14.76013699 47560
1 40930U 15052A   16228.65697258  .00000845  00000+0  30174-4 0  9991
2 40930   5.9975 252.2808 0008096 245.7239 114.2338 14.76014508 47734
1 40930U 15052A   16229.67052236  .00000891  00000+0  36614-4 0  9991
2 40930   5.9966 245.0458 0008252 260.7188  99.2166 14.76015352 47884
1 40930U 15052A   16230.48136674  .00000881  00000+0  35236-4 0  9999
2 40930   5.9969 239.2722 0008405 272.3496  87.5754 14.76015572 48009
1 40930U 15052A   16231.83277872  .00000876  00000+0  34432-4 0  9996
2 40930   5.9973 229.6209 0008558 289.8566  70.1053 14.76015962 48202
1 40930U 15052A   16232.37333681  .00000809  00000+0  24917-4 0  9990
2 40930   5.9970 225.7460 0008637 297.5533  62.3977 14.76015440 48280
1 40930U 15052A   16233.18418155  .00000779  00000+0  20660-4 0  9997
2 40930   5.9978 219.9602 0009094 306.8425  53.1101 14.76015501 48402
1 40930U 15052A   16233.52203044  .00000806  00000+0  24545-4 0  9991
2 40930   5.9974 217.5367 0009014 310.7007  49.2525 14.76015855 48455
1 40930U 15052A   16234.53558968  .00000830  00000+0  27866-4 0  9997
2 40930   5.9976 210.3230 0009056 323.9186  36.0445 14.76016420 48608
1 40930U 15052A   16234.80586952  .00000846  00000+0  30099-4 0  9990
2 40930   5.9974 208.3943 0009020 327.2172  32.7410 14.76016693 48648
1 40930U 15052A   16236.35999872  .00000804  00000+0  24225-4 0  9999
2 40930   5.9961 197.3337 0008980 348.2186  11.7832 14.76016920 48873
1 40930U 15052A   16238.31955211  .00000748  00000+0  16289-4 0  9994
2 40930   5.9958 183.4091 0008844  15.3679 344.6601 14.76016732 49166
1 40930U 15052A   16238.38712517  .00000746  00000+0  15992-4 0  9999
2 40930   5.9957 182.9283 0008828  16.5124 343.5294 14.76016719 49174
1 40930U 15052A   16239.26554634  .00000811  00000+0  25306-4 0  9994
2 40930   5.9949 176.6774 0008660  29.4794 330.5978 14.76017705 49306
1 40930U 15052A   16240.34667572  .00000825  00000+0  27250-4 0  9996
2 40930   5.9940 168.9764 0008612  45.4148 314.6884 14.76018339 49468
1 40930U 15052A   16242.64407325  .00000785  00000+0  21566-4 0  9998
2 40930   5.9940 152.6383 0008541  77.6701 282.4428 14.76018707 49801
1 40930U 15052A   16245.14417869  .00000910  00000+0  39225-4 0  9991
2 40930   5.9942 134.8013 0008284 113.8454 246.3380 14.76020959 50177
1 40930U 15052A   16246.02257585  .00000857  00000+0  31849-4 0  9990
2 40930   5.9938 128.4258 0008190 127.8702 232.3450 14.76020852 50309
1 40930U 15052A   16246.90096402  .00000976  00000+0  48612-4 0  9994
2 40930   5.9952 122.1888 0007922 143.6854 216.3787 14.76022084 50439
1 40930U 15052A   16247.17124454  .00001031  00000+0  56403-4 0  9993
2 40930   5.9940 120.2698 0007934 148.7396 211.3198 14.76022784 50476
1 40930U 15052A   16247.17124484  .00001043  00000+0  58240-4 0  9990
2 40930   5.9951 120.2702 0007892 149.3980 210.6624 14.76022873 50478
1 40930U 15052A   16248.11722498  .00001016  00000+0  54322-4 0  9991
2 40930   5.9957 113.5411 0007928 161.9880 198.0570 14.76023381 50615
1 40930U 15052A   16249.13077384  .00001031  00000+0  56547-4 0  9999
2 40930   5.9955 106.3573 0007729 179.0549 180.9462 14.76024624 50760
1 40930U 15052A   16250.00918532  .00001026  00000+0  55827-4 0  9990
2 40930   5.9975 100.0844 0007841 190.2905 169.7309 14.76025008 50896
1 40930U 15052A   16251.09029884  .00000739  00000+0  15044-4 0  9990
2 40930   5.9953  92.3679 0008224 203.6431 156.3277 14.76022303 51050
1 40930U 15052A   16253.32011245  .00000929  00000+0  42021-4 0  9996
2 40930   5.9954  76.5070 0008436 234.5654 125.3965 14.76024621 51386
1 40930U 15052A   16254.67150853  .00001010  00000+0  53365-4 0  9999
2 40930   5.9955  66.8928 0008517 253.8813 106.0572 14.76026389 51587
1 40930U 15052A   16258.05001065  .00000784  00000+0  21293-4 0  9997
2 40930   5.9971  42.7519 0009131 302.3064  57.7273 14.76026214 52088
1 40930U 15052A   16258.79326384  .00000979  00000+0  48923-4 0  9997
2 40930   5.9978  37.4653 0009016 312.1849  47.7739 14.76028656 52197
1 40930U 15052A   16259.73924322  .00000997  00000+0  51530-4 0  9996
2 40930   5.9975  30.7402 0009088 325.5510  34.4056 14.76029461 52330
1 40930U 15052A   16260.82036697  .00000918  00000+0  40343-4 0  9990
2 40930   5.9969  23.0569 0008992 340.8950  19.0752 14.76029291 52493
1 40930U 15052A   16261.36093107  .00000976  00000+0  48533-4 0  9992
2 40930   5.9971  19.2167 0009092 348.3617  11.6358 14.76030351 52570
1 40930U 15052A   16261.76635160  .00000841  00000+0  29472-4 0  9999
2 40930   5.9982  16.3304 0009274 351.0552   8.9456 14.76029552 52630
1 40930U 15052A   16261.96906170  .00000844  00000+0  29903-4 0  9995
2 40930   5.9972  14.8760 0009177 354.7371   5.2759 14.76029542 52667
1 40930U 15052A   16263.79345781  .00001034  00000+0  56755-4 0  9990
2 40930   5.9973   1.8885 0008735  18.9000 341.1725 14.76031717 52931
1 40930U 15052A   16266.76652356  .00000259  00000+0  36581-4 0  9992
2 40930   5.9999 340.6135 0007499  63.6130 296.5255 14.76031284 53377
1 40930U 15052A   16266.76653577  .00000832  00000+0  28143-4 0  9990
2 40930   5.9966 340.7214 0008701  60.6629 299.4460 14.76031560 53374
1 40930U 15052A   16267.64494416  .00000836  00000+0  28765-4 0  9997
2 40930   5.9961 334.4773 0008698  73.1584 286.9516 14.76031978 53504
1 40930U 15052A   16268.65849261  .00000831  00000+0  27995-4 0  9990
2 40930   5.9957 327.2630 0008644  87.4626 272.6590 14.76032312 53650
1 40930U 15052A   16269.26661938  .00000757  00000+0  17605-4 0  9995
2 40930   5.9953 322.9414 0008660  95.0254 265.0858 14.76032087 53740
1 40930U 15052A   16269.67203843  .00000766  00000+0  18835-4 0  9993
2 40930   5.9951 320.0420 0008500 100.0378 260.0914 14.76032359 53808
1 40930U 15052A   16270.61801130  .00000785  00000+0  21523-4 0  9991
2 40930   5.9950 313.3106 0008469 113.3496 246.7614 14.76032817 53947
1 40930U 15052A   16271.63155474  .00000848  00000+0  30416-4 0  9998
2 40930   5.9947 306.1036 0008538 128.4265 231.6710 14.76033808 54091
1 40930U 15052A   16272.50995764  .00000915  00000+0  39975-4 0  9993
2 40930   5.9976 299.7549 0008260 143.1138 217.0645 14.76034755 54226
1 40930U 15052A   16273.18563215  .00000885  00000+0  35758-4 0  9991
2 40930   5.9973 294.9596 0008388 153.3043 206.7407 14.76034751 54329
1 40930U 15052A   16274.13160663  .00000947  00000+0  44535-4 0  9999
2 40930   5.9978 288.2195 0008269 167.8876 192.1696 14.76036010 54460
1 40930U 15052A   16274.26674084  .00000998  00000+0  51781-4 0  9997
2 40930   5.9980 287.2233 0008362 171.4867 188.5752 14.76036336 54485
1 40930U 15052A   16276.42895345  .00000586  00000+0 -67269-5 0  9995
2 40930   5.9977 271.6909 0009247 184.0267 176.0785 14.76032279 54801
1 40930U 15052A   16277.37491769  .00000716  00000+0  11683-4 0  9994
2 40930   5.9962 264.9380 0009477 197.3955 162.6790 14.76033663 54949
1 40930U 15052A   16278.72628988  .00000948  00000+0  44614-4 0  9996
2 40930   6.0004 255.4846 0008390 235.4484 124.4086 14.76038976 55143
1 40930U 15052A   16279.19929003  .00000942  00000+0  43717-4 0  9997
2 40930   6.0008 252.1109 0008458 241.9860 117.9523 14.76039204 55214
1 40930U 15052A   16281.29394094  .00000929  00000+0  41921-4 0  9997
2 40930   5.9995 237.1957 0008647 271.5049  88.4344 14.76040253 55522
1 40930U 15052A   16282.30747913  .00000949  00000+0  44678-4 0  9996
2 40930   5.9992 229.9872 0008661 285.9141  74.0086 14.76040997 55677
1 40930U 15052A   16283.32102170  .00000950  00000+0  44886-4 0  9992
2 40930   5.9984 222.7645 0008589 300.0030  59.9445 14.76041717 55821
1 40930U 15052A   16284.13184654  .00000910  00000+0  39193-4 0  9990
2 40930   5.9972 216.9554 0008574 309.7970  50.1411 14.76041522 55948
1 40930U 15052A   16284.13185316  .00000968  00000+0  47447-4 0  9990
2 40930   5.9981 216.9632 0008920 309.6051  50.3642 14.76042176 55943
1 40930U 15052A   16285.21296081  .00000895  00000+0  37012-4 0  9998
2 40930   5.9980 209.2644 0009145 324.6537  35.3148 14.76042385 56101
1 40930U 15052A   16286.09136354  .00000916  00000+0  39980-4 0  9991
2 40930   5.9957 202.9554 0008880 335.4670  24.5671 14.76042900 56236
1 40930U 15052A   16286.22649094  .00000924  00000+0  41162-4 0  9990
2 40930   5.9962 201.9977 0008866 337.5354  22.4359 14.76043060 56256
1 40930U 15052A   16286.22649143  .00000924  00000+0  41162-4 0  9995
2 40930   5.9962 201.9977 0008866 337.5359  22.4380 14.76043060 56255
1 40930U 15052A   16287.17246668  .00000912  00000+0  39524-4 0  9991
2 40930   5.9951 195.2551 0008909 350.8845   9.1304 14.76043514 56399
1 40930U 15052A   16287.37517221  .00000842  00000+0  29628-4 0  9995
2 40930   5.9958 193.8274 0008760 350.6319   9.3488 14.76042798 56423
1 40930U 15052A   16287.64545393  .00000849  00000+0  30591-4 0  9994
2 40930   5.9957 191.9039 0008744 354.3595   5.6463 14.76042991 56460
1 40930U 15052A   16287.84816242  .00000963  00000+0  46679-4 0  9991
2 40930   5.9959 190.4617 0008685 355.6695   4.3427 14.76043948 56499
1 40930U 15052A   16289.13198383  .00000884  00000+0  35577-4 0  9991
2 40930   5.9959 181.3187 0008616  13.5404 346.5134 14.76044462 56681
1 40930U 15052A   16290.14551987  .00001029  00000+0  56013-4 0  9997
2 40930   5.9958 174.1107 0008528  27.3339 332.7211 14.76046661 56837
1 40930U 15052A   16290.14552438  .00001037  00000+0  57217-4 0  9995
2 40930   5.9961 174.1096 0008552  26.9533 333.1279 14.76046781 56838
1 40930U 15052A   16291.15906189  .00001085  00000+0  64002-4 0  9996
2 40930   5.9959 166.9016 0008545  40.7390 319.3524 14.76048273 56986
1 40930U 15052A   16292.03746026  .00001130  00000+0  70336-4 0  9994
2 40930   5.9968 160.6582 0008579  53.6976 306.3898 14.76049148 57113
1 40930U 15052A   16293.11856849  .00001122  00000+0  69171-4 0  9995
2 40930   5.9965 152.9743 0008591  69.4570 290.6451 14.76050063 57277
1 40930U 15052A   16293.38884575  .00001116  00000+0  68327-4 0  9996
2 40930   5.9962 151.0543 0008550  74.3581 285.7445 14.76050105 57314
1 40930U 15052A   16293.59155395  .00001103  00000+0  66489-4 0  9993
2 40930   5.9963 149.6125 0008538  76.9770 283.1315 14.76050178 57349
1 40930U 15052A   16293.99696838  .00001091  00000+0  64803-4 0  9993
2 40930   5.9961 146.7295 0008527  82.6124 277.4982 14.76050437 57409
1 40930U 15052A   16295.01050270  .00001031  00000+0  56405-4 0  9995
2 40930   5.9963 139.5138 0008429  98.0696 262.0363 14.76050448 57554
1 40930U 15052A   16295.01050317  .00001031  00000+0  56406-4 0  9998
2 40930   5.9961 139.5135 0008432  98.1837 261.9248 14.76050435 57557
1 40930U 15052A   16296.09160407  .00001044  00000+0  58148-4 0  9998
2 40930   5.9956 131.8197 0008382 113.5533 246.5475 14.76051393 57716
1 40930U 15052A   16296.09160601  .00001044  00000+0  58138-4 0  9993
2 40930   5.9956 131.8196 0008382 113.5527 246.5584 14.76051393 57719
1 40930U 15052A   16297.84838529  .00000916  00000+0  40054-4 0  9993
2 40930   5.9954 119.2481 0008207 142.2876 217.8178 14.76051309 57971
1 40930U 15052A   16297.98351621  .00000917  00000+0  40244-4 0  9993
2 40930   5.9956 118.2872 0008203 144.1733 215.8947 14.76051379 57996
1 40930U 15052A   16298.99704692  .00000855  00000+0  31474-4 0  9991
2 40930   5.9957 111.0548 0007875 159.3687 200.7026 14.76051410 58143
1 40930U 15052A   16300.82139650  .00000855  00000+0  31474-4 0  9993
2 40930   5.9957  98.0876 0007875 185.1063 174.8984 14.76052227 58417
1 40930U 15052A   16301.83492643 -.00000046  00000+0 -95915-4 0  9993
2 40930   5.9971  90.7706 0006673 210.1663 149.9447 14.76052824 58560
1 40930U 15052A   16302.51058822  .00003046  00000+0  34140-3 0  9999
2 40930   5.9944  85.9069 0008096 208.1722 151.8394 14.76058611 58666
1 40930U 15052A   16302.84842340  .00001003  00000+0  52369-4 0  9996
2 40930   5.9960  83.5223 0007928 217.0256 142.9179 14.76053848 58719
1 40930U 15052A   16303.11870070  .00001231  00000+0  84669-4 0  9999
2 40930   5.9982  81.6152 0008408 220.6165 139.3184 14.76054225 58756
1 40930U 15052A   16304.74035063  .00000871  00000+0  33716-4 0  9990
2 40930   5.9972  70.0910 0008382 241.6562 118.2545 14.76053952 58993
1 40930U 15052A   16305.82145395  .00000915  00000+0  39889-4 0  9996
2 40930   5.9983  62.3996 0008513 256.8509 103.0778 14.76054915 59157
1 40930U 15052A   16306.02415818  .00000987  00000+0  50143-4 0  9994
2 40930   5.9982  60.9578 0008777 259.5766 100.3468 14.76055882 59186
1 40930U 15052A   16306.83498128  .00000906  00000+0  38599-4 0  9990
2 40930   5.9960  55.1567 0008750 269.8541  90.0837 14.76055295 59309
1 40930U 15052A   16307.78093960  .00000949  00000+0  44644-4 0  9995
2 40930   5.9965  48.4300 0008781 282.8069  77.1105 14.76056208 59442
1 40930U 15052A   16307.98364559  .00000945  00000+0  44109-4 0  9994
2 40930   5.9962  46.9885 0008770 285.4691  74.4479 14.76056344 59476
1 40930U 15052A   16308.32148755  .00000904  00000+0  38368-4 0  9996
2 40930   5.9963  44.5773 0008919 290.0929  69.8238 14.76056338 59528
1 40930U 15052A   16308.59176306  .00000972  00000+0  47867-4 0  9997
2 40930   5.9967  42.6424 0009004 293.8480  66.0889 14.76057115 59562
1 40930U 15052A   16309.74043048  .00000912  00000+0  39388-4 0  9994
2 40930   5.9964  34.4839 0009024 309.3922  50.5335 14.76057412 59737
1 40930U 15052A   16310.68639684  .00000919  00000+0  40442-4 0  9996
2 40930   5.9966  27.7550 0009006 322.7326  37.2235 14.76058035 59879
1 40930U 15052A   16311.69992993  .00000912  00000+0  39466-4 0  9990
2 40930   5.9969  20.5465 0009004 336.9814  22.9949 14.76058543 60021
1 40930U 15052A   16312.71346325  .00000883  00000+0  35280-4 0  9993
2 40930   5.9974  13.3394 0008907 351.0637   8.9274 14.76058568 60178
1 40930U 15052A   16312.91617124  .00000796  00000+0  22976-4 0  9994
2 40930   5.9972  11.8816 0008853 352.4253   7.5823 14.76057550 60206
1 40930U 15052A   16313.05130773  .00000775  00000+0  20123-4 0  9999
2 40930   5.9971  10.8964 0008830 354.1780   5.8477 14.76057402 60221
1 40930U 15052A   16313.45671665  .00000798  00000+0  23381-4 0  9997
2 40930   5.9971   8.0037 0008778 358.9627   1.0620 14.76057896 60285
1 40930U 15052A   16313.65942095  .00000800  00000+0  23675-4 0  9997
2 40930   5.9973   6.5574 0008775   1.8120 358.2088 14.76057981 60319
1 40930U 15052A   16314.60538584  .00000802  00000+0  23841-4 0  9994
2 40930   5.9974 359.8339 0008775  15.5053 344.5343 14.76058358 60456
1 40930U 15052A   16316.56488460  .00000859  00000+0  31962-4 0  9993
2 40930   5.9982 345.8831 0008633  41.8770 318.2337 14.76059736 60742
1 40930U 15052A   16317.64597928  .00000907  00000+0  38725-4 0  9991
2 40930   5.9977 338.1760 0008596  57.6871 302.4354 14.76060743 60909
1 40930U 15052A   16318.52436716  .00000914  00000+0  39801-4 0  9990
2 40930   5.9977 331.9243 0008514  69.9189 290.1937 14.76061229 61039
1 40930U 15052A   16319.53789445  .00000958  00000+0  46050-4 0  9994
2 40930   5.9985 324.7012 0008418  83.0976 277.0340 14.76062252 61181
1 40930U 15052A   16319.53789446  .00000958  00000+0  46050-4 0  9995
2 40930   5.9985 324.7012 0008418  83.0976 277.0340 14.76062252 61181
1 40930U 15052A   16320.21357502  .00000798  00000+0  23441-4 0  9997
2 40930   5.9979 319.8872 0008220  93.7059 266.3976 14.76060858 61281
1 40930U 15052A   16321.15953450  .00000730  00000+0  13719-4 0  9998
2 40930   5.9980 313.1632 0008259 106.8261 253.2692 14.76060340 61429
1 40930U 15052A   16321.15953453  .00000730  00000+0  13771-4 0  9999
2 40930   5.9981 313.1553 0008270 107.0712 253.0323 14.76060364 61424
1 40930U 15052A   16323.05145180  .00000732  00000+0  14028-4 0  9998
2 40930   5.9981 299.7133 0008331 133.6692 226.4179 14.76060853 61704
1 40930U 15052A   16323.38929251  .00000860  00000+0  32200-4 0  9997
2 40930   5.9978 297.2852 0008446 140.7784 219.3414 14.76062552 61755
1 40930U 15052A   16324.13253428  .00000916  00000+0  40023-4 0  9991
2 40930   5.9985 291.9602 0008212 152.1017 208.0030 14.76063461 61865
1 40930U 15052A   16325.34875184  .00000858  00000+0  31922-4 0  9997
2 40930   5.9987 283.3107 0008257 169.4600 190.5686 14.76063452 62043
1 40930U 15052A   16326.42983832  .00000862  00000+0  32426-4 0  9992
2 40930   5.9981 275.6055 0008310 184.7462 175.2587 14.76063935 62203
1 40930U 15052A   16326.42984216  .00000862  00000+0  32426-4 0  9999
2 40930   5.9981 275.6054 0008310 184.7462 175.2791 14.76063935 62209
1 40930U 15052A   16327.10551943  .00000817  00000+0  26021-4 0  9996
2 40930   5.9996 270.7480 0008164 196.2789 163.7639 14.76063918 62306
1 40930U 15052A   16327.37578078  .00000853  00000+0  31056-4 0  9997
2 40930   5.9983 268.8139 0008835 201.0571 158.9253 14.76064039 62347
1 40930U 15052A   16328.05146081  .00000796  00000+0  22990-4 0  9991
2 40930   5.9980 263.9958 0008748 211.0784 148.8952 14.76063781 62447
1 40930U 15052A   16329.06498059  .00000748  00000+0  16310-4 0  9994
2 40930   5.9976 256.7796 0008680 225.6374 134.3107 14.76063595 62594
1 40930U 15052A   16330.61904907  .00000762  00000+0  18213-4 0  9991
2 40930   5.9969 245.7407 0008680 247.9948 111.9207 14.76064150 62823
1 40930U 15052A   16331.15959642  .00000789  00000+0  22055-4 0  9995
2 40930   5.9978 241.8892 0008731 255.6547 104.2747 14.76064665 62900
1 40930U 15052A   16332.17311746  .00000832  00000+0  28156-4 0  9992
2 40930   5.9983 234.6777 0008838 270.4338  89.4886 14.76065728 63055
1 40930U 15052A   16332.17311884  .00000840  00000+0  29196-4 0  9999
2 40930   5.9978 234.6882 0008785 270.8436  89.0759 14.76065788 63051
1 40930U 15052A   16332.71366219  .00000834  00000+0  28470-4 0  9998
2 40930   5.9977 230.8450 0008796 278.6048  81.2984 14.76065966 63137
1 40930U 15052A   16333.11907431  .00000827  00000+0  27486-4 0  9998
2 40930   5.9980 227.9576 0008809 284.2197  75.7000 14.76066040 63197
1 40930U 15052A   16334.13259971  .00000894  00000+0  36895-4 0  9998
2 40930   5.9980 220.7432 0008751 298.3769  61.5580 14.76066913 63348
1 40930U 15052A   16335.14612442  .00000868  00000+0  33232-4 0  9999
2 40930   5.9980 213.5405 0008807 312.8191  47.1176 14.76067196 63492
1 40930U 15052A   16336.15965218  .00000788  00000+0  21953-4 0  9991
2 40930   5.9959 206.3402 0008509 325.0023  34.9325 14.76066327 63646
1 40930U 15052A   16336.15965632  .00000918  00000+0  40307-4 0  9990
2 40930   5.9958 206.3301 0008400 322.3435  37.6279 14.76067594 63645
1 40930U 15052A   16337.10561185  .00000876  00000+0  34425-4 0  9998
2 40930   5.9955 199.5858 0008223 335.4454  24.5477 14.76067908 63780
1 40930U 15052A   16338.11913561  .00000757  00000+0  17531-4 0  9996
2 40930   5.9954 192.3136 0008467 347.0685  12.9905 14.76067484 63937
1 40930U 15052A   16338.72723974  .00000733  00000+0  14190-4 0  9992
2 40930   5.9952 187.9777 0008452 355.7291   4.2880 14.76067395 64027
1 40930U 15052A   16338.79480612  .00000733  00000+0  14110-4 0  9990
2 40930   5.9952 187.4974 0008452 356.6729   3.3343 14.76067403 64032
1 40930U 15052A   16338.99751176  .00000734  00000+0  14304-4 0  9994
2 40930   5.9954 186.0485 0008449 359.5958   0.4243 14.76067465 64066
1 40930U 15052A   16340.07860156  .00000773  00000+0  19862-4 0  9992
2 40930   5.9954 178.3331 0008457  14.9621 345.0804 14.76068039 64225
1 40930U 15052A   16341.02455959  .00000786  00000+0  21693-4 0  9998
2 40930   5.9954 171.6080 0008471  28.3136 331.7473 14.76068434 64366
1 40930U 15052A   16342.10565421  .00000795  00000+0  22996-4 0  9991
2 40930   5.9954 163.9064 0008509  43.3371 316.7613 14.76068909 64526
1 40930U 15052A   16343.05160784  .00000795  00000+0  22945-4 0  9993
2 40930   5.9954 157.1655 0008486  56.7147 303.3956 14.76069176 64664
1 40930U 15052A   16343.11917311  .00000790  00000+0  22280-4 0  9993
2 40930   5.9955 156.6749 0008463  57.8409 302.2632 14.76069118 64677
1 40930U 15052A   16344.13269574  .00000783  00000+0  21271-4 0  9998
2 40930   5.9958 149.4598 0008447  72.3322 287.7826 14.76069348 64824
1 40930U 15052A   16344.47053509  .00000777  00000+0  20392-4 0  9990
2 40930   5.9957 147.0571 0008436  77.0229 283.0849 14.76069371 64879
1 40930U 15052A   16344.53810316  .00000780  00000+0  20801-4 0  9993
2 40930   5.9961 146.5728 0008404  78.2102 281.9006 14.76069404 64880
1 40930U 15052A   16345.07864802  .00000804  00000+0  24172-4 0  9994
2 40930   5.9960 142.7225 0008388  86.0769 274.0421 14.76069842 64965
1 40930U 15052A   16345.75432701  .00000789  00000+0  22132-4 0  9994
2 40930   5.9964 137.9064 0008286  95.9435 264.1721 14.76069812 65064
1 40930U 15052A   16345.88946165  .00000791  00000+0  22360-4 0  9998
2 40930   5.9965 136.9375 0008031  99.2725 260.8365 14.76069693 65082
1 40930U 15052A   16346.02459681  .00000804  00000+0  24201-4 0  9998
2 40930   5.9965 135.9737 0007989 101.4360 258.6710 14.76069880 65105
1 40930U 15052A   16346.49757233  .00000809  00000+0  24949-4 0  9997
2 40930   5.9964 132.6117 0007953 108.3797 251.7198 14.76070092 65179
1 40930U 15052A   16346.56514031  .00000823  00000+0  27057-4 0  9991
2 40930   5.9965 132.1252 0007510 109.9899 250.1134 14.76070368 65184
1 40930U 15052A   16347.84892995  .00000839  00000+0  29258-4 0  9993
2 40930   5.9969 122.9941 0007507 128.8912 231.1943 14.76070978 65377
1 40930U 15052A   16349.13271851  .00000740  00000+0  15256-4 0  9993
2 40930   5.9959 113.8701 0007652 146.5864 213.4624 14.76070284 65563
1 40930U 15052A   16349.87596742  .00000662  00000+0  42115-5 0  9991
2 40930   5.9942 108.5752 0007667 157.8783 202.1700 14.76069426 65671
1 40930U 15052A   16350.07867065  .00000662  00000+0  42342-5 0  9996
2 40930   5.9942 107.1312 0007661 160.7938 199.2512 14.76069444 65708
1 40930U 15052A   16351.15975620  .00000639  00000+0  95673-6 0  9993
2 40930   5.9937  99.4492 0007649 176.1661 183.8495 14.76069306 65867
1 40930U 15052A   16352.03813950  .00000700  00000+0  95611-5 0  9998
2 40930   5.9944  93.1991 0007684 190.0768 169.9387 14.76070165 65996
1 40930U 15052A   16352.64624677  .00000634  00000+0  24806-6 0  9996
2 40930   5.9941  88.8554 0007671 197.6087 162.3880 14.76069368 66081
1 40930U 15052A   16353.52462758  .00000826  00000+0  27337-4 0  9997
2 40930   5.9946  82.5437 0008181 212.4691 147.5985 14.76071964 66212
1 40930U 15052A   16356.43001864  .00000759  00000+0  17818-4 0  9995
2 40930   5.9948  61.8264 0008630 254.7753 105.1686 14.76072027 66645
1 40930U 15052A   16356.76785021  .00000744  00000+0  15642-4 0  9992
2 40930   5.9962  59.4047 0008659 258.2817 101.6356 14.76071987 66698
1 40930U 15052A   16357.10568855  .00000780  00000+0  20681-4 0  9994
2 40930   5.9962  56.9970 0008866 262.4880  97.4250 14.76072231 66746
1 40930U 15052A   16357.24082433 -.00000321  00000+0 -13506-3 0  9992
2 40930   5.9969  56.0106 0009163 262.4670  97.4675 14.76070655 66764
1 40930U 15052A   16358.05163700  .00000579  00000+0 -76537-5 0  9998
2 40930   5.9969  50.2478 0009167 273.8740  86.0387 14.76071442 66882
1 40930U 15052A   16358.18677230  .00000452  00000+0 -25657-4 0  9996
2 40930   5.9969  49.2892 0009209 275.7413  84.1642 14.76071109 66901
1 40930U 15052A   16358.52461279  .00000938  00000+0  43020-4 0  9990
2 40930   5.9970  46.8727 0009208 280.4615  79.4629 14.76072441 66956
1 40930U 15052A   16358.79488140  .00001418  00000+0  11092-3 0  9992
2 40930   5.9975  44.9531 0009174 284.0661  75.8427 14.76074180 66998
1 40930U 15052A   16358.99758583  .00001360  00000+0  10274-3 0  9992
2 40930   5.9977  43.5142 0009225 286.7019  73.2065 14.76074166 67025
1 40930U 15052A   16361.56517196  .00000832  00000+0  28133-4 0  9999
2 40930   5.9974  25.2743 0009097 324.1298  35.7876 14.76074149 67405
1 40930U 15052A   16362.03815587  .00001729  00000+0  15477-3 0  9999
2 40930   6.0006  21.9895 0009829 333.1100  26.7933 14.76078637 67476
1 40930U 15052A   16363.52466281  .00000822  00000+0  26706-4 0  9998
2 40930   5.9968  11.3365 0009094 351.2782   8.7581 14.76074696 67691
1 40930U 15052A   16365.41656284  .00000763  00000+0  18310-4 0  9998
2 40930   5.9974 357.8649 0009120  17.7939 342.2537 14.76074714 67978
1 40930U 15052A   16365.68683603  .00000653  00000+0  28532-5 0  9998
2 40930   5.9968 355.9334 0008886  20.5975 339.4498 14.76073210 68011
1 40930U 15052A   16366.09224578  .00000751  00000+0  16587-4 0  9991
2 40930   5.9974 353.0589 0009058  26.6291 333.4368 14.76074624 68075
1 40930U 15052A   16366.29494914  .00000748  00000+0  16194-4 0  9996
2 40930   5.9975 351.6118 0009091  29.9472 330.1243 14.76074691 68106
1 40930U 15052A   17001.17332256  .00000700  00000+0  93754-5 0  9996
2 40930   5.9982 345.3323 0008894  39.1623 320.9438 14.76074184 68237
1 40930U 15052A   17001.24088529  .00000677  00000+0  62335-5 0  9999
2 40930   5.9982 344.8374 0008832  40.1174 319.9733 14.76073948 68246
1 40930U 15052A   17002.18683721  .00000643  00000+0  13857-5 0  9996
2 40930   5.9988 338.0932 0008814  51.7471 308.3658 14.76073797 68380
1 40930U 15052A   17002.72737536  .00000699  00000+0  93611-5 0  9997
2 40930   5.9994 334.2321 0008653  57.5015 302.6086 14.76074704 68466
1 40930U 15052A   17002.93007701  .00000781  00000+0  20899-4 0  9993
2 40930   5.9994 332.7801 0008269  61.6824 298.4306 14.76075456 68494
1 40930U 15052A   17003.06520854  .00000855  00000+0  31460-4 0  9995
2 40930   5.9987 331.8190 0007922  64.7013 295.3924 14.76076135 68516
1 40930U 15052A   17003.06520988  .00000850  00000+0  30771-4 0  9992
2 40930   5.9987 331.8174 0007948  64.6709 295.4312 14.76076085 68513
1 40930U 15052A   17004.07872768  .00000750  00000+0  16663-4 0  9993
2 40930   5.9983 324.5815 0007718  78.2324 281.8986 14.76075790 68663
1 40930U 15052A   17004.82196899  .00000755  00000+0  17418-4 0  9994
2 40930   5.9982 319.2998 0007683  89.0171 271.0854 14.76076022 68772
1 40930U 15052A   17005.15980748  .00000740  00000+0  15202-4 0  9998
2 40930   5.9982 316.8902 0007754  93.9945 266.1099 14.76075887 68822
1 40930U 15052A   17006.30845951  .00000781  00000+0  21025-4 0  9997
2 40930   5.9979 308.7246 0007791 110.4584 249.6430 14.76076608 68999
1 40930U 15052A   17007.11927098  .00000728  00000+0  13555-4 0  9990
2 40930   5.9985 302.9444 0007675 123.1292 236.9700 14.76076190 69110
1 40930U 15052A   17007.52467448  .00000717  00000+0  12044-4 0  9993
2 40930   5.9979 300.0619 0007639 130.0500 230.0284 14.76076083 69174
1 40930U 15052A   17007.86251354  .00000700  00000+0  95032-5 0  9998
2 40930   5.9979 297.6594 0007684 135.2916 224.7846 14.76075897 69227
1 40930U 15052A   17007.99764860  .00000640  00000+0  10333-5 0  9997
2 40930   5.9974 296.6997 0007681 137.0712 222.9989 14.76075457 69241
1 40930U 15052A   17009.21386689  .00000740  00000+0  15187-4 0  9995
2 40930   5.9976 288.0548 0007786 154.3558 205.7049 14.76076647 69424
1 40930U 15052A   17010.22737851  .00000760  00000+0  18023-4 0  9993
2 40930   5.9976 280.8383 0007809 169.6412 190.4018 14.76077017 69579
1 40930U 15052A   17011.10575371  .00000774  00000+0  19993-4 0  9990
2 40930   5.9971 274.5806 0007781 182.7176 177.3075 14.76077397 69709
1 40930U 15052A   17011.71385711  .00000742  00000+0  15493-4 0  9990
2 40930   5.9967 270.2495 0007923 191.8369 168.1526 14.76076969 69796
1 40930U 15052A   17011.91656058  .00000725  00000+0  13026-4 0  9998
2 40930   5.9965 268.8059 0007947 194.9473 165.0425 14.76076778 69825
1 40930U 15052A   17012.05169557  .00000726  00000+0  13233-4 0  9998
2 40930   5.9965 267.8449 0007945 196.8313 163.1556 14.76076823 69846
1 40930U 15052A   17012.25439492  .00000747  00000+0  16183-4 0  9998
2 40930   5.9982 266.3829 0008162 199.9844 160.0027 14.76077093 69878
1 40930U 15052A   17012.72736648  .00000753  00000+0  17037-4 0  9999
2 40930   5.9979 263.0240 0008193 207.0030 152.9641 14.76077220 69949
1 40930U 15052A   17013.20033985  .00000780  00000+0  20808-4 0  9997
2 40930   5.9975 259.6445 0008280 214.3034 145.6757 14.76077564 70013
1 40930U 15052A   17015.15979582  .00000819  00000+0  26373-4 0  9991
2 40930   5.9964 245.6922 0008430 242.1873 117.7707 14.76078624 70308
1 40930U 15052A   17016.03816909  .00000785  00000+0  21452-4 0  9997
2 40930   5.9965 239.4316 0008547 255.0913 104.8425 14.76078605 70431
1 40930U 15052A   17017.11924786  .00000808  00000+0  24797-4 0  9991
2 40930   5.9964 231.7487 0008572 271.0088  88.8981 14.76079128 70599
1 40930U 15052A   17017.25438472  .00000823  00000+0  26805-4 0  9997
2 40930   5.9961 230.7801 0008588 273.1645  86.7600 14.76079361 70611
1 40930U 15052A   17018.06519574  .00000769  00000+0  19154-4 0  9998
2 40930   5.9952 224.9786 0008642 282.8743  77.0743 14.76078945 70736
1 40930U 15052A   17018.47059644  .00000721  00000+0  12396-4 0  9999
2 40930   5.9951 222.0875 0008673 287.8596  72.0627 14.76078448 70798
1 40930U 15052A   17018.74086754  .00000651  00000+0  24433-5 0  9999
2 40930   5.9945 220.1553 0008745 290.7345  69.1900 14.76077570 70839
1 40930U 15052A   17019.07870351  .00000676  00000+0  59877-5 0  9997
2 40930   5.9947 217.7408 0008683 295.2850  64.6396 14.76077871 70882
1 40930U 15052A   17019.21383898  .00000687  00000+0  76707-5 0  9991
2 40930   5.9947 216.7791 0008732 297.3116  62.6160 14.76078064 70904
1 40930U 15052A   17019.68681369  .00000721  00000+0  12419-4 0  9994
2 40930   5.9949 213.4193 0008759 303.4271  56.5000 14.76078319 70971
1 40930U 15052A   17019.82194989  .00000702  00000+0  97137-5 0  9997
2 40930   5.9949 212.4496 0008772 305.1920  54.7462 14.76078128 70993
1 40930U 15052A   17020.15978897  .00000745  00000+0  15867-4 0  9999
2 40930   5.9945 210.0367 0008809 309.4509  50.5022 14.76078555 71048
1 40930U 15052A   17020.43005731  .00000754  00000+0  17018-4 0  9998
2 40930   5.9945 208.1159 0008826 313.2447  46.6947 14.76078696 71080
1 40930U 15052A   17020.70032890  .00000745  00000+0  15747-4 0  9991
2 40930   5.9943 206.1906 0008815 316.7724  43.1734 14.76078632 71121
1 40930U 15052A   17020.90303238  .00000738  00000+0  14753-4 0  9998
2 40930   5.9946 204.7442 0008813 319.6752  40.2772 14.76078606 71158
1 40930U 15052A   17021.03816739  .00000761  00000+0  18047-4 0  9994
2 40930   5.9947 203.7789 0008801 321.3104  38.6460 14.76078887 71178
1 40930U 15052A   17021.44357493  .00000737  00000+0  14689-4 0  9997
2 40930   5.9942 200.8920 0008783 327.2462  32.7197 14.76078705 71237
1 40930U 15052A   17021.71384420  .00000735  00000+0  14415-4 0  9992
2 40930   5.9942 198.9643 0008804 330.6904  29.2723 14.76078695 71277
1 40930U 15052A   17021.78141233  .00000733  00000+0  14094-4 0  9993
2 40930   5.9943 198.4802 0008806 331.6393  28.3291 14.76078680 71280
1 40930U 15052A   17021.98411569  .00000765  00000+0  18658-4 0  9992
2 40930   5.9941 197.0394 0008792 334.2171  25.7545 14.76079090 71319
1 40930U 15052A   17027.79495931  .00000801  00000+0  23756-4 0  9998
2 40930   5.9958 155.6751 0008968  55.0310 305.1312 14.76081123 72174
1 40930U 15052A   17028.20035216  .00000822  00000+0  26663-4 0  9994
2 40930   5.9951 152.7715 0008846  60.1974 299.9220 14.76081554 72236
1 40930U 15052A   17028.47062144  .00000785  00000+0  21526-4 0  9994
2 40930   5.9944 150.8400 0008504  64.4461 295.6701 14.76081151 72271
1 40930U 15052A   17028.74088640  .00000757  00000+0  17595-4 0  9993
2 40930   5.9962 148.8879 0008384  67.9735 292.1409 14.76080906 72315
1 40930U 15052A   17030.56521105  .00000747  00000+0  16207-4 0  9992
2 40930   5.9960 135.8857 0008123  94.1444 265.9973 14.76081230 72589
1 40930U 15052A   17030.63277188  .00000756  00000+0  17439-4 0  9997
2 40930   5.9962 135.3929 0008124  95.2228 264.8959 14.76081350 72595
1 40930U 15052A   17033.80843509  .00000633  00000+0  00000+0 0  9990
2 40930   5.9962 112.8115 0008840 150.5851 209.4862 14.76083570 73061
1 40930U 15052A   17033.80843583  .00000596  00000+0 -52348-5 0  9999
2 40930   5.9965 112.7818 0007830 140.7997 219.2738 14.76080557 73066
1 40930U 15052A   17034.14626958  .00000601  00000+0 -44565-5 0  9991
2 40930   5.9964 110.3780 0007817 145.5069 214.5449 14.76080558 73119
1 40930U 15052A   17035.76788612  .00000821  00000+0  26595-4 0  9991
2 40930   5.9966  98.8477 0007856 169.2741 190.7658 14.76082921 73356
1 40930U 15052A   17036.10572045  .00000828  00000+0  27619-4 0  9996
2 40930   5.9965  96.4492 0007883 174.6087 185.4128 14.76083191 73408
1 40930U 15052A   17037.11922893  .00000819  00000+0  26429-4 0  9996
2 40930   5.9963  89.2449 0007884 189.0420 170.9563 14.76083490 73550
1 40930U 15052A   17038.06517023  .00000825  00000+0  27246-4 0  9991
2 40930   5.9962  82.5225 0007897 202.4480 157.5299 14.76083929 73696
1 40930U 15052A   17039.14624609  .00000823  00000+0  26988-4 0  9990
2 40930   5.9962  74.8380 0007897 217.7004 142.2477 14.76083882 73858
1 40930U 15052A   17041.03813226  .00000739  00000+0  14995-4 0  9997
2 40930   5.9951  61.3179 0008876 252.1010 107.9026 14.76083421 74130
1 40930U 15052A   17042.11919503  .00000742  00000+0  15362-4 0  9995
2 40930   5.9947  53.6138 0008956 267.5764  92.3534 14.76083611 74298
1 40930U 15052A   17043.13270425  .00000721  00000+0  12399-4 0  9995
2 40930   5.9932  46.3857 0009031 282.3647  77.5706 14.76083609 74449
1 40930U 15052A   17044.07864626  .00000722  00000+0  12475-4 0  9997
2 40930   5.9929  39.6505 0009128 295.3948  64.5375 14.76083793 74582
1 40930U 15052A   17045.02459091  .00000719  00000+0  11979-4 0  9993
2 40930   5.9917  32.8891 0009520 308.6664  51.3021 14.76083771 74725
1 40930U 15052A   17046.03809924  .00000682  00000+0  67396-5 0  9993
2 40930   5.9899  25.7092 0009751 322.3943  37.5285 14.76083639 74874
1 40930U 15052A   17047.05162027  .00000654  00000+0  27354-5 0  9991
2 40930   5.9890  18.4517 0010154 330.3031  29.7298 14.76083378 75027
1 40930U 15052A   17048.06511233  .00000717  00000+0  11669-4 0  9991
2 40930   5.9883  11.2358 0009949 346.3987  13.5415 14.76084272 75172
1 40930U 15052A   17048.13268872  .00000727  00000+0  13171-4 0  9998
2 40930   5.9906  10.6882 0009526 348.6990  11.3567 14.76084592 75183
1 40930U 15052A   17048.74077930  .00000788  00000+0  21778-4 0  9997
2 40930   5.9915   6.3493 0009691 350.6076   9.3912 14.76085199 75279
1 40930U 15052A   17049.01104555  .00000695  00000+0  86751-5 0  9992
2 40930   5.9885   4.4069 0009428 353.1062   6.8926 14.76084613 75316
1 40930U 15052A   17049.01104955  .00000736  00000+0  14465-4 0  9994
2 40930   5.9885   4.4069 0009428 353.1062   6.9148 14.76084741 75315
1 40930U 15052A   17050.09213030  .00000779  00000+0  20517-4 0  9991
2 40930   5.9889 356.7275 0009496   9.0177 351.0103 14.76085447 75476
1 40930U 15052A   17050.49753232  .00000851  00000+0  30729-4 0  9995
2 40930   5.9907 353.8318 0009248  13.8039 346.2327 14.76086431 75533
1 40930U 15052A   17050.83536777  .00000850  00000+0  30566-4 0  9994
2 40930   5.9913 351.4225 0009068  18.4346 341.6031 14.76086616 75584
1 40930U 15052A   17051.24077460  .00000830  00000+0  27858-4 0  9997
2 40930   5.9944 348.5097 0008796  24.6616 335.4207 14.76086724 75641
1 40930U 15052A   17051.44347442  .00000803  00000+0  24075-4 0  9997
2 40930   5.9961 347.0761 0008430  27.4894 332.5716 14.76086540 75678
1 40930U 15052A   17053.53806857  .00000814  00000+0  25623-4 0  9991
2 40930   5.9964 332.1877 0008375  56.8301 303.2633 14.76087291 75982
1 40930U 15052A   17055.76779295  .00000796  00000+0  23077-4 0  9993
2 40930   5.9962 316.3308 0008286  88.2282 271.8870 14.76087922 76313
1 40930U 15052A   17055.90292616  .00000827  00000+0  27472-4 0  9994
2 40930   5.9963 315.3743 0008309  90.0555 270.0517 14.76088332 76333
1 40930U 15052A   17056.03806087  .00000809  00000+0  24846-4 0  9994
2 40930   5.9961 314.4028 0008294  92.0303 268.0876 14.76088229 76355
1 40930U 15052A   17056.37589281  .00000788  00000+0  21906-4 0  9995
2 40930   5.9970 311.9840 0007946 100.3765 259.7423 14.76088597 76406
1 40930U 15052A   17056.71372486  .00000746  00000+0  15997-4 0  9997
2 40930   5.9968 309.5752 0007915 105.5377 254.5632 14.76088325 76459
1 40930U 15052A   17056.91642634  .00000740  00000+0  15255-4 0  9995
2 40930   5.9966 308.1303 0007894 108.4250 251.6775 14.76088315 76480
1 40930U 15052A   17057.05155999  .00000747  00000+0  16139-4 0  9993
2 40930   5.9969 307.1661 0007911 110.2996 249.8020 14.76088414 76502
1 40930U 15052A   17057.38939414  .00000828  00000+0  27668-4 0  9990
2 40930   5.9972 304.7598 0007783 115.9244 244.1756 14.76089291 76556
1 40930U 15052A   17057.72722821  .00000833  00000+0  28315-4 0  9996
2 40930   5.9970 302.3576 0007775 120.8588 239.2306 14.76089447 76606
1 40930U 15052A   17057.79479528  .00000820  00000+0  26506-4 0  9992
2 40930   5.9970 301.8771 0007770 121.8420 238.2462 14.76089367 76612
1 40930U 15052A   17058.06506367  .00000833  00000+0  28387-4 0  9998
2 40930   5.9973 299.9534 0007779 125.6495 234.4388 14.76089593 76652
1 40930U 15052A   17058.13263035  .00000839  00000+0  29260-4 0  9995
2 40930   5.9972 299.4736 0007784 126.5434 233.5401 14.76089645 76664
1 40930U 15052A   17058.80829672  .00000902  00000+0  38170-4 0  9995
2 40930   5.9963 294.6520 0007709 137.2146 222.8592 14.76090406 76768
1 40930U 15052A   17059.14613088  .00000813  00000+0  25458-4 0  9991
2 40930   5.9969 292.2390 0007775 142.5589 217.5099 14.76089634 76816
1 40930U 15052A   17059.41639801  .00000777  00000+0  20442-4 0  9999
2 40930   5.9969 290.3149 0007749 147.3567 212.7037 14.76089408 76859
1 40930U 15052A   17059.41639806  .00000753  00000+0  17079-4 0  9990
2 40930   5.9970 290.3174 0007724 147.3729 212.6847 14.76089197 76855
1 40930U 15052A   17059.74453774  .00000791  00000+0  22434-4 0  9997
2 40930   5.9969 287.9827 0007771 152.1681 156.2302 14.76089662 76893
1 40930U 15052A   17060.09206775  .00000805  00000+0  24319-4 0  9994
2 40930   5.9968 285.5125 0007804 157.0513 202.9972 14.76089929 76957
1 40930U 15052A   17060.42990211  .00000796  00000+0  23118-4 0  9991
2 40930   5.9966 283.1082 0007799 161.9185 198.1228 14.76089935 77007
1 40930U 15052A   17060.56503585  .00000809  00000+0  24924-4 0  9991
2 40930   5.9968 282.1465 0007812 164.0435 195.9963 14.76090123 77025
1 40930U 15052A   17061.03800391  .00000812  00000+0  25415-4 0  9999
2 40930   5.9970 278.7807 0007844 170.8787 189.1533 14.76090376 77094
1 40930U 15052A   17061.51097136  .00000801  00000+0  23835-4 0  9999
2 40930   5.9969 275.4119 0007824 178.6889 181.3348 14.76090522 77168
1 40930U 15052A   17061.64610352  .00000804  00000+0  24247-4 0  9995
2 40930   5.9972 274.4434 0007877 181.3684 178.6532 14.76090733 77183
1 40930U 15052A   17062.18663477  .00000769  00000+0  19318-4 0  9994
2 40930   5.9971 270.5914 0007905 189.0825 170.9137 14.76090595 77267
1 40930U 15052A   17062.38933577  .00000759  00000+0  17854-4 0  9999
2 40930   5.9972 269.1470 0007920 191.9818 168.0144 14.76090565 77296
1 40930U 15052A   17063.06500444  .00000719  00000+0  12167-4 0  9996
2 40930   5.9963 264.3408 0007955 201.3811 158.5986 14.76090331 77391
1 40930U 15052A   17064.07850856  .00000779  00000+0  20616-4 0  9997
2 40930   5.9964 257.1340 0008029 215.3654 144.6013 14.76091106 77545
1 40930U 15052A   17064.48390536  .00000833  00000+0  28280-4 0  9992
2 40930   5.9961 254.2361 0008124 221.2785 138.6762 14.76091781 77600
1 40930U 15052A   17064.82173900  .00000848  00000+0  30443-4 0  9994
2 40930   5.9960 251.8230 0008264 226.3867 133.5730 14.76092213 77654
1 40930U 15052A   17065.09200337  .00000900  00000+0  37808-4 0  9990
2 40930   5.9961 249.8928 0008362 229.7361 130.2163 14.76092937 77692
1 40930U 15052A   17066.17307143  .00000910  00000+0  39115-4 0  9997
2 40930   5.9962 242.2081 0008335 245.1933 114.7332 14.76093598 77854
1 40930U 15052A   17066.24063828  .00000892  00000+0  36562-4 0  9996
2 40930   5.9960 241.7261 0008386 246.0009 113.9252 14.76093463 77860
1 40930U 15052A   17066.98387449  .00000985  00000+0  49729-4 0  9997
2 40930   5.9957 236.4216 0008438 256.2662 103.6822 14.76094853 77978
1 40930U 15052A   17067.99737301  .00001065  00000+0  61007-4 0  9998
2 40930   5.9954 229.2043 0008588 271.4685  88.4658 14.76096326 78125
1 40930U 15052A   17069.75410837  .00000852  00000+0  30853-4 0  9994
2 40930   5.9962 216.6768 0008953 295.7413  64.1850 14.76095153 78382
1 40930U 15052A   17069.75411022  .00000862  00000+0  32369-4 0  9996
2 40930   5.9960 216.6854 0008929 295.8859  64.0446 14.76095356 78389
1 40930U 15052A   17070.15951001  .00000719  00000+0  12139-4 0  9992
2 40930   5.9962 213.7850 0009027 300.6721  59.2449 14.76093651 78440
1 40930U 15052A   17070.22707850  .00000719  00000+0  12102-4 0  9991
2 40930   5.9963 213.3025 0009025 301.5841  58.3428 14.76093663 78453
1 40930U 15052A   17070.83518315  .00000715  00000+0  11548-4 0  9993
2 40930   5.9965 208.9721 0009022 310.1071  49.8350 14.76093766 78549
1 40930U 15052A   17071.17301750  .00000725  00000+0  12947-4 0  9999
2 40930   5.9961 206.5599 0009033 314.2895  45.6598 14.76093926 78594
1 40930U 15052A   17071.51084990  .00000751  00000+0  16597-4 0  9995
2 40930   5.9962 204.1564 0008984 317.9230  42.0198 14.76094442 78645
1 40930U 15052A   17071.84868390  .00000774  00000+0  19815-4 0  9996
2 40930   5.9969 201.7329 0009003 322.4926  37.4690 14.76094782 78697
1 40930U 15052A   17071.98381622  .00000786  00000+0  21538-4 0  9997
2 40930   5.9969 200.7732 0008985 323.9269  36.0259 14.76094959 78713
1 40930U 15052A   17073.20002304  .00000856  00000+0  31394-4 0  9990
2 40930   5.9968 192.1137 0009102 340.2802  19.6965 14.76096003 78894
1 40930U 15052A   17073.80812885  .00000785  00000+0  21413-4 0  9991
2 40930   5.9975 187.7871 0009058 348.6565  11.3378 14.76095535 78981
1 40930U 15052A   17074.75406435  .00000796  00000+0  23005-4 0  9997
2 40930   5.9972 181.0332 0008936   0.2519 359.7626 14.76095877 79122
1 40930U 15052A   17075.70000015  .00000766  00000+0  18789-4 0  9997
2 40930   5.9972 174.2772 0008846  11.6267 348.4139 14.76096150 79264
1 40930U 15052A   17076.17296939  .00000768  00000+0  19053-4 0  9998
2 40930   5.9972 170.9157 0008839  18.2307 341.8136 14.76096299 79330
1 40930U 15052A   17080.36212869  .00000708  00000+0  10488-4 0  9991
2 40930   5.9969 141.1232 0008803  77.3408 282.7706 14.76096599 79956
1 40930U 15052A   17082.11886819  .00000743  00000+0  15587-4 0  9992
2 40930   5.9968 128.6140 0008542 101.1963 258.9434 14.76097398 80217
1 40930U 15052A   17083.13236397  .00000714  00000+0  11462-4 0  9991
2 40930   5.9965 121.4032 0008533 115.4039 244.7035 14.76097360 80362
1 40930U 15052A   17084.07829671  .00000751  00000+0  16687-4 0  9993
2 40930   5.9972 114.6703 0008445 129.1111 230.9902 14.76097968 80504
1 40930U 15052A   17085.36205210  .00000871  00000+0  33696-4 0  9995
2 40930   5.9949 105.4963 0008134 146.9303 213.1563 14.76099818 80691
1 40930U 15052A   17087.65931079  .00000344  00000+0 -40817-4 0  9997
2 40930   5.9945  89.0308 0007506 183.2416 176.8824 14.76095545 81035
1 40930U 15052A   17088.19982421  .00000806  00000+0  24516-4 0  9994
2 40930   5.9918  85.2175 0008252 199.6338 160.3673 14.76099811 81117
1 40930U 15052A   17089.28088422 -.00001150  00000+0 -25221-3 0  9991
2 40930   5.9943  77.4460 0008677 213.1969 146.8517 14.76097764 81276
1 40930U 15052A   17090.09166742  .00000756  00000+0  17330-4 0  9996
2 40930   5.9943  71.6865 0008881 224.8046 135.1463 14.76100589 81397
1 40930U 15052A   17091.10516340  .00000817  00000+0  25929-4 0  9993
2 40930   5.9942  64.5158 0008492 240.7744 119.1206 14.76101261 81544
1 40930U 15052A   17092.25380134  .00000840  00000+0  29282-4 0  9992
2 40930   5.9939  56.3397 0008486 256.7347 103.1954 14.76101882 81714
1 40930U 15052A   17095.15914994  .00000912  00000+0  39468-4 0  9998
2 40930   6.0025  35.6200 0008680 295.2828  64.6289 14.76103843 82142
1 40930U 15052A   17097.18615457  .00000913  00000+0  39493-4 0  9994
2 40930   6.0032  21.1951 0008731 324.0466  35.9230 14.76104962 82442
1 40930U 15052A   17100.36179058  .00000831  00000+0  28132-4 0  9998
2 40930   6.0002 358.5911 0007428   3.5292 356.5204 14.76105002 82911
1 40930U 15052A   17104.14552060  .00000816  00000+0  25877-4 0  9992
2 40930   5.9977 331.6784 0007972  57.0991 302.9871 14.76106081 83479
1 40930U 15052A   17106.51032121  .00000928  00000+0  41751-4 0  9999
2 40930   5.9955 314.7151 0007307  92.4136 267.6906 14.76107512 83826
1 40930U 15052A   17106.98328437  .00000919  00000+0  40511-4 0  9991
2 40930   5.9959 311.3443 0007309  99.2695 260.8343 14.76107684 83891
1 40930U 15052A   17117.72628758  .00000900  00000+0  37879-4 0  9997
2 40930   5.9991 234.9348 0007433 250.9997 108.9509 14.76113038 85483
1 40930U 15052A   17119.82074973  .00003573  00000+0  41529-3 0  9999
2 40930   5.9953 219.8847 0008675 275.0680  84.5807 14.76119001 85793
1 40930U 15052A   17120.63159103  .00000386  00000+0 -34936-4 0  9994
2 40930   5.9946 214.0876 0008722 289.7637  70.1631 14.76112114 85919
1 40930U 15052A   17121.17212013  .00001049  00000+0  58736-4 0  9994
2 40930   5.9927 210.2445 0008969 296.0734  63.8561 14.76114153 85994
1 40930U 15052A   17122.45587657  .00001091  00000+0  64651-4 0  9995
2 40930   5.9912 201.0999 0009142 314.9677  44.9843 14.76115354 86189
1 40930U 15052A   17122.52344032  .00000999  00000+0  51577-4 0  9990
2 40930   5.9907 200.6062 0009071 316.1459  43.8062 14.76114944 86198
1 40930U 15052A   17123.53693295  .00000863  00000+0  32418-4 0  9993
2 40930   5.9905 193.3877 0009030 330.7124  29.2599 14.76114769 86349
1 40930U 15052A   17124.68555913  .00000703  00000+0  97550-5 0  9996
2 40930   5.9931 185.2345 0008849 345.8598  14.1097 14.76113906 86514
1 40930U 15052A   17125.15852753  .00000710  00000+0  10863-4 0  9990
2 40930   5.9932 181.8726 0008847 352.4356   7.5641 14.76114031 86582
1 40930U 15052A   17125.49635910  .00000740  00000+0  15052-4 0  9999
2 40930   5.9933 179.4543 0008682 357.1123   2.9133 14.76114410 86636
1 40930U 15052A   17125.76662024  .00000824  00000+0  26908-4 0  9990
2 40930   5.9935 177.5260 0008409 358.5767   1.4459 14.76115201 86677
1 40930U 15052A   17125.83418429  .00000833  00000+0  28235-4 0  9991
2 40930   5.9934 177.0444 0008410 359.3184   0.6953 14.76115300 86680
1 40930U 15052A   17127.72604002  .00000753  00000+0  16893-4 0  9993
2 40930   5.9930 163.5839 0008225  26.2419 333.8129 14.76115090 86962
1 40930U 15052A   17129.07736569  .00000790  00000+0  22233-4 0  9993
2 40930   5.9933 153.9736 0008156  45.5879 314.4996 14.76115774 87160
1 40930U 15052A   17130.15842326  .00000768  00000+0  19104-4 0  9991
2 40930   5.9935 146.2767 0008154  60.5535 299.5506 14.76115868 87327
1 40930U 15052A   17130.49625135  .00000782  00000+0  21076-4 0  9992
2 40930   5.9937 143.8678 0008180  65.4704 294.6316 14.76116123 87379
1 40930U 15052A   17130.83407915  .00000835  00000+0  28596-4 0  9997
2 40930   5.9936 141.4571 0008125  70.4978 289.6082 14.76116861 87421
1 40930U 15052A   17131.17190842  .00000824  00000+0  27021-4 0  9993
2 40930   5.9937 139.0512 0008077  75.0869 285.0180 14.76116809 87472
1 40930U 15052A   17131.23947396  .00000809  00000+0  24949-4 0  9993
2 40930   5.9936 138.5667 0008061  75.7503 284.3542 14.76116629 87486
1 40930U 15052A   17131.71243580  .00000771  00000+0  19571-4 0  9993
2 40930   5.9939 135.1964 0008043  82.8308 277.2783 14.76116403 87550
1 40930U 15052A   17134.88803234  .00000786  00000+0  21583-4 0  9994
2 40930   5.9948 112.5900 0007926 128.1265 231.9942 14.76117502 88022
1 40930U 15052A   17135.56368299  .00000620  00000+0 -17853-5 0  9991
2 40930   5.9952 107.7536 0007766 137.9211 222.1626 14.76115539 88129
1 40930U 15052A   17135.69881251  .00000637  00000+0  56525-6 0  9990
2 40930   5.9948 106.8001 0007746 140.0388 220.0272 14.76115787 88140
1 40930U 15052A   17137.11768024 -.00001719  00000+0 -33263-3 0  9996
2 40930   5.9917  96.5650 0008084 175.2420 184.9087 14.76114582 88351
1 40930U 15052A   17138.13116292  .00000815  00000+0  25838-4 0  9997
2 40930   5.9981  89.4195 0007654 177.4667 182.5704 14.76118031 88506
1 40930U 15052A   17138.80681666  .00000822  00000+0  26795-4 0  9994
2 40930   5.9971  84.6306 0007763 189.0921 170.9065 14.76118495 88605
1 40930U 15052A   17139.00951356  .00000755  00000+0  17303-4 0  9993
2 40930   5.9967  83.1794 0007802 192.7828 167.2182 14.76117876 88630
1 40930U 15052A   17140.29325972  .00000792  00000+0  22437-4 0  9990
2 40930   5.9972  74.0519 0007800 210.8909 149.0798 14.76118572 88826
1 40930U 15052A   17141.44187549  .00000787  00000+0  21811-4 0  9993
2 40930   5.9971  65.8451 0008080 228.4541 131.5420 14.76119305 88997
1 40930U 15052A   17144.68502179  .00000727  00000+0  13316-4 0  9997
2 40930   5.9951  42.7524 0008393 275.9863  83.9572 14.76119167 89479
1 40930U 15052A   17146.57686031  .00000674  00000+0  57308-5 0  9998
2 40930   5.9976  29.2660 0008652 301.7145  58.2235 14.76118677 89753
1 40930U 15052A   17147.52277873  .00000652  00000+0  25814-5 0  9997
2 40930   5.9992  22.5002 0008809 311.8605  48.1037 14.76118927 89895
1 40930U 15052A   17147.59033983  .00000663  00000+0  41940-5 0  9996
2 40930   5.9998  22.0194 0008818 312.5833  47.3560 14.76119035 89904
1 40930U 15052A   17149.48219150  .00000761  00000+0  18000-4 0  9997
2 40930   6.0015   8.5471 0009038 339.3154  20.6963 14.76120452 90189
1 40930U 15052A   17149.61731707  .00000506  00000+0 -18113-4 0  9992
2 40930   5.9998   7.5220 0009382 334.5181  25.5364 14.76121118 90209
1 40930U 15052A   17150.36053210  .00000144  00000+0 -69134-4 0  9999
2 40930   5.9978   2.2389 0008891 345.0740  14.9254 14.76119486 90314
1 40930U 15052A   17151.71185470  .00000871  00000+0  33529-4 0  9998
2 40930   5.9986 352.6487 0008984   4.8100 355.2173 14.76122230 90511
1 40930U 15052A   17152.04968435  .00000617  00000+0 -23485-5 0  9995
2 40930   5.9974 350.2378 0008889   9.3237 350.7083 14.76120552 90566
1 40930U 15052A   17154.48205814  .00000779  00000+0  20550-4 0  9997
2 40930   5.9971 332.9424 0008550  44.0044 316.0753 14.76122438 90923
1 40930U 15052A   17154.68475480  .00001435  00000+0  11326-3 0  9997
2 40930   5.9963 331.4682 0008459  47.3179 312.8020 14.76125232 90956
1 40930U 15052A   17155.76580428  .00000866  00000+0  32849-4 0  9997
2 40930   5.9967 323.7928 0008500  62.5659 297.5346 14.76123811 91116
1 40930U 15052A   17160.02243692  .00000893  00000+0  36765-4 0  9992
2 40930   5.9960 293.5227 0008137 123.0915 237.0042 14.76125533 91743
1 40930U 15052A   17161.57643931  .00000778  00000+0  20491-4 0  9994
2 40930   5.9964 282.4368 0008165 145.9925 214.0905 14.76124615 91973
1 40930U 15052A   17161.84670087  .00000733  00000+0  14107-4 0  9994
2 40930   5.9962 280.5093 0008122 149.7914 210.2809 14.76123897 92016
1 40930U 15052A   17162.52234524  .00000458  00000+0 -24780-4 0  9995
2 40930   5.9956 275.6748 0007966 165.4561 194.5721 14.76121649 92110
1 40930U 15052A   17163.26556604  .00000491  00000+0 -20077-4 0  9995
2 40930   5.9959 270.3879 0007977 176.3423 183.6767 14.76121700 92229
1 40930U 15052A   17165.36009236  .00000025  00000+0  34695-5 0  9996
2 40930   5.9948 255.4343 0008040 206.2917 153.7438 14.76122114 92537
1 40930U 15052A   17165.36009622  .00000597  00000+0 -50801-5 0  9997
2 40930   5.9965 255.4736 0007981 207.2172 152.7919 14.76122481 92539
1 40930U 15052A   17167.25192328  .00000667  00000+0  47943-5 0  9993
2 40930   5.9968 242.0071 0008194 236.6167 123.3566 14.76123736 92810
1 40930U 15052A   17168.67079242  .00000698  00000+0  91516-5 0  9998
2 40930   5.9978 231.9052 0008202 257.1100 102.8327 14.76124290 93029
1 40930U 15052A   17169.81940376  .00000872  00000+0  33692-4 0  9994
2 40930   5.9977 223.7321 0008275 272.2176  87.7343 14.76126688 93197
1 40930U 15052A   17170.08965958  .00000862  00000+0  32338-4 0  9993
2 40930   5.9968 221.8206 0008314 275.3737  84.5334 14.76126672 93232
1 40930U 15052A   17170.35992182  .00000757  00000+0  17441-4 0  9993
2 40930   5.9979 219.8636 0008475 279.3299  80.6046 14.76125651 93270
1 40930U 15052A   17171.10313946  .00000663  00000+0  41800-5 0  9995
2 40930   5.9974 214.5736 0008592 288.8456  71.0701 14.76124815 93383
1 40930U 15052A   17173.26524519  .00000719  00000+0  12002-4 0  9997
2 40930   5.9951 199.0705 0008917 317.5275  42.5615 14.76125761 93705
1 40930U 15052A   17175.83272003  .00000758  00000+0  17510-4 0  9992
2 40930   5.9949 180.8088 0009184 351.3331   8.6693 14.76126007 94085
1 40930U 15052A   17176.03541663  .00000749  00000+0  16275-4 0  9993
2 40930   5.9944 179.3681 0009173 354.2157   5.7855 14.76125960 94117
1 40930U 15052A   17177.04890502  .00000743  00000+0  15434-4 0  9994
2 40930   5.9944 172.1613 0009175   8.3977 351.6319 14.76126109 94262
1 40930U 15052A   17177.58943171  .00000798  00000+0  23202-4 0  9996
2 40930   5.9933 168.3076 0008990  15.3341 344.7272 14.76126909 94345
1 40930U 15052A   17178.67047847  .00000797  00000+0  23110-4 0  9999
2 40930   5.9929 160.5760 0008907  28.8858 331.2132 14.76127174 94503
1 40930U 15052A   17179.48126156  .00000718  00000+0  11982-4 0  9997
2 40930   5.9926 154.8106 0008858  40.4989 319.5790 14.76126488 94629
1 40930U 15052A   17179.61639094  .00000814  00000+0  25585-4 0  9993
2 40930   5.9924 153.8448 0008458  42.7675 317.3173 14.76127643 94645
1 40930U 15052A   17180.42717482  .00000439  00000+0 -27443-4 0  9991
2 40930   5.9961 148.0005 0008052  52.1720 307.9744 14.76125700 94761
1 40930U 15052A   17181.71091361  .00000638  00000+0  66390-6 0  9991
2 40930   5.9956 138.8710 0007943  71.0858 289.0274 14.76125979 94952
1 40930U 15052A   17182.45413279  .00000643  00000+0  14719-5 0  9992
2 40930   5.9946 133.5916 0007991  81.4889 278.6106 14.76126099 95068
1 40930U 15052A   17182.72439350  .00000680  00000+0  66325-5 0  9991
2 40930   5.9949 131.6457 0007884  86.7519 273.3671 14.76126369 95103
1 40930U 15052A   17183.40004269  .00000760  00000+0  17980-4 0  9995
2 40930   5.9951 126.8333 0007720  97.2749 262.8285 14.76127342 95203
1 40930U 15052A   17183.53517306  .00000755  00000+0  17276-4 0  9992
2 40930   5.9951 125.8716 0007709  99.4939 260.6068 14.76127297 95225
1 40930U 15052A   17184.68378485  .00000809  00000+0  24965-4 0  9995
2 40930   5.9953 117.6973 0007671 115.4647 244.6390 14.76128004 95399
1 40930U 15052A   17184.95404402  .00000808  00000+0  24723-4 0  9995
2 40930   5.9953 115.7752 0007662 119.3392 240.7511 14.76128082 95436
1 40930U 15052A   17186.10265416  .00000809  00000+0  24922-4 0  9996
2 40930   5.9963 107.5777 0007616 136.7502 223.3590 14.76128495 95609
1 40930U 15052A   17186.37290801  .00000840  00000+0  29266-4 0  9992
2 40930   5.9958 105.6557 0007721 140.9810 219.0894 14.76128881 95646
1 40930U 15052A   17186.77829851  .00000837  00000+0  28911-4 0  9991
2 40930   5.9959 102.7728 0007729 146.9788 213.0818 14.76129026 95702
1 40930U 15052A   17186.84586377  .00000832  00000+0  28118-4 0  9996
2 40930   5.9958 102.2925 0007726 148.0915 211.9679 14.76128993 95712
1 40930U 15052A   17187.11612452  .00000808  00000+0  24781-4 0  9996
2 40930   5.9962 100.3628 0007719 152.1949 207.8657 14.76128810 95753
1 40930U 15052A   17189.14307677  .00000813  00000+0  25461-4 0  9993
2 40930   5.9973  85.9508 0007721 180.7689 179.2413 14.76129623 96050
1 40930U 15052A   17190.35924902  .00000613  00000+0 -28375-5 0  9991
2 40930   5.9951  77.3008 0007650 199.1750 160.7872 14.76127402 96237
1 40930U 15052A   17190.69707930  .00000616  00000+0 -23862-5 0  9997
2 40930   5.9961  74.9015 0007690 203.6781 156.2990 14.76127524 96289
1 40930U 15052A   17190.69707935  .00000616  00000+0 -23859-5 0  9998
2 40930   5.9961  74.9015 0007690 203.6781 156.2992 14.76127524 96281
1 40930U 15052A   17193.46725641  .00000691  00000+0  82092-5 0  9996
2 40930   5.9963  55.1838 0007937 244.8994 115.0752 14.76128526 96699
1 40930U 15052A   17193.80507478  .00000623  00000+0 -14423-5 0  9999
2 40930   5.9971  52.7747 0008012 250.0098 109.9233 14.76127986 96740
1 40930U 15052A   17194.41315834  .00000677  00000+0  61409-5 0  9994
2 40930   5.9947  48.4234 0008112 257.6697 102.2644 14.76128413 96833
1 40930U 15052A   17195.49420305  .00000772  00000+0  19616-4 0  9991
2 40930   5.9942  40.7287 0008330 271.9116  88.0257 14.76129459 96997
1 40930U 15052A   17196.50767906  .00000873  00000+0  33919-4 0  9999
2 40930   5.9950  33.4985 0008427 286.1208  73.8266 14.76130985 97143
1 40930U 15052A   17197.52115546  .00000853  00000+0  30890-4 0  9992
2 40930   5.9961  26.2466 0009242 300.5096  59.4658 14.76131039 97293
1 40930U 15052A   17199.68324261  .00000760  00000+0  17839-4 0  9992
2 40930   5.9970  10.8505 0009299 330.4552  29.5218 14.76130923 97614
1 40930U 15052A   17200.42645774  .00000795  00000+0  22792-4 0  9994
2 40930   5.9960   5.5643 0009321 340.1985  19.7708 14.76131679 97727
1 40930U 15052A   17200.76428717  .00000738  00000+0  14685-4 0  9996
2 40930   5.9971   3.1386 0009342 344.1850  15.8193 14.76131240 97779
1 40930U 15052A   17201.03454438  .00000745  00000+0  15650-4 0  9997
2 40930   5.9962   1.2061 0009187 347.6322  12.3639 14.76131480 97815
1 40930U 15052A   17202.31829018  .00000630  00000+0 -48221-6 0  9995
2 40930   5.9958 352.0793 0009132   5.1552 354.8622 14.76130624 98007
1 40930U 15052A   17202.72368524  .00000580  00000+0 -75346-5 0  9991
2 40930   5.9962 349.1910 0009045  10.3860 349.6491 14.76130085 98066
1 40930U 15052A   17203.46690443  .00000607  00000+0 -37892-5 0  9995
2 40930   5.9963 343.8957 0008906  19.3907 340.6587 14.76130336 98173
1 40930U 15052A   17204.21012195  .00000630  00000+0 -47694-6 0  9999
2 40930   5.9956 338.5990 0008675  29.6771 330.3779 14.76130560 98289
1 40930U 15052A   17205.42629439  .00000793  00000+0  22585-4 0  9997
2 40930   5.9972 329.9171 0008233  45.3234 314.7574 14.76132107 98469
1 40930U 15052A   17205.62899064  .00000793  00000+0  22643-4 0  9997
2 40930   5.9973 328.4753 0008251  48.1359 311.9483 14.76132185 98496
1 40930U 15052A   17205.96681773  .00000925  00000+0  41215-4 0  9993
2 40930   5.9984 326.0610 0008059  52.1626 307.9415 14.76133284 98549
1 40930U 15052A   17206.98029464  .00000937  00000+0  42988-4 0  9990
2 40930   5.9983 318.8554 0008025  66.8005 293.2983 14.76133959 98692
1 40930U 15052A   17207.72351235  .00000870  00000+0  33465-4 0  9993
2 40930   5.9994 313.5632 0008046  77.1822 282.9231 14.76133712 98809
1 40930U 15052A   17208.73698770  .00000795  00000+0  22862-4 0  9998
2 40930   6.0008 306.3404 0007931  90.5646 269.5385 14.76133486 98954
1 40930U 15052A   17209.07481381  .00000743  00000+0  15487-4 0  9992
2 40930   6.0007 303.9373 0008046  96.1951 263.9035 14.76132919 99007
1 40930U 15052A   17210.89907484  .00000772  00000+0  19645-4 0  9993
2 40930   6.0000 290.9700 0007993 122.8333 237.2646 14.76133610 99270
1 40930U 15052A   17211.10176847  .00000736  00000+0  14563-4 0  9993
2 40930   6.0000 289.5275 0008026 126.1469 233.9354 14.76133126 99301
1 40930U 15052A   17212.52062604  .00000613  00000+0 -27805-5 0  9994
2 40930   6.0007 279.4230 0007861 146.6267 213.3956 14.76132018 99518
1 40930U 15052A   17212.58819859  .00000617  00000+0 -22900-5 0  9997
2 40930   6.0015 278.9380 0007809 147.9103 212.1557 14.76132071 99526
1 40930U 15052A   17213.26384529  .00000659  00000+0  37060-5 0  9992
2 40930   6.0018 274.1233 0007794 157.6980 202.3520 14.76132614 99623
1 40930U 15052A   17213.80436461  .00000564  00000+0 -97158-5 0  9995
2 40930   5.9975 270.2228 0007848 169.9582 190.1199 14.76131305 99709
1 40930U 15052A   17214.07461544  .00000608  00000+0 -35468-5 0  9990
2 40930   5.9981 268.2930 0007814 175.7207 184.3141 14.76131817 99749
1 40930U 15052A   17215.15565281  .00000621  00000+0 -17080-5 0  9998
2 40930   5.9981 260.6083 0007814 190.9736 169.0262 14.76132014 99902
1 40930U 15052A   17216.30424889  .00000637  00000+0  51924-6 0  9996
2 40930   5.9951 252.4071 0008220 210.8160 149.1553 14.76132553100071
1 40930U 15052A   17216.70963768  .00000612  00000+0 -30734-5 0  9993
2 40930   5.9936 249.5246 0008283 216.2677 143.6873 14.76132247100138
1 40930U 15052A   17217.11502719  .00000698  00000+0  91526-5 0  9993
2 40930   5.9937 246.6418 0008461 221.5667 138.3879 14.76133273100197
1 40930U 15052A   17217.92580620  .00000672  00000+0  54216-5 0  9996
2 40930   5.9939 240.8689 0008516 233.2108 126.7324 14.76133145100314
1 40930U 15052A   17218.06093468  .00000684  00000+0  70783-5 0  9991
2 40930   5.9947 239.9024 0008553 234.9552 124.9845 14.76133288100335
1 40930U 15052A   17218.53388876  .00000815  00000+0  25591-4 0  9995
2 40930   5.9946 236.5386 0008602 241.3690 118.5640 14.76134303100407
1 40930U 15052A   17218.87171133  .00000826  00000+0  27095-4 0  9991
2 40930   5.9946 234.1267 0008942 244.9815 114.9449 14.76134473100454
1 40930U 15052A   17219.20953549  .00000877  00000+0  34347-4 0  9992
2 40930   5.9945 231.7213 0009065 249.9079 110.0136 14.76134845100500
1 40930U 15052A   17219.54735663  .00000920  00000+0  40363-4 0  9998
2 40930   5.9962 229.3021 0008980 253.7674 106.1490 14.76135402100552
1 40930U 15052A   17220.02031150  .00000904  00000+0  38125-4 0  9998
2 40930   5.9959 225.9352 0009015 260.2947  99.6209 14.76135569100629
1 40930U 15052A   17221.77700144  .00000919  00000+0  40296-4 0  9995
2 40930   5.9965 213.4373 0008995 285.2362  74.6763 14.76136648100880
1 40930U 15052A   17222.65534889  .00000863  00000+0  32419-4 0  9990
2 40930   5.9968 207.1912 0009015 297.2174  62.7010 14.76136550101011
1 40930U 15052A   17222.99317550  .00000808  00000+0  24653-4 0  9991
2 40930   5.9968 204.7829 0009047 301.5494  58.3762 14.76136047101061
1 40930U 15052A   17223.46613223  .00000750  00000+0  16426-4 0  9995
2 40930   5.9969 201.4195 0009040 307.6649  52.2596 14.76135457101134
1 40930U 15052A   17223.60126465  .00000762  00000+0  18157-4 0  9994
2 40930   5.9966 200.4563 0009038 309.6389  50.3016 14.76135656101158
1 40930U 15052A   17224.07422078  .00000709  00000+0  10562-4 0  9998
2 40930   5.9966 197.0900 0009061 315.4554  44.4821 14.76135023101223
1 40930U 15052A   17224.41204815  .00000751  00000+0  16541-4 0  9993
2 40930   5.9959 194.6593 0009143 319.2360  40.7395 14.76135349101275
1 40930U 15052A   17225.08769783  .00000713  00000+0  11150-4 0  9996
2 40930   5.9958 189.8564 0009160 328.8173  31.1444 14.76135014101374
1 40930U 15052A   17225.49308895  .00000648  00000+0  20056-5 0  9997
2 40930   5.9961 186.9646 0009158 334.6272  25.3418 14.76134479101436
1 40930U 15052A   17226.10117799  .00000657  00000+0  32790-5 0  9995
2 40930   5.9962 182.6369 0009145 343.2461  16.7424 14.76134607101528
1 40930U 15052A   17226.37143819  .00000696  00000+0  87941-5 0  9997
2 40930   5.9961 180.7133 0009088 346.7473  13.2456 14.76135094101564
1 40930U 15052A   17227.04709202  .00000693  00000+0  83129-5 0  9997
2 40930   5.9957 175.8946 0009081 356.1460   3.8752 14.76135136101662
1 40930U 15052A   17227.52004734  .00000977  00000+0  48514-4 0  9991
2 40930   5.9960 172.4642 0008780   0.2685 359.8282 14.76137020101737
1 40930U 15052A   17227.79030720  .00000712  00000+0  11060-4 0  9997
2 40930   5.9953 170.6110 0009089   6.0635 353.9543 14.76135521101774
1 40930U 15052A   17228.12813552  .00000737  00000+0  14528-4 0  9996
2 40930   5.9957 168.2034 0009126  10.6836 349.3573 14.76135879101826
1 40930U 15052A   17228.80378768  .00000752  00000+0  16699-4 0  9994
2 40930   5.9959 163.3956 0009125  19.6644 340.3899 14.76136252101921
1 40930U 15052A   17229.27674418  .00000761  00000+0  18033-4 0  9991
2 40930   5.9955 160.0192 0009011  26.3650 333.7096 14.76136475101998
1 40930U 15052A   17229.68213329  .00000726  00000+0  13021-4 0  9999
2 40930   5.9954 157.1133 0008934  31.4150 328.6727 14.76136142102057
1 40930U 15052A   17230.22265204  .00000836  00000+0  28573-4 0  9990
2 40930   5.9962 153.2408 0008735  37.9362 322.1783 14.76137223102134
1 40930U 15052A   17231.16855806  .00000837  00000+0  28788-4 0  9996
2 40930   5.9968 146.5125 0008700  51.2416 308.8525 14.76137577102274
1 40930U 15052A   17231.37125300  .00000829  00000+0  27561-4 0  9997
2 40930   5.9969 145.0717 0008683  54.2633 305.8289 14.76137553102302
1 40930U 15052A   17232.04690366  .00000766  00000+0  18684-4 0  9997
2 40930   5.9968 140.2464 0008570  63.7449 296.3644 14.76137026102407
1 40930U 15052A   17232.79011880  .00000733  00000+0  14084-4 0  9991
2 40930   5.9967 134.9566 0008546  74.1134 285.9990 14.76136935102517
1 40930U 15052A   17233.06037612  .00000688  00000+0  77496-5 0  9999
2 40930   5.9968 133.0120 0008475  78.2091 281.9064 14.76136456102552
1 40930U 15052A   17233.26307008  .00000689  00000+0  79274-5 0  9997
2 40930   5.9968 131.5709 0008469  81.0355 279.0736 14.76136493102584
1 40930U 15052A   17233.60089555  .00000680  00000+0  66380-5 0  9994
2 40930   5.9968 129.1672 0008454  85.6719 274.4398 14.76136461102638
1 40930U 15052A   17234.27654339  .00000697  00000+0  90597-5 0  9991
2 40930   5.9959 124.3516 0008381  95.1784 264.9327 14.76136753102730
1 40930U 15052A   17234.27654586  .00000689  00000+0  78632-5 0  9992
2 40930   5.9951 124.3514 0008461  96.1924 263.9299 14.76136642102730
1 40930U 15052A   17234.68193301  .00000713  00000+0  11318-4 0  9995
2 40930   5.9958 121.4672 0008311 100.4537 259.6585 14.76137019102798
1 40930U 15052A   17235.22245128  .00000678  00000+0  63575-5 0  9994
2 40930   5.9942 117.6149 0008457 108.6549 251.4487 14.76136580102873
1 40930U 15052A   17235.22245174  .00000710  00000+0  10809-4 0  9993
2 40930   5.9957 117.6221 0008312 107.9953 252.1105 14.76137074102875
1 40930U 15052A   17236.03322710  .00001248  00000+0  86836-4 0  9995
2 40930   5.9963 111.8443 0008158 119.0850 241.0210 14.76140190102992
1 40930U 15052A   17236.03323081  .00000691  00000+0  82346-5 0  9991
2 40930   5.9963 111.8443 0008158 119.0851 241.0291 14.76137193102991
1 40930U 15052A   17237.04669554  .00000930  00000+0  41881-4 0  9995
2 40930   5.9971 104.6097 0008055 135.0388 225.0680 14.76139898103140
1 40930U 15052A   17237.11425286  .00000216  00000+0 -58859-4 0  9996
2 40930   5.9978 104.0846 0007797 137.6125 222.5011 14.76138961103153
1 40930U 15052A   17237.11425483  .00000948  00000+0  44385-4 0  9995
2 40930   5.9951 104.1144 0008330 137.1799 222.9082 14.76139977103152
1 40930U 15052A   17237.99258707  .00000942  00000+0  43575-4 0  9998
2 40930   5.9965  97.8691 0008028 148.7798 211.2527 14.76140572103285
1 40930U 15052A   17238.73580315  .00000958  00000+0  45960-4 0  9991
2 40930   5.9967  92.5776 0007987 159.0750 200.9803 14.76141227103391
1 40930U 15052A   17239.74926982  .00000813  00000+0  25450-4 0  9999
2 40930   5.9964  85.3610 0008028 175.9668 184.0522 14.76140182103543
1 40930U 15052A   17239.81683448  .00000745  00000+0  15859-4 0  9990
2 40930   5.9956  84.8614 0007906 177.9020 182.1300 14.76139475103557
1 40930U 15052A   17240.01952544  .00000747  00000+0  16158-4 0  9995
2 40930   5.9959  83.4193 0007909 180.6793 179.3336 14.76139547103588
1 40930U 15052A   17240.62760707  .00000705  00000+0  10188-4 0  9991
2 40930   5.9976  79.1015 0008104 188.6472 171.3433 14.76139401103671
1 40930U 15052A   17240.62760862  .00000715  00000+0  11527-4 0  9992
2 40930   5.9946  79.0772 0008548 188.7494 171.2695 14.76139355103671
1 40930U 15052A   17241.10055787  .00000775  00000+0  19957-4 0  9990
2 40930   5.9957  75.7194 0008641 196.1563 163.8373 14.76140276103740
1 40930U 15052A   17241.91133160  .00000752  00000+0  16671-4 0  9996
2 40930   5.9963  69.9466 0008621 207.8614 152.1131 14.76140284103864
1 40930U 15052A   17241.97889473  .00000750  00000+0  16406-4 0  9991
2 40930   5.9963  69.4679 0008546 208.2837 151.6785 14.76140209103870
1 40930U 15052A   17242.45184800  .00000771  00000+0  19449-4 0  9990
2 40930   5.9963  66.0816 0008613 215.6358 144.3454 14.76140500103945
1 40930U 15052A   17242.99235990  .00000790  00000+0  22157-4 0  9997
2 40930   5.9965  62.2355 0008629 223.4439 136.5041 14.76140880104023
1 40930U 15052A   17243.46531191  .00000784  00000+0  21214-4 0  9998
2 40930   5.9965  58.8561 0008695 230.4962 129.4581 14.76141003104090
1 40930U 15052A   17243.80313183  .00000761  00000+0  17976-4 0  9990
2 40930   5.9964  56.4439 0008708 235.4150 124.5254 14.76140935104148
1 40930U 15052A   17244.00582409  .00000855  00000+0  31220-4 0  9994
2 40930   5.9965  54.9920 0008681 239.0757 120.8678 14.76141768104177
1 40930U 15052A   17245.01929156  .00000832  00000+0  28053-4 0  9995
2 40930   5.9963  47.7767 0008745 254.2789 105.6498 14.76142099104325
1 40930U 15052A   17246.03276066  .00000711  00000+0  10829-4 0  9991
2 40930   5.9953  40.5491 0009063 265.4753  94.4399 14.76140852104474
1 40930U 15052A   17246.50571361  .00000722  00000+0  12410-4 0  9999
2 40930   5.9952  37.1834 0009050 271.9512  87.9618 14.76141049104545
1 40930U 15052A   17246.97866714  .00000794  00000+0  22558-4 0  9992
2 40930   5.9952  33.8330 0009174 277.1378  82.7669 14.76141979104613
1 40930U 15052A   17248.05970623  .00000884  00000+0  35331-4 0  9991
2 40930   5.9962  26.1249 0009284 292.6583  67.2846 14.76143112104773
1 40930U 15052A   17248.19483071  .00000891  00000+0  36296-4 0  9991
2 40930   5.9962  25.1624 0009287 294.5159  65.4025 14.76143252104798
1 40930U 15052A   17248.60021972  .00000871  00000+0  33530-4 0  9991
2 40930   5.9964  22.2802 0009308 300.4406  59.4795 14.76143294104852
1 40930U 15052A   17248.87047960  .00000887  00000+0  35752-4 0  9990
2 40930   5.9963  20.3595 0009292 304.1148  55.8106 14.76143594104898
1 40930U 15052A   17249.00560932  .00000870  00000+0  33328-4 0  9994
2 40930   5.9963  19.3809 0009207 305.1988  54.7440 14.76143487104916
1 40930U 15052A   17249.14073617  .00000851  00000+0  30595-4 0  9990
2 40930   5.9965  18.4254 0009307 307.5736  52.3491 14.76143384104938
1 40930U 15052A   17249.68125700  .00000857  00000+0  31490-4 0  9991
2 40930   5.9966  14.5702 0009228 314.6987  45.2519 14.76143691105016
1 40930U 15052A   17249.95151450  .00000872  00000+0  33627-4 0  9993
2 40930   5.9966  12.6451 0009224 318.4479  41.5003 14.76143992105055
1 40930U 15052A   17250.42446836  .00000881  00000+0  34934-4 0  9994
2 40930   5.9972   9.2621 0009216 324.8610  35.1119 14.76144284105122
1 40930U 15052A   17250.49202942  .00000876  00000+0  34130-4 0  9991
2 40930   5.9973   8.7797 0009206 325.7626  34.1924 14.76144251105135
1 40930U 15052A   17250.96498412  .00001042  00000+0  57625-4 0  9992
2 40930   5.9978   5.3878 0009160 330.4603  29.5306 14.76144782105209
1 40930U 15052A   17252.04601475  .00000938  00000+0  42963-4 0  9990
2 40930   6.0010 357.6827 0008906 346.7311  13.2554 14.76144852105368
1 40930U 15052A   17252.18114529  .00001069  00000+0  61525-4 0  9995
2 40930   6.0012 356.7096 0008857 347.5696  12.4308 14.76144783105381
1 40930U 15052A   17253.19461841  .00000819  00000+0  26197-4 0  9997
2 40930   6.0022 349.5102 0009010 359.7117   0.2993 14.76145569105530
1 40930U 15052A   17253.46487858  .00001046  00000+0  58203-4 0  9999
2 40930   5.9998 347.5784 0008729   3.2028 356.8306 14.76146464105579
1 40930U 15052A   17254.54590934  .00000146  00000+0 -68834-4 0  9991
2 40930   5.9989 339.8678 0008498  17.9885 342.0501 14.76144563105731
1 40930U 15052A   17256.77555540  .00000957  00000+0  45600-4 0  9997
2 40930   5.9990 324.0569 0008954  51.8855 308.1978 14.76148156106069
1 40930U 15052A   17256.84312203  .00000948  00000+0  44450-4 0  9994
2 40930   5.9997 323.5655 0008962  52.5678 307.5369 14.76148155106073
1 40930U 15052A   17258.12684893  .00000922  00000+0  40776-4 0  9993
2 40930   5.9985 314.4419 0008876  70.6152 289.4839 14.76148406106269
1 40930U 15052A   17258.93762587  .00000958  00000+0  45770-4 0  9997
2 40930   5.9998 308.6509 0008739  82.5004 277.6481 14.76149459106388
1 40930U 15052A   17259.07274806  .00000950  00000+0  44683-4 0  9999
2 40930   5.9992 307.6815 0008653  84.3605 275.7587 14.76149402106400
1 40930U 15052A   17260.08621354  .00000911  00000+0  39270-4 0  9999
2 40930   5.9986 300.4573 0008300  98.7855 261.3384 14.76149428106550
1 40930U 15052A   17261.09967618  .00000740  00000+0  15019-4 0  9992
2 40930   5.9987 293.2282 0008209 113.2332 246.8760 14.76148082106706
1 40930U 15052A   17261.91044712  .00000787  00000+0  21672-4 0  9997
2 40930   5.9978 287.4644 0008228 125.2331 234.8637 14.76148870106824
1 40930U 15052A   17262.11313879  .00000810  00000+0  24905-4 0  9992
2 40930   5.9974 286.0229 0008257 128.8149 231.2762 14.76149228106853
1 40930U 15052A   17263.05903777  .00000805  00000+0  24227-4 0  9999
2 40930   5.9989 279.2600 0008054 143.9908 216.1141 14.76149276106993
1 40930U 15052A   17263.46441614  .00000794  00000+0  22705-4 0  9997
2 40930   6.0005 276.3732 0008079 149.8604 210.2023 14.76149291107052
1 40930U 15052A   17263.73467199  .00000774  00000+0  19825-4 0  9990
2 40930   5.9976 274.4214 0008162 155.5304 204.5528 14.76149207107092
1 40930U 15052A   17264.07248456  .00000847  00000+0  30199-4 0  9999
2 40930   5.9985 272.0094 0008181 160.0828 199.9610 14.76149911107142
1 40930U 15052A   17264.47786987  .00000819  00000+0  26205-4 0  9991
2 40930   5.9982 269.1234 0008232 167.4616 192.5760 14.76149680107200
1 40930U 15052A   17265.08594665  .00000840  00000+0  29185-4 0  9993
2 40930   5.9975 264.7833 0008185 176.4442 183.5920 14.76149979107290
1 40930U 15052A   17266.16696983  .00000857  00000+0  31666-4 0  9994
2 40930   5.9979 257.1025 0008186 191.3935 168.5981 14.76150681107457
1 40930U 15052A   17266.36966273  .00000848  00000+0  30264-4 0  9991
2 40930   5.9980 255.6505 0008227 194.5192 165.4804 14.76150599107482
1 40930U 15052A   17267.38312298  .00000840  00000+0  29198-4 0  9992
2 40930   5.9973 248.4309 0008302 208.7202 151.2633 14.76151025107635
1 40930U 15052A   17268.05876146  .00000786  00000+0  21553-4 0  9990
2 40930   5.9979 243.6373 0008323 217.1102 142.8317 14.76150821107734
1 40930U 15052A   17268.39658488  .00000826  00000+0  27169-4 0  9998
2 40930   5.9972 241.2246 0008334 222.8506 137.1110 14.76151255107788
1 40930U 15052A   17269.07222460  .00000804  00000+0  24051-4 0  9994
2 40930   5.9972 236.4216 0008423 232.3011 127.6347 14.76151183107884
1 40930U 15052A   17269.61273854  .00000816  00000+0  25795-4 0  9996
2 40930   5.9971 232.5726 0008444 239.9770 119.9597 14.76151485107969
1 40930U 15052A   17270.01812257  .00000809  00000+0  24728-4 0  9995
2 40930   5.9969 229.6887 0008453 245.6755 114.2500 14.76151525108023
1 40930U 15052A   17271.23426492  .00000828  00000+0  27389-4 0  9999
2 40930   5.9991 220.9638 0008830 260.6570  99.2680 14.76152517108200
1 40930U 15052A   17271.36939124  .00000795  00000+0  22705-4 0  9994
2 40930   5.9986 220.0032 0008835 262.3609  97.5514 14.76152456108221
1 40930U 15052A   17272.04504989  .00000767  00000+0  18848-4 0  9999
2 40930   5.9999 215.1878 0008896 272.0905  87.9161 14.76152797108322
1 40930U 15052A   17272.72067556  .00000388  00000+0 -34780-4 0  9991
2 40930   6.0001 210.3985 0008968 280.7255  79.1684 14.76151285108423
1 40930U 15052A   17273.05849785  .00000923  00000+0  40863-4 0  9993
2 40930   5.9979 207.9824 0009025 285.7315  74.1817 14.76152729108478
1 40930U 15052A   17273.05850132  .00000923  00000+0  40862-4 0  9990
2 40930   5.9979 207.9824 0009025 285.7316  74.2001 14.76152729108475
1 40930U 15052A   17273.53144887  .00000235  00000+0 -56304-4 0  9991
2 40930   5.9957 204.5972 0008901 291.2347  68.7038 14.76151121108547
1 40930U 15052A   17273.66657403  .00001309  00000+0  95296-4 0  9993
2 40930   5.9971 203.6475 0009079 294.0185  65.8961 14.76154431108561
1 40930U 15052A   17274.13952533  .00000868  00000+0  33155-4 0  9993
2 40930   5.9973 200.3491 0008784 304.4427  55.4151 14.76153856108636
1 40930U 15052A   17274.34223221  .00000857  00000+0  31536-4 0  9990
2 40930   5.9969 198.9085 0008781 307.2682  52.6635 14.76153839108663
1 40930U 15052A   17275.01787725  .00000832  00000+0  27963-4 0  9991
2 40930   5.9964 194.0722 0008813 316.3812  43.5936 14.76153843108764
1 40930U 15052A   17276.03133915  .00000822  00000+0  26599-4 0  9993
2 40930   5.9958 186.8629 0008812 330.7237  29.2436 14.76154137108912
1 40930U 15052A   17277.17991557  .00000878  00000+0  34469-4 0  9999
2 40930   5.9967 178.6194 0008741 341.6387  18.3421 14.76155841109081
1 40930U 15052A   17278.86902425  .00000891  00000+0  36364-4 0  9993
2 40930   5.9970 166.5947 0008693   3.5593 356.4599 14.76156640109334
1 40930U 15052A   17279.34197310  .00000949  00000+0  44609-4 0  9991
2 40930   5.9946 163.2143 0008570   9.5615 350.4804 14.76157564109401
1 40930U 15052A   17279.61222830  .00000973  00000+0  47975-4 0  9993
2 40930   5.9947 161.2895 0008574  13.3716 346.6678 14.76157883109447
1 40930U 15052A   17279.74735634  .00000968  00000+0  47215-4 0  9999
2 40930   5.9948 160.3290 0008563  15.2231 344.8151 14.76157922109460
1 40930U 15052A   17279.88248515  .00000961  00000+0  46228-4 0  9997
2 40930   5.9949 159.3690 0008550  16.9950 343.0454 14.76157938109481
1 40930U 15052A   17280.01761408  .00000964  00000+0  46731-4 0  9997
2 40930   5.9951 158.4037 0008564  18.8883 341.1607 14.76158045109502
1 40930U 15052A   17280.82838544  .00000975  00000+0  48171-4 0  9994
2 40930   5.9948 152.6340 0008559  30.3788 329.6892 14.76158607109622
1 40930U 15052A   17281.03107734  .00000968  00000+0  47240-4 0  9996
2 40930   5.9949 151.1924 0008550  33.2209 326.8457 14.76158673109658
1 40930U 15052A   17281.57159164  .00000950  00000+0  44657-4 0  9999
2 40930   5.9951 147.3440 0008513  40.7212 319.3599 14.76158836109731
1 40930U 15052A   17281.70671930  .00000925  00000+0  41092-4 0  9996
2 40930   5.9950 146.3833 0008510  42.6931 317.3839 14.76158677109751
1 40930U 15052A   17281.90941246  .00000915  00000+0  39805-4 0  9996
2 40930   5.9950 144.9388 0008496  45.7320 314.3528 14.76158679109786
1 40930U 15052A   17281.97697626  .00000877  00000+0  34358-4 0  9998
2 40930   5.9955 144.4552 0008458  47.0940 312.9891 14.76158279109794
1 40930U 15052A   17282.11210493  .00000898  00000+0  37289-4 0  9997
2 40930   5.9947 143.4920 0008457  49.2820 310.8086 14.76158582109816
1 40930U 15052A   17283.05800316  .00000823  00000+0  26750-4 0  9999
2 40930   5.9944 136.7557 0008339  62.4758 297.6308 14.76158435109951
1 40930U 15052A   17284.13902740  .00000776  00000+0  20192-4 0  9994
2 40930   5.9936 129.0584 0008219  79.1164 280.9918 14.76158198110118
1 40930U 15052A   17284.54441153  .00000804  00000+0  24123-4 0  9995
2 40930   5.9940 126.1760 0008220  85.0707 275.0384 14.76158597110179
1 40930U 15052A   17285.08492121  .00000896  00000+0  37120-4 0  9998
2 40930   5.9932 122.3280 0008241  91.3838 268.7285 14.76159930110253
1 40930U 15052A   17285.42274012  .00000897  00000+0  37247-4 0  9994
2 40930   5.9931 119.9255 0008226  96.2167 263.8903 14.76160091110307
1 40930U 15052A   17285.55786791  .00000896  00000+0  37041-4 0  9991
2 40930   5.9932 118.9649 0008223  98.1218 261.9840 14.76160145110320
1 40930U 15052A   17286.03081541  .00000881  00000+0  34929-4 0  9992
2 40930   5.9931 115.6022 0008216 104.8020 255.3005 14.76160207110392
1 40930U 15052A   17286.97670978  .00001128  00000+0  70003-4 0  9991
2 40930   5.9953 108.7265 0007321 124.5785 235.6608 14.76161558110537
1 40930U 15052A   17287.99013614  .00000319  00000+0 -44231-4 0  9998
2 40930   5.9971 101.5008 0007115 142.5602 217.5202 14.76160076110681
1 40930U 15052A   17288.73333445  .00000677  00000+0  62270-5 0  9998
2 40930   5.9953  96.2026 0007933 152.2268 207.8369 14.76160994110792
1 40930U 15052A   17288.80089654  .00000403  00000+0 -32373-4 0  9994
2 40930   5.9969  95.7211 0007498 151.2631 208.7926 14.76159716110809
1 40930U 15052A   17289.00358711  .00000884  00000+0  35476-4 0  9999
2 40930   5.9943  94.4121 0007838 149.5662 210.3585 14.76161500110836
1 40930U 15052A   17289.00358757  .00000572  00000+0 -85958-5 0  9995
2 40930   5.9968  94.2781 0007608 154.3159 205.7372 14.76160243110838
1 40930U 15052A   17290.08463068  .00000872  00000+0  33802-4 0  9999
2 40930   5.9943  86.6968 0007532 166.0716 193.9952 14.76162027110999
1 40930U 15052A   17290.96295158  .00000893  00000+0  36760-4 0  9998
2 40930   5.9947  80.4220 0007587 179.2220 180.8229 14.76162596111121
1 40930U 15052A   17291.70614533  .00000865  00000+0  32837-4 0  9993
2 40930   5.9949  75.1161 0007659 189.9389 170.0758 14.76162555111237
1 40930U 15052A   17292.11152377  .00000902  00000+0  38028-4 0  9992
2 40930   5.9948  72.2337 0007774 196.3537 163.6372 14.76163099111294
1 40930U 15052A   17292.24665032  .00000866  00000+0  32897-4 0  9990
2 40930   5.9949  71.2596 0007817 198.6904 161.3004 14.76162630111312
1 40930U 15052A   17293.19253121  .00000858  00000+0  31763-4 0  9999
2 40930   5.9959  64.4938 0007712 213.5371 146.4279 14.76163191111452
1 40930U 15052A   17293.39522188  .00000853  00000+0  31083-4 0  9993
2 40930   5.9957  63.0486 0008084 216.7893 143.1682 14.76163050111489
1 40930U 15052A   17294.47623972  .00000855  00000+0  31236-4 0  9998
2 40930   5.9958  55.3605 0008178 232.4285 127.5099 14.76163480111644
1 40930U 15052A   17294.88162172  .00000819  00000+0  26135-4 0  9995
2 40930   5.9958  52.4786 0008370 240.8456 119.0830 14.76163376111709
1 40930U 15052A   17295.01674919  .00000819  00000+0  26253-4 0  9999
2 40930   5.9959  51.5128 0008353 242.4762 117.4568 14.76163432111724
1 40930U 15052A   17295.89507643  .00000826  00000+0  27218-4 0  9994
2 40930   5.9961  45.2585 0008571 253.5052 106.4235 14.76163795111856
1 40930U 15052A   17295.89507662  .00000790  00000+0  22062-4 0  9997
2 40930   5.9962  45.2652 0008620 253.9754 105.9435 14.76163370111855
1 40930U 15052A   17295.89507663  .00000790  00000+0  22062-4 0  9998
2 40930   5.9962  45.2652 0008620 253.9754 105.9435 14.76163370111855
1 40930U 15052A   17297.31391382  .00000796  00000+0  22923-4 0  9998
2 40930   5.9963  35.1709 0008776 273.3143  86.5955 14.76163927112060
1 40930U 15052A   17298.05711672  .00000864  00000+0  32449-4 0  9998
2 40930   5.9975  29.8645 0008941 283.5332  76.4112 14.76165032112173
1 40930U 15052A   17300.08402764  .00000949  00000+0  44407-4 0  9995
2 40930   5.9990  15.4416 0009145 313.2850  46.6730 14.76166965112474
1 40930U 15052A   17300.75966273  .00000717  00000+0  11716-4 0  9999
2 40930   5.9976  10.6118 0009208 320.7899  39.1509 14.76164292112573
1 40930U 15052A   17302.17850942  .00000772  00000+0  19439-4 0  9993
2 40930   5.9975   0.5159 0009292 339.1937  20.7998 14.76165238112787
1 40930U 15052A   17303.59735148  .00000811  00000+0  25063-4 0  9994
2 40930   5.9996 350.3902 0009019 356.9129   3.1434 14.76166211112994
1 40930U 15052A   17304.20541852  .00000736  00000+0  14333-4 0  9994
2 40930   5.9971 346.0926 0009649   5.3068 354.6915 14.76165975113086
1 40930U 15052A   17305.48914010  .00000826  00000+0  27138-4 0  9992
2 40930   5.9974 336.8971 0009343  21.1758 338.9624 14.76167463113276
1 40930U 15052A   17306.09719937  .00000785  00000+0  21283-4 0  9990
2 40930   5.9975 332.5690 0009364  29.3497 330.7183 14.76167241113365
1 40930U 15052A   17307.04309043  .00000872  00000+0  33600-4 0  9992
2 40930   5.9973 325.8277 0009203  43.2163 316.8756 14.76168519113502
1 40930U 15052A   17308.79974718  .00000996  00000+0  51112-4 0  9997
2 40930   5.9976 313.3152 0008601  65.1345 295.0106 14.76170594113766
1 40930U 15052A   17309.13755614  .00000878  00000+0  34541-4 0  9994
2 40930   5.9992 310.8780 0008358  70.5504 289.5764 14.76169686113813
1 40930U 15052A   17310.01587754  .00000803  00000+0  23918-4 0  9995
2 40930   5.9990 304.6209 0008395  84.2532 275.8554 14.76169284113945
1 40930U 15052A   17311.09689439  .00000678  00000+0  62883-5 0  9992
2 40930   6.0007 296.9436 0008141 101.0790 259.0146 14.76168536114103
1 40930U 15052A   17312.11034913  .00000357  00000+0 -39050-4 0  9991
2 40930   6.0000 289.7009 0008211 114.3999 245.7306 14.76167883114258
1 40930U 15052A   17314.06968411  .00000732  00000+0  13978-4 0  9993
2 40930   5.9993 275.7445 0007588 152.0630 208.0654 14.76169134114544
1 40930U 15052A   17314.47505006  .00000908  00000+0  38766-4 0  9992
2 40930   5.9971 272.8478 0007864 151.2735 208.7964 14.76171436114604
1 40930U 15052A   17315.08311635  .00000481  00000+0 -21419-4 0  9997
2 40930   5.9980 268.4796 0008003 167.7717 192.3107 14.76168956114695
1 40930U 15052A   17315.15067023  .00000850  00000+0  30566-4 0  9996
2 40930   5.9966 268.0265 0008023 161.3301 198.6726 14.76171018114708
1 40930U 15052A   17316.02899929  .00000832  00000+0  28023-4 0  9996
2 40930   5.9978 261.7735 0008040 174.0558 185.9733 14.76171170114837
1 40930U 15052A   17316.16412442  .00000854  00000+0  31227-4 0  9996
2 40930   5.9971 260.8193 0008067 176.9513 183.0651 14.76171501114857
1 40930U 15052A   17317.04244591  .00000780  00000+0  20759-4 0  9998
2 40930   5.9986 254.5664 0007951 189.9097 170.0937 14.76171227114980
1 40930U 15052A   17318.05589281  .00000792  00000+0  22428-4 0  9996
2 40930   6.0009 247.3514 0007962 204.5011 155.4886 14.76171839115131
1 40930U 15052A   17319.13690045  .00000751  00000+0  16550-4 0  9991
2 40930   6.0026 239.6438 0008157 219.5923 140.3776 14.76171803115293
1 40930U 15052A   17319.74496653  .00000830  00000+0  27700-4 0  9994
2 40930   6.0003 235.3126 0008300 230.2895 129.6693 14.76172675115389
1 40930U 15052A   17319.81252614  .00000829  00000+0  27598-4 0  9992
2 40930   6.0003 234.8324 0008276 230.9718 128.9661 14.76172675115394
1 40930U 15052A   17320.89353842  .00000781  00000+0  20864-4 0  9993
2 40930   6.0001 227.1424 0008432 246.4200 113.5091 14.76172695115557
1 40930U 15052A   17320.96110078  .00000770  00000+0  19262-4 0  9991
2 40930   6.0001 226.6592 0008421 247.5251 112.4000 14.76172564115567
1 40930U 15052A   17321.36647951  .00000778  00000+0  20360-4 0  9990
2 40930   5.9984 223.7699 0008552 252.7471 107.1780 14.76172796115628
1 40930U 15052A   17321.90698422  .00000778  00000+0  20336-4 0  9992
2 40930   5.9979 219.9227 0008577 260.3263  99.5896 14.76172916115702
1 40930U 15052A   17322.10967430  .00000792  00000+0  22289-4 0  9998
2 40930   5.9992 218.4705 0008781 262.9062  97.0241 14.76173248115733
1 40930U 15052A   17322.17723438  .00000795  00000+0  22751-4 0  9990
2 40930   5.9989 217.9931 0008700 263.8448  96.0641 14.76173269115740
1 40930U 15052A   17323.25824951  .00000908  00000+0  38640-4 0  9992
2 40930   5.9952 210.2824 0008918 276.0660  83.8841 14.76174842115902
1 40930U 15052A   17324.54194574  .00000831  00000+0  27766-4 0  9998
2 40930   5.9952 201.1519 0009123 293.9026  66.0120 14.76174705116097
1 40930U 15052A   17324.54194642  .00000922  00000+0  40626-4 0  9995
2 40930   5.9952 201.1533 0008898 294.3113  65.6122 14.76175694116098
1 40930U 15052A   17325.01489047  .00000810  00000+0  24806-4 0  9992
2 40930   5.9957 197.7783 0009216 300.6001  59.3313 14.76174596116162
1 40930U 15052A   17326.09590501  .00000764  00000+0  18399-4 0  9997
2 40930   5.9952 190.0889 0009187 315.5250  44.4132 14.76174413116328
1 40930U 15052A   17326.50128662  .00000703  00000+0  97095-5 0  9992
2 40930   5.9952 187.1831 0009155 320.4941  39.4742 14.76174051116384
1 40930U 15052A   17327.04179138  .00000707  00000+0  10253-4 0  9990
2 40930   5.9954 183.3394 0009149 328.1549  31.8041 14.76174177116466
1 40930U 15052A   17327.98768201  .00000702  00000+0  95385-5 0  9993
2 40930   5.9955 176.6081 0009133 341.5749  18.4118 14.76174306116605
1 40930U 15052A   17329.74433574  .00000853  00000+0  30862-4 0  9996
2 40930   5.9946 164.0696 0009190   5.4556 354.6364 14.76176321116868
1 40930U 15052A   17330.01457650  .00000850  00000+0  30471-4 0  9992
2 40930   5.9947 162.1454 0009180   9.1616 350.8676 14.76176397116909
1 40930U 15052A   17330.89290268  .00000814  00000+0  25437-4 0  9994
2 40930   5.9944 155.8968 0009182  21.4134 338.6402 14.76176415117036
1 40930U 15052A   17331.02802929  .00000864  00000+0  32397-4 0  9991
2 40930   5.9938 154.9212 0009114  23.5667 336.5088 14.76177091117050
1 40930U 15052A   17331.97391408  .00000928  00000+0  41449-4 0  9999
2 40930   5.9940 148.1827 0008872  35.9977 324.0921 14.76178081117194
1 40930U 15052A   17332.98736156  .00000875  00000+0  34045-4 0  9999
2 40930   5.9941 140.9469 0008730  49.5134 310.6018 14.76178024117348
1 40930U 15052A   17334.00080652  .00000787  00000+0  21692-4 0  9993
2 40930   5.9933 133.7273 0008549  64.2742 295.8360 14.76177657117490
1 40930U 15052A   17335.08181711  .00000816  00000+0  25719-4 0  9997
2 40930   5.9932 126.0280 0008488  78.9798 281.1455 14.76178286117657
1 40930U 15052A   17335.28450352  .00000760  00000+0  17907-4 0  9997
2 40930   5.9938 124.5789 0008200  81.7984 278.3101 14.76177666117681
1 40930U 15052A   17336.02769147  .00000778  00000+0  20379-4 0  9991
2 40930   5.9935 119.2476 0008274  91.8296 268.2938 14.76178155117793
1 40930U 15052A   17337.04113510  .00000782  00000+0  20997-4 0  9992
2 40930   5.9931 112.0447 0008120 105.7207 254.3814 14.76178515117941
1 40930U 15052A   17338.73021143  .00000601  00000+0 -45122-5 0  9998
2 40930   5.9950 100.0163 0007923 129.7605 230.3305 14.76176873118194
1 40930U 15052A   17339.20315105  .00000628  00000+0 -78219-6 0  9998
2 40930   5.9951  96.6456 0007879 136.5071 223.5791 14.76177154118267
1 40930U 15052A   17339.47340190  .00000735  00000+0  14462-4 0  9995
2 40930   5.9953  94.7172 0007696 142.2247 217.8651 14.76178356118300
1 40930U 15052A   17339.54096051  .00000744  00000+0  15604-4 0  9996
2 40930   5.9952  94.2369 0007718 143.4177 216.6484 14.76178450118319
1 40930U 15052A   17340.01389677  .00000777  00000+0  20381-4 0  9993
2 40930   5.9955  90.8595 0007731 150.8597 209.1911 14.76178949118380
1 40930U 15052A   17340.01389772  .00000777  00000+0  20381-4 0  9999
2 40930   5.9955  90.8595 0007731 150.8597 209.1962 14.76178949118386
1 40930U 15052A   17340.01390081  .00000799  00000+0  23485-4 0  9996
2 40930   5.9955  90.8595 0007731 150.8598 209.2176 14.76179232118381
1 40930U 15052A   17341.09490352  .00000740  00000+0  15183-4 0  9999
2 40930   5.9965  83.1336 0007571 169.1436 190.9298 14.76179029118549
1 40930U 15052A   17341.16245805  .00000728  00000+0  13492-4 0  9995
2 40930   5.9969  82.6410 0007478 172.1477 187.8879 14.76178900118553
1 40930U 15052A   17342.10833599  .00000686  00000+0  74791-5 0  9996
2 40930   5.9973  75.9155 0007382 186.4886 173.5159 14.76178819118692
1 40930U 15052A   17342.58127586  .00000673  00000+0  57057-5 0  9992
2 40930   5.9983  72.5519 0007397 193.3105 166.6834 14.76178742118763
1 40930U 15052A   17342.64883861  .00000715  00000+0  11544-4 0  9991
2 40930   5.9985  72.0693 0007472 193.6573 166.3411 14.76179196118772
1 40930U 15052A   17343.05421468  .00000730  00000+0  13693-4 0  9992
2 40930   5.9988  69.1791 0007562 199.8336 160.1603 14.76179452118833
1 40930U 15052A   17344.13521847  .00000772  00000+0  19639-4 0  9996
2 40930   6.0000  61.4889 0007664 214.8362 145.1332 14.76180005118998
1 40930U 15052A   17344.47303150  .00000755  00000+0  17190-4 0  9999
2 40930   6.0004  59.0825 0007741 219.8287 140.1298 14.76179846119046
1 40930U 15052A   17344.60815677  .00000728  00000+0  13349-4 0  9998
2 40930   6.0009  58.1163 0007845 222.1729 137.7827 14.76179541119063
1 40930U 15052A   17345.62159894  .00000780  00000+0  20752-4 0  9997
2 40930   5.9995  50.9131 0007978 237.8652 122.0692 14.76180396119219
1 40930U 15052A   17346.16209988  .00000806  00000+0  24370-4 0  9996
2 40930   6.0001  47.0644 0008017 245.4853 114.4436 14.76180938119299
1 40930U 15052A   17346.16209993  .00049098  00000+0  67860-2 0  9997
2 40930   5.9997  46.9827 0008945 247.2728 112.7335 14.76203471119290
1 40930U 15052A   17347.04036315  .00000719  00000+0  12106-4 0  9993
2 40930   6.0007  40.8048 0008330 258.1943 101.4404 14.76180214119426
1 40930U 15052A   17347.44579266  .00000800  00000+0  23516-4 0  9992
2 40930   6.0014  37.9141 0008408 264.0079  95.9080 14.76180963119481
1 40930U 15052A   17347.44579473  .00000743  00000+0  15456-4 0  9992
2 40930   6.0014  37.9141 0008408 264.0079  95.9200 14.76180542119488
1 40930U 15052A   17348.05386009  .00000717  00000+0  11766-4 0  9992
2 40930   6.0025  33.5883 0008582 273.0916  86.8236 14.76180346119578
1 40930U 15052A   17348.18898614  .00000743  00000+0  15462-4 0  9992
2 40930   6.0026  32.6283 0008591 274.7299  85.1871 14.76180675119599
1 40930U 15052A   17349.13486722  .00000772  00000+0  19559-4 0  9994
2 40930   6.0041  25.8836 0008770 287.6471  72.2820 14.76181154119738
1 40930U 15052A   17350.21586637  .00000775  00000+0  19842-4 0  9999
2 40930   6.0023  18.1608 0009176 302.0203  57.8938 14.76181343119892
1 40930U 15052A   17350.41855776  .00000717  00000+0  11680-4 0  9992
2 40930   6.0004  16.6954 0009052 304.1437  55.8030 14.76180775119926
1 40930U 15052A   17351.09418652  .00000706  00000+0  10096-4 0  9993
2 40930   5.9995  11.8863 0009042 313.5516  46.3908 14.76180734120027
1 40930U 15052A   17352.04007171  .00000706  00000+0  10163-4 0  9994
2 40930   5.9989   5.1625 0009116 325.8854  34.0689 14.76180814120169
1 40930U 15052A   17353.05352297  .00000720  00000+0  12173-4 0  9997
2 40930   6.0017 357.9628 0009318 338.8150  21.1641 14.76181107120319
1 40930U 15052A   17353.32377541  .00000765  00000+0  18524-4 0  9991
2 40930   6.0009 356.0221 0009284 342.0439  17.9605 14.76181644120351
1 40930U 15052A   17354.13452610  .00001252  00000+0  87165-4 0  9991
2 40930   5.9993 350.2442 0009222 352.9387   7.0558 14.76183068120478
1 40930U 15052A   17354.13452708  .00000844  00000+0  29588-4 0  9990
2 40930   5.9993 350.2442 0009222 352.9387   7.0609 14.76182478120479
1 40930U 15052A   17354.13453093  .00000862  00000+0  32140-4 0  9996
2 40930   5.9993 350.2441 0009222 352.9388   7.0867 14.76182892120475
1 40930U 15052A   17355.14797640  .00000880  00000+0  34725-4 0  9998
2 40930   5.9994 343.0241 0009220   7.1762 352.8720 14.76183474120620
1 40930U 15052A   17355.28309631  .00000645  00000+0  14932-5 0  9990
2 40930   5.9985 342.0473 0009200   8.5594 351.4604 14.76181660120645
1 40930U 15052A   17355.28309871  .00000841  00000+0  29246-4 0  9997
2 40930   5.9985 342.0473 0009200   8.5594 351.4818 14.76183082120642
1 40930U 15052A   17355.95873115  .00000790  00000+0  22041-4 0  9997
2 40930   5.9994 337.2403 0009086  18.0186 342.0368 14.76182716120746
1 40930U 15052A   17356.29654502  .00000801  00000+0  23617-4 0  9995
2 40930   6.0013 334.8407 0009150  22.9679 337.0816 14.76182963120791
1 40930U 15052A   17357.30999248  .00000781  00000+0  20773-4 0  9994
2 40930   5.9995 327.6276 0009051  36.9959 323.0752 14.76182927120949
1 40930U 15052A   17357.30999325  .00000870  00000+0  33353-4 0  9997
2 40930   5.9995 327.6276 0009051  36.9959 323.0796 14.76183229120943
1 40930U 15052A   17357.30999411  .00000792  00000+0  22285-4 0  9998
2 40930   5.9995 327.6276 0009051  36.9959 323.0879 14.76183175120945
1 40930U 15052A   17358.18831423  .00000706  00000+0  10198-4 0  9998
2 40930   6.0000 321.3739 0008907  48.5231 311.5757 14.76182577121077
1 40930U 15052A   17359.20175952  .00000610  00000+0 -33564-5 0  9998
2 40930   5.9992 314.1517 0008695  63.6459 296.4646 14.76181514121228
1 40930U 15052A   17359.26932107  .00000597  00000+0 -52274-5 0  9990
2 40930   5.9986 313.6690 0008707  64.8553 295.2483 14.76181333121235
1 40930U 15052A   17360.01251534  .00000604  00000+0 -42660-5 0  9990
2 40930   5.9993 308.3933 0008731  74.8928 285.2111 14.76181460121348
1 40930U 15052A   17361.09352525  .00000638  00000+0  63177-6 0  9994
2 40930   6.0001 300.6952 0008450  89.6253 270.5032 14.76181748121505
1 40930U 15052A   17363.66091229  .00000849  00000+0  30403-4 0  9998
2 40930   6.0001 282.4431 0008450 125.8523 234.2781 14.76185003121884
1 40930U 15052A   17364.26895161  .00000741  00000+0  15156-4 0  9991
2 40930   5.9953 277.9688 0007837 141.9483 218.1926 14.76184728121978
1 40930U 15052A   17364.26896882  .00000912  00000+0  39310-4 0  9990
2 40930   5.9952 278.0399 0008163 138.3888 221.7778 14.76185801121978
1 40930U 15052A   17365.21481457  .00000814  00000+0  25461-4 0  9997
2 40930   5.9953 271.3048 0007930 151.4363 208.5594 14.76185432122117
1 40930U 15052A   17365.28238850  .00000769  00000+0  19123-4 0  9998
2 40930   5.9951 270.8244 0008001 153.3928 206.6560 14.76184886122120
1 40930U 15052A   17365.28238944 -.00022391  00000+0 -32624-2 0  9998
2 40930   5.9951 270.8244 0008001 153.3928 206.6503 14.76158111122129
1 40930U 15052A   17365.75534170  .00000748  00000+0  16168-4 0  9997
2 40930   5.9955 267.4599 0007925 159.5664 200.5550 14.76184824122199
1 40930U 15052A   18001.09313862  .00000758  00000+0  17535-4 0  9995
2 40930   5.9954 265.0477 0008029 165.5121 194.5223 14.76184809122246
1 40930U 15052A   18001.90388969  .00000643  00000+0  13781-5 0  9998
2 40930   5.9953 259.2723 0007841 178.5431 181.4819 14.76184055122365
