,Latitude in degrees,Longitude in degrees,Frequency(MHz),EIRP
2,46.08777777777778,12.5325,48.5,0
3,37.979166666666664,12.708055555555555,50.001,0
4,41.9375,12.541666666666668,50.004,10
5,38.14555555555556,15.541666666666668,50.006,10
6,45.39555555555556,10.958055555555557,50.035,0
7,40.64555555555555,17.958055555555557,50.037,0
8,38.0625,14.958055555555557,50.057,0
9,41.9375,12.541666666666668,50.35,0
10,45.22916666666668,11.791666666666668,50.401,10
11,39.3125,16.291666666666664,50.401,2
12,42.0625,11.791666666666668,50.402,0
13,36.812499999999986,11.958055555555557,50.403,0
14,42.9375,10.791666666666668,50.406,3
15,36.770555555555546,12.041666666666666,50.407,5
16,46.02083333333333,12.375000000000002,50.41,0
17,38.18749999999999,16.208333333333336,50.413,0
18,38.854166666666664,16.625000000000004,50.413,0
19,41.27055555555555,13.791666666666668,50.415,0
20,45.14555555555556,7.875,50.419,12
21,44.770555555555546,10.041666666666666,50.42,6
22,41.27055555555555,13.791666666666668,50.423,3
23,41.9375,12.541666666666668,50.425,1
24,45.39555555555556,10.958055555555557,50.429,0
25,39.43749999999999,16.208055555555557,50.43,1
26,42.9375,10.541666666666668,50.44,0
27,39.22916666666668,9.208055555555553,50.448,5
28,44.854166666666664,11.624999999999998,50.449,7
29,38.895833333333336,16.625000000000004,50.452,0
30,41.687499999999986,12.624999999999998,50.453,8
31,41.687499999999986,12.624999999999998,50.457,2
32,44.812499999999986,10.291666666666666,50.459,8
33,40.22916666666668,15.041666666666666,50.469,0
34,44.02055555555556,10.041666666666666,50.474,0
35,45.10416666666667,11.624999999999998,50.477,5
37,39.65666666666667,15.875555555555554,50.75,0
38,37.077777777777776,14.251388888888886,51.0,0
39,38.10000000000001,15.650000000000002,51.25,0
40,43.56666666666668,12.133333333333333,52.1,0
41,44.78194444444444,10.866944444444442,52.5,0
42,43.56666666666668,12.133333333333333,52.5,0
43,41.65277777777777,13.472222222222223,52.55,100
44,37.613333333333344,15.158055555555556,52.8,0
45,41.25444444444445,13.604444444444441,52.8,0
46,42.47888888888888,14.195,52.9,0
47,39.67777777777777,16.350000000000005,53.0,0
49,44.42944444444445,10.820555555555556,53.5,0
50,37.613333333333344,15.158055555555556,53.6,0
51,41.91027777777778,12.57111111111111,54.37,0
52,42.400000000000006,12.86111111111111,55.0,0
53,39.67777777777777,16.350000000000005,55.0,0
55,41.91111111111111,12.494444444444442,55.7,0
56,44.37777777777777,8.577777777777778,56.0,0
58,42.45111111111112,12.983888888888886,56.5,0
59,45.870555555555555,9.411111111111111,56.57,0
60,44.05,8.216666666666669,56.6,0
61,37.72777777777778,15.194444444444443,56.7,0
62,43.97166666666667,10.798611111111112,56.8,0
63,45.56916666666666,11.399166666666664,56.82,0
64,41.91111111111111,12.494444444444442,57.8,0
65,38.11666666666667,13.366666666666669,58.2,0
66,41.91111111111111,12.494444444444442,58.45,0
70,40.74444444444444,14.633333333333335,60.0,0
71,39.14444444444444,8.31111111111111,60.4,0
72,40.63333333333334,15.800000000000002,60.4,0
73,37.511111111111106,15.083333333333336,61.0,0
74,39.57000000000001,8.658055555555553,61.0,0
75,45.65,13.783333333333335,61.0,0
77,44.461388888888884,11.151666666666667,61.3,0
78,42.56666666666668,12.627777777777775,61.35,0
79,42.038611111111116,13.426944444444445,61.5,0
81,42.56666666666668,12.627777777777775,62.4,0
82,45.65,13.783333333333335,64.4,0
83,45.78388888888888,11.917777777777776,64.5,0
84,40.63333333333334,15.800000000000002,64.6,0
85,41.44861111111111,12.630555555555556,65.0,0
86,42.10000000000001,13.894444444444444,65.33,0
88,37.511111111111106,15.083333333333336,66.0,0
90,37.51666666666667,15.100000000000001,66.35,0
91,42.80194444444444,12.56861111111111,66.5,0
92,37.511111111111106,15.083333333333336,66.8,0
93,42.80194444444444,12.56861111111111,67.5,0
95,42.08194444444444,13.799166666666666,68.3,0
96,42.19305555555556,13.771388888888891,68.7,0
97,38.11666666666667,13.366666666666669,83.5,0
98,37.513333333333335,13.081944444444446,84.0,25
100,45.65388888888888,9.194166666666664,86.0,0
101,45.540833333333325,8.848333333333333,86.2,0
102,45.6586111111111,9.255555555555553,86.5,0
104,45.45249999999999,8.861111111111109,86.7,0
105,45.69888888888888,8.462499999999999,87.0,0
106,45.431111111111115,8.734166666666667,87.0,0
107,45.46666666666667,8.831111111111113,87.1,0
108,43.97166666666667,10.798611111111112,87.3,2000
109,46.08166666666667,12.542499999999999,87.5,100000
110,45.70638888888889,9.376666666666665,87.5,79400
111,45.76777777777777,9.56722222222222,87.5,79400
112,44.352777777777774,11.48722222222222,87.5,63100
113,42.94111111111111,11.871388888888887,87.5,63100
114,45.477500000000006,9.195555555555556,87.5,39800
115,44.759722222222216,9.917499999999999,87.5,39800
116,43.34944444444446,12.77388888888889,87.5,32000
117,45.47111111111111,11.00138888888889,87.5,25100
118,44.464999999999996,11.246666666666666,87.5,15800
119,43.843055555555566,11.24722222222222,87.5,12600
120,43.6525,11.60277777777778,87.5,10000
121,40.82777777777778,14.394999999999998,87.5,10000
122,43.19722222222222,13.766388888888889,87.5,10000
123,37.57250000000001,15.123611111111112,87.5,10000
124,41.723333333333336,14.89111111111111,87.5,7900
125,37.91333333333334,15.340555555555557,87.5,7900
126,43.74861111111112,10.555555555555559,87.5,6300
127,41.7113888888889,15.676944444444446,87.5,6300
128,39.06527777777777,8.450555555555557,87.5,6300
129,38.08722222222223,13.527777777777779,87.5,6300
130,43.456111111111106,11.774722222222222,87.5,5000
131,42.4425,12.431388888888888,87.5,4000
132,42.69444444444444,13.621944444444445,87.5,4000
133,38.16027777777777,14.750555555555557,87.5,3200
134,39.85861111111112,9.518055555555554,87.5,3200
135,38.25277777777779,15.238333333333332,87.5,3200
136,42.11944444444444,14.235833333333334,87.5,3200
137,42.655555555555566,12.723888888888892,87.5,3200
138,44.45444444444445,11.349444444444446,87.5,2500
139,45.843611111111116,9.381111111111109,87.5,2500
140,43.917777777777786,10.29472222222222,87.5,2000
141,45.544999999999995,10.277222222222223,87.5,1600
142,40.66944444444445,15.91472222222222,87.5,1600
143,43.45249999999999,12.206944444444446,87.5,1300
144,40.712777777777774,14.659999999999998,87.5,1300
145,45.826666666666675,9.276666666666669,87.5,1000
146,40.62333333333333,17.394722222222224,87.5,1000
147,40.67472222222223,14.709166666666665,87.5,790
148,46.70027777777778,11.131944444444445,87.5,630
149,40.67972222222222,14.919999999999998,87.5,630
150,46.027777777777786,11.059444444444447,87.5,630
151,40.340833333333336,15.901111111111112,87.5,630
152,42.36194444444445,12.17333333333333,87.5,500
153,41.315,16.273333333333337,87.5,400
154,44.325277777777785,9.30138888888889,87.5,400
155,42.8875,13.892500000000002,87.5,400
156,45.95527777777778,9.91388888888889,87.5,320
157,44.20361111111111,11.214166666666666,87.5,320
158,40.04666666666666,15.699166666666665,87.5,250
159,40.66694444444445,16.639444444444447,87.5,200
160,45.680833333333325,11.283888888888887,87.5,200
161,36.91305555555555,14.568888888888887,87.5,100
162,41.80944444444445,14.486666666666666,87.5,63
163,45.89861111111111,11.695833333333335,87.5,63
164,38.14861111111112,16.17666666666667,87.5,50
165,40.81388888888888,14.79722222222222,87.5,50
166,40.92666666666667,14.745277777777778,87.5,5
167,39.02777777777777,16.76666666666667,87.5,0
168,40.56805555555555,15.49638888888889,87.5,0
169,37.58805555555556,14.27611111111111,87.5,0
170,41.54388888888888,14.659444444444444,87.5,0
171,41.586666666666666,14.667777777777776,87.5,0
172,40.25138888888889,14.972222222222225,87.5,0
173,41.540000000000006,14.309722222222224,87.5,0
174,41.540000000000006,14.309722222222224,87.5,0
175,41.8836111111111,13.468888888888888,87.5,0
176,39.01388888888889,16.218611111111112,87.5,0
177,45.99361111111111,8.724722222222223,87.5,0
178,40.34444444444445,18.18305555555555,87.5,0
179,38.19416666666667,15.572222222222223,87.5,0
180,40.273611111111116,15.705555555555556,87.5,0
181,40.91555555555556,14.991666666666665,87.5,0
182,37.990277777777784,16.011944444444445,87.5,0
183,42.00111111111111,14.850833333333336,87.5,0
184,36.93777777777777,14.728611111111112,87.5,0
185,37.83055555555555,15.0,87.5,0
186,41.7113888888889,15.676944444444446,87.5,0
187,39.2961111111111,16.965555555555557,87.5,0
188,38.95111111111111,16.51638888888889,87.5,0
189,41.472777777777786,15.115277777777777,87.5,0
190,44.070555555555565,10.06472222222222,87.55,25100
191,46.10000000000001,12.16111111111111,87.55,160
192,45.93666666666666,12.023333333333333,87.6,125900
193,40.866666666666674,14.216666666666669,87.6,100000
194,40.67083333333333,14.474444444444444,87.6,100000
195,41.7561111111111,12.71,87.6,63100
196,44.464999999999996,11.345555555555555,87.6,25100
197,41.5461111111111,13.304722222222221,87.6,25100
198,44.43138888888888,10.990833333333335,87.6,25100
199,45.8836111111111,13.536666666666665,87.6,25100
200,46.493333333333325,13.56722222222222,87.6,25100
201,38.03666666666667,12.581666666666665,87.6,20000
202,42.43555555555556,14.235277777777778,87.6,12600
203,41.389722222222225,13.803888888888892,87.6,12600
204,45.745000000000005,10.031944444444443,87.6,10000
205,42.922777777777775,10.54,87.6,10000
206,41.16638888888889,14.596944444444446,87.6,10000
207,45.02027777777777,7.706388888888889,87.6,7900
208,45.66333333333332,8.082777777777777,87.6,7900
209,41.69777777777777,13.024444444444446,87.6,6300
210,40.55305555555555,14.225833333333334,87.6,5000
211,40.863888888888894,16.761944444444445,87.6,5000
212,45.875555555555565,11.55777777777778,87.6,5000
213,44.444444444444436,8.91472222222222,87.6,5000
214,42.34027777777778,13.373888888888889,87.6,5000
215,45.973333333333336,8.976666666666668,87.6,4000
216,45.910833333333336,8.63722222222222,87.6,4000
217,41.59527777777779,12.951944444444445,87.6,3200
218,39.86861111111111,16.470833333333335,87.6,3200
219,40.484166666666674,15.453888888888887,87.6,3200
220,44.16499999999999,8.316944444444442,87.6,2500
221,41.88666666666666,15.959166666666665,87.6,2000
222,39.159166666666664,8.965555555555554,87.6,1600
223,44.73833333333334,8.026111111111113,87.6,1600
224,46.47027777777778,11.353888888888887,87.6,1300
225,45.95250000000001,9.104166666666668,87.6,1260
226,39.53944444444445,16.37472222222222,87.6,1000
227,41.46194444444444,13.296111111111111,87.6,1000
228,44.87333333333333,8.248055555555556,87.6,1000
229,46.604166666666664,11.50888888888889,87.6,1000
230,38.93611111111111,16.560000000000002,87.6,1000
231,39.384166666666665,16.53388888888889,87.6,1000
232,46.16722222222222,10.805833333333336,87.6,1000
233,45.405833333333334,9.553055555555554,87.6,1000
234,40.535833333333336,16.50027777777778,87.6,1000
235,44.644166666666656,7.4894444444444455,87.6,1000
236,40.57305555555556,15.581944444444442,87.6,1000
237,39.58472222222222,15.891388888888887,87.6,800
238,42.67916666666666,13.207777777777777,87.6,790
239,41.7725,13.18972222222222,87.6,790
240,42.70805555555555,13.103333333333332,87.6,790
241,41.8213888888889,15.559722222222225,87.6,790
242,42.546666666666674,12.703333333333335,87.6,640
243,45.80638888888889,13.53472222222222,87.6,630
244,45.524166666666666,10.078888888888887,87.6,585
245,40.79916666666667,15.915833333333333,87.6,500
246,40.90583333333333,8.767222222222225,87.6,500
247,46.16722222222222,11.85222222222222,87.6,500
248,45.77861111111111,7.332500000000001,87.6,500
249,46.42416666666666,12.043333333333333,87.6,500
250,45.61083333333334,7.746944444444443,87.6,400
251,44.17777777777777,9.58888888888889,87.6,400
252,45.41583333333333,7.6272222222222235,87.6,400
253,45.648333333333326,10.26638888888889,87.6,400
254,38.42805555555556,16.411388888888887,87.6,400
255,44.10444444444444,9.76472222222222,87.6,400
256,42.5336111111111,12.690833333333332,87.6,400
257,40.683888888888895,16.001388888888886,87.6,400
258,45.60055555555555,9.941388888888891,87.6,350
259,44.116111111111124,10.253888888888891,87.6,320
260,43.79472222222222,7.590555555555555,87.6,320
261,39.88416666666666,15.976666666666668,87.6,316
262,46.519166666666656,12.495,87.6,260
263,36.928055555555545,15.083055555555553,87.6,200
264,46.41972222222222,12.872222222222224,87.6,200
265,45.683611111111105,10.189999999999998,87.6,200
266,44.25750000000001,9.501111111111111,87.6,200
267,45.02499999999999,6.881944444444445,87.6,200
268,44.94972222222221,6.886666666666667,87.6,200
269,40.567777777777785,8.321944444444446,87.6,160
270,46.04666666666666,9.756388888888887,87.6,160
271,45.13916666666666,7.007777777777777,87.6,160
272,46.08138888888889,11.573055555555555,87.6,160
273,44.24388888888889,11.508333333333336,87.6,130
274,45.85444444444445,7.935833333333334,87.6,100
275,44.43583333333333,9.35972222222222,87.6,100
276,39.28333333333334,16.266666666666666,87.6,100
277,44.1661111111111,8.333055555555555,87.6,100
278,46.860555555555564,11.521666666666667,87.6,100
279,40.87222222222222,15.541388888888891,87.6,100
280,46.542500000000004,12.104999999999999,87.6,79
281,41.84111111111112,14.099444444444444,87.6,79
282,43.96,8.167500000000002,87.6,63
283,46.231111111111105,11.974722222222224,87.6,63
284,35.50888888888888,12.617777777777778,87.6,50
285,46.894999999999996,11.48472222222222,87.6,50
286,42.80444444444444,13.427777777777775,87.6,40
287,38.89777777777778,8.862222222222222,87.6,40
288,44.20333333333334,7.581111111111111,87.6,40
289,41.71750000000001,13.614166666666666,87.6,40
290,44.51888888888889,7.934444444444443,87.6,32
291,44.39138888888889,7.826944444444443,87.6,32
292,40.273333333333326,15.705555555555556,87.6,32
293,45.70861111111111,7.141388888888891,87.6,25
294,39.02777777777777,16.76666666666667,87.6,20
295,45.83055555555555,10.403055555555554,87.6,20
296,42.14444444444444,13.51666666666667,87.6,20
297,40.6625,15.795,87.6,16
298,38.12166666666668,13.148888888888887,87.6,0
299,42.358333333333334,12.971944444444443,87.6,0
300,41.8836111111111,13.468888888888888,87.6,0
301,40.19416666666667,16.425,87.6,0
302,39.043611111111105,16.316111111111113,87.6,0
303,40.80444444444444,16.40416666666666,87.6,0
304,40.80444444444444,16.40416666666666,87.6,0
305,43.89444444444444,8.022777777777778,87.6,0
306,38.032500000000006,15.707500000000001,87.6,0
307,40.92250000000001,9.501944444444447,87.6,0
308,44.938888888888876,7.070833333333334,87.6,0
309,45.69833333333332,10.408055555555558,87.6,0
310,38.13249999999999,15.666388888888887,87.6,0
311,38.13249999999999,15.666388888888887,87.6,0
312,39.18222222222223,16.34388888888889,87.6,0
313,40.00027777777779,16.58972222222222,87.6,0
314,40.00027777777779,16.58972222222222,87.6,0
315,40.73027777777778,8.51138888888889,87.6,0
316,41.66972222222222,13.851666666666667,87.6,0
317,45.68444444444445,8.707777777777778,87.6,0
318,40.38250000000001,15.543055555555553,87.6,0
319,41.29333333333333,13.255833333333335,87.6,0
320,45.12861111111111,6.692222222222222,87.6,0
321,46.46666666666667,10.366666666666669,87.6,0
322,45.315277777777766,8.42638888888889,87.6,0
323,44.352777777777774,11.48722222222222,87.7,63100
324,45.255,11.667499999999999,87.7,50100
325,45.755833333333335,9.375000000000002,87.7,50100
326,46.105277777777786,13.485833333333334,87.7,25100
327,40.15861111111111,8.6325,87.7,25100
328,44.464999999999996,11.246666666666666,87.7,20000
329,40.85750000000001,14.204444444444446,87.7,15800
330,40.82861111111112,14.394999999999998,87.7,15800
331,45.56833333333334,9.985277777777776,87.7,15800
332,41.472777777777786,15.115277777777777,87.7,15800
333,43.59527777777779,13.476666666666667,87.7,10000
334,42.551666666666655,13.09638888888889,87.7,10000
335,41.32722222222223,13.288611111111113,87.7,6400
336,43.86416666666666,12.91472222222222,87.7,6300
337,45.782222222222224,9.80027777777778,87.7,4000
338,45.47055555555555,10.301111111111114,87.7,4000
339,42.065000000000005,13.877777777777776,87.7,4000
340,38.043611111111105,13.307222222222226,87.7,3200
341,45.60111111111111,13.740555555555556,87.7,3200
342,44.02944444444445,12.541111111111114,87.7,3200
343,39.90444444444445,18.309166666666666,87.7,2000
344,46.78888888888889,11.937500000000002,87.7,2000
345,41.46305555555556,14.721388888888887,87.7,2000
346,45.255,10.299722222222224,87.7,2000
347,45.728611111111114,9.665555555555557,87.7,2000
348,46.54333333333333,10.991111111111111,87.7,2000
349,45.56972222222222,10.242777777777777,87.7,1300
350,42.97083333333333,13.865277777777775,87.7,1300
351,43.86944444444445,7.7425,87.7,1300
352,43.93166666666666,12.191944444444443,87.7,1260
353,42.039444444444435,14.388611111111109,87.7,1000
354,40.34444444444445,18.18305555555555,87.7,1000
355,42.394444444444446,11.180277777777778,87.7,1000
356,38.43916666666665,16.29416666666667,87.7,1000
357,45.40194444444443,9.923333333333334,87.7,1000
358,36.80972222222222,11.955555555555552,87.7,1000
359,39.19722222222222,16.446111111111115,87.7,1000
360,40.22472222222222,15.987499999999999,87.7,1000
361,37.6175,13.607777777777777,87.7,1000
362,38.23388888888889,15.711666666666668,87.7,1000
363,45.975277777777784,11.816944444444443,87.7,1000
364,44.598055555555554,9.929166666666669,87.7,1000
365,41.2011111111111,9.470277777777778,87.7,800
366,40.06750000000001,16.01666666666667,87.7,800
367,46.2038888888889,11.045000000000002,87.7,800
368,43.628055555555555,11.752500000000001,87.7,800
369,38.14444444444444,13.083333333333336,87.7,800
370,40.68944444444444,14.64388888888889,87.7,800
371,45.99750000000001,10.101388888888886,87.7,800
372,36.74777777777778,14.698333333333334,87.7,790
373,43.19972222222223,13.319444444444446,87.7,790
374,45.843888888888884,9.38138888888889,87.7,630
375,46.0313888888889,9.356666666666667,87.7,500
376,41.540000000000006,14.309722222222224,87.7,500
377,45.82888888888889,6.950277777777778,87.7,500
378,43.18888888888889,12.92361111111111,87.7,500
379,46.938888888888876,11.455555555555556,87.7,500
380,43.94666666666666,11.143611111111111,87.7,500
381,46.72805555555556,11.32138888888889,87.7,400
382,44.018888888888895,8.18888888888889,87.7,400
383,46.146388888888886,10.156666666666666,87.7,400
384,39.51666666666667,8.594444444444443,87.7,400
385,44.42527777777779,7.986666666666666,87.7,400
386,44.2875,10.07527777777778,87.7,400
387,39.98777777777778,15.720833333333333,87.7,400
388,46.29305555555555,10.75361111111111,87.7,400
389,44.63222222222222,9.301666666666668,87.7,400
390,45.61027777777778,9.919722222222221,87.7,400
391,39.24583333333334,16.72583333333333,87.7,400
392,43.19277777777777,13.143055555555557,87.7,400
393,46.82194444444445,11.251388888888886,87.7,400
394,46.25138888888889,12.744166666666663,87.7,400
395,44.25694444444446,9.731944444444443,87.7,400
396,46.28027777777778,11.569722222222225,87.7,400
397,39.48444444444444,16.389166666666664,87.7,320
398,45.7263888888889,10.965,87.7,320
399,45.596666666666664,10.494722222222222,87.7,320
400,45.63833333333333,9.938333333333333,87.7,261
401,45.56972222222222,9.85222222222222,87.7,261
402,39.83777777777779,16.140555555555554,87.7,250
403,44.37666666666666,8.163333333333332,87.7,200
404,46.405277777777776,13.307222222222226,87.7,200
405,46.81444444444444,10.579166666666666,87.7,200
406,46.636388888888895,10.861944444444445,87.7,200
407,46.471388888888896,10.352222222222224,87.7,200
408,45.94583333333334,10.659444444444444,87.7,160
409,44.56861111111111,8.30527777777778,87.7,130
410,40.44722222222222,15.464999999999998,87.7,99
411,45.30888888888889,10.19361111111111,87.7,71
412,43.04527777777777,9.836944444444446,87.7,63
413,45.834166666666675,9.125000000000002,87.7,63
414,46.735277777777775,12.223888888888888,87.7,63
415,45.76499999999999,11.114444444444446,87.7,63
416,46.42305555555555,9.35361111111111,87.7,40
417,45.545833333333334,10.206666666666669,87.7,16
418,42.13583333333333,13.132777777777775,87.7,16
419,42.150000000000006,13.258611111111112,87.7,0
420,37.87166666666666,15.126944444444446,87.7,0
421,39.01305555555555,16.21805555555556,87.7,0
422,40.84027777777777,17.32527777777778,87.7,0
423,41.20805555555556,13.576944444444445,87.7,0
424,45.23472222222223,7.4672222222222215,87.7,0
425,39.17999999999999,16.141944444444448,87.7,0
426,41.225555555555566,16.54444444444445,87.7,0
427,38.063888888888876,14.641666666666664,87.7,0
428,38.235,15.711944444444445,87.7,0
429,38.603611111111114,15.905833333333332,87.7,0
430,38.14111111111111,15.046666666666669,87.7,0
431,45.80444444444444,8.842777777777776,87.7,0
432,46.03611111111111,8.775555555555558,87.75,1300
433,42.53333333333333,14.123333333333333,87.75,500
434,45.79805555555554,11.665555555555557,87.8,158500
435,43.29222222222222,12.484444444444444,87.8,50100
436,43.416666666666664,11.344444444444441,87.8,39800
437,40.57972222222224,17.283611111111117,87.8,39800
438,41.65305555555556,12.919999999999998,87.8,25100
439,45.87916666666668,8.450277777777774,87.8,25100
440,44.82111111111111,9.898055555555553,87.8,25100
441,43.842777777777776,11.247499999999997,87.8,20000
442,44.351944444444456,9.15722222222222,87.8,15800
443,40.00027777777779,16.589999999999996,87.8,12600
444,38.6013888888889,15.921666666666667,87.8,12600
445,39.3261111111111,16.306111111111118,87.8,10000
446,40.71361111111111,14.659444444444444,87.8,10000
447,41.11361111111112,16.34666666666666,87.8,8000
448,44.101388888888884,12.15861111111111,87.8,7900
449,43.750277777777775,10.55388888888889,87.8,6300
450,45.58583333333334,10.867222222222225,87.8,6300
451,42.907777777777774,13.29138888888889,87.8,5000
452,36.927499999999995,14.72583333333333,87.8,5000
453,43.00083333333334,12.061666666666667,87.8,4000
454,45.12888888888888,7.2619444444444445,87.8,3200
455,42.50750000000001,13.22138888888889,87.8,3200
456,46.09722222222222,8.690277777777776,87.8,2500
457,41.31111111111111,13.816666666666666,87.8,2500
458,42.5336111111111,12.690833333333332,87.8,2500
459,46.086388888888884,11.150277777777777,87.8,2500
460,42.36,12.171666666666669,87.8,2000
461,40.60166666666666,15.207222222222223,87.8,2000
462,44.827222222222225,11.578055555555553,87.8,1600
463,44.32388888888889,8.478055555555557,87.8,1600
464,44.79888888888889,7.200555555555555,87.8,1300
465,42.79555555555556,11.163055555555555,87.8,1000
466,40.235,16.189166666666672,87.8,1000
467,41.69777777777777,13.024444444444446,87.8,1000
468,41.98916666666668,15.000555555555554,87.8,1000
469,40.66916666666666,15.91472222222222,87.8,1000
470,37.57055555555556,15.12138888888889,87.8,1000
471,40.63666666666666,9.723055555555554,87.8,800
472,44.32305555555557,9.375555555555557,87.8,630
473,44.84472222222223,8.577777777777776,87.8,500
474,46.125,12.555,87.8,400
475,38.49888888888889,16.50694444444444,87.8,400
476,40.015833333333326,15.881111111111112,87.8,400
477,46.546666666666674,13.141111111111112,87.8,400
478,38.12388888888889,12.744722222222222,87.8,400
479,46.24333333333333,13.257777777777775,87.8,400
480,44.461388888888884,10.306111111111111,87.8,400
481,40.077777777777776,9.133333333333333,87.8,320
482,45.51277777777778,9.9775,87.8,261
483,44.523333333333326,9.414166666666668,87.8,260
484,40.27694444444444,9.59527777777778,87.8,200
485,46.25666666666667,10.525833333333335,87.8,200
486,46.29166666666667,13.05277777777778,87.8,200
487,46.76972222222223,11.723055555555554,87.8,160
488,45.81,7.579166666666667,87.8,160
489,43.895833333333336,11.455277777777779,87.8,160
490,45.67416666666667,9.810555555555558,87.8,90
491,40.78916666666666,15.665833333333333,87.8,50
492,44.32138888888888,7.437222222222223,87.8,50
493,37.97694444444445,13.699166666666665,87.8,50
494,39.01500000000001,16.759722222222216,87.8,32
495,40.62638888888889,15.284444444444446,87.8,32
496,45.67388888888888,7.178055555555556,87.8,25
497,46.70027777777778,11.131944444444445,87.8,25
498,46.028055555555554,10.011944444444445,87.8,25
499,41.110833333333325,14.797499999999998,87.8,20
500,45.72472222222221,10.209444444444443,87.8,10
501,41.85666666666667,13.179444444444442,87.8,0
502,44.17333333333334,9.934444444444443,87.8,0
503,40.73111111111112,15.28888888888889,87.8,0
504,45.377777777777766,9.685555555555556,87.8,0
505,44.43194444444443,8.913333333333334,87.8,0
506,41.596666666666664,13.24388888888889,87.8,0
507,41.91694444444445,13.12027777777778,87.8,0
508,42.718333333333334,12.111388888888888,87.85,160
509,42.718333333333334,12.111388888888888,87.85,0
510,45.059999999999995,9.283055555555558,87.9,63100
511,41.2325,13.079444444444446,87.9,50100
512,46.08777777777778,12.5325,87.9,39800
513,44.464999999999996,11.345555555555555,87.9,39800
514,42.16722222222222,13.220277777777776,87.9,25100
515,40.82777777777778,14.394999999999998,87.9,25100
516,40.93972222222222,14.724166666666669,87.9,20000
517,38.13249999999999,15.666388888888887,87.9,20000
518,43.47166666666666,11.975000000000001,87.9,12600
519,46.4425,11.217222222222222,87.9,12600
520,45.74611111111111,10.028611111111113,87.9,10000
521,37.62777777777777,13.608333333333333,87.9,10000
522,42.16055555555556,14.132222222222222,87.9,7900
523,43.938333333333325,8.123333333333333,87.9,5000
524,41.90388888888889,15.653333333333332,87.9,5000
525,41.217499999999994,16.073333333333334,87.9,5000
526,41.75138888888888,12.709722222222224,87.9,5000
527,42.69027777777778,13.633333333333335,87.9,5000
528,46.07111111111112,12.297500000000001,87.9,4000
529,40.640555555555544,17.901944444444446,87.9,4000
530,43.79972222222223,13.054166666666665,87.9,4000
531,45.83083333333334,9.368055555555555,87.9,3200
532,45.885555555555555,10.874444444444446,87.9,2600
533,45.45972222222222,9.190555555555557,87.9,2500
534,39.170277777777784,8.958333333333334,87.9,2000
535,41.787777777777784,14.111944444444442,87.9,2000
536,46.552499999999995,11.885277777777777,87.9,2000
537,41.10388888888889,16.793333333333337,87.9,2000
538,41.472777777777786,15.115277777777777,87.9,2000
539,45.54472222222223,10.276944444444446,87.9,1600
540,38.16027777777777,14.750555555555557,87.9,1600
541,41.644166666666656,13.868055555555557,87.9,1600
542,42.45111111111112,12.983888888888886,87.9,1600
543,45.9475,9.041666666666666,87.9,1600
544,46.12138888888889,10.766388888888889,87.9,1580
545,43.81333333333333,12.715277777777775,87.9,1300
546,39.843888888888884,15.866111111111111,87.9,1260
547,46.110833333333325,8.321944444444446,87.9,1260
548,46.524722222222216,12.118055555555554,87.9,1000
549,40.592222222222226,16.771944444444443,87.9,1000
550,40.677499999999995,14.7825,87.9,1000
551,41.23083333333334,13.080833333333333,87.9,1000
552,41.93,13.868611111111111,87.9,1000
553,41.94444444444444,12.805277777777777,87.9,1000
554,40.657222222222224,15.549722222222224,87.9,790
555,42.70805555555555,13.103333333333332,87.9,790
556,44.220555555555556,10.106111111111113,87.9,640
557,44.47833333333333,9.81611111111111,87.9,630
558,40.84027777777777,17.32527777777778,87.9,630
559,41.324444444444445,16.253055555555555,87.9,500
560,42.88194444444445,13.172222222222222,87.9,500
561,44.14444444444445,7.913333333333335,87.9,500
562,44.05,8.216666666666669,87.9,400
563,41.958611111111104,13.366944444444446,87.9,400
564,39.06750000000001,16.41,87.9,400
565,42.25194444444445,13.588611111111113,87.9,400
566,44.17416666666666,8.345555555555555,87.9,400
567,42.98750000000001,12.778888888888888,87.9,400
568,46.57944444444445,12.808333333333335,87.9,400
569,42.14444444444444,13.51666666666667,87.9,400
570,39.06527777777777,8.450555555555557,87.9,400
571,42.91055555555555,10.86111111111111,87.9,400
572,41.416666666666664,13.234166666666665,87.9,400
573,44.63111111111111,9.720555555555556,87.9,320
574,45.978333333333346,9.710833333333332,87.9,320
575,44.05,7.933055555555557,87.9,320
576,46.76499999999999,12.189444444444444,87.9,250
577,46.397777777777776,12.972777777777779,87.9,250
578,46.04333333333334,11.645555555555553,87.9,160
579,42.3613888888889,13.018888888888888,87.9,130
580,44.16666666666667,8.111388888888888,87.9,100
581,42.91694444444445,12.050833333333335,87.9,100
582,40.484166666666674,15.453888888888887,87.9,99
583,42.089999999999996,11.853333333333335,87.9,63
584,36.7263888888889,14.835,87.9,50
585,44.73833333333334,8.026111111111113,87.9,40
586,43.85277777777779,7.96,87.9,40
587,46.21916666666666,10.16111111111111,87.9,40
588,42.77305555555555,13.290833333333335,87.9,25
589,40.56861111111111,15.489444444444441,87.9,25
590,43.79583333333333,7.6205555555555575,87.9,25
591,45.83027777777779,10.403055555555554,87.9,10
592,45.60305555555556,8.065833333333336,87.9,0
593,44.88777777777777,8.186666666666667,87.9,0
594,45.96,9.459999999999999,87.9,0
595,40.56805555555555,15.49638888888889,87.9,0
596,40.56805555555555,15.49638888888889,87.9,0
597,41.540000000000006,14.309722222222224,87.9,0
598,38.93611111111111,16.560000000000002,87.9,0
599,38.977777777777774,16.533333333333335,87.9,0
600,45.7775,7.815555555555555,87.9,0
601,40.66694444444445,16.639444444444447,87.9,0
602,40.92250000000001,9.501944444444447,87.9,0
603,37.990277777777784,16.011944444444445,87.9,0
604,41.71750000000001,13.614166666666666,87.9,0
605,43.95805555555555,12.434722222222224,88.0,125900
606,45.17638888888888,9.489166666666664,88.0,79400
607,43.78916666666666,11.317777777777778,88.0,31600
608,45.76777777777777,9.56722222222222,88.0,31600
609,43.750277777777775,10.55388888888889,88.0,25100
610,45.755833333333335,9.375000000000002,88.0,20000
611,40.85750000000001,14.208611111111113,88.0,15800
612,38.16333333333333,13.356111111111108,88.0,15800
613,42.97083333333333,13.865833333333335,88.0,12600
614,45.66888888888888,10.77388888888889,88.0,10000
615,40.36055555555556,18.157222222222224,88.0,10000
616,41.69777777777777,13.024444444444446,88.0,10000
617,46.063888888888876,10.330555555555556,88.0,10000
618,45.86305555555555,8.780555555555557,88.0,10000
619,39.90444444444445,18.309166666666666,88.0,7900
620,40.723888888888894,14.603888888888887,88.0,7900
621,45.520833333333336,8.780277777777778,88.0,7900
622,43.59527777777779,13.476666666666667,88.0,6300
623,41.46972222222223,12.906388888888888,88.0,6300
624,45.58555555555556,13.782222222222224,88.0,6300
625,45.72527777777779,10.500833333333333,88.0,5000
626,38.67305555555554,16.11027777777778,88.0,5000
627,45.9175,8.624444444444444,88.0,4000
628,41.596666666666664,13.24388888888889,88.0,4000
629,43.54444444444444,13.615833333333335,88.0,4000
630,43.94666666666666,11.143611111111111,88.0,4000
631,43.358333333333334,13.026666666666669,88.0,3200
632,37.16944444444444,15.1175,88.0,3200
633,45.03194444444445,7.725833333333333,88.0,3200
634,41.23555555555555,13.960555555555556,88.0,3200
635,40.71999999999999,8.506944444444445,88.0,3200
636,46.14972222222223,13.203888888888887,88.0,2600
637,44.3175,11.636111111111111,88.0,2500
638,38.25277777777779,15.238333333333332,88.0,2500
639,45.16583333333333,7.033611111111112,88.0,2500
640,39.54833333333334,16.121111111111112,88.0,2500
641,37.959166666666675,12.95722222222222,88.0,2000
642,42.83305555555555,13.581666666666665,88.0,2000
643,40.91111111111111,14.194444444444443,88.0,2000
644,44.35,9.233333333333334,88.0,2000
645,42.76111111111111,12.823055555555555,88.0,1600
646,45.78472222222222,9.518611111111113,88.0,1300
647,44.252222222222215,9.571666666666664,88.0,1300
648,41.41194444444445,13.446944444444448,88.0,1300
649,42.53277777777779,13.425555555555555,88.0,1260
650,46.2125,9.429722222222221,88.0,1260
651,39.85861111111112,9.518055555555554,88.0,1000
652,44.078611111111115,11.605833333333333,88.0,1000
653,46.17166666666666,9.8375,88.0,1000
654,40.236666666666665,15.06472222222222,88.0,1000
655,45.63027777777777,7.064166666666666,88.0,1000
656,46.493611111111115,10.207222222222223,88.0,800
657,39.37777777777777,16.31666666666667,88.0,790
658,45.676944444444445,9.966944444444444,88.0,790
659,44.07194444444444,10.40333333333333,88.0,630
660,43.80527777777778,7.729444444444444,88.0,630
661,44.555,9.000555555555554,88.0,630
662,44.26027777777778,11.155833333333334,88.0,500
663,45.43972222222223,8.612777777777776,88.0,500
664,43.31111111111111,12.344444444444441,88.0,500
665,39.08000000000001,17.12722222222222,88.0,400
666,45.91416666666666,10.991111111111111,88.0,400
667,46.29277777777778,11.800555555555556,88.0,400
668,41.37166666666667,15.096111111111114,88.0,400
669,44.65666666666667,8.975833333333332,88.0,320
670,46.83166666666666,11.741944444444442,88.0,320
671,41.46194444444444,13.296111111111111,88.0,250
672,45.743611111111115,7.672777777777777,88.0,250
673,41.80944444444445,14.486666666666666,88.0,250
674,46.87583333333333,11.426666666666668,88.0,200
675,43.93111111111111,12.192500000000003,88.0,200
676,41.389722222222225,13.803888888888892,88.0,200
677,45.62027777777777,10.138611111111109,88.0,160
678,38.968611111111116,17.102777777777778,88.0,158
679,46.40888888888889,12.350555555555557,88.0,100
680,46.13194444444444,9.560555555555556,88.0,79
681,46.26916666666666,9.843611111111112,88.0,63
682,45.02916666666666,6.945555555555556,88.0,63
683,42.101111111111116,13.087777777777779,88.0,32
684,45.40277777777778,9.284444444444446,88.0,32
685,46.06527777777777,11.269166666666667,88.0,32
686,45.60944444444444,7.355833333333334,88.0,20
687,40.89666666666666,14.186666666666667,88.0,20
688,40.29388888888889,8.476111111111113,88.0,13
689,45.934444444444445,7.638055555555556,88.0,13
690,41.81055555555556,13.746944444444445,88.0,10
691,37.8836111111111,14.947222222222221,88.0,6
692,42.47583333333333,12.30861111111111,88.0,0
693,42.82277777777777,12.921944444444444,88.0,0
694,39.384166666666665,16.53388888888889,88.0,0
695,45.6911111111111,10.664722222222224,88.0,0
696,44.42388888888889,8.935833333333333,88.0,0
697,42.37277777777778,13.418888888888889,88.0,0
698,39.32555555555555,16.311111111111114,88.0,0
699,46.84027777777777,11.759166666666667,88.0,0
700,44.80138888888889,10.32638888888889,88.0,0
701,44.962500000000006,7.195000000000001,88.0,0
702,45.65305555555556,9.0375,88.0,0
703,40.677777777777784,14.71,88.0,0
704,44.76416666666667,7.253333333333334,88.03,100
705,42.980000000000004,12.468333333333332,88.1,199500
706,45.31305555555555,11.684444444444443,88.1,160000
707,41.75277777777778,12.71,88.1,158500
708,40.50472222222221,15.751666666666665,88.1,40000
709,40.62333333333333,17.394722222222224,88.1,39800
710,43.4425,11.506944444444445,88.1,31600
711,42.40861111111111,11.15472222222222,88.1,31600
712,41.711666666666666,15.677777777777777,88.1,25100
713,41.096111111111114,14.3675,88.1,12600
714,42.225833333333334,13.843333333333335,88.1,6400
715,45.96111111111111,9.256666666666668,88.1,6300
716,45.65749999999999,10.174166666666668,88.1,6300
717,40.55305555555555,14.225833333333334,88.1,5000
718,40.84666666666668,17.314722222222226,88.1,4000
719,44.43249999999999,7.356388888888889,88.1,4000
720,40.32305555555557,9.372777777777781,88.1,4000
721,45.8836111111111,13.536666666666665,88.1,4000
722,41.23083333333334,13.080833333333333,88.1,4000
723,41.05694444444444,14.542222222222222,88.1,3200
724,41.22749999999999,16.302222222222227,88.1,3200
725,45.787499999999994,9.099444444444444,88.1,3200
726,45.477500000000006,9.15722222222222,88.1,3200
727,45.848611111111104,9.85527777777778,88.1,2500
728,38.76305555555556,16.55833333333333,88.1,2500
729,41.28111111111111,13.682499999999997,88.1,2000
730,46.70027777777778,11.131944444444445,88.1,2000
731,44.32388888888889,8.478055555555557,88.1,2000
732,42.53388888888889,12.690833333333332,88.1,2000
733,45.56805555555555,7.9480555555555545,88.1,1600
734,42.09166666666666,14.381111111111109,88.1,1580
735,43.8975,8.060277777777777,88.1,1300
736,42.62499999999999,14.03888888888889,88.1,1300
737,41.16638888888889,14.596944444444446,88.1,1300
738,41.22388888888888,16.517222222222216,88.1,1000
739,40.863888888888894,16.761944444444445,88.1,1000
740,44.95944444444444,8.669166666666666,88.1,1000
741,36.8111111111111,14.71111111111111,88.1,1000
742,45.70527777777778,8.279722222222222,88.1,800
743,38.67944444444445,16.416111111111107,88.1,800
744,41.461388888888884,14.185555555555554,88.1,800
745,35.51222222222223,12.60361111111111,88.1,800
746,39.43055555555556,8.484999999999998,88.1,790
747,37.82277777777777,12.79638888888889,88.1,700
748,43.073611111111106,13.031111111111112,88.1,640
749,46.03638888888888,11.864444444444445,88.1,630
750,46.74111111111111,12.253888888888891,88.1,630
751,45.68444444444445,13.134166666666664,88.1,500
752,46.49805555555555,11.935555555555556,88.1,500
753,44.42527777777779,8.269999999999998,88.1,400
754,45.75222222222222,10.568333333333333,88.1,400
755,37.55833333333332,14.275000000000002,88.1,400
756,37.43305555555555,13.5525,88.1,400
757,46.03999999999999,9.774444444444445,88.1,320
758,43.84666666666668,7.864444444444445,88.1,320
759,46.5238888888889,13.001666666666667,88.1,250
760,46.74111111111111,12.253888888888891,88.1,200
761,46.77888888888888,11.82888888888889,88.1,160
762,44.37638888888889,9.119166666666667,88.1,160
763,46.98972222222223,11.498611111111112,88.1,158
764,46.72805555555556,11.32138888888889,88.1,100
765,45.755833333333335,9.413333333333332,88.1,100
766,40.70805555555555,9.69527777777778,88.1,40
767,45.86555555555555,9.447777777777778,88.1,25
768,39.01416666666666,16.763888888888886,88.1,0
769,39.53277777777779,8.605555555555556,88.1,0
770,39.65666666666667,15.875555555555554,88.1,0
771,38.96583333333333,16.51638888888889,88.1,0
772,37.03083333333333,14.716111111111113,88.1,0
773,40.099444444444444,18.028888888888883,88.1,0
774,40.15083333333333,18.47333333333333,88.1,0
775,36.77916666666667,12.00388888888889,88.1,0
776,43.94666666666666,11.143611111111111,88.1,0
777,45.688611111111115,9.667499999999999,88.15,1000
778,45.78638888888889,9.730555555555558,88.15,1000
779,45.57777777777778,8.928333333333333,88.15,500
780,40.67083333333333,14.474444444444444,88.2,199500
781,46.006944444444436,12.43638888888889,88.2,50100
782,44.56805555555555,10.690555555555553,88.2,50100
783,41.718888888888884,12.782777777777778,88.2,31600
784,44.094444444444456,12.151666666666667,88.2,20000
785,44.90583333333333,9.544999999999998,88.2,20000
786,40.85333333333334,9.174999999999999,88.2,12600
787,37.25722222222222,13.919444444444444,88.2,10000
788,38.19166666666666,15.540833333333332,88.2,10000
789,40.694444444444436,17.644444444444442,88.2,7900
790,40.694444444444436,17.644444444444442,88.2,7900
791,40.04694444444445,15.470277777777778,88.2,7900
792,45.04166666666667,7.735555555555557,88.2,7900
793,45.745000000000005,10.031944444444443,88.2,6300
794,39.39194444444445,16.31694444444445,88.2,6300
795,46.13916666666666,11.040555555555557,88.2,6300
796,37.51138888888888,15.0375,88.2,5000
797,45.619166666666665,10.452499999999997,88.2,5000
798,41.911944444444444,12.929722222222223,88.2,4000
799,44.09722222222222,8.230555555555554,88.2,4000
800,37.09750000000001,15.282222222222222,88.2,4000
801,41.0925,16.917222222222225,88.2,3200
802,39.85194444444445,16.425555555555555,88.2,3200
803,39.085277777777776,8.412500000000001,88.2,3200
804,40.38166666666667,18.11944444444445,88.2,3200
805,41.50805555555556,13.550277777777778,88.2,2500
806,42.83305555555555,13.581666666666665,88.2,2000
807,38.33472222222222,15.846666666666666,88.2,2000
808,41.612222222222236,14.278055555555556,88.2,2000
809,43.87194444444445,7.735555555555557,88.2,2000
810,41.257777777777775,14.603888888888887,88.2,1580
811,44.78194444444444,10.866944444444442,88.2,1500
812,42.038611111111116,13.394166666666667,88.2,1300
813,46.096111111111114,12.305000000000003,88.2,1300
814,40.93388888888889,14.724444444444446,88.2,1300
815,37.73027777777778,15.130833333333337,88.2,1300
816,41.71055555555556,13.634999999999998,88.2,1300
817,46.61611111111111,10.550833333333332,88.2,1260
818,44.154722222222226,11.012500000000001,88.2,1000
819,45.89777777777778,8.391944444444444,88.2,1000
820,40.06638888888888,15.873055555555554,88.2,1000
821,38.35,16.234444444444446,88.2,1000
822,38.44555555555556,16.568611111111107,88.2,1000
823,43.79666666666667,7.586111111111111,88.2,1000
824,45.61444444444445,7.678888888888888,88.2,800
825,42.70805555555555,13.103333333333332,88.2,790
826,45.85527777777777,9.686666666666664,88.2,790
827,46.01694444444445,11.745000000000001,88.2,500
828,46.68666666666667,11.712222222222222,88.2,500
829,42.92250000000001,10.540555555555555,88.2,500
830,37.46416666666668,14.060277777777777,88.2,400
831,39.15277777777778,8.971111111111112,88.2,400
832,46.16722222222222,10.806111111111113,88.2,400
833,47.02888888888889,12.072777777777775,88.2,400
834,46.38055555555556,11.670833333333334,88.2,320
835,46.39055555555555,13.222499999999998,88.2,320
836,46.25555555555556,10.458333333333332,88.2,320
837,41.77222222222223,13.189444444444444,88.2,250
838,41.70000000000001,13.250000000000002,88.2,250
839,40.67722222222221,14.7825,88.2,250
840,44.258611111111115,9.45222222222222,88.2,200
841,46.279166666666654,12.013055555555555,88.2,160
842,42.91694444444445,12.050833333333335,88.2,100
843,44.51722222222222,9.38472222222222,88.2,100
844,37.632777777777775,13.639444444444441,88.2,100
845,45.748333333333335,7.825833333333332,88.2,79
846,43.99194444444444,7.767777777777777,88.2,79
847,43.95444444444444,8.132499999999999,88.2,63
848,39.75472222222223,15.91277777777778,88.2,63
849,41.88666666666666,15.959166666666665,88.2,40
850,42.41277777777777,13.078333333333333,88.2,32
851,45.85194444444445,7.383333333333335,88.2,25
852,45.718333333333334,6.9480555555555545,88.2,16
853,37.82777777777778,14.874166666666667,88.2,8
854,37.906666666666666,13.433888888888887,88.2,0
855,41.65583333333333,13.104166666666668,88.2,0
856,36.87333333333333,14.786944444444442,88.2,0
857,40.85833333333333,14.191944444444443,88.2,0
858,37.150000000000006,14.383333333333335,88.2,0
859,41.493333333333325,13.265277777777778,88.2,0
860,45.32083333333333,10.65888888888889,88.2,0
862,43.749166666666675,10.553611111111113,88.25,31600
863,38.06555555555556,14.628055555555557,88.25,0
864,45.766666666666666,9.558055555555557,88.3,631000
865,45.54472222222223,10.276944444444446,88.3,158500
866,45.82,9.100277777777778,88.3,125900
867,43.549722222222215,13.601666666666667,88.3,100000
868,41.472777777777786,15.115277777777777,88.3,39800
869,41.75305555555555,12.704166666666666,88.3,31600
870,42.817777777777785,12.209444444444443,88.3,25000
871,45.15138888888888,10.029166666666667,88.3,15800
872,40.62333333333333,17.394722222222224,88.3,15800
873,41.52722222222222,14.836944444444446,88.3,15800
874,45.174722222222215,10.810277777777781,88.3,10000
875,43.70583333333334,11.373333333333335,88.3,10000
876,46.17194444444444,9.83666666666667,88.3,8000
877,42.089999999999996,11.853333333333335,88.3,7900
878,40.780555555555566,16.756944444444446,88.3,7900
879,46.57055555555556,12.514444444444443,88.3,6400
880,41.31416666666666,16.259166666666673,88.3,6300
881,45.88277777777777,10.990833333333335,88.3,6300
882,40.06305555555556,18.144166666666667,88.3,5000
883,42.43555555555556,14.235277777777778,88.3,4000
884,44.41944444444444,9.628055555555557,88.3,3200
885,45.68472222222221,10.779722222222224,88.3,3200
886,40.02972222222221,16.337777777777774,88.3,3200
887,36.75000000000001,14.71111111111111,88.3,3200
888,43.45194444444444,12.20583333333333,88.3,2500
889,38.81138888888888,16.367777777777782,88.3,2500
890,45.782222222222224,9.80027777777778,88.3,2000
891,45.86916666666666,9.408333333333335,88.3,2000
892,42.00111111111111,14.851111111111113,88.3,2000
893,42.728333333333325,12.748333333333331,88.3,2000
894,44.657222222222224,8.48027777777778,88.3,1600
895,40.865,16.633888888888883,88.3,1600
896,45.86805555555555,8.772777777777776,88.3,1600
897,38.25277777777779,15.238888888888887,88.3,1600
898,38.16555555555555,13.355,88.3,1600
899,44.41888888888888,11.413888888888888,88.3,1500
900,40.65083333333334,14.64972222222222,88.3,1300
901,39.81166666666667,9.357777777777777,88.3,1260
902,40.85222222222223,16.77777777777777,88.3,1000
903,40.06750000000001,16.01638888888889,88.3,1000
904,37.79944444444444,14.106111111111113,88.3,1000
905,45.52166666666666,8.077500000000002,88.3,1000
906,41.03055555555556,14.468888888888888,88.3,1000
907,46.393611111111106,12.822500000000002,88.3,1000
908,43.78805555555555,12.07,88.3,1000
909,39.81166666666667,18.34194444444444,88.3,800
910,43.69861111111111,11.988055555555553,88.3,800
911,44.409444444444446,9.181388888888888,88.3,800
912,41.20333333333334,16.575833333333332,88.3,790
913,46.928055555555545,11.416666666666666,88.3,790
914,42.3175,13.252222222222223,88.3,790
915,45.94222222222223,13.593055555555557,88.3,630
916,41.95722222222223,14.388055555555555,88.3,630
917,45.974999999999994,8.132499999999999,88.3,500
918,46.76972222222223,11.723055555555554,88.3,500
919,46.05277777777777,8.743333333333332,88.3,500
920,45.27777777777777,10.366666666666669,88.3,500
921,43.310833333333335,11.294444444444443,88.3,500
922,46.482499999999995,13.520277777777777,88.3,450
923,44.15194444444444,10.665555555555557,88.3,400
924,42.61416666666666,13.350277777777778,88.3,400
925,40.665000000000006,15.111388888888888,88.3,400
926,38.11972222222223,16.150555555555552,88.3,400
927,43.923333333333325,7.669444444444444,88.3,400
928,45.683611111111105,7.852500000000001,88.3,400
929,39.98944444444444,15.764999999999997,88.3,400
930,41.001666666666665,17.034166666666664,88.3,400
931,45.81,7.579166666666667,88.3,400
932,46.18527777777778,12.341388888888888,88.3,320
933,44.210555555555565,9.945833333333335,88.3,320
934,43.105,12.793055555555554,88.3,320
935,37.91111111111111,13.816666666666666,88.3,300
936,46.541111111111114,10.165277777777776,88.3,250
937,44.16833333333333,11.789166666666665,88.3,250
938,44.62083333333333,8.938888888888886,88.3,250
939,46.482499999999995,13.520277777777777,88.3,250
940,46.471388888888896,10.352222222222224,88.3,250
941,45.89666666666666,10.694999999999999,88.3,200
942,46.03111111111111,10.366666666666669,88.3,200
943,46.03638888888888,11.864444444444445,88.3,200
944,41.80638888888889,13.784166666666666,88.3,200
945,45.70888888888889,7.157222222222223,88.3,200
946,45.70888888888889,7.157222222222223,88.3,200
947,46.31583333333332,9.37,88.3,200
948,46.52722222222222,12.174444444444445,88.3,130
949,39.069722222222225,17.110000000000003,88.3,130
950,37.31388888888889,13.575,88.3,100
951,38.64222222222223,16.510277777777777,88.3,100
952,46.102222222222224,8.260000000000002,88.3,79
953,46.04194444444444,9.402222222222223,88.3,63
954,46.56972222222222,11.23861111111111,88.3,50
955,46.72805555555556,11.896666666666668,88.3,50
956,45.61805555555556,7.360277777777778,88.3,40
957,40.68305555555556,16.00194444444444,88.3,32
958,43.20333333333334,13.077777777777776,88.3,16
959,39.039444444444435,16.1475,88.3,16
960,44.30166666666666,9.213888888888889,88.3,8
961,39.147777777777776,16.074444444444442,88.3,0
962,39.65666666666667,15.875555555555554,88.3,0
963,45.78888888888889,9.10111111111111,88.3,0
964,40.73416666666667,13.877777777777776,88.3,0
965,44.43194444444443,8.913333333333334,88.3,0
966,40.86166666666667,15.100833333333332,88.3,0
967,39.22305555555556,16.253888888888884,88.3,0
968,42.16055555555556,14.132222222222222,88.3,0
969,40.43472222222222,15.143055555555557,88.3,0
970,38.75000000000001,16.561111111111106,88.3,0
971,39.67444444444444,9.604444444444441,88.3,0
972,44.759722222222216,9.917499999999999,88.35,15800
973,45.93666666666666,12.023333333333333,88.4,158500
974,38.035555555555554,12.582222222222219,88.4,126200
975,41.8475,13.114722222222223,88.4,125900
976,43.86944444444445,7.7425,88.4,50100
977,44.827222222222225,11.578055555555553,88.4,40000
978,41.49250000000001,13.07777777777778,88.4,39800
979,44.4425,10.882222222222225,88.4,25100
980,42.45472222222223,13.050277777777776,88.4,25100
981,45.619444444444454,10.45222222222222,88.4,20000
982,41.42416666666666,13.286388888888887,88.4,15800
983,43.40416666666667,11.690555555555553,88.4,12600
984,40.82861111111112,14.394999999999998,88.4,12600
985,42.40861111111111,11.15472222222222,88.4,12600
986,44.32777777777777,7.448333333333332,88.4,10000
987,43.90444444444445,12.574166666666668,88.4,10000
988,46.22333333333333,13.131666666666668,88.4,10000
989,41.16638888888889,14.596944444444446,88.4,10000
990,45.5988888888889,8.06305555555556,88.4,5000
991,44.27499999999999,11.219166666666668,88.4,5000
992,40.15861111111111,8.6325,88.4,5000
993,42.69444444444444,13.621944444444445,88.4,5000
994,45.656388888888884,10.171666666666669,88.4,4000
995,37.49250000000001,15.0375,88.4,4000
996,40.894999999999996,17.283888888888892,88.4,4000
997,45.598055555555554,13.742777777777778,88.4,4000
998,40.725,8.51222222222222,88.4,4000
999,37.274444444444434,13.969166666666666,88.4,3200
1000,40.77277777777778,16.75722222222222,88.4,3200
1001,41.680833333333325,12.61,88.4,3162
1002,44.159722222222214,11.95388888888889,88.4,2600
1003,42.02416666666667,13.046666666666669,88.4,2500
1004,46.51138888888888,11.331944444444442,88.4,2000
1005,41.27472222222222,16.421666666666667,88.4,2000
1006,45.786944444444444,8.373333333333335,88.4,1600
1007,40.83555555555555,9.702499999999999,88.4,1260
1008,43.99527777777777,8.160000000000002,88.4,1000
1009,40.49555555555556,15.614166666666666,88.4,1000
1010,45.875555555555565,11.55777777777778,88.4,1000
1011,46.40805555555555,10.850277777777777,88.4,1000
1012,42.50805555555556,12.854166666666666,88.4,1000
1013,45.94166666666667,8.856944444444443,88.4,800
1014,40.57416666666667,15.985555555555553,88.4,800
1015,43.27638888888889,11.992499999999998,88.4,790
1016,46.81583333333334,11.177499999999998,88.4,640
1017,45.990277777777784,11.772777777777776,88.4,500
1018,46.49805555555555,11.935555555555556,88.4,500
1019,46.62833333333334,11.021388888888888,88.4,500
1020,45.787499999999994,10.989722222222222,88.4,400
1021,41.885555555555555,13.334166666666668,88.4,400
1022,41.63833333333333,15.91527777777778,88.4,400
1023,45.027499999999996,6.816388888888889,88.4,400
1024,44.19388888888888,11.265833333333331,88.4,400
1025,46.76499999999999,12.059444444444447,88.4,400
1026,46.16722222222222,11.85222222222222,88.4,320
1027,43.764722222222225,11.433888888888887,88.4,320
1028,44.63,7.4775,88.4,320
1029,45.67638888888889,9.950000000000001,88.4,300
1030,40.45000000000001,15.55,88.4,250
1031,45.83055555555555,10.403055555555554,88.4,250
1032,46.553333333333335,11.79972222222222,88.4,200
1033,44.15249999999999,8.2775,88.4,200
1034,40.969444444444456,14.571666666666664,88.4,160
1035,46.89861111111111,11.963055555555554,88.4,130
1036,40.36750000000001,9.666944444444445,88.4,79
1037,46.35083333333333,11.849722222222224,88.4,63
1038,45.691666666666656,11.229166666666664,88.4,63
1039,45.67305555555554,13.79722222222222,88.4,50
1040,41.93111111111111,13.872777777777777,88.4,13
1041,37.87222222222222,15.127500000000001,88.4,6
1042,40.56805555555555,15.49638888888889,88.4,0
1043,41.540000000000006,14.309722222222224,88.4,0
1044,42.85833333333333,13.895277777777777,88.4,0
1045,41.28111111111111,13.683333333333334,88.4,0
1046,42.49166666666667,13.651388888888887,88.4,0
1047,40.72055555555555,14.64111111111111,88.4,0
1048,42.546666666666674,12.702499999999999,88.4,0
1049,40.56305555555555,15.66277777777778,88.4,0
1050,40.67111111111112,14.474722222222221,88.4,0
1051,44.47888888888888,11.294444444444443,88.45,1000
1052,45.591666666666676,8.028611111111113,88.45,630
1053,45.79055555555556,9.500000000000002,88.5,158500
1054,43.749166666666675,10.553611111111113,88.5,80000
1055,41.916388888888896,13.121944444444443,88.5,63100
1056,39.329166666666666,16.395277777777782,88.5,50200
1057,43.29222222222222,12.484444444444444,88.5,39800
1058,45.03194444444445,7.725833333333333,88.5,25100
1059,40.04666666666666,15.47,88.5,20000
1060,41.122777777777785,16.870833333333334,88.5,15800
1061,44.43305555555555,8.566388888888891,88.5,15800
1062,46.20833333333333,12.757222222222223,88.5,13000
1063,46.20833333333333,12.757222222222223,88.5,13000
1064,45.88777777777777,8.64583333333333,88.5,7900
1065,45.70361111111112,11.328055555555556,88.5,7900
1066,38.16222222222222,13.355277777777777,88.5,5000
1067,37.990833333333335,16.01166666666667,88.5,5000
1068,40.89055555555556,14.8725,88.5,5000
1069,42.44416666666666,12.43277777777778,88.5,4000
1070,40.65083333333334,15.708611111111109,88.5,4000
1071,40.95055555555556,15.635555555555557,88.5,4000
1072,40.64388888888889,17.496388888888887,88.5,3200
1073,42.29944444444445,13.313333333333333,88.5,3200
1074,45.59305555555555,9.950277777777778,88.5,3200
1075,40.67444444444444,14.78111111111111,88.5,3200
1076,44.80972222222222,9.989722222222222,88.5,2600
1077,37.08916666666668,15.105833333333331,88.5,2500
1078,38.346666666666664,15.84138888888889,88.5,2500
1079,44.35,9.216666666666669,88.5,2500
1080,40.865,16.633888888888883,88.5,2000
1081,46.105,13.486666666666666,88.5,2000
1082,46.0725,10.32,88.5,2000
1083,38.95111111111111,16.527777777777775,88.5,2000
1084,42.054999999999986,13.725277777777777,88.5,1600
1085,45.94583333333334,10.659444444444444,88.5,1580
1086,46.345000000000006,12.149166666666664,88.5,1580
1087,44.56805555555555,10.172222222222222,88.5,1260
1088,38.027777777777786,15.135555555555555,88.5,1260
1089,37.38722222222222,14.380833333333332,88.5,1260
1090,41.94111111111111,13.979722222222222,88.5,1260
1091,38.09444444444444,14.833333333333334,88.5,1260
1092,41.31583333333332,13.21472222222222,88.5,1260
1093,45.54388888888888,10.243055555555554,88.5,1000
1094,43.89666666666666,8.060555555555554,88.5,1000
1095,44.649166666666666,10.089166666666666,88.5,1000
1096,38.13249999999999,15.666388888888887,88.5,1000
1097,45.743611111111115,7.672777777777777,88.5,1000
1098,37.62777777777777,13.608333333333333,88.5,1000
1099,39.28583333333334,16.97944444444444,88.5,1000
1100,40.67944444444445,14.919166666666667,88.5,1000
1101,38.980000000000004,16.626944444444444,88.5,1000
1102,36.927499999999995,15.082222222222223,88.5,800
1103,41.74444444444444,13.177777777777777,88.5,790
1104,44.154722222222226,11.012500000000001,88.5,790
1105,46.59972222222222,11.151944444444444,88.5,790
1106,45.9436111111111,8.483611111111113,88.5,790
1107,45.88722222222221,8.91388888888889,88.5,790
1108,46.04222222222223,9.19277777777778,88.5,640
1109,41.57000000000001,13.845833333333335,88.5,640
1110,46.4588888888889,12.416666666666666,88.5,630
1111,45.80611111111111,9.634166666666667,88.5,500
1112,36.89166666666667,14.773055555555558,88.5,500
1113,43.855000000000004,12.22527777777778,88.5,500
1114,38.608611111111124,16.552777777777777,88.5,500
1115,43.09555555555556,13.094444444444445,88.5,400
1116,46.04305555555555,11.645555555555553,88.5,400
1117,45.88888888888888,9.926388888888887,88.5,400
1118,45.59833333333334,7.801388888888889,88.5,400
1119,39.95083333333334,15.981111111111112,88.5,320
1120,39.56444444444444,15.912222222222221,88.5,250
1121,43.03222222222222,12.88861111111111,88.5,250
1122,46.68305555555556,11.707222222222219,88.5,200
1123,42.82305555555556,12.921944444444444,88.5,200
1124,43.45194444444444,12.20583333333333,88.5,130
1125,45.5988888888889,10.12027777777778,88.5,100
1126,45.73833333333334,7.751944444444446,88.5,79
1127,44.24388888888889,11.508611111111113,88.5,79
1128,44.952777777777776,6.885555555555555,88.5,63
1129,45.85750000000001,11.654722222222222,88.5,63
1130,42.80444444444444,13.427777777777775,88.5,40
1131,41.48083333333334,14.148055555555555,88.5,40
1132,40.400000000000006,16.16666666666667,88.5,40
1133,40.73111111111112,15.28888888888889,88.5,40
1134,38.04138888888889,13.378888888888888,88.5,20
1135,39.1575,8.965277777777777,88.5,20
1136,40.077777777777776,16.236388888888893,88.5,2
1137,40.760555555555555,15.746666666666668,88.5,0
1138,41.65277777777777,13.472222222222223,88.5,0
1139,41.608055555555566,14.120833333333335,88.5,0
1140,40.82777777777778,14.394999999999998,88.5,0
1141,39.01333333333334,16.21777777777778,88.5,0
1142,44.67527777777778,8.228888888888887,88.5,0
1143,40.859444444444435,14.262500000000001,88.5,0
1144,41.67777777777777,12.500000000000002,88.5,0
1145,39.06527777777777,8.450555555555557,88.5,0
1146,44.52777777777778,9.443888888888889,88.5,0
1147,39.20722222222222,9.486944444444443,88.5,0
1148,41.75138888888888,12.709722222222224,88.6,251200
1149,46.18305555555555,13.350833333333334,88.6,130000
1150,45.255,11.667499999999999,88.6,125900
1151,41.52777777777778,15.079166666666664,88.6,100000
1152,44.07027777777778,12.132499999999999,88.6,79400
1153,44.42888888888888,10.786944444444442,88.6,63100
1154,45.529722222222226,10.979166666666668,88.6,63000
1155,45.73222222222223,9.686388888888887,88.6,50100
1156,40.05416666666667,18.149166666666662,88.6,39800
1157,40.85333333333334,9.174999999999999,88.6,25100
1158,44.352777777777774,11.48722222222222,88.6,20000
1159,40.671388888888885,14.474722222222221,88.6,20000
1160,45.74583333333333,10.031111111111112,88.6,15800
1161,46.14861111111112,9.281388888888891,88.6,12600
1162,43.44333333333332,13.169722222222223,88.6,12600
1163,45.37861111111111,10.51666666666667,88.6,10000
1164,41.46972222222223,13.257222222222222,88.6,10000
1165,46.13916666666666,11.041111111111112,88.6,8000
1166,37.62777777777777,14.731111111111112,88.6,6300
1167,37.29833333333334,13.565000000000001,88.6,5000
1168,43.86416666666666,12.91472222222222,88.6,5000
1169,42.15777777777777,14.127222222222224,88.6,5000
1170,43.19722222222222,13.766388888888889,88.6,4000
1171,45.84444444444444,9.381111111111109,88.6,3200
1172,41.122777777777785,14.530555555555555,88.6,3200
1173,43.27777777777777,13.352222222222224,88.6,2500
1174,44.90583333333333,9.544444444444444,88.6,2500
1175,37.57055555555556,15.12138888888889,88.6,2500
1176,46.14027777777778,10.082777777777777,88.6,2000
1177,46.01416666666666,8.257222222222222,88.6,1300
1178,45.80527777777778,7.293055555555555,88.6,1000
1179,42.389166666666675,12.909444444444444,88.6,1000
1180,40.58194444444445,17.2475,88.6,1000
1181,46.613888888888894,10.910277777777777,88.6,1000
1182,45.46361111111112,8.003333333333336,88.6,1000
1183,45.446388888888876,8.626944444444444,88.6,1000
1184,46.466111111111104,10.415555555555555,88.6,1000
1185,40.56805555555555,15.49638888888889,88.6,800
1186,43.358333333333334,13.026666666666669,88.6,790
1187,44.18083333333333,10.099444444444444,88.6,640
1188,44.555,9.000555555555554,88.6,500
1189,45.735555555555564,9.273333333333333,88.6,500
1190,45.82027777777779,10.992777777777778,88.6,400
1191,45.748333333333335,7.825277777777778,88.6,400
1192,45.426388888888894,7.615555555555554,88.6,400
1193,44.10333333333333,11.74888888888889,88.6,400
1194,43.61444444444445,13.516388888888887,88.6,320
1195,45.164722222222224,8.28888888888889,88.6,320
1196,45.71444444444444,6.93861111111111,88.6,250
1197,37.12777777777777,14.007777777777779,88.6,250
1198,45.97583333333334,11.816666666666666,88.6,250
1199,45.86305555555555,8.780555555555557,88.6,250
1200,39.5238888888889,8.605,88.6,200
1201,46.524722222222216,12.118055555555554,88.6,200
1202,46.6261111111111,11.380555555555555,88.6,100
1203,45.78888888888889,9.10111111111111,88.6,100
1204,41.958333333333336,14.160000000000002,88.6,100
1205,41.91694444444445,13.12027777777778,88.6,100
1206,45.78305555555555,9.896111111111109,88.6,79
1207,45.62138888888888,7.6358333333333315,88.6,50
1208,42.61527777777777,13.351666666666665,88.6,25
1209,40.388055555555546,15.614999999999998,88.6,13
1210,39.84194444444446,18.26111111111111,88.6,13
1211,40.261111111111106,15.994444444444444,88.6,10
1212,40.611111111111114,14.994444444444444,88.6,0
1213,37.504166666666656,15.0675,88.6,0
1214,44.43194444444443,8.913333333333334,88.6,0
1215,44.39138888888889,7.826944444444443,88.6,0
1216,40.273611111111116,15.705555555555556,88.6,0
1217,40.321111111111115,9.336944444444445,88.6,0
1218,40.562222222222225,15.23611111111111,88.6,0
1219,40.09694444444445,15.791388888888887,88.6,0
1220,40.638888888888886,15.405277777777776,88.6,0
1221,43.185555555555545,13.303333333333335,88.6,0
1222,39.932500000000005,18.351666666666667,88.6,0
1223,40.82777777777778,14.394999999999998,88.65,0
1224,45.362500000000004,11.673333333333334,88.7,79400
1225,38.48944444444445,14.9325,88.7,63100
1226,45.03194444444445,7.725833333333333,88.7,63100
1227,45.54472222222223,10.276944444444446,88.7,50100
1228,45.47916666666667,9.146666666666665,88.7,50100
1229,41.696666666666665,12.719166666666665,88.7,25200
1230,45.60111111111111,13.740555555555556,88.7,20000
1231,40.529722222222226,16.50861111111111,88.7,20000
1232,44.464999999999996,11.345555555555555,88.7,15800
1233,41.11361111111112,16.34666666666666,88.7,15800
1234,45.843055555555566,13.507499999999999,88.7,15800
1235,44.82111111111111,9.898055555555553,88.7,15800
1236,43.426388888888894,11.741666666666665,88.7,12600
1237,45.85055555555555,11.566944444444443,88.7,10000
1238,43.42416666666666,11.335833333333335,88.7,7900
1239,42.79555555555556,11.162777777777778,88.7,7900
1240,40.84666666666668,17.314722222222226,88.7,7900
1241,45.970000000000006,8.61083333333333,88.7,6300
1242,46.143333333333324,11.750555555555557,88.7,4000
1243,43.452222222222225,12.206388888888887,88.7,4000
1244,46.05305555555556,8.743055555555555,88.7,4000
1245,42.5336111111111,12.690833333333332,88.7,4000
1246,38.03666666666667,12.581666666666665,88.7,3200
1247,39.36361111111111,9.295833333333334,88.7,3200
1248,45.18666666666665,9.153333333333336,88.7,2500
1249,45.668055555555554,9.085555555555558,88.7,2000
1250,37.656388888888884,14.021388888888888,88.7,2000
1251,40.657222222222224,15.549722222222224,88.7,1600
1252,41.98500000000001,13.809999999999999,88.7,1580
1253,43.34527777777779,12.501111111111111,88.7,1580
1254,38.17916666666667,13.12611111111111,88.7,1260
1255,40.441666666666656,15.26888888888889,88.7,1000
1256,44.759722222222216,9.917499999999999,88.7,1000
1257,43.096111111111114,12.337499999999999,88.7,1000
1258,38.943055555555546,8.805277777777777,88.7,1000
1259,38.95111111111111,16.527777777777775,88.7,1000
1260,45.65777777777778,10.175555555555553,88.7,790
1261,44.074444444444445,9.809444444444445,88.7,630
1262,45.807777777777765,11.309444444444447,88.7,630
1263,40.022222222222226,18.426666666666666,88.7,500
1264,43.03222222222222,12.88861111111111,88.7,500
1265,44.551666666666655,8.680555555555554,88.7,500
1266,46.39638888888888,12.013611111111109,88.7,400
1267,44.81666666666668,9.586666666666668,88.7,400
1268,46.353055555555564,13.056944444444447,88.7,400
1269,46.69777777777777,11.911666666666667,88.7,400
1270,40.19333333333333,15.895833333333332,88.7,400
1271,43.928333333333335,7.844444444444443,88.7,400
1272,40.36750000000001,9.666944444444445,88.7,400
1273,38.47111111111111,16.451944444444447,88.7,400
1274,46.0261111111111,12.500000000000002,88.7,400
1275,43.92916666666666,11.908055555555555,88.7,400
1276,46.722777777777786,12.211666666666666,88.7,400
1277,45.94444444444444,8.524722222222225,88.7,400
1278,42.770833333333336,13.151666666666667,88.7,320
1279,45.90555555555556,9.668888888888889,88.7,320
1280,42.25194444444445,13.045833333333333,88.7,316
1281,40.00027777777779,16.58972222222222,88.7,300
1282,39.69472222222221,9.587222222222223,88.7,260
1283,46.78888888888889,11.937500000000002,88.7,250
1284,44.3288888888889,8.352500000000001,88.7,200
1285,43.65333333333333,11.60222222222222,88.7,200
1286,39.24527777777778,16.077777777777776,88.7,200
1287,37.97638888888889,14.381666666666668,88.7,200
1288,39.44083333333334,8.503611111111109,88.7,160
1289,44.19805555555555,10.809444444444445,88.7,130
1290,44.69222222222223,8.048333333333332,88.7,100
1291,39.04138888888889,16.14777777777778,88.7,100
1292,42.04305555555555,13.094444444444445,88.7,100
1293,46.525000000000006,11.254166666666668,88.7,63
1294,46.41972222222222,11.538888888888886,88.7,63
1295,46.870555555555555,12.111388888888888,88.7,50
1296,46.279166666666654,12.013055555555555,88.7,40
1297,41.88666666666666,15.959166666666665,88.7,40
1298,37.77833333333333,13.714444444444444,88.7,32
1299,45.082499999999996,6.7077777777777765,88.7,32
1300,39.566388888888895,15.914166666666667,88.7,0
1301,42.150000000000006,13.258611111111112,88.7,0
1302,40.42888888888888,15.40972222222222,88.7,0
1303,39.01388888888889,16.218611111111112,88.7,0
1304,41.20611111111111,13.577222222222222,88.7,0
1305,40.163055555555566,15.365555555555556,88.7,0
1306,39.39444444444444,16.083333333333336,88.7,0
1307,38.13249999999999,15.666388888888887,88.7,0
1308,38.13249999999999,15.666388888888887,88.7,0
1309,39.26472222222221,16.75722222222222,88.7,0
1310,40.44027777777778,15.483055555555556,88.7,0
1311,45.4913888888889,10.217222222222222,88.7,0
1312,41.416666666666664,14.077777777777776,88.7,0
1313,39.36805555555556,9.297222222222224,88.7,0
1314,45.12861111111111,6.692222222222222,88.7,0
1315,45.853888888888896,6.913888888888889,88.7,0
1316,45.619166666666665,10.452499999999997,88.72,20000
1317,40.295277777777784,15.056388888888888,88.75,0
1318,41.33750000000001,13.828333333333331,88.8,158500
1319,43.750277777777775,10.55388888888889,88.8,125900
1320,41.60083333333334,13.63166666666667,88.8,63200
1321,43.54194444444443,13.597777777777779,88.8,63100
1322,45.86555555555555,9.447777777777778,88.8,39800
1323,46.006944444444436,12.43638888888889,88.8,32000
1324,41.0925,16.917222222222225,88.8,31600
1325,38.16499999999999,13.355277777777777,88.8,25100
1326,44.953055555555565,8.662500000000003,88.8,20000
1327,44.42888888888888,10.786944444444442,88.8,20000
1328,40.71361111111111,14.659444444444444,88.8,20000
1329,38.175000000000004,16.200000000000003,88.8,10000
1330,38.18944444444445,15.72027777777778,88.8,10000
1331,42.36194444444445,12.17333333333333,88.8,10000
1332,40.85694444444445,14.08,88.8,10000
1333,46.153888888888886,9.89111111111111,88.8,7900
1334,42.575833333333335,13.965,88.8,7900
1335,40.32833333333334,18.051666666666666,88.8,7900
1336,44.07027777777778,12.132499999999999,88.8,7900
1337,40.85444444444445,14.189444444444444,88.8,7900
1338,40.38166666666667,18.118611111111107,88.8,7900
1339,37.70000000000001,15.0,88.8,5000
1340,44.88777777777777,8.186666666666667,88.8,4000
1341,44.16499999999999,8.316944444444442,88.8,4000
1342,44.41805555555556,8.985555555555553,88.8,4000
1343,44.73833333333334,8.02638888888889,88.8,4000
1344,44.92611111111112,10.524166666666666,88.8,4000
1345,42.94277777777778,13.871944444444447,88.8,3200
1346,45.2975,10.475277777777777,88.8,3000
1347,44.34944444444446,9.16722222222222,88.8,2500
1348,39.3513888888889,16.31055555555556,88.8,2500
1349,40.08416666666667,8.576666666666668,88.8,2500
1350,44.47833333333333,9.81611111111111,88.8,2000
1351,40.71999999999999,8.506944444444445,88.8,2000
1352,45.60111111111111,11.093611111111109,88.8,2000
1353,41.09777777777778,14.363888888888889,88.8,1600
1354,40.66222222222221,15.794722222222221,88.8,1580
1355,44.32388888888889,8.478333333333333,88.8,1580
1356,40.089444444444446,15.953333333333331,88.8,1260
1357,46.50055555555554,11.352500000000001,88.8,1000
1358,45.545555555555545,9.226666666666665,88.8,1000
1359,46.18194444444444,10.371944444444445,88.8,1000
1360,44.43611111111112,8.843055555555559,88.8,1000
1361,46.23944444444445,10.52138888888889,88.8,1000
1362,43.80472222222221,7.727222222222221,88.8,1000
1363,46.59055555555557,11.157500000000002,88.8,1000
1364,44.210555555555565,11.794166666666667,88.8,800
1365,45.62777777777777,8.948611111111111,88.8,800
1366,42.63055555555555,12.07722222222222,88.8,790
1367,46.92694444444444,11.414444444444447,88.8,790
1368,39.672222222222224,15.852777777777776,88.8,640
1369,45.905,11.956111111111111,88.8,630
1370,36.87333333333333,14.786944444444442,88.8,500
1371,46.70083333333333,11.213333333333335,88.8,500
1372,43.8825,11.550555555555555,88.8,320
1373,40.84111111111112,15.2425,88.8,250
1374,44.51666666666667,9.383333333333335,88.8,250
1375,45.04972222222222,7.012777777777778,88.8,250
1376,43.105,12.793055555555554,88.8,200
1377,46.26083333333333,13.3475,88.8,200
1378,45.5461111111111,8.055277777777778,88.8,160
1379,46.310555555555545,12.31861111111111,88.8,160
1380,46.580833333333345,11.661666666666665,88.8,130
1381,46.68666666666667,11.712222222222222,88.8,100
1382,46.26083333333333,13.3475,88.8,100
1383,40.72916666666667,13.894444444444446,88.8,63
1384,41.30027777777779,13.980277777777776,88.8,63
1385,46.519166666666656,10.577222222222222,88.8,50
1386,40.5225,15.507499999999999,88.8,32
1387,46.34527777777779,12.149722222222223,88.8,32
1388,41.33750000000001,14.539444444444445,88.8,20
1389,41.36,14.731111111111112,88.8,16
1390,45.80083333333333,9.68361111111111,88.8,10
1391,45.96111111111111,9.256944444444445,88.8,0
1392,40.56805555555555,15.49638888888889,88.8,0
1393,45.85583333333332,9.076944444444443,88.8,0
1394,41.22277777777777,14.714444444444444,88.8,0
1395,44.345833333333346,9.860555555555555,88.8,0
1396,40.09583333333333,15.790555555555555,88.8,0
1397,46.31583333333332,9.37,88.8,0
1398,42.92305555555556,12.91138888888889,88.8,0
1399,38.27777777777777,16.311111111111114,88.8,0
1400,45.79444444444444,9.55,88.85,10000
1401,46.97277777777778,11.523611111111112,88.85,2000
1402,45.8811111111111,8.45361111111111,88.9,158500
1403,40.85361111111111,9.17333333333333,88.9,126200
1404,41.75083333333333,12.709722222222224,88.9,125900
1405,40.624722222222225,17.393611111111106,88.9,50100
1406,44.32777777777777,7.448333333333332,88.9,15800
1407,41.711666666666666,15.677222222222223,88.9,15800
1408,45.7438888888889,7.677777777777778,88.9,8000
1409,44.787499999999994,10.320555555555554,88.9,7900
1410,40.87166666666666,17.288055555555562,88.9,6300
1411,43.70583333333334,11.373055555555558,88.9,6300
1412,42.15777777777777,14.127222222222224,88.9,5000
1413,38.16027777777777,14.750833333333334,88.9,4000
1414,44.4875,8.862777777777776,88.9,4000
1415,46.81111111111111,11.66277777777778,88.9,4000
1416,46.195833333333326,12.991666666666665,88.9,3200
1417,42.76111111111111,12.822777777777778,88.9,3200
1418,40.31583333333332,15.783888888888889,88.9,3200
1419,40.67805555555555,14.706944444444442,88.9,3200
1420,40.863888888888894,16.761944444444445,88.9,2500
1421,38.676111111111105,16.116666666666667,88.9,2500
1422,37.99305555555555,14.139999999999999,88.9,2000
1423,46.14972222222223,13.203888888888887,88.9,2000
1424,43.26527777777779,12.351388888888888,88.9,1600
1425,42.497499999999995,12.511944444444444,88.9,1580
1426,44.018888888888895,8.188611111111113,88.9,1300
1427,38.97194444444444,16.776666666666664,88.9,1300
1428,46.14916666666667,10.992499999999998,88.9,1260
1429,46.51444444444444,12.9275,88.9,1260
1430,43.471388888888896,11.974722222222224,88.9,1000
1431,45.823333333333345,10.053055555555558,88.9,1000
1432,42.79555555555556,11.163055555555555,88.9,1000
1433,45.79194444444445,9.869444444444447,88.9,1000
1434,46.05,11.334722222222222,88.9,1000
1435,37.27666666666667,13.713611111111108,88.9,1000
1436,46.53944444444445,11.51277777777778,88.9,1000
1437,39.9286111111111,18.29111111111111,88.9,1000
1438,45.57277777777777,8.134166666666664,88.9,1000
1439,40.74805555555557,15.546388888888888,88.9,800
1440,41.22388888888888,16.517222222222216,88.9,790
1441,45.11944444444444,6.954444444444445,88.9,790
1442,45.917777777777786,10.99222222222222,88.9,790
1443,46.02111111111111,11.848611111111111,88.9,500
1444,46.14666666666667,8.470277777777778,88.9,500
1445,46.02,12.299722222222224,88.9,500
1446,38.28277777777777,15.818333333333335,88.9,400
1447,44.68055555555556,9.35833333333333,88.9,400
1448,46.42249999999999,12.867500000000001,88.9,400
1449,46.247222222222234,10.230277777777777,88.9,400
1450,37.98277777777778,15.764999999999997,88.9,400
1451,46.461388888888884,11.030555555555559,88.9,400
1452,41.91722222222221,13.11972222222222,88.9,400
1453,46.493333333333325,13.567499999999997,88.9,400
1454,42.919444444444444,13.158333333333333,88.9,400
1455,41.879444444444445,16.156944444444445,88.9,400
1456,46.88888888888888,11.826666666666668,88.9,320
1457,45.88444444444445,9.997777777777777,88.9,320
1458,42.08666666666667,12.994444444444442,88.9,320
1459,43.077777777777776,13.650000000000002,88.9,300
1460,46.2525,11.502500000000001,88.9,200
1461,45.89666666666666,10.694999999999999,88.9,200
1462,46.26916666666666,11.245277777777776,88.9,200
1463,46.58194444444445,13.009166666666665,88.9,200
1464,42.3613888888889,13.018888888888888,88.9,160
1465,45.62777777777777,10.211111111111109,88.9,150
1466,46.81472222222222,12.241388888888885,88.9,100
1467,41.26555555555556,13.744166666666663,88.9,100
1468,39.83472222222223,15.807222222222222,88.9,100
1469,46.6261111111111,11.380555555555555,88.9,80
1470,43.6525,11.60277777777778,88.9,79
1471,45.74694444444444,8.090277777777779,88.9,63
1472,42.77305555555555,13.290833333333335,88.9,25
1473,41.05694444444444,14.542222222222222,88.9,10
1474,45.977777777777774,9.477777777777776,88.9,0
1475,40.42888888888888,15.40972222222222,88.9,0
1476,44.65666666666667,8.975833333333332,88.9,0
1477,40.66694444444445,16.639444444444447,88.9,0
1478,40.273333333333326,15.705555555555556,88.9,0
1479,39.154722222222226,8.753055555555557,88.9,0
1480,41.23222222222221,13.079166666666664,88.9,0
1481,40.638888888888886,15.405277777777776,88.9,0
1482,42.3188888888889,13.250833333333333,88.9,0
1483,44.41888888888888,11.413888888888888,88.95,50100
1484,40.85833333333333,14.191944444444443,89.0,199500
1485,45.31305555555555,11.684444444444443,89.0,160000
1486,44.25666666666667,8.448055555555555,89.0,125900
1487,45.17444444444445,9.483611111111113,89.0,50100
1488,45.49722222222223,9.19111111111111,89.0,31600
1489,43.87388888888888,12.44277777777778,89.0,25100
1490,45.03055555555556,7.722777777777778,89.0,20000
1491,45.54388888888888,10.243055555555554,89.0,15800
1492,43.416666666666664,11.344444444444441,89.0,15800
1493,42.393611111111106,11.163611111111114,89.0,15800
1494,45.66888888888888,10.77388888888889,89.0,12600
1495,43.131666666666675,12.320277777777777,89.0,10000
1496,37.95444444444444,12.964444444444446,89.0,8000
1497,41.18833333333334,16.673055555555557,89.0,6300
1498,45.886388888888895,10.162222222222223,89.0,4000
1499,37.11277777777777,14.821944444444442,89.0,4000
1500,45.80166666666667,9.071111111111113,89.0,4000
1501,46.216666666666676,11.116666666666667,89.0,4000
1502,45.47833333333333,9.165555555555553,89.0,4000
1503,40.67361111111112,14.708055555555555,89.0,4000
1504,38.032500000000006,15.707500000000001,89.0,3200
1505,45.67111111111112,13.795,89.0,3200
1506,42.038611111111116,13.394444444444444,89.0,2500
1507,44.106944444444444,9.780000000000001,89.0,2000
1508,39.93972222222222,15.751388888888888,89.0,2000
1509,40.09861111111112,18.029444444444447,89.0,2000
1510,42.55305555555555,13.096111111111114,89.0,1600
1511,39.37777777777777,9.296666666666665,89.0,1600
1512,41.92499999999999,14.62777777777778,89.0,1600
1513,44.98916666666668,10.416111111111109,89.0,1300
1514,43.8975,8.060277777777777,89.0,1300
1515,42.97083333333333,13.865833333333335,89.0,1300
1516,42.95,13.883055555555556,89.0,1300
1517,42.5336111111111,12.690833333333332,89.0,1300
1518,42.76749999999999,12.201944444444441,89.0,1000
1519,46.471388888888896,10.352222222222224,89.0,1000
1520,46.07277777777779,8.592500000000003,89.0,1000
1521,43.894999999999996,11.455555555555556,89.0,1000
1522,38.90027777777778,16.608888888888888,89.0,800
1523,41.6525,12.919999999999998,89.0,790
1524,39.922777777777775,16.055000000000003,89.0,790
1525,37.81583333333334,13.870000000000001,89.0,790
1526,44.81527777777778,9.223888888888888,89.0,790
1527,44.68888888888888,8.477777777777776,89.0,500
1528,45.72722222222222,10.963888888888887,89.0,500
1529,37.989999999999995,16.011944444444445,89.0,500
1530,46.721944444444446,12.121944444444443,89.0,500
1531,39.54444444444444,16.10638888888889,89.0,500
1532,41.540000000000006,14.309722222222224,89.0,400
1533,45.23472222222223,7.4672222222222215,89.0,400
1534,46.79972222222223,10.523888888888889,89.0,400
1535,38.43944444444444,16.292777777777783,89.0,400
1536,46.01638888888888,8.255555555555553,89.0,400
1537,46.38638888888888,12.258333333333335,89.0,400
1538,40.62499999999999,15.491388888888887,89.0,400
1539,44.41333333333333,8.302777777777775,89.0,320
1540,45.76250000000001,10.545277777777775,89.0,320
1541,42.66361111111111,13.687777777777779,89.0,250
1542,46.405277777777776,13.307222222222226,89.0,200
1543,41.72555555555556,16.08555555555555,89.0,200
1544,36.77916666666667,12.00388888888889,89.0,200
1545,46.580555555555556,11.092777777777778,89.0,160
1546,45.72777777777778,10.100000000000001,89.0,150
1547,46.42305555555555,9.35361111111111,89.0,130
1548,46.16722222222222,10.805833333333336,89.0,130
1549,42.00194444444445,14.993611111111111,89.0,130
1550,45.98333333333334,9.683333333333334,89.0,100
1551,40.163055555555566,15.361944444444443,89.0,100
1552,40.273333333333326,15.705555555555556,89.0,100
1553,44.88777777777777,8.85861111111111,89.0,100
1554,44.677777777777784,8.788055555555555,89.0,63
1555,40.25611111111111,15.020833333333334,89.0,63
1556,42.23444444444444,13.486388888888888,89.0,63
1557,40.760555555555555,15.746666666666668,89.0,50
1558,41.74277777777777,13.992777777777778,89.0,50
1559,36.80083333333333,14.698888888888888,89.0,50
1560,41.88972222222222,13.405,89.0,40
1561,42.065000000000005,13.86777777777778,89.0,20
1562,45.75833333333334,10.272500000000003,89.0,13
1563,39.81111111111111,18.343611111111112,89.0,0
1564,39.01333333333334,16.21777777777778,89.0,0
1565,43.580833333333345,11.315,89.0,0
1566,39.22305555555556,16.253888888888884,89.0,0
1567,41.711666666666666,15.677222222222223,89.0,0
1568,41.88666666666666,15.959166666666665,89.0,0
1569,40.660833333333336,17.286388888888887,89.1,100000
1570,41.75083333333333,12.709722222222224,89.1,79400
1571,43.750277777777775,10.55388888888889,89.1,50100
1572,44.352777777777774,11.48722222222222,89.1,50100
1573,41.118611111111115,16.873888888888892,89.1,20000
1574,45.81722222222223,9.204444444444446,89.1,20000
1575,45.73222222222223,9.686388888888887,89.1,20000
1576,43.86111111111111,10.966666666666667,89.1,20000
1577,41.72138888888889,12.636944444444442,89.1,15800
1578,44.268888888888895,7.792222222222223,89.1,10000
1579,41.185555555555545,15.563888888888892,89.1,7900
1580,42.79555555555556,11.163055555555555,89.1,7900
1581,38.16083333333333,13.35833333333333,89.1,7900
1582,44.759722222222216,9.917499999999999,89.1,7900
1583,44.703055555555565,8.351944444444442,89.1,7900
1584,42.91055555555555,10.86111111111111,89.1,7900
1585,41.30500000000001,13.945833333333335,89.1,7900
1586,41.49166666666667,13.079444444444446,89.1,7900
1587,41.12166666666668,16.357500000000005,89.1,6300
1588,40.40111111111111,17.637499999999996,89.1,5000
1589,40.150000000000006,16.541388888888893,89.1,5000
1590,45.8836111111111,13.536666666666665,89.1,5000
1591,45.118611111111115,8.408055555555558,89.1,5000
1592,40.56555555555555,15.232222222222223,89.1,4000
1593,45.00527777777778,8.64,89.1,3200
1594,42.923611111111114,12.91138888888889,89.1,2600
1595,41.715833333333336,13.545555555555557,89.1,2500
1596,46.47083333333334,11.353888888888887,89.1,2000
1597,38.718333333333334,16.027499999999996,89.1,2000
1598,41.832777777777785,13.338888888888889,89.1,2000
1599,45.58583333333334,8.942777777777778,89.1,2000
1600,41.374166666666675,16.151111111111106,89.1,1600
1601,45.446388888888876,8.626944444444444,89.1,1600
1602,45.5988888888889,8.06305555555556,89.1,1580
1603,46.49527777777778,11.747777777777776,89.1,1580
1604,44.101944444444435,8.14861111111111,89.1,1580
1605,39.01416666666666,16.763888888888886,89.1,1300
1606,45.96111111111111,9.256944444444445,89.1,1300
1607,40.650555555555556,14.647777777777776,89.1,1300
1608,45.68611111111111,10.025555555555554,89.1,1300
1609,41.64805555555556,13.867222222222225,89.1,1000
1610,45.54444444444444,8.108055555555557,89.1,1000
1611,42.70805555555555,13.103055555555555,89.1,1000
1612,41.660277777777786,15.874444444444446,89.1,1000
1613,43.40361111111112,13.548055555555557,89.1,1000
1614,43.78583333333333,7.671944444444446,89.1,800
1615,44.93333333333334,6.78888888888889,89.1,800
1616,37.95111111111111,13.43638888888889,89.1,800
1617,36.85333333333334,14.760555555555554,89.1,800
1618,46.751111111111115,12.034722222222223,89.1,800
1619,45.613333333333344,7.8069444444444445,89.1,800
1620,46.08083333333333,11.57111111111111,89.1,800
1621,46.23944444444445,10.52138888888889,89.1,800
1622,42.832222222222235,13.581388888888888,89.1,790
1623,46.636388888888895,10.861944444444445,89.1,630
1624,39.2111111111111,9.494444444444442,89.1,500
1625,46.58861111111111,11.896388888888891,89.1,400
1626,46.410000000000004,12.762777777777776,89.1,400
1627,39.938888888888876,9.538333333333332,89.1,400
1628,41.20055555555555,14.760555555555554,89.1,400
1629,45.35,9.966666666666667,89.1,400
1630,37.50083333333333,14.057777777777778,89.1,400
1631,44.58861111111111,8.217777777777778,89.1,400
1632,43.88222222222222,11.550555555555555,89.1,400
1633,38.62305555555557,16.02361111111111,89.1,400
1634,38.34916666666667,16.290555555555557,89.1,400
1635,41.2936111111111,13.528888888888888,89.1,400
1636,38.42805555555556,16.411388888888887,89.1,400
1637,40.66,15.797777777777775,89.1,400
1638,44.0625,10.945277777777775,89.1,400
1639,46.68305555555556,11.707222222222219,89.1,320
1640,43.16944444444444,13.08,89.1,320
1641,39.085277777777776,16.806388888888886,89.1,320
1642,41.294444444444444,15.099444444444444,89.1,250
1643,44.22194444444445,10.106944444444444,89.1,250
1644,40.760555555555555,15.746666666666668,89.1,200
1645,45.082499999999996,6.7077777777777765,89.1,200
1646,46.927777777777784,11.416388888888891,89.1,200
1647,46.927777777777784,11.416388888888891,89.1,200
1648,46.481944444444444,13.09638888888889,89.1,100
1649,45.86555555555555,9.447777777777778,89.1,100
1650,40.866666666666674,15.194444444444443,89.1,100
1651,45.84472222222223,10.96361111111111,89.1,100
1652,44.5713888888889,8.660555555555558,89.1,79
1653,42.02416666666667,13.046666666666669,89.1,63
1654,46.29277777777778,10.753888888888888,89.1,50
1655,40.62638888888889,15.284444444444446,89.1,32
1656,41.358333333333334,13.430833333333334,89.1,25
1657,40.60555555555556,16.38027777777778,89.1,25
1658,46.807222222222215,11.11027777777778,89.1,13
1659,44.47833333333333,9.81611111111111,89.1,0
1660,46.68666666666667,11.712222222222222,89.1,0
1661,43.45194444444444,12.20583333333333,89.1,0
1662,39.04694444444445,16.32638888888889,89.1,0
1663,41.35944444444445,13.42888888888889,89.1,0
1664,39.14083333333334,16.756388888888893,89.1,0
1665,40.09583333333333,15.790555555555555,89.1,0
1666,46.34527777777779,12.149722222222223,89.1,0
1667,42.43277777777778,14.243055555555554,89.2,63100
1668,44.42888888888888,10.786944444444442,89.2,31600
1669,39.64083333333333,15.891388888888887,89.2,25100
1670,44.47916666666667,11.298333333333332,89.2,25100
1671,44.47916666666667,11.298333333333332,89.2,25100
1672,45.54472222222223,10.276944444444446,89.2,20000
1673,44.41805555555556,8.985555555555553,89.2,15800
1674,46.096111111111114,12.305000000000003,89.2,12600
1675,43.40416666666667,11.690555555555553,89.2,12600
1676,43.81944444444445,12.974166666666669,89.2,10000
1677,40.70583333333334,14.554722222222223,89.2,10000
1678,41.19277777777777,16.274444444444445,89.2,7000
1679,39.14472222222222,8.293333333333335,89.2,6300
1680,43.94027777777777,8.123055555555556,89.2,5000
1681,39.27777777777777,16.233333333333334,89.2,5000
1682,45.86805555555555,8.772777777777776,89.2,5000
1683,44.32388888888889,8.478055555555557,89.2,5000
1684,37.497499999999995,13.021388888888888,89.2,4000
1685,40.67472222222223,14.708611111111109,89.2,4000
1686,37.2988888888889,13.564166666666669,89.2,3200
1687,38.24416666666667,15.544722222222221,89.2,3200
1688,40.71999999999999,8.506944444444445,89.2,2500
1689,42.42472222222221,12.105277777777776,89.2,2500
1690,38.04194444444444,12.589999999999998,89.2,2000
1691,43.19722222222222,13.766388888888889,89.2,2000
1692,37.57055555555556,15.12138888888889,89.2,2000
1693,40.556388888888875,9.713611111111108,89.2,1600
1694,40.00805555555554,16.094444444444438,89.2,1600
1695,40.06305555555556,18.144166666666667,89.2,1300
1696,44.16499999999999,8.316944444444442,89.2,1000
1697,36.911111111111104,14.577777777777778,89.2,1000
1698,45.69833333333332,10.408055555555558,89.2,1000
1699,43.764722222222225,11.433888888888887,89.2,1000
1700,45.7438888888889,7.695277777777778,89.2,1000
1701,46.59055555555557,11.157500000000002,89.2,1000
1702,46.13916666666666,11.040555555555557,89.2,1000
1703,41.88527777777779,16.151388888888885,89.2,1000
1704,38.131388888888885,13.24777777777778,89.2,800
1705,45.16138888888888,7.884999999999999,89.2,790
1706,36.93777777777777,14.728611111111112,89.2,790
1707,42.34027777777778,13.373888888888889,89.2,630
1708,42.14472222222222,13.497777777777776,89.2,600
1709,45.82527777777778,9.89361111111111,89.2,500
1710,43.99361111111111,8.15638888888889,89.2,400
1711,37.54027777777777,13.630555555555556,89.2,400
1712,44.330833333333324,9.380833333333332,89.2,400
1713,46.42416666666666,12.043333333333333,89.2,400
1714,43.98333333333334,11.794722222222221,89.2,320
1715,44.37694444444445,8.163333333333332,89.2,250
1716,45.58444444444445,10.438611111111113,89.2,200
1717,45.45666666666666,11.008888888888889,89.2,160
1718,45.95527777777778,9.91388888888889,89.2,100
1719,47.02888888888889,12.072777777777775,89.2,100
1720,46.947777777777766,12.077500000000002,89.2,100
1721,45.77611111111111,9.921111111111111,89.2,79
1722,39.069722222222225,17.10944444444445,89.2,79
1723,40.66916666666666,15.915000000000003,89.2,79
1724,46.311388888888885,11.279444444444445,89.2,63
1725,45.8988888888889,11.695833333333335,89.2,32
1726,42.46000000000001,12.929722222222223,89.2,20
1727,44.42249999999999,9.619722222222224,89.2,16
1728,39.53944444444445,16.37472222222222,89.2,0
1729,40.44722222222222,15.713055555555554,89.2,0
1730,36.76888888888889,15.093888888888891,89.2,0
1731,40.875277777777775,15.226388888888888,89.2,0
1732,37.990277777777784,16.011944444444445,89.2,0
1733,37.811944444444435,14.004444444444443,89.2,0
1734,37.656111111111116,14.021944444444447,89.2,0
1735,39.25972222222222,16.690277777777784,89.2,0
1736,45.242500000000014,10.177222222222222,89.2,0
1737,41.31777777777777,13.214444444444442,89.2,0
1738,41.27499999999999,16.421944444444442,89.2,0
1739,45.484166666666674,9.20611111111111,89.25,39800
1740,41.540000000000006,14.309722222222224,89.25,500
1741,44.90555555555556,9.548055555555557,89.3,158500
1742,45.55527777777777,10.757777777777777,89.3,63200
1743,43.03777777777778,12.666666666666668,89.3,63200
1744,44.070555555555565,10.06472222222222,89.3,63100
1745,45.03194444444445,7.725833333333333,89.3,63100
1746,45.787499999999994,9.514722222222224,89.3,63100
1747,43.918888888888894,12.531388888888891,89.3,50100
1748,45.73222222222223,9.686388888888887,89.3,50100
1749,45.934444444444445,12.019166666666665,89.3,50100
1750,41.118611111111115,16.873888888888892,89.3,20000
1751,40.85999999999999,14.20027777777778,89.3,20000
1752,44.59416666666668,10.045833333333333,89.3,20000
1753,38.03666666666667,12.581666666666665,89.3,15800
1754,43.81499999999999,10.966666666666667,89.3,15800
1755,41.472777777777786,15.115277777777777,89.3,15800
1756,42.41111111111111,12.630000000000003,89.3,12600
1757,43.416666666666664,11.350000000000001,89.3,10000
1758,45.67305555555554,10.097499999999998,89.3,10000
1759,43.395,13.150833333333331,89.3,7900
1760,45.68472222222221,10.779722222222224,89.3,7900
1761,40.15861111111111,8.6325,89.3,7900
1762,44.19166666666666,11.786666666666665,89.3,6300
1763,41.75083333333333,12.709722222222224,89.3,5000
1764,43.32944444444445,12.535833333333333,89.3,3200
1765,46.03111111111111,10.366666666666669,89.3,2500
1766,44.95611111111112,8.668055555555553,89.3,2500
1767,41.11916666666667,16.524166666666666,89.3,2500
1768,38.91111111111111,16.611111111111107,89.3,2000
1769,40.43888888888889,15.476944444444444,89.3,2000
1770,37.95527777777778,12.965,89.3,1600
1771,40.67833333333334,15.596944444444446,89.3,1580
1772,46.315277777777766,9.370277777777776,89.3,1580
1773,46.16916666666667,10.083611111111113,89.3,1580
1774,45.65777777777778,10.175555555555553,89.3,1300
1775,43.83027777777779,11.970000000000002,89.3,1260
1776,37.94111111111111,15.265833333333331,89.3,1260
1777,43.01,12.86777777777778,89.3,1000
1778,42.581388888888895,12.990277777777775,89.3,1000
1779,41.69777777777777,13.024444444444446,89.3,1000
1780,45.89416666666667,9.565833333333332,89.3,1000
1781,46.65972222222223,11.903055555555556,89.3,1000
1782,37.358333333333334,13.860277777777778,89.3,800
1783,46.79583333333333,11.607222222222223,89.3,800
1784,37.92666666666667,14.344444444444447,89.3,800
1785,41.71305555555556,14.774999999999999,89.3,800
1786,40.83444444444444,15.407222222222222,89.3,800
1787,40.712777777777774,15.810555555555558,89.3,800
1788,37.09333333333334,15.204444444444446,89.3,800
1789,43.611111111111114,11.761111111111108,89.3,800
1790,39.22361111111111,9.11611111111111,89.3,790
1791,39.01388888888889,16.218611111111112,89.3,790
1792,42.054999999999986,13.725277777777777,89.3,790
1793,46.50722222222222,12.932222222222222,89.3,790
1794,41.388888888888886,13.80361111111111,89.3,700
1795,45.88444444444445,10.874166666666667,89.3,630
1796,43.847777777777786,7.7444444444444445,89.3,600
1797,41.721944444444446,13.316944444444442,89.3,500
1798,45.96027777777779,9.460277777777776,89.3,500
1799,45.88888888888888,10.193055555555556,89.3,500
1800,44.73833333333334,8.02638888888889,89.3,500
1801,45.74611111111111,6.9897222222222215,89.3,500
1802,40.91722222222221,15.736111111111112,89.3,500
1803,45.80583333333334,7.6752777777777785,89.3,400
1804,39.063333333333325,16.280277777777776,89.3,400
1805,44.69694444444445,9.599166666666669,89.3,400
1806,46.16722222222222,10.805833333333336,89.3,400
1807,44.51749999999999,9.07,89.3,400
1808,38.21805555555555,16.0425,89.3,400
1809,44.345000000000006,9.856666666666666,89.3,400
1810,45.680833333333325,11.283888888888887,89.3,400
1811,44.35638888888889,8.06388888888889,89.3,320
1812,46.9688888888889,11.561388888888889,89.3,320
1813,46.53472222222223,11.404722222222222,89.3,320
1814,46.15944444444445,9.56777777777778,89.3,300
1815,46.68944444444444,10.556111111111113,89.3,200
1816,44.555,9.000555555555554,89.3,200
1817,46.509166666666665,10.149444444444446,89.3,160
1818,46.63055555555555,11.663055555555557,89.3,160
1819,45.72722222222222,10.963888888888887,89.3,130
1820,40.504444444444445,15.751944444444442,89.3,100
1821,46.28722222222222,12.445555555555556,89.3,100
1822,46.28722222222222,12.445555555555556,89.3,100
1823,41.437222222222225,14.036111111111113,89.3,79
1824,40.79916666666667,15.915833333333333,89.3,63
1825,41.96,13.017500000000004,89.3,63
1826,40.215277777777786,15.0,89.3,50
1827,41.84111111111112,14.099444444444444,89.3,6
1828,45.83027777777779,10.403055555555554,89.3,5
1829,37.65944444444444,14.838888888888892,89.3,0
1830,43.866666666666674,10.816666666666666,89.3,0
1831,41.98916666666668,15.000555555555554,89.3,0
1832,45.853888888888896,6.913888888888889,89.3,0
1833,44.179722222222225,10.407777777777781,89.3,0
1834,42.755277777777785,12.001666666666667,89.35,0
1835,45.58555555555556,13.782222222222224,89.4,39800
1836,46.18416666666667,13.355277777777777,89.4,31600
1837,43.775555555555556,11.0,89.4,31600
1838,45.44555555555556,9.094166666666668,89.4,25100
1839,38.16555555555555,13.355,89.4,25100
1840,43.78527777777778,7.671944444444446,89.4,20000
1841,45.80166666666667,9.071111111111113,89.4,15800
1842,42.77999999999999,10.205,89.4,15800
1843,45.70361111111112,11.328055555555556,89.4,15800
1844,44.031666666666666,10.861666666666668,89.4,10000
1845,40.85333333333334,9.174999999999999,89.4,10000
1846,42.60972222222223,13.591944444444444,89.4,10000
1847,40.236666666666665,15.06472222222222,89.4,6300
1848,41.47361111111111,15.555555555555559,89.4,5000
1849,41.70833333333334,15.947499999999998,89.4,4000
1850,40.06305555555556,18.144166666666667,89.4,4000
1851,45.970000000000006,8.61083333333333,89.4,4000
1852,45.85055555555555,11.566944444444443,89.4,2500
1853,41.20750000000001,13.575833333333332,89.4,2500
1854,40.56027777777778,16.64305555555556,89.4,2500
1855,45.88722222222221,8.91388888888889,89.4,2500
1856,40.697222222222216,17.23944444444444,89.4,2000
1857,40.93388888888889,14.724444444444446,89.4,2000
1858,37.571944444444455,15.125000000000002,89.4,2000
1859,43.358333333333334,13.026666666666669,89.4,1600
1860,41.31777777777777,13.214444444444442,89.4,1600
1861,37.61611111111111,15.166388888888891,89.4,1300
1862,45.446388888888876,8.626944444444444,89.4,1300
1863,46.51138888888888,11.331944444444442,89.4,1000
1864,42.97083333333333,13.865833333333335,89.4,1000
1865,46.70027777777778,11.131944444444445,89.4,1000
1866,38.261111111111106,15.494444444444442,89.4,1000
1867,45.81305555555554,8.381111111111109,89.4,800
1868,45.60555555555556,7.681388888888891,89.4,800
1869,45.84472222222223,10.96361111111111,89.4,790
1870,44.43472222222222,10.484999999999998,89.4,500
1871,46.38666666666667,13.248888888888889,89.4,500
1872,43.61861111111111,13.523611111111112,89.4,400
1873,45.70527777777778,8.278888888888892,89.4,400
1874,45.76194444444445,8.097499999999998,89.4,400
1875,45.431111111111115,8.734444444444444,89.4,400
1876,42.70805555555555,13.103055555555555,89.4,320
1877,46.17750000000001,10.355833333333331,89.4,320
1878,45.843055555555566,9.381666666666668,89.4,320
1879,46.06277777777777,9.207222222222223,89.4,320
1880,40.55777777777777,16.666111111111114,89.4,251
1881,41.64861111111111,13.633333333333335,89.4,250
1882,40.55777777777777,16.666111111111114,89.4,250
1883,40.89472222222223,12.96638888888889,89.4,250
1884,38.03305555555556,15.697500000000002,89.4,250
1885,44.398888888888884,8.262222222222224,89.4,200
1886,46.158888888888896,13.501388888888888,89.4,200
1887,43.766666666666666,13.13611111111111,89.4,160
1888,46.511111111111106,11.761111111111108,89.4,100
1889,46.077777777777776,11.462499999999999,89.4,100
1890,40.59416666666668,15.531944444444445,89.4,50
1891,42.358333333333334,12.971944444444443,89.4,40
1892,45.85805555555556,11.657222222222222,89.4,40
1893,42.822500000000005,12.92222222222222,89.4,32
1894,45.90333333333334,9.279722222222222,89.4,25
1895,42.61527777777777,13.353055555555555,89.4,20
1896,40.79444444444444,14.683333333333334,89.4,0
1897,39.44805555555556,16.285833333333333,89.4,0
1898,37.336111111111116,14.443055555555556,89.4,0
1899,39.39583333333332,16.086111111111105,89.4,0
1900,40.09583333333333,15.790555555555555,89.4,0
1901,40.775,16.76055555555556,89.4,0
1902,41.49166666666667,13.079722222222223,89.4,0
1903,45.05111111111111,7.0136111111111115,89.4,0
1904,44.33194444444445,9.17111111111111,89.5,158800
1905,44.46194444444444,11.345277777777778,89.5,63100
1906,43.54444444444444,13.615833333333335,89.5,50100
1907,40.66222222222221,15.794722222222221,89.5,40000
1908,45.54472222222223,10.276944444444446,89.5,39800
1909,41.69777777777777,13.024444444444446,89.5,39800
1910,44.74583333333333,7.230555555555555,89.5,31600
1911,45.48027777777778,9.199444444444445,89.5,31600
1912,45.50777777777777,9.080555555555556,89.5,31600
1913,45.603333333333325,7.98388888888889,89.5,31600
1914,41.75083333333333,12.709722222222224,89.5,31600
1915,45.86305555555555,8.780555555555557,89.5,31600
1916,41.723333333333336,14.89111111111111,89.5,20000
1917,42.43555555555556,14.235277777777778,89.5,20000
1918,45.88527777777779,13.541944444444445,89.5,20000
1919,41.20055555555555,14.760555555555554,89.5,15800
1920,46.18777777777778,12.710277777777778,89.5,12600
1921,38.611111111111114,15.923888888888888,89.5,12600
1922,42.40861111111111,11.15472222222222,89.5,10000
1923,45.70805555555555,9.650277777777779,89.5,7900
1924,42.36444444444445,12.181388888888888,89.5,7900
1925,43.47166666666666,11.975000000000001,89.5,6300
1926,43.514166666666675,12.619722222222224,89.5,6300
1927,43.86416666666666,12.91472222222222,89.5,6300
1928,42.83305555555555,13.581666666666665,89.5,5000
1929,46.84027777777777,11.759166666666667,89.5,4000
1930,41.35583333333334,14.753888888888888,89.5,4000
1931,42.19833333333333,13.130277777777778,89.5,4000
1932,37.557222222222215,14.277777777777779,89.5,3200
1933,41.389722222222225,13.803888888888892,89.5,3200
1934,37.990277777777784,16.011944444444445,89.5,2500
1935,43.49472222222222,12.941111111111109,89.5,2000
1936,45.760555555555555,10.447222222222225,89.5,2000
1937,38.15861111111111,14.855833333333333,89.5,2000
1938,37.61111111111111,13.501944444444447,89.5,2000
1939,40.62166666666667,16.12222222222222,89.5,2000
1940,41.88666666666666,15.959166666666665,89.5,2000
1941,41.652222222222214,12.920555555555552,89.5,1600
1942,46.06583333333332,11.102500000000001,89.5,1600
1943,36.787777777777784,14.895555555555555,89.5,1580
1944,46.16666666666667,11.833055555555557,89.5,1580
1945,42.46000000000001,12.929722222222223,89.5,1300
1946,37.17166666666666,15.123333333333333,89.5,1000
1947,43.76499999999999,11.43361111111111,89.5,1000
1948,46.19472222222222,11.26805555555556,89.5,1000
1949,40.19333333333333,15.895277777777777,89.5,800
1950,44.06750000000001,9.816388888888891,89.5,790
1951,36.80083333333333,14.698888888888888,89.5,790
1952,42.5336111111111,12.690833333333332,89.5,700
1953,40.556388888888875,9.713611111111108,89.5,640
1954,46.45194444444444,11.041111111111112,89.5,630
1955,46.38638888888888,12.258333333333335,89.5,630
1956,46.35027777777777,11.958055555555557,89.5,500
1957,46.02111111111111,11.848611111111111,89.5,500
1958,45.95527777777778,9.91388888888889,89.5,400
1959,42.25194444444445,13.588611111111113,89.5,400
1960,45.71694444444446,7.889444444444442,89.5,400
1961,46.89861111111111,11.963055555555554,89.5,400
1962,41.122777777777785,14.530277777777778,89.5,400
1963,46.50722222222222,13.570833333333333,89.5,400
1964,40.683888888888895,16.001388888888886,89.5,400
1965,45.42027777777778,10.980277777777776,89.5,400
1966,38.59611111111111,16.36472222222222,89.5,320
1967,41.608055555555566,14.120833333333335,89.5,320
1968,41.35444444444444,13.347222222222223,89.5,320
1969,45.89277777777778,10.624999999999998,89.5,320
1970,46.72222222222223,11.64333333333333,89.5,250
1971,46.55861111111111,11.67027777777778,89.5,250
1972,46.00027777777779,10.083055555555553,89.5,250
1973,42.02416666666667,13.046666666666669,89.5,200
1974,44.933611111111105,6.787222222222223,89.5,200
1975,46.79972222222223,10.523888888888889,89.5,200
1976,39.88388888888889,15.97611111111111,89.5,200
1977,43.92666666666667,12.343888888888888,89.5,200
1978,45.02499999999999,6.881944444444445,89.5,200
1979,45.85444444444445,7.935833333333334,89.5,130
1980,46.68027777777777,11.40638888888889,89.5,100
1981,45.743611111111115,7.672777777777777,89.5,100
1982,46.555833333333325,12.719444444444441,89.5,100
1983,45.79444444444444,10.761111111111108,89.5,100
1984,46.54361111111112,11.560555555555556,89.5,32
1985,41.943055555555546,14.147222222222224,89.5,6
1986,38.28666666666666,15.801944444444446,89.5,0
1987,45.77611111111111,9.921111111111111,89.5,0
1988,42.22527777777778,13.84388888888889,89.5,0
1989,40.82777777777778,14.394999999999998,89.5,0
1990,38.24416666666667,15.544722222222221,89.5,0
1991,37.62777777777777,13.608333333333333,89.5,0
1992,40.44722222222222,15.464999999999998,89.5,0
1993,40.61555555555556,16.13611111111111,89.5,0
1994,43.895833333333336,11.455277777777779,89.5,0
1995,41.096111111111114,14.3675,89.55,7900
1996,45.81166666666667,11.742500000000001,89.6,316200
1997,40.791388888888896,14.058055555555555,89.6,39800
1998,40.83305555555555,14.138611111111109,89.6,39800
1999,41.096111111111114,14.3675,89.6,31600
2000,37.116111111111124,14.820555555555556,89.6,25100
2001,41.12333333333334,16.359444444444446,89.6,25100
2002,45.970000000000006,8.61083333333333,89.6,20000
2003,40.66972222222222,14.478333333333333,89.6,15800
2004,40.15583333333334,16.535555555555554,89.6,15800
2005,43.843055555555566,11.24722222222222,89.6,15800
2006,44.12777777777777,10.643611111111108,89.6,10000
2007,40.85833333333333,14.2025,89.6,10000
2008,44.95944444444444,8.669166666666666,89.6,10000
2009,40.04694444444445,15.470277777777778,89.6,10000
2010,40.71999999999999,8.506944444444445,89.6,10000
2011,41.54388888888888,14.659444444444444,89.6,7900
2012,45.059999999999995,9.283055555555558,89.6,7900
2013,43.42416666666666,11.335555555555555,89.6,7900
2014,38.13249999999999,15.666388888888887,89.6,7900
2015,43.917777777777786,10.29472222222222,89.6,6300
2016,41.31777777777777,13.214444444444442,89.6,5000
2017,38.718333333333334,16.027499999999996,89.6,4000
2018,43.93555555555555,10.521666666666667,89.6,4000
2019,43.49250000000001,10.352500000000001,89.6,3200
2020,40.15861111111111,8.6325,89.6,3200
2021,43.918888888888894,11.133333333333333,89.6,3200
2022,45.782222222222224,9.80027777777778,89.6,2500
2023,39.14472222222222,8.293333333333335,89.6,2500
2024,40.95,17.29861111111111,89.6,2500
2025,38.15194444444444,14.93083333333333,89.6,2000
2026,39.63861111111112,16.42722222222222,89.6,2000
2027,46.14027777777778,10.082777777777777,89.6,2000
2028,40.818333333333335,17.149166666666662,89.6,1600
2029,42.980000000000004,12.468333333333332,89.6,1000
2030,40.858888888888885,14.192222222222226,89.6,1000
2031,44.21083333333333,9.94638888888889,89.6,1000
2032,45.80083333333333,9.68361111111111,89.6,1000
2033,39.02777777777777,16.76666666666667,89.6,790
2034,46.01555555555556,8.251944444444446,89.6,630
2035,41.10055555555556,16.865277777777777,89.6,500
2036,38.01500000000001,12.513055555555557,89.6,500
2037,45.61444444444445,10.88888888888889,89.6,400
2038,44.656388888888884,8.975277777777778,89.6,400
2039,46.03583333333332,10.904444444444447,89.6,400
2040,39.17805555555556,16.50611111111111,89.6,400
2041,46.18527777777778,12.341388888888888,89.6,320
2042,46.05305555555556,8.743055555555555,89.6,320
2043,40.677499999999995,14.7825,89.6,320
2044,44.555,9.000555555555554,89.6,320
2045,46.397777777777776,12.972777777777779,89.6,320
2046,40.68666666666667,14.696388888888889,89.6,250
2047,45.75305555555555,10.378333333333334,89.6,250
2048,40.02138888888888,15.350555555555557,89.6,200
2049,44.37666666666666,8.163333333333332,89.6,200
2050,46.1661111111111,13.604722222222223,89.6,200
2051,45.416666666666664,10.077777777777776,89.6,150
2052,37.72777777777778,14.533333333333333,89.6,130
2053,43.383055555555565,10.580555555555557,89.6,100
2054,40.561944444444435,15.950277777777778,89.6,99
2055,40.49555555555556,15.614166666666666,89.6,63
2056,38.12388888888889,12.745000000000001,89.6,20
2057,37.959166666666675,12.95722222222222,89.6,0
2058,42.038611111111116,13.394166666666667,89.6,0
2059,45.95944444444444,9.460555555555553,89.6,0
2060,39.22361111111111,9.11611111111111,89.6,0
2061,37.358333333333334,13.860277777777778,89.6,0
2062,45.764444444444436,9.137777777777776,89.6,0
2063,41.44944444444444,15.555833333333336,89.6,0
2064,46.04666666666666,9.756388888888887,89.6,0
2065,44.27777777777777,10.044444444444444,89.6,0
2066,40.585,17.114444444444448,89.6,0
2067,38.25277777777779,15.238888888888887,89.6,0
2068,40.748888888888885,15.52,89.6,0
2069,40.839166666666664,15.486388888888888,89.6,0
2070,40.61138888888889,17.44111111111111,89.6,0
2071,39.44472222222222,9.569166666666666,89.6,0
2072,44.915,7.2775,89.65,0
2073,41.91916666666666,12.445555555555556,89.7,100000
2074,45.865277777777784,8.771111111111114,89.7,79400
2075,44.570277777777775,10.686944444444446,89.7,39800
2076,44.90583333333333,9.544444444444444,89.7,39800
2077,45.54472222222223,10.276944444444446,89.7,31620
2078,44.142222222222216,12.138055555555555,89.7,20000
2079,43.59527777777779,13.476666666666667,89.7,15800
2080,38.16527777777778,13.354722222222223,89.7,12600
2081,40.66361111111111,15.291944444444443,89.7,12600
2082,45.03194444444445,7.725833333333333,89.7,12600
2083,42.37194444444444,12.235555555555557,89.7,10000
2084,46.63666666666666,11.097777777777777,89.7,8000
2085,45.60083333333334,13.738611111111112,89.7,7900
2086,41.49166666666667,13.079722222222223,89.7,7900
2087,42.97083333333333,13.865833333333335,89.7,6300
2088,44.48,10.71777777777778,89.7,6300
2089,41.07138888888889,14.372777777777781,89.7,5000
2090,40.36055555555556,18.157222222222224,89.7,5000
2091,42.15777777777777,14.127222222222224,89.7,5000
2092,40.66694444444445,16.639444444444447,89.7,4000
2093,40.2988888888889,15.095,89.7,4000
2094,37.56666666666668,13.46111111111111,89.7,3200
2095,45.86222222222223,9.445277777777779,89.7,3200
2096,46.14833333333333,9.27027777777778,89.7,3200
2097,37.7575,13.986666666666668,89.7,2500
2098,44.441666666666656,10.901666666666666,89.7,2500
2099,40.93388888888889,14.724444444444446,89.7,2500
2100,45.728611111111114,9.665555555555557,89.7,2000
2101,46.096111111111114,12.305000000000003,89.7,1600
2102,39.85861111111112,9.518055555555554,89.7,1600
2103,45.70638888888889,9.376111111111111,89.7,1600
2104,43.27777777777778,13.736666666666666,89.7,1600
2105,44.17777777777777,10.405833333333335,89.7,1580
2106,45.85055555555555,11.566944444444443,89.7,1300
2107,46.51138888888888,11.331944444444442,89.7,1300
2108,45.65777777777778,10.174999999999999,89.7,1300
2109,46.14388888888888,11.037222222222221,89.7,1300
2110,43.948055555555555,8.131666666666668,89.7,1000
2111,44.09583333333333,11.274722222222225,89.7,1000
2112,45.917777777777786,10.99222222222222,89.7,1000
2113,41.694444444444436,13.5725,89.7,1000
2114,40.59361111111112,8.258055555555558,89.7,800
2115,45.98666666666667,11.20583333333333,89.7,800
2116,40.14083333333334,15.774444444444445,89.7,800
2117,40.06750000000001,16.01666666666667,89.7,800
2118,40.68944444444444,14.64388888888889,89.7,800
2119,39.69972222222222,8.881388888888889,89.7,800
2120,43.45194444444444,12.20583333333333,89.7,790
2121,43.79472222222222,7.590555555555555,89.7,790
2122,42.70833333333334,13.102500000000001,89.7,640
2123,45.596666666666664,10.494722222222222,89.7,640
2124,45.92777777777777,10.911111111111108,89.7,630
2125,45.969444444444456,8.574444444444445,89.7,630
2126,46.012777777777785,12.310555555555556,89.7,630
2127,45.75083333333333,10.805277777777777,89.7,630
2128,45.677499999999995,10.135000000000002,89.7,630
2129,45.787499999999994,9.099444444444444,89.7,500
2130,46.57000000000001,12.515555555555556,89.7,500
2131,43.30055555555555,12.893333333333333,89.7,500
2132,44.11222222222222,8.005833333333335,89.7,400
2133,40.44861111111111,15.06111111111111,89.7,400
2134,45.948611111111106,11.70138888888889,89.7,400
2135,46.39750000000001,12.593055555555557,89.7,400
2136,45.89694444444444,10.69527777777778,89.7,400
2137,44.50083333333333,8.71,89.7,400
2138,45.56916666666666,9.566111111111114,89.7,400
2139,46.03583333333332,13.467500000000001,89.7,400
2140,39.24583333333334,16.72583333333333,89.7,400
2141,46.25138888888889,12.744166666666663,89.7,400
2142,44.25694444444446,9.731944444444443,89.7,400
2143,44.461388888888884,10.306111111111111,89.7,400
2144,39.48444444444444,16.389166666666664,89.7,320
2145,46.14027777777778,8.420277777777779,89.7,320
2146,46.215555555555554,9.644722222222223,89.7,320
2147,45.64777777777777,9.952777777777776,89.7,274
2148,45.67305555555554,10.64583333333333,89.7,250
2149,37.5611111111111,14.294444444444444,89.7,200
2150,46.87583333333333,11.426666666666668,89.7,200
2151,46.19194444444445,13.461666666666668,89.7,200
2152,42.4425,12.431388888888888,89.7,160
2153,45.9375,11.914166666666667,89.7,160
2154,46.247222222222234,13.381111111111109,89.7,158
2155,42.08194444444444,13.799166666666666,89.7,150
2156,45.32777777777777,10.0,89.7,100
2157,42.57555555555557,12.991388888888888,89.7,40
2158,42.77305555555555,13.290833333333335,89.7,25
2159,42.73805555555555,11.877777777777776,89.7,0
2160,37.306111111111115,13.596666666666664,89.7,0
2161,39.90444444444445,18.309166666666666,89.7,0
2162,39.656388888888884,15.875555555555554,89.7,0
2163,39.580833333333345,15.96,89.7,0
2164,38.59583333333334,16.362500000000004,89.7,0
2165,39.78499999999999,16.29361111111111,89.7,0
2166,38.89777777777778,8.862222222222222,89.7,0
2167,41.832777777777785,13.338888888888889,89.7,0
2168,38.81138888888888,16.367777777777782,89.7,0
2169,40.865277777777784,15.165833333333335,89.7,0
2170,41.596666666666664,13.244166666666667,89.7,0
2171,38.536111111111104,16.513055555555557,89.7,0
2172,42.58111111111111,12.991388888888888,89.7,0
2173,45.59027777777778,9.987222222222222,89.75,100
2174,45.47916666666667,9.146666666666665,89.8,50100
2175,44.901111111111106,9.02638888888889,89.8,39800
2176,40.62333333333333,17.394722222222224,89.8,25100
2177,42.40861111111111,11.15472222222222,89.8,25100
2178,40.85805555555556,14.209166666666667,89.8,15800
2179,46.006944444444436,12.43638888888889,89.8,12600
2180,41.540000000000006,14.309722222222224,89.8,12600
2181,44.43194444444443,8.913333333333334,89.8,12600
2182,45.74583333333333,10.031111111111112,89.8,12600
2183,43.677499999999995,11.542777777777776,89.8,12600
2184,43.86416666666666,12.91472222222222,89.8,10000
2185,44.88777777777777,8.186666666666667,89.8,7900
2186,46.09722222222222,8.690277777777776,89.8,6300
2187,41.28833333333333,13.55722222222222,89.8,6300
2188,42.81444444444444,12.210555555555553,89.8,6300
2189,43.426388888888894,11.741666666666665,89.8,5000
2190,44.481666666666676,11.330000000000002,89.8,4000
2191,37.03083333333333,14.716111111111113,89.8,4000
2192,42.922777777777775,10.540555555555555,89.8,4000
2193,41.711111111111116,15.678055555555554,89.8,4000
2194,42.57944444444445,12.655555555555555,89.8,4000
2195,42.92305555555556,13.555277777777777,89.8,3200
2196,44.070555555555565,10.06472222222222,89.8,3200
2197,46.36083333333334,10.36361111111111,89.8,3200
2198,43.30805555555554,12.344444444444447,89.8,3200
2199,41.06722222222222,16.70333333333333,89.8,2500
2200,40.52749999999999,9.819166666666666,89.8,2500
2201,37.571944444444455,15.125000000000002,89.8,2500
2202,40.677777777777784,14.706944444444442,89.8,2500
2203,40.8836111111111,16.7625,89.8,2000
2204,43.19777777777778,12.742500000000001,89.8,2000
2205,40.85194444444445,14.241111111111108,89.8,2000
2206,38.234166666666674,15.711666666666668,89.8,2000
2207,43.02333333333333,12.090833333333332,89.8,1600
2208,41.3638888888889,13.728055555555558,89.8,1580
2209,44.41333333333333,8.302777777777775,89.8,1300
2210,41.22694444444444,13.561388888888889,89.8,1300
2211,36.875555555555565,15.073333333333334,89.8,1300
2212,43.08305555555557,12.45472222222222,89.8,1300
2213,45.53333333333333,9.933333333333335,89.8,1000
2214,45.697222222222216,7.308333333333333,89.8,1000
2215,42.231944444444444,12.590277777777777,89.8,1000
2216,40.92,9.501111111111111,89.8,1000
2217,40.235,16.189166666666672,89.8,1000
2218,46.68305555555556,11.707222222222219,89.8,790
2219,44.09722222222222,8.230555555555554,89.8,790
2220,46.49444444444445,11.950000000000001,89.8,790
2221,40.44722222222222,15.713055555555554,89.8,790
2222,46.739722222222234,11.95972222222222,89.8,640
2223,39.353611111111114,16.313333333333333,89.8,500
2224,43.780277777777776,11.88638888888889,89.8,400
2225,39.98777777777778,15.720833333333333,89.8,400
2226,46.21611111111111,10.34666666666667,89.8,400
2227,39.57000000000001,16.613055555555555,89.8,320
2228,45.27777777777777,10.083333333333336,89.8,300
2229,44.93333333333334,10.51666666666667,89.8,300
2230,46.279166666666654,12.013055555555555,89.8,250
2231,43.84611111111112,7.741666666666665,89.8,250
2232,40.608055555555566,15.80888888888889,89.8,100
2233,40.42916666666667,15.410000000000002,89.8,99
2234,43.04527777777777,9.836944444444446,89.8,63
2235,40.76361111111112,15.985277777777776,89.8,63
2236,40.72055555555555,14.64111111111111,89.8,63
2237,39.04027777777778,16.146944444444447,89.8,50
2238,37.26916666666666,13.968611111111112,89.8,50
2239,41.80944444444445,14.486666666666666,89.8,50
2240,41.81055555555556,13.746944444444445,89.8,40
2241,39.465555555555554,8.726944444444445,89.8,40
2242,44.47083333333334,9.864999999999998,89.8,32
2243,46.16722222222222,11.85222222222222,89.8,32
2244,46.028611111111104,10.011666666666668,89.8,32
2245,41.41944444444444,13.965,89.8,10
2246,45.69833333333332,10.408055555555558,89.8,10
2247,40.5611111111111,14.216666666666669,89.8,2
2248,40.28083333333334,9.632777777777777,89.8,0
2249,39.43000000000001,8.485555555555557,89.8,0
2250,42.37277777777778,13.418888888888889,89.8,0
2251,41.22777777777778,9.408333333333335,89.8,0
2252,38.299722222222215,16.325000000000003,89.8,0
2253,45.61027777777778,9.919722222222221,89.8,0
2254,45.65583333333333,10.419444444444443,89.8,0
2255,42.728333333333325,12.748333333333331,89.8,0
2256,43.84666666666668,7.864444444444445,89.8,0
2257,45.31305555555555,11.684444444444443,89.9,160000
2258,43.99361111111111,8.15638888888889,89.9,79400
2259,45.62027777777777,10.138611111111109,89.9,63100
2260,37.93055555555555,14.694166666666666,89.9,50200
2261,44.461388888888884,11.151666666666667,89.9,40000
2262,44.519444444444446,7.4591666666666665,89.9,39800
2263,45.580833333333345,7.945555555555556,89.9,25100
2264,41.59527777777779,12.951944444444445,89.9,25100
2265,43.843055555555566,11.24722222222222,89.9,25100
2266,45.94583333333334,10.659444444444444,89.9,15800
2267,41.096111111111114,14.3675,89.9,12600
2268,42.43277777777778,14.243055555555554,89.9,12600
2269,45.73222222222223,9.686388888888887,89.9,12600
2270,41.69777777777777,13.024444444444446,89.9,12600
2271,40.06305555555556,18.144166666666667,89.9,10000
2272,41.09166666666666,14.370555555555553,89.9,8000
2273,43.74861111111112,10.555555555555559,89.9,7900
2274,44.95944444444444,8.669166666666666,89.9,7900
2275,40.71999999999999,8.506944444444445,89.9,6300
2276,43.78527777777778,7.671944444444446,89.9,5000
2277,40.827222222222225,17.33027777777778,89.9,5000
2278,42.676666666666655,13.816944444444443,89.9,4000
2279,38.03333333333334,12.594444444444443,89.9,4000
2280,40.484166666666674,15.453888888888887,89.9,4000
2281,44.3111111111111,9.381666666666668,89.9,3200
2282,45.843055555555566,13.507499999999999,89.9,3200
2283,45.52777777777778,7.873611111111112,89.9,2500
2284,38.95111111111111,16.527777777777775,89.9,2500
2285,45.92611111111112,9.130555555555555,89.9,2000
2286,42.22527777777778,13.84388888888889,89.9,2000
2287,41.787777777777784,14.111944444444442,89.9,2000
2288,43.44527777777777,11.50638888888889,89.9,2000
2289,41.18499999999999,16.676944444444448,89.9,2000
2290,38.81138888888888,16.367777777777782,89.9,2000
2291,42.4125,12.228055555555557,89.9,2000
2292,39.22361111111111,9.11611111111111,89.9,1600
2293,46.51111111111112,13.308333333333334,89.9,1600
2294,38.687777777777775,15.972222222222225,89.9,1600
2295,42.09166666666666,14.381111111111109,89.9,1580
2296,46.12138888888889,10.766388888888889,89.9,1580
2297,45.88777777777777,8.914444444444444,89.9,1580
2298,39.16749999999999,8.528055555555556,89.9,1300
2299,46.110833333333325,8.321944444444446,89.9,1260
2300,42.552499999999995,12.424166666666668,89.9,1000
2301,45.54388888888888,10.243055555555554,89.9,1000
2302,46.04666666666666,9.756388888888887,89.9,1000
2303,45.35527777777778,10.141111111111112,89.9,1000
2304,40.66694444444445,16.639444444444447,89.9,1000
2305,46.29277777777778,10.75361111111111,89.9,1000
2306,37.315277777777766,13.471111111111108,89.9,1000
2307,41.93,13.868611111111111,89.9,1000
2308,41.31777777777777,13.214444444444442,89.9,1000
2309,46.414444444444435,12.999722222222223,89.9,1000
2310,46.55861111111111,11.67027777777778,89.9,800
2311,46.41194444444445,12.236666666666665,89.9,800
2312,44.80138888888889,10.32638888888889,89.9,700
2313,45.62361111111112,7.66111111111111,89.9,640
2314,45.405833333333334,8.092500000000001,89.9,630
2315,40.236666666666665,15.06472222222222,89.9,600
2316,42.88194444444445,13.172222222222222,89.9,500
2317,40.90583333333333,8.767222222222225,89.9,500
2318,44.14555555555556,9.661111111111111,89.9,500
2319,41.958611111111104,13.366944444444446,89.9,400
2320,39.06750000000001,16.41,89.9,400
2321,42.35805555555555,12.972500000000002,89.9,400
2322,42.98750000000001,12.778888888888888,89.9,400
2323,46.57944444444445,12.808333333333335,89.9,400
2324,46.26916666666666,11.245277777777776,89.9,400
2325,42.14444444444444,13.51666666666667,89.9,400
2326,40.35555555555557,16.49611111111111,89.9,400
2327,42.45111111111112,12.983888888888886,89.9,400
2328,44.718055555555566,8.259722222222221,89.9,400
2329,46.45666666666666,12.761111111111113,89.9,400
2330,41.416666666666664,13.234166666666665,89.9,400
2331,45.049166666666665,7.012222222222223,89.9,400
2332,46.28027777777778,11.569722222222225,89.9,400
2333,45.7263888888889,10.965,89.9,320
2334,44.63111111111111,9.720555555555556,89.9,320
2335,44.253055555555555,7.373888888888888,89.9,320
2336,46.77694444444445,11.459166666666668,89.9,200
2337,45.78638888888889,9.730833333333335,89.9,130
2338,43.68444444444445,12.031111111111112,89.9,130
2339,46.81444444444444,10.579166666666666,89.9,100
2340,46.41972222222222,11.538888888888886,89.9,100
2341,40.37083333333333,15.536388888888887,89.9,99
2342,45.88444444444445,9.997777777777777,89.9,63
2343,41.85666666666667,13.179444444444442,89.9,50
2344,46.26916666666666,9.843611111111112,89.9,50
2345,41.389166666666675,13.531666666666668,89.9,40
2346,41.40694444444444,13.460555555555553,89.9,40
2347,38.595,16.361111111111107,89.9,32
2348,41.96361111111111,13.012777777777778,89.9,25
2349,44.25750000000001,9.500833333333333,89.9,16
2350,45.934444444444445,7.638055555555556,89.9,13
2351,45.95944444444444,9.460555555555553,89.9,0
2352,44.17777777777777,9.58888888888889,89.9,0
2353,40.56805555555555,15.49638888888889,89.9,0
2354,40.73111111111112,15.28888888888889,89.9,0
2355,43.89444444444444,8.022777777777778,89.9,0
2356,40.14083333333334,15.773333333333335,89.9,0
2357,40.273611111111116,15.705555555555556,89.9,0
2358,40.65083333333334,15.708611111111109,89.9,0
2359,41.92444444444443,12.445555555555556,89.9,0
2360,40.71305555555556,14.6425,89.9,0
2361,39.835,15.811666666666666,89.9,0
2362,40.84083333333333,15.264444444444447,89.9,0
2363,41.98916666666668,15.000555555555554,89.9,0
2364,44.54861111111111,10.490277777777779,89.95,31600
2365,41.0925,16.917222222222225,89.95,5000
2366,41.80527777777778,12.714722222222221,90.0,79400
2367,38.16499999999999,13.355277777777777,90.0,79400
2368,45.787499999999994,9.099444444444444,90.0,25100
2369,43.92777777777777,10.911111111111108,90.0,25100
2370,45.078611111111115,7.768055555555555,90.0,25100
2371,46.23277777777779,13.00722222222222,90.0,20000
2372,41.692777777777785,12.690555555555553,90.0,15800
2373,43.02333333333333,12.090833333333332,90.0,15800
2374,43.54194444444443,13.597777777777779,90.0,12600
2375,43.917777777777786,10.29472222222222,90.0,12600
2376,43.358333333333334,13.026666666666669,90.0,10000
2377,42.97083333333333,13.865833333333335,90.0,10000
2378,44.089999999999996,12.339166666666667,90.0,10000
2379,44.031666666666666,10.861666666666668,90.0,10000
2380,41.064166666666665,14.815833333333332,90.0,10000
2381,41.944722222222225,12.81972222222222,90.0,10000
2382,43.094444444444456,12.340833333333334,90.0,7900
2383,46.09333333333334,12.305000000000003,90.0,6300
2384,41.096111111111114,14.3675,90.0,6300
2385,45.67111111111112,13.795,90.0,6300
2386,45.32777777777777,10.06111111111111,90.0,5000
2387,43.452222222222225,12.206388888888887,90.0,4000
2388,42.8111111111111,12.56777777777778,90.0,4000
2389,44.651666666666664,8.636944444444442,90.0,4000
2390,38.346666666666664,15.84138888888889,90.0,4000
2391,42.83305555555555,13.581666666666665,90.0,2500
2392,38.13249999999999,15.666388888888887,90.0,2500
2393,39.17916666666667,16.33916666666667,90.0,2500
2394,44.570277777777775,10.686944444444446,90.0,2500
2395,46.05194444444445,11.167500000000002,90.0,2500
2396,39.81111111111111,18.343611111111112,90.0,2000
2397,43.74444444444444,11.594444444444443,90.0,2000
2398,39.45583333333334,8.732500000000002,90.0,2000
2399,45.917777777777786,10.99222222222222,90.0,1600
2400,40.694444444444436,14.796111111111113,90.0,1300
2401,41.7113888888889,15.676944444444446,90.0,1300
2402,41.508333333333326,13.044166666666666,90.0,1300
2403,44.56249999999999,9.89361111111111,90.0,1300
2404,46.14555555555556,9.895277777777777,90.0,1000
2405,45.082499999999996,6.7077777777777765,90.0,1000
2406,41.901944444444446,15.65111111111111,90.0,1000
2407,37.53527777777778,15.089722222222225,90.0,1000
2408,40.96805555555556,17.113611111111116,90.0,1000
2409,37.08722222222223,15.110833333333334,90.0,1000
2410,45.84416666666667,9.381111111111109,90.0,1000
2411,44.06750000000001,9.816388888888891,90.0,1000
2412,41.03611111111111,14.382777777777777,90.0,790
2413,39.74666666666667,8.772222222222222,90.0,790
2414,43.94666666666666,11.143611111111111,90.0,790
2415,42.546666666666674,12.703333333333335,90.0,640
2416,45.974999999999994,8.132499999999999,90.0,630
2417,46.70027777777778,11.131944444444445,90.0,630
2418,40.732777777777784,14.709444444444447,90.0,500
2419,44.53027777777778,10.80027777777778,90.0,500
2420,45.65777777777778,10.175555555555553,90.0,400
2421,41.5611111111111,14.613611111111112,90.0,400
2422,45.64666666666666,7.864444444444445,90.0,400
2423,45.71416666666667,6.938055555555556,90.0,320
2424,44.20361111111111,11.214166666666666,90.0,320
2425,46.23944444444445,10.52138888888889,90.0,300
2426,45.67777777777777,10.027777777777777,90.0,300
2427,46.29166666666667,13.05277777777778,90.0,200
2428,46.509166666666665,10.149444444444446,90.0,160
2429,39.44055555555555,9.540555555555555,90.0,160
2430,46.404722222222226,11.052222222222222,90.0,130
2431,40.875277777777775,15.226388888888888,90.0,100
2432,41.25944444444444,14.49583333333333,90.0,50
2433,46.34527777777779,12.149722222222223,90.0,32
2434,45.86305555555555,8.780555555555557,90.0,32
2435,41.80055555555556,15.425555555555555,90.0,20
2436,37.65,14.46111111111111,90.0,20
2437,39.5511111111111,16.36472222222222,90.0,13
2438,39.53944444444445,16.37472222222222,90.0,0
2439,37.964166666666664,12.962777777777777,90.0,0
2440,41.62305555555557,13.768055555555556,90.0,0
2441,45.88777777777777,8.64583333333333,90.0,0
2442,45.58555555555556,9.944444444444445,90.0,0
2443,39.85861111111112,9.518055555555554,90.0,0
2444,46.13472222222222,9.26361111111111,90.0,0
2445,44.50083333333333,8.71,90.0,0
2446,36.88277777777777,14.771944444444445,90.0,0
2447,43.400000000000006,10.477777777777776,90.0,0
2448,40.76861111111112,9.647777777777776,90.0,0
2449,39.27777777777777,17.050000000000004,90.0,0
2450,42.110833333333325,14.708888888888888,90.0,0
2451,40.82777777777778,14.394999999999998,90.05,39800
2452,40.66888888888888,14.479722222222225,90.05,1000
2453,45.78472222222222,9.518611111111113,90.1,158500
2454,45.87972222222223,8.451111111111112,90.1,125900
2455,40.62333333333333,17.394722222222224,90.1,50100
2456,42.393611111111106,11.163611111111114,90.1,50100
2457,41.59611111111111,12.950555555555555,90.1,50100
2458,40.50472222222221,15.751666666666665,90.1,40000
2459,44.137499999999996,11.83527777777778,90.1,39800
2460,44.78888888888889,9.315277777777776,90.1,20000
2461,44.425555555555555,11.376388888888888,90.1,20000
2462,43.80111111111112,7.733333333333334,90.1,15800
2463,44.43222222222222,8.913611111111113,90.1,12600
2464,46.51138888888888,11.331944444444442,90.1,10000
2465,45.74611111111111,10.028611111111113,90.1,10000
2466,40.15861111111111,8.6325,90.1,10000
2467,46.68305555555556,11.707222222222219,90.1,8000
2468,40.72055555555555,14.640555555555554,90.1,7900
2469,46.48,13.523333333333335,90.1,7900
2470,42.225833333333334,13.843333333333335,90.1,6400
2471,41.540000000000006,14.309722222222224,90.1,6300
2472,45.95722222222223,8.817777777777776,90.1,6300
2473,44.028611111111104,8.163333333333332,90.1,5000
2474,43.4125,11.891944444444443,90.1,4000
2475,41.2388888888889,16.49777777777778,90.1,4000
2476,45.81722222222223,9.204444444444446,90.1,4000
2477,46.08277777777778,8.685555555555556,90.1,3200
2478,41.832777777777785,13.338888888888889,90.1,3200
2479,45.885555555555555,10.874444444444446,90.1,2600
2480,41.28111111111111,13.682499999999997,90.1,2000
2481,46.06638888888888,11.462499999999999,90.1,1580
2482,42.70805555555555,13.103333333333332,90.1,1000
2483,43.93972222222222,8.123333333333333,90.1,1000
2484,42.41111111111111,12.630000000000003,90.1,1000
2485,43.34916666666667,12.584444444444447,90.1,1000
2486,44.34416666666666,9.172222222222222,90.1,1000
2487,37.61777777777777,13.6075,90.1,1000
2488,45.444444444444436,7.666666666666668,90.1,1000
2489,46.372499999999995,11.940555555555555,90.1,1000
2490,38.67944444444445,16.416111111111107,90.1,800
2491,41.461388888888884,14.185555555555554,90.1,800
2492,45.74277777777777,7.6786111111111115,90.1,800
2493,43.792222222222215,7.5952777777777785,90.1,800
2494,45.525277777777774,7.8691666666666675,90.1,790
2495,41.74277777777777,13.992777777777778,90.1,790
2496,43.073611111111106,13.031111111111112,90.1,640
2497,44.335833333333326,7.7475000000000005,90.1,640
2498,46.71555555555557,12.37,90.1,630
2499,45.99138888888889,12.309444444444447,90.1,630
2500,46.0313888888889,9.356666666666667,90.1,500
2501,43.81333333333333,12.715277777777775,90.1,500
2502,38.76361111111112,16.55611111111111,90.1,500
2503,44.42527777777779,8.269999999999998,90.1,400
2504,41.59861111111111,13.094166666666668,90.1,400
2505,42.668055555555554,13.817499999999999,90.1,400
2506,43.9775,7.976666666666666,90.1,400
2507,45.61555555555556,7.355833333333334,90.1,400
2508,44.29694444444444,7.292222222222221,90.1,400
2509,39.286388888888894,8.536944444444446,90.1,400
2510,41.80194444444444,14.922499999999998,90.1,400
2511,44.210555555555565,9.945833333333335,90.1,400
2512,43.92666666666667,11.987499999999999,90.1,400
2513,45.75000000000001,8.350000000000001,90.1,400
2514,39.01638888888888,16.41472222222222,90.1,320
2515,40.077777777777776,9.133333333333333,90.1,320
2516,42.41194444444445,14.279722222222222,90.1,250
2517,42.53333333333333,12.833333333333334,90.1,200
2518,41.8825,16.156111111111105,90.1,100
2519,40.59361111111112,8.258055555555558,90.1,50
2520,46.519166666666656,10.577222222222222,90.1,50
2521,46.72805555555556,11.896666666666668,90.1,50
2522,42.77305555555555,13.290833333333335,90.1,40
2523,46.807222222222215,11.11027777777778,90.1,20
2524,44.88777777777777,8.186666666666667,90.1,0
2525,39.65666666666667,15.875555555555554,90.1,0
2526,39.55555555555556,15.909722222222221,90.1,0
2527,38.59583333333334,16.362500000000004,90.1,0
2528,44.989999999999995,10.414444444444447,90.1,0
2529,45.88916666666667,11.904444444444447,90.1,0
2530,38.97388888888889,16.326944444444443,90.1,0
2531,42.214444444444446,14.389166666666668,90.1,0
2532,45.174722222222215,10.810277777777781,90.1,0
2533,40.67777777777777,16.611111111111107,90.1,0
2534,38.25277777777779,15.238333333333332,90.1,0
2535,40.163055555555566,15.365555555555556,90.1,0
2536,45.619444444444454,10.453055555555556,90.1,0
2537,45.80166666666667,11.672222222222219,90.2,501200
2538,37.88416666666666,14.946944444444444,90.2,125900
2539,46.08194444444444,12.537222222222224,90.2,79430
2540,43.74861111111112,10.555555555555559,90.2,63200
2541,44.42805555555556,10.76222222222222,90.2,50100
2542,40.82833333333333,14.395277777777775,90.2,31600
2543,43.87694444444444,10.865277777777775,90.2,31600
2544,43.843055555555566,11.24722222222222,90.2,31600
2545,40.476388888888884,15.168888888888887,90.2,25100
2546,43.42416666666666,11.335833333333335,90.2,20000
2547,45.508333333333326,11.283055555555558,90.2,13000
2548,46.18111111111112,13.349166666666667,90.2,12600
2549,38.19166666666666,15.540833333333332,90.2,10000
2550,41.7113888888889,15.676944444444446,90.2,10000
2551,43.35611111111112,11.92472222222222,90.2,7900
2552,40.84666666666668,17.314722222222226,90.2,7900
2553,45.73138888888889,9.686666666666664,90.2,7900
2554,44.576388888888886,7.7347222222222225,90.2,4000
2555,41.09694444444445,16.854722222222225,90.2,3200
2556,37.96472222222222,15.376111111111111,90.2,3200
2557,44.02944444444445,12.541111111111114,90.2,3200
2558,44.9136111111111,7.276944444444445,90.2,2000
2559,37.99611111111111,12.708333333333332,90.2,1600
2560,37.571944444444455,15.124166666666666,90.2,1600
2561,42.12083333333334,14.235277777777778,90.2,1580
2562,39.74194444444445,16.122777777777774,90.2,1500
2563,45.85055555555555,11.566944444444443,90.2,1300
2564,40.44777777777777,15.049444444444445,90.2,1000
2565,38.08444444444446,14.806944444444445,90.2,1000
2566,44.252222222222215,9.571666666666664,90.2,1000
2567,42.8875,13.892500000000002,90.2,1000
2568,39.92916666666666,18.290555555555557,90.2,1000
2569,41.32222222222222,13.272222222222226,90.2,1000
2570,39.58472222222222,15.891388888888887,90.2,800
2571,38.10000000000001,14.816666666666666,90.2,630
2572,45.541666666666664,11.279166666666669,90.2,500
2573,41.35,13.350000000000001,90.2,500
2574,44.289444444444435,11.137777777777776,90.2,500
2575,46.02777777777777,8.250000000000002,90.2,500
2576,45.648333333333326,9.903611111111111,90.2,400
2577,44.65666666666667,8.975833333333332,90.2,400
2578,46.38055555555556,11.670833333333334,90.2,320
2579,44.523333333333326,9.414166666666668,90.2,260
2580,46.95972222222223,11.902777777777779,90.2,200
2581,37.649166666666666,12.996666666666664,90.2,200
2582,46.022777777777776,10.704166666666666,90.2,160
2583,45.70000000000001,9.911111111111108,90.2,80
2584,46.41388888888888,11.424999999999999,90.2,63
2585,46.894999999999996,11.48472222222222,90.2,40
2586,42.14444444444444,13.51666666666667,90.2,20
2587,40.734722222222224,15.276388888888892,90.2,13
2588,40.70805555555555,9.69527777777778,90.2,0
2589,41.22777777777778,9.408333333333335,90.2,0
2590,39.32416666666668,16.30944444444444,90.2,0
2591,40.866666666666674,15.194444444444443,90.2,0
2592,39.88416666666666,15.976666666666668,90.2,0
2593,40.92777777777777,14.55,90.2,0
2594,38.27055555555555,16.292777777777783,90.2,0
2595,39.31111111111111,9.211111111111109,90.2,0
2596,46.397777777777776,12.972777777777779,90.2,0
2597,43.13249999999999,12.320555555555554,90.25,10000
2598,40.85750000000001,14.211388888888889,90.25,0
2599,45.57694444444444,10.932222222222222,90.3,158500
2600,43.549722222222215,13.601666666666667,90.3,100000
2601,38.16249999999999,13.358055555555554,90.3,63200
2602,41.75166666666667,12.709166666666665,90.3,63100
2603,44.759722222222216,9.917499999999999,90.3,50100
2604,40.660833333333336,17.286388888888887,90.3,39800
2605,45.03055555555556,7.722777777777778,90.3,39800
2606,44.95944444444444,8.669166666666666,90.3,39800
2607,45.86305555555555,8.780555555555557,90.3,39800
2608,38.667222222222215,15.94972222222222,90.3,31600
2609,43.6188888888889,11.94638888888889,90.3,31600
2610,44.070555555555565,12.131944444444445,90.3,31600
2611,45.47472222222222,7.976111111111112,90.3,31600
2612,40.93972222222222,14.724166666666669,90.3,20000
2613,45.619444444444454,10.45222222222222,90.3,20000
2614,45.80277777777778,9.074166666666667,90.3,15800
2615,45.47833333333333,9.165555555555553,90.3,15800
2616,41.11361111111112,16.34666666666666,90.3,12600
2617,41.49194444444445,13.079722222222223,90.3,12600
2618,39.465555555555554,8.726944444444445,90.3,12600
2619,40.36500000000001,18.207499999999996,90.3,12589
2620,44.62916666666666,7.929444444444444,90.3,10000
2621,46.57055555555556,12.514444444444443,90.3,6400
2622,44.827222222222225,11.578055555555553,90.3,5000
2623,38.15194444444444,14.93083333333333,90.3,5000
2624,45.581388888888895,7.998333333333333,90.3,5000
2625,40.32305555555557,9.372777777777781,90.3,4000
2626,40.725,8.51222222222222,90.3,4000
2627,41.389722222222225,13.803888888888892,90.3,4000
2628,44.71722222222222,9.786944444444442,90.3,3200
2629,42.476111111111116,14.135555555555555,90.3,3200
2630,37.61583333333333,14.904722222222224,90.3,3200
2631,45.67111111111112,13.795,90.3,3200
2632,39.06750000000001,16.41,90.3,2500
2633,45.917777777777786,10.99222222222222,90.3,2500
2634,40.14083333333334,15.773333333333335,90.3,2500
2635,45.97583333333334,11.816666666666666,90.3,2500
2636,41.51527777777778,13.04027777777778,90.3,2500
2637,38.95111111111111,16.527777777777775,90.3,2500
2638,45.315277777777766,8.42638888888889,90.3,2500
2639,45.782222222222224,9.80027777777778,90.3,2000
2640,45.86916666666666,9.408333333333335,90.3,2000
2641,46.70027777777778,11.131944444444445,90.3,2000
2642,42.728333333333325,12.748333333333331,90.3,2000
2643,45.70527777777778,8.278888888888892,90.3,1300
2644,41.66305555555555,13.64972222222222,90.3,1300
2645,45.61444444444445,10.88888888888889,90.3,1300
2646,41.20805555555556,13.576944444444445,90.3,1300
2647,40.66694444444445,16.639444444444447,90.3,1300
2648,39.843888888888884,15.866111111111111,90.3,1260
2649,45.8811111111111,8.45361111111111,90.3,1260
2650,39.08000000000001,17.127499999999994,90.3,1000
2651,36.89166666666667,14.773055555555558,90.3,1000
2652,46.26916666666666,11.245277777777776,90.3,1000
2653,37.65,14.633333333333335,90.3,1000
2654,41.03055555555556,14.468888888888888,90.3,1000
2655,46.099444444444444,9.339444444444444,90.3,1000
2656,42.08972222222223,14.692222222222222,90.3,1000
2657,41.315,16.273333333333337,90.3,800
2658,44.45305555555555,9.064444444444444,90.3,800
2659,46.68944444444444,10.556111111111113,90.3,800
2660,39.150000000000006,8.761111111111108,90.3,800
2661,44.14444444444444,7.877777777777776,90.3,800
2662,43.69861111111111,11.988055555555553,90.3,800
2663,42.668055555555554,13.817499999999999,90.3,790
2664,46.49805555555555,11.935555555555556,90.3,790
2665,45.81388888888888,13.521944444444443,90.3,790
2666,45.02555555555555,6.814722222222221,90.3,640
2667,42.023611111111116,13.046944444444446,90.3,630
2668,41.95722222222223,14.388055555555555,90.3,630
2669,46.05305555555556,11.169166666666664,90.3,630
2670,44.15194444444444,10.665555555555557,90.3,400
2671,42.61416666666666,13.350277777777778,90.3,400
2672,46.77888888888888,11.82888888888889,90.3,400
2673,45.73805555555555,7.751944444444446,90.3,400
2674,40.665000000000006,15.111388888888888,90.3,400
2675,38.11972222222223,16.150555555555552,90.3,400
2676,46.64666666666666,11.193888888888887,90.3,400
2677,46.29305555555555,10.75361111111111,90.3,400
2678,44.35,9.233333333333334,90.3,400
2679,46.17166666666666,9.8375,90.3,400
2680,41.91694444444445,13.12027777777778,90.3,400
2681,41.85222222222223,13.201666666666664,90.3,400
2682,46.18361111111111,10.371944444444445,90.3,320
2683,46.36083333333334,10.36361111111111,90.3,320
2684,46.02166666666667,12.301944444444445,90.3,320
2685,44.220555555555556,10.106944444444444,90.3,250
2686,46.55861111111111,11.67027777777778,90.3,250
2687,46.541111111111114,10.165277777777776,90.3,250
2688,45.75083333333333,10.805277777777777,90.3,250
2689,36.77916666666667,12.00388888888889,90.3,200
2690,41.80638888888889,13.784166666666666,90.3,200
2691,46.37777777777777,11.077777777777776,90.3,200
2692,37.18749999999999,13.7225,90.3,160
2693,46.28972222222222,11.323611111111113,90.3,160
2694,46.65027777777777,11.350833333333334,90.3,100
2695,46.65027777777777,11.350833333333334,90.3,100
2696,39.398888888888884,8.39777777777778,90.3,63
2697,46.76499999999999,12.059444444444447,90.3,63
2698,43.6525,11.60277777777778,90.3,50
2699,40.09583333333333,15.790555555555555,90.3,50
2700,43.903055555555554,12.010277777777778,90.3,40
2701,46.52722222222222,12.174444444444445,90.3,40
2702,45.81722222222223,9.204444444444446,90.3,40
2703,41.122777777777785,14.530555555555555,90.3,16
2704,40.163055555555566,15.361666666666666,90.3,1
2705,45.78305555555555,9.921111111111111,90.3,0
2706,37.557222222222215,14.277777777777779,90.3,0
2707,39.18166666666667,16.26527777777778,90.3,0
2708,45.943333333333335,13.17111111111111,90.3,0
2709,40.89472222222223,12.96638888888889,90.3,0
2710,38.3736111111111,16.122777777777774,90.3,0
2711,45.80166666666667,11.672222222222219,90.4,251200
2712,46.00527777777778,12.430833333333334,90.4,158500
2713,41.115833333333335,16.862777777777783,90.4,25100
2714,40.71361111111111,14.659444444444444,90.4,20000
2715,40.06305555555556,18.144166666666667,90.4,12600
2716,41.7113888888889,15.676944444444446,90.4,12600
2717,43.843055555555566,11.24722222222222,90.4,12600
2718,44.43194444444443,8.913333333333334,90.4,7900
2719,45.74527777777777,10.044444444444444,90.4,7900
2720,45.67972222222222,10.778611111111111,90.4,6300
2721,40.61,17.95972222222222,90.4,6300
2722,44.808055555555555,10.328333333333335,90.4,6300
2723,38.234166666666674,15.711666666666668,90.4,6300
2724,42.5336111111111,12.690833333333332,90.4,6300
2725,42.25166666666666,13.588611111111113,90.4,5000
2726,42.40861111111111,11.15472222222222,90.4,5000
2727,45.528888888888886,7.873055555555557,90.4,4000
2728,43.78527777777778,7.671944444444446,90.4,4000
2729,37.706944444444446,13.205,90.4,4000
2730,43.8975,8.060277777777777,90.4,4000
2731,44.33416666666667,9.335833333333335,90.4,4000
2732,40.81583333333334,16.43416666666667,90.4,3200
2733,40.84666666666668,17.314722222222226,90.4,3200
2734,40.36972222222222,15.535833333333333,90.4,2500
2735,46.51194444444444,11.340833333333334,90.4,2000
2736,39.9286111111111,18.29111111111111,90.4,2000
2737,42.938888888888876,11.869722222222224,90.4,1600
2738,40.863888888888894,16.761944444444445,90.4,1300
2739,46.077777777777776,11.462499999999999,90.4,1300
2740,39.20722222222222,9.486388888888888,90.4,1300
2741,43.948055555555555,8.131666666666668,90.4,1000
2742,45.5611111111111,10.28611111111111,90.4,1000
2743,44.461388888888884,11.151666666666667,90.4,1000
2744,37.571111111111115,15.15333333333333,90.4,1000
2745,41.540000000000006,14.309722222222224,90.4,790
2746,37.059999999999995,14.89833333333333,90.4,630
2747,42.038611111111116,13.394166666666667,90.4,500
2748,40.677499999999995,14.7825,90.4,500
2749,44.16499999999999,8.316944444444442,90.4,320
2750,45.90555555555556,9.668888888888889,90.4,320
2751,46.279166666666654,12.013055555555555,90.4,250
2752,45.94138888888888,11.737499999999997,90.4,200
2753,46.12138888888889,10.767222222222225,90.4,200
2754,45.70888888888889,7.157222222222223,90.4,200
2755,45.70888888888889,7.157222222222223,90.4,200
2756,39.93805555555556,9.538888888888886,90.4,100
2757,44.50111111111112,8.710277777777778,90.4,100
2758,40.73111111111112,15.28888888888889,90.4,40
2759,46.682500000000005,11.897499999999999,90.4,20
2760,45.718333333333334,6.9480555555555545,90.4,6
2761,44.32388888888889,8.478055555555557,90.4,4
2762,37.36472222222222,13.844166666666666,90.4,2
2763,44.20722222222222,9.92861111111111,90.4,0
2764,46.03611111111111,10.904166666666665,90.4,0
2765,43.764722222222225,11.433888888888887,90.4,0
2766,43.82027777777779,7.77111111111111,90.4,0
2767,41.472777777777786,15.115277777777777,90.4,0
2768,43.19777777777778,12.742500000000001,90.45,2500
2769,38.035555555555554,12.582222222222219,90.5,126200
2770,40.82777777777778,14.394999999999998,90.5,100000
2771,43.749166666666675,10.553611111111113,90.5,80000
2772,44.352777777777774,11.48722222222222,90.5,80000
2773,39.329166666666666,16.395277777777782,90.5,50200
2774,41.7561111111111,12.710277777777778,90.5,50100
2775,43.88805555555556,12.608333333333333,90.5,39800
2776,45.73361111111112,9.6875,90.5,31600
2777,44.74583333333333,7.230555555555555,90.5,25100
2778,45.55527777777777,10.757777777777777,90.5,20000
2779,40.04666666666666,15.47,90.5,20000
2780,46.20833333333333,12.757222222222223,90.5,13000
2781,46.20833333333333,12.757222222222223,90.5,13000
2782,41.65277777777777,13.472222222222223,90.5,12600
2783,45.818333333333335,9.095,90.5,12600
2784,41.49194444444445,13.079722222222223,90.5,12600
2785,38.95027777777777,16.527777777777775,90.5,12600
2786,42.16055555555556,14.132222222222222,90.5,10000
2787,40.60944444444444,15.817222222222222,90.5,7900
2788,42.832222222222235,13.581388888888888,90.5,5000
2789,46.695,11.731944444444443,90.5,5000
2790,37.870555555555555,15.261388888888888,90.5,5000
2791,45.150000000000006,8.100000000000001,90.5,5000
2792,41.911944444444444,12.929722222222223,90.5,4000
2793,45.12027777777778,6.9527777777777775,90.5,4000
2794,41.185833333333335,16.58416666666667,90.5,4000
2795,42.44416666666666,12.43277777777778,90.5,4000
2796,38.611111111111114,15.923888888888888,90.5,4000
2797,45.88722222222221,8.91388888888889,90.5,4000
2798,42.29944444444445,13.313333333333333,90.5,3200
2799,40.62138888888888,16.12222222222222,90.5,2600
2800,38.04666666666666,13.163888888888891,90.5,2500
2801,42.85833333333333,13.895277777777777,90.5,2500
2802,37.990277777777784,16.011944444444445,90.5,2500
2803,37.29833333333334,13.565000000000001,90.5,2000
2804,44.31944444444446,8.338055555555558,90.5,2000
2805,46.105,13.486666666666666,90.5,2000
2806,42.805,12.564444444444446,90.5,2000
2807,45.812777777777775,8.381944444444446,90.5,2000
2808,41.83972222222222,12.949166666666665,90.5,2000
2809,40.377222222222215,15.86777777777778,90.5,2000
2810,42.46000000000001,12.929722222222223,90.5,1600
2811,40.15861111111111,8.6325,90.5,1600
2812,45.94583333333334,10.659444444444444,90.5,1580
2813,37.023611111111116,14.713055555555554,90.5,1300
2814,45.65916666666668,10.240277777777777,90.5,1300
2815,38.027777777777786,15.135555555555555,90.5,1260
2816,37.38722222222222,14.380833333333332,90.5,1260
2817,41.94111111111111,13.979722222222222,90.5,1260
2818,38.09444444444444,14.833333333333334,90.5,1260
2819,35.50888888888888,12.617500000000001,90.5,1000
2820,40.73055555555556,17.54944444444445,90.5,1000
2821,40.67944444444445,14.919166666666667,90.5,1000
2822,44.247777777777785,10.744722222222222,90.5,1000
2823,46.393611111111106,12.822500000000002,90.5,1000
2824,44.598055555555554,9.929166666666669,90.5,1000
2825,36.927499999999995,15.082222222222223,90.5,800
2826,45.70527777777778,8.279722222222222,90.5,800
2827,46.71555555555557,12.37,90.5,800
2828,45.94166666666667,8.856944444444443,90.5,800
2829,44.571666666666665,10.377500000000001,90.5,800
2830,41.57000000000001,13.845833333333335,90.5,640
2831,45.8811111111111,11.633888888888889,90.5,630
2832,45.88388888888889,8.493888888888886,90.5,630
2833,45.84972222222222,11.919999999999998,90.5,500
2834,43.855000000000004,12.22527777777778,90.5,500
2835,38.608611111111124,16.552777777777777,90.5,500
2836,45.63444444444445,10.857777777777779,90.5,400
2837,46.37444444444444,12.261388888888888,90.5,400
2838,46.82194444444445,11.251388888888886,90.5,400
2839,42.358333333333334,12.971944444444443,90.5,320
2840,39.95083333333334,15.981111111111112,90.5,320
2841,46.37277777777778,11.940555555555555,90.5,320
2842,41.25416666666666,14.613888888888889,90.5,300
2843,40.51694444444444,8.376944444444442,90.5,250
2844,42.82305555555556,12.921944444444444,90.5,200
2845,46.60638888888889,10.710277777777778,90.5,200
2846,46.928055555555545,11.416666666666666,90.5,200
2847,38.67416666666667,16.080277777777773,90.5,200
2848,45.84472222222223,10.96361111111111,90.5,160
2849,44.39444444444444,11.077777777777776,90.5,160
2850,45.88944444444445,9.926944444444441,90.5,150
2851,44.62083333333333,8.939166666666665,90.5,130
2852,45.61166666666666,10.701666666666666,90.5,130
2853,42.56583333333334,13.686388888888887,90.5,100
2854,44.51583333333334,9.315,90.5,100
2855,46.511111111111106,11.761111111111108,90.5,79
2856,46.769999999999996,10.796666666666667,90.5,50
2857,41.8825,16.156111111111105,90.5,50
2858,40.73416666666667,13.877777777777776,90.5,4
2859,40.06555555555556,16.234166666666667,90.5,2
2860,41.72777777777778,13.350000000000001,90.5,0
2861,40.11666666666667,16.227777777777774,90.5,0
2862,39.069722222222225,17.110000000000003,90.5,0
2863,37.79944444444444,14.106111111111113,90.5,0
2864,44.51722222222222,9.38472222222222,90.5,0
2865,40.84111111111112,15.262777777777778,90.5,0
2866,41.16638888888889,14.596944444444446,90.5,0
2867,45.077777777777776,7.768888888888888,90.6,63100
2868,45.91833333333334,12.014722222222222,90.6,39800
2869,45.477500000000006,9.15722222222222,90.6,31600
2870,44.90583333333333,9.544444444444444,90.6,31600
2871,45.80611111111111,11.676111111111108,90.6,25100
2872,46.096111111111114,12.305000000000003,90.6,25100
2873,42.089999999999996,11.853333333333335,90.6,15800
2874,41.039722222222224,16.685277777777774,90.6,15800
2875,45.45666666666666,11.009166666666665,90.6,15800
2876,43.44333333333332,13.169722222222223,90.6,12600
2877,46.17194444444444,9.83666666666667,90.6,8000
2878,45.58555555555556,13.782222222222224,90.6,7900
2879,38.16194444444444,13.35638888888889,90.6,7900
2880,43.87305555555556,11.13611111111111,90.6,6300
2881,43.456111111111106,11.774722222222222,90.6,5000
2882,44.07027777777778,12.132499999999999,90.6,4000
2883,46.10277777777778,8.258055555555558,90.6,4000
2884,40.676666666666655,16.620277777777783,90.6,4000
2885,45.68611111111111,10.025555555555554,90.6,4000
2886,43.19277777777777,13.143055555555557,90.6,4000
2887,44.41944444444444,9.628055555555557,90.6,3200
2888,40.994722222222215,9.34416666666667,90.6,2500
2889,44.262499999999996,11.256666666666668,90.6,2000
2890,40.9963888888889,17.214999999999996,90.6,2000
2891,40.70000000000001,14.71111111111111,90.6,2000
2892,45.88916666666667,12.294444444444443,90.6,1600
2893,45.69833333333332,10.408055555555558,90.6,1600
2894,38.13249999999999,15.666388888888887,90.6,1600
2895,42.73694444444444,13.703611111111112,90.6,1580
2896,41.05694444444444,14.542222222222222,90.6,1300
2897,45.782222222222224,9.80027777777778,90.6,1300
2898,46.03611111111111,10.386111111111111,90.6,1300
2899,46.5775,11.15638888888889,90.6,1300
2900,43.514166666666675,12.619722222222224,90.6,1000
2901,46.509166666666665,10.149444444444446,90.6,1000
2902,46.40805555555555,10.850277777777777,90.6,1000
2903,36.8111111111111,14.71111111111111,90.6,1000
2904,43.02083333333333,12.68611111111111,90.6,1000
2905,41.31777777777777,13.214166666666666,90.6,1000
2906,44.35,9.266666666666667,90.6,1000
2907,40.56805555555555,15.49638888888889,90.6,800
2908,46.580555555555556,11.092777777777778,90.6,800
2909,44.72777777777778,8.894444444444444,90.6,800
2910,44.18083333333333,10.099444444444444,90.6,640
2911,43.45194444444444,12.20583333333333,90.6,630
2912,44.481944444444444,7.380277777777777,90.6,630
2913,38.81138888888888,16.367777777777782,90.6,600
2914,42.42666666666666,12.101944444444445,90.6,500
2915,46.72805555555556,11.32138888888889,90.6,400
2916,44.65749999999999,8.479722222222225,90.6,400
2917,45.748333333333335,7.825277777777778,90.6,400
2918,46.546666666666674,13.141111111111112,90.6,400
2919,46.25472222222222,10.459166666666668,90.6,320
2920,46.16722222222222,11.85222222222222,90.6,260
2921,45.75722222222221,7.687777777777778,90.6,250
2922,45.86555555555555,9.447777777777778,90.6,130
2923,44.94972222222221,6.886666666666667,90.6,130
2924,41.608055555555566,14.120833333333335,90.6,99
2925,46.42305555555555,9.35361111111111,90.6,50
2926,45.6261111111111,7.651666666666667,90.6,50
2927,46.49805555555555,11.935555555555556,90.6,50
2928,37.82777777777778,14.874166666666667,90.6,40
2929,38.59583333333334,16.362500000000004,90.6,0
2930,39.18083333333333,8.520277777777777,90.6,0
2931,41.043888888888894,14.413888888888888,90.6,0
2932,38.81111111111111,16.367777777777782,90.6,0
2933,36.87333333333333,14.786944444444442,90.6,0
2934,39.14083333333334,16.756388888888893,90.6,0
2935,40.9963888888889,17.214999999999996,90.6,0
2936,44.5713888888889,8.660555555555558,90.6,0
2937,38.65944444444444,16.512222222222224,90.6,0
2938,37.632777777777775,13.639444444444441,90.65,0
2939,37.57055555555556,15.12138888888889,90.7,316200
2940,46.159166666666664,13.401666666666669,90.7,250000
2941,39.36722222222222,9.296944444444442,90.7,158800
2942,45.54388888888888,10.243055555555554,90.7,158500
2943,41.75249999999999,12.702222222222222,90.7,125900
2944,41.52777777777778,15.079166666666664,90.7,100000
2945,45.557500000000005,7.940833333333335,90.7,100000
2946,45.255,11.667499999999999,90.7,63100
2947,44.31777777777777,8.494444444444442,90.7,63100
2948,45.72777777777778,9.327777777777778,90.7,50100
2949,40.06194444444445,18.142222222222227,90.7,50100
2950,40.62333333333333,17.394722222222224,90.7,39800
2951,41.696666666666665,12.719166666666665,90.7,25200
2952,42.847777777777786,10.906111111111109,90.7,15800
2953,41.787777777777784,12.356944444444444,90.7,15800
2954,42.43555555555556,14.235277777777778,90.7,15000
2955,45.63416666666666,11.328333333333335,90.7,12600
2956,43.86888888888889,7.74388888888889,90.7,12600
2957,43.86416666666666,12.91472222222222,90.7,10000
2958,44.284444444444446,10.663888888888888,90.7,8000
2959,46.13916666666666,11.041111111111112,90.7,8000
2960,45.910833333333336,8.63722222222222,90.7,7900
2961,41.69777777777777,13.024444444444446,90.7,7900
2962,43.59527777777779,13.476666666666667,90.7,6300
2963,37.378888888888895,13.858888888888886,90.7,6300
2964,41.389722222222225,13.803888888888892,90.7,5000
2965,45.88777777777777,8.914444444444444,90.7,5000
2966,44.9136111111111,7.276944444444445,90.7,5000
2967,41.596666666666664,13.24388888888889,90.7,4000
2968,44.703055555555565,8.351944444444442,90.7,4000
2969,42.4125,12.228055555555557,90.7,4000
2970,45.12888888888888,7.2619444444444445,90.7,3200
2971,43.8825,11.550555555555555,90.7,3200
2972,42.11944444444444,14.235833333333334,90.7,3200
2973,41.20805555555556,13.576944444444445,90.7,2500
2974,46.14861111111112,9.281388888888891,90.7,2500
2975,44.07611111111111,9.811388888888889,90.7,2500
2976,46.552499999999995,11.885277777777777,90.7,2000
2977,42.07694444444445,12.242777777777777,90.7,1600
2978,39.324444444444445,16.30944444444444,90.7,1600
2979,42.5336111111111,12.690833333333332,90.7,1600
2980,43.34527777777779,12.501111111111111,90.7,1580
2981,42.03833333333333,13.394444444444444,90.7,1300
2982,44.1661111111111,8.333055555555555,90.7,1300
2983,43.68,12.808055555555558,90.7,1300
2984,38.17916666666667,13.12611111111111,90.7,1260
2985,44.04277777777778,8.207777777777777,90.7,1000
2986,40.441666666666656,15.26888888888889,90.7,1000
2987,41.13194444444444,14.775555555555558,90.7,1000
2988,42.67722222222221,13.817499999999999,90.7,1000
2989,40.71999999999999,8.506944444444445,90.7,1000
2990,36.94416666666665,14.525833333333335,90.7,1000
2991,39.570277777777775,16.613055555555555,90.7,900
2992,44.409444444444446,9.181388888888888,90.7,800
2993,45.88333333333333,10.133333333333333,90.7,790
2994,45.566388888888895,10.366388888888887,90.7,790
2995,40.71361111111111,14.659444444444444,90.7,700
2996,45.974999999999994,8.132499999999999,90.7,500
2997,46.38638888888888,12.258333333333335,90.7,500
2998,46.125,12.555,90.7,400
2999,45.82027777777779,10.992777777777778,90.7,400
3000,44.4125,8.1475,90.7,400
3001,44.63222222222222,9.301666666666668,90.7,400
3002,38.47111111111111,16.451944444444447,90.7,400
3003,45.59833333333334,7.801388888888889,90.7,400
3004,42.770833333333336,13.151666666666667,90.7,320
3005,38.16027777777777,14.750555555555557,90.7,250
3006,42.77305555555555,13.290833333333335,90.7,200
3007,45.71444444444444,6.93861111111111,90.7,200
3008,46.81444444444444,10.579166666666666,90.7,200
3009,37.97638888888889,14.381666666666668,90.7,200
3010,39.08000000000001,17.12722222222222,90.7,160
3011,42.04305555555555,13.094444444444445,90.7,160
3012,40.63333333333334,9.727777777777776,90.7,160
3013,40.32305555555557,9.373333333333335,90.7,130
3014,36.79666666666667,14.901666666666666,90.7,100
3015,40.56472222222221,15.64583333333333,90.7,99
3016,41.85666666666667,13.179444444444442,90.7,63
3017,46.62833333333334,11.021388888888888,90.7,63
3018,39.17916666666667,16.33916666666667,90.7,50
3019,39.17916666666667,16.33916666666667,90.7,50
3020,45.83055555555555,10.403055555555554,90.7,20
3021,39.26083333333333,16.691111111111113,90.7,20
3022,41.68722222222222,13.684444444444443,90.7,16
3023,40.72777777777778,15.294444444444444,90.7,13
3024,39.398888888888884,8.39777777777778,90.7,8
3025,44.88972222222222,8.184166666666668,90.7,0
3026,39.657222222222224,15.887777777777774,90.7,0
3027,39.580833333333345,15.96,90.7,0
3028,39.122499999999995,8.300833333333337,90.7,0
3029,44.42388888888889,8.935555555555556,90.7,0
3030,44.43583333333333,8.917222222222222,90.7,0
3031,40.14083333333334,15.773333333333335,90.7,0
3032,44.808055555555555,10.328333333333335,90.7,0
3033,37.511111111111106,13.263888888888888,90.7,0
3034,45.60694444444444,10.531388888888891,90.7,0
3035,39.632777777777775,15.985833333333332,90.7,0
3036,37.086388888888884,15.2875,90.7,0
3037,39.67444444444444,9.604444444444441,90.7,0
3038,40.67249999999999,14.475277777777777,90.75,79400
3039,44.369166666666665,9.444166666666666,90.8,100000
3040,45.76777777777777,9.56722222222222,90.8,79400
3041,38.035555555555554,12.582222222222219,90.8,63200
3042,40.82833333333333,14.395277777777775,90.8,63100
3043,41.05222222222222,14.386944444444442,90.8,25200
3044,45.74722222222223,11.491388888888887,90.8,25100
3045,44.142222222222216,12.138055555555555,90.8,25000
3046,43.70583333333334,11.373055555555558,90.8,20000
3047,40.76416666666667,17.227777777777778,90.8,12600
3048,44.32777777777777,7.448333333333332,90.8,12600
3049,43.74861111111112,10.555555555555559,90.8,12600
3050,43.00583333333333,13.229166666666664,90.8,10000
3051,44.215555555555554,11.093888888888891,90.8,10000
3052,43.57444444444444,13.345833333333333,90.8,7900
3053,44.34472222222222,9.85527777777778,90.8,7900
3054,42.93999999999999,11.87111111111111,90.8,7900
3055,44.47888888888888,11.294444444444443,90.8,6300
3056,40.63111111111111,17.94,90.8,6300
3057,46.503888888888895,11.228888888888887,90.8,6300
3058,44.759722222222216,9.917499999999999,90.8,4000
3059,38.01500000000001,14.03888888888889,90.8,3200
3060,38.25277777777779,15.238333333333332,90.8,3200
3061,42.50750000000001,13.22138888888889,90.8,3200
3062,40.236666666666665,15.06472222222222,90.8,3200
3063,37.62666666666668,14.426944444444445,90.8,2500
3064,46.096111111111114,12.305000000000003,90.8,2500
3065,46.16194444444444,9.57361111111111,90.8,2500
3066,37.50027777777778,14.057777777777778,90.8,2000
3067,40.95055555555556,17.301388888888887,90.8,2000
3068,43.096111111111114,12.337499999999999,90.8,2000
3069,46.0725,10.32,90.8,2000
3070,45.94583333333334,10.659444444444444,90.8,1800
3071,42.83305555555555,13.581666666666665,90.8,1600
3072,44.42416666666666,8.903611111111111,90.8,1600
3073,45.19388888888888,11.31,90.8,1600
3074,45.94194444444444,8.856944444444443,90.8,1600
3075,42.45111111111112,12.983888888888886,90.8,1600
3076,40.66222222222221,15.794722222222221,90.8,1580
3077,45.812777777777775,8.381944444444446,90.8,1300
3078,40.089444444444446,15.953333333333331,90.8,1260
3079,42.25666666666667,12.10638888888889,90.8,1000
3080,42.08194444444444,13.799166666666666,90.8,1000
3081,40.278333333333336,15.704166666666666,90.8,1000
3082,38.676111111111105,16.11638888888889,90.8,1000
3083,40.57416666666667,15.985555555555553,90.8,800
3084,43.58333333333334,12.16111111111111,90.8,630
3085,42.92305555555556,12.91138888888889,90.8,630
3086,44.252222222222215,9.572222222222223,90.8,500
3087,42.97083333333333,13.865833333333335,90.8,500
3088,45.02555555555555,6.814722222222221,90.8,500
3089,43.31111111111111,12.344444444444441,90.8,500
3090,44.150000000000006,9.877777777777776,90.8,500
3091,44.09583333333333,11.274722222222225,90.8,320
3092,46.843888888888884,11.684444444444443,90.8,320
3093,44.656388888888884,8.975277777777778,90.8,320
3094,36.77916666666667,12.00388888888889,90.8,250
3095,45.72722222222222,7.265833333333334,90.8,250
3096,46.12138888888889,10.767222222222225,90.8,200
3097,37.964166666666664,12.962777777777777,90.8,160
3098,39.67972222222222,8.457777777777778,90.8,160
3099,46.51194444444444,11.340833333333334,90.8,160
3100,43.87694444444444,10.865277777777775,90.8,160
3101,37.99805555555556,13.47388888888889,90.8,130
3102,44.50111111111112,8.710277777777778,90.8,100
3103,46.580833333333345,11.661666666666665,90.8,100
3104,40.842777777777776,15.396666666666667,90.8,99
3105,40.64333333333334,15.64,90.8,99
3106,41.416666666666664,14.077777777777776,90.8,79
3107,45.76499999999999,11.114444444444446,90.8,63
3108,37.9375,13.691388888888891,90.8,40
3109,38.19333333333333,13.296111111111111,90.8,40
3110,37.65972222222223,13.121666666666666,90.8,40
3111,44.15194444444444,10.665833333333333,90.8,16
3112,38.07027777777778,13.290833333333335,90.8,10
3113,43.91138888888889,12.006388888888889,90.8,0
3114,43.917777777777786,10.29472222222222,90.8,0
3115,40.09583333333333,15.790277777777778,90.8,0
3116,41.10388888888889,16.793333333333337,90.8,0
3117,37.990277777777784,16.0125,90.8,0
3118,41.75083333333333,12.709722222222224,90.9,251200
3119,41.60083333333334,13.63166666666667,90.9,63200
3120,45.03055555555556,7.721944444444444,90.9,63100
3121,45.93666666666666,12.023333333333333,90.9,63100
3122,40.06194444444445,18.142222222222227,90.9,39800
3123,45.822222222222216,9.106111111111113,90.9,31600
3124,45.60111111111111,11.093611111111109,90.9,31600
3125,41.233333333333334,13.083333333333336,90.9,25100
3126,40.19416666666667,16.425,90.9,12600
3127,44.95944444444444,8.669166666666666,90.9,10000
3128,37.086388888888884,15.2875,90.9,7900
3129,45.685,10.779722222222224,90.9,5000
3130,44.102222222222224,10.43222222222222,90.9,5000
3131,41.11361111111112,16.34666666666666,90.9,5000
3132,38.16027777777777,14.750833333333334,90.9,4000
3133,43.6525,11.60277777777778,90.9,4000
3134,38.13249999999999,15.666388888888887,90.9,4000
3135,46.2125,9.429722222222221,90.9,4000
3136,42.76111111111111,12.822777777777778,90.9,3200
3137,36.75000000000001,14.71111111111111,90.9,3200
3138,40.31583333333332,15.783888888888889,90.9,3200
3139,42.728333333333325,12.748333333333331,90.9,2500
3140,39.93972222222222,15.751388888888888,90.9,2000
3141,37.99305555555555,14.139999999999999,90.9,2000
3142,40.78888888888889,14.784722222222221,90.9,1580
3143,42.497499999999995,12.511944444444444,90.9,1580
3144,45.82083333333334,8.293888888888889,90.9,1580
3145,37.87166666666666,15.126388888888886,90.9,1300
3146,45.84944444444445,9.408055555555558,90.9,1300
3147,43.99527777777777,8.160000000000002,90.9,1000
3148,42.54388888888888,13.744722222222222,90.9,1000
3149,45.79194444444445,9.869444444444447,90.9,1000
3150,45.80638888888889,13.53472222222222,90.9,1000
3151,43.70638888888889,12.514444444444443,90.9,1000
3152,39.19722222222222,16.446111111111115,90.9,1000
3153,38.90027777777778,16.608888888888888,90.9,800
3154,43.69972222222222,11.961666666666664,90.9,800
3155,40.56027777777778,16.64305555555556,90.9,800
3156,44.87833333333334,7.289722222222222,90.9,790
3157,46.04222222222223,9.19277777777778,90.9,640
3158,46.49805555555555,11.935555555555556,90.9,630
3159,43.105,12.793055555555554,90.9,630
3160,41.10555555555555,15.101666666666668,90.9,500
3161,45.812222222222225,11.734722222222222,90.9,500
3162,46.721944444444446,12.121944444444443,90.9,500
3163,45.69833333333332,10.408333333333335,90.9,500
3164,38.28277777777777,15.818333333333335,90.9,400
3165,40.657222222222224,15.549444444444442,90.9,400
3166,46.353055555555564,13.056944444444447,90.9,400
3167,37.98277777777778,15.764999999999997,90.9,400
3168,46.0261111111111,12.500000000000002,90.9,400
3169,46.2936111111111,11.80111111111111,90.9,400
3170,44.09555555555556,9.743333333333332,90.9,400
3171,46.53472222222223,11.404722222222222,90.9,400
3172,41.91722222222221,13.11972222222222,90.9,400
3173,42.919444444444444,13.158333333333333,90.9,400
3174,41.879444444444445,16.156944444444445,90.9,400
3175,44.9136111111111,7.276944444444445,90.9,400
3176,45.53277777777779,10.37,90.9,300
3177,46.36083333333334,10.36361111111111,90.9,250
3178,39.79361111111111,16.29194444444445,90.9,200
3179,46.927777777777784,11.416388888888891,90.9,200
3180,46.927777777777784,11.416388888888891,90.9,200
3181,45.89444444444444,11.359444444444444,90.9,200
3182,46.63055555555555,11.663055555555557,90.9,160
3183,38.968611111111116,17.102777777777778,90.9,158
3184,39.953611111111115,16.03944444444445,90.9,99
3185,40.59416666666668,15.531944444444445,90.9,99
3186,40.890277777777776,15.806388888888891,90.9,79
3187,40.09583333333333,15.790555555555555,90.9,79
3188,46.26916666666666,9.843611111111112,90.9,50
3189,40.57305555555556,15.581944444444442,90.9,40
3190,46.0411111111111,9.989999999999998,90.9,40
3191,45.70166666666667,7.167222222222223,90.9,25
3192,40.53166666666666,17.57888888888889,90.9,25
3193,42.039444444444435,14.388611111111109,90.9,0
3194,41.723333333333336,14.89111111111111,90.9,0
3195,41.540000000000006,14.309722222222224,90.9,0
3196,37.511111111111106,15.083333333333336,90.9,0
3197,44.42666666666666,8.935555555555556,90.9,0
3198,38.33333333333334,16.311111111111114,90.9,0
3199,46.508611111111115,10.930555555555554,90.9,0
3200,46.14027777777778,10.082777777777777,90.9,0
3201,46.34527777777779,12.149722222222223,90.9,0
3202,44.78888888888889,9.315277777777776,90.95,25100
3203,44.66694444444445,10.234999999999998,90.95,4000
3204,45.79027777777777,9.51666666666667,90.95,0
3205,40.667222222222215,14.483055555555556,91.0,398100
3206,45.54472222222223,10.276944444444446,91.0,79400
3207,44.2111111111111,10.705277777777779,91.0,79400
3208,39.37777777777777,9.296666666666665,91.0,50100
3209,46.15583333333334,13.372222222222222,91.0,25100
3210,42.43555555555556,14.235277777777778,91.0,25100
3211,44.67527777777778,8.228888888888887,91.0,15800
3212,45.47833333333333,9.165555555555553,91.0,15800
3213,43.76333333333333,13.11222222222222,91.0,12600
3214,40.236666666666665,15.06472222222222,91.0,10000
3215,41.03638888888888,17.045,91.0,7900
3216,41.957499999999996,12.79972222222222,91.0,7900
3217,42.34027777777778,13.373888888888889,91.0,6300
3218,43.31444444444445,11.288611111111113,91.0,6300
3219,41.47361111111111,15.555555555555559,91.0,5000
3220,40.85333333333334,9.174999999999999,91.0,4000
3221,45.88444444444445,8.494444444444445,91.0,3200
3222,46.05166666666666,11.16722222222222,91.0,3200
3223,45.528888888888886,7.884722222222222,91.0,2500
3224,39.14472222222222,8.293333333333335,91.0,2500
3225,45.74583333333333,10.031111111111112,91.0,2500
3226,45.53527777777778,11.3175,91.0,2000
3227,44.12333333333334,10.11972222222222,91.0,2000
3228,38.16249999999999,13.359999999999998,91.0,1600
3229,45.9838888888889,8.42638888888889,91.0,1580
3230,44.32388888888889,8.478333333333333,91.0,1580
3231,43.426388888888894,11.741666666666665,91.0,1300
3232,38.81499999999999,16.306388888888893,91.0,1300
3233,46.61611111111111,10.550833333333332,91.0,1260
3234,46.05,11.334722222222222,91.0,1000
3235,45.75083333333333,10.805277777777777,91.0,1000
3236,46.70027777777778,11.131944444444445,91.0,1000
3237,41.63805555555556,15.915000000000003,91.0,790
3238,40.71999999999999,8.506944444444445,91.0,630
3239,46.24638888888889,11.240833333333331,91.0,500
3240,38.42805555555556,16.411388888888887,91.0,400
3241,45.426388888888894,7.615555555555554,91.0,400
3242,46.88888888888888,11.826666666666668,91.0,320
3243,45.65777777777778,10.175555555555553,91.0,300
3244,39.69472222222221,9.587222222222223,91.0,260
3245,36.85333333333334,14.760555555555554,91.0,250
3246,44.62083333333333,8.938888888888886,91.0,250
3247,42.66361111111111,13.687777777777779,91.0,250
3248,41.84111111111112,14.099444444444444,91.0,200
3249,46.29277777777778,10.75361111111111,91.0,160
3250,46.52277777777777,12.116666666666667,91.0,130
3251,45.64777777777777,9.952777777777776,91.0,100
3252,46.69777777777777,11.911666666666667,91.0,79
3253,45.84472222222223,10.96361111111111,91.0,79
3254,46.76777777777777,12.016944444444444,91.0,63
3255,40.56472222222221,15.64583333333333,91.0,63
3256,46.39138888888889,10.480000000000002,91.0,63
3257,46.541111111111114,10.165277777777776,91.0,60
3258,42.17611111111111,13.251666666666669,91.0,50
3259,44.078611111111115,11.605833333333333,91.0,50
3260,44.110277777777775,11.545277777777775,91.0,50
3261,40.38250000000001,15.543055555555553,91.0,50
3262,45.72722222222222,10.963888888888887,91.0,40
3263,42.61527777777777,13.351666666666665,91.0,20
3264,42.45472222222223,13.050277777777776,91.0,5
3265,39.10000000000001,16.091111111111115,91.0,0
3266,46.46361111111112,13.035833333333331,91.0,0
3267,38.147499999999994,15.226666666666665,91.0,0
3268,41.10083333333333,16.880277777777774,91.0,0
3269,39.65666666666667,15.875555555555554,91.0,0
3270,44.070555555555565,10.06472222222222,91.0,0
3271,39.78499999999999,16.29361111111111,91.0,0
3272,44.51583333333334,9.314444444444446,91.0,0
3273,40.80444444444444,16.40416666666666,91.0,0
3274,39.32472222222223,16.30972222222222,91.0,0
3275,39.32555555555555,16.311111111111114,91.0,0
3276,40.09583333333333,15.790277777777778,91.0,0
3277,42.40861111111111,11.15472222222222,91.0,0
3278,40.103055555555564,18.355833333333333,91.0,0
3279,40.321111111111115,9.336944444444445,91.0,0
3280,42.718333333333334,12.111388888888888,91.0,0
3281,39.39583333333332,16.086111111111105,91.0,0
3282,40.65083333333334,15.708611111111109,91.0,0
3283,43.400000000000006,10.477777777777776,91.0,0
3284,36.83583333333334,14.94777777777778,91.0,0
3285,38.5688888888889,15.989444444444445,91.0,0
3286,39.75666666666666,15.89361111111111,91.0,0
3287,44.07027777777778,12.132499999999999,91.1,100000
3288,40.660833333333336,17.286388888888887,91.1,100000
3289,37.619166666666665,13.608055555555554,91.1,100000
3290,43.19972222222223,13.319444444444446,91.1,63100
3291,45.56805555555555,7.9480555555555545,91.1,31600
3292,46.056111111111115,12.281666666666668,91.1,25100
3293,43.866666666666674,10.816666666666666,91.1,20000
3294,42.00111111111111,14.850833333333336,91.1,20000
3295,43.842777777777776,11.247499999999997,91.1,20000
3296,45.764722222222225,9.54861111111111,91.1,15800
3297,42.46000000000001,12.929722222222223,91.1,15800
3298,41.70361111111112,12.754722222222224,91.1,15800
3299,43.12555555555556,12.308055555555557,91.1,12600
3300,44.25944444444444,7.794166666666668,91.1,10000
3301,41.82749999999999,13.32722222222222,91.1,10000
3302,44.95944444444444,8.669166666666666,91.1,10000
3303,44.17305555555555,8.34416666666667,91.1,8000
3304,45.7438888888889,7.677777777777778,91.1,8000
3305,44.45444444444445,11.349444444444446,91.1,7900
3306,43.8975,8.060277777777777,91.1,7900
3307,39.445833333333326,16.332499999999996,91.1,7900
3308,45.80166666666667,9.071111111111113,91.1,6300
3309,45.848611111111104,9.85527777777778,91.1,4000
3310,44.4875,8.862777777777776,91.1,4000
3311,46.81111111111111,11.66277777777778,91.1,4000
3312,40.56555555555555,15.232222222222223,91.1,4000
3313,41.217499999999994,16.073333333333334,91.1,3200
3314,42.039444444444435,14.388611111111109,91.1,2500
3315,43.88805555555556,12.608333333333333,91.1,2500
3316,40.59361111111112,8.258055555555558,91.1,2000
3317,41.324444444444445,16.253055555555555,91.1,2000
3318,38.718333333333334,16.027499999999996,91.1,2000
3319,45.92611111111112,9.130555555555555,91.1,2000
3320,42.08138888888889,13.79972222222222,91.1,2000
3321,41.61194444444445,14.281666666666668,91.1,2000
3322,42.92138888888888,10.540555555555555,91.1,2000
3323,37.57055555555556,15.12138888888889,91.1,2000
3324,38.13249999999999,15.666388888888887,91.1,1800
3325,41.347500000000004,13.334999999999999,91.1,1600
3326,44.34944444444446,9.16722222222222,91.1,1600
3327,46.49527777777778,11.747777777777776,91.1,1580
3328,41.257777777777775,14.603888888888887,91.1,1580
3329,43.45194444444444,12.20583333333333,91.1,1300
3330,46.14916666666667,10.992499999999998,91.1,1260
3331,46.01944444444445,10.70472222222222,91.1,1260
3332,44.25277777777779,9.571666666666664,91.1,1000
3333,46.53944444444445,11.51277777777778,91.1,1000
3334,42.5336111111111,12.690833333333332,91.1,1000
3335,41.35499999999999,15.308333333333334,91.1,1000
3336,44.362500000000004,8.590555555555557,91.1,1000
3337,43.78583333333333,7.671944444444446,91.1,800
3338,44.19083333333332,8.020833333333334,91.1,800
3339,44.652222222222214,8.636666666666665,91.1,800
3340,40.83444444444444,15.407222222222222,91.1,800
3341,46.23944444444445,10.52138888888889,91.1,800
3342,40.63666666666666,9.723055555555554,91.1,800
3343,45.99750000000001,10.101388888888886,91.1,800
3344,42.832222222222235,13.581388888888888,91.1,790
3345,45.29944444444445,11.703888888888889,91.1,790
3346,43.833333333333336,10.833333333333334,91.1,500
3347,45.65,10.51666666666667,91.1,500
3348,46.410000000000004,12.762777777777776,91.1,400
3349,43.92388888888888,10.295833333333334,91.1,400
3350,38.34916666666667,16.290555555555557,91.1,400
3351,41.2936111111111,13.528888888888888,91.1,400
3352,40.015833333333326,15.881111111111112,91.1,400
3353,38.43944444444444,16.292777777777783,91.1,400
3354,42.4425,12.431388888888888,91.1,400
3355,40.81972222222223,15.503888888888886,91.1,400
3356,46.5688888888889,12.729444444444443,91.1,400
3357,44.30638888888888,10.343888888888888,91.1,400
3358,43.16944444444444,13.08,91.1,320
3359,39.085277777777776,16.806388888888886,91.1,320
3360,44.37666666666666,8.163333333333332,91.1,200
3361,42.19305555555556,13.771388888888891,91.1,160
3362,44.41333333333333,8.302777777777775,91.1,100
3363,46.461388888888884,11.030555555555559,91.1,100
3364,46.68027777777777,11.40638888888889,91.1,100
3365,45.787499999999994,9.514722222222224,91.1,79
3366,46.14277777777777,11.750555555555557,91.1,32
3367,42.101111111111116,13.087777777777779,91.1,32
3368,46.61055555555555,11.900555555555558,91.1,10
3369,46.18194444444444,10.371944444444445,91.1,2
3370,41.187222222222225,16.669444444444444,91.1,0
3371,37.92694444444444,15.262777777777778,91.1,0
3372,40.638888888888886,15.405277777777776,91.1,0
3373,40.85055555555555,14.43638888888889,91.1,0
3374,45.86555555555555,9.447777777777778,91.15,79400
3375,44.59527777777779,10.28833333333333,91.2,199500
3376,45.45861111111111,9.11111111111111,91.2,125900
3377,41.7561111111111,12.71,91.2,63100
3378,45.46194444444444,11.241111111111108,91.2,40000
3379,45.03055555555556,7.722777777777778,91.2,25100
3380,44.42972222222222,10.820277777777779,91.2,25100
3381,44.827222222222225,11.578055555555553,91.2,20000
3382,45.60083333333334,13.738611111111112,91.2,20000
3383,45.077777777777776,11.133333333333333,91.2,15800
3384,40.236666666666665,15.06472222222222,91.2,15800
3385,44.47888888888888,11.294444444444443,91.2,12600
3386,40.71361111111111,14.659444444444444,91.2,12600
3387,45.45666666666666,11.008888888888889,91.2,10000
3388,45.86805555555555,8.772777777777776,91.2,5000
3389,41.29555555555555,13.974166666666669,91.2,5000
3390,42.39638888888888,13.870000000000001,91.2,4000
3391,43.358333333333334,13.026666666666669,91.2,4000
3392,39.9286111111111,18.29111111111111,91.2,4000
3393,46.14027777777778,10.082777777777777,91.2,4000
3394,42.923611111111114,12.91138888888889,91.2,2600
3395,45.94222222222223,13.593055555555557,91.2,2000
3396,40.6013888888889,15.815277777777778,91.2,2000
3397,39.04722222222222,16.32638888888889,91.2,1600
3398,41.66555555555556,13.849166666666665,91.2,1600
3399,46.89249999999999,11.936666666666666,91.2,1580
3400,45.25194444444445,11.740555555555556,91.2,1300
3401,38.595,16.361111111111107,91.2,1000
3402,41.46305555555556,14.721388888888887,91.2,1000
3403,45.5636111111111,9.035,91.2,1000
3404,39.28333333333334,16.34444444444444,91.2,1000
3405,38.95500000000001,8.76472222222222,91.2,1000
3406,45.32555555555555,10.07777777777778,91.2,1000
3407,38.75472222222223,16.54527777777778,91.2,800
3408,45.88444444444445,10.874166666666667,91.2,790
3409,38.62305555555557,16.022222222222222,91.2,400
3410,40.41916666666667,15.674722222222224,91.2,400
3411,43.928333333333335,7.844444444444443,91.2,400
3412,38.21805555555555,16.0425,91.2,400
3413,43.319722222222225,11.331944444444442,91.2,400
3414,38.595,16.361111111111107,91.2,320
3415,40.93333333333334,15.298055555555555,91.2,250
3416,45.63416666666666,10.857777777777779,91.2,200
3417,46.87583333333333,11.426666666666668,91.2,200
3418,46.153888888888886,13.570555555555556,91.2,200
3419,46.74111111111111,12.253888888888891,91.2,200
3420,45.9375,11.914166666666667,91.2,160
3421,41.9638888888889,13.012777777777778,91.2,160
3422,41.80944444444445,14.486666666666666,91.2,160
3423,46.46777777777778,11.295555555555556,91.2,150
3424,45.77277777777778,9.420277777777779,91.2,100
3425,41.85999999999999,13.097499999999998,91.2,63
3426,46.04277777777778,9.401666666666669,91.2,50
3427,46.405277777777776,13.307222222222226,91.2,50
3428,45.57361111111112,8.55388888888889,91.2,50
3429,42.50777777777777,13.221944444444444,91.2,50
3430,36.8111111111111,14.71111111111111,91.2,50
3431,44.20277777777779,7.581666666666665,91.2,40
3432,43.47888888888888,11.114166666666664,91.2,32
3433,41.16638888888889,14.596944444444446,91.2,32
3434,41.788333333333334,14.111666666666665,91.2,25
3435,41.80944444444445,14.486666666666666,91.2,25
3436,39.65666666666667,15.875555555555554,91.2,0
3437,44.488611111111105,9.767777777777779,91.2,0
3438,39.01333333333334,16.21777777777778,91.2,0
3439,39.44083333333334,8.503611111111109,91.2,0
3440,40.14083333333334,15.773333333333335,91.2,0
3441,40.933611111111105,14.724444444444446,91.2,0
3442,40.16333333333333,15.365833333333333,91.2,0
3443,38.12444444444445,14.761111111111113,91.2,0
3444,38.12388888888889,12.745000000000001,91.2,0
3445,45.72527777777779,10.500833333333333,91.2,0
3446,42.70555555555555,11.978888888888891,91.25,400
3447,45.764722222222225,9.54861111111111,91.3,398100
3448,45.793055555555554,11.66277777777778,91.3,251200
3449,40.158055555555556,8.629722222222224,91.3,158800
3450,45.54472222222223,10.276944444444446,91.3,125900
3451,45.55027777777778,7.919999999999999,91.3,31600
3452,44.97166666666667,8.650277777777779,91.3,25100
3453,42.273611111111116,12.946666666666667,91.3,25100
3454,40.85999999999999,14.20027777777778,91.3,20000
3455,43.00083333333334,12.061666666666667,91.3,20000
3456,42.40861111111111,11.15472222222222,91.3,15800
3457,43.70583333333334,11.373333333333335,91.3,15800
3458,43.917777777777786,10.29472222222222,91.3,12600
3459,42.97083333333333,13.865833333333335,91.3,12600
3460,41.901944444444446,15.65111111111111,91.3,10000
3461,40.04666666666666,15.47,91.3,8000
3462,41.11361111111112,16.34666666666666,91.3,7900
3463,41.47333333333334,15.510555555555557,91.3,7900
3464,42.178888888888885,14.113055555555556,91.3,6300
3465,42.038611111111116,13.394166666666667,91.3,5000
3466,46.00527777777778,12.430833333333334,91.3,5000
3467,38.16666666666667,14.911111111111108,91.3,5000
3468,38.16499999999999,13.355277777777777,91.3,5000
3469,45.19361111111111,10.812500000000002,91.3,5000
3470,44.42472222222221,8.936666666666666,91.3,4000
3471,45.899722222222216,11.115277777777777,91.3,4000
3472,37.21194444444444,14.547500000000003,91.3,2500
3473,46.53222222222223,13.36361111111111,91.3,2500
3474,46.110277777777775,8.320277777777777,91.3,2500
3475,43.76583333333333,12.994722222222219,91.3,2000
3476,44.30638888888888,9.376666666666665,91.3,2000
3477,45.73222222222223,9.686666666666664,91.3,2000
3478,46.472500000000004,10.352500000000001,91.3,2000
3479,45.78305555555555,9.800555555555556,91.3,1600
3480,40.677499999999995,14.7825,91.3,1600
3481,40.67833333333334,15.596944444444446,91.3,1580
3482,44.07083333333333,10.06472222222222,91.3,1580
3483,43.19777777777778,12.742500000000001,91.3,1300
3484,46.15944444444445,9.56777777777778,91.3,1000
3485,42.581388888888895,12.990277777777775,91.3,1000
3486,45.446388888888876,8.626944444444444,91.3,1000
3487,40.91722222222221,15.736111111111112,91.3,1000
3488,43.70000000000001,12.596944444444446,91.3,1000
3489,44.24388888888889,11.508333333333336,91.3,800
3490,37.92666666666667,14.344444444444447,91.3,800
3491,45.613333333333344,7.8069444444444445,91.3,800
3492,45.61444444444445,7.678888888888888,91.3,800
3493,37.09333333333334,15.204444444444446,91.3,800
3494,43.611111111111114,11.761111111111108,91.3,800
3495,46.14388888888888,11.037222222222221,91.3,790
3496,45.80083333333333,9.68361111111111,91.3,790
3497,37.51666666666667,15.0,91.3,600
3498,45.84972222222222,11.919999999999998,91.3,500
3499,40.36055555555556,18.157222222222224,91.3,500
3500,40.676666666666655,16.620277777777783,91.3,500
3501,38.22222222222222,15.238888888888887,91.3,500
3502,45.9136111111111,10.296388888888888,91.3,400
3503,44.31694444444445,7.448055555555555,91.3,400
3504,39.063333333333325,16.280277777777776,91.3,400
3505,43.88222222222222,11.550555555555555,91.3,400
3506,44.69694444444445,9.599166666666669,91.3,400
3507,44.56277777777778,7.272499999999999,91.3,400
3508,45.16499999999999,7.033055555555556,91.3,400
3509,46.62833333333334,11.021388888888888,91.3,400
3510,44.345833333333346,9.855833333333333,91.3,400
3511,46.24333333333333,13.257777777777775,91.3,400
3512,41.31805555555556,13.214444444444442,91.3,400
3513,46.38638888888888,12.258333333333335,91.3,400
3514,44.20361111111111,11.214166666666666,91.3,320
3515,46.63055555555555,11.663055555555557,91.3,320
3516,45.706111111111106,8.280277777777776,91.3,250
3517,46.580555555555556,11.092777777777778,91.3,250
3518,44.99694444444445,9.007500000000002,91.3,250
3519,46.69777777777777,11.911666666666667,91.3,200
3520,41.71027777777777,14.134166666666664,91.3,200
3521,37.75305555555555,13.569444444444443,91.3,200
3522,46.279166666666654,12.013055555555555,91.3,160
3523,44.87333333333333,8.248055555555556,91.3,160
3524,37.56666666666668,14.685555555555556,91.3,130
3525,44.53444444444444,8.687222222222223,91.3,100
3526,46.38999999999999,11.506666666666668,91.3,100
3527,40.36750000000001,9.666944444444445,91.3,100
3528,42.23444444444444,13.486388888888888,91.3,100
3529,42.64194444444444,13.692777777777776,91.3,79
3530,42.358333333333334,12.971944444444443,91.3,50
3531,44.952777777777776,6.885555555555555,91.3,50
3532,40.215277777777786,15.0,91.3,45
3533,46.26916666666666,9.843611111111112,91.3,40
3534,42.13722222222223,13.47861111111111,91.3,32
3535,40.52361111111111,15.508055555555554,91.3,32
3536,45.76416666666667,6.986666666666666,91.3,32
3537,38.03527777777777,12.581111111111111,91.3,5
3538,36.927499999999995,15.0825,91.3,0
3539,41.0925,16.917222222222225,91.3,0
3540,38.59583333333334,16.362500000000004,91.3,0
3541,40.56805555555555,15.49638888888889,91.3,0
3542,38.18944444444445,15.72027777777778,91.3,0
3543,37.58805555555556,14.27611111111111,91.3,0
3544,43.750277777777775,10.55388888888889,91.3,0
3545,41.88972222222222,13.405,91.3,0
3546,39.83777777777779,16.368333333333336,91.3,0
3547,40.80444444444444,16.40416666666666,91.3,0
3548,41.22777777777778,9.408333333333335,91.3,0
3549,45.525000000000006,9.191666666666666,91.3,0
3550,38.2663888888889,16.050833333333337,91.3,0
3551,37.88888888888888,14.06388888888889,91.3,0
3552,43.21861111111111,13.174166666666668,91.3,0
3553,45.3111111111111,8.75277777777778,91.3,0
3554,44.26694444444444,7.805555555555556,91.35,12600
3555,40.341666666666676,16.357500000000005,91.35,0
3556,40.341666666666676,16.357500000000005,91.35,0
3557,41.698055555555555,13.024444444444446,91.4,251200
3558,44.352777777777774,11.48722222222222,91.4,125900
3559,43.03777777777778,12.666666666666668,91.4,63200
3560,41.16583333333333,13.916666666666668,91.4,63100
3561,46.011944444444445,12.371666666666668,91.4,39800
3562,44.57055555555556,10.686388888888887,91.4,39800
3563,43.608055555555566,13.408333333333335,91.4,31600
3564,43.843055555555566,11.24722222222222,91.4,31600
3565,41.46972222222223,12.628333333333334,91.4,20000
3566,45.83027777777779,8.529444444444447,91.4,20000
3567,42.43555555555556,14.235277777777778,91.4,20000
3568,41.69777777777777,13.024444444444446,91.4,20000
3569,41.943333333333335,12.808055555555558,91.4,15800
3570,40.968611111111116,8.201666666666664,91.4,12600
3571,45.01416666666666,8.505277777777778,91.4,10000
3572,41.69583333333332,13.311944444444446,91.4,6300
3573,41.723333333333336,14.89111111111111,91.4,6300
3574,40.975277777777784,16.917222222222225,91.4,6300
3575,38.95250000000001,16.50027777777778,91.4,6300
3576,43.05,9.833333333333334,91.4,5000
3577,42.34027777777778,13.373888888888889,91.4,5000
3578,43.918888888888894,12.531388888888891,91.4,5000
3579,40.73055555555556,17.54944444444445,91.4,5000
3580,43.80111111111112,7.733333333333334,91.4,5000
3581,46.02111111111111,11.848611111111111,91.4,4000
3582,43.54194444444443,13.597777777777779,91.4,3200
3583,41.67166666666667,13.62861111111111,91.4,3200
3584,42.822222222222216,13.60222222222222,91.4,3200
3585,37.990277777777784,16.011944444444445,91.4,3200
3586,42.5336111111111,12.690833333333332,91.4,3200
3587,44.76638888888889,10.881666666666666,91.4,2500
3588,44.43138888888888,10.990833333333335,91.4,2500
3589,40.95055555555556,17.301388888888887,91.4,2000
3590,40.14,15.771111111111114,91.4,1600
3591,41.61194444444445,14.281666666666668,91.4,1300
3592,40.566388888888895,15.233055555555554,91.4,1300
3593,40.84111111111112,15.262777777777778,91.4,1300
3594,40.83555555555555,9.702499999999999,91.4,1260
3595,37.61722222222222,15.165833333333335,91.4,1000
3596,45.80166666666667,9.071111111111113,91.4,1000
3597,44.598055555555554,9.929166666666669,91.4,1000
3598,43.94666666666666,11.143611111111111,91.4,1000
3599,46.751111111111115,12.034722222222223,91.4,800
3600,45.82361111111111,10.053055555555558,91.4,790
3601,44.73833333333334,8.02638888888889,91.4,790
3602,40.603333333333325,17.15472222222222,91.4,790
3603,46.06638888888888,10.740277777777779,91.4,790
3604,45.943333333333335,9.672222222222219,91.4,640
3605,41.83472222222223,14.058888888888891,91.4,630
3606,45.986111111111114,11.303333333333335,91.4,500
3607,39.82527777777778,16.16138888888889,91.4,400
3608,40.06305555555556,18.14388888888889,91.4,400
3609,45.76194444444445,8.097499999999998,91.4,400
3610,46.50722222222222,13.570833333333333,91.4,400
3611,43.89444444444444,8.022777777777778,91.4,320
3612,45.96111111111111,9.256944444444445,91.4,250
3613,41.92027777777777,14.299166666666668,91.4,250
3614,44.62083333333333,8.938888888888886,91.4,250
3615,45.72722222222222,7.265833333333334,91.4,250
3616,46.2525,11.502500000000001,91.4,200
3617,46.158888888888896,13.501388888888888,91.4,200
3618,46.81583333333334,11.177499999999998,91.4,160
3619,46.9688888888889,11.561388888888889,91.4,100
3620,37.82777777777778,14.874166666666667,91.4,79
3621,40.79,17.322222222222223,91.4,63
3622,46.58166666666666,11.896944444444445,91.4,50
3623,40.22861111111112,16.366388888888896,91.4,40
3624,46.456111111111106,11.521666666666667,91.4,32
3625,41.20611111111111,13.575277777777776,91.4,25
3626,40.80694444444445,15.774166666666668,91.4,20
3627,40.78638888888889,17.23583333333333,91.4,10
3628,43.20333333333334,13.077777777777776,91.4,0
3629,39.04694444444445,16.32611111111111,91.4,0
3630,46.18194444444444,10.371944444444445,91.4,0
3631,39.32555555555555,16.311111111111114,91.4,0
3632,43.93722222222222,12.217500000000001,91.4,0
3633,40.93388888888889,14.724444444444446,91.4,0
3634,45.48027777777778,9.199444444444445,91.4,0
3635,40.25583333333333,15.02111111111111,91.4,0
3636,40.89472222222223,12.96638888888889,91.4,0
3637,40.609166666666674,15.810555555555558,91.4,0
3638,45.65583333333333,10.419444444444443,91.4,0
3639,40.638888888888886,15.405277777777776,91.4,0
3640,41.36694444444445,13.72166666666667,91.4,0
3641,44.261111111111106,9.744444444444444,91.4,0
3642,42.69888888888888,12.101944444444445,91.45,320
3643,42.0,12.100000000000001,91.45,0
3644,41.3613888888889,13.259722222222221,91.5,199500
3645,44.43416666666666,8.564722222222223,91.5,79600
3646,45.766666666666666,9.558055555555557,91.5,79400
3647,44.90472222222222,9.549166666666665,91.5,63100
3648,45.50777777777777,11.285833333333333,91.5,50100
3649,45.66888888888888,10.77388888888889,91.5,31600
3650,46.40444444444444,11.29138888888889,91.5,25200
3651,45.67333333333333,13.799166666666666,91.5,25000
3652,43.471388888888896,11.974722222222224,91.5,15800
3653,41.565,15.117222222222223,91.5,15800
3654,45.45666666666666,11.009166666666665,91.5,15800
3655,37.50027777777778,14.057777777777778,91.5,12600
3656,45.16249999999999,8.262500000000001,91.5,12600
3657,41.919444444444444,12.448888888888886,91.5,10000
3658,40.19416666666667,16.424722222222226,91.5,7900
3659,45.03111111111111,7.7233333333333345,91.5,7900
3660,40.71361111111111,14.659444444444444,91.5,7900
3661,41.32722222222223,13.288611111111113,91.5,6400
3662,42.362500000000004,12.176944444444443,91.5,6300
3663,40.76527777777778,16.766111111111112,91.5,6300
3664,36.89166666666667,14.773055555555558,91.5,5000
3665,41.346111111111114,14.695555555555558,91.5,5000
3666,43.86416666666666,12.91472222222222,91.5,5000
3667,42.79555555555556,11.163055555555555,91.5,4000
3668,41.70833333333334,15.947499999999998,91.5,4000
3669,42.19833333333333,13.130277777777778,91.5,4000
3670,37.306111111111115,13.596666666666664,91.5,3200
3671,38.044444444444444,13.163333333333332,91.5,3200
3672,37.51749999999999,13.11111111111111,91.5,3200
3673,42.46000000000001,12.929722222222223,91.5,2500
3674,44.58555555555556,10.466111111111111,91.5,2500
3675,40.15083333333333,18.47333333333333,91.5,2000
3676,38.15861111111111,14.855833333333333,91.5,2000
3677,45.68611111111111,10.025555555555554,91.5,2000
3678,37.61111111111111,13.501944444444447,91.5,2000
3679,43.79472222222222,7.590555555555555,91.5,2000
3680,39.1575,8.965277777777777,91.5,1600
3681,45.42888888888888,10.726111111111113,91.5,1600
3682,46.085277777777776,11.145555555555557,91.5,1600
3683,36.787777777777784,14.895555555555555,91.5,1580
3684,46.16666666666667,11.833055555555557,91.5,1580
3685,46.315277777777766,9.370277777777776,91.5,1580
3686,45.65749999999999,10.174444444444445,91.5,1260
3687,44.446666666666665,10.434722222222224,91.5,1260
3688,37.94111111111111,15.265833333333331,91.5,1260
3689,45.86555555555555,9.447777777777778,91.5,1000
3690,40.67555555555555,16.620277777777783,91.5,1000
3691,38.13249999999999,15.66611111111111,91.5,1000
3692,42.72777777777778,13.975000000000001,91.5,1000
3693,44.82472222222222,9.982499999999998,91.5,1000
3694,37.92777777777777,14.966666666666667,91.5,1000
3695,38.943055555555546,8.805277777777777,91.5,1000
3696,41.870277777777765,16.157222222222224,91.5,1000
3697,41.0925,16.917222222222225,91.5,800
3698,44.210555555555565,11.794166666666667,91.5,800
3699,44.106111111111105,9.779722222222224,91.5,800
3700,46.95972222222223,11.902777777777779,91.5,800
3701,40.19333333333333,15.895277777777777,91.5,800
3702,43.87888888888889,12.137222222222222,91.5,800
3703,46.4125,11.013333333333332,91.5,790
3704,43.682500000000005,12.821666666666665,91.5,630
3705,41.115833333333335,16.500000000000004,91.5,630
3706,40.022222222222226,18.426666666666666,91.5,500
3707,45.75472222222223,9.374166666666666,91.5,500
3708,39.17916666666667,16.33916666666667,91.5,500
3709,39.51666666666667,8.594444444444443,91.5,400
3710,45.776388888888896,9.83527777777778,91.5,400
3711,45.88888888888888,9.926388888888887,91.5,400
3712,43.89388888888889,11.454444444444443,91.5,400
3713,46.553333333333335,11.79972222222222,91.5,400
3714,44.0625,10.945277777777775,91.5,400
3715,41.389722222222225,13.803888888888892,91.5,400
3716,39.44361111111111,9.568055555555556,91.5,400
3717,38.59611111111111,16.36472222222222,91.5,320
3718,43.98333333333334,11.794722222222221,91.5,320
3719,38.346666666666664,15.84138888888889,91.5,250
3720,46.301111111111105,13.131666666666668,91.5,200
3721,39.88388888888889,15.97611111111111,91.5,200
3722,36.9136111111111,14.568888888888887,91.5,200
3723,40.67722222222221,14.782222222222224,91.5,200
3724,45.62777777777777,9.419444444444443,91.5,160
3725,45.9025,8.904722222222224,91.5,160
3726,46.04333333333334,11.645555555555553,91.5,100
3727,35.50888888888888,12.617500000000001,91.5,100
3728,45.513888888888886,9.867222222222225,91.5,100
3729,45.75083333333333,10.805277777777777,91.5,32
3730,37.76277777777778,13.170277777777777,91.5,30
3731,41.01055555555555,14.448333333333332,91.5,1
3732,45.72527777777779,10.500833333333333,91.5,1
3733,39.557222222222215,15.896666666666668,91.5,0
3734,39.26555555555556,16.76027777777778,91.5,0
3735,38.00666666666667,14.034722222222223,91.5,0
3736,38.23611111111111,16.259722222222226,91.5,0
3737,40.400000000000006,17.644444444444442,91.5,0
3738,38.028611111111104,13.484166666666667,91.5,0
3739,39.28583333333334,16.97944444444444,91.5,0
3740,39.632777777777775,15.985833333333332,91.5,0
3741,40.23611111111111,15.069444444444445,91.5,0
3742,45.619166666666665,10.452499999999997,91.5,0
3743,42.92305555555556,13.555277777777777,91.6,63100
3744,40.67083333333333,14.474444444444444,91.6,39800
3745,45.92305555555556,12.025833333333331,91.6,32000
3746,45.255,11.667499999999999,91.6,31600
3747,45.787499999999994,9.099444444444444,91.6,31600
3748,45.352777777777774,10.568888888888887,91.6,20000
3749,43.362222222222215,13.192222222222226,91.6,20000
3750,42.30944444444444,13.853055555555557,91.6,15800
3751,45.55027777777778,7.919999999999999,91.6,15800
3752,41.49194444444445,13.079722222222223,91.6,15800
3753,45.78277777777778,9.896944444444445,91.6,12600
3754,43.75000000000001,10.553611111111113,91.6,10000
3755,41.723333333333336,14.89111111111111,91.6,10000
3756,37.69861111111111,14.993611111111111,91.6,7900
3757,44.886388888888895,10.865833333333335,91.6,7900
3758,41.11916666666667,16.524166666666666,91.6,7900
3759,42.11944444444444,14.235833333333334,91.6,6300
3760,40.96694444444445,14.594722222222225,91.6,5000
3761,40.6475,17.94583333333333,91.6,5000
3762,40.36500000000001,18.207499999999996,91.6,5000
3763,40.32305555555557,9.372777777777781,91.6,4000
3764,40.60555555555556,15.812500000000002,91.6,4000
3765,42.05388888888888,13.728055555555558,91.6,3200
3766,44.070555555555565,10.06472222222222,91.6,2500
3767,45.776388888888896,9.224999999999998,91.6,2000
3768,40.25555555555556,15.021388888888888,91.6,2000
3769,45.61444444444445,10.88888888888889,91.6,1600
3770,45.62250000000001,8.360555555555557,91.6,1600
3771,46.15111111111111,9.279444444444445,91.6,1600
3772,41.22777777777778,9.408333333333335,91.6,1600
3773,40.88833333333332,15.086388888888889,91.6,1580
3774,45.41583333333333,7.6272222222222235,91.6,1300
3775,43.19777777777778,12.742500000000001,91.6,1300
3776,38.97611111111111,16.294999999999998,91.6,1300
3777,44.10583333333334,9.764444444444443,91.6,1300
3778,45.65472222222222,11.292499999999999,91.6,1300
3779,39.49444444444445,16.383333333333333,91.6,1000
3780,46.16749999999999,9.613055555555553,91.6,1000
3781,43.0313888888889,12.88888888888889,91.6,1000
3782,46.43305555555555,11.667777777777776,91.6,1000
3783,46.827222222222225,11.685833333333333,91.6,790
3784,46.53944444444445,11.51277777777778,91.6,640
3785,45.7375,11.281388888888891,91.6,640
3786,43.79333333333332,10.558055555555557,91.6,630
3787,46.74111111111111,12.253888888888891,91.6,630
3788,45.88888888888888,10.193055555555556,91.6,500
3789,46.196111111111115,11.160277777777779,91.6,500
3790,44.07138888888889,11.869722222222224,91.6,500
3791,41.84111111111112,14.099444444444444,91.6,500
3792,45.76361111111112,9.424166666666668,91.6,400
3793,45.53444444444444,10.991111111111111,91.6,400
3794,45.683611111111105,7.852500000000001,91.6,400
3795,45.84916666666666,10.884166666666667,91.6,400
3796,42.922777777777775,10.540555555555555,91.6,400
3797,46.5238888888889,13.001666666666667,91.6,320
3798,45.67777777777777,10.850833333333336,91.6,320
3799,46.60972222222223,10.91277777777778,91.6,320
3800,46.87583333333333,11.426666666666668,91.6,200
3801,46.74111111111111,12.253888888888891,91.6,200
3802,39.04722222222222,16.32638888888889,91.6,160
3803,46.0,8.344444444444441,91.6,160
3804,45.81,7.579166666666667,91.6,160
3805,46.65972222222223,11.903055555555556,91.6,150
3806,39.07194444444444,16.13083333333333,91.6,130
3807,46.24083333333333,12.987777777777776,91.6,130
3808,38.15944444444445,13.349444444444446,91.6,100
3809,42.04305555555555,13.094444444444445,91.6,100
3810,41.91694444444445,13.12027777777778,91.6,100
3811,45.70444444444444,8.266111111111108,91.6,79
3812,45.85750000000001,11.654444444444445,91.6,79
3813,44.718055555555566,8.85611111111111,91.6,63
3814,46.26916666666666,9.843611111111112,91.6,50
3815,44.30166666666666,9.213888888888889,91.6,50
3816,45.51444444444444,11.280833333333335,91.6,40
3817,40.52305555555556,15.508611111111113,91.6,32
3818,46.519166666666656,12.495,91.6,25
3819,42.55305555555555,13.096111111111114,91.6,20
3820,45.96055555555555,9.460555555555553,91.6,0
3821,46.35111111111111,11.960555555555556,91.6,0
3822,40.84027777777777,17.32527777777778,91.6,0
3823,45.13888888888889,7.071666666666667,91.6,0
3824,42.231944444444444,12.590277777777777,91.6,0
3825,39.22305555555556,16.253888888888884,91.6,0
3826,41.46666666666667,13.194444444444443,91.6,0
3827,42.76111111111111,12.82361111111111,91.6,0
3828,42.645277777777785,13.71111111111111,91.6,0
3829,45.43444444444443,8.727777777777776,91.6,0
3830,39.65666666666667,15.875555555555554,91.6,0
3831,45.54472222222223,10.276944444444446,91.7,158500
3832,38.48944444444445,14.9325,91.7,100000
3833,41.91916666666666,12.445555555555556,91.7,100000
3834,44.46194444444444,11.345277777777778,91.7,63100
3835,41.7113888888889,15.676944444444446,91.7,40000
3836,45.74722222222223,11.491388888888887,91.7,39800
3837,43.90555555555556,12.263333333333334,91.7,39800
3838,43.00083333333334,12.065555555555557,91.7,31600
3839,45.73222222222223,9.686388888888887,91.7,31600
3840,43.70583333333334,11.373055555555558,91.7,31600
3841,41.697222222222216,15.785555555555558,91.7,31600
3842,41.697222222222216,15.785555555555558,91.7,31600
3843,41.121111111111105,16.866388888888885,91.7,20000
3844,46.096111111111114,12.305000000000003,91.7,15800
3845,45.45666666666666,11.009166666666665,91.7,15800
3846,43.54194444444443,13.597777777777779,91.7,10000
3847,41.11333333333333,16.86111111111111,91.7,10000
3848,42.37194444444444,12.235555555555557,91.7,10000
3849,38.74611111111111,16.498333333333335,91.7,10000
3850,42.50777777777777,13.221944444444444,91.7,10000
3851,43.86944444444445,7.7425,91.7,10000
3852,44.26833333333334,7.791944444444443,91.7,7900
3853,43.13249999999999,12.320555555555554,91.7,7900
3854,45.8836111111111,13.536666666666665,91.7,7900
3855,45.970000000000006,8.61138888888889,91.7,6400
3856,44.12333333333334,10.120555555555558,91.7,6300
3857,37.81666666666668,15.250000000000002,91.7,6300
3858,45.80444444444444,8.842777777777776,91.7,6300
3859,41.00472222222222,16.91666666666667,91.7,5000
3860,40.681666666666665,17.28416666666667,91.7,5000
3861,39.084722222222226,8.413055555555555,91.7,5000
3862,43.94666666666666,11.143611111111111,91.7,4000
3863,37.990277777777784,16.011944444444445,91.7,3200
3864,40.06305555555556,18.144166666666667,91.7,2500
3865,45.92611111111112,9.130555555555555,91.7,2000
3866,43.33833333333333,11.174722222222222,91.7,2000
3867,39.22361111111111,9.11611111111111,91.7,1600
3868,45.88277777777777,10.990833333333335,91.7,1600
3869,46.085277777777776,11.145555555555557,91.7,1600
3870,46.345000000000006,12.149166666666664,91.7,1580
3871,44.17777777777777,10.405833333333335,91.7,1580
3872,41.45583333333334,14.735555555555553,91.7,1300
3873,43.45194444444444,12.20583333333333,91.7,1300
3874,42.4425,12.431388888888888,91.7,1300
3875,41.05194444444445,15.234999999999998,91.7,1300
3876,43.83027777777779,11.970000000000002,91.7,1260
3877,41.65277777777777,13.472222222222223,91.7,1000
3878,40.44722222222222,15.713055555555554,91.7,1000
3879,43.72777777777778,12.633333333333335,91.7,1000
3880,41.88666666666666,15.959166666666665,91.7,1000
3881,45.98666666666667,11.20583333333333,91.7,800
3882,40.14083333333334,15.774444444444445,91.7,800
3883,40.06750000000001,16.01666666666667,91.7,800
3884,40.68944444444444,14.64388888888889,91.7,800
3885,39.69972222222222,8.881388888888889,91.7,800
3886,46.476944444444456,10.350833333333334,91.7,800
3887,42.70833333333334,13.102500000000001,91.7,640
3888,43.09444444444444,10.55,91.7,630
3889,40.90583333333333,8.767222222222225,91.7,500
3890,43.30055555555555,12.893333333333333,91.7,500
3891,46.03111111111111,10.36611111111111,91.7,500
3892,44.41805555555556,12.224166666666667,91.7,500
3893,46.38666666666667,13.248888888888889,91.7,500
3894,45.77861111111111,7.332500000000001,91.7,500
3895,40.71999999999999,8.506944444444445,91.7,500
3896,43.923333333333325,7.669444444444444,91.7,400
3897,46.39750000000001,12.593055555555557,91.7,400
3898,38.19444444444444,15.500000000000002,91.7,400
3899,39.90805555555556,8.593055555555557,91.7,400
3900,46.461388888888884,11.030555555555559,91.7,400
3901,46.25138888888889,12.744166666666663,91.7,400
3902,46.28027777777778,11.569722222222225,91.7,400
3903,46.03527777777777,10.904444444444447,91.7,320
3904,37.74527777777777,12.898888888888889,91.7,250
3905,46.49972222222223,11.101666666666668,91.7,250
3906,44.56333333333333,8.871944444444447,91.7,250
3907,46.79972222222223,10.523888888888889,91.7,200
3908,43.81083333333333,10.389444444444445,91.7,200
3909,41.070555555555565,14.373333333333335,91.7,130
3910,46.481944444444444,13.09638888888889,91.7,100
3911,39.93805555555556,9.538888888888886,91.7,100
3912,46.65027777777777,11.350833333333334,91.7,100
3913,46.65027777777777,11.350833333333334,91.7,100
3914,46.241388888888885,10.519722222222223,91.7,79
3915,41.65666666666667,13.103888888888891,91.7,50
3916,45.85527777777777,9.686666666666664,91.7,50
3917,41.608055555555566,14.120833333333335,91.7,40
3918,46.38999999999999,11.506666666666668,91.7,32
3919,45.74555555555556,7.070833333333334,91.7,16
3920,38.07027777777778,13.290833333333335,91.7,10
3921,38.12166666666668,13.148888888888887,91.7,0
3922,40.58194444444445,17.2475,91.7,0
3923,45.48027777777778,9.199444444444445,91.7,0
3924,41.10000000000001,14.578055555555553,91.7,0
3925,40.677499999999995,14.7825,91.7,0
3926,45.513888888888886,11.280555555555553,91.75,39800
3927,36.85361111111111,14.760833333333336,91.75,5000
3928,41.30361111111111,13.944999999999999,91.75,300
3929,46.006944444444436,12.43638888888889,91.8,79400
3930,45.58555555555556,13.782222222222224,91.8,63100
3931,45.87972222222223,8.451111111111112,91.8,63100
3932,41.910833333333336,13.114444444444446,91.8,63100
3933,37.03083333333333,14.716111111111113,91.8,50100
3934,44.661388888888894,8.156666666666666,91.8,31600
3935,45.01361111111111,7.701388888888888,91.8,31600
3936,42.45111111111112,12.983888888888886,91.8,31600
3937,42.039444444444435,14.388611111111109,91.8,25100
3938,42.40861111111111,11.15472222222222,91.8,25100
3939,45.078611111111115,7.767777777777777,91.8,25100
3940,43.660833333333336,13.216944444444445,91.8,15800
3941,45.75722222222221,9.415833333333332,91.8,10000
3942,43.055277777777775,11.808333333333335,91.8,7900
3943,43.426388888888894,11.741666666666665,91.8,6300
3944,46.19694444444444,12.99611111111111,91.8,6300
3945,45.782222222222224,9.80027777777778,91.8,5000
3946,44.667222222222215,12.243611111111113,91.8,5000
3947,45.826666666666675,9.276666666666669,91.8,5000
3948,44.06750000000001,9.816388888888891,91.8,5000
3949,40.65833333333333,14.933611111111112,91.8,5000
3950,41.644166666666656,13.868055555555557,91.8,5000
3951,46.190277777777766,10.211111111111109,91.8,5000
3952,40.80444444444444,16.40416666666666,91.8,4000
3953,45.76138888888888,10.81611111111111,91.8,4000
3954,39.575833333333335,16.649444444444445,91.8,4000
3955,42.97083333333333,13.865833333333335,91.8,3200
3956,40.702777777777776,14.531666666666668,91.8,3200
3957,45.94583333333334,10.659166666666668,91.8,3200
3958,45.56388888888889,9.978611111111114,91.8,2500
3959,46.70027777777778,11.131944444444445,91.8,2500
3960,39.39916666666667,16.086111111111105,91.8,2000
3961,44.651666666666664,8.636944444444442,91.8,2000
3962,44.80138888888889,10.32638888888889,91.8,2000
3963,41.70361111111112,12.754722222222224,91.8,2000
3964,41.4913888888889,13.270833333333334,91.8,1260
3965,39.84666666666668,16.092222222222222,91.8,1000
3966,39.88444444444445,15.976944444444445,91.8,1000
3967,46.26916666666666,11.245277777777776,91.8,1000
3968,40.235,16.189166666666672,91.8,1000
3969,42.5336111111111,12.690833333333332,91.8,1000
3970,41.31777777777777,13.214444444444442,91.8,1000
3971,40.67083333333333,15.912222222222221,91.8,1000
3972,45.62222222222222,7.696111111111112,91.8,800
3973,41.13000000000001,16.54527777777778,91.8,700
3974,39.672222222222224,15.852777777777776,91.8,640
3975,46.81583333333334,11.177499999999998,91.8,640
3976,43.939166666666665,11.64333333333333,91.8,640
3977,42.53222222222223,12.747499999999999,91.8,640
3978,45.763888888888886,11.017500000000004,91.8,630
3979,40.933611111111105,14.724444444444446,91.8,600
3980,45.8161111111111,9.096666666666668,91.8,500
3981,46.150000000000006,13.526944444444448,91.8,400
3982,46.38638888888888,12.258333333333335,91.8,400
3983,40.55305555555555,14.225833333333334,91.8,250
3984,37.36472222222222,13.844166666666666,91.8,250
3985,46.9688888888889,11.561388888888889,91.8,250
3986,37.95444444444444,12.963888888888887,91.8,200
3987,46.98972222222223,11.498611111111112,91.8,158
3988,40.56666666666668,8.327777777777778,91.8,100
3989,43.180277777777775,12.905833333333332,91.8,100
3990,38.05,13.383333333333335,91.8,79
3991,37.69694444444445,13.030555555555559,91.8,79
3992,37.82027777777779,13.571666666666664,91.8,79
3993,37.99805555555556,13.47388888888889,91.8,50
3994,37.97694444444445,13.699166666666665,91.8,50
3995,46.58833333333333,11.891666666666664,91.8,32
3996,42.22527777777778,13.84388888888889,91.8,25
3997,40.56805555555555,15.49638888888889,91.8,25
3998,44.93611111111111,6.762500000000001,91.8,20
3999,41.19444444444444,14.46111111111111,91.8,16
4000,38.15944444444445,13.349444444444446,91.8,8
4001,39.53944444444445,16.37472222222222,91.8,0
4002,39.580833333333345,15.96,91.8,0
4003,45.2111111111111,12.27138888888889,91.8,0
4004,38.89777777777778,8.862222222222222,91.8,0
4005,38.7861111111111,16.292777777777783,91.8,0
4006,43.12416666666666,12.875277777777777,91.8,0
4007,38.345833333333346,15.845000000000002,91.8,0
4008,36.77916666666667,12.00388888888889,91.8,0
4009,45.18666666666665,9.153333333333336,91.8,0
4010,40.65083333333334,15.708611111111109,91.8,0
4011,40.48055555555555,16.555833333333336,91.8,0
4012,38.2475,15.856388888888889,91.8,0
4013,39.31277777777778,16.778333333333336,91.8,0
4014,37.09750000000001,15.282222222222222,91.8,0
4015,39.32722222222223,16.481388888888887,91.8,0
4016,38.676111111111105,16.11638888888889,91.8,0
4017,41.16638888888889,14.596944444444446,91.8,0
4018,42.76749999999999,12.201944444444441,91.85,79400
4019,44.576666666666675,10.590555555555557,91.85,79400
4020,44.33194444444445,9.17111111111111,91.9,158800
4021,45.793055555555554,11.66277777777778,91.9,158500
4022,45.60111111111111,11.093611111111109,91.9,100000
4023,37.93055555555555,14.694166666666666,91.9,50200
4024,44.43555555555556,10.478333333333333,91.9,31600
4025,42.43277777777778,14.243055555555554,91.9,31600
4026,42.19805555555555,13.130277777777778,91.9,25100
4027,44.827222222222225,11.578055555555553,91.9,15800
4028,40.85750000000001,14.204444444444446,91.9,15800
4029,45.8836111111111,13.536666666666665,91.9,15800
4030,38.18944444444445,15.72027777777778,91.9,12600
4031,45.74583333333333,10.031111111111112,91.9,12600
4032,44.93333333333334,10.51666666666667,91.9,10000
4033,41.09166666666666,14.370555555555553,91.9,8000
4034,45.47527777777777,7.9752777777777775,91.9,7900
4035,40.15861111111111,8.6325,91.9,7900
4036,43.87305555555556,11.13611111111111,91.9,6300
4037,42.668055555555554,13.817499999999999,91.9,5000
4038,40.06305555555556,18.144166666666667,91.9,5000
4039,39.28583333333334,16.97944444444444,91.9,5000
4040,45.85055555555555,11.566944444444443,91.9,4000
4041,46.84027777777777,11.759166666666667,91.9,4000
4042,40.70416666666667,17.34111111111111,91.9,3200
4043,43.90388888888889,12.925833333333333,91.9,3200
4044,46.14833333333333,9.27027777777778,91.9,3200
4045,45.968611111111116,8.996944444444447,91.9,2500
4046,41.233333333333334,13.933333333333335,91.9,2500
4047,41.787777777777784,14.111944444444442,91.9,2000
4048,40.4875,17.99805555555556,91.9,2000
4049,40.59027777777778,17.463611111111106,91.9,1600
4050,46.06638888888888,11.462499999999999,91.9,1580
4051,44.159722222222214,11.95388888888889,91.9,1300
4052,43.29222222222222,12.484444444444444,91.9,1300
4053,44.20361111111111,11.214166666666666,91.9,1300
4054,46.110833333333325,8.321944444444446,91.9,1260
4055,41.10972222222222,9.516944444444446,91.9,1000
4056,41.294444444444444,15.099444444444444,91.9,1000
4057,46.49083333333334,11.209999999999999,91.9,1000
4058,41.93,13.868611111111111,91.9,1000
4059,44.82277777777777,9.900555555555558,91.9,1000
4060,46.33722222222222,11.559722222222225,91.9,800
4061,43.628055555555555,11.752500000000001,91.9,800
4062,41.31722222222222,16.28166666666667,91.9,700
4063,40.87222222222222,15.541388888888891,91.9,640
4064,40.02444444444444,15.274444444444446,91.9,630
4065,42.88194444444445,13.172222222222222,91.9,500
4066,37.95,15.383333333333335,91.9,500
4067,46.30805555555554,12.318888888888887,91.9,500
4068,43.2675,13.718333333333334,91.9,500
4069,41.80944444444445,14.486944444444443,91.9,500
4070,41.958611111111104,13.366944444444446,91.9,400
4071,39.06750000000001,16.41,91.9,400
4072,44.68055555555556,9.35833333333333,91.9,400
4073,43.45194444444444,12.20583333333333,91.9,400
4074,46.42249999999999,12.867500000000001,91.9,400
4075,42.25194444444445,13.588611111111113,91.9,400
4076,42.98750000000001,12.778888888888888,91.9,400
4077,40.95111111111111,17.300555555555555,91.9,400
4078,42.14444444444444,13.51666666666667,91.9,400
4079,42.91027777777778,10.86111111111111,91.9,400
4080,45.90472222222222,11.95777777777778,91.9,400
4081,41.416666666666664,13.234166666666665,91.9,400
4082,45.049166666666665,7.012222222222223,91.9,400
4083,44.63111111111111,9.720555555555556,91.9,320
4084,44.253055555555555,7.373888888888888,91.9,320
4085,45.118611111111115,8.408055555555558,91.9,250
4086,45.082499999999996,6.7077777777777765,91.9,200
4087,44.41333333333333,8.302777777777775,91.9,200
4088,42.57361111111112,13.6075,91.9,200
4089,42.719722222222224,12.74222222222222,91.9,200
4090,46.636388888888895,10.861944444444445,91.9,200
4091,46.636388888888895,10.861944444444445,91.9,200
4092,43.19972222222223,13.319444444444446,91.9,200
4093,45.12027777777778,6.9527777777777775,91.9,130
4094,38.97666666666666,16.294999999999998,91.9,100
4095,40.854166666666664,15.161388888888887,91.9,79
4096,46.607499999999995,11.563055555555556,91.9,63
4097,40.42888888888888,15.40972222222222,91.9,63
4098,42.57555555555557,12.991388888888888,91.9,63
4099,45.74694444444444,8.090277777777779,91.9,63
4100,41.70000000000001,13.71111111111111,91.9,16
4101,40.79416666666667,15.285277777777777,91.9,13
4102,45.95944444444444,9.460555555555553,91.9,0
4103,41.110833333333325,14.797499999999998,91.9,0
4104,43.750277777777775,10.55388888888889,91.9,0
4105,37.96472222222222,15.376944444444442,91.9,0
4106,40.592222222222226,16.771944444444443,91.9,0
4107,40.336111111111116,15.661666666666665,91.9,0
4108,41.96611111111112,13.005833333333335,91.9,0
4109,40.638888888888886,15.405277777777776,91.9,0
4110,40.44722222222222,15.464999999999998,91.9,0
4111,40.37083333333333,15.536388888888887,91.9,0
4112,45.853888888888896,6.913888888888889,91.9,0
4113,45.632777777777775,10.492777777777777,91.9,0
4114,44.63611111111111,10.903055555555556,91.95,2500
4115,45.822222222222216,9.106111111111113,92.0,125900
4116,44.36,11.48611111111111,92.0,79400
4117,45.76111111111111,9.525555555555556,92.0,50100
4118,43.90388888888889,12.574444444444445,92.0,50100
4119,43.5611111111111,11.4,92.0,39800
4120,41.10388888888889,16.793333333333337,92.0,39800
4121,45.54472222222223,10.276944444444446,92.0,31600
4122,37.150000000000006,14.383333333333335,92.0,25100
4123,38.16583333333333,13.354166666666664,92.0,25100
4124,45.19444444444444,11.31111111111111,92.0,15800
4125,43.02333333333333,12.090833333333332,92.0,15800
4126,42.875555555555565,12.22777777777778,92.0,12600
4127,44.48055555555555,11.323055555555554,92.0,10000
4128,45.701388888888886,7.309444444444444,92.0,10000
4129,36.89166666666667,14.773055555555558,92.0,10000
4130,42.059999999999995,12.801388888888887,92.0,10000
4131,40.6338888888889,17.038888888888888,92.0,7900
4132,43.362222222222215,13.192222222222226,92.0,6300
4133,45.08694444444444,11.747777777777776,92.0,6300
4134,41.80944444444445,14.486666666666666,92.0,6300
4135,41.90388888888889,15.653333333333332,92.0,5000
4136,45.2111111111111,12.27138888888889,92.0,5000
4137,46.16138888888888,13.392499999999998,92.0,5000
4138,40.34444444444445,18.18305555555555,92.0,5000
4139,42.833611111111125,13.705833333333334,92.0,5000
4140,37.51666666666667,15.06111111111111,92.0,4000
4141,41.45111111111112,15.542499999999999,92.0,4000
4142,40.6338888888889,17.038888888888888,92.0,4000
4143,41.596666666666664,13.24388888888889,92.0,4000
4144,45.5375,12.638888888888888,92.0,3200
4145,45.72527777777779,10.500833333333333,92.0,3200
4146,37.275277777777774,13.713055555555554,92.0,2500
4147,40.677499999999995,14.7825,92.0,2500
4148,45.92611111111112,9.130555555555555,92.0,2000
4149,37.712500000000006,15.086666666666666,92.0,2000
4150,39.32277777777778,16.313333333333333,92.0,2000
4151,43.094444444444456,12.340833333333334,92.0,2000
4152,40.09583333333333,15.790555555555555,92.0,2000
4153,46.07222222222223,8.743333333333332,92.0,1600
4154,46.14388888888888,11.037222222222221,92.0,1600
4155,42.11388888888889,14.712222222222222,92.0,1600
4156,46.096111111111114,12.305000000000003,92.0,1300
4157,45.85527777777777,9.686666666666664,92.0,1000
4158,43.81305555555554,7.747222222222223,92.0,1000
4159,40.71999999999999,8.506944444444445,92.0,1000
4160,41.879444444444445,16.156944444444445,92.0,1000
4161,46.25472222222222,10.459166666666668,92.0,1000
4162,45.65805555555555,10.175833333333335,92.0,790
4163,42.9938888888889,13.44861111111111,92.0,790
4164,37.99444444444445,12.707222222222219,92.0,700
4165,44.97111111111112,8.651388888888887,92.0,630
4166,43.52444444444445,13.518333333333336,92.0,630
4167,46.938888888888876,11.455555555555556,92.0,500
4168,45.99138888888889,12.309444444444447,92.0,500
4169,40.63722222222222,17.942500000000006,92.0,400
4170,46.16722222222222,11.85222222222222,92.0,400
4171,43.895833333333336,11.455277777777779,92.0,400
4172,44.65749999999999,8.480000000000002,92.0,320
4173,44.65666666666667,8.975833333333332,92.0,320
4174,40.556388888888875,9.713611111111108,92.0,320
4175,42.77305555555555,13.290833333333335,92.0,200
4176,45.88277777777777,10.990833333333335,92.0,200
4177,45.74583333333333,6.990833333333333,92.0,200
4178,43.93111111111111,12.192500000000003,92.0,200
4179,46.34527777777779,12.149722222222223,92.0,200
4180,46.471388888888896,10.352222222222224,92.0,200
4181,39.22361111111111,9.11611111111111,92.0,160
4182,41.31722222222222,13.21472222222222,92.0,160
4183,45.81583333333334,11.079722222222223,92.0,130
4184,46.555833333333325,12.719444444444441,92.0,100
4185,39.444444444444436,9.577777777777778,92.0,100
4186,41.608055555555566,14.120833333333335,92.0,79
4187,45.89861111111111,11.695833333333335,92.0,79
4188,46.06583333333332,11.102500000000001,92.0,63
4189,45.48555555555555,12.24,92.0,50
4190,37.8213888888889,12.795555555555554,92.0,50
4191,45.43388888888888,12.338888888888889,92.0,50
4192,46.54694444444444,12.405555555555559,92.0,40
4193,46.36083333333334,10.67027777777778,92.0,32
4194,41.81055555555556,13.746944444444445,92.0,10
4195,39.10000000000001,16.111111111111107,92.0,0
4196,38.59583333333334,16.362500000000004,92.0,0
4197,44.555,9.0,92.0,0
4198,39.63111111111111,16.511111111111106,92.0,0
4199,39.069722222222225,17.110000000000003,92.0,0
4200,39.01333333333334,16.21777777777778,92.0,0
4201,37.91472222222222,15.337499999999999,92.0,0
4202,41.65583333333333,13.104166666666668,92.0,0
4203,41.65666666666667,13.103888888888891,92.0,0
4204,39.31777777777777,16.300277777777776,92.0,0
4205,41.46666666666667,12.911111111111108,92.0,0
4206,40.06638888888888,15.873055555555554,92.0,0
4207,45.301111111111105,9.492222222222223,92.0,0
4208,40.76194444444445,14.006111111111112,92.0,0
4209,38.34027777777778,16.411111111111108,92.0,0
4210,39.06527777777777,8.450555555555557,92.0,0
4211,39.83444444444444,15.806666666666668,92.0,0
4212,38.6013888888889,15.922499999999998,92.0,0
4213,38.79444444444444,16.527777777777775,92.0,0
4214,45.853888888888896,6.913888888888889,92.0,0
4215,45.793055555555554,11.66277777777778,92.1,398100
4216,46.08777777777778,12.5325,92.1,158500
4217,45.04166666666667,7.735555555555557,92.1,100000
4218,42.393611111111106,11.163611111111114,92.1,50100
4219,40.50472222222221,15.751666666666665,92.1,40000
4220,44.575833333333335,10.593333333333334,92.1,39800
4221,45.86555555555555,9.447777777777778,92.1,20000
4222,43.78916666666666,11.317777777777778,92.1,12600
4223,44.827222222222225,11.578055555555553,92.1,7900
4224,42.225833333333334,13.843333333333335,92.1,6400
4225,45.38861111111112,11.879444444444443,92.1,6300
4226,43.87749999999999,10.864999999999998,92.1,6300
4227,37.09694444444445,15.2675,92.1,6300
4228,46.2111111111111,10.133333333333333,92.1,6300
4229,40.400000000000006,17.644444444444442,92.1,5000
4230,40.86805555555555,14.20833333333333,92.1,5000
4231,44.107222222222234,9.786944444444442,92.1,3200
4232,41.28111111111111,13.682499999999997,92.1,2000
4233,46.70027777777778,11.131944444444445,92.1,2000
4234,45.446388888888876,8.626944444444444,92.1,2000
4235,42.5336111111111,12.690833333333332,92.1,2000
4236,41.48833333333334,13.910833333333336,92.1,1600
4237,44.651666666666664,8.636944444444442,92.1,1600
4238,42.09166666666666,14.381111111111109,92.1,1580
4239,40.927777777777784,14.746111111111109,92.1,1300
4240,40.854166666666664,15.161666666666669,92.1,1300
4241,46.372499999999995,11.940555555555555,92.1,1000
4242,38.67944444444445,16.416111111111107,92.1,800
4243,46.52722222222222,12.174444444444445,92.1,800
4244,41.461388888888884,14.185555555555554,92.1,800
4245,45.60555555555556,7.681388888888891,92.1,800
4246,44.02777777777777,10.16111111111111,92.1,790
4247,42.19833333333333,13.131111111111114,92.1,790
4248,43.073611111111106,13.031111111111112,92.1,640
4249,45.88444444444445,10.874166666666667,92.1,630
4250,41.64861111111111,13.633333333333335,92.1,500
4251,44.11222222222222,8.005833333333335,92.1,400
4252,40.775833333333324,15.200555555555557,92.1,400
4253,42.35805555555555,12.972500000000002,92.1,400
4254,44.210555555555565,9.945833333333335,92.1,400
4255,46.03583333333332,13.467500000000001,92.1,400
4256,39.24583333333334,16.72583333333333,92.1,400
4257,41.85222222222223,13.201666666666664,92.1,400
4258,46.63055555555555,11.663055555555557,92.1,320
4259,41.20722222222222,14.766111111111112,92.1,300
4260,46.541111111111114,10.165277777777776,92.1,250
4261,42.8875,13.892500000000002,92.1,250
4262,46.03805555555556,10.809166666666666,92.1,200
4263,46.19194444444445,13.461666666666668,92.1,200
4264,46.247222222222234,13.381111111111109,92.1,158
4265,46.49555555555556,11.747499999999999,92.1,130
4266,44.274444444444434,11.219166666666668,92.1,130
4267,46.28722222222222,12.445555555555556,92.1,100
4268,46.28722222222222,12.445555555555556,92.1,100
4269,45.482222222222234,10.055833333333334,92.1,100
4270,46.65027777777777,11.350833333333334,92.1,100
4271,45.94444444444444,8.524722222222225,92.1,79
4272,41.320277777777775,13.800833333333333,92.1,0
4273,45.990277777777784,11.773055555555558,92.1,0
4274,42.766666666666666,13.944444444444445,92.1,0
4275,45.55222222222223,10.858055555555556,92.15,25100
4276,44.82277777777777,9.900555555555558,92.2,79400
4277,45.29555555555555,11.620833333333332,92.2,40000
4278,43.74861111111112,10.555555555555559,92.2,39800
4279,45.92305555555556,12.025833333333331,92.2,39800
4280,45.01416666666666,8.505277777777778,92.2,31600
4281,37.61805555555556,13.608055555555554,92.2,31600
4282,42.059999999999995,12.801388888888887,92.2,25100
4283,45.88722222222221,8.91388888888889,92.2,20000
4284,45.68472222222221,10.779722222222224,92.2,15800
4285,45.8111111111111,9.444444444444443,92.2,15800
4286,41.11361111111112,16.34666666666666,92.2,15800
4287,44.4075,9.03388888888889,92.2,15800
4288,41.75138888888888,12.709722222222224,92.2,15800
4289,40.028055555555554,18.169999999999998,92.2,12600
4290,45.60194444444445,10.117777777777777,92.2,12600
4291,38.19166666666666,15.540833333333332,92.2,10000
4292,45.994166666666665,9.099166666666667,92.2,10000
4293,40.863888888888894,16.761944444444445,92.2,7900
4294,43.426388888888894,11.741666666666665,92.2,7900
4295,43.19777777777778,12.742500000000001,92.2,7900
4296,45.74611111111111,10.028611111111113,92.2,6300
4297,41.472777777777786,13.217500000000001,92.2,6300
4298,42.07583333333334,14.661944444444444,92.2,5000
4299,41.504166666666656,14.638888888888888,92.2,5000
4300,42.4125,12.228055555555557,92.2,5000
4301,42.980000000000004,12.468333333333332,92.2,4000
4302,45.47583333333333,8.854444444444443,92.2,4000
4303,38.97611111111111,16.294999999999998,92.2,3200
4304,43.31444444444445,11.288611111111113,92.2,3200
4305,45.49972222222223,9.423333333333332,92.2,3000
4306,45.65777777777778,10.175555555555553,92.2,2500
4307,45.50166666666667,9.23,92.2,2500
4308,45.782222222222224,9.80027777777778,92.2,2000
4309,41.362500000000004,13.440555555555559,92.2,2000
4310,41.06194444444445,17.092499999999998,92.2,2000
4311,42.728333333333325,12.748333333333331,92.2,2000
4312,46.11972222222223,9.276388888888892,92.2,1600
4313,46.38527777777777,12.975555555555555,92.2,1600
4314,37.90527777777777,13.440833333333336,92.2,1580
4315,46.76083333333332,11.919722222222221,92.2,1300
4316,44.41333333333333,8.302777777777775,92.2,1300
4317,43.561944444444435,12.523333333333335,92.2,1300
4318,43.90555555555556,12.263333333333334,92.2,1300
4319,41.10972222222222,9.516944444444446,92.2,1000
4320,41.1861111111111,15.563888888888892,92.2,1000
4321,45.42861111111111,10.179999999999996,92.2,1000
4322,40.345000000000006,18.035000000000007,92.2,1000
4323,44.070555555555565,10.06472222222222,92.2,1000
4324,40.863888888888894,16.761944444444445,92.2,1000
4325,45.411388888888894,10.391944444444444,92.2,1000
4326,40.743611111111115,17.544722222222227,92.2,1000
4327,38.471388888888896,16.448888888888888,92.2,1000
4328,44.5713888888889,8.660555555555558,92.2,1000
4329,38.76416666666667,16.55916666666667,92.2,1000
4330,46.613888888888894,10.910277777777777,92.2,800
4331,45.47666666666667,10.240833333333331,92.2,700
4332,45.54444444444444,10.206388888888887,92.2,700
4333,42.45111111111112,12.983888888888886,92.2,630
4334,39.465555555555554,8.726944444444445,92.2,630
4335,37.980000000000004,15.916944444444445,92.2,500
4336,42.415555555555564,14.265555555555554,92.2,500
4337,39.20722222222222,9.486388888888888,92.2,500
4338,40.72055555555555,14.64111111111111,92.2,500
4339,45.511111111111106,9.633333333333335,92.2,400
4340,43.45194444444444,12.20583333333333,92.2,400
4341,40.22972222222223,16.367222222222217,92.2,400
4342,46.69777777777777,11.911666666666667,92.2,400
4343,43.301388888888894,12.894722222222223,92.2,400
4344,39.98944444444444,15.764999999999997,92.2,400
4345,46.45666666666666,12.761111111111113,92.2,400
4346,45.787499999999994,9.514722222222224,92.2,400
4347,44.10333333333333,11.74888888888889,92.2,400
4348,42.70805555555555,13.103333333333332,92.2,320
4349,46.39055555555555,13.222499999999998,92.2,320
4350,46.81527777777778,11.96,92.2,200
4351,40.32305555555557,9.373333333333335,92.2,160
4352,41.91694444444445,13.12027777777778,92.2,160
4353,46.04333333333334,11.645555555555553,92.2,130
4354,43.764722222222225,11.433888888888887,92.2,130
4355,45.62027777777777,10.138611111111109,92.2,79
4356,39.519444444444446,8.527777777777779,92.2,63
4357,38.6013888888889,15.922499999999998,92.2,63
4358,39.01361111111111,16.218611111111112,92.2,50
4359,45.67305555555554,13.79722222222222,92.2,50
4360,39.28777777777777,16.98222222222222,92.2,40
4361,46.894999999999996,11.48472222222222,92.2,40
4362,38.595,16.361111111111107,92.2,32
4363,46.42305555555555,9.35361111111111,92.2,32
4364,45.73222222222223,9.686388888888887,92.2,32
4365,46.75666666666666,12.104166666666668,92.2,32
4366,45.72777777777778,9.966666666666667,92.2,25
4367,39.039444444444435,16.1475,92.2,16
4368,45.5511111111111,10.425833333333332,92.2,10
4369,42.101111111111116,13.087777777777779,92.2,8
4370,46.04666666666666,9.756388888888887,92.2,8
4371,41.943055555555546,14.147222222222224,92.2,6
4372,40.68583333333333,14.481388888888887,92.2,0
4373,39.147777777777776,16.074444444444442,92.2,0
4374,39.65666666666667,15.875555555555554,92.2,0
4375,45.55388888888889,10.224444444444444,92.2,0
4376,44.195277777777775,8.374166666666666,92.2,0
4377,40.14083333333334,15.773333333333335,92.2,0
4378,45.98444444444445,10.327777777777778,92.2,0
4379,40.273333333333326,15.705555555555556,92.2,0
4380,36.74805555555557,14.912222222222221,92.2,0
4381,41.84111111111112,14.099444444444444,92.2,0
4382,39.3513888888889,16.31055555555556,92.2,0
4383,41.71750000000001,12.78166666666667,92.2,0
4384,40.71611111111112,14.553611111111113,92.25,0
4385,43.549722222222215,13.601666666666667,92.3,100000
4386,44.137499999999996,11.83527777777778,92.3,63100
4387,38.1661111111111,13.355,92.3,63100
4388,44.95944444444444,8.669166666666666,92.3,39800
4389,40.93972222222222,14.724166666666669,92.3,20000
4390,45.89305555555555,9.898888888888889,92.3,20000
4391,45.88527777777779,13.541944444444445,92.3,20000
4392,44.575833333333335,10.593333333333334,92.3,20000
4393,38.15194444444444,14.93083333333333,92.3,15800
4394,44.48055555555555,11.323055555555554,92.3,12600
4395,37.86805555555555,15.253888888888891,92.3,12600
4396,40.859722222222224,14.192222222222226,92.3,12600
4397,46.4425,11.217222222222222,92.3,12600
4398,45.47111111111111,11.00138888888889,92.3,12600
4399,37.529999999999994,15.072777777777775,92.3,8000
4400,41.82111111111111,15.560000000000002,92.3,7900
4401,37.96,12.958333333333334,92.3,5000
4402,41.122777777777785,16.870833333333334,92.3,5000
4403,43.79416666666667,7.543055555555556,92.3,5000
4404,45.85999999999999,11.06,92.3,4100
4405,46.096111111111114,12.305000000000003,92.3,4000
4406,45.82305555555556,9.08388888888889,92.3,4000
4407,37.706944444444446,13.205,92.3,4000
4408,40.437222222222225,17.386111111111116,92.3,4000
4409,41.697222222222216,13.023888888888893,92.3,4000
4410,40.8511111111111,17.17166666666667,92.3,3200
4411,43.8975,8.060277777777777,92.3,3200
4412,45.91333333333334,11.5525,92.3,2600
4413,40.51694444444444,8.376944444444442,92.3,2500
4414,45.85999999999999,11.06,92.3,2500
4415,41.389722222222225,13.803888888888892,92.3,2500
4416,41.47333333333334,15.510555555555557,92.3,2000
4417,42.038611111111116,13.394444444444444,92.3,2000
4418,40.780555555555566,8.326944444444443,92.3,1600
4419,42.660277777777786,13.774722222222222,92.3,1600
4420,44.525000000000006,9.99222222222222,92.3,1580
4421,44.195277777777775,9.779722222222224,92.3,1580
4422,45.39166666666666,11.394166666666667,92.3,1300
4423,40.58805555555556,8.995555555555555,92.3,1300
4424,39.843888888888884,15.866111111111111,92.3,1260
4425,46.51444444444444,12.9275,92.3,1260
4426,46.18527777777778,9.874166666666667,92.3,1260
4427,45.98361111111111,11.94777777777778,92.3,1000
4428,36.80972222222222,11.955555555555552,92.3,1000
4429,46.25583333333333,10.524722222222225,92.3,1000
4430,40.95055555555556,15.635555555555557,92.3,1000
4431,37.358333333333334,13.860277777777778,92.3,800
4432,39.81166666666667,18.34194444444444,92.3,800
4433,44.1113888888889,11.19611111111111,92.3,790
4434,46.07222222222223,8.743333333333332,92.3,790
4435,43.10333333333333,10.550555555555555,92.3,790
4436,44.26444444444444,9.445833333333333,92.3,790
4437,44.416666666666664,9.404166666666669,92.3,500
4438,40.6475,17.94583333333333,92.3,500
4439,46.482499999999995,13.520277777777777,92.3,450
4440,44.15194444444444,10.665555555555557,92.3,400
4441,42.61416666666666,13.350277777777778,92.3,400
4442,38.11972222222223,16.150555555555552,92.3,400
4443,45.64666666666666,7.864444444444445,92.3,400
4444,44.65,8.950000000000001,92.3,400
4445,40.36750000000001,9.666944444444445,92.3,400
4446,44.51138888888888,9.165555555555553,92.3,400
4447,45.58333333333334,9.683333333333334,92.3,400
4448,41.608055555555566,14.120833333333335,92.3,320
4449,46.16722222222222,11.85222222222222,92.3,320
4450,46.36083333333334,10.36361111111111,92.3,320
4451,44.523333333333326,9.414166666666668,92.3,260
4452,46.519166666666656,12.495,92.3,260
4453,45.503888888888895,10.800000000000002,92.3,250
4454,46.482499999999995,13.520277777777777,92.3,250
4455,41.80638888888889,13.784166666666666,92.3,200
4456,44.35,9.233333333333334,92.3,200
4457,37.09333333333334,15.204444444444446,92.3,200
4458,43.995555555555555,10.306388888888888,92.3,200
4459,44.002500000000005,11.18972222222222,92.3,160
4460,46.15944444444445,9.56777777777778,92.3,160
4461,46.159166666666664,9.568055555555556,92.3,130
4462,46.938888888888876,11.455555555555556,92.3,130
4463,44.56861111111111,8.305000000000003,92.3,130
4464,45.62277777777778,9.96,92.3,100
4465,46.860555555555564,11.521666666666667,92.3,100
4466,45.71611111111112,7.332777777777778,92.3,50
4467,44.078611111111115,11.605833333333333,92.3,40
4468,45.74166666666666,8.079722222222223,92.3,40
4469,40.66916666666666,15.91472222222222,92.3,20
4470,40.14083333333334,15.773333333333335,92.3,10
4471,39.59083333333333,16.498333333333335,92.3,0
4472,40.73416666666667,13.877777777777776,92.3,0
4473,42.37277777777778,13.418888888888889,92.3,0
4474,40.16333333333333,15.365833333333333,92.3,0
4475,40.25583333333333,15.021388888888888,92.3,0
4476,43.70583333333334,11.373055555555558,92.3,0
4477,42.787499999999994,13.795833333333336,92.3,0
4478,40.25027777777778,15.552222222222223,92.3,0
4479,40.60944444444444,15.308888888888887,92.3,0
4480,45.79805555555554,11.665555555555557,92.4,631000
4481,45.603333333333325,7.98388888888889,92.4,158500
4482,41.75083333333333,12.709722222222224,92.4,125900
4483,45.923333333333325,12.02027777777778,92.4,100000
4484,43.87666666666667,10.864999999999998,92.4,50100
4485,45.19361111111111,10.812500000000002,92.4,25100
4486,45.54472222222223,10.276944444444446,92.4,20000
4487,42.43194444444443,14.233055555555554,92.4,20000
4488,45.619444444444454,10.45222222222222,92.4,20000
4489,44.827222222222225,11.578055555555553,92.4,16000
4490,43.49250000000001,10.352500000000001,92.4,15800
4491,45.04166666666667,7.735555555555557,92.4,13000
4492,45.764722222222225,9.54861111111111,92.4,12600
4493,41.472777777777786,13.217500000000001,92.4,12600
4494,42.40861111111111,11.15472222222222,92.4,10000
4495,39.37777777777777,9.297222222222224,92.4,10000
4496,44.21083333333333,9.94638888888889,92.4,7900
4497,41.472777777777786,15.115277777777777,92.4,7900
4498,39.56527777777779,15.911666666666667,92.4,6300
4499,41.65277777777777,13.472222222222223,92.4,6300
4500,38.90055555555555,16.60861111111111,92.4,6300
4501,41.88666666666666,15.959166666666665,92.4,6300
4502,45.45972222222222,9.190555555555557,92.4,5000
4503,41.711666666666666,15.677222222222223,92.4,5000
4504,43.80111111111112,7.733333333333334,92.4,5000
4505,39.01500000000001,16.759722222222216,92.4,3200
4506,45.60111111111111,13.740555555555556,92.4,3200
4507,44.25666666666667,8.448055555555555,92.4,2500
4508,46.19694444444444,12.99611111111111,92.4,2500
4509,39.06527777777777,8.450555555555557,92.4,2500
4510,45.86916666666666,9.408333333333335,92.4,2000
4511,42.8875,13.892500000000002,92.4,2000
4512,45.64194444444444,10.045277777777779,92.4,2000
4513,41.79361111111111,12.763333333333335,92.4,2000
4514,44.570277777777775,10.686944444444446,92.4,2000
4515,46.54333333333333,10.991111111111111,92.4,2000
4516,44.88777777777777,8.186666666666667,92.4,1600
4517,42.22527777777778,13.84388888888889,92.4,1600
4518,42.53888888888889,12.494722222222222,92.4,1600
4519,42.76749999999999,12.201944444444441,92.4,1600
4520,45.88444444444445,10.874166666666667,92.4,1600
4521,46.11000000000001,8.323055555555554,92.4,1600
4522,37.497777777777785,13.021388888888888,92.4,1300
4523,42.980000000000004,12.468333333333332,92.4,1000
4524,44.09722222222222,8.230555555555554,92.4,1000
4525,41.28083333333334,13.683055555555557,92.4,1000
4526,40.36055555555556,18.157222222222224,92.4,1000
4527,40.677777777777784,14.706944444444442,92.4,1000
4528,44.20527777777777,10.164722222222222,92.4,800
4529,44.93333333333334,6.78888888888889,92.4,800
4530,40.150000000000006,9.211111111111109,92.4,800
4531,46.68944444444444,10.556111111111113,92.4,800
4532,36.85333333333334,14.760555555555554,92.4,800
4533,38.131388888888885,13.24777777777778,92.4,800
4534,40.34027777777778,15.896944444444445,92.4,800
4535,40.66694444444445,16.639444444444447,92.4,790
4536,40.51222222222223,15.488055555555556,92.4,790
4537,42.02416666666667,13.046666666666669,92.4,630
4538,44.48638888888889,8.734166666666667,92.4,630
4539,43.99361111111111,8.15638888888889,92.4,500
4540,46.76972222222223,11.723055555555554,92.4,500
4541,40.947777777777766,17.30111111111111,92.4,500
4542,45.73805555555555,7.751944444444446,92.4,400
4543,46.89861111111111,11.963055555555554,92.4,400
4544,45.81,7.579166666666667,92.4,400
4545,40.18194444444444,16.424722222222226,92.4,400
4546,46.03583333333332,10.904166666666665,92.4,320
4547,45.71416666666667,6.938055555555556,92.4,320
4548,46.08666666666667,11.150555555555554,92.4,320
4549,37.27777777777777,14.783333333333335,92.4,250
4550,44.555,9.000555555555554,92.4,160
4551,46.722777777777786,12.211666666666666,92.4,160
4552,45.63611111111111,11.292222222222222,92.4,130
4553,40.90166666666666,9.090555555555556,92.4,100
4554,45.89861111111111,11.695833333333335,92.4,50
4555,46.225833333333334,10.800833333333333,92.4,32
4556,39.26083333333333,16.691111111111113,92.4,20
4557,45.96500000000001,8.575555555555553,92.4,13
4558,43.640555555555544,11.986666666666668,92.4,4
4559,41.74277777777777,13.992777777777778,92.4,0
4560,44.070555555555565,10.06472222222222,92.4,0
4561,41.788333333333334,14.111666666666665,92.4,0
4562,44.50111111111112,8.710277777777778,92.4,0
4563,45.69833333333332,10.408055555555558,92.4,0
4564,40.236666666666665,15.06472222222222,92.4,0
4565,45.43749999999999,12.316944444444442,92.4,0
4566,41.16638888888889,14.596944444444446,92.4,0
4567,38.035555555555554,12.582222222222219,92.5,126200
4568,43.78527777777778,7.671944444444446,92.5,79400
4569,45.41833333333333,7.641111111111109,92.5,79400
4570,41.08861111111112,14.372777777777781,92.5,63100
4571,39.329166666666666,16.395277777777782,92.5,50200
4572,44.59527777777779,10.28833333333333,92.5,39800
4573,44.36,11.48611111111111,92.5,31600
4574,43.4425,11.506944444444445,92.5,31600
4575,44.03055555555556,12.541944444444445,92.5,25100
4576,41.96611111111112,13.010277777777778,92.5,25100
4577,40.04666666666666,15.47,92.5,20000
4578,45.74583333333333,10.030277777777782,92.5,15800
4579,41.8475,13.229444444444447,92.5,10000
4580,42.457222222222214,12.959444444444442,92.5,8000
4581,44.63611111111111,10.903055555555556,92.5,7900
4582,40.73027777777778,17.548888888888893,92.5,7900
4583,37.32777777777777,13.577777777777778,92.5,6300
4584,37.50555555555555,15.043055555555556,92.5,6300
4585,37.55805555555556,14.276666666666669,92.5,6300
4586,40.91722222222221,14.55388888888889,92.5,6300
4587,45.783611111111114,9.800833333333333,92.5,5000
4588,41.22388888888888,16.517222222222216,92.5,5000
4589,40.14944444444444,18.469444444444438,92.5,5000
4590,40.838055555555556,15.239722222222223,92.5,4000
4591,45.974999999999994,10.084722222222222,92.5,3200
4592,42.29944444444445,13.313333333333333,92.5,3200
4593,40.85750000000001,14.20888888888889,92.5,3200
4594,44.80972222222222,9.989722222222222,92.5,2600
4595,44.47888888888888,11.294444444444443,92.5,2000
4596,44.48638888888889,11.360555555555557,92.5,2000
4597,45.66833333333332,7.296388888888888,92.5,2000
4598,45.62277777777778,7.697222222222223,92.5,2000
4599,44.24833333333334,10.93472222222222,92.5,2000
4600,46.17166666666666,9.8375,92.5,2000
4601,46.525000000000006,12.118055555555554,92.5,1580
4602,45.94583333333334,10.659444444444444,92.5,1580
4603,41.324444444444445,16.253055555555555,92.5,1300
4604,38.027777777777786,15.135555555555555,92.5,1260
4605,38.09444444444444,14.833333333333334,92.5,1260
4606,37.65,15.100277777777778,92.5,1000
4607,40.76416666666667,17.227777777777778,92.5,1000
4608,41.20722222222222,14.766111111111112,92.5,1000
4609,45.76833333333333,10.93,92.5,1000
4610,46.70027777777778,11.131944444444445,92.5,1000
4611,38.56944444444445,15.989444444444445,92.5,1000
4612,46.31583333333332,9.37,92.5,1000
4613,40.4875,17.99805555555556,92.5,1000
4614,41.03055555555556,14.468888888888888,92.5,1000
4615,40.67944444444445,14.919166666666667,92.5,1000
4616,42.91055555555555,10.86111111111111,92.5,1000
4617,41.32777777777777,13.250000000000002,92.5,1000
4618,46.65972222222223,11.903055555555556,92.5,1000
4619,45.64777777777777,9.952777777777776,92.5,912
4620,39.93805555555556,9.163888888888891,92.5,800
4621,36.927499999999995,15.082222222222223,92.5,800
4622,45.94416666666665,10.285,92.5,800
4623,45.70527777777778,8.279722222222222,92.5,800
4624,45.94166666666667,8.856944444444443,92.5,800
4625,41.71305555555556,14.774999999999999,92.5,800
4626,45.87277777777777,9.679722222222221,92.5,640
4627,41.57000000000001,13.845833333333335,92.5,640
4628,44.335833333333326,7.7475000000000005,92.5,640
4629,44.47833333333333,9.81611111111111,92.5,630
4630,46.18194444444444,10.371944444444445,92.5,630
4631,46.49805555555555,11.935555555555556,92.5,630
4632,40.556388888888875,9.713611111111108,92.5,630
4633,42.17666666666666,13.194166666666664,92.5,500
4634,46.0313888888889,9.356666666666667,92.5,500
4635,42.67805555555555,13.981666666666667,92.5,500
4636,43.855000000000004,12.22527777777778,92.5,500
4637,44.002500000000005,11.18972222222222,92.5,400
4638,45.63444444444445,10.857777777777779,92.5,400
4639,44.17416666666666,8.345555555555555,92.5,400
4640,44.25833333333333,11.570555555555556,92.5,400
4641,41.22777777777778,9.408333333333335,92.5,400
4642,44.51749999999999,9.07,92.5,400
4643,45.95888888888889,12.664444444444447,92.5,400
4644,40.6625,15.794722222222221,92.5,400
4645,39.95083333333334,15.981111111111112,92.5,320
4646,38.13249999999999,15.666388888888887,92.5,300
4647,46.72055555555555,10.874166666666667,92.5,250
4648,45.62027777777777,9.799444444444443,92.5,200
4649,42.82305555555556,12.921944444444444,92.5,200
4650,36.911111111111104,14.577777777777778,92.5,200
4651,40.70527777777778,14.53611111111111,92.5,200
4652,36.74777777777778,14.699166666666665,92.5,200
4653,38.81138888888888,16.367777777777782,92.5,160
4654,45.65777777777778,10.174999999999999,92.5,150
4655,44.51611111111111,9.314444444444446,92.5,130
4656,43.04527777777777,9.836944444444446,92.5,63
4657,45.70833333333334,7.1563888888888885,92.5,50
4658,46.077777777777776,11.462499999999999,92.5,50
4659,42.80444444444444,13.427777777777775,92.5,40
4660,44.29388888888889,9.69,92.5,20
4661,46.231111111111105,11.974722222222224,92.5,13
4662,44.657222222222224,8.48027777777778,92.5,0
4663,40.55305555555555,14.225833333333334,92.5,0
4664,41.7725,13.189444444444444,92.5,0
4665,45.88333333333333,10.133333333333333,92.5,0
4666,38.36805555555556,16.351666666666667,92.5,0
4667,40.06750000000001,15.838333333333333,92.5,0
4668,37.147499999999994,14.0025,92.5,0
4669,40.272777777777776,15.705555555555556,92.5,0
4670,40.95055555555556,15.635555555555557,92.5,0
4671,40.677777777777784,14.7825,92.5,0
4672,42.64194444444444,13.692777777777776,92.5,0
4673,41.461388888888884,14.003333333333336,92.5,0
4674,44.99611111111111,10.703888888888889,92.55,0
4675,45.787499999999994,9.514722222222224,92.6,199500
4676,41.911944444444444,12.929722222222223,92.6,125900
4677,45.497499999999995,11.101388888888886,92.6,125900
4678,46.18305555555555,13.350833333333334,92.6,63100
4679,41.70000000000001,13.250000000000002,92.6,63100
4680,45.57500000000001,8.049166666666668,92.6,39800
4681,39.87722222222223,18.339722222222225,92.6,25100
4682,44.42416666666666,8.903611111111111,92.6,25100
4683,43.31833333333335,13.225833333333334,92.6,20000
4684,41.7113888888889,15.676944444444446,92.6,15800
4685,40.82749999999999,14.39472222222222,92.6,12600
4686,43.70583333333334,11.373055555555558,92.6,12600
4687,42.039444444444435,14.388611111111109,92.6,10000
4688,41.09583333333333,16.81777777777778,92.6,7900
4689,43.608055555555566,13.408333333333335,92.6,7900
4690,38.163611111111116,13.356111111111108,92.6,7900
4691,39.56444444444444,15.912222222222221,92.6,5000
4692,43.45194444444444,12.20583333333333,92.6,5000
4693,45.83027777777779,8.529444444444447,92.6,5000
4694,44.03333333333334,10.202222222222218,92.6,5000
4695,46.59861111111111,11.723888888888892,92.6,5000
4696,45.70361111111112,11.328055555555556,92.6,4000
4697,40.38166666666667,18.118611111111107,92.6,4000
4698,40.59027777777778,17.463611111111106,92.6,4000
4699,43.409444444444446,10.478333333333333,92.6,3200
4700,45.787499999999994,9.099444444444444,92.6,2500
4701,44.702777777777776,10.6325,92.6,2000
4702,40.865,14.40333333333333,92.6,2000
4703,44.31388888888889,8.474166666666667,92.6,2000
4704,37.56666666666668,13.46111111111111,92.6,1300
4705,46.02111111111111,11.848611111111111,92.6,1300
4706,40.484166666666674,15.453888888888887,92.6,1300
4707,41.39722222222222,15.194444444444446,92.6,1000
4708,38.01638888888888,12.880555555555556,92.6,1000
4709,44.07611111111111,9.811388888888889,92.6,1000
4710,44.07611111111111,9.811388888888889,92.6,1000
4711,40.71361111111111,14.659444444444444,92.6,1000
4712,40.56805555555555,15.49638888888889,92.6,800
4713,44.409444444444446,9.181388888888888,92.6,800
4714,42.048611111111114,13.044722222222225,92.6,790
4715,45.865277777777784,8.771111111111114,92.6,630
4716,42.47583333333333,12.30861111111111,92.6,500
4717,44.107777777777784,11.968333333333335,92.6,400
4718,46.2936111111111,11.800833333333333,92.6,400
4719,45.962500000000006,12.198333333333332,92.6,400
4720,46.76499999999999,12.059444444444447,92.6,400
4721,46.44805555555556,11.690277777777776,92.6,320
4722,44.116111111111124,10.253888888888891,92.6,320
4723,46.40888888888889,12.350555555555557,92.6,250
4724,46.81583333333334,11.177499999999998,92.6,160
4725,46.5611111111111,12.55,92.6,130
4726,43.19722222222222,13.766388888888889,92.6,100
4727,46.555833333333325,12.719444444444441,92.6,100
4728,41.93111111111111,13.872777777777777,92.6,100
4729,40.56472222222221,15.64583333333333,92.6,63
4730,44.335833333333326,9.183055555555555,92.6,50
4731,46.54694444444444,12.405555555555559,92.6,40
4732,42.58805555555556,13.169444444444446,92.6,25
4733,42.14444444444444,13.51666666666667,92.6,10
4734,45.54194444444443,10.312777777777777,92.6,0
4735,38.59583333333334,16.362500000000004,92.6,0
4736,42.22527777777778,13.84388888888889,92.6,0
4737,38.92777777777777,16.57777777777778,92.6,0
4738,44.37666666666666,8.163333333333332,92.6,0
4739,41.8836111111111,13.468888888888888,92.6,0
4740,44.114999999999995,9.786388888888888,92.6,0
4741,40.93388888888889,14.724444444444446,92.6,0
4742,39.115833333333335,16.777222222222218,92.6,0
4743,41.64694444444445,13.866111111111111,92.6,0
4744,40.71999999999999,8.506944444444445,92.6,0
4745,41.66555555555556,13.849166666666665,92.6,0
4746,37.086388888888884,15.2875,92.6,0
4747,38.96583333333333,16.51638888888889,92.6,0
4748,41.70638888888889,15.26027777777778,92.6,0
4749,41.75249999999999,12.706388888888888,92.7,251200
4750,39.36722222222222,9.296944444444442,92.7,158800
4751,43.096111111111114,12.338055555555558,92.7,79400
4752,40.67083333333333,14.474444444444444,92.7,79400
4753,41.231111111111105,13.079166666666664,92.7,63100
4754,45.619166666666665,10.452499999999997,92.7,63100
4755,44.43138888888888,10.990833333333335,92.7,50100
4756,45.03111111111111,7.7233333333333345,92.7,50100
4757,45.62027777777777,10.138611111111109,92.7,39800
4758,41.696666666666665,12.719166666666665,92.7,25200
4759,42.362222222222215,12.165555555555553,92.7,20000
4760,42.40861111111111,11.154166666666667,92.7,20000
4761,40.529722222222226,16.50861111111111,92.7,20000
4762,45.81166666666667,11.742500000000001,92.7,20000
4763,37.116111111111124,14.820555555555556,92.7,15800
4764,41.472777777777786,15.115277777777777,92.7,15800
4765,43.358333333333334,13.026666666666669,92.7,10000
4766,44.787499999999994,10.320555555555554,92.7,10000
4767,45.64194444444444,10.045833333333333,92.7,10000
4768,46.13916666666666,11.041111111111112,92.7,8000
4769,40.85722222222222,14.20888888888889,92.7,7900
4770,45.782222222222224,9.80027777777778,92.7,6300
4771,45.65777777777778,10.175555555555553,92.7,6300
4772,43.94277777777778,8.123055555555556,92.7,4000
4773,45.528888888888886,7.873055555555557,92.7,4000
4774,42.83305555555555,13.581666666666665,92.7,4000
4775,45.73222222222223,9.686388888888887,92.7,4000
4776,43.70000000000001,12.596944444444446,92.7,4000
4777,44.26583333333334,7.78861111111111,92.7,3200
4778,45.255,11.667499999999999,92.7,2500
4779,41.5311111111111,14.67027777777778,92.7,2500
4780,46.105,13.486666666666666,92.7,2000
4781,37.87388888888888,12.806111111111113,92.7,2000
4782,45.52361111111111,10.26805555555556,92.7,1600
4783,40.822500000000005,17.33916666666667,92.7,1600
4784,41.98500000000001,13.809999999999999,92.7,1580
4785,43.34527777777779,12.501111111111111,92.7,1580
4786,41.833611111111125,15.767222222222225,92.7,1300
4787,38.17916666666667,13.12611111111111,92.7,1260
4788,44.226666666666674,11.124444444444448,92.7,1260
4789,40.441666666666656,15.26888888888889,92.7,1000
4790,41.54861111111111,14.300277777777778,92.7,1000
4791,46.393611111111106,12.822500000000002,92.7,1000
4792,46.636388888888895,10.861944444444445,92.7,1000
4793,44.16499999999999,8.316944444444442,92.7,790
4794,45.691666666666656,11.229166666666664,92.7,790
4795,43.25444444444445,12.954166666666667,92.7,640
4796,45.02555555555555,6.814722222222221,92.7,640
4797,46.51138888888888,11.331944444444442,92.7,630
4798,40.25472222222222,15.981944444444444,92.7,630
4799,45.671388888888885,13.803055555555556,92.7,630
4800,43.99361111111111,8.15638888888889,92.7,500
4801,38.15194444444444,14.93083333333333,92.7,500
4802,44.551666666666655,8.680555555555554,92.7,500
4803,43.310833333333335,11.294444444444443,92.7,500
4804,46.58861111111111,11.896388888888891,92.7,400
4805,46.146388888888886,10.156666666666666,92.7,400
4806,45.82027777777779,10.992777777777778,92.7,400
4807,42.54777777777778,13.534444444444443,92.7,400
4808,44.42277777777778,10.167500000000002,92.7,400
4809,45.72916666666667,7.057222222222223,92.7,400
4810,38.47111111111111,16.451944444444447,92.7,400
4811,47.02888888888889,12.072777777777775,92.7,400
4812,44.62083333333333,8.939166666666665,92.7,400
4813,41.707777777777785,15.661111111111111,92.7,400
4814,41.122777777777785,14.530277777777778,92.7,400
4815,46.29666666666666,12.801388888888887,92.7,400
4816,46.18527777777778,12.341388888888888,92.7,320
4817,44.35638888888889,8.06388888888889,92.7,320
4818,46.05305555555556,8.743055555555555,92.7,320
4819,42.770833333333336,13.151666666666667,92.7,320
4820,40.27583333333333,9.594166666666666,92.7,250
4821,46.195833333333326,12.658333333333335,92.7,200
4822,45.718888888888884,7.890833333333333,92.7,100
4823,45.718055555555566,10.46138888888889,92.7,79
4824,42.77305555555555,13.290833333333335,92.7,40
4825,39.154722222222226,8.753055555555557,92.7,40
4826,45.657222222222224,7.157777777777779,92.7,32
4827,45.63027777777777,7.064166666666666,92.7,32
4828,39.01416666666666,16.763888888888886,92.7,0
4829,44.885,11.411944444444448,92.7,0
4830,43.750277777777775,10.55388888888889,92.7,0
4831,38.36805555555556,16.351666666666667,92.7,0
4832,40.14083333333334,15.773333333333335,92.7,0
4833,40.14083333333334,15.773333333333335,92.7,0
4834,45.848888888888894,9.40388888888889,92.7,0
4835,40.163055555555566,15.365555555555556,92.7,0
4836,39.84666666666668,16.092222222222222,92.7,0
4837,45.5863888888889,10.287777777777777,92.7,0
4838,36.77916666666667,12.00388888888889,92.7,0
4839,44.21083333333333,9.94638888888889,92.7,0
4840,45.27777777777777,10.083333333333336,92.7,0
4841,38.535,16.50611111111111,92.7,0
4842,42.64194444444444,13.692777777777776,92.7,0
4843,42.54694444444444,12.702499999999999,92.7,0
4844,44.07027777777778,12.132499999999999,92.8,398100
4845,46.18305555555555,13.350833333333334,92.8,50100
4846,43.54444444444444,13.615833333333335,92.8,50100
4847,45.787499999999994,9.514722222222224,92.8,50100
4848,43.705,11.372222222222222,92.8,31600
4849,39.39916666666667,16.086111111111105,92.8,20000
4850,39.632777777777775,15.977222222222222,92.8,15800
4851,42.43194444444443,14.233055555555554,92.8,15000
4852,43.456111111111106,11.774722222222222,92.8,10000
4853,44.45444444444445,11.349444444444446,92.8,10000
4854,46.07166666666667,10.320555555555554,92.8,10000
4855,44.482499999999995,11.299166666666668,92.8,6300
4856,38.03666666666667,12.581666666666665,92.8,6300
4857,42.45833333333334,13.92222222222222,92.8,5000
4858,43.12833333333333,11.745555555555555,92.8,5000
4859,46.028333333333336,9.285277777777777,92.8,4000
4860,40.04694444444445,15.470277777777778,92.8,4000
4861,37.2988888888889,13.564166666666669,92.8,3200
4862,42.50750000000001,13.22138888888889,92.8,3200
4863,45.98944444444444,12.407777777777781,92.8,2500
4864,46.10277777777778,8.258055555555558,92.8,2000
4865,45.91305555555555,8.625555555555557,92.8,2000
4866,46.84472222222223,11.683888888888887,92.8,2000
4867,40.56249999999999,17.33527777777778,92.8,2000
4868,37.059999999999995,14.89833333333333,92.8,2000
4869,45.74277777777777,7.676111111111113,92.8,2000
4870,40.677499999999995,14.7825,92.8,2000
4871,40.891944444444434,14.868888888888888,92.8,2000
4872,40.66222222222221,15.794722222222221,92.8,1580
4873,36.927499999999995,15.0825,92.8,1300
4874,41.096111111111114,14.3675,92.8,1300
4875,40.66361111111111,15.291944444444443,92.8,1300
4876,40.2363888888889,15.069444444444445,92.8,1300
4877,40.089444444444446,15.953333333333331,92.8,1260
4878,46.2125,9.429722222222221,92.8,1260
4879,37.62777777777777,15.177777777777777,92.8,1000
4880,41.20055555555555,14.760555555555554,92.8,1000
4881,40.61,17.95972222222222,92.8,1000
4882,44.16027777777777,9.611944444444445,92.8,1000
4883,40.204722222222216,18.30305555555556,92.8,1000
4884,46.02111111111111,11.848611111111111,92.8,1000
4885,37.497777777777785,13.021388888888888,92.8,1000
4886,36.8111111111111,14.71111111111111,92.8,1000
4887,40.78888888888889,14.784999999999998,92.8,630
4888,45.865277777777784,8.771111111111114,92.8,630
4889,45.9136111111111,10.296388888888888,92.8,500
4890,38.18944444444445,15.72027777777778,92.8,400
4891,41.19444444444444,16.677777777777774,92.8,400
4892,42.97083333333333,13.865833333333335,92.8,400
4893,40.321111111111115,9.336944444444445,92.8,400
4894,46.546666666666674,13.141111111111112,92.8,400
4895,46.87583333333333,11.426666666666668,92.8,320
4896,45.70000000000001,9.950000000000001,92.8,300
4897,45.94138888888888,11.737499999999997,92.8,200
4898,44.398888888888884,8.262222222222224,92.8,200
4899,45.76638888888889,9.697777777777778,92.8,200
4900,40.979444444444454,9.467222222222224,92.8,160
4901,37.64222222222223,14.39611111111111,92.8,150
4902,46.524722222222216,12.118055555555554,92.8,130
4903,42.34027777777778,13.373888888888889,92.8,100
4904,45.93527777777776,7.707222222222223,92.8,100
4905,45.77611111111111,9.921111111111111,92.8,63
4906,39.67972222222222,8.457777777777778,92.8,0
4907,40.444444444444436,9.0,92.8,0
4908,39.78499999999999,16.29361111111111,92.8,0
4909,46.26916666666666,9.843611111111112,92.8,0
4910,39.09083333333334,16.158888888888885,92.8,0
4911,45.59611111111111,7.361111111111112,92.8,0
4912,45.783611111111114,6.952222222222223,92.8,0
4913,38.62305555555557,16.02361111111111,92.8,0
4914,38.969444444444456,16.282500000000002,92.8,0
4915,43.803888888888885,7.7044444444444435,92.8,0
4916,42.23444444444444,13.486388888888888,92.8,0
4917,42.655277777777776,12.724444444444446,92.8,0
4918,41.98916666666668,15.000555555555554,92.8,0
4919,41.27777777777777,16.419444444444448,92.8,0
4920,39.93194444444445,18.356388888888887,92.8,0
4921,45.49583333333333,11.100277777777778,92.85,100000
4922,45.648333333333326,9.903611111111111,92.85,25200
4923,44.32388888888889,8.478055555555557,92.85,1000
4924,41.08777777777778,14.665555555555557,92.85,200
4925,45.80166666666667,11.672222222222219,92.9,100000
4926,43.749166666666675,10.553611111111113,92.9,80000
4927,41.60083333333334,13.63166666666667,92.9,63200
4928,45.60305555555556,7.9944444444444445,92.9,63100
4929,44.48777777777779,10.83666666666667,92.9,63100
4930,45.255,11.667499999999999,92.9,50100
4931,44.759722222222216,9.917499999999999,92.9,50100
4932,42.46000000000001,12.929722222222223,92.9,40000
4933,44.43749999999999,8.91388888888889,92.9,20000
4934,40.74611111111111,8.6075,92.9,20000
4935,45.81722222222223,9.096111111111114,92.9,15800
4936,41.59611111111111,12.950555555555555,92.9,15800
4937,44.95944444444444,8.669166666666666,92.9,15800
4938,41.7113888888889,15.676944444444446,92.9,15800
4939,41.472777777777786,15.115277777777777,92.9,15800
4940,42.36194444444445,12.17333333333333,92.9,12600
4941,44.26583333333334,7.78861111111111,92.9,7900
4942,40.62333333333333,17.394722222222224,92.9,7900
4943,40.38166666666667,18.118611111111107,92.9,6300
4944,44.32250000000001,9.376388888888888,92.9,5000
4945,38.16027777777777,14.750833333333334,92.9,4000
4946,43.452222222222225,12.206388888888887,92.9,4000
4947,42.44416666666666,12.43277777777778,92.9,4000
4948,38.16333333333333,13.356111111111108,92.9,4000
4949,40.80444444444444,16.40416666666666,92.9,3200
4950,43.86416666666666,12.91472222222222,92.9,3200
4951,42.76111111111111,12.822777777777778,92.9,3200
4952,40.31583333333332,15.783888888888889,92.9,3200
4953,41.347500000000004,13.334999999999999,92.9,2500
4954,45.923333333333325,12.02027777777778,92.9,2500
4955,41.46305555555556,14.721388888888887,92.9,2000
4956,39.89472222222223,18.385555555555552,92.9,2000
4957,39.93972222222222,15.751388888888888,92.9,2000
4958,37.99305555555555,14.139999999999999,92.9,2000
4959,41.87972222222223,12.547500000000003,92.9,2000
4960,39.28583333333334,16.97944444444444,92.9,2000
4961,45.875555555555565,11.55777777777778,92.9,1600
4962,40.84027777777777,17.32527777777778,92.9,1300
4963,38.34277777777778,16.402777777777775,92.9,1300
4964,44.88972222222222,8.184166666666668,92.9,1000
4965,41.11888888888888,16.869444444444447,92.9,1000
4966,37.2388888888889,14.510555555555557,92.9,1000
4967,38.25277777777779,15.238888888888887,92.9,1000
4968,42.02888888888889,14.2375,92.9,1000
4969,38.90027777777778,16.608888888888888,92.9,800
4970,46.55861111111111,11.67027777777778,92.9,800
4971,44.39083333333333,10.662222222222221,92.9,800
4972,46.41194444444445,12.236666666666665,92.9,800
4973,46.04333333333334,11.645555555555553,92.9,790
4974,40.556388888888875,9.713611111111108,92.9,640
4975,40.29388888888889,8.476111111111113,92.9,500
4976,46.63805555555556,11.126944444444446,92.9,500
4977,45.787499999999994,10.989722222222222,92.9,400
4978,38.28277777777777,15.818333333333335,92.9,400
4979,45.61083333333334,7.746944444444443,92.9,400
4980,37.50083333333333,14.057777777777778,92.9,400
4981,44.29694444444444,7.292222222222221,92.9,400
4982,46.247222222222234,10.230277777777777,92.9,400
4983,37.98277777777778,15.764999999999997,92.9,400
4984,44.63222222222222,9.301666666666668,92.9,400
4985,45.411388888888894,7.594999999999999,92.9,400
4986,43.847777777777786,7.7444444444444445,92.9,400
4987,41.91722222222221,13.11972222222222,92.9,400
4988,42.919444444444444,13.158333333333333,92.9,400
4989,44.9136111111111,7.276944444444445,92.9,400
4990,46.42416666666666,12.043333333333333,92.9,320
4991,45.88888888888888,10.193055555555556,92.9,250
4992,46.16722222222222,10.805833333333336,92.9,250
4993,46.456111111111106,11.521666666666667,92.9,250
4994,46.81444444444444,10.579166666666666,92.9,200
4995,46.279166666666654,12.013055555555555,92.9,160
4996,46.2936111111111,11.800833333333333,92.9,100
4997,41.26083333333333,13.745555555555555,92.9,79
4998,41.75138888888888,12.709722222222224,92.9,63
4999,41.87638888888888,13.076944444444443,92.9,63
