,Latitude in degrees,Longitude in degrees,Frequency(MHz),EIRP
0,61.05,132.29444444444442,56.25,0
1,44.84944444444445,38.14666666666667,56.25,0
2,56.329166666666666,90.50777777777779,56.25,0
3,55.261111111111106,94.90000000000002,56.25,0
4,58.444444444444436,97.15000000000002,56.25,0
5,62.46666666666667,89.0,56.25,0
6,53.31111111111111,57.5611111111111,56.25,0
7,68.5375,146.1933333333333,56.25,0
8,48.75000000000001,133.0,56.25,0
9,56.10000000000001,74.64444444444443,56.25,0
10,51.10000000000001,138.4944444444444,56.25,0
11,61.11666666666667,72.43333333333335,56.25,0
12,61.02777777777777,130.7166666666667,56.25,0
13,56.16666666666667,66.46666666666667,56.25,0
14,51.27777777777777,106.5611111111111,56.25,0
15,67.46111111111111,86.54444444444442,56.25,0
16,58.611111111111114,68.77777777777776,56.25,0
17,52.26611111111111,104.295,56.25,0
18,60.977777777777774,72.43333333333335,56.25,0
19,70.75000000000001,136.2,56.25,0
20,57.70000000000001,93.28333333333333,56.25,0
21,62.03333333333334,118.65,56.25,0
22,62.65,135.56666666666666,56.25,0
23,55.990833333333335,92.79333333333335,56.25,0
24,55.444444444444436,65.30000000000001,56.25,0
25,54.511111111111106,84.17777777777776,56.25,0
26,59.611111111111114,65.88333333333334,56.25,0
27,55.31111111111111,83.61666666666667,56.25,0
28,55.56666666666668,71.92777777777778,56.25,0
29,61.65,133.2,56.25,0
30,61.833333333333336,133.66111111111107,56.25,0
31,55.400000000000006,93.65,56.25,0
32,56.06861111111112,54.22749999999999,56.25,0
33,57.49444444444445,67.82777777777775,56.25,0
34,56.95,90.69444444444444,56.25,0
35,55.79444444444444,96.19444444444444,56.25,0
36,53.06055555555555,47.75777777777779,56.25,0
37,60.46666666666667,131.1,56.25,0
38,63.16666666666667,144.02777777777774,56.25,0
39,55.511111111111106,94.4111111111111,56.25,0
40,62.46666666666667,65.59444444444442,56.25,0
41,50.16666666666667,39.53333333333333,56.25,0
42,53.774722222222216,73.86027777777777,56.25,0
43,60.37777777777777,93.04444444444444,56.25,0
44,55.72777777777778,93.75000000000001,56.25,0
45,62.16666666666667,117.65,56.25,0
46,68.37777777777777,143.64444444444445,56.25,0
47,62.65,132.0,56.25,0
48,59.98333333333334,119.83333333333333,56.25,0
49,61.31111111111111,128.27777777777777,56.25,0
50,59.16666666666667,135.17777777777778,56.25,0
51,66.36111111111109,150.51666666666668,56.25,0
52,49.09444444444444,140.25000000000003,56.25,0
53,62.0,76.74444444444444,56.25,0
54,61.10000000000001,126.37777777777777,56.25,0
55,60.88333333333333,73.69444444444444,56.25,0
56,70.14444444444443,113.98333333333335,56.25,0
57,55.16638888888889,59.667500000000004,65.746,40
58,55.82444444444445,49.03027777777777,65.75,630
59,53.42249999999999,49.44388888888889,65.75,460
60,47.213611111111106,39.67833333333334,65.75,310
61,44.11388888888889,39.074444444444445,65.75,180
62,54.18666666666665,45.147222222222226,65.75,30
63,66.56666666666668,67.80000000000001,65.75,0
64,56.97361111111112,61.456111111111106,65.75,0
65,59.65,149.1,65.75,0
66,65.90000000000002,132.71111111111108,65.75,0
67,51.49944444444444,104.14694444444446,65.75,0
68,41.95,46.5611111111111,65.75,0
69,49.99055555555555,40.624722222222225,65.75,0
70,56.31111111111111,101.71666666666668,65.75,0
71,55.32777777777777,76.75000000000001,65.75,0
72,42.028333333333336,48.24972222222222,65.75,0
73,54.58333333333334,33.19444444444444,65.75,0
74,61.92777777777777,159.2444444444444,65.75,0
75,52.11666666666667,56.88333333333333,65.75,0
76,58.13944444444444,52.65416666666667,65.75,0
77,62.8111111111111,130.76111111111106,65.75,0
78,62.216666666666676,66.97777777777777,65.75,0
79,61.98333333333334,131.91111111111107,65.75,0
80,57.56666666666668,96.90000000000002,65.75,0
81,57.63333333333334,92.27777777777777,65.75,0
82,51.54944444444445,45.963333333333345,65.75,0
83,55.62777777777777,73.5111111111111,65.75,0
84,55.70000000000001,90.43333333333335,65.75,0
85,61.14444444444444,152.39444444444442,65.75,0
86,55.92777777777777,98.06666666666668,65.75,0
87,58.21222222222223,68.26527777777778,65.75,0
88,61.67777777777777,132.08333333333337,65.75,0
89,60.19444444444444,69.7,65.75,0
90,55.866666666666674,72.20000000000002,65.75,0
91,62.63333333333334,133.60000000000002,65.75,0
92,60.02777777777777,64.77777777777776,65.75,0
93,52.33333333333334,143.07777777777775,65.75,0
94,62.58333333333334,128.8666666666667,65.75,0
95,51.75777777777779,36.12805555555556,65.76,0
96,59.98333333333334,30.31666666666667,65.9,17000
97,54.592222222222226,22.01361111111111,65.9,17000
98,55.15638888888889,37.43305555555555,65.9,400
99,57.444444444444436,56.95,65.9,400
100,61.10000000000001,80.27777777777777,65.9,400
101,61.977777777777774,76.64444444444443,65.9,400
102,55.048611111111114,60.13944444444444,65.9,200
103,55.02777777777777,32.65,65.9,170
104,62.09444444444444,54.37777777777777,65.9,100
105,50.833333333333336,105.75000000000001,65.9,0
106,54.28333333333334,114.30000000000001,65.9,0
107,54.35,113.27777777777777,65.9,0
108,59.381944444444436,28.57888888888889,65.93,17000
109,56.62777777777777,84.83333333333333,65.93,4000
110,56.9963888888889,63.74111111111111,65.93,300
111,55.28333333333334,85.61666666666667,65.93,0
112,55.556666666666665,39.58194444444445,65.96,17000
113,47.233333333333334,39.70000000000001,65.96,3000
114,54.02777777777777,55.88333333333333,65.96,1200
115,54.611111111111114,53.70000000000001,65.96,1200
116,58.81666666666668,65.97777777777777,65.96,300
117,61.92777777777777,63.02777777777777,65.96,100
118,46.36027777777779,48.050555555555555,66.02,17000
119,53.220833333333346,34.32083333333333,66.02,17000
120,54.72805555555556,20.493888888888893,66.02,17000
121,55.82444444444445,49.03027777777777,66.02,17000
122,68.9488888888889,33.118055555555564,66.02,17000
123,58.02777777777777,56.233333333333334,66.02,17000
124,51.771666666666654,55.115833333333335,66.02,6920
125,55.781388888888884,37.48944444444445,66.02,4360
126,50.31277777777778,38.18388888888888,66.02,4000
127,48.5611111111111,134.7666666666667,66.02,1500
128,53.31111111111111,57.5611111111111,66.02,1000
129,52.67777777777777,90.06666666666668,66.02,300
130,52.261111111111106,87.12777777777775,66.02,300
131,58.0,102.61666666666667,66.02,300
132,60.39444444444444,77.79444444444444,66.02,200
133,43.04527777777777,44.246666666666655,66.02,100
134,59.19444444444444,80.38333333333335,66.02,10
135,57.81166666666667,28.277777777777782,66.05,17000
136,57.52694444444444,62.76305555555556,66.05,17000
137,49.98888888888889,88.65555555555555,66.05,250
138,64.79444444444444,70.93333333333334,66.05,0
139,62.416666666666664,60.866666666666674,66.05,0
140,50.833333333333336,142.60000000000002,66.08,20000
141,64.54611111111112,40.51527777777778,66.08,17000
142,55.49583333333333,58.30861111111112,66.08,17000
143,60.59000000000001,69.04,66.08,8000
144,53.32777777777777,83.79444444444444,66.08,5000
145,59.05,60.611111111111114,66.08,100
146,60.261111111111106,90.22777777777777,66.08,100
147,54.32777777777777,110.32777777777777,66.08,0
148,42.98333333333334,43.766666666666666,66.08,0
149,56.05,69.5111111111111,66.11,5623
150,56.963333333333345,40.96555555555556,66.11,2000
151,53.69555555555555,91.53527777777778,66.11,1000
152,49.09444444444444,140.25000000000003,66.11,300
153,55.70000000000001,84.85000000000001,66.11,200
154,73.50694444444443,80.53444444444446,66.13,400
155,69.4111111111111,86.19444444444444,66.13,400
156,59.62499999999999,33.42277777777778,66.14,17000
157,55.34138888888889,86.14527777777778,66.14,4000
158,57.19833333333333,50.06583333333332,66.14,400
159,56.5611111111111,84.09444444444443,66.14,300
160,52.261111111111106,117.54444444444442,66.14,100
161,54.511111111111106,134.41666666666666,66.14,100
162,51.2675,108.86972222222222,66.14,50
163,54.866666666666674,81.4111111111111,66.14,4
164,52.2111111111111,55.58333333333334,66.17,500
165,50.792500000000004,36.513888888888886,66.17,126
166,55.53222222222223,44.21583333333334,66.17,100
167,54.75000000000001,56.02777777777777,66.17,0
168,53.70000000000001,87.1,66.2,17000
169,64.04638888888887,44.027777777777786,66.2,17000
170,61.216666666666676,73.37777777777777,66.2,17000
171,45.47527777777777,40.11222222222222,66.2,17000
172,57.963055555555556,38.35499999999999,66.2,12000
173,58.62361111111112,27.9475,66.2,4800
174,59.400000000000006,56.261111111111106,66.2,4000
175,67.65,53.05,66.2,400
176,57.86111111111111,114.19444444444444,66.2,120
177,58.97111111111112,47.035000000000004,66.2,100
178,52.62777777777777,48.977777777777774,66.2,100
179,59.65,67.41666666666667,66.2,100
180,51.655555555555566,103.695,66.2,70
181,44.72777777777778,38.33333333333334,66.2,3
182,56.677499999999995,59.28333333333334,66.23,17000
183,60.72055555555555,28.771666666666665,66.23,17000
184,54.52166666666666,36.26055555555555,66.23,16600
185,55.74083333333334,52.41388888888888,66.23,4000
186,51.70000000000001,39.261111111111106,66.23,4000
187,43.05,44.75000000000001,66.23,300
188,50.92777777777777,128.4944444444444,66.26,20000
189,56.16499999999999,88.3422222222222,66.26,17000
190,53.38722222222222,55.87388888888888,66.26,17000
191,56.11944444444444,47.27777777777777,66.26,3160
192,52.80416666666665,51.16333333333333,66.26,2000
193,56.216666666666676,57.98333333333334,66.26,100
194,54.511111111111106,84.25000000000001,66.26,3
195,54.91111111111111,79.32777777777777,66.26,3
196,63.91111111111111,34.32777777777777,66.29,17000
197,49.18166666666667,40.677777777777784,66.29,4000
198,52.53333333333333,85.28333333333333,66.29,3000
199,58.45000000000001,61.70000000000001,66.29,120
200,55.65,109.32777777777777,66.29,100
201,52.833333333333336,79.87777777777777,66.29,0
202,42.85138888888889,44.63527777777777,66.29,0
203,59.99138888888889,30.127499999999994,66.3,40000
204,48.75000000000001,132.88333333333333,66.32,17000
205,53.16666666666667,103.09444444444443,66.32,17000
206,44.58416666666666,40.11055555555556,66.32,17000
207,52.03333333333334,113.5611111111111,66.32,6000
208,56.92777777777777,55.56666666666668,66.32,4000
209,45.79444444444444,47.216666666666676,66.32,2000
210,55.55694444444445,41.994722222222215,66.32,1000
211,50.09444444444444,132.25000000000003,66.32,1000
212,61.95,52.32777777777777,66.32,400
213,54.55999999999999,42.46361111111112,66.32,300
214,49.03333333333334,131.07777777777775,66.32,150
215,55.39444444444444,91.6111111111111,66.32,100
216,61.694444444444436,64.48333333333335,66.32,100
217,57.72777777777778,60.65,66.32,100
218,56.2111111111111,78.66666666666669,66.32,3
219,63.2111111111111,59.74444444444444,66.32,0
220,54.780833333333334,32.04166666666667,66.35,17000
221,53.92777777777777,40.03333333333334,66.35,1000
222,56.210000000000015,51.090555555555554,66.35,1000
223,55.694444444444436,76.74444444444444,66.35,500
224,55.09444444444444,80.93333333333334,66.35,300
225,64.74444444444444,57.866666666666674,66.35,100
226,55.233333333333334,84.59444444444442,66.35,3
227,54.511111111111106,84.6111111111111,66.35,3
228,62.10000000000001,77.56666666666668,66.35,0
229,59.12611111111111,37.88972222222222,66.38,17000
230,61.771388888888886,48.472777777777786,66.38,17000
231,57.901111111111106,34.043611111111105,66.38,2000
232,54.86111111111111,83.9611111111111,66.38,3
233,61.49444444444445,68.25000000000001,66.38,0
234,53.220833333333346,34.32083333333333,66.4,1000
235,52.45111111111112,37.50222222222223,66.41,17000
236,44.81555555555555,37.65805555555555,66.41,17000
237,47.10000000000001,39.444444444444436,66.41,4000
238,55.81666666666668,68.32777777777777,66.41,4000
239,62.72055555555555,40.29277777777778,66.41,3000
240,55.09444444444444,60.16666666666667,66.41,2000
241,44.03333333333334,43.14444444444444,66.41,800
242,59.02777777777777,54.65,66.41,600
243,44.62222222222222,39.159166666666664,66.41,300
244,57.37777777777777,58.977777777777774,66.41,300
245,51.88805555555556,50.1725,66.44,17000
246,63.5611111111111,53.766666666666666,66.44,17000
247,55.81972222222223,37.61166666666666,66.44,15000
248,56.444444444444436,85.04444444444444,66.44,800
249,63.72777777777778,66.66666666666669,66.44,300
250,57.46666666666667,58.150000000000006,66.44,300
251,57.17805555555556,46.55694444444445,66.44,300
252,58.19444444444444,94.77777777777776,66.44,200
253,51.33333333333334,119.5611111111111,66.44,150
254,58.694444444444436,99.19444444444444,66.44,120
255,57.63333333333334,92.27777777777777,66.44,120
256,55.142222222222216,75.41583333333334,66.44,4
257,55.81666666666668,79.41666666666667,66.44,3
258,46.62777777777777,143.13333333333335,66.44,3
259,58.31111111111111,57.8111111111111,66.47,4000
260,58.59361111111112,49.68972222222222,66.47,4000
261,56.06861111111112,54.22749999999999,66.47,600
262,51.62777777777777,83.46111111111111,66.47,0
263,54.92777777777777,71.30000000000001,66.5,17000
264,55.444444444444436,65.30000000000001,66.5,400
265,57.86111111111111,61.766666666666666,66.5,300
266,55.02777777777777,89.83333333333333,66.5,300
267,56.35,78.38333333333335,66.5,300
268,44.781111111111116,41.46333333333333,66.5,300
269,55.72777777777778,93.75000000000001,66.5,200
270,51.74444444444444,140.18333333333337,66.5,100
271,56.03333333333334,76.01666666666668,66.5,3
272,61.25416666666666,75.17222222222223,66.5,0
273,65.80000000000001,74.46111111111111,66.5,0
274,56.92777777777777,32.75000000000001,66.5,0
275,52.67055555555556,39.48305555555555,66.53,17000
276,51.72777777777778,107.51666666666667,66.53,4000
277,53.63333333333334,54.81666666666668,66.53,3000
278,53.33972222222223,58.49638888888889,66.53,1000
279,54.75249999999999,42.701944444444436,66.53,300
280,50.37777777777777,108.75000000000001,66.53,50
281,54.51666666666667,76.85000000000001,66.53,3
282,43.17333333333334,44.272777777777776,66.53,0
283,56.077777777777776,56.62777777777777,66.53,0
284,53.32777777777777,82.98333333333335,66.53,0
285,51.65,117.5611111111111,66.53,0
286,55.035555555555554,32.38111111111112,66.56,63000
287,56.51666666666667,104.23333333333333,66.56,17000
288,55.34138888888889,86.14527777777778,66.56,4000
289,58.077777777777776,97.32777777777777,66.56,200
290,59.381944444444436,28.57888888888889,66.59,17000
291,50.98333333333334,81.5111111111111,66.59,300
292,51.51666666666667,82.14444444444443,66.59,300
293,53.0,78.66666666666669,66.59,300
294,52.84166666666667,34.50138888888889,66.59,200
295,50.86111111111111,82.15000000000002,66.59,100
296,66.46111111111111,73.87777777777777,66.59,100
297,55.400000000000006,81.32777777777777,66.59,4
298,52.73694444444444,52.2663888888889,66.62,17000
299,56.826666666666675,60.62277777777778,66.62,4000
300,54.14444444444444,37.58333333333334,66.62,1259
301,57.261111111111106,107.33333333333334,66.62,300
302,55.56666666666668,75.7,66.62,300
303,44.702222222222225,37.583611111111104,66.62,250
304,43.748888888888885,43.127222222222215,66.62,160
305,43.258611111111115,42.648333333333326,66.62,160
306,43.356666666666676,43.94111111111111,66.62,20
307,43.215277777777786,43.2875,66.62,20
308,43.497777777777785,43.29555555555555,66.62,20
309,53.044444444444444,60.67027777777777,66.65,17000
310,57.444444444444436,56.95,66.65,17000
311,55.80138888888889,42.77277777777778,66.65,100
312,55.0,80.69444444444444,66.65,4
313,55.51666666666667,83.5111111111111,66.65,3
314,61.74444444444444,75.6111111111111,66.65,0
315,51.58333333333334,84.65,66.65,0
316,53.74444444444444,127.83333333333333,66.68,20000
317,56.72777777777778,124.56666666666668,66.68,17000
318,46.367777777777775,45.98944444444444,66.68,17000
319,54.18666666666665,45.147222222222226,66.68,15850
320,56.88333333333333,68.66666666666669,66.68,4000
321,54.72222222222223,55.92472222222222,66.68,4000
322,50.571111111111115,36.571111111111115,66.68,2000
323,69.17777777777776,88.33333333333334,66.68,2000
324,47.24000000000001,39.73694444444444,66.68,1000
325,47.05,142.05,66.68,400
326,53.79444444444444,82.33333333333334,66.68,300
327,61.28333333333334,108.01666666666668,66.68,300
328,62.45000000000001,66.04444444444444,66.68,100
329,50.37777777777777,103.28333333333333,66.68,100
330,50.62777777777777,104.6111111111111,66.68,0
331,50.694444444444436,106.19444444444444,66.68,0
332,42.91111111111111,43.70000000000001,66.68,0
333,51.72777777777778,102.04444444444444,66.68,0
334,50.53333333333333,104.83333333333333,66.68,0
335,51.46666666666667,107.41666666666667,66.68,0
336,51.833333333333336,108.32777777777777,66.68,0
337,50.46666666666667,105.1,66.68,0
338,53.94166666666667,51.18444444444444,66.71,17000
339,56.043888888888894,36.10472222222223,66.71,16220
340,55.93333333333334,39.46666666666667,66.71,500
341,56.9963888888889,63.74111111111111,66.71,300
342,54.5863888888889,100.35527777777777,66.74,18620
343,54.105277777777786,77.67333333333333,66.74,17000
344,58.38583333333333,42.362500000000004,66.74,17000
345,46.05749999999999,38.96555555555556,66.74,17000
346,42.88333333333333,132.8666666666667,66.74,17000
347,49.79444444444444,129.66666666666669,66.74,17000
348,55.98333333333334,82.71666666666668,66.74,600
349,54.37777777777777,81.90000000000002,66.74,500
350,64.37777777777777,75.9611111111111,66.74,400
351,56.86111111111111,59.05,66.74,300
352,55.15305555555555,61.404999999999994,66.74,300
353,57.56666666666668,79.46111111111111,66.74,300
354,48.977777777777774,140.3444444444444,66.74,300
355,53.09444444444444,85.66666666666669,66.74,200
356,51.33333333333334,139.25000000000003,66.74,100
357,56.06138888888889,45.683611111111105,66.74,100
358,55.92777777777777,36.86111111111111,66.74,0
359,59.185555555555545,36.07166666666667,66.77,25100
360,45.738611111111105,42.896111111111104,66.77,17000
361,55.2111111111111,67.20000000000002,66.77,17000
362,59.93333333333334,30.26111111111111,66.77,5000
363,53.27777777777777,92.38333333333335,66.77,200
364,63.216666666666676,66.93333333333334,66.77,100
365,65.80000000000001,74.46111111111111,66.77,0
366,53.220833333333346,34.32083333333333,66.8,17000
367,54.728611111111114,20.49416666666667,66.8,17000
368,53.341111111111125,43.30500000000001,66.8,17000
369,61.688333333333325,50.81111111111111,66.8,17000
370,58.0,102.61666666666667,66.8,17000
371,50.31277777777778,38.18388888888888,66.8,17000
372,51.3638888888889,48.2988888888889,66.8,17000
373,54.077777777777776,34.31111111111111,66.8,5000
374,51.79444444444444,55.09444444444444,66.8,4000
375,58.02777777777777,56.233333333333334,66.8,4000
376,55.776666666666664,48.97388888888889,66.8,1580
377,57.92777777777777,60.0,66.8,1000
378,54.72777777777778,135.32777777777778,66.8,400
379,55.150000000000006,124.74444444444444,66.8,160
380,58.92777777777777,81.6111111111111,66.8,150
381,48.611111111111114,133.8166666666667,66.8,150
382,60.74444444444444,77.19444444444444,66.8,150
383,51.32777777777777,142.17777777777778,66.8,100
384,66.54444444444442,66.6111111111111,66.8,100
385,43.966388888888886,42.53527777777778,66.8,60
386,62.37777777777777,75.85000000000001,66.8,0
387,63.833333333333336,67.79444444444444,66.8,0
388,52.261111111111106,57.51666666666667,66.8,0
389,43.989999999999995,42.05222222222222,66.81,100
390,50.03722222222222,43.185555555555545,66.83,17000
391,57.52694444444444,62.76305555555556,66.83,14120
392,53.261111111111106,50.261111111111106,66.83,4000
393,56.49416666666667,84.97472222222221,66.83,4000
394,57.81166666666667,28.277777777777782,66.83,1200
395,56.70000000000001,85.33333333333334,66.83,200
396,51.68888888888888,35.28805555555556,66.83,180
397,49.11666666666667,136.50000000000003,66.83,0
398,46.53833333333334,41.57777777777778,66.86,31600
399,44.16666666666667,133.25000000000003,66.86,17000
400,59.324444444444445,52.27027777777777,66.86,17000
401,55.49583333333333,58.30861111111112,66.86,17000
402,62.70000000000001,56.2111111111111,66.86,17000
403,60.602500000000006,46.19333333333333,66.86,17000
404,67.5111111111111,64.0,66.86,17000
405,46.92777777777777,142.59444444444443,66.86,15000
406,55.781388888888884,37.48944444444445,66.86,10900
407,53.261111111111106,83.75000000000001,66.86,5000
408,55.40861111111111,43.84916666666666,66.86,4000
409,54.98333333333334,73.41666666666667,66.86,4000
410,55.49444444444445,54.866666666666674,66.86,1000
411,60.95666666666668,36.62222222222222,66.86,600
412,55.261111111111106,91.4111111111111,66.86,50
413,56.05,82.09444444444443,66.86,3
414,53.444444444444436,54.261111111111106,66.86,0
415,59.74861111111112,60.01638888888888,66.86,0
416,61.45000000000001,68.93333333333334,66.86,0
417,53.58333333333334,91.38333333333335,66.89,17000
418,56.05,69.5111111111111,66.89,17000
419,54.57277777777777,52.39750000000001,66.89,17000
420,55.233333333333334,63.31111111111111,66.89,17000
421,55.2111111111111,80.28333333333333,66.89,4000
422,56.51666666666667,31.644444444444442,66.89,1500
423,43.20055555555555,43.95527777777778,66.89,0
424,50.56666666666668,136.9666666666667,66.92,20000
425,52.02777777777777,127.66666666666669,66.92,20000
426,53.14444444444444,38.10361111111112,66.92,17000
427,58.59361111111112,49.68972222222222,66.92,17000
428,51.23083333333334,58.45277777777778,66.92,17000
429,65.28333333333333,57.10000000000001,66.92,17000
430,59.62499999999999,33.42277777777778,66.92,17000
431,43.916388888888896,39.325277777777785,66.92,560
432,50.51444444444444,35.6313888888889,66.92,400
433,56.5611111111111,84.09444444444443,66.92,300
434,50.67777777777777,156.12777777777777,66.92,300
435,57.131666666666675,43.16527777777778,66.92,300
436,57.50138888888889,60.243055555555564,66.92,100
437,54.98333333333334,84.28333333333333,66.92,3
438,55.92777777777777,76.9611111111111,66.92,3
439,52.28333333333334,85.41666666666667,66.92,0
440,57.31111111111111,88.17777777777776,66.92,0
441,52.833333333333336,79.87777777777777,66.95,17000
442,47.75416666666668,44.509166666666665,66.95,17000
443,57.400000000000006,67.06666666666668,66.95,6000
444,57.400000000000006,37.56666666666668,66.95,4000
445,54.511111111111106,84.17777777777776,66.95,300
446,49.13000000000001,46.848055555555554,66.95,100
447,54.46666666666667,84.77777777777776,66.95,3
448,54.67444444444444,45.58416666666666,66.95,0
449,54.780833333333334,32.04166666666667,66.96,0
450,56.021944444444436,95.20666666666666,66.98,20000
451,61.216666666666676,73.37777777777777,66.98,20000
452,45.47527777777777,40.11222222222222,66.98,17000
453,56.56666666666668,76.61666666666667,66.98,4000
454,52.62777777777777,48.977777777777774,66.98,2000
455,58.94111111111111,46.754444444444445,66.98,500
456,57.86111111111111,114.19444444444444,66.98,100
457,64.79444444444444,70.93333333333334,66.98,100
458,62.33333333333334,38.216666666666676,66.98,100
459,43.99277777777779,41.905,66.98,100
460,51.655555555555566,103.695,66.98,70
462,55.65472222222222,52.60638888888889,67.01,17000
463,56.677499999999995,59.28333333333334,67.01,17000
464,60.72055555555555,28.771666666666665,67.01,17000
465,58.32777777777777,82.90000000000002,67.01,8000
466,53.43499999999999,41.783611111111114,67.01,400
467,56.27777777777777,83.97777777777777,67.01,100
468,55.33333333333334,77.1,67.01,3
469,53.11666666666667,46.611111111111114,67.01,0
470,54.65,88.7,67.01,0
471,44.37944444444445,46.4913888888889,67.04,20000
472,51.08666666666667,39.98666666666667,67.04,17000
473,56.16499999999999,88.3422222222222,67.04,17000
474,53.38722222222222,55.87388888888888,67.04,17000
475,55.80583333333334,47.44472222222222,67.04,17000
476,57.694444444444436,71.17777777777776,67.04,17000
477,57.13194444444444,65.59527777777775,67.04,4000
478,46.70000000000001,141.8666666666667,67.04,100
479,54.05,83.36111111111109,67.04,4
480,56.63333333333334,77.7,67.04,3
481,54.611111111111114,84.15000000000002,67.04,3
482,54.70000000000001,76.59444444444442,67.04,0
483,69.4111111111111,86.19444444444444,67.06,400
484,58.378055555555555,33.92666666666667,67.07,17000
485,48.38638888888888,41.848055555555554,67.07,17000
486,53.06055555555555,47.75777777777779,67.07,8900
487,54.98333333333334,82.90000000000002,67.07,6310
488,54.37777777777777,81.90000000000002,67.07,600
489,57.58444444444445,48.98333333333334,67.07,400
490,59.511111111111106,59.2111111111111,67.07,100
491,58.45000000000001,61.70000000000001,67.07,100
492,54.32777777777777,84.59444444444442,67.07,4
493,56.92777777777777,55.56666666666668,67.1,17000
494,66.09444444444443,60.14444444444444,67.1,17000
495,51.72777777777778,94.46666666666667,67.1,17000
496,44.58416666666666,40.11055555555556,67.1,17000
497,58.31027777777778,45.53388888888889,67.1,17000
498,65.43333333333335,52.150000000000006,67.1,17000
499,59.70000000000001,56.74444444444444,67.1,4000
500,47.24000000000001,39.73694444444444,67.1,2000
501,54.833333333333336,56.416666666666664,67.1,600
502,56.09444444444444,99.65,67.1,300
503,50.35,87.77777777777776,67.1,250
504,51.28333333333334,85.69444444444444,67.1,200
505,49.72777777777778,89.19444444444444,67.1,200
506,65.51250000000002,44.911944444444444,67.1,100
507,47.88333333333333,135.61666666666667,67.1,70
508,54.50638888888889,37.114999999999995,67.1,0
509,62.866666666666674,61.65,67.1,0
510,55.69583333333332,60.55861111111111,67.13,17000
511,55.035555555555554,32.38111111111112,67.13,17000
512,61.70555555555555,30.740277777777777,67.13,17000
513,55.444444444444436,65.30000000000001,67.13,1000
514,54.2111111111111,82.77777777777776,67.13,3
515,55.51666666666667,79.71666666666668,67.13,1
516,52.62916666666666,58.37555555555555,67.16,17000
517,59.12611111111111,37.88972222222222,67.16,17000
518,52.72777777777778,81.6111111111111,67.16,17000
519,53.46666666666667,143.0,67.16,17000
520,55.51666666666667,45.39972222222222,67.16,17000
521,56.97722222222222,48.73000000000001,67.16,1000
522,59.39444444444444,49.72777777777778,67.16,400
523,50.75000000000001,42.0,67.16,200
524,51.27777777777777,106.5611111111111,67.16,100
525,55.611111111111114,79.54444444444442,67.16,4
526,59.02777777777777,54.65,67.19,17000
527,52.45111111111112,37.50222222222223,67.19,17000
528,44.81555555555555,37.65805555555555,67.19,17000
529,62.72055555555555,40.29277777777778,67.19,17000
530,44.05,43.08833333333334,67.19,15850
531,54.23555555555555,49.54361111111112,67.19,14120
532,45.02777777777777,41.86111111111111,67.19,4000
533,51.551666666666655,45.96472222222222,67.19,400
534,54.77722222222222,42.291111111111114,67.19,400
535,57.37777777777777,58.977777777777774,67.19,300
536,56.62777777777777,57.766666666666666,67.19,300
537,52.261111111111106,140.25000000000003,67.19,50
538,52.31111111111111,104.30000000000001,67.2,0
539,45.91111111111111,133.71111111111108,67.22,20000
540,53.977777777777774,123.97777777777777,67.22,20000
541,51.833333333333336,86.0,67.22,17000
542,68.9488888888889,33.118055555555564,67.22,17000
543,56.10000000000001,63.63333333333334,67.22,17000
544,55.81972222222223,37.61166666666666,67.22,15000
545,56.49416666666667,84.97472222222221,67.22,8000
546,58.263333333333335,47.79583333333333,67.22,4000
547,48.02777777777777,39.88333333333333,67.22,316
548,63.72777777777778,66.66666666666669,67.22,300
549,57.46666666666667,58.150000000000006,67.22,300
550,57.37027777777778,46.45666666666666,67.22,300
551,53.67777777777777,92.14444444444443,67.22,50
552,50.51666666666667,105.83333333333333,67.22,0
553,60.02777777777777,64.77777777777776,67.22,0
554,58.53333333333333,31.28333333333334,67.25,17000
555,56.336388888888884,30.475833333333334,67.25,17000
556,54.88083333333334,58.513333333333335,67.25,14450
557,55.553333333333335,42.20444444444445,67.25,300
558,50.16666666666667,107.4111111111111,67.25,50
559,55.977777777777774,84.41666666666667,67.25,3
560,55.92777777777777,76.66666666666669,67.25,3
561,54.88333333333333,52.33333333333334,67.25,0
562,50.53333333333333,104.83333333333333,67.27,50
563,58.611111111111114,125.38333333333335,67.28,17000
564,54.46166666666667,79.6552777777778,67.28,17000
565,46.299166666666665,44.1986111111111,67.28,17000
566,50.126666666666665,45.405555555555544,67.28,17000
567,55.511111111111106,71.33333333333334,67.28,17000
568,55.55777777777777,53.69055555555555,67.28,4000
569,57.02638888888889,40.9461111111111,67.28,500
570,54.44833333333333,46.29194444444444,67.28,300
571,61.25416666666666,75.17222222222223,67.28,300
572,57.39444444444444,59.977777777777774,67.28,120
573,57.65,103.28333333333333,67.28,100
574,52.67055555555556,39.48305555555555,67.31,17000
575,61.68111111111111,40.22472222222222,67.31,17000
576,53.42249999999999,49.44388888888889,67.31,17000
577,45.766666666666666,47.67777777777777,67.31,400
578,57.35,83.93333333333334,67.31,300
579,57.410000000000004,45.095277777777774,67.31,300
580,51.33333333333334,80.22777777777777,67.31,150
581,58.39444444444444,60.74444444444444,67.31,120
582,58.14444444444444,62.95,67.31,100
583,48.0,136.79444444444445,67.31,100
584,51.67777777777777,135.66666666666669,67.31,20
585,54.40777777777778,43.74583333333333,67.31,0
586,56.02777777777777,92.90000000000002,67.31,0
587,54.780833333333334,32.04166666666667,67.31,0
588,55.209722222222226,34.301944444444445,67.34,17000
589,60.31111111111111,54.33333333333334,67.34,4000
590,55.34138888888889,86.14527777777778,67.34,4000
591,54.30500000000001,59.35944444444445,67.34,4000
592,52.31111111111111,104.30000000000001,67.34,2500
593,58.62361111111112,27.9475,67.34,1000
594,43.45805555555556,42.09805555555557,67.34,400
595,55.00583333333333,45.54805555555555,67.34,300
596,43.88416666666666,41.9725,67.34,200
597,59.16666666666667,61.86111111111111,67.34,100
598,50.86111111111111,82.41666666666667,67.34,0
599,51.694444444444436,83.27777777777777,67.34,0
600,43.32777777777777,45.63333333333334,67.37,17000
601,50.43361111111111,40.97861111111111,67.37,3000
602,51.88583333333334,58.22444444444446,67.37,700
603,58.67777777777777,62.766666666666666,67.37,300
604,53.611111111111114,92.88333333333334,67.37,200
605,52.84166666666667,34.50138888888889,67.37,200
606,55.40861111111111,43.84916666666666,67.37,100
607,46.31111111111111,46.694444444444436,67.37,100
608,52.150000000000006,80.64444444444443,67.37,40
609,55.866666666666674,80.5111111111111,67.37,3
610,54.416666666666664,76.1,67.37,3
611,53.4536111111111,36.92527777777778,67.4,400
612,57.2111111111111,87.5611111111111,67.4,300
613,56.65,90.56666666666668,67.4,100
614,57.977777777777774,61.67777777777777,67.4,100
615,56.28333333333334,77.71666666666668,67.4,30
616,54.11666666666667,82.59444444444442,67.4,30
617,54.56666666666668,75.90000000000002,67.4,30
618,60.33333333333334,78.4111111111111,67.4,20
619,56.92777777777777,81.05,67.4,20
620,54.416666666666664,51.09444444444444,67.43,2000
621,57.444444444444436,56.95,67.43,400
622,52.511111111111106,80.20000000000002,67.43,200
623,63.216666666666676,66.93333333333334,67.43,100
624,56.80111111111112,44.476944444444456,67.43,100
625,56.58333333333334,78.33333333333334,67.43,3
626,50.95,81.79444444444444,67.43,0
627,59.97638888888889,30.320833333333336,67.45,60000
628,46.05749999999999,38.96555555555556,67.46,17000
629,54.592222222222226,22.01361111111111,67.46,17000
630,54.72222222222223,55.92472222222222,67.46,8000
631,50.57527777777778,36.580555555555556,67.46,4000
632,56.826666666666675,60.62277777777778,67.46,4000
633,44.10833333333334,40.88472222222223,67.46,3000
634,55.048611111111114,60.13944444444444,67.46,400
635,47.05,142.05,67.46,300
636,54.069722222222225,44.9911111111111,67.46,300
637,61.92777777777777,63.02777777777777,67.46,200
638,54.37777777777777,92.14444444444443,67.46,200
639,61.694444444444436,96.38333333333335,67.46,120
640,66.32777777777777,70.38333333333335,67.46,100
641,64.28333333333333,100.25000000000001,67.46,100
642,54.81666666666668,105.33333333333334,67.46,100
643,55.14444444444444,80.61666666666667,67.46,4
644,50.62777777777777,104.6111111111111,67.46,0
645,61.10000000000001,80.27777777777777,67.46,0
646,50.62777777777777,105.32777777777777,67.46,0
647,54.416666666666664,110.41666666666667,67.46,0
648,59.97638888888889,30.320833333333336,67.46,0
649,52.694444444444436,111.7,67.46,0
650,50.46666666666667,105.1,67.46,0
651,52.694444444444436,84.98333333333335,67.46,0
652,65.0,53.92777777777777,67.49,400
653,57.75000000000001,85.19444444444444,67.49,100
654,51.39444444444444,79.80000000000001,67.49,100
655,56.63333333333334,78.59444444444442,67.49,3
656,54.86083333333333,43.80694444444445,67.51,300
657,55.556666666666665,39.58194444444445,67.52,17000
658,54.105277777777786,77.67333333333333,67.52,8000
659,52.67777777777777,90.06666666666668,67.52,300
660,52.37777777777777,140.45000000000002,67.52,300
661,57.56666666666668,79.46111111111111,67.52,200
662,55.05,84.79444444444444,67.52,120
663,54.37777777777777,81.17777777777776,67.52,20
664,58.81666666666668,65.97777777777777,67.52,0
665,53.43305555555555,38.667222222222215,67.52,0
666,64.20000000000002,69.04444444444444,67.52,0
667,44.78472222222222,44.18305555555555,67.55,4000
668,55.15305555555555,61.404999999999994,67.55,700
669,55.27777777777777,83.69444444444444,67.55,600
670,56.150000000000006,34.93333333333334,67.55,500
671,61.74444444444444,75.6111111111111,67.55,300
672,56.53333333333333,89.32777777777777,67.55,200
673,42.81583333333334,44.20777777777778,67.55,110
674,65.80000000000001,74.46111111111111,67.55,100
675,51.67777777777777,82.01666666666668,67.55,0
676,51.88333333333333,84.41666666666667,67.55,0
677,50.977777777777774,82.28333333333333,67.55,0
678,52.28333333333334,80.9611111111111,67.55,0
679,50.8111111111111,81.54444444444442,67.55,0
680,46.36027777777779,48.050555555555555,67.58,17000
681,54.72805555555556,20.493888888888893,67.58,17000
682,51.79444444444444,55.09444444444444,67.58,17000
683,58.02777777777777,56.233333333333334,67.58,17000
684,53.220833333333346,34.32083333333333,67.58,4000
685,50.31277777777778,38.18388888888888,67.58,3000
686,53.19,44.978888888888896,67.58,2512
687,57.81166666666667,28.277777777777782,67.58,2000
688,47.20222222222223,38.93555555555555,67.58,600
689,55.82444444444445,49.03027777777777,67.58,400
690,45.026944444444446,39.00027777777779,67.58,400
691,43.74444444444444,135.30000000000004,67.58,300
692,50.62777777777777,105.06666666666668,67.58,0
693,56.49416666666667,84.97472222222221,67.61,4000
694,57.52694444444444,62.76305555555556,67.61,4000
695,53.20222222222223,50.16444444444444,67.61,1580
696,56.7775,46.859722222222224,67.61,1000
697,55.86111111111111,32.28333333333334,67.61,1000
698,55.43249999999999,37.76499999999999,67.61,400
699,50.03722222222222,43.185555555555545,67.61,400
700,56.70000000000001,85.33333333333334,67.61,100
701,55.35,79.05,67.61,4
702,55.09444444444444,54.62777777777777,67.61,0
703,50.28333333333334,107.27777777777777,67.63,0
704,46.92777777777777,142.59444444444443,67.64,60000
705,60.59000000000001,69.04,67.64,8000
706,58.70000000000001,81.48333333333335,67.64,200
707,53.261111111111106,83.75000000000001,67.64,0
708,53.69555555555555,91.53527777777778,67.67,2000
709,59.95,57.62777777777777,67.67,2000
710,59.381944444444436,28.57888888888889,67.67,1700
711,56.395,38.71305555555556,67.67,500
712,44.63333333333334,41.95,67.67,400
713,54.46666666666667,38.72777777777778,67.67,400
714,54.425,42.85277777777779,67.67,300
715,54.977777777777774,84.56666666666668,67.67,3
716,42.994722222222215,47.471388888888896,67.7,20000
717,59.62499999999999,33.42277777777778,67.7,17000
718,67.14888888888889,32.450833333333335,67.7,8000
719,53.41222222222222,58.94666666666666,67.7,4786
720,54.3188888888889,48.39694444444445,67.7,3630
721,51.62777777777777,39.2111111111111,67.7,3548
722,55.09444444444444,38.8111111111111,67.7,400
723,56.5611111111111,84.09444444444443,67.7,300
724,56.915833333333325,47.896111111111104,67.7,300
725,52.261111111111106,117.54444444444442,67.7,250
726,51.35,112.38333333333335,67.7,250
727,57.50138888888889,60.243055555555564,67.7,120
728,51.2675,108.86972222222222,67.7,80
729,55.2111111111111,80.28333333333333,67.7,0
730,55.70000000000001,36.2111111111111,67.73,400
731,52.32777777777777,85.09444444444443,67.73,400
732,52.833333333333336,79.87777777777777,67.73,390
733,49.511111111111106,136.56666666666666,67.73,100
734,55.511111111111106,77.04444444444444,67.73,3
735,51.75000000000001,84.05,67.73,0
736,53.70000000000001,87.1,67.76,20000
737,60.694444444444436,60.416666666666664,67.76,17000
738,57.963055555555556,38.35499999999999,67.76,17000
739,64.04638888888887,44.027777777777786,67.76,17000
740,45.47527777777777,40.11222222222222,67.76,17000
741,54.49444444444445,34.98333333333334,67.76,5000
742,44.11388888888889,39.074444444444445,67.76,2240
743,53.19444444444444,55.19444444444444,67.76,600
744,58.94111111111111,46.754444444444445,67.76,500
745,67.65,53.05,67.76,400
746,57.14444444444444,103.92777777777778,67.76,300
747,53.216666666666676,92.85000000000001,67.76,50
748,53.0,91.51666666666667,67.76,50
749,59.65,67.41666666666667,67.76,0
750,50.86111111111111,82.15000000000002,67.76,0
751,63.37777777777777,63.05,67.76,0
752,60.72055555555555,28.771666666666665,67.79,17000
753,55.712777777777774,52.48527777777778,67.79,4000
754,58.32777777777777,82.90000000000002,67.79,3000
755,56.27777777777777,83.97777777777777,67.79,300
756,43.766666666666666,135.18333333333337,67.79,100
757,52.216666666666676,141.51666666666668,67.79,3
758,55.14583333333333,36.57861111111111,67.79,0
759,51.51666666666667,80.36111111111109,67.79,0
760,50.92777777777777,128.4944444444444,67.82,20000
761,53.39444444444444,55.866666666666674,67.82,17000
762,56.11944444444444,47.27777777777777,67.82,2000
763,50.79777777777778,35.6425,67.82,400
764,56.03333333333334,35.51666666666667,67.82,400
765,43.19333333333333,44.5511111111111,67.82,100
766,54.16666666666667,102.98333333333335,67.82,100
767,51.416666666666664,135.08333333333337,67.82,3
768,52.766666666666666,140.17777777777778,67.82,3
769,47.37777777777777,135.61666666666667,67.82,3
770,47.11666666666667,135.60000000000002,67.82,3
771,57.37777777777777,102.15000000000002,67.82,0
772,56.49444444444445,65.32777777777777,67.82,0
773,48.92777777777777,136.25000000000003,67.82,0
774,52.14444444444444,83.33333333333334,67.85,20000
775,63.91111111111111,34.32777777777777,67.85,17000
776,55.2111111111111,56.694444444444436,67.85,4000
777,54.14444444444444,51.56666666666668,67.85,2000
778,53.529166666666676,47.68444444444445,67.85,2000
779,59.62777777777777,30.16666666666667,67.85,2000
780,54.50638888888889,37.114999999999995,67.85,400
781,62.2111111111111,54.19444444444444,67.85,400
782,55.1825,44.11333333333333,67.85,300
783,59.511111111111106,59.2111111111111,67.85,120
784,49.833333333333336,142.83333333333334,67.85,100
785,60.37777777777777,92.64444444444443,67.85,50
786,53.16666666666667,103.09444444444443,67.88,20000
787,48.75000000000001,133.0,67.88,17000
788,54.979444444444454,82.88694444444445,67.88,17000
789,52.05,113.48333333333335,67.88,6000
790,44.58416666666666,40.11055555555556,67.88,4000
791,56.92777777777777,55.56666666666668,67.88,800
792,61.694444444444436,64.48333333333335,67.88,300
793,60.02777777777777,41.077777777777776,67.88,300
794,66.09444444444443,60.14444444444444,67.88,200
795,55.511111111111106,94.4111111111111,67.88,200
796,60.766666666666666,52.86111111111111,67.88,100
797,64.71666666666668,72.46111111111111,67.88,100
798,63.2111111111111,64.41666666666667,67.88,0
799,64.0,69.56666666666668,67.88,0
800,58.45000000000001,61.70000000000001,67.89,100
801,44.03333333333334,43.14444444444444,67.9,15850
802,57.79527777777778,51.404722222222226,67.91,1000
803,56.210000000000015,51.090555555555554,67.91,1000
804,60.98333333333334,40.2111111111111,67.91,400
805,53.866666666666674,34.45000000000001,67.91,400
806,47.405833333333334,40.03722222222222,67.91,200
807,52.62916666666666,58.37555555555555,67.94,17000
808,56.29944444444445,44.00027777777779,67.94,17000
809,56.33250000000001,30.015555555555558,67.94,17000
810,59.12611111111111,37.88972222222222,67.94,8000
811,67.91777777777777,34.596666666666664,67.94,100
812,59.5611111111111,60.5611111111111,67.94,100
813,52.46666666666667,46.62777777777777,67.94,0
814,61.771388888888886,48.472777777777786,67.94,0
815,54.12805555555556,54.13277777777778,67.97,17000
816,44.81555555555555,37.65805555555555,67.97,17000
817,52.45111111111112,37.50222222222223,67.97,4000
818,59.02777777777777,54.65,67.97,800
819,44.416944444444454,39.535833333333336,67.97,500
820,55.79277777777777,37.89166666666667,68.0,40000
821,51.88805555555556,50.1725,68.0,17000
822,63.5611111111111,53.766666666666666,68.0,17000
823,51.93333333333334,86.05,68.0,10470
824,46.05583333333333,40.885555555555555,68.0,2000
825,46.19444444444444,47.261111111111106,68.0,2000
826,51.72777777777778,107.51666666666667,68.0,2000
827,55.45000000000001,54.32777777777777,68.0,700
828,53.51666666666667,57.53333333333333,68.0,690
829,56.49416666666667,84.97472222222221,68.0,600
830,59.39444444444444,143.30000000000004,68.0,400
831,55.70000000000001,84.85000000000001,68.0,400
832,55.02777777777777,89.83333333333333,68.0,300
833,61.05,76.1,68.0,300
834,47.24000000000001,39.73694444444444,68.0,280
835,49.58333333333334,111.97777777777777,68.0,250
836,56.45000000000001,138.17777777777778,68.0,150
837,47.766666666666666,134.91111111111107,68.0,150
838,44.003055555555555,40.13416666666667,68.0,117
839,71.55333333333331,52.341111111111125,68.0,100
840,51.79444444444444,87.27777777777777,68.0,100
841,57.67777777777777,136.22777777777776,68.0,100
842,57.35,58.233333333333334,68.0,100
843,66.83333333333333,70.83333333333333,68.0,100
844,43.738611111111105,145.5186111111111,68.0,60
845,55.27777777777777,80.04444444444444,68.0,3
846,51.70000000000001,105.83333333333333,68.0,0
847,50.611111111111114,107.82777777777775,68.0,0
848,50.611111111111114,107.1,68.0,0
849,50.833333333333336,108.15000000000002,68.0,0
850,51.75000000000001,110.17777777777776,68.0,0
851,54.866666666666674,111.06666666666668,68.0,0
852,60.02777777777777,64.77777777777776,68.0,0
853,44.781111111111116,41.46333333333333,68.0,0
854,53.98333333333334,84.75000000000001,68.0,0
855,54.88083333333334,58.513333333333335,68.03,12600
856,56.644999999999996,47.87916666666668,68.03,6000
857,54.977777777777774,35.86111111111111,68.03,400
858,60.373055555555545,44.27166666666666,68.03,300
859,54.55999999999999,42.46361111111112,68.03,100
860,53.95,58.86111111111111,68.03,100
861,51.53333333333333,142.76111111111106,68.03,50
862,51.16666666666667,79.9611111111111,68.03,0
863,50.93333333333334,82.37777777777777,68.03,0
864,54.92777777777777,71.30000000000001,68.06,17000
865,56.870277777777765,53.05083333333332,68.06,17000
866,61.77527777777777,34.32833333333334,68.06,17000
867,55.833333333333336,32.93333333333334,68.06,1000
868,54.46166666666667,79.6552777777778,68.06,500
869,57.79444444444444,36.70000000000001,68.06,400
870,50.126666666666665,45.405555555555544,68.06,400
871,48.56666666666668,142.2,68.06,50
872,57.93333333333334,55.88333333333333,68.06,30
873,57.86111111111111,61.766666666666666,68.06,0
874,43.15722222222222,44.158888888888896,68.06,0
875,53.74444444444444,84.04444444444444,68.06,0
876,56.02777777777777,92.90000000000002,68.09,20000
877,52.67055555555556,39.48305555555555,68.09,17000
878,53.42249999999999,49.44388888888889,68.09,4000
879,53.19,44.978888888888896,68.09,2500
880,58.866666666666674,57.611111111111114,68.09,1000
881,57.2111111111111,83.93333333333334,68.09,300
882,51.51666666666667,110.37777777777777,68.09,250
883,52.32777777777777,135.83333333333334,68.09,100
884,57.58333333333334,58.261111111111106,68.09,100
885,51.33333333333334,139.25000000000003,68.09,0
886,55.34138888888889,86.14527777777778,68.12,17000
887,56.51666666666667,104.23333333333333,68.12,17000
888,58.62777777777777,59.86111111111111,68.12,1500
889,55.990277777777784,61.645277777777785,68.12,1250
890,56.2975,28.489722222222227,68.12,500
891,54.72777777777778,135.32777777777778,68.12,300
892,43.88416666666666,41.9725,68.12,300
893,51.511111111111106,81.17777777777776,68.12,300
894,49.98888888888889,88.65555555555555,68.12,250
895,52.8111111111111,83.22777777777777,68.12,200
896,61.45000000000001,68.93333333333334,68.12,100
897,65.4111111111111,64.6997222222222,68.12,100
898,54.88333333333333,52.33333333333334,68.12,0
899,59.81666666666668,68.82777777777775,68.12,0
900,58.81666666666668,65.97777777777777,68.12,0
901,43.42027777777778,45.76194444444445,68.15,3162
902,45.04055555555554,38.969722222222224,68.15,780
903,53.68944444444444,91.65194444444444,68.15,500
904,53.0,78.66666666666669,68.15,400
905,55.209722222222226,34.301944444444445,68.15,316
906,57.33333333333334,59.261111111111106,68.15,300
907,50.98333333333334,81.5111111111111,68.15,300
908,57.611111111111114,82.32777777777777,68.15,300
909,56.31111111111111,83.43333333333335,68.15,200
910,52.92777777777777,36.150000000000006,68.15,191
911,53.72777777777778,84.93333333333334,68.15,100
912,51.150000000000006,82.22777777777777,68.15,100
913,52.73694444444444,52.2663888888889,68.18,17000
914,58.62361111111112,27.9475,68.18,17000
915,54.78305555555555,38.906111111111116,68.18,17000
916,69.17777777777776,88.33333333333334,68.18,400
917,54.92777777777777,99.06666666666668,68.18,300
918,55.91111111111111,107.80000000000001,68.18,300
919,65.46111111111111,73.51666666666667,68.18,100
920,53.91111111111111,82.12777777777775,68.18,3
921,58.5611111111111,63.02777777777777,68.18,0
922,53.044444444444444,60.67027777777777,68.21,17000
923,68.9488888888889,33.118055555555564,68.21,4000
924,56.444444444444436,55.58333333333334,68.21,3000
925,45.44833333333333,40.56944444444445,68.21,400
926,56.11666666666667,94.59444444444442,68.21,200
927,44.275277777777774,42.236666666666665,68.21,100
928,53.766666666666666,136.83333333333334,68.21,100
929,56.62777777777777,78.30000000000001,68.21,3
930,50.39444444444444,106.1,68.23,50
931,53.74444444444444,127.83333333333333,68.24,20000
932,51.368611111111115,42.04638888888889,68.24,17000
933,56.66888888888888,124.64805555555556,68.24,17000
934,54.18666666666665,45.147222222222226,68.24,17000
935,54.72222222222223,55.92472222222222,68.24,17000
936,46.367777777777775,45.98944444444444,68.24,17000
937,55.15694444444445,61.45027777777778,68.24,4000
938,59.97638888888889,30.320833333333336,68.24,4000
939,62.37777777777777,75.85000000000001,68.24,400
940,59.06555555555556,42.27611111111112,68.24,130
941,46.56666666666668,141.8611111111111,68.24,100
942,54.81666666666668,105.33333333333334,68.24,100
943,43.866666666666674,146.83333333333334,68.24,60
944,49.977777777777774,143.27777777777777,68.24,60
945,60.37777777777777,93.04444444444444,68.24,50
946,53.46666666666667,85.90000000000002,68.24,50
947,49.0,142.8666666666667,68.24,50
948,55.261111111111106,79.17777777777776,68.24,3
949,50.65,105.71666666666668,68.24,0
950,50.46666666666667,103.51666666666667,68.24,0
951,50.416666666666664,104.15000000000002,68.24,0
952,50.53333333333333,104.83333333333333,68.24,0
953,62.45000000000001,66.04444444444444,68.24,0
954,50.74444444444444,102.80000000000001,68.24,0
955,50.49444444444445,103.05,68.24,0
956,53.82749999999999,39.57972222222224,68.24,0
957,53.14444444444444,38.10361111111112,68.27,17000
958,57.444444444444436,56.95,68.27,17000
959,53.94166666666667,51.18444444444444,68.27,17000
960,48.416666666666664,45.28333333333334,68.27,400
961,50.372499999999995,36.92027777777777,68.27,390
962,53.45000000000001,35.11666666666667,68.27,310
963,58.35,60.05,68.27,120
964,52.39444444444444,84.41666666666667,68.27,30
965,53.93333333333334,82.97777777777777,68.27,3
966,51.56666666666668,83.4111111111111,68.27,0
967,52.31111111111111,104.30000000000001,68.3,5000
968,55.79277777777777,37.89166666666667,68.3,2500
969,44.57833333333334,38.10944444444445,68.3,1000
970,48.62777777777777,142.79444444444445,68.3,300
971,51.56666666666668,135.8166666666667,68.3,100
972,64.7,55.92777777777777,68.3,100
973,66.32777777777777,70.38333333333335,68.3,100
974,65.46666666666667,53.86111111111111,68.3,100
975,64.70222222222222,43.38361111111111,68.3,100
976,44.086388888888884,41.980000000000004,68.3,100
977,54.02777777777777,82.28333333333333,68.3,30
978,59.56666666666668,90.82777777777775,68.3,20
979,51.30166666666666,37.83027777777779,68.33,17000
980,55.53333333333333,70.33333333333334,68.33,4000
981,56.72777777777778,83.90000000000002,68.33,1500
982,53.0,55.91111111111111,68.33,470
983,49.11666666666667,131.22777777777776,68.33,310
984,44.76361111111112,39.870555555555555,68.33,300
985,54.10805555555555,42.672222222222224,68.33,300
986,63.216666666666676,66.93333333333334,68.33,100
987,63.2111111111111,64.41666666666667,68.33,100
988,58.5611111111111,85.87777777777777,68.33,100
989,59.216666666666676,78.23333333333333,68.33,100
990,61.63333333333334,67.82777777777775,68.33,100
991,52.93333333333334,86.09444444444443,68.33,40
992,58.39444444444444,51.511111111111106,68.33,0
993,61.74444444444444,75.6111111111111,68.33,0
994,52.400000000000006,83.66666666666669,68.33,0
995,54.105277777777786,77.67333333333333,68.36,17000
996,58.38583333333333,42.362500000000004,68.36,17000
997,46.05749999999999,38.96555555555556,68.36,17000
998,56.32944444444445,46.561388888888885,68.36,17000
999,58.71694444444446,29.851944444444445,68.36,17000
1000,42.88333333333333,132.8666666666667,68.36,17000
1001,49.79444444444444,129.66666666666669,68.36,17000
1002,54.079166666666666,60.42416666666666,68.36,17000
1003,54.5863888888889,100.35527777777777,68.36,17000
1004,54.728611111111114,20.49416666666667,68.36,8000
1005,55.748888888888885,52.41583333333333,68.36,4000
1006,58.31222222222221,29.079166666666666,68.36,1500
1007,58.21222222222223,68.26527777777778,68.36,1200
1008,55.261111111111106,84.37777777777777,68.36,600
1009,55.14583333333333,36.57861111111111,68.36,400
1010,48.977777777777774,140.3444444444444,68.36,400
1011,53.831944444444446,80.36916666666666,68.36,300
1012,51.56666666666668,139.8611111111111,68.36,300
1013,51.98333333333334,81.85000000000001,68.36,150
1014,63.65,54.866666666666674,68.36,100
1015,53.14444444444444,139.8611111111111,68.36,100
1016,61.81666666666668,56.833333333333336,68.36,100
1017,44.93333333333334,147.56666666666666,68.36,60
1018,50.2111111111111,142.69444444444443,68.36,60
1019,51.86111111111111,44.93333333333334,68.36,0
1020,50.766666666666666,136.45000000000002,68.36,0
1021,45.738611111111105,42.896111111111104,68.39,17000
1022,59.185555555555545,36.07166666666667,68.39,17000
1023,56.91111111111111,74.37777777777777,68.39,17000
1024,55.444444444444436,65.30000000000001,68.39,4000
1025,53.200277777777785,44.038888888888884,68.39,1500
1026,56.06861111111112,54.22749999999999,68.39,600
1027,50.83583333333334,35.80944444444445,68.39,400
1028,56.70000000000001,85.33333333333334,68.39,150
1029,53.16944444444444,48.567222222222235,68.39,150
1030,58.866666666666674,60.79444444444444,68.39,100
1031,56.826666666666675,60.62277777777778,68.39,100
1032,47.02777777777777,142.27777777777777,68.39,60
1033,58.98333333333334,91.77777777777776,68.39,50
1034,43.074722222222235,44.43944444444444,68.39,0
1035,59.11666666666667,63.46666666666667,68.39,0
1036,54.60611111111112,39.7588888888889,68.42,4000
1037,53.53333333333333,87.27777777777777,68.42,790
1038,55.866666666666674,56.88333333333333,68.42,700
1039,54.077777777777776,54.93333333333334,68.42,676
1040,58.263333333333335,47.79583333333333,68.42,400
1041,54.17277777777778,45.97083333333333,68.42,300
1042,55.65,95.46666666666667,68.42,200
1043,51.49944444444444,104.14694444444446,68.42,70
1044,71.98333333333335,102.46666666666667,68.42,50
1045,52.511111111111106,82.79444444444444,68.42,0
1046,56.596944444444446,29.022222222222222,68.45,13000
1047,54.37944444444445,53.21916666666666,68.45,4000
1048,47.213611111111106,39.67833333333334,68.45,500
1049,61.56666666666668,44.05,68.45,400
1050,59.16666666666667,61.86111111111111,68.45,300
1051,58.70000000000001,81.48333333333335,68.45,150
1052,53.16666666666667,103.09444444444443,68.45,100
1053,60.261111111111106,119.69444444444444,68.45,100
1054,59.216666666666676,78.23333333333333,68.45,100
1055,53.32777777777777,81.5111111111111,68.45,50
1056,51.28333333333334,83.28333333333333,68.45,0
1057,62.14444444444444,39.33333333333334,68.45,0
1058,51.49444444444445,83.80000000000001,68.45,0
1059,55.82444444444445,49.03027777777777,68.48,17000
1060,55.2111111111111,67.20000000000002,68.48,17000
1061,58.02777777777777,56.233333333333334,68.48,17000
1062,61.688333333333325,50.81111111111111,68.48,17000
1063,56.853888888888896,35.932222222222215,68.48,17000
1064,58.0,102.61666666666667,68.48,17000
1065,50.31277777777778,38.18388888888888,68.48,17000
1066,51.3638888888889,48.2988888888889,68.48,17000
1067,51.75694444444444,36.187222222222225,68.48,4000
1068,54.98333333333334,82.88333333333334,68.48,4000
1069,46.36027777777779,48.050555555555555,68.48,400
1070,52.05,44.37777777777777,68.48,400
1071,45.261111111111106,38.261111111111106,68.48,300
1072,55.261111111111106,94.90000000000002,68.48,200
1073,58.32777777777777,112.90000000000002,68.48,120
1074,65.85000000000001,44.233333333333334,68.48,100
1075,65.80000000000001,74.46111111111111,68.48,100
1076,54.75000000000001,84.61666666666667,68.48,30
1077,55.53333333333333,79.90000000000002,68.48,3
1078,50.67777777777777,104.61666666666667,68.48,0
1079,50.62777777777777,105.06666666666668,68.48,0
1080,54.70000000000001,44.866666666666674,68.48,0
1081,45.011388888888895,41.18666666666665,68.51,17000
1082,50.03722222222222,43.185555555555545,68.51,17000
1083,57.52694444444444,62.76305555555556,68.51,14120
1084,53.20222222222223,50.16444444444444,68.51,3160
1085,51.51666666666667,81.19444444444444,68.51,1259
1086,56.329166666666666,90.50777777777779,68.51,1000
1087,51.88583333333334,58.22444444444446,68.51,700
1088,53.28333333333334,46.233333333333334,68.51,400
1089,49.511111111111106,136.56666666666666,68.51,400
1090,53.09444444444444,85.66666666666669,68.51,200
1091,60.74444444444444,77.19444444444444,68.51,150
1092,57.75000000000001,85.19444444444444,68.51,100
1093,52.0,84.97777777777777,68.51,50
1094,54.56277777777778,46.08138888888889,68.51,0
1095,54.65,88.7,68.51,0
1096,54.780833333333334,32.04166666666667,68.54,17000
1097,54.02777777777777,55.88333333333333,68.54,4000
1098,54.86111111111111,38.16666666666667,68.54,400
1099,57.66305555555555,46.64666666666666,68.54,300
1100,57.32777777777777,81.92777777777778,68.54,150
1101,52.98333333333334,138.8611111111111,68.54,100
1102,43.95500000000001,42.69027777777778,68.54,100
1103,45.26555555555556,148.0308333333333,68.54,60
1104,55.62777777777777,79.25000000000001,68.54,3
1105,61.46666666666667,64.05,68.54,0
1106,48.04777777777777,46.10361111111112,68.57,17000
1107,57.81166666666667,28.277777777777782,68.57,17000
1108,59.5611111111111,60.5611111111111,68.57,17000
1109,56.30749999999999,43.991666666666674,68.57,8000
1110,51.67388888888888,39.195833333333326,68.57,3300
1111,53.40777777777778,58.95111111111111,68.57,2000
1112,60.95666666666668,36.62222222222222,68.57,600
1113,56.27777777777777,83.97777777777777,68.57,100
1114,54.31111111111111,83.77777777777776,68.57,3
1115,55.142222222222216,75.41583333333334,68.57,3
1116,44.16666666666667,133.25000000000003,68.6,20000
1117,53.261111111111106,83.75000000000001,68.6,20000
1118,50.833333333333336,142.60000000000002,68.6,20000
1119,64.54611111111112,40.51527777777778,68.6,17000
1120,54.52166666666666,36.26055555555555,68.6,17000
1121,59.324444444444445,52.27027777777777,68.6,17000
1122,55.49583333333333,58.30861111111112,68.6,17000
1123,46.53833333333334,41.57777777777778,68.6,17000
1124,62.70000000000001,56.2111111111111,68.6,17000
1125,60.602500000000006,46.19333333333333,68.6,17000
1126,67.5111111111111,64.0,68.6,17000
1127,51.551666666666655,45.96472222222222,68.6,8000
1128,54.98333333333334,73.41666666666667,68.6,4000
1129,57.91111111111111,69.15000000000002,68.6,4000
1130,52.444444444444436,53.16666666666667,68.6,3000
1131,60.59000000000001,69.04,68.6,2000
1132,44.393888888888895,38.628888888888895,68.6,400
1133,61.28333333333334,108.01666666666668,68.6,400
1134,61.416666666666664,72.51666666666667,68.6,300
1135,56.79416666666667,49.64222222222223,68.6,300
1136,53.0,78.66666666666669,68.6,300
1137,57.31111111111111,88.17777777777776,68.6,300
1138,56.833333333333336,95.23333333333333,68.6,200
1139,48.98333333333334,131.76111111111106,68.6,130
1140,65.9611111111111,55.150000000000006,68.6,100
1141,55.91111111111111,107.80000000000001,68.6,100
1142,54.86111111111111,84.97777777777777,68.6,3
1143,56.02777777777777,110.92777777777778,68.6,0
1144,51.92777777777777,102.43333333333335,68.6,0
1145,51.70000000000001,105.83333333333333,68.6,0
1146,55.35,109.19444444444444,68.6,0
1147,52.79444444444444,111.74444444444444,68.6,0
1148,50.35,106.71666666666668,68.6,0
1149,50.16666666666667,107.4111111111111,68.6,0
1150,51.67777777777777,100.98333333333335,68.6,0
1151,52.416666666666664,110.79444444444444,68.6,0
1152,52.03333333333334,48.75000000000001,68.6,0
1153,52.694444444444436,99.69444444444444,68.6,0
1154,51.75000000000001,110.17777777777776,68.6,0
1155,51.8111111111111,103.01666666666668,68.6,0
1156,51.63333333333334,101.66666666666669,68.6,0
1157,50.31111111111111,107.15000000000002,68.6,0
1158,53.37777777777777,109.0,68.6,0
1159,50.51666666666667,106.28333333333333,68.6,0
1160,56.261111111111106,112.80000000000001,68.6,0
1161,54.694444444444436,102.46111111111111,68.6,0
1162,53.58333333333334,91.38333333333335,68.63,17000
1163,54.57277777777777,52.39750000000001,68.63,17000
1164,55.233333333333334,63.31111111111111,68.63,17000
1165,59.62499999999999,33.42277777777778,68.63,17000
1166,57.28333333333334,54.977777777777774,68.63,2000
1167,65.54444444444442,72.51666666666667,68.63,500
1168,56.31111111111111,101.71666666666668,68.63,400
1169,50.83583333333334,35.80944444444445,68.63,400
1170,55.53333333333333,79.90000000000002,68.63,300
1171,51.96555555555556,43.55888888888888,68.63,200
1172,47.405833333333334,40.03722222222222,68.63,200
1173,55.86111111111111,96.19444444444444,68.63,0
1174,52.45111111111112,37.50222222222223,68.66,17000
1175,57.519166666666656,39.7575,68.66,17000
1176,55.34138888888889,86.14527777777778,68.66,4000
1177,59.93333333333334,30.26111111111111,68.66,3160
1178,56.644999999999996,47.87916666666668,68.66,3000
1179,58.866666666666674,57.611111111111114,68.66,1000
1180,56.09444444444444,35.98333333333334,68.66,400
1181,58.82472222222222,44.2663888888889,68.66,300
1182,58.46666666666667,62.611111111111114,68.66,300
1183,52.2111111111111,55.58333333333334,68.66,126
1184,44.32361111111112,41.9461111111111,68.66,100
1185,57.39444444444444,59.977777777777774,68.66,100
1186,60.16666666666667,93.05,68.66,50
1187,56.8111111111111,86.1,68.66,20
1188,55.31111111111111,81.05,68.66,4
1189,52.31111111111111,86.19444444444444,68.66,0
1190,54.133611111111115,59.36527777777778,68.68,400
1191,56.23277777777779,32.775555555555556,68.69,1000
1192,49.75000000000001,142.83333333333334,68.69,300
1193,53.50027777777778,49.400555555555556,68.69,200
1194,58.39444444444444,60.74444444444444,68.69,100
1195,62.02777777777777,67.30000000000001,68.69,100
1196,54.09444444444444,43.23527777777779,68.69,100
1197,54.46666666666667,81.30000000000001,68.69,3
1198,50.56666666666668,136.9666666666667,68.72,20000
1199,52.02777777777777,127.66666666666669,68.72,20000
1200,56.05,69.5111111111111,68.72,17000
1201,51.23083333333334,58.45277777777778,68.72,17000
1202,65.28333333333333,57.10000000000001,68.72,17000
1203,56.51666666666667,57.261111111111106,68.72,6300
1204,53.63333333333334,54.81666666666668,68.72,3000
1205,45.011944444444445,41.85333333333334,68.72,2000
1206,45.026944444444446,39.00027777777779,68.72,1000
1207,56.444444444444436,40.444444444444436,68.72,500
1208,45.22333333333333,36.99055555555555,68.72,500
1209,60.39444444444444,77.79444444444444,68.72,300
1210,44.05,44.416666666666664,68.72,300
1211,56.19444444444444,61.91111111111111,68.72,300
1212,52.261111111111106,87.12777777777775,68.72,300
1213,54.902777777777764,42.780555555555566,68.72,300
1214,56.95,90.69444444444444,68.72,200
1215,50.72777777777778,156.08333333333337,68.72,130
1216,58.70000000000001,61.09444444444444,68.72,120
1217,58.8111111111111,61.16666666666667,68.72,100
1218,55.215555555555554,45.89805555555555,68.72,100
1219,61.511111111111106,50.72777777777778,68.72,100
1220,63.833333333333336,67.79444444444444,68.72,100
1221,53.95,102.05,68.72,0
1222,52.833333333333336,79.87777777777777,68.75,17000
1223,47.75416666666668,44.509166666666665,68.75,17000
1224,55.14444444444444,61.444444444444436,68.75,10000
1225,54.39166666666666,45.77722222222222,68.75,100
1226,62.10000000000001,77.56666666666668,68.75,100
1227,55.65,109.32777777777777,68.75,100
1228,57.35,58.233333333333334,68.75,100
1229,54.216666666666676,50.444444444444436,68.75,0
1230,56.49416666666667,84.97472222222221,68.78,8000
1231,53.220833333333346,34.32083333333333,68.78,4000
1232,45.79444444444444,47.216666666666676,68.78,2000
1233,60.58333333333334,58.39444444444444,68.78,1000
1234,55.45000000000001,54.32777777777777,68.78,600
1235,56.45000000000001,138.17777777777778,68.78,400
1236,52.80972222222222,52.31805555555556,68.78,400
1237,54.81666666666668,54.05,68.78,400
1238,62.216666666666676,50.0,68.78,300
1239,60.373055555555545,44.27166666666666,68.78,300
1240,60.74444444444444,77.19444444444444,68.78,150
1241,56.58333333333334,61.72777777777778,68.78,100
1242,52.11666666666667,141.29444444444442,68.78,30
1243,54.62444444444444,43.89166666666667,68.78,0
1244,45.05,39.02777777777777,68.8,1000
1245,58.53333333333333,31.200000000000003,68.81,17000
1246,51.62777777777777,114.25000000000001,68.81,250
1247,59.216666666666676,63.0,68.81,120
1248,58.09444444444444,63.39444444444444,68.81,120
1249,43.28805555555556,41.62138888888888,68.81,100
1250,56.72777777777778,62.86111111111111,68.81,100
1251,43.85833333333333,41.5863888888889,68.81,70
1252,56.03333333333334,83.01666666666668,68.81,3
1253,51.95,85.33333333333334,68.81,0
1254,56.021944444444436,95.20666666666666,68.84,20000
1255,61.216666666666676,73.37777777777777,68.84,20000
1256,56.870277777777765,53.05083333333332,68.84,17000
1257,52.67777777777777,44.14444444444444,68.84,17000
1258,45.47527777777777,40.11222222222222,68.84,17000
1259,55.81972222222223,37.61166666666666,68.84,15000
1260,55.95,67.7,68.84,4000
1261,54.74444444444444,20.500000000000004,68.84,2000
1262,58.65,37.27777777777777,68.84,1000
1263,56.56666666666668,76.61666666666667,68.84,600
1264,58.93333333333334,62.611111111111114,68.84,300
1265,57.465833333333336,45.82833333333333,68.84,300
1266,43.67861111111111,44.97638888888889,68.84,200
1267,53.14444444444444,143.02777777777774,68.84,130
1268,66.54444444444442,61.79444444444444,68.84,100
1269,58.97111111111112,47.035000000000004,68.84,100
1270,60.49444444444445,52.67777777777777,68.84,100
1271,52.766666666666666,140.15,68.84,3
1272,55.33333333333334,76.93333333333334,68.84,3
1273,55.05,84.41666666666667,68.84,3
1274,51.0,106.19444444444444,68.84,0
1275,51.416666666666664,107.46111111111111,68.84,0
1276,54.62777777777777,83.36111111111109,68.84,0
1277,52.05,106.65,68.84,0
1278,52.02777777777777,109.14444444444443,68.84,0
1279,51.63333333333334,107.0,68.84,0
1280,42.72777777777778,130.79444444444445,68.84,0
1281,52.16666666666667,109.61666666666667,68.84,0
1282,51.53333333333333,107.75000000000001,68.84,0
1283,67.65,53.05,68.84,0
1284,52.03333333333334,108.5111111111111,68.84,0
1285,51.93333333333334,108.06666666666668,68.84,0
1286,52.95,108.22777777777777,68.84,0
1287,51.31111111111111,107.23333333333333,68.84,0
1288,51.45000000000001,104.64444444444443,68.84,0
1289,61.150000000000006,149.64444444444445,68.85,100
1290,42.994722222222215,47.471388888888896,68.87,20000
1291,67.14888888888889,32.450833333333335,68.87,17000
1292,56.677499999999995,59.28333333333334,68.87,17000
1293,53.70000000000001,87.1,68.87,17000
1294,60.72055555555555,28.771666666666665,68.87,17000
1295,58.32777777777777,82.90000000000002,68.87,8000
1296,56.51666666666667,31.644444444444442,68.87,5000
1297,54.50027777777778,53.53222222222223,68.87,1200
1298,55.02083333333333,44.50055555555554,68.87,300
1299,45.28333333333334,37.400000000000006,68.87,140
1300,57.67777777777777,136.22777777777776,68.87,100
1301,43.59027777777778,39.738611111111105,68.9,8000
1302,54.68638888888888,51.50750000000001,68.9,4000
1303,56.400000000000006,61.93333333333334,68.9,4000
1304,56.11944444444444,47.27777777777777,68.9,3160
1305,52.80416666666665,51.16333333333333,68.9,2000
1306,56.02777777777777,92.90000000000002,68.9,300
1307,47.213611111111106,39.67833333333334,68.9,200
1308,57.74444444444444,59.866666666666674,68.9,120
1309,58.05,60.5611111111111,68.9,120
1310,65.4111111111111,64.6997222222222,68.9,100
1311,52.31111111111111,84.85000000000001,68.9,50
1312,54.53333333333333,76.71666666666668,68.9,3
1313,56.261111111111106,77.36111111111109,68.9,3
1314,51.08666666666667,39.98666666666667,68.93,17000
1315,59.381944444444436,28.57888888888889,68.93,17000
1316,53.73055555555556,77.99333333333333,68.93,4000
1317,54.81666666666668,81.48333333333335,68.93,4000
1318,53.33972222222223,58.49638888888889,68.93,3000
1319,69.17777777777776,88.33333333333334,68.93,2000
1320,58.56666666666668,55.694444444444436,68.93,500
1321,66.71666666666668,52.31111111111111,68.93,400
1322,48.58472222222222,45.770833333333336,68.93,400
1323,55.34333333333334,42.15666666666666,68.93,300
1324,56.31111111111111,83.43333333333335,68.93,150
1325,65.46666666666667,54.27777777777777,68.93,100
1326,64.54444444444442,53.31111111111111,68.93,100
1327,66.28333333333333,56.45000000000001,68.93,100
1328,56.31111111111111,57.98333333333334,68.93,100
1329,56.400000000000006,78.82777777777775,68.93,3
1330,55.511111111111106,77.23333333333333,68.93,3
1331,56.16499999999999,88.3422222222222,68.96,17000
1332,44.05,43.08833333333334,68.96,17000
1333,53.38722222222222,55.87388888888888,68.96,17000
1334,55.035555555555554,32.38111111111112,68.96,17000
1335,57.694444444444436,71.17777777777776,68.96,17000
1336,57.79527777777778,51.404722222222226,68.96,4000
1337,54.694444444444436,78.66666666666669,68.96,4000
1338,54.88333333333333,52.33333333333334,68.96,1000
1339,50.74749999999999,86.13750000000002,68.96,400
1340,56.11666666666667,66.59444444444442,68.96,300
1341,57.56666666666668,58.233333333333334,68.96,300
1342,51.28333333333334,85.69444444444444,68.96,200
1343,49.72777777777778,89.19444444444444,68.96,200
1344,46.70000000000001,141.8666666666667,68.96,130
1345,53.88333333333333,92.66666666666669,68.96,120
1346,50.35,87.77777777777776,68.96,100
1347,50.8111111111111,134.12777777777777,68.96,100
1348,62.70000000000001,51.28333333333334,68.96,100
1349,53.75000000000001,79.48333333333335,68.96,3
1350,54.2111111111111,78.71666666666668,68.96,3
1351,54.291111111111114,45.12388888888889,68.96,0
1352,44.37944444444445,46.4913888888889,68.99,20000
1353,52.14444444444444,83.33333333333334,68.99,20000
1354,48.38638888888888,41.848055555555554,68.99,17000
1355,53.06055555555555,47.75777777777779,68.99,8900
1356,52.95,49.70000000000001,68.99,1000
1357,57.33333333333334,59.261111111111106,68.99,300
1358,56.6475,43.47083333333334,68.99,300
1359,43.45805555555556,42.09805555555557,68.99,300
1360,56.65,90.56666666666668,68.99,200
1361,53.694444444444436,57.86111111111111,68.99,100
1362,54.400000000000006,76.28333333333333,68.99,3
1363,55.70000000000001,79.51666666666667,68.99,3
1364,53.75000000000001,78.66666666666669,68.99,3
1365,56.35,41.32777777777777,68.99,0
1366,54.63,43.233333333333334,68.99,0
1367,58.378055555555555,33.92666666666667,69.02,17000
1368,52.744444444444454,41.42666666666666,69.02,8000
1369,54.14083333333334,37.58416666666666,69.02,4000
1370,56.833333333333336,60.611111111111114,69.02,400
1371,60.59000000000001,69.04,69.02,300
1372,55.98333333333334,82.71666666666668,69.02,300
1373,60.150000000000006,59.95,69.02,120
1374,63.33333333333334,50.92777777777777,69.02,100
1375,59.06555555555556,42.27611111111112,69.02,100
1376,44.0,145.81111111111107,69.02,60
1377,53.416666666666664,89.14444444444443,69.02,0
1378,62.216666666666676,66.97777777777777,69.02,0
1379,43.977777777777774,145.69444444444443,69.02,0
1380,59.99138888888889,30.127499999999994,69.05,40000
1381,56.92777777777777,55.56666666666668,69.05,17000
1382,59.18388888888888,39.9461111111111,69.05,4000
1383,53.694444444444436,52.16666666666667,69.05,2000
1384,55.2111111111111,80.28333333333333,69.05,600
1385,54.511111111111106,84.17777777777776,69.05,500
1386,54.077777777777776,34.31111111111111,69.05,400
1387,51.216666666666676,109.22777777777777,69.05,250
1388,61.35,51.91111111111111,69.05,100
1389,56.10000000000001,82.25000000000001,69.05,3
1390,59.93333333333334,48.833333333333336,69.05,0
1391,66.09444444444443,60.14444444444444,69.08,17000
1392,53.10083333333333,46.430277777777775,69.08,17000
1393,51.72777777777778,94.46666666666667,69.08,17000
1394,44.58416666666666,40.11055555555556,69.08,17000
1395,58.31027777777778,45.53388888888889,69.08,17000
1396,55.444444444444436,65.30000000000001,69.08,2000
1397,46.0411111111111,38.16499999999999,69.08,1000
1398,52.05,113.48333333333335,69.08,800
1399,52.70000000000001,56.62777777777777,69.08,700
1400,56.200833333333335,42.694444444444436,69.08,500
1401,60.74444444444444,42.05,69.08,500
1402,56.09444444444444,99.65,69.08,400
1403,62.866666666666674,61.65,69.08,400
1404,58.45000000000001,85.01666666666668,69.08,250
1405,57.72777777777778,85.80000000000001,69.08,200
1406,59.261111111111106,59.51666666666667,69.08,120
1407,52.79444444444444,78.80000000000001,69.08,40
1408,55.31111111111111,84.0,69.08,3
1409,52.37777777777777,110.27777777777777,69.08,0
1410,52.8111111111111,54.93333333333334,69.08,0
1411,67.5611111111111,63.79444444444444,69.08,0
1412,65.51250000000002,44.911944444444444,69.08,0
1413,53.833333333333336,110.36111111111109,69.08,0
1414,65.43333333333335,52.150000000000006,69.08,0
1415,50.10000000000001,139.12777777777777,69.08,0
1416,55.69583333333332,60.55861111111111,69.11,17000
1417,53.261111111111106,83.75000000000001,69.11,5000
1418,56.866666666666674,37.35,69.11,2000
1419,56.8111111111111,67.32777777777777,69.11,1200
1420,56.702500000000015,49.39333333333334,69.11,1000
1421,55.70000000000001,84.85000000000001,69.11,600
1422,44.32361111111112,41.9461111111111,69.11,100
1423,64.23333333333333,53.56666666666668,69.11,100
1424,65.30000000000001,53.28333333333334,69.11,100
1425,61.63333333333334,67.82777777777775,69.11,100
1426,64.4775,37.93333333333334,69.11,100
1427,53.866666666666674,91.80000000000001,69.11,50
1428,55.05,84.37777777777777,69.11,3
1429,56.62777777777777,57.766666666666666,69.11,0
1430,59.74444444444444,62.92777777777777,69.11,0
1432,46.299166666666665,44.1986111111111,69.14,17000
1433,50.126666666666665,45.405555555555544,69.14,17000
1434,58.59361111111112,49.68972222222222,69.14,17000
1435,52.67055555555556,39.48305555555555,69.14,17000
1436,56.336388888888884,30.475833333333334,69.14,17000
1437,54.77194444444444,56.00472222222222,69.14,10600
1438,58.694444444444436,27.850000000000005,69.14,1000
1439,60.511111111111106,53.416666666666664,69.14,400
1440,54.94944444444445,37.41638888888888,69.14,400
1441,54.027777777777786,43.918611111111105,69.14,300
1442,61.25416666666666,75.17222222222223,69.14,300
1443,57.977777777777774,61.67777777777777,69.14,120
1444,61.03333333333334,61.98333333333334,69.14,100
1445,55.19444444444444,79.59444444444442,69.14,3
1446,58.09444444444444,92.64444444444443,69.14,0
1447,62.977777777777774,65.09444444444443,69.14,0
1448,61.70555555555555,30.740277777777777,69.17,17000
1449,43.42027777777778,45.76194444444445,69.17,2239
1450,53.233333333333334,79.0,69.17,1000
1451,56.511111111111106,39.67777777777777,69.17,500
1452,56.75472222222223,48.53416666666667,69.17,400
1453,47.75000000000001,46.8111111111111,69.17,400
1454,51.505277777777785,116.6363888888889,69.17,380
1455,57.2111111111111,83.93333333333334,69.17,300
1456,57.37777777777777,61.400000000000006,69.17,300
1457,55.63333333333334,89.20000000000002,69.17,200
1458,43.11666666666667,46.35,69.17,190
1459,57.233333333333334,58.72777777777778,69.17,100
1460,58.866666666666674,60.79444444444444,69.17,100
1461,56.2111111111111,96.54444444444442,69.17,20
1462,57.14444444444444,57.33333333333334,69.17,0
1463,57.62777777777777,64.38333333333335,69.17,0
1464,63.86111111111111,57.32777777777777,69.17,0
1465,52.62916666666666,58.37555555555555,69.2,17000
1466,50.261111111111106,127.5611111111111,69.2,17000
1467,52.72777777777778,81.6111111111111,69.2,17000
1468,53.46666666666667,143.0,69.2,17000
1469,55.51666666666667,45.39972222222222,69.2,17000
1470,55.209722222222226,34.301944444444445,69.2,17000
1471,59.12611111111111,37.88972222222222,69.2,600
1472,58.67777777777777,62.766666666666666,69.2,300
1473,56.86111111111111,59.05,69.2,300
1474,44.261111111111106,135.08333333333337,69.2,300
1475,60.09444444444444,142.3444444444444,69.2,100
1476,46.31111111111111,46.694444444444436,69.2,100
1477,65.66666666666669,54.51666666666667,69.2,100
1478,66.25000000000001,52.56666666666668,69.2,100
1479,67.91777777777777,34.596666666666664,69.2,100
1480,50.37777777777777,137.50000000000003,69.2,100
1481,56.150000000000006,48.78805555555555,69.2,100
1482,49.977777777777774,142.7666666666667,69.2,60
1483,50.62777777777777,105.32777777777777,69.2,50
1484,50.72777777777778,107.69444444444444,69.2,0
1485,57.79444444444444,82.65,69.2,0
1486,50.65,107.17777777777776,69.2,0
1487,59.02777777777777,54.65,69.23,17000
1488,53.28333333333334,91.59444444444442,69.23,17000
1489,62.72055555555555,40.29277777777778,69.23,17000
1490,56.10000000000001,63.63333333333334,69.23,17000
1491,54.23555555555555,49.54361111111112,69.23,14120
1492,55.15305555555555,61.404999999999994,69.23,1000
1493,45.026944444444446,39.00027777777779,69.23,1000
1494,55.49444444444445,54.866666666666674,69.23,600
1495,45.53805555555555,38.90444444444445,69.23,500
1496,45.44833333333333,40.56944444444445,69.23,400
1497,48.416666666666664,45.28333333333334,69.23,400
1498,61.28333333333334,60.46666666666667,69.23,300
1499,59.16666666666667,61.86111111111111,69.23,300
1500,45.46694444444444,39.484166666666674,69.23,220
1501,51.258611111111115,37.64888888888888,69.23,100
1502,54.979444444444454,82.88694444444445,69.26,17000
1503,58.02777777777777,56.233333333333334,69.26,17000
1504,54.88083333333334,58.513333333333335,69.26,17000
1505,55.79277777777777,37.89166666666667,69.26,15000
1506,51.79444444444444,55.09444444444444,69.26,4000
1507,59.27777777777778,32.465833333333336,69.26,1600
1508,43.88416666666666,41.9725,69.26,400
1509,52.46666666666667,38.02777777777777,69.26,32
1510,58.13027777777778,59.63083333333334,69.29,17000
1511,53.341111111111125,43.30500000000001,69.29,17000
1512,44.81555555555555,37.65805555555555,69.29,4000
1513,57.02638888888889,40.9461111111111,69.29,800
1514,45.766666666666666,47.67777777777777,69.29,400
1515,50.66638888888888,38.389722222222225,69.29,390
1516,55.89861111111111,48.34472222222222,69.29,300
1517,56.53333333333333,89.32777777777777,69.29,200
1518,58.32777777777777,112.90000000000002,69.29,100
1519,43.833333333333336,146.76111111111106,69.29,60
1520,57.444444444444436,80.98333333333335,69.29,20
1521,54.95,77.28333333333333,69.29,3
1522,53.261111111111106,85.92777777777778,69.29,0
1523,55.766666666666666,60.72777777777778,69.29,0
1524,45.91111111111111,133.71111111111108,69.32,20000
1525,53.977777777777774,123.97777777777777,69.32,20000
1526,51.833333333333336,86.0,69.32,17000
1527,55.65472222222222,52.60638888888889,69.32,17000
1528,54.60611111111112,39.7588888888889,69.32,17000
1529,58.263333333333335,47.79583333333333,69.32,17000
1530,54.49444444444445,34.98333333333334,69.32,5000
1531,52.91111111111111,84.66666666666669,69.32,3000
1532,59.611111111111114,69.30000000000001,69.32,2000
1533,56.39444444444444,68.37777777777777,69.32,2000
1534,64.59444444444442,40.62777777777777,69.32,1000
1535,55.93333333333334,75.90000000000002,69.32,500
1536,59.39444444444444,143.30000000000004,69.32,400
1537,56.32777777777777,58.2111111111111,69.32,300
1538,60.02777777777777,64.77777777777776,69.32,300
1539,42.028333333333336,48.24972222222222,69.32,250
1540,53.05,105.5111111111111,69.32,100
1541,56.46666666666667,57.72777777777778,69.32,100
1542,66.83333333333333,70.83333333333333,69.32,100
1543,63.72777777777778,66.66666666666669,69.32,0
1544,57.59944444444445,34.56472222222221,69.35,1000
1545,56.27777777777777,32.077777777777776,69.35,1000
1546,54.77722222222222,42.291111111111114,69.35,400
1547,57.32777777777777,64.4111111111111,69.35,300
1548,52.748333333333335,55.79777777777778,69.35,100
1549,54.46166666666667,79.6552777777778,69.38,17000
1550,55.511111111111106,71.33333333333334,69.38,17000
1551,51.67388888888888,39.195833333333326,69.38,17000
1552,58.611111111111114,125.38333333333335,69.38,8000
1553,61.8111111111111,34.32777777777777,69.38,4000
1554,56.644999999999996,47.87916666666668,69.38,3000
1555,43.01527777777777,44.68638888888888,69.38,2500
1556,45.14472222222222,39.596388888888896,69.38,2000
1557,56.88333333333333,56.58333333333334,69.38,1000
1558,56.98083333333333,63.28833333333333,69.38,300
1559,53.71444444444444,87.79888888888888,69.38,158
1560,60.72777777777778,114.92777777777778,69.38,120
1561,53.39444444444444,103.87777777777777,69.38,100
1562,63.5611111111111,53.766666666666666,69.38,0
1563,53.42249999999999,49.44388888888889,69.41,17000
1564,54.98333333333334,60.37777777777777,69.41,4000
1565,54.01694444444445,44.41916666666667,69.41,300
1566,57.32777777777777,81.92777777777778,69.41,100
1567,43.966388888888886,42.53527777777778,69.41,60
1568,51.35,112.38333333333335,69.41,50
1569,51.33333333333334,83.05,69.41,0
1570,61.68111111111111,40.22472222222222,69.41,0
1571,53.09444444444444,82.36111111111109,69.41,0
1572,54.611111111111114,53.70000000000001,69.41,0
1573,47.83777777777779,43.48833333333334,69.44,17000
1574,55.34138888888889,86.14527777777778,69.44,17000
1575,61.237222222222215,46.62277777777778,69.44,17000
1576,56.043888888888894,36.10472222222223,69.44,17000
1577,47.23555555555555,39.744444444444454,69.44,2240
1578,50.82055555555556,37.16222222222222,69.44,310
1579,51.0,82.0,69.44,150
1580,57.39444444444444,59.977777777777774,69.44,100
1581,50.891111111111115,142.1233333333333,69.44,60
1582,46.62777777777777,143.13333333333335,69.44,60
1583,56.32777777777777,77.74444444444444,69.44,3
1584,52.37777777777777,36.511111111111106,69.44,0
1585,43.611111111111114,39.75000000000001,69.44,0
1586,59.99138888888889,30.127499999999994,69.47,25000
1587,56.01944444444445,40.84027777777777,69.47,17000
1588,58.0,102.61666666666667,69.47,17000
1589,53.86166666666667,57.53472222222223,69.47,500
1590,47.27777777777777,134.4444444444444,69.47,300
1591,52.69305555555555,47.12472222222222,69.47,300
1592,42.81583333333334,44.20777777777778,69.47,110
1593,60.416666666666664,69.90000000000002,69.47,100
1594,56.70000000000001,78.09444444444443,69.47,3
1595,56.077777777777776,56.62777777777777,69.47,0
1596,53.27777777777777,80.77777777777776,69.47,0
1597,47.27777777777777,134.41666666666666,69.47,0
1598,54.077777777777776,52.14444444444444,69.47,0
1599,52.24583333333334,43.7886111111111,69.47,0
1600,47.37777777777777,134.27777777777777,69.47,0
1601,52.31111111111111,104.30000000000001,69.5,60000
1602,55.035555555555554,32.38111111111112,69.5,17000
1603,54.079166666666666,60.42416666666666,69.5,17000
1604,55.199166666666656,76.03694444444443,69.5,17000
1605,57.95055555555556,35.977777777777774,69.5,7943
1606,53.833333333333336,91.30000000000001,69.5,2000
1607,55.45000000000001,54.32777777777777,69.5,600
1608,56.09444444444444,99.65,69.5,400
1609,48.62777777777777,142.79444444444445,69.5,300
1610,60.02777777777777,41.077777777777776,69.5,300
1611,52.8111111111111,89.93333333333334,69.5,300
1612,57.0,86.15000000000002,69.5,200
1613,58.39444444444444,97.46111111111111,69.5,120
1614,66.96166666666669,30.33527777777778,69.5,100
1615,57.75000000000001,85.19444444444444,69.5,100
1616,58.39444444444444,61.56666666666668,69.5,100
1617,64.93333333333334,45.63333333333334,69.5,100
1618,46.56666666666668,141.8611111111111,69.5,60
1619,42.70000000000001,47.49444444444445,69.5,0
1620,62.70000000000001,56.2111111111111,69.5,0
1621,52.58333333333334,81.0,69.5,0
1622,53.14444444444444,38.10361111111112,69.53,17000
1623,45.011944444444445,41.85333333333334,69.53,17000
1624,53.72777777777778,84.93333333333334,69.53,17000
1625,54.77277777777778,46.2388888888889,69.53,15850
1626,58.27777777777777,54.93333333333334,69.53,1000
1627,54.30500000000001,59.35944444444445,69.53,470
1628,57.101388888888884,43.791666666666664,69.53,400
1629,55.416666666666664,37.5611111111111,69.53,400
1630,54.94944444444445,37.41638888888888,69.53,400
1631,63.2111111111111,64.41666666666667,69.53,100
1632,62.33333333333334,38.216666666666676,69.53,100
1633,54.88333333333333,52.33333333333334,69.53,0
1634,60.694444444444436,60.416666666666664,69.53,0
1635,50.67777777777777,116.32777777777777,69.56,20000
1636,55.37777777777777,89.83333333333333,69.56,20000
1637,57.13194444444444,65.59527777777775,69.56,17000
1638,63.416666666666664,48.70000000000001,69.56,17000
1639,62.64777777777777,42.94027777777777,69.56,17000
1640,57.519166666666656,39.7575,69.56,17000
1641,56.11666666666667,94.59444444444442,69.56,4000
1642,54.233333333333334,55.02777777777777,69.56,3000
1643,50.43361111111111,40.97861111111111,69.56,3000
1644,58.45000000000001,85.01666666666668,69.56,300
1645,52.70000000000001,143.1,69.56,300
1646,51.03333333333334,85.54444444444442,69.56,200
1647,52.866666666666674,156.17777777777778,69.56,200
1648,51.79444444444444,87.27777777777777,69.56,120
1649,50.400000000000006,103.87777777777777,69.56,50
1650,55.511111111111106,81.5611111111111,69.56,3
1651,56.077777777777776,83.12777777777775,69.56,3
1652,54.45000000000001,113.6111111111111,69.56,0
1653,50.70000000000001,103.46666666666667,69.56,0
1654,50.51666666666667,102.92777777777778,69.56,0
1655,51.98333333333334,106.59444444444442,69.56,0
1656,51.70000000000001,101.54444444444442,69.56,0
1657,50.39444444444444,106.1,69.56,0
1658,51.833333333333336,143.17777777777778,69.56,0
1659,51.62777777777777,109.6111111111111,69.56,0
1660,56.33333333333334,30.01666666666667,69.56,0
1661,50.53333333333333,104.98333333333335,69.56,0
1662,50.216666666666676,107.06666666666668,69.56,0
1663,53.216666666666676,112.79444444444444,69.56,0
1664,52.53333333333333,111.5611111111111,69.56,0
1665,52.74444444444444,113.28333333333333,69.56,0
1666,50.45000000000001,103.59444444444442,69.56,0
1667,52.611111111111114,112.87777777777777,69.56,0
1668,51.75000000000001,102.5611111111111,69.56,0
1669,55.49444444444445,113.64444444444443,69.56,0
1670,50.49444444444445,104.28333333333333,69.56,0
1671,52.33333333333334,110.61666666666667,69.56,0
1672,50.416666666666664,106.82777777777775,69.56,0
1673,51.98333333333334,109.79444444444444,69.56,0
1674,50.833333333333336,102.79444444444444,69.56,0
1675,57.66305555555555,46.64666666666666,69.59,17000
1676,45.426944444444445,46.85527777777777,69.59,17000
1677,48.74138888888889,44.53055555555555,69.59,17000
1678,46.114999999999995,39.79083333333334,69.59,1000
1679,61.216666666666676,73.37777777777777,69.59,400
1680,52.86416666666666,47.886388888888895,69.59,300
1681,56.833333333333336,70.56666666666668,69.59,300
1682,54.37777777777777,57.5611111111111,69.59,200
1683,59.216666666666676,63.0,69.59,100
1684,55.09444444444444,80.38333333333335,69.59,3
1685,61.92777777777777,63.02777777777777,69.59,0
1686,63.2111111111111,59.74444444444444,69.59,0
1687,64.0,69.56666666666668,69.59,0
1688,56.870277777777765,53.05083333333332,69.62,17000
1689,54.07027777777778,35.32416666666668,69.62,17000
1690,60.602500000000006,46.19333333333333,69.62,8000
1691,57.444444444444436,56.95,69.62,3548
1692,58.71694444444446,29.851944444444445,69.62,1600
1693,52.70000000000001,56.62777777777777,69.62,600
1694,56.200833333333335,48.23694444444445,69.62,300
1695,57.10000000000001,83.90000000000002,69.62,300
1696,56.233333333333334,96.06666666666668,69.62,200
1697,57.611111111111114,82.32777777777777,69.62,150
1698,66.56666666666668,67.80000000000001,69.62,100
1699,49.233333333333334,135.17777777777778,69.62,100
1700,49.35,140.05,69.62,100
1701,43.552777777777784,44.403888888888886,69.62,20
1702,54.27777777777777,82.54444444444442,69.62,3
1703,60.3586111111111,37.91833333333334,69.65,17000
1704,59.5611111111111,60.5611111111111,69.65,17000
1705,55.15305555555555,61.404999999999994,69.65,10000
1706,49.75000000000001,142.83333333333334,69.65,400
1707,44.644444444444446,40.58194444444445,69.65,300
1708,56.92722222222223,49.13111111111112,69.65,300
1709,58.70000000000001,59.49444444444445,69.65,100
1710,54.31222222222221,44.467222222222226,69.65,100
1711,49.88333333333333,139.9611111111111,69.65,100
1712,43.85833333333333,41.5863888888889,69.65,100
1713,55.92777777777777,36.86111111111111,69.65,0
1714,61.0,71.90000000000002,69.65,0
1715,52.86111111111111,86.48333333333335,69.65,0
1716,61.261111111111106,67.66666666666669,69.65,0
1717,54.2713888888889,40.557222222222215,69.68,24500
1718,56.02777777777777,92.90000000000002,69.68,20000
1719,53.27777777777777,158.66111111111107,69.68,20000
1720,43.150000000000006,131.9666666666667,69.68,20000
1721,50.200277777777785,48.60166666666666,69.68,17000
1722,56.90972222222223,33.58,69.68,17000
1723,55.46388888888889,78.30472222222224,69.68,17000
1724,69.17777777777776,88.33333333333334,69.68,17000
1725,51.511111111111106,81.17777777777776,69.68,17000
1726,65.43333333333335,52.150000000000006,69.68,17000
1727,54.75000000000001,56.02777777777777,69.68,4000
1728,56.31777777777777,46.552499999999995,69.68,1000
1729,44.0,145.81111111111107,69.68,600
1730,63.2111111111111,75.43333333333335,69.68,400
1731,62.46666666666667,166.2,69.68,200
1732,55.03333333333334,155.59444444444443,69.68,200
1733,59.261111111111106,163.07777777777775,69.68,200
1734,51.511111111111106,156.51666666666668,69.68,200
1735,59.11666666666667,159.9666666666667,69.68,200
1736,57.766666666666666,158.69444444444443,69.68,200
1737,60.444444444444436,166.05,69.68,200
1738,57.10000000000001,156.76111111111106,69.68,200
1739,47.28333333333334,134.9666666666667,69.68,190
1740,47.405833333333334,40.03722222222222,69.68,126
1741,57.67777777777777,63.05,69.68,120
1742,56.49555555555556,43.609166666666674,69.68,40
1743,52.09444444444444,84.12777777777775,69.68,0
1744,57.74444444444444,158.29444444444442,69.68,0
1745,54.639444444444436,86.22249999999998,69.71,17000
1746,60.07027777777778,42.62694444444444,69.71,17000
1747,51.027777777777786,59.85444444444445,69.71,17000
1748,51.75777777777779,36.12805555555556,69.71,15850
1749,55.6911111111111,52.45000000000001,69.71,4000
1750,58.56666666666668,55.694444444444436,69.71,800
1751,43.79444444444444,42.694444444444436,69.71,425
1752,57.205833333333345,41.919444444444444,69.71,200
1753,56.31111111111111,83.43333333333335,69.71,150
1754,58.46666666666667,62.611111111111114,69.71,120
1755,65.85000000000001,44.233333333333334,69.71,100
1756,62.67777777777777,46.2111111111111,69.71,100
1757,53.16666666666667,141.4444444444444,69.71,0
1758,60.45000000000001,51.0,69.74,17000
1759,45.026944444444446,39.00027777777779,69.74,17000
1760,54.98333333333334,73.41666666666667,69.74,17000
1761,51.833333333333336,107.59444444444442,69.74,17000
1762,69.44583333333333,30.789722222222224,69.74,17000
1763,44.05,43.08833333333334,69.74,4000
1764,54.352222222222224,48.358333333333334,69.74,4000
1765,53.19444444444444,55.19444444444444,69.74,3000
1766,58.044444444444444,38.79749999999999,69.74,400
1767,56.58333333333334,61.72777777777778,69.74,300
1768,52.93333333333334,139.7666666666667,69.74,300
1769,52.58333333333334,33.31111111111111,69.74,120
1770,69.19027777777778,35.12916666666667,69.74,30
1771,66.67805555555556,34.30166666666666,69.74,20
1772,54.216666666666676,82.28333333333333,69.74,3
1773,60.72055555555555,28.771666666666665,69.77,17000
1774,54.728611111111114,20.49416666666667,69.77,3000
1775,59.12611111111111,37.88972222222222,69.77,2000
1776,59.39444444444444,63.37777777777777,69.77,100
1777,64.70222222222222,43.38361111111111,69.77,100
1778,53.5611111111111,102.48333333333335,69.77,100
1779,55.58333333333334,79.37777777777777,69.77,3
1780,55.63333333333334,79.69444444444444,69.77,3
1781,54.32333333333334,43.35638888888889,69.77,0
1782,54.02777777777777,33.93333333333334,69.77,0
1783,56.03333333333334,44.62777777777777,69.77,0
1784,53.81666666666668,83.56666666666668,69.77,0
1785,56.27777777777777,83.97777777777777,69.79,0
1786,55.81972222222223,37.61166666666666,69.8,63000
1787,55.87694444444444,98.1475,69.8,20000
1788,51.915,116.32527777777777,69.8,17000
1789,62.31166666666665,32.67944444444445,69.8,17000
1790,52.75000000000001,87.9611111111111,69.8,17000
1791,56.49416666666667,84.97472222222221,69.8,3000
1792,53.261111111111106,83.75000000000001,69.8,2000
1793,53.79444444444444,82.33333333333334,69.8,600
1794,43.759166666666665,44.649166666666666,69.8,500
1795,55.95944444444444,43.08888888888889,69.8,300
1796,61.32777777777777,63.33333333333334,69.8,300
1797,59.05,80.85000000000001,69.8,250
1798,65.54444444444442,72.51666666666667,69.8,150
1799,57.233333333333334,81.46666666666667,69.8,150
1800,60.74444444444444,77.19444444444444,69.8,150
1801,56.416666666666664,58.53333333333333,69.8,120
1802,58.766666666666666,134.25000000000003,69.8,100
1803,57.74444444444444,59.866666666666674,69.8,100
1804,53.5611111111111,140.2,69.8,100
1805,55.03916666666667,43.26111111111112,69.8,100
1806,57.5611111111111,135.88333333333333,69.8,100
1807,61.11666666666667,44.81666666666668,69.8,100
1808,56.82749999999999,47.571666666666665,69.8,100
1809,53.261111111111106,140.18333333333337,69.8,100
1810,53.93333333333334,139.91666666666669,69.8,100
1811,43.953611111111115,41.17666666666666,69.8,100
1812,49.67777777777777,140.1,69.8,100
1813,50.33333333333334,138.4944444444444,69.8,100
1814,58.09444444444444,63.39444444444444,69.8,100
1815,56.72777777777778,62.86111111111111,69.8,100
1816,50.10000000000001,139.12777777777777,69.8,100
1817,44.93333333333334,147.56666666666666,69.8,60
1818,52.216666666666676,141.51666666666668,69.8,0
1819,65.28333333333333,57.10000000000001,69.8,0
1820,43.611111111111114,39.74444444444444,69.8,0
1821,58.0,53.02777777777777,69.83,8000
1822,56.766944444444434,43.22027777777779,69.83,300
1823,47.51666666666667,134.74444444444444,69.83,300
1824,54.91111111111111,90.98333333333335,69.83,200
1825,44.06166666666666,41.6163888888889,69.83,100
1826,63.19444444444444,54.444444444444436,69.83,100
1827,61.766666666666666,54.91111111111111,69.83,100
1828,68.04833333333335,39.49666666666668,69.83,60
1829,50.53333333333333,104.56666666666668,69.83,50
1830,54.75000000000001,81.33333333333334,69.83,4
1831,54.611111111111114,81.46666666666667,69.83,3
1832,55.28333333333334,84.06666666666668,69.83,3
1833,52.780833333333334,41.41388888888888,69.86,17000
1834,57.76861111111112,40.94666666666666,69.86,8000
1835,57.53333333333333,30.0,69.86,4000
1836,59.416666666666664,62.35,69.86,100
1837,43.81666666666668,41.91111111111111,69.86,100
1838,51.49944444444444,104.14694444444446,69.86,70
1839,60.14444444444444,78.93333333333334,69.86,20
1840,53.72777777777778,78.97777777777777,69.86,3
1841,52.261111111111106,79.17777777777776,69.86,0
1842,53.40777777777778,58.95111111111111,69.86,0
1843,54.68638888888888,51.50750000000001,69.89,20000
1844,55.80583333333334,47.44472222222222,69.89,17000
1845,68.9488888888889,33.118055555555564,69.89,4000
1846,46.19444444444444,47.261111111111106,69.89,2000
1847,55.05,84.79444444444444,69.89,500
1848,45.44833333333333,40.56944444444445,69.89,400
1849,48.91111111111111,130.69444444444443,69.89,310
1850,47.09444444444444,39.400000000000006,69.89,200
1851,58.8111111111111,61.16666666666667,69.89,100
1852,59.11666666666667,63.46666666666667,69.89,100
1853,68.04444444444444,35.0,69.89,100
1854,62.14444444444444,65.4111111111111,69.89,100
1855,44.086388888888884,41.980000000000004,69.89,100
1856,51.400000000000006,83.5611111111111,69.89,50
1857,59.37777777777777,79.69444444444444,69.89,50
1858,54.86111111111111,84.80000000000001,69.89,3
1859,51.56666666666668,85.56666666666668,69.89,0
1860,64.4775,37.93333333333334,69.89,0
1861,49.216666666666676,143.08333333333337,69.92,17000
1862,59.98333333333334,30.350000000000005,69.92,17000
1863,51.39444444444444,128.12777777777777,69.92,17000
1864,56.91111111111111,74.37777777777777,69.92,17000
1865,61.289444444444435,42.35583333333334,69.92,17000
1866,58.263333333333335,47.79583333333333,69.92,4000
1867,56.826666666666675,60.62277777777778,69.92,4000
1868,53.63333333333334,54.81666666666668,69.92,3000
1869,58.59361111111112,49.68972222222222,69.92,3000
1870,53.69555555555555,91.53527777777778,69.92,2500
1871,51.79444444444444,55.10000000000001,69.92,2500
1872,56.92777777777777,55.56666666666668,69.92,800
1873,52.05,113.48333333333335,69.92,600
1874,46.81666666666668,134.27777777777777,69.92,300
1875,50.09444444444444,136.50000000000003,69.92,300
1876,57.58333333333334,83.77777777777776,69.92,300
1877,56.35,78.38333333333335,69.92,300
1878,65.79694444444446,87.96805555555557,69.92,200
1879,53.92777777777777,40.03333333333334,69.92,100
1880,67.46666666666667,78.7,69.92,100
1881,44.09194444444445,40.13611111111112,69.92,95
1882,52.2111111111111,81.38333333333335,69.92,60
1883,51.67777777777777,135.66666666666669,69.92,0
1884,52.03333333333334,84.79444444444444,69.92,0
1885,42.560555555555545,47.079444444444455,69.95,20000
1886,55.40861111111111,43.84916666666666,69.95,17000
1887,59.400000000000006,56.261111111111106,69.95,17000
1888,51.23944444444445,37.75861111111111,69.95,4000
1889,54.927777777777784,48.835,69.95,4000
1890,60.89638888888889,34.059999999999995,69.95,1600
1891,56.65,69.80000000000001,69.95,1000
1892,54.33333333333334,80.48333333333335,69.95,500
1893,54.0,79.23333333333333,69.95,500
1894,54.977777777777774,35.86111111111111,69.95,400
1895,61.688333333333325,50.81111111111111,69.95,400
1896,57.31111111111111,88.17777777777776,69.95,300
1897,57.216666666666676,94.90000000000002,69.95,200
1898,59.06555555555556,42.27611111111112,69.95,100
1899,52.74444444444444,103.6111111111111,69.95,100
1900,55.27777777777777,80.97777777777777,69.95,4
1901,48.04777777777777,46.10361111111112,69.98,17000
1902,55.444444444444436,65.30000000000001,69.98,17000
1903,57.13194444444444,65.59527777777775,69.98,1500
1904,56.27777777777777,34.33333333333334,69.98,1000
1905,54.95,39.03333333333334,69.98,400
1906,57.14444444444444,103.92777777777778,69.98,400
1907,55.63333333333334,89.20000000000002,69.98,200
1908,52.67777777777777,115.05,69.98,150
1909,43.45388888888889,41.750277777777775,69.98,120
1910,43.45805555555556,42.09805555555557,69.98,120
1911,62.14444444444444,39.33333333333334,69.98,100
1912,45.26555555555556,148.0308333333333,69.98,60
1913,46.75166666666667,141.9041666666667,69.98,60
1914,54.14444444444444,83.71666666666668,69.98,3
1915,51.70000000000001,83.37777777777777,69.98,0
1916,53.261111111111106,86.27777777777777,69.98,0
1917,49.56666666666668,111.97777777777777,70.0,400
1918,54.62777777777777,36.39444444444444,70.0,0
1919,56.596944444444446,29.022222222222222,70.01,17000
1920,44.701388888888886,44.974999999999994,70.01,17000
1921,55.34138888888889,86.14527777777778,70.01,4000
1922,61.216666666666676,73.37777777777777,70.01,1200
1923,54.215277777777786,57.583611111111104,70.01,690
1924,57.02777777777777,82.06666666666668,70.01,300
1925,52.833333333333336,91.4111111111111,70.01,300
1926,58.481666666666676,43.394722222222214,70.01,300
1927,48.2111111111111,136.12777777777777,70.01,200
1928,51.400000000000006,136.3444444444444,70.01,100
1929,67.14444444444443,39.67777777777777,70.01,100
1930,55.35,91.09444444444443,70.01,100
1931,53.09444444444444,91.4111111111111,70.01,100
1932,66.5111111111111,40.56666666666668,70.01,100
1933,51.077777777777776,138.4444444444444,70.01,100
1934,52.261111111111106,79.17777777777776,70.01,50
1935,68.1,87.79444444444444,70.01,50
1936,53.866666666666674,78.74444444444444,70.01,3
1937,56.72777777777778,78.27777777777777,70.01,3
1938,52.81666666666668,80.93333333333334,70.01,0
1939,56.31111111111111,101.71666666666668,70.02,20000
1940,44.400000000000006,135.60000000000002,70.04,20000
1941,49.99055555555555,40.624722222222225,70.04,17000
1942,55.803055555555545,55.437222222222225,70.04,17000
1943,51.544999999999995,57.53027777777778,70.04,17000
1944,58.02777777777777,56.233333333333334,70.04,17000
1945,52.221666666666664,34.55944444444444,70.04,17000
1946,54.079166666666666,60.42416666666666,70.04,17000
1947,58.21222222222223,68.26527777777778,70.04,17000
1948,54.14444444444444,51.56666666666668,70.04,2000
1949,57.400000000000006,37.56666666666668,70.04,2000
1950,59.18388888888888,39.9461111111111,70.04,2000
1951,64.59444444444442,40.62777777777777,70.04,400
1952,54.92777777777777,99.06666666666668,70.04,400
1953,56.216666666666676,162.46666666666667,70.04,400
1954,60.416666666666664,134.54444444444445,70.04,400
1955,52.74777777777778,47.63027777777777,70.04,300
1956,64.28333333333333,100.22777777777777,70.04,120
1957,55.53333333333333,78.83333333333333,70.04,3
1958,52.10000000000001,50.866666666666674,70.04,0
1959,54.98333333333334,82.90000000000002,70.04,0
1960,64.20000000000002,42.511111111111106,70.04,0
1961,44.216666666666676,135.55000000000004,70.04,0
1962,47.977777777777774,131.88333333333333,70.07,20000
1963,51.054722222222225,114.815,70.07,20000
1964,59.812499999999986,45.50333333333334,70.07,17000
1965,66.14083333333335,33.18666666666665,70.07,17000
1966,43.58194444444445,39.72888888888888,70.07,17000
1967,54.14083333333334,37.58416666666666,70.07,17000
1968,57.70000000000001,31.683333333333334,70.07,17000
1969,53.70000000000001,87.1,70.07,3162
1970,52.551944444444445,39.524166666666666,70.07,2000
1971,54.18666666666665,45.147222222222226,70.07,2000
1972,46.63722222222222,38.40194444444443,70.07,400
1973,56.32777777777777,58.2111111111111,70.07,300
1974,49.0,131.8666666666667,70.07,150
1975,54.0,105.97777777777777,70.07,120
1976,43.561666666666675,41.279444444444444,70.07,100
1977,54.35,93.43333333333335,70.07,100
1978,60.37777777777777,93.04444444444444,70.07,20
1979,57.13194444444444,65.59527777777775,70.1,17000
1980,56.75472222222223,48.53416666666667,70.1,6000
1981,55.694444444444436,84.38333333333335,70.1,600
1982,54.233333333333334,55.02777777777777,70.1,600
1983,54.2111111111111,83.41666666666667,70.1,300
1984,54.58333333333334,81.38333333333335,70.1,250
1985,56.86111111111111,59.05,70.1,150
1986,57.233333333333334,58.72777777777778,70.1,100
1987,55.393055555555556,45.620000000000005,70.1,100
1988,51.67777777777777,82.74444444444444,70.1,50
1989,43.866666666666674,146.83333333333334,70.1,0
1990,55.04555555555555,50.25583333333333,70.13,17000
1991,57.090555555555554,41.70916666666666,70.13,17000
1992,47.488611111111105,42.191388888888895,70.13,17000
1993,50.56666666666668,136.9666666666667,70.13,5000
1994,56.51666666666667,66.5611111111111,70.13,2000
1995,53.73055555555556,77.99333333333333,70.13,600
1996,60.33333333333334,49.62777777777777,70.13,400
1997,56.85555555555556,35.92499999999999,70.13,400
1998,44.99666666666666,41.12805555555556,70.13,300
1999,57.37777777777777,61.400000000000006,70.13,100
2000,54.51138888888888,76.14138888888888,70.13,4
2001,51.58888888888888,43.02666666666666,70.16,17000
2002,50.57527777777778,36.580555555555556,70.16,17000
2003,50.37777777777777,106.46666666666667,70.16,17000
2004,54.511111111111106,89.98333333333335,70.16,17000
2005,47.31944444444446,47.39138888888889,70.16,17000
2006,61.694444444444436,53.694444444444436,70.16,17000
2007,43.02777777777777,44.35,70.16,17000
2008,55.16638888888889,59.667500000000004,70.16,17000
2009,50.833333333333336,132.50000000000003,70.16,10000
2010,56.29388888888889,43.974999999999994,70.16,4000
2011,57.74444444444444,64.25000000000001,70.16,300
2012,53.150000000000006,140.7166666666667,70.16,300
2013,47.75000000000001,142.12777777777777,70.16,300
2014,58.45000000000001,92.17777777777776,70.16,120
2015,60.694444444444436,60.416666666666664,70.16,100
2016,56.98083333333333,63.28833333333333,70.16,100
2017,62.79444444444444,148.17777777777778,70.16,100
2018,63.93333333333334,65.05,70.16,0
2019,52.91111111111111,83.5611111111111,70.16,0
2020,51.65,84.33333333333334,70.16,0
2021,56.32944444444445,46.561388888888885,70.19,17000
2022,63.8325,38.46666666666667,70.19,17000
2023,55.14444444444444,61.37777777777777,70.19,6310
2024,54.92194444444445,21.712499999999995,70.19,5000
2025,58.378055555555555,33.92666666666667,70.19,4000
2026,55.79277777777777,37.89166666666667,70.19,2500
2027,56.49416666666667,84.97472222222221,70.19,800
2028,54.04027777777778,41.93638888888889,70.19,400
2029,53.39444444444444,103.87777777777777,70.19,100
2030,68.88361111111114,35.67583333333334,70.19,100
2031,49.65,142.17777777777778,70.19,60
2032,54.2111111111111,82.77777777777776,70.19,4
2033,57.58333333333334,34.611111111111114,70.19,0
2034,53.866666666666674,34.45000000000001,70.22,5000
2035,44.03333333333334,43.14444444444444,70.22,4000
2036,55.727500000000006,54.05361111111111,70.22,3000
2037,45.273333333333326,37.38694444444444,70.22,1000
2038,52.61722222222222,45.792500000000004,70.22,400
2039,60.39444444444444,77.79444444444444,70.22,300
2040,55.31111111111111,83.61666666666667,70.22,300
2041,59.833333333333336,63.16666666666667,70.22,100
2042,53.45000000000001,85.46111111111111,70.22,0
2043,54.340833333333336,48.38,70.25,6310
2044,51.67388888888888,39.195833333333326,70.25,4000
2045,55.34222222222223,41.63111111111111,70.25,500
2046,55.15777777777777,61.51472222222223,70.25,400
2047,57.32777777777777,64.4111111111111,70.25,300
2048,52.233333333333334,82.32777777777777,70.25,200
2049,60.416666666666664,69.90000000000002,70.25,100
2050,56.19444444444444,58.33333333333334,70.25,100
2051,43.28805555555556,41.62138888888888,70.25,70
2052,55.444444444444436,80.32777777777777,70.25,3
2053,48.49444444444445,135.07777777777775,70.28,60000
2054,56.31111111111111,101.71666666666668,70.28,17000
2055,48.29555555555555,40.28388888888889,70.28,17000
2056,64.6111111111111,30.611111111111107,70.28,1000
2057,56.261111111111106,42.16666666666667,70.28,500
2058,54.50027777777778,53.53222222222223,70.28,479
2059,58.45000000000001,85.01666666666668,70.28,300
2060,57.58333333333334,83.77777777777776,70.28,300
2061,50.891111111111115,142.1233333333333,70.28,130
2062,58.13027777777778,59.63083333333334,70.28,120
2063,60.72777777777778,114.92777777777778,70.28,100
2064,66.48333333333335,60.74444444444444,70.28,100
2065,50.70000000000001,103.46666666666667,70.28,0
2066,50.72777777777778,107.1,70.28,0
2067,50.62777777777777,106.79444444444444,70.28,0
2068,50.56666666666668,107.33333333333334,70.28,0
2069,51.27777777777777,106.5611111111111,70.28,0
2070,50.49444444444445,106.15000000000002,70.28,0
2071,59.611111111111114,65.88333333333334,70.28,0
2072,50.32777777777777,106.93333333333334,70.28,0
2073,62.150000000000006,73.6111111111111,70.28,0
2074,50.02777777777777,107.36111111111109,70.28,0
2075,50.8111111111111,107.87777777777777,70.28,0
2076,50.27777777777777,107.4111111111111,70.28,0
2077,53.37777777777777,109.0,70.28,0
2078,54.02249999999999,58.394722222222214,70.31,17000
2079,44.263333333333335,42.10805555555555,70.31,17000
2080,53.8111111111111,81.32777777777777,70.31,17000
2081,52.92499999999999,36.15194444444444,70.31,17000
2082,53.20222222222223,50.16444444444444,70.31,17000
2083,52.31111111111111,104.30000000000001,70.31,8000
2084,57.88333333333333,54.70000000000001,70.31,1000
2085,51.49444444444445,81.20000000000002,70.31,1000
2086,44.57833333333334,38.10944444444445,70.31,560
2087,64.27777777777777,60.92777777777777,70.31,400
2088,67.60166666666667,33.6475,70.34,17000
2089,54.60611111111112,39.7588888888889,70.34,17000
2090,57.519166666666656,39.7575,70.34,17000
2091,56.644999999999996,47.87916666666668,70.34,6000
2092,45.026944444444446,39.00027777777779,70.34,1000
2093,55.35,36.19444444444444,70.34,400
2094,59.05,80.85000000000001,70.34,300
2095,57.67777777777777,66.17777777777776,70.34,300
2096,61.19444444444444,44.70000000000001,70.34,100
2097,59.216666666666676,63.0,70.34,100
2098,55.774722222222216,44.779722222222226,70.34,100
2099,69.03027777777777,30.253888888888884,70.34,50
2100,53.444444444444436,55.27777777777777,70.34,0
2101,56.33250000000001,30.015555555555558,70.37,17000
2102,59.97638888888889,30.320833333333336,70.37,12590
2103,61.32777777777777,63.33333333333334,70.37,2000
2104,50.16666666666667,39.53333333333333,70.37,1000
2105,56.35,78.38333333333335,70.37,600
2106,59.261111111111106,59.51666666666667,70.37,300
2107,55.803055555555545,43.1575,70.37,300
2108,60.53333333333333,68.01666666666668,70.37,100
2109,53.37777777777777,78.36111111111109,70.37,40
2110,55.11666666666667,77.23333333333333,70.37,3
2111,54.65,76.05,70.37,3
2112,71.55333333333331,52.341111111111125,70.37,0
2113,66.09444444444443,76.64444444444443,70.37,0
2114,64.30000000000001,71.09444444444443,70.37,0
2115,56.09444444444444,86.04444444444444,70.4,17000
2116,52.53333333333333,85.28333333333333,70.4,17000
2117,50.261111111111106,127.5611111111111,70.4,17000
2118,44.833333333333336,133.05,70.4,17000
2119,56.870277777777765,53.05083333333332,70.4,17000
2120,49.09444444444444,142.08333333333337,70.4,17000
2121,54.05666666666667,47.111111111111114,70.4,17000
2122,62.02722222222223,129.72305555555556,70.4,17000
2123,64.37777777777777,75.9611111111111,70.4,400
2124,62.10000000000001,77.56666666666668,70.4,300
2125,50.63833333333333,41.50333333333334,70.4,229
2126,54.56666666666668,54.53333333333333,70.4,200
2127,57.74444444444444,61.261111111111106,70.4,120
2128,59.05,60.611111111111114,70.4,120
2129,62.95,50.8111111111111,70.4,100
2130,50.45000000000001,44.16666666666667,70.4,80
2131,55.32777777777777,79.90000000000002,70.4,3
2132,54.52166666666666,36.26055555555555,70.43,22400
2133,58.02916666666666,64.76972222222223,70.43,17000
2134,56.216666666666676,72.20000000000002,70.43,17000
2135,56.84055555555556,58.352777777777774,70.43,14120
2136,48.74138888888889,44.53055555555555,70.43,12590
2137,54.979444444444454,82.88694444444445,70.43,4000
2138,51.72777777777778,107.51666666666667,70.43,4000
2139,55.82444444444445,49.03027777777777,70.43,2000
2140,55.444444444444436,65.30000000000001,70.43,2000
2141,56.314722222222215,36.69972222222222,70.43,400
2142,60.400000000000006,57.09444444444444,70.43,400
2143,56.034722222222214,45.04666666666666,70.43,300
2144,57.73416666666667,46.985833333333325,70.43,300
2145,49.91111111111111,136.13333333333335,70.43,100
2146,44.63333333333334,40.74444444444444,70.43,100
2147,44.09444444444444,40.63333333333334,70.43,100
2148,51.79444444444444,55.150000000000006,70.46,5623
2149,54.43611111111112,50.81055555555556,70.46,1000
2150,57.81666666666668,28.311111111111114,70.46,500
2151,55.73805555555555,38.944722222222225,70.46,400
2152,63.2111111111111,75.43333333333335,70.46,300
2153,43.953611111111115,41.17666666666666,70.46,100
2154,44.11388888888889,39.074444444444445,70.46,100
2155,64.93333333333334,45.63333333333334,70.46,100
2156,54.33333333333334,76.17777777777776,70.46,3
2157,55.035555555555554,32.38111111111112,70.49,17000
2158,54.92777777777777,85.75000000000001,70.49,2000
2159,58.79444444444444,56.16666666666667,70.49,400
2160,53.88333333333333,92.66666666666669,70.49,200
2161,44.42111111111112,41.57694444444444,70.49,200
2162,67.5111111111111,64.0,70.49,200
2163,57.75000000000001,85.19444444444444,70.49,150
2164,61.45000000000001,44.56666666666668,70.49,100
2165,50.95,43.74444444444444,70.49,80
2166,52.33333333333334,143.07777777777775,70.49,60
2167,55.03333333333334,37.46666666666667,70.49,50
2168,53.05,141.25000000000003,70.49,20
2169,43.45805555555556,43.56666666666668,70.52,35500
2170,53.95,102.05,70.52,20000
2171,56.329166666666666,90.50777777777779,70.52,17000
2172,52.07277777777779,47.748333333333335,70.52,17000
2173,55.02083333333333,44.50055555555554,70.52,17000
2174,61.77527777777777,34.32833333333334,70.52,17000
2175,47.213611111111106,39.67833333333334,70.52,17000
2176,52.780833333333334,41.41388888888888,70.52,17000
2177,56.826666666666675,60.62277777777778,70.52,17000
2178,56.19638888888888,50.400555555555556,70.52,10000
2179,53.261111111111106,83.75000000000001,70.52,5000
2180,45.47527777777777,40.11222222222222,70.52,1000
2181,55.09444444444444,80.93333333333334,70.52,600
2182,68.97777777777777,33.09444444444444,70.52,425
2183,55.62777777777777,36.98333333333334,70.52,400
2184,58.93333333333334,62.611111111111114,70.52,300
2185,50.50888888888888,37.86305555555555,70.52,160
2186,53.416666666666664,89.14444444444443,70.52,100
2187,49.5611111111111,142.8666666666667,70.52,60
2188,43.833333333333336,146.76111111111106,70.52,60
2189,58.62777777777777,59.86111111111111,70.52,0
2190,63.969166666666666,32.01555555555556,70.55,17000
2191,60.230555555555554,47.77527777777777,70.55,17000
2192,56.49444444444445,67.88333333333334,70.55,17000
2193,52.8325,32.67472222222223,70.55,17000
2194,54.78305555555555,38.906111111111116,70.55,17000
2195,64.69444444444444,30.827777777777776,70.55,4000
2196,57.28333333333334,55.444444444444436,70.55,4000
2197,57.48972222222221,47.957499999999996,70.55,2000
2198,54.98333333333334,73.41666666666667,70.55,1585
2199,53.233333333333334,79.0,70.55,1000
2200,61.25416666666666,75.17222222222223,70.55,400
2201,56.70000000000001,85.33333333333334,70.55,200
2202,53.63333333333334,79.54444444444442,70.55,150
2203,58.09444444444444,60.74444444444444,70.55,100
2204,62.977777777777774,46.58333333333334,70.55,100
2205,63.833333333333336,67.79444444444444,70.55,100
2206,52.58333333333334,93.46111111111111,70.55,0
2207,51.88805555555556,50.1725,70.55,0
2208,57.00277777777777,27.98583333333334,70.55,0
2209,57.205833333333345,41.919444444444444,70.55,0
2210,51.08666666666667,39.98666666666667,70.58,17000
2211,59.56666666666668,150.81111111111107,70.58,425
2212,54.33333333333334,34.03333333333334,70.58,310
2213,56.28361111111111,43.0261111111111,70.58,300
2214,43.422222222222224,39.968611111111116,70.58,200
2215,43.68638888888888,40.20694444444445,70.58,200
2216,51.216666666666676,109.22777777777777,70.58,200
2217,51.766666666666666,57.14444444444444,70.58,126
2218,61.03333333333334,61.98333333333334,70.58,100
2219,55.46666666666667,80.43333333333335,70.58,3
2220,54.12805555555556,54.13277777777778,70.61,17000
2221,58.52055555555555,31.286944444444444,70.61,8000
2222,56.06861111111112,54.22749999999999,70.61,4000
2223,55.01388888888889,48.389722222222225,70.61,2000
2224,55.98333333333334,40.02777777777777,70.61,500
2225,56.007222222222225,37.848888888888894,70.61,400
2226,51.35,112.38333333333335,70.61,120
2227,59.416666666666664,62.35,70.61,100
2228,56.444444444444436,59.11666666666667,70.61,100
2229,46.977777777777774,142.2444444444444,70.61,60
2230,55.35,80.05,70.61,3
2231,51.05,45.694444444444436,70.61,0
2232,61.32777777777777,63.33333333333334,70.61,0
2233,57.0938888888889,45.14527777777777,70.64,17000
2234,53.72777777777778,88.14444444444443,70.64,17000
2235,44.16666666666667,131.83333333333334,70.64,17000
2236,51.51666666666667,92.83333333333333,70.64,17000
2237,56.766666666666666,105.66666666666669,70.64,17000
2238,55.781388888888884,37.48944444444445,70.64,4000
2239,53.50027777777778,49.400555555555556,70.64,1580
2240,54.728611111111114,20.49416666666667,70.64,1000
2241,45.46694444444444,39.484166666666674,70.64,660
2242,51.077777777777776,36.174722222222215,70.64,400
2243,45.216666666666676,147.88333333333333,70.64,400
2244,56.06361111111111,60.21166666666667,70.64,400
2245,58.39444444444444,61.56666666666668,70.64,300
2246,58.70000000000001,81.48333333333335,70.64,300
2247,52.416666666666664,136.4944444444444,70.64,200
2248,55.150000000000006,124.74444444444444,70.64,150
2249,53.05,105.5111111111111,70.64,100
2250,62.88333333333333,54.977777777777774,70.64,100
2251,64.28333333333333,38.05,70.64,0
2252,56.33333333333334,44.0,70.64,0
2253,58.31111111111111,57.8111111111111,70.67,17000
2254,50.094444444444456,118.14805555555557,70.67,17000
2255,54.04333333333334,38.24944444444445,70.67,17000
2256,53.185555555555545,44.98916666666668,70.67,17000
2257,49.536666666666655,41.870833333333344,70.67,12590
2258,53.220833333333346,34.32083333333333,70.67,4000
2259,51.30166666666666,37.83027777777779,70.67,1585
2260,54.70000000000001,76.59444444444442,70.67,600
2261,56.35,41.32777777777777,70.67,500
2262,55.25583333333333,43.11416666666667,70.67,300
2263,57.67777777777777,63.05,70.67,120
2264,52.74444444444444,103.6111111111111,70.67,100
2265,60.95,78.79444444444444,70.67,100
2266,54.28333333333334,82.93333333333334,70.67,3
2267,53.31111111111111,80.05,70.67,0
2268,55.13611111111112,61.40888888888889,70.7,4000
2269,56.51666666666667,56.077777777777776,70.7,4000
2270,52.70000000000001,56.62777777777777,70.7,4000
2271,59.18388888888888,39.9461111111111,70.7,2000
2272,43.916388888888896,39.325277777777785,70.7,560
2273,44.58416666666666,40.11055555555556,70.7,400
2274,55.89861111111111,48.34472222222222,70.7,300
2275,44.09194444444445,40.13611111111112,70.7,95
2276,57.56666666666668,83.36111111111109,70.7,20
2277,54.63333333333334,78.04444444444444,70.7,4
2278,55.866666666666674,83.90000000000002,70.7,3
2279,64.77777777777776,30.416666666666668,70.7,0
2280,58.11666666666667,91.88333333333334,70.7,0
2281,61.31111111111111,70.33333333333334,70.7,0
2282,53.39444444444444,82.64444444444443,70.7,0
2283,55.64555555555555,51.826388888888886,70.73,17000
2284,58.263333333333335,47.79583333333333,70.73,17000
2285,55.34138888888889,86.14527777777778,70.73,4000
2286,58.39444444444444,54.39444444444444,70.73,4000
2287,52.551944444444445,39.524166666666666,70.73,2000
2288,54.33333333333334,80.48333333333335,70.73,600
2289,53.977777777777774,79.23333333333333,70.73,600
2290,56.28722222222222,70.4347222222222,70.73,300
2291,60.65,49.05,70.73,200
2292,57.233333333333334,81.46666666666667,70.73,150
2293,56.416666666666664,58.53333333333333,70.73,100
2294,68.04444444444444,35.0,70.73,100
2295,55.86222222222223,45.71444444444444,70.73,100
2296,63.63333333333334,41.65,70.73,0
2297,61.216666666666676,73.37777777777777,70.76,20000
2298,56.90972222222223,33.58,70.76,7940
2299,56.915833333333325,47.896111111111104,70.76,1000
2300,55.36277777777777,55.53888888888889,70.76,540
2301,51.03194444444445,36.72694444444445,70.76,400
2302,55.57833333333334,38.22527777777778,70.76,400
2303,52.46666666666667,52.37777777777777,70.76,300
2304,57.63333333333334,92.27777777777777,70.76,200
2305,52.67777777777777,115.05,70.76,150
2306,66.56666666666668,67.80000000000001,70.76,100
2307,50.216666666666676,136.91111111111107,70.76,100
2308,67.14444444444443,39.67777777777777,70.76,100
2309,66.80000000000001,65.80000000000001,70.76,100
2310,66.5111111111111,40.56666666666668,70.76,100
2311,51.05,142.27777777777777,70.76,60
2312,56.611111111111114,78.5111111111111,70.76,3
2313,61.237222222222215,46.62277777777778,70.76,0
2314,61.977777777777774,76.64444444444443,70.76,0
2315,50.98333333333334,81.05,70.79,17000
2316,53.10083333333333,46.430277777777775,70.79,17000
2317,53.72777777777778,84.93333333333334,70.79,17000
2318,59.53333333333333,30.911111111111108,70.79,2000
2319,56.08277777777778,43.525277777777774,70.79,1000
2320,54.55999999999999,42.46361111111112,70.79,400
2321,46.866666666666674,143.15,70.79,400
2322,57.0,86.15000000000002,70.79,300
2323,53.09444444444444,91.4111111111111,70.79,300
2324,48.2111111111111,136.12777777777777,70.79,190
2325,54.32777777777777,34.53333333333333,70.79,30
2326,51.368611111111115,42.04638888888889,70.82,20000
2327,58.02777777777777,56.233333333333334,70.82,20000
2328,55.199166666666656,76.03694444444443,70.82,8000
2329,59.611111111111114,54.32777777777777,70.82,4000
2330,57.92777777777777,60.0,70.82,4000
2331,61.05,30.16111111111111,70.82,1600
2332,57.416666666666664,86.01666666666668,70.82,1500
2333,56.42805555555556,49.01555555555556,70.82,1000
2334,55.14583333333333,36.57861111111111,70.82,1000
2335,55.990277777777784,61.645277777777785,70.82,800
2336,54.92777777777777,99.06666666666668,70.82,400
2337,62.14444444444444,65.4111111111111,70.82,300
2338,56.189722222222215,36.95888888888889,70.82,300
2339,51.88333333333333,56.79444444444444,70.82,126
2340,53.150000000000006,103.79444444444444,70.82,100
2341,50.65,133.59444444444443,70.82,100
2342,50.31111111111111,107.15000000000002,70.82,50
2343,52.81666666666668,52.216666666666676,70.82,0
2344,55.2111111111111,62.72777777777778,70.82,0
2345,51.84166666666667,37.66277777777777,70.85,31600
2346,45.011944444444445,41.85333333333334,70.85,16200
2347,55.26833333333334,46.99305555555555,70.85,12590
2348,58.5988888888889,49.64972222222222,70.85,4000
2349,49.400000000000006,142.1,70.85,60
2350,43.351944444444456,44.214444444444446,70.85,0
2351,51.79444444444444,55.09444444444444,70.85,0
2352,51.400000000000006,58.92777777777777,70.85,0
2353,58.71694444444446,29.851944444444445,70.88,17000
2354,57.963055555555556,38.35499999999999,70.88,17000
2355,55.032500000000006,82.92055555555557,70.88,8000
2356,57.13194444444444,65.59527777777775,70.88,2000
2357,53.88333333333333,43.70000000000001,70.88,400
2358,51.833333333333336,143.17777777777778,70.88,400
2359,52.70000000000001,143.1,70.88,300
2360,51.31111111111111,107.56666666666668,70.88,0
2361,51.444444444444436,107.61666666666667,70.88,0
2362,50.91111111111111,102.90000000000002,70.88,0
2363,50.74444444444444,105.43333333333335,70.88,0
2364,52.35,110.46666666666667,70.88,0
2365,51.56666666666668,108.79444444444444,70.88,0
2366,52.8111111111111,107.97777777777777,70.88,0
2367,52.11666666666667,107.27777777777777,70.88,0
2368,50.400000000000006,103.87777777777777,70.88,0
2369,55.88333333333333,109.77777777777776,70.88,0
2370,51.14444444444444,108.22777777777777,70.88,0
2371,52.511111111111106,110.0,70.88,0
2372,51.74444444444444,107.51666666666667,70.88,0
2373,51.416666666666664,107.23333333333333,70.88,0
2374,51.72777777777778,108.27777777777777,70.88,0
2375,50.39444444444444,103.14444444444443,70.88,0
2376,52.27777777777777,110.01666666666668,70.88,0
2377,51.53333333333333,107.05,70.88,0
2378,52.14444444444444,109.41666666666667,70.88,0
2379,51.03333333333334,107.64444444444443,70.88,0
2380,52.400000000000006,108.92777777777778,70.88,0
2381,52.694444444444436,111.59444444444442,70.88,0
2382,50.74444444444444,105.37777777777777,70.88,0
2383,53.93333333333334,78.46666666666667,70.9,600
2384,62.96194444444445,34.6013888888889,70.91,17000
2385,53.94055555555556,32.8811111111111,70.91,17000
2386,56.49416666666667,84.97472222222221,70.91,3000
2387,57.85194444444445,45.750555555555565,70.91,1000
2388,54.42111111111112,62.735277777777775,70.91,830
2389,55.92472222222222,37.991666666666674,70.91,400
2390,54.30500000000001,59.35944444444445,70.91,400
2391,55.56388888888889,44.9136111111111,70.91,300
2392,56.19444444444444,61.91111111111111,70.91,300
2393,55.09444444444444,53.833333333333336,70.91,0
2394,51.655555555555566,103.695,70.91,0
2395,55.19444444444444,59.694444444444436,70.91,0
2396,49.30388888888888,43.0425,70.94,22400
2397,58.0,53.02777777777777,70.94,17000
2398,56.02777777777777,92.90000000000002,70.94,17000
2399,55.46388888888889,78.30472222222224,70.94,3000
2400,55.444444444444436,65.32777777777777,70.94,500
2401,55.416666666666664,36.81666666666668,70.94,400
2402,60.07027777777778,42.62694444444444,70.94,400
2403,56.6475,43.47083333333334,70.94,300
2404,44.0,145.81111111111107,70.94,300
2405,60.977777777777774,71.23333333333333,70.94,100
2406,54.16666666666667,90.22777777777777,70.94,50
2407,57.89305555555555,34.054444444444435,70.97,2000
2408,56.150000000000006,34.93333333333334,70.97,500
2409,52.74805555555557,55.79805555555554,70.97,400
2410,56.233333333333334,58.79444444444444,70.97,100
2411,57.27777777777777,103.75000000000001,70.97,100
2412,51.93333333333334,79.4111111111111,70.97,40
2413,56.0,55.92777777777777,70.97,0
2414,57.53972222222222,29.974722222222216,71.0,17000
2415,60.93333333333334,76.56666666666668,71.0,17000
2416,52.780833333333334,41.41388888888888,71.0,17000
2417,54.340833333333336,48.38,71.0,17000
2418,51.93333333333334,86.05,71.0,10500
2419,57.76861111111112,40.94666666666666,71.0,4000
2420,55.651111111111106,69.21555555555557,71.0,2000
2421,54.694444444444436,78.66666666666669,71.0,600
2422,47.51666666666667,134.74444444444444,71.0,400
2423,52.8111111111111,89.93333333333334,71.0,300
2424,57.31111111111111,88.17777777777776,71.0,300
2425,53.27777777777777,89.5611111111111,71.0,300
2426,48.62722222222223,42.86555555555555,71.0,229
2427,60.05,69.90000000000002,71.0,100
2428,65.7,82.46666666666667,71.0,100
2429,44.766666666666666,136.30000000000004,71.0,100
2430,45.09444444444444,136.71111111111108,71.0,100
2431,61.694444444444436,96.38333333333335,71.0,50
2432,66.93333333333334,88.37777777777777,71.0,50
2433,58.58333333333334,76.5111111111111,71.0,20
2434,56.19444444444444,77.54444444444442,71.0,3
2435,56.95,76.33333333333334,71.0,3
2436,60.59000000000001,69.04,71.0,0
2437,61.32777777777777,63.33333333333334,71.0,0
2438,45.026944444444446,39.00027777777779,71.03,1000
2439,53.40777777777778,58.95111111111111,71.03,1000
2440,56.16666666666667,38.866666666666674,71.03,500
2441,50.57805555555555,36.028333333333336,71.03,400
2442,51.51666666666667,110.37777777777777,71.03,400
2443,55.00611111111112,45.31805555555556,71.03,300
2444,53.90444444444445,44.40416666666667,71.03,300
2445,43.759166666666665,44.649166666666666,71.03,200
2446,55.511111111111106,84.17777777777776,71.03,3
2447,54.16666666666667,74.71666666666668,71.06,17000
2448,60.89638888888889,34.059999999999995,71.06,17000
2449,57.19833333333333,50.06583333333332,71.06,17000
2450,47.488611111111105,42.191388888888895,71.06,17000
2451,63.86111111111111,57.32777777777777,71.06,17000
2452,56.826666666666675,60.62277777777778,71.06,17000
2453,53.69555555555555,91.53527777777778,71.06,2500
2454,54.35,89.30000000000001,71.06,200
2455,56.11666666666667,94.59444444444442,71.06,200
2456,43.74333333333335,42.12388888888889,71.06,100
2457,56.400000000000006,103.12777777777775,71.06,100
2458,54.45000000000001,82.17777777777776,71.06,3
2459,54.63333333333334,77.09444444444443,71.06,3
2460,61.289444444444435,42.35583333333334,71.06,0
2461,55.035555555555554,32.38111111111112,71.09,17000
2462,51.23944444444445,37.75861111111111,71.09,17000
2463,56.853888888888896,35.932222222222215,71.09,17000
2464,55.25888888888888,42.20277777777779,71.09,17000
2465,51.54944444444445,45.963333333333345,71.09,6000
2466,59.400000000000006,56.261111111111106,71.09,4000
2467,50.09444444444444,136.50000000000003,71.09,400
2468,44.05,43.08833333333334,71.09,300
2469,46.95,142.02777777777774,71.09,60
2470,47.16666666666667,142.07777777777775,71.09,60
2471,52.56666666666668,78.97777777777777,71.09,40
2472,60.91111111111111,49.72777777777778,71.09,0
2473,64.27777777777777,60.92777777777777,71.09,0
2474,60.02777777777777,64.77777777777776,71.09,0
2475,49.99055555555555,40.624722222222225,71.12,17000
2476,55.803055555555545,55.437222222222225,71.12,17000
2477,54.639444444444436,86.22249999999998,71.12,17000
2478,61.09444444444444,72.6111111111111,71.12,1000
2479,56.04277777777778,46.28111111111111,71.12,1000
2480,69.17777777777776,88.33333333333334,71.12,300
2481,56.216666666666676,162.46666666666667,71.12,200
2482,54.477500000000006,45.36694444444445,71.12,100
2483,46.37777777777777,143.37777777777777,71.12,60
2484,55.95,58.27777777777777,71.12,0
2485,51.11666666666667,106.27777777777777,71.12,0
2486,50.8111111111111,106.46111111111111,71.12,0
2487,52.51666666666667,99.83333333333333,71.12,0
2488,50.98333333333334,105.82777777777775,71.12,0
2489,51.37777777777777,106.6111111111111,71.12,0
2490,60.416666666666664,134.54444444444445,71.12,0
2491,52.46944444444444,50.53222222222223,71.15,17000
2492,43.58194444444445,39.72888888888888,71.15,17000
2493,54.14083333333334,37.58416666666666,71.15,17000
2494,46.63694444444445,38.40222222222222,71.15,2000
2495,61.416666666666664,72.51666666666667,71.15,300
2496,54.35,93.43333333333335,71.15,120
2497,64.17777777777776,48.81666666666668,71.15,100
2498,54.0,105.97777777777777,71.15,100
2499,56.694444444444436,104.65,71.15,100
2500,53.39444444444444,83.93333333333334,71.15,0
2501,55.15305555555555,61.404999999999994,71.18,17000
2502,56.870277777777765,53.05083333333332,71.18,4000
2503,51.75666666666666,36.189722222222215,71.18,4000
2504,56.46666666666667,64.66666666666669,71.18,1000
2505,56.67777777777777,66.28333333333333,71.18,400
2506,61.95,52.32777777777777,71.18,300
2507,54.511111111111106,84.17777777777776,71.18,150
2508,50.49444444444445,105.65,71.18,50
2509,66.09444444444443,60.14444444444444,71.18,0
2510,59.977777777777774,42.81666666666668,71.2,0
2511,58.13027777777778,59.63083333333334,71.21,17000
2512,57.02638888888889,40.9461111111111,71.21,17000
2513,56.75472222222223,48.53416666666667,71.21,17000
2514,55.209722222222226,34.301944444444445,71.21,17000
2515,53.70000000000001,54.27777777777777,71.21,470
2516,57.02777777777777,82.06666666666668,71.21,300
2517,52.97472222222223,43.421388888888885,71.21,300
2518,57.694444444444436,83.56666666666668,71.21,300
2519,44.32416666666668,40.61194444444445,71.21,100
2520,44.644444444444446,40.58194444444445,71.21,100
2521,59.766666666666666,79.22777777777777,71.21,20
2522,55.40861111111111,43.84916666666666,71.21,0
2523,59.99138888888889,30.127499999999994,71.24,45000
2524,48.49444444444445,135.07777777777775,71.24,20000
2525,48.29555555555555,40.28388888888889,71.24,17000
2526,52.551944444444445,39.524166666666666,71.24,17000
2527,57.95055555555556,35.977777777777774,71.24,17000
2528,43.01527777777777,44.68638888888888,71.24,17000
2529,56.23277777777779,32.775555555555556,71.24,1000
2530,57.02777777777777,82.06666666666668,71.24,300
2531,56.98083333333333,63.28833333333333,71.24,300
2532,51.611111111111114,82.30000000000001,71.24,0
2533,58.13027777777778,59.63083333333334,71.26,0
2534,56.596944444444446,29.022222222222222,71.27,17000
2535,52.31111111111111,104.30000000000001,71.27,17000
2536,54.98333333333334,82.90000000000002,71.27,4000
2537,52.92499999999999,36.15194444444444,71.27,4000
2538,53.261111111111106,50.216666666666676,71.27,4000
2539,54.233333333333334,90.83333333333333,71.27,1000
2540,44.263333333333335,42.10805555555555,71.27,400
2541,56.09444444444444,86.04444444444444,71.3,17000
2542,50.27777777777777,127.5611111111111,71.3,17000
2543,44.81555555555555,37.65805555555555,71.3,4800
2544,54.75000000000001,56.02777777777777,71.3,4000
2545,55.81972222222223,37.61166666666666,71.3,1000
2546,51.62777777777777,114.25000000000001,71.3,400
2547,62.866666666666674,75.0,71.3,400
2548,60.75000000000001,72.82777777777775,71.3,400
2549,44.76361111111112,39.870555555555555,71.3,300
2550,60.53333333333333,68.01666666666668,71.3,0
2551,62.02722222222223,129.72305555555556,71.3,0
2552,54.32333333333334,43.35638888888889,71.33,15850
2553,48.78305555555555,44.48722222222223,71.33,15850
2554,54.444444444444436,51.45000000000001,71.33,2000
2555,60.400000000000006,57.09444444444444,71.33,800
2556,55.185833333333335,48.4913888888889,71.33,200
2557,56.84055555555556,58.352777777777774,71.33,120
2558,58.02916666666666,64.76972222222223,71.33,120
2559,58.68027777777777,52.12083333333334,71.33,100
2560,59.49444444444445,79.4111111111111,71.33,3
2561,58.03333333333334,85.43333333333335,71.33,3
2562,61.11666666666667,44.81666666666668,71.33,0
2563,54.728611111111114,20.49416666666667,71.36,3000
2564,53.09444444444444,57.46666666666667,71.36,470
2565,59.56666666666668,150.81111111111107,71.36,400
2566,63.511111111111106,71.36111111111109,71.36,0
2567,62.45000000000001,66.04444444444444,71.36,0
2568,60.077777777777776,71.46666666666667,71.36,0
2569,60.53333333333333,68.01666666666668,71.36,0
2570,63.65,62.10000000000001,71.36,0
2571,61.31111111111111,71.30000000000001,71.36,0
2572,54.04333333333334,38.24944444444445,71.39,17000
2573,47.213611111111106,39.67833333333334,71.39,17000
2574,54.60611111111112,39.7588888888889,71.39,17000
2575,58.44861111111111,31.723333333333336,71.39,17000
2576,51.67388888888888,39.195833333333326,71.39,17000
2577,51.10000000000001,41.611111111111114,71.39,2000
2578,54.49444444444445,34.98333333333334,71.39,400
2579,59.416666666666664,62.35,71.39,300
2580,52.35,85.33333333333334,71.39,150
2581,52.8325,32.67472222222223,71.39,150
2582,65.80000000000001,74.46111111111111,71.39,0
2583,56.79444444444444,54.150000000000006,71.42,4000
2584,45.25111111111111,39.19722222222222,71.42,2630
2585,61.216666666666676,73.37777777777777,71.42,2000
2586,59.14444444444444,69.01666666666668,71.42,2000
2587,56.02777777777777,92.90000000000002,71.42,400
2588,56.20222222222223,49.44027777777778,71.42,300
2589,59.05,80.85000000000001,71.42,300
2590,56.694444444444436,96.06666666666668,71.42,200
2591,64.28333333333333,100.25000000000001,71.42,200
2592,59.18388888888888,39.9461111111111,71.42,200
2593,55.833333333333336,83.51666666666667,71.42,150
2594,56.400000000000006,61.93333333333334,71.42,120
2595,58.19444444444444,94.77777777777776,71.42,120
2596,63.93333333333334,65.05,71.42,100
2597,59.38111111111112,144.86194444444442,71.42,100
2598,61.03333333333334,61.98333333333334,71.42,100
2599,56.53333333333333,89.32777777777777,71.42,0
2600,43.45805555555556,43.56666666666668,71.45,35500
2601,53.185555555555545,44.98916666666668,71.45,20000
2602,58.31111111111111,57.8111111111111,71.45,17000
2603,62.31166666666665,32.67944444444445,71.45,17000
2604,56.29944444444445,44.00027777777779,71.45,17000
2605,54.50027777777778,53.53222222222223,71.45,2000
2606,60.74444444444444,77.19444444444444,71.45,70
2607,61.8111111111111,34.32777777777777,71.46,0
2608,55.866666666666674,56.88333333333333,71.48,3000
2609,56.866666666666674,37.35,71.48,2000
2610,64.44916666666666,40.60638888888889,71.48,1000
2611,54.32777777777777,91.56666666666668,71.48,200
2612,52.8111111111111,106.41666666666667,71.48,120
2613,54.91111111111111,84.36111111111109,71.48,3
2614,44.42111111111112,41.57694444444444,71.48,0
2615,55.69583333333332,60.55861111111111,71.5,17000
2616,51.72777777777778,107.51666666666667,71.51,17000
2617,51.23083333333334,58.45277777777778,71.51,2500
2618,55.766666666666666,60.72777777777778,71.51,2000
2619,54.50638888888889,37.114999999999995,71.51,400
2620,53.74444444444444,34.75000000000001,71.51,316
2621,52.833333333333336,91.4111111111111,71.51,300
2622,60.74444444444444,42.05,71.51,300
2623,58.39444444444444,97.46111111111111,71.51,200
2624,55.215277777777786,49.237222222222215,71.51,200
2625,50.94916666666666,44.749166666666675,71.51,200
2626,68.1,87.79444444444444,71.51,50
2627,66.93333333333334,88.37777777777777,71.51,50
2628,43.399444444444434,42.918888888888894,71.51,50
2629,43.29777777777777,43.41111111111111,71.51,20
2630,43.43472222222222,43.23305555555556,71.51,20
2631,43.788333333333334,42.93999999999999,71.51,20
2632,43.12972222222222,43.46194444444444,71.51,20
2633,55.28333333333334,79.9611111111111,71.51,3
2634,47.83777777777779,43.48833333333334,71.54,17000
2635,61.237222222222215,46.62277777777778,71.54,17000
2636,56.90972222222223,33.58,71.54,17000
2637,56.32944444444445,46.561388888888885,71.54,17000
2638,56.01944444444445,40.84027777777777,71.54,17000
2639,53.16944444444444,48.567222222222235,71.54,8000
2640,52.938611111111115,33.45027777777778,71.54,1580
2641,43.916388888888896,39.325277777777785,71.54,1000
2642,54.780833333333334,32.04166666666667,71.54,800
2643,50.216666666666676,136.91111111111107,71.54,400
2644,51.67777777777777,41.65,71.54,400
2645,47.75000000000001,46.8111111111111,71.54,400
2646,53.09444444444444,91.4111111111111,71.54,300
2647,53.150000000000006,103.79444444444444,71.54,100
2648,66.80000000000001,65.80000000000001,71.54,100
2649,66.09444444444443,76.64444444444443,71.54,0
2650,57.88333333333333,28.34444444444444,71.54,0
2651,61.5611111111111,66.43333333333335,71.54,0
2652,53.51666666666667,49.261111111111106,71.55,0
2653,55.68472222222221,52.43555555555556,71.57,8000
2654,53.261111111111106,83.75000000000001,71.57,4000
2655,53.72777777777778,52.400000000000006,71.57,2000
2656,56.11666666666667,64.59444444444442,71.57,500
2657,57.0,86.15000000000002,71.57,200
2658,55.199166666666656,76.03694444444443,71.6,17000
2659,61.68111111111111,40.22472222222222,71.6,3000
2660,57.93944444444443,43.90472222222222,71.6,500
2661,54.977777777777774,35.86111111111111,71.6,400
2662,60.95,78.79444444444444,71.6,400
2663,47.977777777777774,135.13333333333335,71.6,190
2664,61.14444444444444,74.83333333333333,71.6,0
2665,58.52055555555555,31.286944444444444,71.6,0
2666,50.200277777777785,48.60166666666666,71.63,17000
2667,45.011944444444445,41.85333333333334,71.63,17000
2668,55.37777777777777,89.83333333333333,71.63,17000
2669,54.77277777777778,46.2388888888889,71.63,15850
2670,51.75777777777779,36.12805555555556,71.63,15850
2671,56.336388888888884,30.475833333333334,71.63,3000
2672,48.58472222222222,45.770833333333336,71.63,400
2673,52.14444444444444,56.81666666666668,71.63,150
2674,49.79444444444444,129.66666666666669,71.63,150
2675,56.31111111111111,60.28333333333334,71.63,120
2676,57.74444444444444,59.866666666666674,71.63,100
2677,46.444444444444436,141.8666666666667,71.63,60
2678,54.416666666666664,56.8111111111111,71.63,0
2679,59.99138888888889,30.127499999999994,71.66,25000
2680,50.67777777777777,116.32777777777777,71.66,20000
2681,60.45000000000001,51.0,71.66,17000
2682,54.2713888888889,40.557222222222215,71.66,17000
2683,51.511111111111106,81.17777777777776,71.66,17000
2684,57.13194444444444,65.59527777777775,71.66,17000
2685,45.426944444444445,46.85527777777777,71.66,17000
2686,63.416666666666664,48.70000000000001,71.66,17000
2687,62.64777777777777,42.94027777777777,71.66,17000
2688,57.519166666666656,39.7575,71.66,17000
2689,55.444444444444436,79.20000000000002,71.66,4000
2690,53.261111111111106,50.261111111111106,71.66,2000
2691,50.74749999999999,86.13750000000002,71.66,400
2692,58.45000000000001,85.01666666666668,71.66,300
2693,55.28333333333334,84.4111111111111,71.66,300
2694,58.694444444444436,99.19444444444444,71.66,200
2695,51.03333333333334,85.54444444444442,71.66,200
2696,56.75000000000001,96.80000000000001,71.66,50
2697,54.45000000000001,113.6111111111111,71.66,0
2698,52.511111111111106,99.7,71.66,0
2699,52.611111111111114,99.71666666666668,71.66,0
2700,51.86111111111111,102.48333333333335,71.66,0
2701,60.32777777777777,72.01666666666668,71.66,0
2702,51.70000000000001,101.66666666666669,71.66,0
2703,52.33333333333334,100.17777777777776,71.66,0
2704,51.74444444444444,102.87777777777777,71.66,0
2705,59.5611111111111,60.5611111111111,71.69,17000
2706,57.66305555555555,46.64666666666666,71.69,17000
2707,52.75000000000001,87.9611111111111,71.69,17000
2708,55.16638888888889,59.667500000000004,71.69,15850
2709,53.94055555555556,32.8811111111111,71.69,4000
2710,50.63833333333333,41.50333333333334,71.69,363
2711,55.225833333333334,37.05722222222222,71.69,120
2712,61.53333333333333,82.41666666666667,71.7,0
2713,58.0,53.02777777777777,71.72,17000
2714,55.46388888888889,78.30472222222224,71.72,17000
2715,60.07027777777778,42.62694444444444,71.72,17000
2716,54.52166666666666,36.26055555555555,71.72,8000
2717,43.88333333333333,41.472500000000004,71.72,100
2718,55.79444444444444,109.59444444444442,71.72,50
2719,53.833333333333336,109.92777777777778,71.72,0
2720,60.3586111111111,37.91833333333334,71.75,17000
2721,51.027777777777786,59.85444444444445,71.75,17000
2722,54.92194444444445,21.712499999999995,71.75,5000
2723,54.0,90.25000000000001,71.75,300
2724,56.233333333333334,58.79444444444444,71.75,120
2725,59.74444444444444,62.92777777777777,71.75,120
2726,56.866666666666674,62.74444444444444,71.75,0
2727,51.915,116.32527777777777,71.78,20000
2728,55.87694444444444,98.1475,71.78,20000
2729,52.780833333333334,41.41388888888888,71.78,17000
2730,57.53972222222222,29.974722222222216,71.78,4000
2731,58.02777777777777,56.233333333333334,71.78,4000
2732,54.3188888888889,48.39694444444445,71.78,4000
2733,54.511111111111106,84.17777777777776,71.78,600
2734,50.65944444444444,38.66777777777777,71.78,400
2735,45.09444444444444,43.416111111111114,71.78,400
2736,51.51749999999999,37.99055555555555,71.78,400
2737,43.759166666666665,44.649166666666666,71.78,400
2738,60.93333333333334,76.56666666666668,71.78,400
2739,62.58333333333334,50.86111111111111,71.78,400
2740,47.79444444444444,135.64444444444445,71.78,300
2741,54.2111111111111,83.41666666666667,71.78,300
2742,55.81666666666668,37.33333333333334,71.78,200
2743,65.54444444444442,72.51666666666667,71.78,150
2744,60.05,69.90000000000002,71.78,100
2745,54.46666666666667,84.77777777777776,71.78,3
2746,55.92777777777777,76.92777777777778,71.78,3
2747,57.416666666666664,63.833333333333336,71.78,0
2748,50.37777777777777,155.60000000000002,71.78,0
2749,61.32777777777777,63.33333333333334,71.78,0
2750,45.026944444444446,39.00027777777779,71.81,17000
2751,54.07027777777778,35.32416666666668,71.81,17000
2752,53.40777777777778,58.95111111111111,71.81,15850
2753,56.27777777777777,51.53333333333333,71.81,8000
2754,43.01527777777777,44.68638888888888,71.81,7800
2755,44.0013888888889,40.95,71.81,100
2756,42.560555555555545,47.079444444444455,71.84,20000
2757,43.11666666666667,131.91666666666669,71.84,20000
2758,54.98333333333334,73.41666666666667,71.84,17000
2759,49.216666666666676,143.08333333333337,71.84,17000
2760,51.39444444444444,128.12777777777777,71.84,17000
2761,51.833333333333336,107.59444444444442,71.84,17000
2762,61.289444444444435,42.35583333333334,71.84,17000
2763,47.488611111111105,42.191388888888895,71.84,17000
2764,56.826666666666675,60.62277777777778,71.84,17000
2765,58.59361111111112,49.68972222222222,71.84,4000
2766,53.94166666666667,51.18444444444444,71.84,2000
2767,57.58333333333334,83.77777777777776,71.84,300
2768,67.46666666666667,78.7,71.84,100
2769,44.07611111111111,41.72583333333334,71.84,60
2770,55.70000000000001,80.0,71.84,3
2771,51.866666666666674,55.28333333333334,71.84,0
2772,55.40861111111111,43.84916666666666,71.87,17000
2773,50.57527777777778,36.580555555555556,71.87,17000
2774,59.400000000000006,56.261111111111106,71.87,17000
2775,55.444444444444436,65.30000000000001,71.87,17000
2776,56.02777777777777,92.90000000000002,71.87,3000
2777,58.04888888888888,38.83777777777779,71.87,400
2778,56.32777777777777,28.561111111111106,71.87,0
2779,48.8111111111111,44.58333333333334,71.89,0
2780,44.400000000000006,135.60000000000002,71.9,20000
2781,53.27777777777777,158.66111111111107,71.9,20000
2782,49.99055555555555,40.624722222222225,71.9,17000
2783,55.803055555555545,55.437222222222225,71.9,17000
2784,51.544999999999995,57.53027777777778,71.9,17000
2785,54.639444444444436,86.22249999999998,71.9,17000
2786,44.701388888888886,44.974999999999994,71.9,17000
2787,52.221666666666664,34.55944444444444,71.9,17000
2788,58.21222222222223,68.26527777777778,71.9,17000
2789,69.44583333333333,30.789722222222224,71.9,17000
2790,56.33333333333334,160.66666666666669,71.9,4000
2791,54.92777777777777,99.06666666666668,71.9,400
2792,51.551666666666655,45.96472222222222,71.9,400
2793,55.977777777777774,83.17777777777776,71.91,3
2794,47.977777777777774,131.88333333333333,71.93,20000
2795,51.054722222222225,114.815,71.93,20000
2796,55.04555555555555,50.25583333333333,71.93,17000
2797,59.812499999999986,45.50333333333334,71.93,17000
2798,66.14083333333335,33.18666666666665,71.93,17000
2799,43.58194444444445,39.72888888888888,71.93,17000
2800,57.70000000000001,31.683333333333334,71.93,17000
2801,61.216666666666676,73.37777777777777,71.93,4000
2802,54.14083333333334,37.58416666666666,71.93,4000
2803,44.895833333333336,40.497777777777785,71.93,2000
2804,49.0,132.0,71.93,1000
2805,46.63694444444445,38.40222222222222,71.93,400
2806,44.393888888888895,38.628888888888895,71.93,300
2807,58.0,31.377777777777776,71.93,0
2808,66.0,57.53333333333333,71.93,0
2809,50.37777777777777,106.46666666666667,71.96,17000
2810,63.8325,38.46666666666667,71.96,17000
2811,54.511111111111106,89.98333333333335,71.96,17000
2812,47.31944444444446,47.39138888888889,71.96,17000
2813,61.694444444444436,53.694444444444436,71.96,17000
2814,50.833333333333336,132.50000000000003,71.96,10000
2815,55.15305555555555,61.404999999999994,71.96,10000
2816,56.644999999999996,47.87916666666668,71.96,6000
2817,47.75000000000001,142.12777777777777,71.96,400
2818,54.72777777777778,158.61666666666667,71.96,200
2819,48.62722222222223,42.86555555555555,71.96,182
2820,56.36083333333334,44.04805555555556,71.96,0
2821,60.694444444444436,60.416666666666664,71.96,0
2822,63.95,38.16666666666667,71.96,0
2823,53.8111111111111,81.32777777777777,71.99,17000
2824,57.090555555555554,41.70916666666666,71.99,17000
2825,54.05666666666667,47.111111111111114,71.99,17000
2826,57.81166666666667,28.277777777777782,71.99,5000
2827,56.49416666666667,84.97472222222221,71.99,1500
2828,53.150000000000006,140.7166666666667,71.99,400
2829,50.163055555555566,38.42472222222221,71.99,310
2830,52.233333333333334,82.32777777777777,71.99,200
2831,56.19444444444444,58.33333333333334,71.99,120
2832,55.2111111111111,56.694444444444436,71.99,100
2833,55.14444444444444,39.5611111111111,71.99,100
2834,66.54444444444442,66.6111111111111,71.99,100
2835,54.833333333333336,76.7,71.99,4
2836,67.46111111111111,86.54444444444442,72.0,50
2837,48.49444444444445,135.07777777777775,72.02,20000
2838,58.13027777777778,59.63083333333334,72.02,17000
2839,56.31111111111111,101.71666666666668,72.02,17000
2840,48.29555555555555,40.28388888888889,72.02,17000
2841,67.60166666666667,33.6475,72.02,17000
2842,53.28333333333334,91.59444444444442,72.02,17000
2843,43.02777777777777,44.35,72.02,17000
2844,56.870277777777765,53.05083333333332,72.02,4000
2845,57.88333333333333,54.70000000000001,72.02,4000
2846,64.6111111111111,30.611111111111107,72.02,1000
2847,55.51666666666667,45.39972222222222,72.02,1000
2848,50.93527777777776,37.80111111111112,72.02,400
2849,43.236666666666665,44.74277777777777,72.02,400
2850,49.09444444444444,140.25000000000003,72.02,300
2851,51.01083333333334,108.94833333333332,72.02,150
2852,51.86111111111111,112.77777777777776,72.02,150
2853,59.611111111111114,65.88333333333334,72.02,100
2854,51.694444444444436,111.7,72.02,100
2855,51.45000000000001,110.17777777777776,72.02,100
2856,51.444444444444436,110.92777777777778,72.02,20
2857,51.216666666666676,119.46111111111111,72.02,20
2858,53.46666666666667,89.54444444444442,72.02,0
2859,51.28333333333334,109.56666666666668,72.02,0
2860,56.35,114.88333333333334,72.02,0
2861,56.31111111111111,101.71666666666668,72.05,20000
2862,51.58888888888888,43.02666666666666,72.05,17000
2863,54.02249999999999,58.394722222222214,72.05,17000
2864,52.92499999999999,36.15194444444444,72.05,17000
2865,53.20222222222223,50.16444444444444,72.05,17000
2866,52.31111111111111,104.30000000000001,72.05,8000
2867,59.511111111111106,34.70000000000001,72.05,1600
2868,54.52166666666666,36.26055555555555,72.05,1000
2869,56.336388888888884,30.475833333333334,72.05,500
2870,54.33333333333334,34.03333333333334,72.05,310
2871,55.694444444444436,76.74444444444444,72.05,300
2872,54.51666666666667,76.85000000000001,72.05,3
2873,56.09444444444444,86.04444444444444,72.08,17000
2874,52.53333333333333,85.28333333333333,72.08,17000
2875,44.833333333333336,133.05,72.08,17000
2876,49.09444444444444,142.08333333333337,72.08,17000
2877,62.02722222222223,129.72305555555556,72.08,17000
2878,57.0938888888889,45.14527777777777,72.08,4000
2879,53.95,78.46666666666667,72.08,500
2880,54.32777777777777,156.05,72.08,400
2881,60.75000000000001,72.82777777777775,72.08,0
2882,62.10000000000001,77.56666666666668,72.08,0
2883,51.67388888888888,39.195833333333326,72.11,29500
2884,58.02916666666666,64.76972222222223,72.11,17000
2885,44.263333333333335,42.10805555555555,72.11,17000
2886,56.216666666666676,72.20000000000002,72.11,17000
2887,56.84055555555556,58.352777777777774,72.11,14120
2888,48.74138888888889,44.53055555555555,72.11,12590
2889,54.734444444444435,20.50583333333333,72.11,4000
2890,51.79444444444444,55.09444444444444,72.11,2000
2891,58.261111111111106,52.10000000000001,72.11,800
2892,54.77722222222222,42.291111111111114,72.11,500
2893,61.011111111111106,36.45000000000001,72.11,400
2894,56.10000000000001,63.63333333333334,72.11,200
2895,57.56666666666668,60.866666666666674,72.11,100
2896,59.99138888888889,30.127499999999994,72.14,45000
2897,53.95,102.05,72.14,20000
2898,56.329166666666666,90.50777777777779,72.14,17000
2899,52.07277777777779,47.748333333333335,72.14,17000
2900,55.81972222222223,37.61166666666666,72.14,10000
2901,56.19638888888888,50.400555555555556,72.14,10000
2902,44.57833333333334,38.10944444444445,72.14,560
2903,56.077777777777776,159.8666666666667,72.14,400
2904,45.28333333333334,37.400000000000006,72.14,400
2905,61.45000000000001,44.56666666666668,72.14,100
2906,54.68638888888888,51.50750000000001,72.14,0
2907,63.969166666666666,32.01555555555556,72.17,17000
2908,60.230555555555554,47.77527777777777,72.17,17000
2909,56.49444444444445,67.88333333333334,72.17,17000
2910,52.8325,32.67472222222223,72.17,17000
2911,47.27111111111111,39.76277777777778,72.17,6310
2912,52.35,85.33333333333334,72.17,300
2913,55.42277777777778,42.519166666666656,72.17,300
2914,61.25416666666666,75.17222222222223,72.17,100
2915,55.10000000000001,84.1,72.17,3
2916,54.23555555555555,49.54361111111112,72.17,0
2917,54.12805555555556,54.13277777777778,72.2,17000
2918,56.32944444444445,46.561388888888885,72.2,17000
2919,53.72777777777778,88.14444444444443,72.2,17000
2920,44.16666666666667,131.83333333333334,72.2,17000
2921,51.51666666666667,92.83333333333333,72.2,17000
2922,59.18388888888888,39.9461111111111,72.2,8000
2923,44.400277777777774,39.69527777777777,72.2,500
2924,52.416666666666664,136.4944444444444,72.2,400
2925,53.05,90.92777777777778,72.2,300
2926,45.216666666666676,147.88333333333333,72.2,190
2927,55.833333333333336,83.51666666666667,72.2,150
2928,59.74444444444444,62.92777777777777,72.2,100
2929,46.79444444444444,142.93333333333334,72.2,60
2930,46.62777777777777,143.12777777777777,72.2,30
2931,61.14444444444444,43.33333333333334,72.2,0
2932,56.766666666666666,105.66666666666669,72.2,0
2933,43.45805555555556,43.56666666666668,72.23,35500
2934,50.094444444444456,118.14805555555557,72.23,20000
2935,58.31111111111111,57.8111111111111,72.23,17000
2936,53.185555555555545,44.98916666666668,72.23,17000
2937,49.536666666666655,41.870833333333344,72.23,17000
2938,60.95,78.79444444444444,72.23,400
2939,58.444444444444436,62.400000000000006,72.23,300
2940,58.70000000000001,59.49444444444445,72.23,100
2941,58.444444444444436,64.4111111111111,72.23,100
2942,54.56666666666668,81.38333333333335,72.23,3
2943,54.58333333333334,81.38333333333335,72.23,3
2944,52.8111111111111,32.2111111111111,72.26,16220
2945,46.33333333333334,48.05,72.26,4000
2946,56.51666666666667,56.077777777777776,72.26,4000
2947,53.220833333333346,34.32083333333333,72.26,2000
2948,57.63027777777777,39.865277777777784,72.26,1200
2949,57.00277777777777,27.98583333333334,72.26,1000
2950,64.59444444444442,40.62777777777777,72.26,400
2951,57.70000000000001,93.28333333333333,72.26,200
2952,57.79972222222223,42.2336111111111,72.26,100
2953,52.8111111111111,106.41666666666667,72.26,100
2954,54.49444444444445,76.65,72.26,3
2955,55.64555555555555,51.826388888888886,72.29,17000
2956,52.05,113.48333333333335,72.29,3000
2957,54.750277777777775,47.6313888888889,72.29,2000
2958,52.37777777777777,140.45000000000002,72.29,300
2959,46.63333333333334,142.7666666666667,72.29,60
2960,55.46666666666667,83.64444444444443,72.29,0
2961,56.853888888888896,35.932222222222215,72.32,17000
2962,45.026944444444446,39.00027777777779,72.32,4000
2963,44.2111111111111,40.79444444444444,72.32,400
2964,44.644444444444446,40.58194444444445,72.32,140
2965,55.09444444444444,79.30000000000001,72.32,3
2966,54.04333333333334,38.24944444444445,72.35,17000
2967,53.92777777777777,56.46666666666667,72.35,1000
2968,54.62777777777777,59.74444444444444,72.35,470
2969,54.04027777777778,41.93638888888889,72.35,400
2970,56.8075,48.87972222222223,72.35,300
2971,56.150000000000006,58.72777777777778,72.35,100
2972,61.05,30.16111111111111,72.38,17000
2973,51.368611111111115,42.04638888888889,72.38,15850
2974,55.199166666666656,76.03694444444443,72.38,5000
2975,62.14444444444444,65.4111111111111,72.38,300
2976,47.977777777777774,135.13333333333335,72.38,190
2977,67.37777777777777,37.02777777777777,72.38,100
2978,61.400000000000006,43.72777777777778,72.38,100
2979,53.74444444444444,127.83333333333333,72.4,0
2980,51.84166666666667,37.66277777777777,72.41,31600
2981,45.011944444444445,41.85333333333334,72.41,16200
2982,55.26833333333334,46.99305555555555,72.41,12590
2983,56.23,43.932222222222215,72.41,4000
2984,56.37777777777777,77.92777777777778,72.41,3
2985,58.71694444444446,29.851944444444445,72.44,17000
2986,57.963055555555556,38.35499999999999,72.44,17000
2987,54.98333333333334,82.90000000000002,72.44,5000
2988,43.50777777777777,45.084722222222226,72.44,4000
2989,58.59361111111112,49.68972222222222,72.44,4000
2990,58.02777777777777,56.233333333333334,72.44,4000
2991,53.50027777777778,49.400555555555556,72.44,4000
2992,57.13194444444444,65.59527777777775,72.44,2000
2993,43.87166666666666,41.15638888888889,72.44,400
2994,57.79444444444444,82.65,72.44,200
2995,52.748333333333335,55.79777777777778,72.44,100
2996,59.0,78.46666666666667,72.44,100
2997,50.49444444444445,105.65,72.44,0
2998,61.416666666666664,72.51666666666667,72.44,0
2999,53.27777777777777,108.74444444444444,72.44,0
3000,62.64777777777777,42.94027777777777,72.44,0
3001,55.09444444444444,53.833333333333336,72.47,17000
3002,62.96194444444445,34.6013888888889,72.47,17000
3003,53.94055555555556,32.8811111111111,72.47,17000
3004,52.75000000000001,87.9611111111111,72.47,17000
3005,55.16638888888889,59.667500000000004,72.47,8000
3006,59.5611111111111,60.5611111111111,72.47,100
3007,58.0,53.02777777777777,72.5,17000
3008,49.30388888888888,43.0425,72.5,17000
3009,53.10083333333333,46.430277777777775,72.5,17000
3010,55.02083333333333,44.50055555555554,72.5,17000
3011,56.02777777777777,92.90000000000002,72.5,3000
3012,54.88333333333333,20.233333333333334,72.5,2512
3013,54.233333333333334,90.83333333333333,72.5,1000
3014,44.11388888888889,39.074444444444445,72.5,500
3015,54.35,89.30000000000001,72.5,400
3016,59.11666666666667,159.9666666666667,72.5,400
3017,53.27777777777777,89.5611111111111,72.5,300
3018,62.46666666666667,166.2,72.5,200
3019,55.03333333333334,155.59444444444443,72.5,200
3020,59.261111111111106,163.07777777777775,72.5,200
3021,51.511111111111106,156.51666666666668,72.5,200
3022,57.766666666666666,158.69444444444443,72.5,200
3023,60.444444444444436,166.05,72.5,200
3024,57.10000000000001,156.76111111111106,72.5,200
3025,59.39444444444444,63.37777777777777,72.5,120
3026,62.09444444444444,38.19444444444444,72.5,100
3027,43.33944444444444,43.63833333333333,72.5,50
3028,52.866666666666674,156.17777777777778,72.5,43
3029,43.29777777777777,43.41111111111111,72.5,20
3030,43.30777777777777,42.75388888888889,72.5,20
3031,53.95,102.05,72.52,20000
3032,56.866666666666674,62.74444444444444,72.53,300
3033,59.11666666666667,63.46666666666667,72.53,120
3034,57.72777777777778,60.65,72.53,120
3035,58.14444444444444,61.72777777777778,72.53,100
3036,46.68111111111111,141.85527777777776,72.53,60
3037,61.694444444444436,64.48333333333335,72.53,10
3038,57.53972222222222,29.974722222222216,72.56,17000
3039,52.780833333333334,41.41388888888888,72.56,17000
3040,54.340833333333336,48.38,72.56,17000
3041,57.76861111111112,40.94666666666666,72.56,8000
3042,60.93333333333334,76.56666666666668,72.56,7000
3043,54.2111111111111,83.41666666666667,72.56,600
3044,55.970000000000006,48.028333333333336,72.56,600
3045,52.694444444444436,37.977777777777774,72.56,300
3046,65.7,82.46666666666667,72.56,100
3047,56.31111111111111,57.98333333333334,72.56,100
3048,47.79444444444444,135.64444444444445,72.56,0
3049,53.40777777777778,58.95111111111111,72.59,2000
3050,53.19444444444444,55.19444444444444,72.59,1000
3051,53.19444444444444,90.46666666666667,72.59,300
3052,54.75388888888889,52.49444444444444,72.59,100
3053,44.07611111111111,41.72583333333334,72.59,100
3054,50.80944444444445,41.95388888888888,72.59,50
3055,55.977777777777774,76.5611111111111,72.59,3
3056,54.16666666666667,74.71666666666668,72.62,17000
3057,60.89638888888889,34.059999999999995,72.62,17000
3058,57.19833333333333,50.06583333333332,72.62,17000
3059,47.488611111111105,42.191388888888895,72.62,17000
3060,63.86111111111111,57.32777777777777,72.62,17000
3061,56.28972222222222,46.28916666666667,72.62,1000
3062,52.92777777777777,52.866666666666674,72.62,100
3063,61.077777777777776,42.10000000000001,72.62,100
3064,55.70000000000001,79.32777777777777,72.62,3
3065,51.88333333333333,107.82777777777775,72.62,0
3066,51.51666666666667,107.19444444444444,72.62,0
3067,52.98333333333334,108.30000000000001,72.62,0
3068,51.72777777777778,108.51666666666667,72.62,0
3069,51.694444444444436,107.19444444444444,72.62,0
3070,51.65,107.37777777777777,72.62,0
3071,61.233333333333334,38.91111111111111,72.62,0
3072,52.0,108.30000000000001,72.62,0
3073,51.65,107.80000000000001,72.62,0
3074,51.10000000000001,106.64444444444443,72.62,0
3075,50.92777777777777,106.23333333333333,72.62,0
3076,52.03333333333334,108.92777777777778,72.62,0
3077,55.25888888888888,42.20277777777779,72.65,17000
3078,51.54944444444445,45.963333333333345,72.65,6000
3079,51.23944444444445,37.75861111111111,72.65,4000
3080,55.444444444444436,65.30000000000001,72.65,3000
3081,58.65,37.27777777777777,72.65,1000
3082,46.37777777777777,143.37777777777777,72.65,60
3083,55.51666666666667,79.54444444444442,72.65,4
3084,59.400000000000006,56.261111111111106,72.65,0
3085,69.17777777777776,88.33333333333334,72.68,17000
3086,56.33333333333334,160.66666666666669,72.68,4000
3087,59.97638888888889,30.320833333333336,72.68,4000
3088,53.28333333333334,83.75000000000001,72.68,1250
3089,43.95500000000001,42.69027777777778,72.68,200
3090,54.77277777777778,46.2388888888889,72.68,0
3091,51.49444444444445,57.35,72.68,0
3092,52.46944444444444,50.53222222222223,72.71,17000
3093,54.14083333333334,37.58416666666666,72.71,17000
3094,43.59027777777778,39.738611111111105,72.71,8000
3095,61.216666666666676,73.37777777777777,72.71,4000
3096,44.688333333333325,39.44027777777778,72.71,500
3097,54.1413888888889,37.58444444444445,72.71,500
3098,46.63694444444445,38.40222222222222,72.71,400
3099,57.0,86.15000000000002,72.71,300
3100,51.49444444444445,140.7666666666667,72.71,300
3101,55.28333333333334,79.9611111111111,72.71,3
3102,55.70000000000001,83.75000000000001,72.71,3
3103,52.67777777777777,44.14444444444444,72.74,17000
3104,55.15305555555555,61.404999999999994,72.74,10000
3105,45.05,39.02777777777777,72.74,4000
3106,53.92777777777777,56.46666666666667,72.74,670
3107,56.56666666666668,76.61666666666667,72.74,500
3108,54.72777777777778,158.61666666666667,72.74,140
3109,58.45000000000001,92.17777777777776,72.74,100
3110,60.694444444444436,60.416666666666664,72.74,0
3111,57.02638888888889,40.9461111111111,72.77,17000
3112,56.75472222222223,48.53416666666667,72.77,17000
3113,50.16666666666667,39.53333333333333,72.77,1000
3114,56.216666666666676,35.63333333333334,72.77,400
3115,57.02777777777777,82.06666666666668,72.77,250
3116,48.49444444444445,135.07777777777775,72.8,17000
3117,57.95055555555556,35.977777777777774,72.8,17000
3118,43.01527777777777,44.68638888888888,72.8,17000
3119,56.87166666666666,53.163888888888884,72.8,4000
3120,52.551944444444445,39.524166666666666,72.8,4000
3121,60.70000000000001,28.833333333333332,72.8,4000
3122,54.728611111111114,20.49416666666667,72.8,3000
3123,57.88333333333333,54.70000000000001,72.8,1000
3124,50.65,107.97777777777777,72.8,0
3125,51.2111111111111,83.75000000000001,72.8,0
3126,51.32777777777777,83.41666666666667,72.8,0
3127,62.02722222222223,129.72305555555556,72.8,0
3128,56.596944444444446,29.022222222222222,72.83,17000
3129,56.826666666666675,60.62277777777778,72.83,17000
3130,52.92499999999999,36.15194444444444,72.83,4000
3131,53.23083333333334,50.19277777777777,72.83,4000
3132,55.694444444444436,76.74444444444444,72.83,500
3133,56.13083333333333,40.357777777777784,72.83,400
3134,55.261111111111106,79.32777777777777,72.83,4
3135,52.31111111111111,104.30000000000001,72.83,0
3136,50.27777777777777,127.5611111111111,72.86,17000
3137,57.0938888888889,45.14527777777777,72.86,17000
3138,63.2111111111111,75.43333333333335,72.86,1000
3139,54.32777777777777,156.05,72.86,200
3140,51.261111111111106,107.59444444444442,72.86,0
3141,51.03333333333334,107.77777777777776,72.86,0
3142,60.75000000000001,72.82777777777775,72.86,0
3143,51.33333333333334,108.46111111111111,72.86,0
3144,51.09444444444444,107.25000000000001,72.86,0
3145,48.74138888888889,44.53055555555555,72.89,17000
3146,54.32333333333334,43.35638888888889,72.89,15850
3147,56.11944444444444,47.27777777777777,72.89,3160
3148,53.09444444444444,57.46666666666667,72.89,3000
3149,55.09444444444444,51.63333333333334,72.89,1000
3150,60.400000000000006,57.09444444444444,72.89,600
3151,44.263333333333335,42.10805555555555,72.89,300
3152,54.62777777777777,55.37777777777777,72.89,0
3153,52.8325,32.67472222222223,72.89,0
3154,55.69583333333332,37.5511111111111,72.92,30000
3155,52.07277777777779,47.748333333333335,72.92,4000
3156,62.866666666666674,75.0,72.92,400
3157,53.74444444444444,34.75000000000001,72.92,316
3158,52.35,85.33333333333334,72.92,300
3159,55.46666666666667,83.64444444444443,72.92,300
3160,58.05,60.5611111111111,72.92,100
3161,56.329166666666666,90.50777777777779,72.92,0
3162,51.977777777777774,106.32777777777777,72.92,0
3163,52.233333333333334,106.65,72.92,0
3164,51.5611111111111,105.12777777777775,72.92,0
3165,47.213611111111106,39.67833333333334,72.95,17000
3166,58.44861111111111,31.723333333333336,72.95,17000
3167,51.62777777777777,39.2111111111111,72.95,4000
3168,52.8325,32.67472222222223,72.95,3000
3169,54.833333333333336,84.69444444444444,72.95,3
3170,59.18388888888888,39.9461111111111,72.98,17000
3171,55.833333333333336,32.93333333333334,72.98,6300
3172,53.72777777777778,88.14444444444443,72.98,6000
3173,44.42111111111112,41.57694444444444,72.98,2000
3174,54.12805555555556,54.13277777777778,72.98,1000
3175,63.93333333333334,65.05,72.98,300
3176,56.45000000000001,61.91111111111111,72.98,300
3177,59.05,80.85000000000001,72.98,300
3178,56.16666666666667,107.46111111111111,72.98,300
3179,50.094444444444456,118.14805555555557,72.98,200
3180,55.833333333333336,83.51666666666667,72.98,150
3181,49.62777777777777,131.60000000000002,72.98,0
3182,43.45805555555556,43.56666666666668,73.01,35500
3183,58.31111111111111,57.8111111111111,73.01,17000
3184,50.57527777777778,36.580555555555556,73.01,4000
3185,56.30749999999999,43.991666666666674,73.01,4000
3186,51.16666666666667,41.150000000000006,73.01,2000
3187,54.58333333333334,81.38333333333335,73.01,1500
3188,52.833333333333336,91.4111111111111,73.01,300
3189,54.766666666666666,90.74444444444444,73.01,300
3190,67.46111111111111,86.54444444444442,73.01,120
3191,61.05,43.92777777777777,73.01,100
3192,58.444444444444436,62.400000000000006,73.01,100
3193,54.31111111111111,84.5111111111111,73.01,4
3194,56.833333333333336,70.56666666666668,73.01,0
3195,53.03333333333334,51.75000000000001,73.04,2000
3196,52.748333333333335,55.79777777777778,73.04,2000
3197,57.43444444444443,42.07694444444445,73.04,1000
3198,55.09444444444444,54.62777777777777,73.07,500
3199,53.45000000000001,35.11666666666667,73.07,310
3200,58.05,63.70000000000001,73.07,120
3201,56.511111111111106,57.5611111111111,73.07,100
3202,51.444444444444436,85.1,73.07,0
3203,59.99138888888889,30.127499999999994,73.1,50000
3204,54.02249999999999,58.394722222222214,73.1,17000
3205,53.16944444444444,48.567222222222235,73.1,4900
3206,52.05,113.48333333333335,73.1,3000
3207,59.95,55.0,73.1,2000
3208,56.10000000000001,63.63333333333334,73.1,2000
3209,51.19444444444444,58.65,73.1,1000
3210,57.03333333333334,34.98333333333334,73.1,630
3211,59.12138888888889,46.12972222222222,73.1,400
3212,60.373055555555545,44.27166666666666,73.1,300
3213,55.570277777777775,45.907500000000006,73.1,300
3214,45.10000000000001,42.02777777777777,73.1,140
3215,62.694444444444436,38.8111111111111,73.1,100
3216,57.62777777777777,60.98333333333334,73.1,100
3217,53.400000000000006,33.216666666666676,73.1,10
3218,54.60611111111112,39.7588888888889,73.13,4000
3219,57.519166666666656,39.7575,73.13,4000
3220,55.14583333333333,36.57861111111111,73.13,1000
3221,54.04027777777778,41.93638888888889,73.13,400
3222,47.45000000000001,42.150000000000006,73.13,400
3223,67.37777777777777,37.02777777777777,73.13,100
3224,43.63027777777777,41.86555555555555,73.13,100
3225,56.150000000000006,58.72777777777778,73.13,100
3226,58.8111111111111,61.81666666666668,73.13,100
3227,54.728611111111114,20.49416666666667,73.16,4000
3228,58.02777777777777,56.233333333333334,73.16,4000
3229,54.98333333333334,82.90000000000002,73.16,2818
3230,51.766666666666666,55.11666666666667,73.16,2510
3231,54.694444444444436,78.66666666666669,73.16,500
3232,54.98333333333334,73.41666666666667,73.16,400
3233,54.9286111111111,43.36333333333332,73.16,400
3234,57.45000000000001,60.077777777777776,73.16,300
3235,57.45000000000001,58.81666666666668,73.16,300
3236,55.970000000000006,48.028333333333336,73.16,300
3237,55.57000000000001,44.54861111111111,73.16,100
3238,59.611111111111114,65.88333333333334,73.16,0
3239,53.19,44.978888888888896,73.19,5000
3240,58.59361111111112,49.68972222222222,73.19,4000
3241,56.32777777777777,66.32777777777777,73.19,4000
3242,54.3188888888889,48.39694444444445,73.19,3160
3243,43.236666666666665,44.74277777777777,73.19,2400
3244,58.31222222222221,29.079166666666666,73.19,2000
3245,54.0,90.25000000000001,73.19,300
3246,52.385000000000005,33.48777777777779,73.19,200
3247,54.32777777777777,34.53333333333333,73.19,100
3248,61.216666666666676,50.16666666666667,73.19,100
3249,61.14444444444444,43.33333333333334,73.19,100
3250,48.39166666666666,142.25555555555553,73.19,40
3251,46.33333333333334,48.05,73.19,0
3252,56.31111111111111,101.71666666666668,73.22,3000
3253,57.35,61.86111111111111,73.22,300
3254,47.93333333333334,132.61666666666667,73.22,220
3255,56.39444444444444,85.25000000000001,73.22,200
3256,56.23083333333334,46.34444444444445,73.22,100
3257,57.511111111111106,88.77777777777776,73.22,20
3258,54.5611111111111,52.8111111111111,73.22,0
3259,58.82472222222222,44.2663888888889,73.22,0
3260,54.52166666666666,36.26055555555555,73.25,4000
3261,45.026944444444446,39.00027777777779,73.25,4000
3262,56.13083333333333,40.357777777777784,73.25,4000
3263,46.05583333333333,40.885555555555555,73.25,300
3264,60.150000000000006,59.95,73.25,100
3265,46.62777777777777,143.12777777777777,73.25,30
3266,56.02777777777777,92.90000000000002,73.28,3000
3267,52.53333333333333,85.28333333333333,73.28,2000
3268,55.82444444444445,49.03027777777777,73.28,1000
3269,54.895555555555546,51.65027777777777,73.28,1000
3270,56.934166666666655,47.241944444444435,73.28,1000
3271,43.02777777777777,44.35,73.28,190
3272,43.88416666666666,41.9725,73.28,100
3273,54.19444444444444,45.2111111111111,73.28,0
3274,54.694444444444436,55.02777777777777,73.28,0
3275,55.34138888888889,86.14527777777778,73.31,4000
3276,66.0,57.53333333333333,73.31,400
3277,51.30055555555555,37.546666666666674,73.31,200
3278,61.400000000000006,43.72777777777778,73.31,100
3279,60.53333333333333,49.444444444444436,73.31,100
3280,55.25888888888888,42.20277777777779,73.34,4000
3281,55.86111111111111,32.28333333333334,73.34,1000
3282,52.0,80.36111111111109,73.34,150
3283,56.94499999999999,48.17583333333332,73.34,100
3284,52.0,84.97777777777777,73.34,0
3285,56.85527777777777,41.34444444444445,73.34,0
3286,58.866666666666674,60.79444444444444,73.34,0
3287,61.32777777777777,63.33333333333334,73.34,0
3288,55.444444444444436,65.30000000000001,73.35,0
3289,56.826666666666675,60.62277777777778,73.37,6300
3290,60.93333333333334,76.56666666666668,73.37,4000
3291,47.150000000000006,134.3444444444444,73.37,300
3292,54.611111111111114,53.70000000000001,73.37,200
3293,54.23555555555555,49.54361111111112,73.37,130
3294,56.866666666666674,57.416666666666664,73.37,100
3295,57.79972222222223,42.2336111111111,73.37,100
3296,59.150000000000006,61.511111111111106,73.37,100
3297,62.150000000000006,38.72777777777778,73.37,100
3298,58.53333333333333,31.200000000000003,73.4,20000
3299,55.781388888888884,37.48944444444445,73.4,18000
3300,56.870277777777765,53.05083333333332,73.4,17000
3301,60.72055555555555,28.771666666666665,73.4,2000
3302,55.28333333333334,61.511111111111106,73.4,425
3303,67.93333333333334,32.92777777777777,73.4,400
3304,44.05,42.74444444444444,73.4,400
3305,57.10000000000001,83.90000000000002,73.4,300
3306,43.916388888888896,39.325277777777785,73.4,200
3307,57.16138888888888,49.127222222222215,73.4,100
3308,51.368611111111115,42.04638888888889,73.43,10200
3309,56.36083333333334,44.04805555555556,73.43,3000
3310,51.551666666666655,45.96472222222222,73.43,800
3311,53.83638888888889,46.352500000000006,73.43,400
3312,50.786666666666676,37.81916666666668,73.43,310
3313,53.19444444444444,90.46666666666667,73.43,300
3314,55.10000000000001,55.35,73.46,600
3315,52.10000000000001,140.2,73.46,300
3316,56.643611111111106,49.948611111111106,73.46,100
3317,52.86111111111111,141.2,73.46,100
3318,52.8111111111111,140.07777777777775,73.46,20
3319,52.0,141.22777777777776,73.46,20
3320,42.95,47.511111111111106,73.49,5000
3321,53.67472222222223,48.294166666666676,73.49,2000
3322,51.75777777777779,36.12805555555556,73.49,1580
3323,56.651666666666664,47.62027777777777,73.49,1000
3324,54.077777777777776,53.67777777777777,73.49,500
3325,46.60777777777778,39.65416666666667,73.49,400
3326,42.91055555555555,44.47083333333334,73.49,160
3327,43.399444444444434,42.918888888888894,73.49,50
3328,43.603611111111114,43.335833333333326,73.49,50
3329,62.02722222222223,129.72305555555556,73.49,0
3330,55.68472222222221,52.43555555555556,73.52,4000
3331,55.15305555555555,61.404999999999994,73.52,400
3332,56.10000000000001,69.46666666666667,73.52,400
3333,54.977777777777774,35.86111111111111,73.52,400
3334,53.46666666666667,89.54444444444442,73.52,100
3335,44.58416666666666,40.11055555555556,73.52,100
3336,61.233333333333334,38.91111111111111,73.52,100
3337,56.46666666666667,57.866666666666674,73.52,100
3338,54.16666666666667,90.22777777777777,73.52,100
3339,56.10000000000001,63.63333333333334,73.52,0
3340,57.13194444444444,65.59527777777775,73.55,4000
3341,51.66222222222221,39.19805555555555,73.55,3548
3342,56.29777777777777,39.37611111111111,73.55,500
3343,45.34333333333334,38.2125,73.55,224
3344,49.99055555555555,40.624722222222225,73.58,10200
3345,54.98333333333334,82.90000000000002,73.58,4570
3346,60.74444444444444,56.70000000000001,73.58,2000
3347,57.05,54.91111111111111,73.58,2000
3348,56.839166666666664,45.43611111111112,73.58,1000
3349,54.50638888888889,37.114999999999995,73.58,300
3350,55.802499999999995,44.08083333333333,73.58,300
3351,54.488611111111105,46.71083333333335,73.58,300
3352,56.35472222222222,48.75333333333333,73.58,100
3353,50.49444444444445,106.15000000000002,73.6,50
3354,56.85777777777778,35.91611111111111,73.61,12600
3355,52.744444444444454,41.42666666666666,73.61,8000
3356,52.92499999999999,36.15194444444444,73.61,4000
3357,53.215555555555554,50.20333333333334,73.61,2500
3358,47.45000000000001,42.150000000000006,73.61,400
3359,53.05,90.92777777777778,73.61,300
3360,54.766666666666666,90.74444444444444,73.61,300
3361,53.233333333333334,140.32777777777778,73.61,100
3362,56.833333333333336,70.56666666666668,73.64,4000
3363,45.05305555555556,41.910833333333336,73.64,2240
3364,50.261111111111106,127.51666666666667,73.64,1500
3365,58.76972222222223,42.69861111111111,73.64,400
3366,50.21972222222223,38.10916666666666,73.64,400
3367,49.2111111111111,131.64444444444445,73.64,100
3368,57.261111111111106,41.11666666666667,73.64,0
3369,56.14527777777777,47.19749999999999,73.67,4000
3370,48.74138888888889,44.53055555555555,73.67,4000
3371,56.27777777777777,32.077777777777776,73.67,1000
3372,50.939166666666665,38.688055555555565,73.67,390
3373,51.05583333333333,35.711111111111116,73.67,190
3374,54.52166666666666,36.26055555555555,73.7,4000
3375,56.233333333333334,43.46666666666667,73.7,800
3376,54.25444444444445,52.045,73.7,400
3377,46.05,38.16666666666667,73.7,200
3378,52.2111111111111,55.58333333333334,73.7,120
3379,43.23916666666666,43.13555555555556,73.7,20
3380,53.220833333333346,34.32083333333333,73.73,4000
3381,60.373055555555545,44.27166666666666,73.73,300
3382,50.094444444444456,118.14805555555557,73.73,200
3383,64.59444444444442,40.62777777777777,73.73,0
3384,51.08666666666667,39.98666666666667,73.76,10200
3385,47.2063888888889,39.671388888888885,73.76,3890
3386,56.400000000000006,61.93333333333334,73.76,3000
3387,52.5311111111111,103.86888888888886,73.76,2500
3388,44.911666666666655,38.9911111111111,73.76,1580
3389,57.00277777777777,27.98583333333334,73.76,1000
3390,56.93333333333334,49.59305555555555,73.76,100
3391,49.62777777777777,131.60000000000002,73.76,0
3392,57.92777777777777,60.0,73.79,4000
3393,54.728611111111114,20.49416666666667,73.79,3000
3394,52.53333333333333,85.28333333333333,73.79,2000
3395,52.694444444444436,37.977777777777774,73.79,300
3396,46.63333333333334,142.7666666666667,73.79,158
3397,54.56666666666668,54.53333333333333,73.79,120
3398,63.72777777777778,66.66666666666669,73.79,0
3399,59.99138888888889,30.127499999999994,73.82,45000
3400,55.81972222222223,37.61166666666666,73.82,6000
3401,55.444444444444436,65.30000000000001,73.82,0
3402,54.35,89.30000000000001,73.85,200
3403,50.37777777777777,119.09444444444443,73.85,120
3404,55.8161111111111,45.05111111111111,73.85,100
3405,58.05,63.70000000000001,73.85,100
3406,54.18666666666665,45.147222222222226,73.88,4000
3407,51.30166666666666,37.83027777777779,73.88,4000
3408,53.42249999999999,49.44388888888889,73.88,2000
3409,66.09444444444443,76.64444444444443,73.88,1000
3410,58.89361111111112,45.69305555555555,73.88,300
3411,50.04083333333333,39.08083333333333,73.88,300
3412,57.62777777777777,60.98333333333334,73.88,100
3413,56.58333333333334,40.0,73.88,0
3414,56.122777777777785,40.39444444444444,73.91,4000
3415,56.750277777777775,48.51749999999999,73.91,1000
3416,56.56027777777778,46.00777777777778,73.91,300
3417,49.65,117.33333333333334,73.91,120
3418,58.8111111111111,61.81666666666668,73.91,100
3419,55.035555555555554,32.38111111111112,73.94,17000
3420,60.93333333333334,76.56666666666668,73.94,8000
3421,57.519166666666656,39.7575,73.94,4000
3422,51.8111111111111,55.150000000000006,73.94,3160
3423,55.0,73.5111111111111,73.94,1820
3424,54.9286111111111,43.36333333333332,73.94,400
3425,52.58333333333334,33.81666666666668,73.94,400
3426,57.45000000000001,60.077777777777776,73.94,300
3427,57.45000000000001,58.81666666666668,73.94,300
3428,59.12611111111111,37.88972222222222,73.94,0
3429,55.13611111111112,61.40888888888889,73.97,4000
3430,58.59416666666668,49.66638888888888,73.97,4000
3431,55.84444444444444,49.060277777777785,73.97,1500
3432,51.74583333333333,36.18666666666665,73.97,1000
3433,56.8111111111111,60.55833333333332,73.97,400
3434,56.13888888888889,44.20444444444445,73.97,300
3435,57.13194444444444,65.59527777777775,73.97,280
3436,55.231111111111105,45.02527777777778,73.97,100
3437,62.150000000000006,38.72777777777778,73.97,0
3438,54.723888888888894,37.39166666666666,73.97,0
3439,47.213611111111106,39.67833333333334,83.75,800
3440,54.340833333333336,48.38,83.75,150
3441,54.08388888888888,61.55999999999999,83.75,80
3442,68.4111111111111,145.08333333333337,83.75,0
3443,61.46666666666667,131.50000000000003,83.75,0
3444,62.37777777777777,132.61666666666667,83.75,0
3445,61.694444444444436,96.38333333333335,83.75,0
3446,60.977777777777774,115.46666666666667,83.75,0
3447,53.444444444444436,54.261111111111106,83.75,0
3448,52.53333333333333,85.28333333333333,83.75,0
3449,51.10000000000001,137.41666666666666,83.75,0
3450,60.611111111111114,131.46666666666667,83.75,0
3451,63.02777777777777,133.46666666666667,83.75,0
3452,42.80944444444445,47.1075,83.75,0
3453,62.88333333333333,131.91666666666669,83.75,0
3454,62.766666666666666,127.09444444444443,83.75,0
3455,49.766666666666666,45.416666666666664,83.75,0
3456,44.263333333333335,42.10805555555555,83.75,0
3457,62.33333333333334,150.7666666666667,83.75,0
3458,68.37777777777777,144.51666666666668,83.75,0
3459,61.86111111111111,132.13333333333335,83.75,0
3460,61.611111111111114,73.71666666666668,83.75,0
3461,54.45000000000001,57.27777777777777,83.75,0
3462,44.650555555555556,39.153333333333336,83.75,0
3463,51.258611111111115,37.64888888888888,83.75,0
3464,45.37777777777777,40.70000000000001,83.75,0
3465,54.53333333333333,57.58333333333334,83.75,0
3466,56.870277777777765,53.05083333333332,83.75,0
3467,68.09444444444443,145.98333333333332,83.75,0
3468,62.33333333333334,124.46111111111111,83.75,0
3469,62.2111111111111,134.25000000000003,83.75,0
3470,63.14444444444444,129.74444444444444,83.75,0
3471,63.63333333333334,116.69444444444444,83.75,0
3472,66.46111111111111,143.22777777777776,83.75,0
3473,57.75000000000001,94.88333333333334,83.75,0
3474,65.92777777777778,78.20000000000002,83.75,0
3475,50.094444444444456,118.14805555555557,83.75,0
3476,47.88333333333333,40.05,83.75,0
3477,59.02777777777777,131.76111111111106,83.75,0
3478,51.49444444444445,57.39444444444444,83.75,0
3479,55.46388888888889,78.30472222222224,83.75,0
3480,70.69444444444444,127.37777777777777,83.75,0
3481,55.444444444444436,93.36111111111109,83.75,0
3482,55.30749999999999,53.25416666666666,83.75,0
3483,44.17722222222222,39.01,83.75,0
3484,55.613888888888894,51.94027777777777,83.75,0
3485,62.444444444444436,71.75000000000001,83.75,0
3486,63.19444444444444,64.93333333333334,83.75,0
3487,58.58333333333334,100.61666666666667,83.75,0
3488,54.04333333333334,38.24944444444445,83.75,0
3489,54.979444444444454,82.88694444444445,83.75,0
3490,66.61666666666667,72.92777777777778,83.75,0
3491,54.95,73.37777777777777,83.75,0
3492,58.45000000000001,95.46111111111111,83.75,0
3493,51.23083333333334,58.45277777777778,83.75,0
3494,65.22777777777777,57.31111111111111,83.75,0
3495,44.11305555555556,41.49444444444445,83.75,0
3496,55.57000000000001,44.54861111111111,83.75,0
3497,54.39444444444444,71.75000000000001,83.75,0
3498,51.98333333333334,81.85000000000001,83.75,0
3499,57.077777777777776,93.43333333333335,83.75,0
3500,61.833333333333336,36.49444444444445,83.75,0
3501,62.10000000000001,77.56666666666668,83.75,0
3502,51.5611111111111,81.23333333333333,83.75,0
3503,71.9652777777778,114.09222222222223,83.75,0
3504,63.86111111111111,123.85000000000001,83.75,0
3505,60.216666666666676,66.46666666666667,83.75,0
3506,69.92777777777778,125.1,83.75,0
3507,63.65,62.10000000000001,83.75,0
3508,67.46111111111111,153.71111111111108,83.75,0
3509,61.79444444444444,113.01666666666668,83.75,0
3510,57.216666666666676,94.90000000000002,83.75,0
3511,55.92777777777777,98.19444444444444,83.75,0
3512,45.35,40.2111111111111,83.75,0
3513,61.216666666666676,127.74444444444444,83.75,0
3514,56.49416666666667,84.97472222222221,83.75,0
3515,54.49444444444445,100.74444444444444,83.75,0
3516,57.91111111111111,35.05,83.75,0
3517,51.80583333333334,107.60388888888889,83.75,0
3518,52.766666666666666,103.64444444444443,83.75,0
3519,57.977777777777774,102.56666666666668,83.75,0
3520,56.81666666666668,105.5611111111111,83.75,0
3521,60.416666666666664,134.54444444444445,83.75,0
3522,51.98333333333334,42.27777777777777,83.75,0
3523,55.81666666666668,94.33333333333334,83.75,0
3524,53.694444444444436,57.86111111111111,83.75,0
3525,42.70000000000001,46.511111111111106,83.75,0
3526,53.27777777777777,89.5611111111111,83.75,0
3527,61.216666666666676,73.14444444444443,83.75,0
3528,47.16666666666667,142.07777777777775,83.75,0
3529,62.02777777777777,125.80000000000001,83.75,0
3530,46.723611111111104,38.27611111111112,83.75,0
3531,61.75000000000001,132.02777777777774,83.75,0
3532,56.11666666666667,94.59444444444442,83.75,0
3533,66.77777777777776,123.37777777777777,83.75,0
3534,65.73444444444443,150.89777777777778,83.75,0
3535,59.97638888888889,30.320833333333336,87.5,50000
3536,55.81972222222223,37.61166666666666,87.5,20000
3537,53.977777777777774,124.05,87.5,6300
3538,55.55694444444445,41.994722222222215,87.5,5620
3539,53.31111111111111,34.324999999999996,87.5,5000
3540,43.58194444444445,39.72888888888888,87.5,4900
3541,46.36027777777779,48.050555555555555,87.5,4000
3542,59.12611111111111,37.88972222222222,87.5,4000
3543,69.36111111111109,88.30000000000001,87.5,4000
3544,53.42249999999999,49.44388888888889,87.5,4000
3545,57.13194444444444,65.59527777777775,87.5,4000
3546,43.81666666666668,131.93333333333334,87.5,4000
3547,48.78305555555555,44.48722222222223,87.5,4000
3548,62.02722222222223,129.72305555555556,87.5,4000
3549,56.51666666666667,104.23333333333333,87.5,3900
3550,51.53333333333333,81.22777777777777,87.5,3160
3551,57.553333333333335,34.54722222222223,87.5,3160
3552,55.67055555555556,52.3425,87.5,3000
3553,54.069166666666675,44.94111111111111,87.5,3000
3554,61.261111111111106,73.41666666666667,87.5,3000
3555,58.0,102.61666666666667,87.5,3000
3556,51.54944444444445,45.963333333333345,87.5,2300
3557,45.026944444444446,39.00027777777779,87.5,2240
3558,46.46666666666667,41.5611111111111,87.5,2000
3559,69.06666666666668,33.46666666666667,87.5,2000
3560,53.30222222222221,83.76750000000001,87.5,1600
3561,59.5611111111111,60.5611111111111,87.5,1500
3562,54.02777777777777,55.88333333333333,87.5,1200
3563,51.32416666666668,39.231111111111105,87.5,1000
3564,53.16666666666667,158.37777777777777,87.5,1000
3565,46.723611111111104,38.27611111111112,87.5,800
3566,52.75000000000001,32.233333333333334,87.5,630
3567,45.42972222222222,40.645277777777785,87.5,500
3568,47.24000000000001,39.73694444444444,87.5,480
3569,48.16666666666667,40.79444444444444,87.5,400
3570,50.372499999999995,36.92027777777777,87.5,400
3571,53.93333333333334,32.88333333333333,87.5,310
3572,59.10000000000001,28.14444444444444,87.5,310
3573,56.329166666666666,90.50777777777779,87.5,300
3574,55.416666666666664,55.53333333333333,87.5,300
3575,53.68944444444444,91.65194444444444,87.5,300
3576,65.54444444444442,72.51666666666667,87.5,300
3577,54.88333333333333,99.04444444444444,87.5,300
3578,63.2111111111111,75.43333333333335,87.5,300
3579,55.92777777777777,98.06666666666668,87.5,300
3580,54.49444444444445,100.74444444444444,87.5,300
3581,56.766666666666666,105.66666666666669,87.5,300
3582,54.63333333333334,34.14444444444444,87.5,300
3583,43.19333333333333,44.5511111111111,87.5,250
3584,44.03333333333334,43.077777777777776,87.5,250
3585,43.14444444444445,46.378333333333345,87.5,200
3586,50.977777777777774,39.51666666666667,87.5,160
3587,52.89222222222222,40.46416666666668,87.5,100
3588,59.58333333333334,151.30000000000004,87.5,100
3589,52.65,41.866666666666674,87.5,100
3590,56.854166666666664,40.53277777777779,87.5,100
3591,43.916388888888896,39.325277777777785,87.5,50
3592,44.91111111111111,37.32777777777777,87.5,0
3593,55.95,92.38333333333335,87.5,0
3594,54.62777777777777,83.36111111111109,87.5,0
3595,56.87166666666666,53.163888888888884,87.5,0
3596,54.52166666666666,36.26055555555555,87.5,0
3597,44.261111111111106,135.08333333333337,87.5,0
3598,54.504166666666656,63.98500000000001,87.5,0
3599,47.65,43.14444444444444,87.5,0
3600,55.10000000000001,55.35,87.5,0
3601,61.09444444444444,72.6111111111111,87.5,0
3602,55.03333333333334,83.4111111111111,87.5,0
3603,57.03333333333334,28.91666666666667,87.5,0
3604,54.60611111111112,39.7588888888889,87.5,0
3605,58.37777777777777,45.51666666666667,87.5,0
3606,54.611111111111114,53.70000000000001,87.5,0
3607,54.30500000000001,59.35944444444445,87.5,0
3608,46.94972222222221,142.75027777777777,87.5,0
3609,51.833333333333336,108.32777777777777,87.5,0
3610,50.57527777777778,36.580555555555556,87.6,10000
3611,58.0,56.31111111111111,87.6,4000
3612,56.826666666666675,60.62277777777778,87.6,3500
3613,52.28333333333334,104.25000000000001,87.6,3162
3614,49.53333333333333,41.833333333333336,87.6,3100
3615,55.34138888888889,86.14527777777778,87.6,3000
3616,57.43416666666666,42.12333333333334,87.6,3000
3617,54.43611111111112,50.81055555555556,87.6,3000
3618,55.833333333333336,32.93333333333334,87.6,2000
3619,58.74444444444444,29.833333333333332,87.6,2000
3620,54.30916666666667,48.33166666666667,87.6,2000
3621,54.425,42.85277777777779,87.6,1500
3622,53.400000000000006,33.216666666666676,87.6,400
3623,56.336388888888884,30.475833333333334,87.6,400
3624,60.72055555555555,28.771666666666665,87.6,400
3625,44.57833333333334,38.10944444444445,87.6,300
3626,64.5611111111111,39.766666666666666,87.6,300
3627,57.51666666666667,38.33333333333334,87.6,300
3628,44.902777777777764,40.608055555555566,87.6,200
3629,45.84611111111112,40.15722222222222,87.6,100
3630,52.05083333333332,113.51666666666667,87.6,0
3631,45.09444444444444,133.50000000000003,87.6,0
3632,42.88333333333333,132.8666666666667,87.6,0
3633,58.62777777777777,59.866666666666674,87.6,0
3634,56.712777777777774,38.80833333333332,87.6,0
3635,45.28333333333334,37.400000000000006,87.6,0
3636,58.52055555555555,31.286944444444444,87.6,0
3637,56.10000000000001,36.0,87.6,0
3638,50.28333333333334,127.51666666666667,87.7,6300
3639,55.02777777777777,73.23333333333333,87.7,4000
3640,44.10833333333334,40.88472222222223,87.7,4000
3641,57.81166666666667,28.277777777777782,87.7,4000
3642,54.14083333333334,37.58416666666666,87.7,3160
3643,54.780833333333334,32.04166666666667,87.7,2500
3644,50.077777777777776,45.233333333333334,87.7,2000
3645,48.32777777777777,40.32777777777777,87.7,1900
3646,51.23944444444445,37.75861111111111,87.7,1580
3647,56.49416666666667,84.97472222222221,87.7,1500
3648,55.39444444444444,39.03333333333334,87.7,1000
3649,55.16638888888889,59.667500000000004,87.7,1000
3650,48.79444444444444,132.93333333333334,87.7,630
3651,54.92250000000001,37.43527777777778,87.7,500
3652,54.04333333333334,38.24944444444445,87.7,400
3653,54.927777777777784,48.835,87.7,400
3654,52.05833333333334,39.734444444444435,87.7,400
3655,44.91305555555555,37.96,87.7,300
3656,55.504444444444445,36.03750000000001,87.7,300
3657,63.79444444444444,73.5111111111111,87.7,300
3658,57.400000000000006,67.06666666666668,87.7,300
3659,44.60777777777778,39.08000000000001,87.7,200
3660,56.85194444444445,41.38694444444444,87.7,200
3661,45.45305555555555,39.44555555555556,87.7,40
3662,55.095000000000006,54.16444444444444,87.7,0
3663,56.79444444444444,54.150000000000006,87.7,0
3664,47.83777777777779,43.48833333333334,87.7,0
3665,54.744166666666665,20.469444444444438,87.7,0
3666,56.39444444444444,61.92777777777777,87.7,0
3667,55.95944444444444,43.08888888888889,87.7,0
3668,60.150000000000006,59.95,87.7,0
3669,56.73805555555555,37.62333333333333,87.7,0
3670,50.80944444444445,41.95388888888888,87.7,0
3671,56.261111111111106,42.16666666666667,87.7,0
3672,60.93333333333334,76.56666666666668,87.8,6000
3673,55.776666666666664,48.97388888888889,87.8,4000
3674,43.11666666666667,131.91111111111107,87.8,4000
3675,52.93333333333334,36.05,87.8,3160
3676,51.98333333333334,42.28333333333334,87.8,3100
3677,50.53333333333333,137.03333333333336,87.8,1585
3678,53.14444444444444,37.416666666666664,87.8,1580
3679,54.49444444444445,34.98333333333334,87.8,1000
3680,59.922777777777775,32.3288888888889,87.8,1000
3681,55.40861111111111,43.84916666666666,87.8,800
3682,66.09444444444443,76.64444444444443,87.8,800
3683,46.88333333333333,38.75000000000001,87.8,630
3684,54.07555555555555,61.63055555555555,87.8,630
3685,55.69583333333332,60.55861111111111,87.8,540
3686,59.381944444444436,28.57888888888889,87.8,500
3687,54.639444444444436,86.22194444444445,87.8,500
3688,54.37777777777777,21.28333333333334,87.8,500
3689,56.31611111111111,39.35083333333333,87.8,400
3690,57.261111111111106,60.10000000000001,87.8,400
3691,54.23388888888889,49.55555555555556,87.8,300
3692,44.76361111111112,39.870555555555555,87.8,223
3693,50.51444444444444,35.6313888888889,87.8,200
3694,46.5611111111111,41.02777777777777,87.8,200
3695,53.833333333333336,91.30000000000001,87.8,100
3696,57.52666666666667,41.23444444444444,87.8,100
3697,56.09444444444444,86.04444444444444,87.8,0
3698,43.595555555555556,46.75694444444444,87.8,0
3699,53.85166666666666,46.325277777777785,87.8,0
3700,53.216666666666676,50.63333333333334,87.8,0
3701,58.10000000000001,57.8111111111111,87.8,0
3702,58.044444444444444,38.79749999999999,87.8,0
3703,54.72222222222223,55.92472222222222,87.8,0
3704,55.79277777777777,37.89166666666667,87.9,80000
3705,46.36027777777779,48.050555555555555,87.9,6310
3706,53.220833333333346,34.32083333333333,87.9,4000
3707,56.9725,40.94555555555555,87.9,4000
3708,55.65472222222222,52.60638888888889,87.9,4000
3709,51.8111111111111,55.150000000000006,87.9,4000
3710,51.54944444444445,45.963333333333345,87.9,4000
3711,43.58194444444445,39.72888888888888,87.9,4000
3712,57.13194444444444,65.59527777777775,87.9,4000
3713,54.30500000000001,59.35944444444445,87.9,4000
3714,63.5611111111111,53.766666666666666,87.9,4000
3715,47.49444444444445,42.2111111111111,87.9,4000
3716,48.78305555555555,44.48722222222223,87.9,4000
3717,46.94972222222221,142.75027777777777,87.9,4000
3718,53.30222222222221,83.76750000000001,87.9,3160
3719,45.026944444444446,39.00027777777779,87.9,3160
3720,64.54611111111112,40.51527777777778,87.9,3000
3721,59.12611111111111,37.88972222222222,87.9,3000
3722,48.51666666666667,135.12777777777777,87.9,2090
3723,47.65,43.14444444444444,87.9,2000
3724,52.53333333333333,31.95,87.9,1000
3725,51.22111111111111,36.314722222222215,87.9,1000
3726,50.80944444444445,41.95388888888888,87.9,1000
3727,57.553333333333335,34.54722222222223,87.9,1000
3728,43.84499999999999,46.72583333333334,87.9,500
3729,54.93333333333334,20.416666666666668,87.9,400
3730,66.96166666666669,30.33527777777778,87.9,300
3731,56.97361111111112,61.456111111111106,87.9,300
3732,63.2111111111111,75.43333333333335,87.9,300
3733,56.444444444444436,60.16666666666667,87.9,300
3734,58.71500000000001,50.12944444444444,87.9,300
3735,61.37777777777777,63.5611111111111,87.9,300
3736,54.611111111111114,53.70000000000001,87.9,300
3737,58.62361111111112,27.9475,87.9,250
3738,42.994722222222215,47.471388888888896,87.9,250
3739,52.91111111111111,40.49444444444445,87.9,250
3740,43.916388888888896,39.325277777777785,87.9,220
3741,49.2111111111111,41.8111111111111,87.9,200
3742,44.72666666666667,44.200833333333335,87.9,200
3743,61.09444444444444,72.6111111111111,87.9,150
3744,50.65944444444444,38.66777777777777,87.9,100
3745,58.398333333333326,49.05166666666666,87.9,30
3746,44.833333333333336,37.37777777777777,87.9,0
3747,69.36111111111109,87.75000000000001,87.9,0
3748,55.444444444444436,65.30000000000001,87.9,0
3749,53.53333333333333,43.67777777777777,87.9,0
3750,51.49444444444445,81.20000000000002,87.9,0
3751,59.62833333333334,60.571111111111115,87.9,0
3752,62.02722222222223,129.72305555555556,87.9,0
3753,59.97638888888889,30.320833333333336,88.0,50000
3754,46.833333333333336,134.25000000000003,88.0,6500
3755,43.147499999999994,44.858888888888885,88.0,6310
3756,59.59388888888889,150.81,88.0,4000
3757,58.02777777777777,56.233333333333334,88.0,4000
3758,54.18666666666665,45.147222222222226,88.0,4000
3759,51.79444444444444,107.65,88.0,4000
3760,44.04222222222223,43.0625,88.0,3160
3761,55.34138888888889,86.14527777777778,88.0,3000
3762,55.93999999999999,37.76111111111111,88.0,2000
3763,68.9488888888889,33.118055555555564,88.0,2000
3764,56.2975,28.489722222222227,88.0,2000
3765,50.53333333333333,137.03333333333336,88.0,1585
3766,56.828055555555565,60.00500000000001,88.0,1580
3767,53.42249999999999,49.44388888888889,88.0,1100
3768,48.833333333333336,41.27777777777777,88.0,1000
3769,55.30833333333333,51.96055555555555,88.0,1000
3770,55.150000000000006,124.74444444444444,88.0,631
3771,56.278333333333336,90.50722222222221,88.0,400
3772,53.68944444444444,91.65194444444444,88.0,400
3773,67.5111111111111,64.0,88.0,400
3774,55.95944444444444,43.08888888888889,88.0,300
3775,56.712777777777774,38.80833333333332,88.0,300
3776,46.511111111111106,41.53333333333333,88.0,300
3777,57.51666666666667,38.33333333333334,88.0,300
3778,52.400000000000006,37.58333333333334,88.0,250
3779,44.902777777777764,40.608055555555566,88.0,200
3780,45.84611111111112,40.15722222222222,88.0,120
3781,57.4425,42.18083333333333,88.0,100
3782,44.57833333333334,38.10944444444445,88.0,90
3783,54.886944444444445,38.0525,88.0,30
3784,55.068888888888885,32.62138888888888,88.0,30
3785,56.87166666666666,53.163888888888884,88.0,0
3786,45.46666666666667,133.40000000000003,88.0,0
3787,55.51666666666667,55.977777777777774,88.0,0
3788,51.833333333333336,143.17777777777778,88.0,0
3789,54.9286111111111,43.36333333333332,88.0,0
3790,45.273333333333326,37.38694444444444,88.0,0
3791,58.0,102.61666666666667,88.0,0
3792,55.0,73.48333333333335,88.1,8000
3793,55.58388888888889,31.283055555555556,88.1,6600
3794,52.27777777777777,104.25000000000001,88.1,3980
3795,56.11944444444444,47.27777777777777,88.1,3000
3796,49.8111111111111,43.67777777777777,88.1,2300
3797,55.16638888888889,59.667500000000004,88.1,1260
3798,54.44472222222222,50.75861111111111,88.1,1000
3799,48.31111111111111,40.28333333333334,88.1,440
3800,54.65,19.91666666666667,88.1,400
3801,42.792222222222215,45.566388888888895,88.1,400
3802,56.16666666666667,38.866666666666674,88.1,400
3803,55.08361111111112,38.80083333333333,88.1,400
3804,54.04333333333334,38.24944444444445,88.1,400
3805,54.92250000000001,37.43527777777778,88.1,400
3806,53.75000000000001,34.74444444444444,88.1,380
3807,50.858888888888885,38.164722222222224,88.1,350
3808,51.35,42.09444444444444,88.1,300
3809,56.39444444444444,61.92777777777777,88.1,300
3810,45.46694444444444,39.484166666666674,88.1,300
3811,56.37777777777777,85.1,88.1,300
3812,55.48361111111112,36.059444444444445,88.1,300
3813,57.37777777777777,61.400000000000006,88.1,300
3814,56.261111111111106,42.16666666666667,88.1,300
3815,44.62222222222222,39.159166666666664,88.1,220
3816,53.28333333333334,39.45000000000001,88.1,200
3817,51.0,39.511111111111106,88.1,200
3818,57.38027777777777,41.28194444444445,88.1,200
3819,56.51666666666667,56.077777777777776,88.1,100
3820,43.026944444444446,46.420833333333334,88.1,60
3821,45.268611111111106,38.099444444444444,88.1,40
3822,56.766666666666666,37.14444444444444,88.1,0
3823,64.37777777777777,75.9611111111111,88.1,0
3824,56.866666666666674,37.35,88.1,0
3825,44.58027777777779,41.97361111111112,88.1,0
3826,46.273888888888884,39.80111111111112,88.1,0
3827,53.27777777777777,158.66111111111107,88.1,0
3828,42.90416666666666,133.9097222222222,88.1,0
3829,58.52055555555555,31.286944444444444,88.1,0
3830,55.45000000000001,54.32777777777777,88.1,0
3831,50.50888888888888,37.86305555555555,88.1,0
3832,56.51666666666667,66.59444444444442,88.1,0
3833,54.592222222222226,22.01361111111111,88.2,10000
3834,54.77194444444444,56.00472222222222,88.2,7000
3835,47.51666666666667,134.74444444444444,88.2,6500
3836,47.213611111111106,39.67833333333334,88.2,5620
3837,56.90972222222223,33.58,88.2,4000
3838,55.64555555555555,51.826388888888886,88.2,4000
3839,53.23083333333334,50.19277777777777,88.2,4000
3840,61.216666666666676,73.37777777777777,88.2,4000
3841,50.126666666666665,45.405555555555544,88.2,3162
3842,48.62722222222223,42.86555555555555,88.2,3160
3843,52.53333333333333,85.28333333333333,88.2,3000
3844,58.31111111111111,57.833333333333336,88.2,3000
3845,54.67777777777777,86.15000000000002,88.2,3000
3846,59.922777777777775,32.3288888888889,88.2,2500
3847,54.927777777777784,48.835,88.2,1500
3848,53.261111111111106,39.14444444444444,88.2,1250
3849,53.977777777777774,34.37777777777777,88.2,1000
3850,55.14472222222222,40.32416666666668,88.2,1000
3851,57.70000000000001,31.683333333333334,88.2,1000
3852,51.27222222222222,37.51444444444444,88.2,630
3853,43.603611111111114,43.335833333333326,88.2,630
3854,44.863611111111105,37.84833333333334,88.2,400
3855,55.40861111111111,43.84916666666666,88.2,300
3856,44.76361111111112,39.870555555555555,88.2,300
3857,53.93527777777776,32.8075,88.2,200
3858,56.85527777777777,41.34444444444445,88.2,200
3859,60.74444444444444,33.5611111111111,88.2,160
3860,56.511111111111106,39.67777777777777,88.2,150
3861,53.833333333333336,91.30000000000001,88.2,100
3862,54.45000000000001,83.38333333333335,88.2,100
3863,53.95805555555555,48.821666666666665,88.2,100
3864,56.09444444444444,86.04444444444444,88.2,0
3865,45.42972222222222,40.645277777777785,88.2,0
3866,54.75000000000001,35.216666666666676,88.2,0
3867,43.16666666666667,132.02777777777774,88.3,50000
3868,55.81972222222223,37.61166666666666,88.3,20000
3869,53.30222222222221,83.76750000000001,88.3,15800
3870,53.14444444444444,35.39444444444444,88.3,6600
3871,46.345833333333346,48.03805555555556,88.3,6310
3872,55.82444444444445,49.03027777777777,88.3,6000
3873,60.59000000000001,69.04,88.3,6000
3874,51.54944444444445,45.963333333333345,88.3,5000
3875,43.58194444444445,39.72888888888888,88.3,4900
3876,45.026944444444446,39.00027777777779,88.3,4360
3877,51.8111111111111,55.150000000000006,88.3,4000
3878,61.688333333333325,50.81111111111111,88.3,4000
3879,57.13194444444444,65.59527777777775,88.3,4000
3880,56.826666666666675,60.62277777777778,88.3,4000
3881,51.53333333333333,81.22777777777777,88.3,3160
3882,48.53333333333333,135.03333333333336,88.3,3100
3883,53.11666666666667,35.09444444444444,88.3,2500
3884,47.49444444444445,42.2111111111111,88.3,2500
3885,50.57527777777778,36.580555555555556,88.3,2000
3886,55.833333333333336,32.93333333333334,88.3,2000
3887,48.79444444444444,132.93333333333334,88.3,2000
3888,58.59361111111112,49.68972222222222,88.3,2000
3889,62.02722222222223,129.72305555555556,88.3,2000
3890,46.94972222222221,142.75027777777777,88.3,2000
3891,55.55694444444445,41.994722222222215,88.3,1500
3892,59.93333333333334,150.74444444444444,88.3,1500
3893,63.5611111111111,53.766666666666666,88.3,1500
3894,52.551944444444445,39.524166666666666,88.3,1250
3895,52.53333333333333,31.95,88.3,1000
3896,55.077777777777776,21.644444444444442,88.3,1000
3897,56.33333333333334,30.49444444444444,88.3,800
3898,52.89222222222222,40.46416666666668,88.3,660
3899,48.216666666666676,40.81666666666668,88.3,630
3900,57.81166666666667,28.277777777777782,88.3,630
3901,54.07555555555555,61.63055555555555,88.3,630
3902,59.62833333333334,60.571111111111115,88.3,500
3903,54.93333333333334,20.416666666666668,88.3,400
3904,57.131666666666675,43.16527777777778,88.3,400
3905,54.30500000000001,59.35944444444445,88.3,400
3906,60.72055555555555,28.771666666666665,88.3,400
3907,66.09444444444443,76.64444444444443,88.3,300
3908,63.2111111111111,75.43333333333335,88.3,300
3909,64.5611111111111,39.766666666666666,88.3,300
3910,61.37777777777777,63.5611111111111,88.3,300
3911,46.723611111111104,38.27611111111112,88.3,300
3912,42.86583333333334,47.639444444444436,88.3,250
3913,43.916388888888896,39.325277777777785,88.3,220
3914,44.928055555555545,37.32222222222222,88.3,200
3915,47.05,142.07777777777775,88.3,200
3916,46.63333333333334,142.7666666666667,88.3,200
3917,56.79444444444444,54.150000000000006,88.3,100
3918,50.72777777777778,116.92777777777778,88.3,50
3919,43.01444444444445,46.06694444444445,88.3,50
3920,44.53333333333333,135.56666666666666,88.3,0
3921,49.69583333333332,39.87638888888888,88.3,0
3922,43.84499999999999,46.72583333333334,88.3,0
3923,55.388055555555546,65.33333333333334,88.3,0
3924,61.05,76.1,88.3,0
3925,53.077777777777776,91.43333333333335,88.3,0
3926,54.62777777777777,53.75000000000001,88.3,0
3927,51.67388888888888,39.195833333333326,88.3,0
3928,59.97638888888889,30.320833333333336,88.4,50000
3929,43.36055555555556,44.87972222222223,88.4,8000
3930,56.30749999999999,43.991666666666674,88.4,4000
3931,53.42249999999999,49.44388888888889,88.4,4000
3932,51.79444444444444,107.65,88.4,4000
3933,47.488611111111105,42.191388888888895,88.4,4000
3934,54.195277777777775,45.14444444444444,88.4,3160
3935,54.780833333333334,32.04166666666667,88.4,3160
3936,54.14083333333334,37.58416666666666,88.4,3160
3937,48.866666666666674,40.46666666666667,88.4,3100
3938,59.12611111111111,37.88972222222222,88.4,3000
3939,55.37777777777777,86.17777777777776,88.4,3000
3940,52.416666666666664,33.53333333333333,88.4,1000
3941,46.53833333333334,41.57777777777778,88.4,1000
3942,44.05,43.08833333333334,88.4,800
3943,50.60944444444444,38.648333333333326,88.4,630
3944,56.278333333333336,90.50722222222221,88.4,400
3945,54.76583333333333,22.513333333333335,88.4,400
3946,44.902777777777764,40.608055555555566,88.4,330
3947,53.68944444444444,91.65194444444444,88.4,310
3948,56.55611111111111,52.99805555555556,88.4,300
3949,49.62777777777777,129.0,88.4,300
3950,57.553333333333335,34.54722222222223,88.4,300
3951,55.30833333333333,51.96055555555555,88.4,300
3952,44.57833333333334,38.10944444444445,88.4,70
3953,44.16749999999999,39.243055555555564,88.4,70
3954,50.766666666666666,117.19444444444444,88.4,50
3955,57.35,61.86111111111111,88.4,0
3956,57.76861111111112,40.94666666666666,88.4,0
3957,59.02777777777777,54.65,88.4,0
3958,58.28333333333334,59.766666666666666,88.4,0
3959,45.84611111111112,40.15722222222222,88.4,0
3960,56.14194444444445,40.398333333333326,88.4,0
3961,52.744444444444454,41.42666666666666,88.5,5000
3962,58.02777777777777,56.233333333333334,88.5,3000
3963,56.49416666666667,84.97472222222221,88.5,3000
3964,55.39444444444444,39.03333333333334,88.5,3000
3965,50.53333333333333,137.03333333333336,88.5,2090
3966,52.27777777777777,104.30000000000001,88.5,2000
3967,52.45111111111112,37.50222222222223,88.5,1660
3968,59.59388888888889,150.81,88.5,1500
3969,53.27777777777777,158.66111111111107,88.5,1500
3970,55.36277777777777,55.53888888888889,88.5,1000
3971,56.2975,28.489722222222227,88.5,1000
3972,54.43611111111112,50.81055555555556,88.5,800
3973,50.46888888888889,35.67472222222223,88.5,630
3974,42.792222222222215,45.566388888888895,88.5,400
3975,52.833333333333336,34.511111111111106,88.5,400
3976,54.842777777777776,37.42416666666666,88.5,400
3977,55.20444444444445,59.66,88.5,400
3978,53.644166666666656,33.456111111111106,88.5,310
3979,44.84944444444445,38.14666666666667,88.5,300
3980,56.395,38.71305555555556,88.5,300
3981,56.766666666666666,37.14444444444444,88.5,300
3982,56.39444444444444,61.92777777777777,88.5,300
3983,45.46694444444444,39.484166666666674,88.5,300
3984,56.09444444444444,35.98333333333334,88.5,300
3985,54.63333333333334,34.14444444444444,88.5,300
3986,44.62222222222222,39.159166666666664,88.5,220
3987,57.261111111111106,60.10000000000001,88.5,200
3988,48.32777777777777,40.28333333333334,88.5,165
3989,51.32416666666668,39.231111111111105,88.5,95
3990,43.00055555555556,46.3838888888889,88.5,60
3991,49.96555555555556,38.744444444444454,88.5,60
3992,50.45000000000001,40.150000000000006,88.5,0
3993,60.150000000000006,59.95,88.5,0
3994,44.5611111111111,132.74444444444444,88.5,0
3995,57.39444444444444,59.977777777777774,88.5,0
3996,56.67777777777777,66.28333333333333,88.5,0
3997,55.0,73.20000000000002,88.6,10000
3998,47.213611111111106,39.67833333333334,88.6,5620
3999,56.963333333333345,40.96555555555556,88.6,4000
4000,55.65472222222222,52.60638888888889,88.6,4000
4001,54.979444444444454,82.88694444444445,88.6,4000
4002,52.32777777777777,56.16666666666667,88.6,4000
4003,67.56055555555554,30.527777777777775,88.6,3160
4004,43.81666666666668,131.93333333333334,88.6,3160
4005,50.126666666666665,45.405555555555544,88.6,3000
4006,54.639444444444436,86.22249999999998,88.6,3000
4007,59.381944444444436,28.57888888888889,88.6,2000
4008,53.766666666666666,38.10000000000001,88.6,1500
4009,53.220833333333346,34.32083333333333,88.6,1500
4010,61.216666666666676,73.37777777777777,88.6,1500
4011,51.49444444444445,40.45000000000001,88.6,1000
4012,54.63333333333334,21.833333333333332,88.6,1000
4013,56.33333333333334,30.01666666666667,88.6,1000
4014,52.93333333333334,33.39444444444444,88.6,1000
4015,61.05,30.16111111111111,88.6,1000
4016,51.27027777777777,37.51972222222223,88.6,630
4017,56.91111111111111,59.977777777777774,88.6,600
4018,51.86111111111111,54.37777777777777,88.6,400
4019,53.75000000000001,34.74444444444444,88.6,380
4020,57.51666666666667,38.33333333333334,88.6,300
4021,54.23555555555555,49.54361111111112,88.6,200
4022,59.92777777777777,32.32777777777777,88.6,100
4023,56.261111111111106,42.16666666666667,88.6,100
4024,56.97361111111112,61.456111111111106,88.6,0
4025,54.92194444444445,21.712499999999995,88.6,0
4026,44.63416666666666,40.74805555555557,88.6,0
4027,45.34333333333334,38.2125,88.6,0
4028,57.077777777777776,64.65,88.6,0
4029,54.14083333333334,37.58416666666666,88.6,0
4030,54.611111111111114,53.46666666666667,88.6,0
4031,55.79277777777777,37.89166666666667,88.7,80000
4032,48.233333333333334,135.02777777777774,88.7,7410
4033,46.37583333333334,48.08722222222223,88.7,6310
4034,50.32777777777777,127.5111111111111,88.7,6310
4035,68.9488888888889,33.118055555555564,88.7,6310
4036,53.30222222222221,83.76750000000001,88.7,6300
4037,50.57527777777778,36.580555555555556,88.7,4000
4038,55.09305555555556,33.11444444444444,88.7,4000
4039,64.5611111111111,39.766666666666666,88.7,4000
4040,43.58194444444445,39.72888888888888,88.7,4000
4041,54.77194444444444,56.003055555555555,88.7,4000
4042,45.04055555555554,38.969722222222224,88.7,3160
4043,51.54944444444445,45.963333333333345,88.7,3160
4044,46.866666666666674,42.05,88.7,3100
4045,53.23083333333334,50.19277777777777,88.7,3000
4046,58.59361111111112,49.68972222222222,88.7,2000
4047,55.55694444444445,41.994722222222215,88.7,1700
4048,58.31111111111111,57.8111111111111,88.7,1500
4049,56.644999999999996,47.87916666666668,88.7,1500
4050,49.69583333333332,39.87638888888888,88.7,1000
4051,55.048611111111114,60.13944444444444,88.7,630
4052,50.83583333333334,35.80944444444445,88.7,630
4053,54.107222222222234,61.602500000000006,88.7,630
4054,60.72055555555555,28.771666666666665,88.7,630
4055,42.978888888888896,45.91416666666666,88.7,400
4056,66.96166666666669,30.33527777777778,88.7,300
4057,58.10000000000001,57.8111111111111,88.7,300
4058,66.09444444444443,76.64444444444443,88.7,300
4059,59.5611111111111,60.5611111111111,88.7,300
4060,54.05,35.233333333333334,88.7,200
4061,52.400000000000006,38.93333333333334,88.7,200
4062,56.79444444444444,54.150000000000006,88.7,100
4063,56.444444444444436,52.233333333333334,88.7,100
4064,44.53333333333333,135.56666666666666,88.7,0
4065,56.20694444444445,95.75083333333333,88.7,0
4066,55.388055555555546,65.33333333333334,88.7,0
4067,52.92777777777777,40.51666666666667,88.7,0
4068,60.93333333333334,76.56666666666668,88.7,0
4069,63.2111111111111,75.43333333333335,88.7,0
4070,56.511111111111106,67.66666666666669,88.7,0
4071,52.02777777777777,127.74444444444444,88.7,0
4072,59.70000000000001,56.74444444444444,88.7,0
4073,43.11666666666667,131.91111111111107,88.8,10000
4074,43.36055555555556,44.87972222222223,88.8,4000
4075,56.30749999999999,43.991666666666674,88.8,4000
4076,51.80583333333334,107.60388888888889,88.8,4000
4077,54.340833333333336,48.38,88.8,4000
4078,54.14083333333334,37.58416666666666,88.8,3160
4079,55.37777777777777,86.17777777777776,88.8,3000
4080,57.13194444444444,65.59527777777775,88.8,2600
4081,56.329166666666666,90.50777777777779,88.8,2000
4082,56.826666666666675,60.62277777777778,88.8,2000
4083,48.79444444444444,132.93333333333334,88.8,1580
4084,58.553333333333335,50.02333333333333,88.8,1500
4085,55.58388888888889,31.283055555555556,88.8,1400
4086,51.37777777777777,38.45000000000001,88.8,1000
4087,46.723611111111104,38.27611111111112,88.8,800
4088,57.59944444444445,34.56472222222221,88.8,660
4089,57.81166666666667,28.277777777777782,88.8,630
4090,44.04222222222223,43.0625,88.8,630
4091,54.133611111111115,59.36527777777778,88.8,400
4092,44.902777777777764,40.608055555555566,88.8,300
4093,55.30833333333333,51.96055555555555,88.8,300
4094,56.51666666666667,104.23333333333333,88.8,300
4095,43.84499999999999,46.72583333333334,88.8,250
4096,46.53833333333334,41.57777777777778,88.8,200
4097,53.68944444444444,91.65194444444444,88.8,100
4098,57.52666666666667,41.23444444444444,88.8,30
4099,58.62777777777777,59.866666666666674,88.8,0
4100,46.273888888888884,39.80111111111112,88.8,0
4101,53.94055555555556,32.8811111111111,88.8,0
4102,56.73805555555555,37.62333333333333,88.8,0
4103,45.273333333333326,37.38694444444444,88.8,0
4104,56.14194444444445,40.398333333333326,88.8,0
4105,51.67388888888888,39.195833333333326,88.8,0
4106,59.99138888888889,30.127499999999994,88.9,100000
4107,58.02777777777777,56.233333333333334,88.9,20000
4108,55.77777777777777,48.9286111111111,88.9,10000
4109,52.22777777777778,104.2486111111111,88.9,4000
4110,53.42249999999999,49.44388888888889,88.9,4000
4111,46.94972222222221,142.75027777777777,88.9,3390
4112,52.95,36.077777777777776,88.9,3160
4113,51.86111111111111,41.46666666666667,88.9,3160
4114,55.14583333333333,36.57861111111111,88.9,3000
4115,53.27777777777777,158.66111111111107,88.9,3000
4116,58.0,102.61666666666667,88.9,3000
4117,54.80638888888889,38.286111111111104,88.9,2000
4118,50.53333333333333,137.03333333333336,88.9,1600
4119,54.780833333333334,32.04166666666667,88.9,1250
4120,56.416666666666664,61.93333333333334,88.9,1000
4121,50.31277777777778,38.18388888888888,88.9,1000
4122,55.16638888888889,59.667500000000004,88.9,1000
4123,56.395,38.71305555555556,88.9,400
4124,56.5611111111111,36.444444444444436,88.9,400
4125,56.10000000000001,36.0,88.9,300
4126,44.76361111111112,39.870555555555555,88.9,260
4127,52.833333333333336,34.511111111111106,88.9,150
4128,44.91305555555555,37.96,88.9,75
4129,50.65944444444444,38.66777777777777,88.9,30
4130,44.11666666666667,133.35000000000002,88.9,0
4131,53.261111111111106,39.14444444444444,88.9,0
4132,55.49444444444445,54.866666666666674,88.9,0
4133,54.5611111111111,54.10000000000001,88.9,0
4134,49.30388888888888,43.0425,88.9,0
4135,51.771666666666654,55.115833333333335,88.9,0
4136,55.556666666666665,39.58194444444445,88.9,0
4137,56.49416666666667,84.97472222222221,88.9,0
4138,47.213611111111106,39.67833333333334,89.0,5620
4139,54.77194444444444,56.003055555555555,89.0,4000
4140,51.68888888888888,35.28805555555556,89.0,3160
4141,50.833333333333336,40.62777777777777,89.0,3100
4142,56.677499999999995,59.28333333333334,89.0,3000
4143,57.963055555555556,38.35499999999999,89.0,3000
4144,61.216666666666676,73.37777777777777,89.0,1500
4145,52.8111111111111,32.2111111111111,89.0,1000
4146,48.29555555555555,40.28388888888889,89.0,630
4147,54.79388888888888,61.19166666666666,89.0,630
4148,53.46666666666667,143.0,89.0,600
4149,52.400000000000006,37.58333333333334,89.0,400
4150,43.04666666666666,46.43666666666667,89.0,400
4151,53.75000000000001,34.74444444444444,89.0,380
4152,45.58333333333334,39.65,89.0,300
4153,54.23083333333334,49.5511111111111,89.0,200
4154,44.60777777777778,39.08000000000001,89.0,200
4155,50.4275,36.85333333333334,89.0,200
4156,44.91111111111111,37.32777777777777,89.0,0
4157,56.58333333333334,61.72777777777778,89.0,0
4158,56.7113888888889,36.78194444444444,89.0,0
4159,46.511111111111106,134.30000000000004,89.0,0
4160,56.67777777777777,66.28333333333333,89.0,0
4161,55.81972222222223,37.61166666666666,89.1,20000
4162,46.36027777777779,48.050555555555555,89.1,6310
4163,68.92777777777779,33.15583333333334,89.1,6310
4164,55.69583333333332,60.55861111111111,89.1,5400
4165,57.02638888888889,40.9461111111111,89.1,4000
4166,55.02777777777777,73.30000000000001,89.1,4000
4167,52.551944444444445,39.524166666666666,89.1,2000
4168,51.23944444444445,37.75861111111111,89.1,2000
4169,50.28333333333334,127.51666666666667,89.1,1500
4170,54.106388888888894,61.59416666666668,89.1,630
4171,66.09444444444443,76.64444444444443,89.1,300
4172,59.62833333333334,60.571111111111115,89.1,300
4173,64.5611111111111,39.766666666666666,89.1,300
4174,59.93333333333334,150.74444444444444,89.1,300
4175,57.444444444444436,56.95,89.1,250
4176,55.89138888888888,52.30916666666667,89.1,200
4177,59.92777777777777,32.32777777777777,89.1,150
4178,44.57833333333334,38.10944444444445,89.1,90
4179,56.79444444444444,54.150000000000006,89.1,0
4180,43.03527777777777,46.83083333333334,89.1,0
4181,54.2713888888889,40.557222222222215,89.1,0
4182,60.93333333333334,76.56666666666668,89.1,0
4183,54.979444444444454,82.88694444444445,89.1,0
4184,63.2111111111111,75.43333333333335,89.1,0
4185,43.09444444444444,133.0,89.1,0
4186,56.11666666666667,63.62777777777777,89.1,0
4187,45.22777777777778,38.11361111111112,89.1,0
4188,59.70000000000001,56.74444444444444,89.1,0
4189,43.81666666666668,131.93333333333334,89.1,0
4190,56.826666666666675,60.62277777777778,89.2,6300
4191,52.744444444444454,41.42666666666666,89.2,5000
4192,43.58194444444445,39.72888888888888,89.2,4900
4193,48.866666666666674,40.46666666666667,89.2,4200
4194,58.59361111111112,49.68972222222222,89.2,4000
4195,51.54944444444445,45.963333333333345,89.2,4000
4196,54.14083333333334,37.58416666666666,89.2,4000
4197,51.80583333333334,107.60388888888889,89.2,4000
4198,50.03722222222222,43.185555555555545,89.2,3160
4199,51.23944444444445,37.75861111111111,89.2,3160
4200,54.340833333333336,48.38,89.2,3160
4201,58.31111111111111,57.833333333333336,89.2,3000
4202,55.33333333333334,86.1,89.2,3000
4203,57.13194444444444,65.59527777777775,89.2,1580
4204,56.644999999999996,47.87916666666668,89.2,1500
4205,44.04222222222223,43.0625,89.2,630
4206,56.329166666666666,90.50777777777779,89.2,300
4207,57.611111111111114,34.511111111111106,89.2,300
4208,43.19333333333333,44.5511111111111,89.2,250
4209,53.81666666666668,36.14444444444444,89.2,200
4210,44.902777777777764,40.608055555555566,89.2,200
4211,60.88333333333333,34.14444444444444,89.2,200
4212,53.30222222222221,83.76750000000001,89.2,0
4213,45.09444444444444,133.50000000000003,89.2,0
4214,46.273888888888884,39.80111111111112,89.2,0
4215,47.233333333333334,39.70000000000001,89.2,0
4216,53.23083333333334,50.19277777777777,89.2,0
4217,54.93333333333334,20.34444444444444,89.2,0
4218,45.02777777777777,39.0,89.2,0
4219,59.97638888888889,30.320833333333336,89.3,50000
4220,53.220833333333346,34.32083333333333,89.3,4000
4221,52.22777777777778,104.2486111111111,89.3,4000
4222,55.77777777777777,48.9286111111111,89.3,4000
4223,45.026944444444446,39.00027777777779,89.3,4000
4224,67.56055555555554,30.527777777777775,89.3,3160
4225,55.14583333333333,36.57861111111111,89.3,3000
4226,43.42027777777778,45.76194444444445,89.3,2000
4227,52.37777777777777,36.511111111111106,89.3,2000
4228,54.774722222222216,32.04555555555555,89.3,2000
4229,51.842222222222226,40.831111111111106,89.3,1000
4230,55.49444444444445,31.311111111111114,89.3,1000
4231,54.80638888888889,38.286111111111104,89.3,500
4232,48.79444444444444,132.91666666666669,89.3,400
4233,56.31611111111111,39.35083333333333,89.3,400
4234,46.723611111111104,38.27611111111112,89.3,400
4235,55.16166666666667,59.661388888888894,89.3,310
4236,55.81722222222223,38.97722222222222,89.3,300
4237,54.400000000000006,34.03333333333334,89.3,300
4238,54.91333333333334,43.290000000000006,89.3,200
4239,56.866666666666674,37.35,89.3,100
4240,57.45000000000001,40.58333333333334,89.3,30
4241,55.416666666666664,55.53333333333333,89.3,0
4242,57.52666666666667,41.23444444444444,89.3,0
4243,55.388055555555546,65.33333333333334,89.3,0
4244,59.59388888888889,150.81,89.3,0
4245,53.40777777777778,58.95111111111111,89.3,0
4246,56.444444444444436,52.233333333333334,89.3,0
4247,51.771666666666654,55.115833333333335,89.3,0
4248,60.75000000000001,72.82777777777775,89.3,0
4249,54.62777777777777,53.75000000000001,89.3,0
4250,56.043888888888894,36.10472222222223,89.3,0
4251,52.63083333333334,38.52944444444444,89.3,0
4252,46.98333333333334,142.69444444444443,89.3,0
4253,43.11666666666667,131.91111111111107,89.4,10000
4254,53.261111111111106,39.977777777777774,89.4,3160
4255,49.99055555555555,40.624722222222225,89.4,3100
4256,47.24000000000001,39.73694444444444,89.4,3090
4257,53.72777777777778,91.46111111111111,89.4,3000
4258,58.02777777777777,56.233333333333334,89.4,3000
4259,56.853888888888896,35.932222222222215,89.4,2000
4260,50.53333333333333,137.03333333333336,89.4,1600
4261,50.80222222222223,37.22361111111111,89.4,1580
4262,53.400000000000006,33.216666666666676,89.4,1000
4263,54.23555555555555,49.54361111111112,89.4,630
4264,56.41638888888888,61.911944444444444,89.4,560
4265,54.04333333333334,38.24944444444445,89.4,300
4266,51.19083333333332,35.27222222222222,89.4,160
4267,50.15527777777778,38.41944444444444,89.4,60
4268,57.35,61.86111111111111,89.4,0
4269,55.49444444444445,54.866666666666674,89.4,0
4270,54.611111111111114,22.200000000000003,89.4,0
4271,57.45000000000001,60.077777777777776,89.4,0
4272,44.863611111111105,37.84833333333334,89.4,0
4273,56.677499999999995,59.28333333333334,89.4,0
4274,55.79277777777777,37.89166666666667,89.5,80000
4275,54.77194444444444,56.003055555555555,89.5,9330
4276,46.36027777777779,48.050555555555555,89.5,6310
4277,68.92888888888889,33.16666666666667,89.5,6310
4278,60.93333333333334,76.56666666666668,89.5,4000
4279,61.216666666666676,73.37777777777777,89.5,4000
4280,55.02777777777777,73.30000000000001,89.5,3160
4281,55.745000000000005,52.398888888888884,89.5,3000
4282,51.23944444444445,37.75861111111111,89.5,1580
4283,55.55694444444445,41.994722222222215,89.5,1500
4284,52.53333333333333,31.95,89.5,1250
4285,42.91111111111111,47.63333333333334,89.5,630
4286,54.107222222222234,61.602500000000006,89.5,630
4287,44.76361111111112,39.870555555555555,89.5,300
4288,66.09444444444443,76.64444444444443,89.5,300
4289,56.80111111111112,44.476944444444456,89.5,300
4290,59.62833333333334,60.571111111111115,89.5,300
4291,56.51666666666667,104.23333333333333,89.5,300
4292,44.62222222222222,39.159166666666664,89.5,223
4293,45.268611111111106,38.099444444444444,89.5,150
4294,59.92777777777777,32.32777777777777,89.5,100
4295,45.46694444444444,39.484166666666674,89.5,80
4296,44.59861111111111,37.96444444444445,89.5,60
4297,44.91111111111111,37.32777777777777,89.5,0
4298,53.077777777777776,132.9611111111111,89.5,0
4299,44.766666666666666,132.02777777777774,89.5,0
4300,44.261111111111106,135.08333333333337,89.5,0
4301,43.84499999999999,46.72583333333334,89.5,0
4302,52.92777777777777,40.51666666666667,89.5,0
4303,63.2111111111111,75.43333333333335,89.5,0
4304,56.49416666666667,84.97472222222221,89.5,0
4305,54.30500000000001,59.35944444444445,89.5,0
4306,54.340833333333336,48.38,89.6,8000
4307,43.58194444444445,39.72888888888888,89.6,4900
4308,51.80583333333334,107.60388888888889,89.6,4000
4309,48.51666666666667,134.91666666666669,89.6,3162
4310,50.57527777777778,36.580555555555556,89.6,3160
4311,49.866666666666674,42.611111111111114,89.6,3160
4312,43.766666666666666,131.9666666666667,89.6,3160
4313,57.553333333333335,34.54722222222223,89.6,3160
4314,56.92138888888888,60.60722222222223,89.6,3160
4315,64.54611111111112,40.51527777777778,89.6,3000
4316,43.01527777777777,44.68638888888888,89.6,2630
4317,58.59361111111112,49.68972222222222,89.6,2000
4318,53.27777777777777,36.51666666666667,89.6,2000
4319,47.56472222222221,38.86777777777778,89.6,1000
4320,55.40861111111111,43.84916666666666,89.6,800
4321,57.13194444444444,65.59527777777775,89.6,500
4322,56.833333333333336,30.14444444444444,89.6,350
4323,48.32777777777777,40.28333333333334,89.6,300
4324,54.49444444444445,37.70000000000001,89.6,300
4325,43.14444444444445,46.378333333333345,89.6,200
4326,56.329166666666666,90.50777777777779,89.6,0
4327,44.902777777777764,40.608055555555566,89.6,0
4328,46.60777777777778,39.65416666666667,89.6,0
4329,53.23083333333334,50.19277777777777,89.6,0
4330,55.05638888888888,58.934166666666655,89.6,0
4331,55.2111111111111,83.30000000000001,89.6,0
4332,57.98333333333334,33.216666666666676,89.6,0
4333,55.05,32.70000000000001,89.6,0
4334,59.97638888888889,30.320833333333336,89.7,40000
4335,55.77777777777777,48.9286111111111,89.7,4000
4336,45.026944444444446,39.00027777777779,89.7,4000
4337,62.02722222222223,129.72305555555556,89.7,4000
4338,52.35,35.37083333333333,89.7,3160
4339,46.866666666666674,38.74444444444444,89.7,2500
4340,51.49444444444445,40.45000000000001,89.7,1000
4341,56.16666666666667,38.866666666666674,89.7,400
4342,55.16638888888889,59.667500000000004,89.7,400
4343,56.444444444444436,52.233333333333334,89.7,300
4344,54.62777777777777,53.75000000000001,89.7,300
4345,55.39444444444444,39.03333333333334,89.7,300
4346,56.261111111111106,42.16666666666667,89.7,100
4347,56.444444444444436,38.233333333333334,89.7,30
4348,55.416666666666664,36.81666666666668,89.7,30
4349,46.511111111111106,41.53333333333333,89.7,20
4350,50.51777777777778,38.89805555555555,89.7,0
4351,53.30222222222221,83.76750000000001,89.7,0
4352,56.314722222222215,36.69972222222222,89.7,0
4353,57.70000000000001,41.03333333333334,89.7,0
4354,55.388055555555546,65.33333333333334,89.7,0
4355,59.59388888888889,150.81,89.7,0
4356,51.771666666666654,55.115833333333335,89.7,0
4357,60.150000000000006,59.95,89.7,0
4358,52.63083333333334,38.52944444444444,89.7,0
4359,43.11666666666667,131.91111111111107,89.8,10000
4360,52.780833333333334,41.41388888888888,89.8,8000
4361,58.02777777777777,56.233333333333334,89.8,4000
4362,45.011944444444445,41.85333333333334,89.8,4000
4363,52.261111111111106,104.32777777777777,89.8,3548
4364,50.19444444444444,39.5611111111111,89.8,3100
4365,53.72777777777778,91.46111111111111,89.8,3000
4366,55.37777777777777,86.17777777777776,89.8,3000
4367,50.53333333333333,137.03333333333336,89.8,1600
4368,51.54944444444445,45.963333333333345,89.8,1600
4369,47.24000000000001,39.73694444444444,89.8,1410
4370,52.16666666666667,38.28333333333334,89.8,1000
4371,47.09444444444444,40.74444444444444,89.8,1000
4372,54.23555555555555,49.54361111111112,89.8,800
4373,56.444444444444436,61.833333333333336,89.8,400
4374,54.86111111111111,38.16666666666667,89.8,300
4375,54.04333333333334,38.24944444444445,89.8,300
4376,55.049166666666665,60.13916666666666,89.8,200
4377,57.91111111111111,35.05,89.8,100
4378,53.220833333333346,34.32083333333333,89.8,0
4379,56.79444444444444,54.150000000000006,89.8,0
4380,54.62777777777777,55.37777777777777,89.8,0
4381,46.05,134.0,89.8,0
4382,44.14111111111111,43.43833333333333,89.8,0
4383,56.712777777777774,38.80833333333332,89.8,0
4384,56.853888888888896,35.932222222222215,89.8,0
4385,55.79277777777777,37.89166666666667,89.9,80000
4386,61.233333333333334,73.23333333333333,89.9,4000
4387,46.94972222222221,142.75027777777777,89.9,3400
4388,54.774722222222216,32.04555555555555,89.9,1900
4389,51.27027777777777,37.51972222222223,89.9,630
4390,60.72055555555555,28.771666666666665,89.9,500
4391,66.09444444444443,76.64444444444443,89.9,300
4392,43.84499999999999,46.72583333333334,89.9,250
4393,54.91333333333334,43.290000000000006,89.9,200
4394,54.05,35.233333333333334,89.9,200
4395,44.60777777777778,39.08000000000001,89.9,150
4396,45.268611111111106,38.099444444444444,89.9,150
4397,56.828055555555565,60.00500000000001,89.9,100
4398,57.090555555555554,41.70916666666666,89.9,100
4399,44.57833333333334,38.10944444444445,89.9,60
4400,60.93333333333334,76.56666666666668,89.9,0
4401,57.13499999999999,33.116944444444435,89.9,0
4402,59.5611111111111,60.5611111111111,89.9,0
4403,45.84611111111112,40.15722222222222,89.9,0
4404,55.70000000000001,84.85000000000001,89.9,0
4405,43.58194444444445,39.72888888888888,90.0,4900
4406,51.79444444444444,107.65,90.0,4000
4407,54.340833333333336,48.38,90.0,4000
4408,52.95,36.077777777777776,90.0,3160
4409,52.16666666666667,40.444444444444436,90.0,3100
4410,64.44916666666666,40.60638888888889,90.0,3000
4411,43.01527777777777,44.68638888888888,90.0,2630
4412,58.59361111111112,49.68972222222222,90.0,2000
4413,57.13194444444444,65.59527777777775,90.0,1580
4414,55.077777777777776,55.95,90.0,1150
4415,66.96166666666669,30.33527777777778,90.0,1000
4416,49.216666666666676,41.833333333333336,90.0,1000
4417,56.352777777777774,30.52916666666666,90.0,1000
4418,44.80916666666666,39.96444444444445,90.0,630
4419,42.86583333333334,47.639444444444436,90.0,500
4420,55.05638888888888,58.934166666666655,90.0,400
4421,54.07555555555555,61.63055555555555,90.0,400
4422,56.329166666666666,90.50777777777779,90.0,300
4423,56.05,51.977777777777774,90.0,300
4424,46.723611111111104,38.27611111111112,90.0,150
4425,56.30777777777777,39.357499999999995,90.0,100
4426,50.15527777777778,38.41944444444444,90.0,60
4427,44.833333333333336,37.37777777777777,90.0,0
4428,56.97361111111112,61.456111111111106,90.0,0
4429,52.05083333333332,113.51666666666667,90.0,0
4430,58.31111111111111,57.8111111111111,90.0,0
4431,56.766666666666666,37.14444444444444,90.0,0
4432,48.29555555555555,40.28388888888889,90.0,0
4433,54.93999999999999,22.501388888888886,90.0,0
4434,54.639444444444436,86.22194444444445,90.0,0
4435,52.895277777777785,40.49666666666668,90.0,0
4436,65.54444444444442,72.51666666666667,90.0,0
4437,43.236666666666665,44.74277777777777,90.0,0
4438,55.233333333333334,82.9611111111111,90.0,0
4439,57.03333333333334,34.98333333333334,90.0,0
4440,43.81666666666668,131.93333333333334,90.0,0
4441,50.21972222222223,38.10916666666666,90.0,0
4443,59.97638888888889,30.320833333333336,90.1,50000
4444,50.75666666666666,37.441111111111105,90.1,4000
4445,46.36027777777779,48.050555555555555,90.1,3550
4446,57.76861111111112,40.94666666666666,90.1,3000
4447,55.02777777777777,73.23333333333333,90.1,2400
4448,43.42027777777778,45.76194444444445,90.1,2000
4449,54.94944444444445,37.41638888888888,90.1,2000
4450,48.03333333333334,40.19444444444444,90.1,2000
4451,62.02722222222223,129.72305555555556,90.1,1500
4452,50.88333333333333,39.05,90.1,1000
4453,53.69611111111111,37.27777777777778,90.1,1000
4454,56.043888888888894,36.10472222222223,90.1,800
4455,44.05,42.866666666666674,90.1,630
4456,61.05,30.16111111111111,90.1,500
4457,53.084722222222226,49.953055555555565,90.1,316
4458,51.32361111111112,34.63861111111112,90.1,310
4459,43.35,132.17777777777778,90.1,300
4460,44.93333333333334,37.98333333333334,90.1,300
4461,55.80222222222223,38.98138888888888,90.1,300
4462,52.58333333333334,33.31111111111111,90.1,300
4463,54.400000000000006,34.03333333333334,90.1,300
4464,56.261111111111106,42.16666666666667,90.1,300
4465,48.216666666666676,135.0,90.1,280
4466,50.80222222222223,37.22361111111111,90.1,200
4467,44.902777777777764,40.608055555555566,90.1,200
4468,50.83583333333334,35.80944444444445,90.1,200
4469,50.10000000000001,115.33333333333334,90.1,50
4470,55.12333333333334,38.34138888888889,90.1,0
4471,50.57805555555555,36.028333333333336,90.1,0
4472,46.03333333333334,38.92777777777777,90.1,0
4473,55.803055555555545,55.437222222222225,90.1,0
4474,57.65,32.46666666666667,90.1,0
4475,51.771666666666654,55.115833333333335,90.1,0
4476,61.37777777777777,63.5611111111111,90.1,0
4477,54.62777777777777,53.75000000000001,90.1,0
4478,57.51666666666667,38.33333333333334,90.1,0
4479,57.39444444444444,59.977777777777774,90.1,0
4480,47.213611111111106,39.67833333333334,90.2,5620
4481,53.220833333333346,34.32083333333333,90.2,4000
4482,50.56666666666668,136.9666666666667,90.2,4000
4483,45.026944444444446,39.00027777777779,90.2,4000
4484,52.744444444444454,41.42666666666666,90.2,4000
4485,56.82833333333333,60.56666666666668,90.2,4000
4486,53.33333333333334,83.79444444444444,90.2,3160
4487,50.261111111111106,127.56666666666668,90.2,3160
4488,48.694444444444436,43.5611111111111,90.2,3160
4489,52.39444444444444,37.63333333333334,90.2,3160
4490,51.54944444444445,45.963333333333345,90.2,3160
4491,54.14083333333334,37.58416666666666,90.2,3160
4492,46.86111111111111,40.27777777777777,90.2,3100
4493,55.77777777777777,48.9286111111111,90.2,3000
4494,55.34138888888889,86.14527777777778,90.2,3000
4495,58.02777777777777,56.233333333333334,90.2,3000
4496,59.381944444444436,28.57888888888889,90.2,2000
4497,55.68472222222221,52.43555555555556,90.2,2000
4498,57.59944444444445,34.56472222222221,90.2,1580
4499,55.388055555555546,65.33333333333334,90.2,1500
4500,53.93527777777776,32.8075,90.2,1000
4501,50.50888888888888,37.86305555555555,90.2,1000
4502,55.05,32.70000000000001,90.2,1000
4503,54.195277777777775,45.14444444444444,90.2,630
4504,54.456388888888895,61.28222222222222,90.2,630
4505,54.23555555555555,49.54361111111112,90.2,400
4506,44.106111111111105,39.04944444444443,90.2,310
4507,55.40861111111111,43.84916666666666,90.2,300
4508,63.79444444444444,73.5111111111111,90.2,300
4509,53.68944444444444,91.65194444444444,90.2,100
4510,54.233333333333334,55.02777777777777,90.2,0
4511,48.51666666666667,135.12777777777777,90.2,0
4512,56.712777777777774,38.80833333333332,90.2,0
4513,56.833333333333336,41.388888888888886,90.2,0
4514,57.400000000000006,67.06666666666668,90.2,0
4515,55.79277777777777,37.89166666666667,90.3,160000
4516,52.27777777777777,104.30000000000001,90.3,28100
4517,61.216666666666676,73.37777777777777,90.3,8000
4518,55.55694444444445,41.994722222222215,90.3,5620
4519,60.14444444444444,32.58333333333334,90.3,5000
4520,69.17777777777776,88.33333333333334,90.3,4000
4521,52.551944444444445,39.524166666666666,90.3,2000
4522,47.35,43.05,90.3,1000
4523,56.393055555555556,61.860555555555564,90.3,1000
4524,57.14444444444444,31.16666666666667,90.3,1000
4525,56.2975,28.489722222222227,90.3,1000
4526,61.10027777777778,28.876388888888886,90.3,630
4527,55.16638888888889,59.667500000000004,90.3,630
4528,54.75000000000001,20.500000000000004,90.3,500
4529,56.200833333333335,42.694444444444436,90.3,400
4530,59.5611111111111,60.5611111111111,90.3,300
4531,44.59861111111111,37.96444444444445,90.3,100
4532,55.095000000000006,54.16444444444444,90.3,0
4533,44.644444444444446,40.58194444444445,90.3,0
4534,50.92444444444443,38.81944444444445,90.3,0
4535,60.93333333333334,76.56666666666668,90.3,0
4536,66.09444444444443,76.64444444444443,90.3,0
4537,46.273888888888884,39.80111111111112,90.3,0
4538,53.27777777777777,158.66111111111107,90.3,0
4539,57.81166666666667,28.277777777777782,90.3,0
4540,56.49416666666667,84.97472222222221,90.3,0
4541,50.80944444444445,41.95388888888888,90.3,0
4542,43.11666666666667,131.91666666666669,90.4,10000
4543,43.58194444444445,39.72888888888888,90.4,4900
4544,58.59361111111112,49.68972222222222,90.4,4000
4545,64.5611111111111,39.766666666666666,90.4,4000
4546,51.72777777777778,107.51666666666667,90.4,4000
4547,49.18166666666667,40.677777777777784,90.4,3100
4548,54.611111111111114,86.27777777777777,90.4,3000
4549,53.42249999999999,49.44388888888889,90.4,2500
4550,57.13194444444444,65.59527777777775,90.4,2000
4551,61.688333333333325,50.81111111111111,90.4,1500
4552,68.9488888888889,33.118055555555564,90.4,1000
4553,56.278333333333336,90.50722222222221,90.4,400
4554,54.92416666666667,43.358333333333334,90.4,400
4555,42.978888888888896,45.91416666666666,90.4,400
4556,56.511111111111106,39.67777777777777,90.4,400
4557,57.444444444444436,56.95,90.4,300
4558,54.91555555555556,47.677777777777784,90.4,300
4559,42.91111111111111,47.56666666666668,90.4,250
4560,49.917777777777786,38.87305555555556,90.4,250
4561,43.10055555555556,44.523333333333326,90.4,200
4562,55.65083333333334,51.38583333333333,90.4,200
4563,54.37777777777777,21.28333333333334,90.4,200
4564,44.76361111111112,39.870555555555555,90.4,150
4565,45.268611111111106,38.099444444444444,90.4,150
4566,45.46694444444444,39.484166666666674,90.4,30
4567,52.05083333333332,113.51666666666667,90.4,0
4568,54.8525,38.56833333333334,90.4,0
4569,58.044444444444444,38.79749999999999,90.4,0
4570,56.853888888888896,35.932222222222215,90.4,0
4571,51.771666666666654,55.115833333333335,90.5,6310
4572,54.780833333333334,32.04166666666667,90.5,5600
4573,55.03333333333334,73.33333333333334,90.5,2500
4574,46.36027777777779,48.050555555555555,90.5,2000
4575,48.31111111111111,40.28333333333334,90.5,2000
4576,62.02722222222223,129.72305555555556,90.5,2000
4577,54.842777777777776,37.42416666666666,90.5,1000
4578,50.50888888888888,37.86305555555555,90.5,1000
4579,55.86111111111111,32.28333333333334,90.5,1000
4580,54.89916666666666,52.277499999999996,90.5,400
4581,55.34222222222223,41.63111111111111,90.5,400
4582,56.91111111111111,59.977777777777774,90.5,400
4583,56.39444444444444,30.46111111111111,90.5,400
4584,66.96166666666669,30.33527777777778,90.5,300
4585,56.79444444444444,54.150000000000006,90.5,300
4586,47.444444444444436,42.79444444444444,90.5,300
4587,56.400000000000006,52.233333333333334,90.5,300
4588,55.80222222222223,38.98138888888888,90.5,300
4589,57.51666666666667,38.33333333333334,90.5,300
4590,54.63333333333334,34.14444444444444,90.5,300
4591,43.916388888888896,39.325277777777785,90.5,220
4592,52.91111111111111,40.49444444444445,90.5,95
4593,58.31111111111111,57.8111111111111,90.5,0
4594,56.766666666666666,37.14444444444444,90.5,0
4595,54.45111111111112,22.58166666666667,90.5,0
4596,44.902777777777764,40.608055555555566,90.5,0
4597,55.95944444444444,43.08888888888889,90.5,0
4598,52.74444444444444,38.35,90.5,0
4599,56.81666666666668,61.33333333333334,90.5,0
4600,59.97638888888889,30.320833333333336,90.6,50000
4601,44.05,43.10000000000001,90.6,6300
4602,47.213611111111106,39.67833333333334,90.6,5620
4603,53.220833333333346,34.32083333333333,90.6,5000
4604,54.77194444444444,56.00472222222222,90.6,5000
4605,48.51666666666667,135.12777777777777,90.6,4000
4606,45.04055555555554,38.969722222222224,90.6,4000
4607,53.23083333333334,50.19277777777777,90.6,4000
4608,54.18666666666665,45.147222222222226,90.6,4000
4609,51.23944444444445,37.75861111111111,90.6,3600
4610,51.54944444444445,45.963333333333345,90.6,3550
4611,48.35,43.09444444444444,90.6,3160
4612,51.368611111111115,42.04638888888889,90.6,3100
4613,59.12611111111111,37.88972222222222,90.6,3000
4614,55.34138888888889,86.14527777777778,90.6,3000
4615,57.73638888888889,41.02916666666666,90.6,3000
4616,55.68472222222221,52.43555555555556,90.6,2000
4617,54.30916666666667,48.33166666666667,90.6,2000
4618,52.16666666666667,38.28333333333334,90.6,1000
4619,55.504444444444445,36.03750000000001,90.6,800
4620,55.08361111111112,38.80083333333333,90.6,400
4621,55.05638888888888,58.934166666666655,90.6,400
4622,56.31111111111111,38.14444444444444,90.6,400
4623,56.002222222222215,60.64972222222222,90.6,400
4624,56.261111111111106,42.16666666666667,90.6,400
4625,54.50027777777778,53.53222222222223,90.6,300
4626,50.83583333333334,35.80944444444445,90.6,250
4627,56.314722222222215,36.69972222222222,90.6,100
4628,53.72777777777778,91.46111111111111,90.6,0
4629,57.35,61.86111111111111,90.6,0
4630,55.388055555555546,65.33333333333334,90.6,0
4631,52.27777777777777,104.30000000000001,90.7,6300
4632,54.14083333333334,37.58416666666666,90.7,3500
4633,53.30222222222221,83.76750000000001,90.7,3160
4634,52.67055555555556,39.48305555555555,90.7,3160
4635,50.43361111111111,40.97861111111111,90.7,3100
4636,55.776666666666664,48.97388888888889,90.7,3000
4637,58.02777777777777,56.233333333333334,90.7,3000
4638,61.216666666666676,73.37777777777777,90.7,3000
4639,55.45000000000001,54.32777777777777,90.7,3000
4640,50.57527777777778,36.580555555555556,90.7,2000
4641,53.93527777777776,32.8075,90.7,2000
4642,46.88333333333333,42.98333333333334,90.7,1000
4643,60.88333333333333,34.14444444444444,90.7,1000
4644,54.352777777777774,41.90027777777778,90.7,850
4645,60.93333333333334,76.56666666666668,90.7,800
4646,50.126666666666665,45.405555555555544,90.7,630
4647,43.05555555555554,46.107777777777784,90.7,400
4648,55.40861111111111,43.84916666666666,90.7,300
4649,45.47527777777777,40.11222222222222,90.7,300
4650,57.91111111111111,35.05,90.7,300
4651,66.09444444444443,76.64444444444443,90.7,150
4652,44.57833333333334,38.10944444444445,90.7,80
4653,50.611111111111114,119.28333333333333,90.7,50
4654,46.05,134.0,90.7,0
4655,59.74861111111112,60.01638888888888,90.7,0
4656,50.53333333333333,137.03333333333336,90.7,0
4657,44.863611111111105,37.84833333333334,90.7,0
4658,56.712777777777774,38.80833333333332,90.7,0
4659,57.81166666666667,28.277777777777782,90.7,0
4660,56.854166666666664,40.53277777777779,90.7,0
4661,56.49416666666667,84.97472222222221,90.7,0
4662,55.79277777777777,37.89166666666667,90.8,40000
4663,68.92777777777779,33.15583333333334,90.8,6310
4664,53.42249999999999,49.44388888888889,90.8,6310
4665,57.13194444444444,65.59527777777775,90.8,6310
4666,43.58194444444445,39.72888888888888,90.8,4900
4667,56.329166666666666,90.50777777777779,90.8,4000
4668,58.59361111111112,49.68972222222222,90.8,4000
4669,61.688333333333325,50.81111111111111,90.8,4000
4670,51.72777777777778,107.51666666666667,90.8,4000
4671,43.017777777777766,44.69444444444444,90.8,3550
4672,56.92138888888888,60.60722222222223,90.8,3160
4673,51.05,39.977777777777774,90.8,3100
4674,64.44916666666666,40.60638888888889,90.8,3000
4675,54.237500000000004,49.62138888888888,90.8,2500
4676,46.63694444444445,38.40222222222222,90.8,2238
4677,59.381944444444436,28.57888888888889,90.8,1000
4678,43.84499999999999,46.72583333333334,90.8,1000
4679,52.221666666666664,34.55944444444444,90.8,1000
4680,50.66638888888888,38.389722222222225,90.8,700
4681,44.263333333333335,42.10805555555555,90.8,500
4682,44.76361111111112,39.870555555555555,90.8,200
4683,45.268611111111106,38.099444444444444,90.8,200
4684,54.93333333333334,20.34444444444444,90.8,100
4685,42.948611111111106,47.481666666666676,90.8,60
4686,45.47861111111112,39.45777777777777,90.8,30
4687,45.011388888888895,41.18666666666665,90.8,0
4688,54.37777777777777,86.37777777777777,90.8,0
4689,52.56666666666668,85.22777777777777,90.8,0
4690,57.43416666666666,42.12333333333334,90.8,0
4691,54.62777777777777,59.74444444444444,90.8,0
4692,52.39444444444444,37.63333333333334,90.8,0
4693,56.55611111111111,52.99805555555556,90.8,0
4694,56.30749999999999,43.991666666666674,90.8,0
4695,56.31111111111111,54.866666666666674,90.8,0
4696,46.36027777777779,48.050555555555555,90.9,6310
4697,57.70000000000001,31.683333333333334,90.9,5000
4698,52.75000000000001,41.444444444444436,90.9,4000
4699,52.8325,32.67472222222223,90.9,4000
4700,43.11666666666667,131.91111111111107,90.9,4000
4701,55.0,73.20000000000002,90.9,3500
4702,53.14444444444444,37.416666666666664,90.9,3160
4703,51.98333333333334,42.28333333333334,90.9,3100
4704,55.74083333333334,52.41388888888888,90.9,3000
4705,56.644999999999996,47.87916666666668,90.9,3000
4706,54.780833333333334,32.04166666666667,90.9,2500
4707,47.49444444444445,42.2111111111111,90.9,2000
4708,55.209722222222226,34.301944444444445,90.9,2000
4709,51.05833333333334,37.214444444444446,90.9,1580
4710,46.114999999999995,39.79083333333334,90.9,1500
4711,50.090277777777786,38.96111111111111,90.9,500
4712,55.34222222222223,41.63111111111111,90.9,400
4713,47.416666666666664,40.10000000000001,90.9,400
4714,56.511111111111106,39.67777777777777,90.9,400
4715,55.46222222222222,52.07722222222222,90.9,400
4716,58.268888888888895,57.833611111111125,90.9,300
4717,54.36583333333333,60.80861111111111,90.9,300
4718,55.51666666666667,45.39972222222222,90.9,300
4719,57.19305555555556,53.18083333333333,90.9,300
4720,53.233333333333334,118.1,90.9,50
4721,44.9475,37.324444444444445,90.9,0
4722,57.216666666666676,34.92777777777777,90.9,0
4723,44.694444444444436,37.95,90.9,0
4724,56.39444444444444,61.92777777777777,90.9,0
4725,57.70000000000001,34.2111111111111,90.9,0
4726,58.04888888888888,38.83777777777779,90.9,0
4727,57.37777777777777,34.67777777777777,90.9,0
4728,62.05,129.83333333333334,90.9,0
4729,54.78305555555555,38.906111111111116,90.9,0
4730,57.5611111111111,34.261111111111106,90.9,0
4731,48.226388888888884,135.08416666666665,91.0,11220
4732,51.54944444444445,45.963333333333345,91.0,8000
4733,55.416666666666664,65.27777777777777,91.0,6300
4734,45.026944444444446,39.00027777777779,91.0,4900
4735,51.771666666666654,55.115833333333335,91.0,4360
4736,53.72777777777778,91.46111111111111,91.0,4000
4737,48.29555555555555,40.28388888888889,91.0,4000
4738,53.23083333333334,50.19277777777777,91.0,4000
4739,43.95500000000001,42.69027777777778,91.0,3160
4740,54.750277777777775,47.6313888888889,91.0,3000
4741,50.261111111111106,127.5111111111111,91.0,3000
4742,55.34138888888889,86.14527777777778,91.0,3000
4743,57.76861111111112,40.94666666666666,91.0,3000
4744,56.043888888888894,36.10472222222223,91.0,2000
4745,43.261944444444445,45.72555555555556,91.0,1584
4746,59.12611111111111,37.88972222222222,91.0,1500
4747,63.5611111111111,53.766666666666666,91.0,1500
4748,54.58111111111111,53.44861111111111,91.0,1000
4749,56.37777777777777,60.866666666666674,91.0,800
4750,51.84166666666667,37.66277777777777,91.0,800
4751,54.456388888888895,61.28222222222222,91.0,630
4752,50.57805555555555,36.028333333333336,91.0,500
4753,54.92416666666667,43.358333333333334,91.0,400
4754,54.886944444444445,38.0525,91.0,400
4755,56.33333333333334,30.49444444444444,91.0,400
4756,55.20444444444445,59.66,91.0,400
4757,56.395,38.71305555555556,91.0,300
4758,56.79444444444444,54.150000000000006,91.0,300
4759,56.20694444444445,95.75083333333333,91.0,300
4760,57.444444444444436,56.95,91.0,300
4761,66.83333333333333,70.83333333333333,91.0,300
4762,43.916388888888896,39.325277777777785,91.0,220
4763,51.72777777777778,36.16666666666667,91.0,200
4764,49.261111111111106,44.93333333333334,91.0,100
4765,54.50638888888889,37.114999999999995,91.0,50
4766,50.56666666666668,114.93333333333334,91.0,50
4767,51.14444444444444,113.09444444444443,91.0,50
4768,49.65,108.98333333333335,91.0,50
4769,54.05,121.38333333333335,91.0,50
4770,44.644444444444446,40.58194444444445,91.0,0
4771,61.05,76.1,91.0,0
4772,53.53333333333333,43.67777777777777,91.0,0
4773,62.14444444444444,65.4111111111111,91.0,0
4774,55.150000000000006,36.58333333333334,91.0,0
4775,55.556666666666665,39.58194444444445,91.0,0
4776,57.233333333333334,59.33333333333334,91.0,0
4777,56.73805555555555,37.62333333333333,91.0,0
4778,59.99138888888889,30.127499999999994,91.1,100000
4779,55.77777777777777,48.9286111111111,91.1,6000
4780,53.30222222222221,83.76750000000001,91.1,4000
4781,52.22777777777778,104.2486111111111,91.1,4000
4782,52.604444444444454,39.57416666666667,91.1,4000
4783,55.65472222222222,52.60638888888889,91.1,4000
4784,54.77694444444445,56.0313888888889,91.1,4000
4785,46.98333333333334,142.69444444444443,91.1,4000
4786,57.81166666666667,28.277777777777782,91.1,3160
4787,46.511111111111106,41.53333333333333,91.1,3100
4788,69.17777777777776,88.33333333333334,91.1,3000
4789,56.91111111111111,59.977777777777774,91.1,3000
4790,50.14444444444444,45.400000000000006,91.1,2500
4791,53.220833333333346,34.32083333333333,91.1,1250
4792,43.422222222222224,39.968611111111116,91.1,1000
4793,51.10000000000001,41.611111111111114,91.1,1000
4794,48.833333333333336,41.27777777777777,91.1,1000
4795,54.23555555555555,49.54361111111112,91.1,630
4796,45.44833333333333,40.56944444444445,91.1,630
4797,57.91111111111111,35.05,91.1,500
4798,53.044444444444444,60.67027777777777,91.1,400
4799,54.33333333333334,34.03333333333334,91.1,380
4800,56.01444444444445,45.0611111111111,91.1,300
4801,57.51666666666667,38.33333333333334,91.1,300
4802,44.59861111111111,37.96444444444445,91.1,100
4803,44.10944444444445,39.306666666666665,91.1,70
4804,56.97361111111112,61.456111111111106,91.1,0
4805,57.45000000000001,60.077777777777776,91.1,0
4806,50.56666666666668,136.9666666666667,91.1,0
4807,54.24527777777778,39.038888888888884,91.1,0
4808,60.93333333333334,76.56666666666668,91.1,0
4809,50.786666666666676,37.81916666666668,91.1,0
4810,56.444444444444436,60.16666666666667,91.1,0
4811,59.5611111111111,60.5611111111111,91.1,0
4812,61.261111111111106,73.41666666666667,91.1,0
4813,56.49416666666667,84.97472222222221,91.1,0
4814,54.62777777777777,53.75000000000001,91.1,0
4815,56.261111111111106,42.16666666666667,91.1,0
4816,55.81972222222223,37.61166666666666,91.2,20000
4817,50.08361111111112,43.2063888888889,91.2,6400
4818,47.213611111111106,39.67833333333334,91.2,5620
4819,44.263333333333335,42.10805555555555,91.2,5000
4820,51.72777777777778,107.51666666666667,91.2,5000
4821,43.58194444444445,39.72888888888888,91.2,4900
4822,68.9488888888889,33.118055555555564,91.2,4000
4823,54.18666666666665,45.147222222222226,91.2,4000
4824,64.54611111111112,40.51527777777778,91.2,3000
4825,58.59361111111112,49.68972222222222,91.2,3000
4826,58.02777777777777,56.233333333333334,91.2,3000
4827,57.13194444444444,65.59527777777775,91.2,3000
4828,43.01527777777777,44.68638888888888,91.2,2630
4829,52.05083333333332,113.51666666666667,91.2,2000
4830,50.88333333333333,39.05,91.2,2000
4831,60.72055555555555,28.771666666666665,91.2,2000
4832,55.405277777777776,43.828055555555565,91.2,1500
4833,44.91305555555555,37.96,91.2,1250
4834,52.93333333333334,54.75000000000001,91.2,1000
4835,44.80916666666666,39.96444444444445,91.2,630
4836,57.101388888888884,43.791666666666664,91.2,300
4837,56.400000000000006,52.233333333333334,91.2,300
4838,44.650555555555556,39.153333333333336,91.2,223
4839,47.05,142.07777777777775,91.2,200
4840,46.63333333333334,142.7666666666667,91.2,200
4841,46.090277777777786,38.96500000000001,91.2,100
4842,59.37611111111111,28.233333333333334,91.2,40
4843,45.46694444444444,39.484166666666674,91.2,30
4844,52.46666666666667,38.02777777777777,91.2,0
4845,54.216666666666676,50.444444444444436,91.2,0
4846,58.62777777777777,59.86111111111111,91.2,0
4847,43.11666666666667,131.91111111111107,91.3,20000
4848,58.0,102.61666666666667,91.3,4000
4849,62.02722222222223,129.72305555555556,91.3,4000
4850,54.14083333333334,37.58416666666666,91.3,3500
4851,51.86111111111111,41.46666666666667,91.3,3100
4852,54.416666666666664,86.32777777777777,91.3,3000
4853,55.56472222222221,42.03805555555556,91.3,3000
4854,53.42249999999999,49.44388888888889,91.3,2500
4855,53.93527777777776,32.8075,91.3,2000
4856,46.723611111111104,38.27611111111112,91.3,2000
4857,52.744444444444454,41.42666666666666,91.3,1200
4858,55.611111111111114,35.0,91.3,1000
4859,57.14444444444444,31.16666666666667,91.3,1000
4860,58.74444444444444,29.833333333333332,91.3,1000
4861,54.780833333333334,32.04166666666667,91.3,1000
4862,51.27222222222222,37.51444444444444,91.3,630
4863,43.748888888888885,43.127222222222215,91.3,630
4864,42.98333333333334,47.511111111111106,91.3,500
4865,43.25138888888889,46.241388888888885,91.3,400
4866,55.05638888888888,58.934166666666655,91.3,400
4867,56.61111111111111,47.88194444444445,91.3,300
4868,54.11666666666667,54.14444444444444,91.3,100
4869,54.70000000000001,76.59444444444442,91.3,100
4870,44.902777777777764,40.608055555555566,91.3,0
4871,58.04888888888888,38.83777777777779,91.3,0
4872,56.833333333333336,41.388888888888886,91.3,0
4873,52.416666666666664,38.93333333333334,91.3,0
4874,51.79444444444444,55.077777777777776,91.4,12500
4875,55.01916666666666,73.30555555555556,91.4,5000
4876,55.86111111111111,32.28333333333334,91.4,5000
4877,46.36027777777779,48.050555555555555,91.4,4000
4878,50.57527777777778,36.580555555555556,91.4,4000
4879,56.87166666666666,53.163888888888884,91.4,4000
4880,45.026944444444446,39.00027777777779,91.4,4000
4881,55.556666666666665,39.58194444444445,91.4,4000
4882,54.340833333333336,48.38,91.4,4000
4883,48.51666666666667,135.12777777777777,91.4,3700
4884,47.45000000000001,42.150000000000006,91.4,3160
4885,50.261111111111106,127.5111111111111,91.4,3000
4886,56.92138888888888,60.60722222222223,91.4,2818
4887,55.416666666666664,65.27777777777777,91.4,1500
4888,63.5611111111111,53.766666666666666,91.4,1500
4889,43.36055555555556,44.87972222222223,91.4,1260
4890,54.83444444444444,52.21805555555555,91.4,1000
4891,54.077777777777776,34.31111111111111,91.4,1000
4892,60.88333333333333,34.14444444444444,91.4,1000
4893,51.35,42.09444444444444,91.4,850
4894,44.9475,37.324444444444445,91.4,800
4895,56.67777777777777,66.28333333333333,91.4,800
4896,54.92416666666667,43.358333333333334,91.4,400
4897,53.46666666666667,35.11666666666667,91.4,380
4898,54.86111111111111,38.16666666666667,91.4,300
4899,56.72777777777778,38.81666666666668,91.4,300
4900,55.51666666666667,45.39972222222222,91.4,300
4901,55.53333333333333,35.611111111111114,91.4,300
4902,50.090277777777786,38.96111111111111,91.4,0
4903,56.20694444444445,95.75083333333333,91.4,0
4904,55.651111111111106,69.21555555555557,91.4,0
4905,56.7113888888889,36.78194444444444,91.4,0
4906,55.150000000000006,36.58333333333334,91.4,0
4907,55.92777777777777,98.06666666666668,91.4,0
4908,59.99138888888889,30.127499999999994,91.5,100000
4909,52.261111111111106,104.32777777777777,91.5,15800
4910,55.776666666666664,48.97388888888889,91.5,8000
4911,53.23083333333334,50.19277777777777,91.5,6310
4912,54.77694444444445,56.0313888888889,91.5,4000
4913,48.866666666666674,40.46666666666667,91.5,3100
4914,55.345555555555556,86.14666666666668,91.5,3000
4915,56.49416666666667,84.97472222222221,91.5,3000
4916,46.98333333333334,142.69444444444443,91.5,3000
4917,51.54944444444445,45.963333333333345,91.5,2140
4918,53.72777777777778,91.46111111111111,91.5,1500
4919,43.422222222222224,39.968611111111116,91.5,1000
4920,58.31111111111111,57.8111111111111,91.5,1000
4921,53.0,36.14444444444444,91.5,1000
4922,46.53333333333333,39.05,91.5,1000
4923,57.81166666666667,28.277777777777782,91.5,630
4924,51.82472222222222,38.126666666666665,91.5,500
4925,42.95,46.115833333333335,91.5,400
4926,55.92777777777777,36.86111111111111,91.5,400
4927,45.44833333333333,40.56944444444445,91.5,400
4928,55.049166666666665,60.13916666666666,91.5,400
4929,47.416666666666664,40.10000000000001,91.5,400
4930,54.91916666666666,37.398333333333326,91.5,400
4931,56.33333333333334,30.49444444444444,91.5,400
4932,56.31111111111111,38.14444444444444,91.5,300
4933,57.91111111111111,35.05,91.5,300
4934,57.51666666666667,38.33333333333334,91.5,300
4935,56.261111111111106,42.16666666666667,91.5,300
4936,54.78305555555555,38.906111111111116,91.5,300
4937,52.89222222222222,40.46416666666668,91.5,100
4938,59.5611111111111,60.5611111111111,91.5,100
4939,44.57833333333334,38.10944444444445,91.5,80
4940,53.30222222222221,83.76750000000001,91.5,0
4941,50.53333333333333,137.03333333333336,91.5,0
4942,51.84166666666667,37.66277777777777,91.5,0
4943,57.444444444444436,56.95,91.5,0
4944,69.17777777777776,88.33333333333334,91.5,0
4945,62.14444444444444,65.4111111111111,91.5,0
4946,55.81972222222223,37.61166666666666,91.6,20000
4947,52.05083333333332,113.51666666666667,91.6,8000
4948,54.195277777777775,45.14444444444444,91.6,6310
4949,53.220833333333346,34.32083333333333,91.6,5000
4950,64.54611111111112,40.51527777777778,91.6,4000
4951,61.216666666666676,73.37777777777777,91.6,4000
4952,61.688333333333325,50.81111111111111,91.6,4000
4953,57.13194444444444,65.59527777777775,91.6,4000
4954,51.72777777777778,107.51666666666667,91.6,4000
4955,55.40861111111111,43.84916666666666,91.6,3000
4956,56.79444444444444,62.02777777777777,91.6,3000
4957,59.12611111111111,37.88972222222222,91.6,3000
4958,55.67055555555556,52.3425,91.6,3000
4959,43.01527777777777,44.68638888888888,91.6,2630
4960,58.59361111111112,49.68972222222222,91.6,2000
4961,68.92888888888889,33.16666666666667,91.6,2000
4962,66.96166666666669,30.33527777777778,91.6,1000
4963,59.381944444444436,28.57888888888889,91.6,1000
4964,55.10000000000001,33.150000000000006,91.6,1000
4965,57.76861111111112,40.94666666666666,91.6,800
4966,50.65944444444444,38.66777777777777,91.6,700
4967,44.80916666666666,39.96444444444445,91.6,630
4968,54.23555555555555,49.54361111111112,91.6,400
4969,56.79444444444444,54.150000000000006,91.6,300
4970,58.62777777777777,59.86111111111111,91.6,300
4971,51.233333333333334,54.977777777777774,91.6,300
4972,50.126666666666665,45.405555555555544,91.6,250
4973,44.23527777777779,43.099722222222226,91.6,0
4974,54.53333333333333,100.59444444444442,91.6,0
4975,52.67777777777777,39.65,91.7,5000
4976,43.58194444444445,39.72888888888888,91.7,4900
4977,43.150000000000006,131.9666666666667,91.7,4000
4978,48.416666666666664,42.216666666666676,91.7,3160
4979,51.72777777777778,36.16666666666667,91.7,3160
4980,43.261944444444445,45.72555555555556,91.7,2500
4981,43.45805555555556,43.56666666666668,91.7,2000
4982,44.91305555555555,37.96,91.7,1250
4983,51.11666666666667,40.75000000000001,91.7,1000
4984,55.16638888888889,59.667500000000004,91.7,1000
4985,44.62222222222222,39.159166666666664,91.7,400
4986,55.077777777777776,55.95,91.7,300
4987,56.444444444444436,52.233333333333334,91.7,150
4988,55.416666666666664,37.5611111111111,91.7,100
4989,52.46944444444444,50.53222222222223,91.7,0
4990,51.29666666666666,37.54888888888889,91.7,0
4991,54.744166666666665,20.469444444444438,91.7,0
4992,57.37777777777777,61.400000000000006,91.7,0
4993,54.14083333333334,37.58416666666666,91.7,0
4994,54.31111111111111,92.06666666666668,91.75,0
4995,52.73694444444444,52.2663888888889,91.75,0
4996,54.16666666666667,74.71666666666668,91.75,0
4997,56.233333333333334,96.06666666666668,91.75,0
4998,67.14888888888889,32.450833333333335,91.75,0
4999,47.32777777777777,142.02777777777774,91.75,0
