,Latitude in degrees,Longitude in degrees,Frequency(MHz),EIRP
0,-34.89444444444444,-57.958333333333336,50.007,1.0
1,-31.56111111111111,-62.04166666666667,50.01,53.45123975057007
2,-30.76944444444444,-60.54166666666666,50.047,309.17245355808836
3,-45.93611111111111,-67.54166666666664,50.048,881.1195023929442
4,-34.1861111111111,-58.20805555555556,50.05,6824.499225674282
5,-31.64444444444445,-65.79138888888887,50.054,1.0
6,-34.602777777777774,-58.45805555555556,50.057,1.0
7,-34.85277777777779,-57.95805555555555,50.062,24968.244248256615
8,-34.85277777777779,-57.958333333333336,50.063,1.0
9,-34.644444444444446,-58.375,50.075,386.75801876474424
10,-33.81111111111111,-59.54166666666666,50.08,850.9593452027027
11,-33.0611111111111,-60.54166666666666,50.082,808.7062426504585
12,-40.14444444444445,-63.29166666666667,50.085,1.0
13,-40.14444444444445,-71.29166666666667,50.085,1.0
14,-26.83333333333333,-65.17777777777776,87.5,1.0
15,-34.608333333333334,-58.367777777777775,87.5,850.9822506626699
16,-31.327777777777776,-64.2461111111111,87.5,811.5465549622782
17,-34.49444444444445,-58.72777777777778,87.5,1.0
18,-26.01944444444444,-54.61527777777777,87.5,900.8820989758874
19,-31.636111111111116,-60.72416666666666,87.5,4905.699425668068
20,-34.611111111111114,-58.41666666666666,87.7,1.0
21,-34.88333333333333,-58.39444444444444,87.7,426.76189026897265
22,-34.75000000000001,-58.58333333333334,87.7,1539.055430052524
23,-29.41388888888889,-66.85749999999999,87.7,11.264190860907746
24,-38.0,-57.5611111111111,87.7,83.85773499068247
25,-34.67777777777777,-58.75000000000001,87.7,877.8034171768667
26,-31.733333333333334,-60.53333333333333,87.7,9859.738066720889
27,-32.95,-60.67777777777777,87.7,4864.671780066689
28,-31.636111111111116,-60.72416666666666,87.7,848.6324625342494
29,-26.733333333333334,-65.27777777777777,87.7,2286.32063681337
30,-41.14444444444445,-71.34722222222221,87.75,164.04468931772
31,-34.597222222222214,-58.398333333333326,87.9,903.9336509709344
32,-45.85277777777779,-67.51305555555555,87.9,361.6839320627622
33,-33.35,-63.72777777777778,87.9,1.0
34,-38.72222222222223,-62.24944444444445,87.9,1868.6901855928163
35,-31.31666666666667,-64.22777777777777,87.9,823.135263907823
36,-31.31666666666667,-64.22777777777777,87.9,154.8728491141198
37,-46.43055555555556,-67.5361111111111,87.9,11871.471485375636
38,-34.19444444444444,-58.92777777777777,87.9,1.0
39,-31.25555555555556,-64.16750000000002,87.9,94.33234908524264
40,-33.12222222222223,-62.30277777777777,87.9,1.0
41,-34.92777777777777,-57.95,87.9,3052.0596360790014
42,-33.72777777777778,-61.31583333333332,87.9,1870.114013932511
43,-31.31666666666667,-60.65,87.9,114.72471402475455
44,-39.400000000000006,-65.7,87.9,1326.162701646483
45,-32.88333333333333,-68.82777777777775,87.9,210.06705872644244
46,-29.194444444444443,-58.07472222222224,87.9,2957.4784130131584
47,-31.350000000000005,-63.95,87.9,335.6953897936954
48,-31.733333333333334,-60.53333333333333,87.9,236.0164893812723
49,-26.8,-55.02777777777777,87.9,16846.488163392594
50,-32.95,-60.67777777777777,87.9,9.388678430278087
51,-34.72777777777778,-68.23333333333333,87.9,1.0
52,-34.24444444444444,-59.46833333333333,87.9,849.9834491119719
53,-38.63055555555555,-68.29861111111111,87.9,29514.678587757593
54,-37.833333333333336,-57.51111111111111,87.9,183.297977981658
55,-31.636111111111116,-60.72416666666666,87.9,1.0
56,-26.350000000000005,-60.44444444444444,87.9,126.30175671985778
57,-27.583333333333336,-60.72777777777778,87.9,442.65377104089345
58,-31.411111111111108,-64.51666666666667,87.9,1.0
59,-30.89166666666667,-63.11694444444444,87.9,920.3194771545076
60,-31.16111111111111,-63.40416666666667,87.9,47944.14164381199
61,-34.56111111111112,-58.45833333333334,88.1,329.8812854925301
62,-26.416666666666668,-54.62777777777777,88.1,149.11460871474017
63,-38.55833333333332,-58.74472222222222,88.1,217.11792240986054
64,-34.56944444444445,-58.71916666666667,88.1,1.0
65,-26.827777777777776,-65.14444444444443,88.1,9777.244156777862
66,-31.663888888888888,-60.69888888888888,88.1,242.07260972444698
67,-31.722222222222214,-64.40388888888889,88.1,197.2537407731499
68,-34.76111111111111,-58.2063888888889,88.1,921.8379495782503
69,-35.11666666666667,-60.51111111111111,88.1,306.7930266702781
70,-34.62222222222222,-58.41583333333333,88.1,910.8831385012195
71,-35.05,-58.75000000000001,88.1,1.0
72,-32.86111111111111,-61.150000000000006,88.1,4880.038005787261
73,-31.583333333333336,-60.077777777777776,88.1,17539.36514726713
74,-34.65,-60.46666666666667,88.1,911.3917492824063
75,-31.39444444444445,-64.25888888888889,88.1,21865.944784726762
76,-37.43888888888889,-57.71999999999999,88.1,1.0
77,-27.46666666666667,-58.833333333333336,88.1,384.5685150435755
78,-32.608333333333334,-63.576388888888886,88.1,866.4906444079971
79,-32.863888888888894,-68.79166666666666,88.1,847.2999518012618
80,-50.33333333333334,-72.30000000000001,88.1,218.23851969373374
81,-26.311111111111117,-59.37777777777777,88.1,124.49596479001583
82,-26.194444444444443,-58.19444444444444,88.1,1.0
83,-24.677777777777774,-65.05,88.1,203.86249411815623
84,-35.67777777777777,-63.74444444444444,88.1,1.0
85,-30.90555555555556,-62.21583333333334,88.1,2374.4809110194806
86,-33.46666666666667,-67.5611111111111,88.1,1.0
87,-34.92777777777777,-57.95,88.1,1.0
88,-29.41388888888889,-66.85749999999999,88.1,819.2163448456419
89,-25.14444444444444,-58.26111111111111,88.1,860.2018220528671
90,-28.050000000000004,-65.46666666666667,88.1,9011.738141990603
91,-27.22777777777777,-59.28333333333334,88.1,842.7532641237462
92,-35.46666666666667,-69.59444444444442,88.1,135.43617253733117
93,-32.70000000000001,-62.10000000000001,88.1,4823.38980748862
94,-32.88333333333333,-68.82777777777775,88.1,807.658716737125
95,-34.65,-59.44444444444444,88.1,1.0
96,-34.81666666666668,-58.49444444444445,88.1,832.1099318656836
97,-38.93055555555555,-68.06111111111113,88.1,10472.241627471434
98,-27.49444444444444,-55.14444444444444,88.1,210.62231827504564
99,-31.733333333333334,-60.53333333333333,88.1,68.87656070890624
100,-43.866666666666674,-69.1,88.1,1.0
101,-33.91111111111111,-60.56666666666668,88.1,1.0
102,-46.8111111111111,-67.97777777777777,88.1,284.76121373901987
103,-31.683333333333334,-68.59444444444442,88.1,860.6321922209459
104,-27.377777777777776,-55.91111111111111,88.1,1.0
105,-38.88333333333333,-62.09444444444444,88.1,16920.569707612205
106,-53.79444444444444,-67.7,88.1,2950.828042395592
107,-45.69444444444444,-70.27777777777777,88.1,851.9730812715438
108,-34.63333333333334,-58.56666666666668,88.1,4939.559879382928
109,-29.16111111111111,-59.65,88.1,1.0
110,-32.95,-60.67777777777777,88.1,383.3925461152356
111,-24.780555555555555,-65.39500000000001,88.1,893.5376364950649
112,-35.31111111111111,-59.16666666666667,88.1,4940.426437025452
113,-41.13888888888889,-71.2786111111111,88.1,3845.5699656179513
114,-27.266666666666666,-55.53333333333333,88.1,43.67051804980465
115,-30.79444444444444,-60.58333333333334,88.1,17613.44502241781
116,-34.51666666666667,-58.79444444444444,88.1,1.0
117,-26.827777777777776,-65.21277777777779,88.1,9691.442456324101
118,-31.61666666666667,-58.51111111111111,88.1,29859.16201358973
119,-24.194444444444443,-65.30000000000001,88.1,1.0
120,-31.636111111111116,-60.72416666666666,88.1,1947.0889759015865
121,-27.79444444444444,-64.25000000000001,88.1,1.0
122,-39.0,-68.41666666666667,88.1,224.09737086494727
123,-37.61111111111112,-70.36111111111109,88.1,474.73329628707535
124,-31.583333333333336,-66.25000000000001,88.1,846.2563521781478
125,-31.73055555555555,-67.98305555555554,88.1,16864.97279034365
126,-33.75000000000001,-61.977777777777774,88.1,1245.255416423733
127,-32.416666666666664,-63.26111111111111,88.1,392.43482269342616
128,-29.52777777777777,-63.70000000000001,88.1,4863.663049176167
129,-30.702777777777776,-64.06805555555553,88.1,19896.366142338025
130,-34.69444444444444,-58.55694444444445,88.3,1.0
131,-30.416666666666668,-57.85555555555556,88.3,35305.12716659159
132,-27.433333333333337,-55.56722222222224,88.3,1.0
133,-28.994444444444444,-59.10000000000001,88.3,4882.72152931059
134,-31.877777777777776,-59.02777777777777,88.3,47.94492828906334
135,-27.22777777777777,-54.98333333333334,88.3,1.0
136,-34.45555555555556,-58.91694444444445,88.3,301.6126340038117
137,-34.8111111111111,-58.39444444444444,88.3,906.7936459658472
138,-31.663888888888888,-60.69888888888888,88.3,187.90192433449087
139,-38.72222222222223,-62.24944444444445,88.3,1.0
140,-26.83333333333333,-65.17777777777776,88.3,864.2478250318899
141,-34.76111111111111,-58.2063888888889,88.3,9882.983608082553
142,-26.26111111111111,-53.62777777777777,88.3,191.24993696740668
143,-34.64166666666667,-58.40472222222223,88.3,1.0
144,-30.850000000000005,-64.51666666666667,88.3,308.0868871680651
145,-45.85277777777779,-67.51305555555555,88.3,1.0
146,-31.372222222222227,-64.25694444444446,88.3,4907.398612686474
147,-38.93333333333334,-69.23333333333333,88.3,4931.074267392407
148,-33.70000000000001,-61.62777777777777,88.3,853.2893115091957
149,-34.833333333333336,-58.51666666666667,88.3,146.71005559275397
150,-31.26111111111111,-61.21666666666668,88.3,4489.903086712623
151,-26.194444444444443,-58.19444444444444,88.3,821.4355394855927
152,-39.05,-67.54444444444442,88.3,4929.421920294152
153,-32.92777777777777,-68.83333333333333,88.3,894.8434640026067
154,-34.49444444444445,-58.72777777777778,88.3,3852.9744060244298
155,-34.63333333333334,-58.61111111111112,88.3,863.3890319099271
156,-34.70000000000001,-58.58333333333334,88.3,240.4441490554979
157,-27.611111111111107,-56.69444444444444,88.3,24637.510072302626
158,-30.869444444444447,-60.96472222222222,88.3,808.4570649364896
159,-30.89166666666667,-63.255,88.3,869.6295900215284
160,-29.41388888888889,-66.85749999999999,88.3,1.0
161,-32.86111111111111,-68.82777777777775,88.3,889.2899451831385
162,-32.977777777777774,-62.02777777777777,88.3,837.614767553944
163,-38.0,-57.5611111111111,88.3,1.0
164,-28.050000000000004,-58.23333333333333,88.3,1.0
165,-32.88333333333333,-68.82777777777775,88.3,868.9313856968903
166,-34.53333333333333,-58.5611111111111,88.3,3011.0040512065675
167,-22.500000000000004,-65.12777777777775,88.3,564.9974361501384
168,-38.93055555555555,-68.06111111111113,88.3,1.0
169,-26.877777777777776,-60.21666666666668,88.3,1105.6612594599062
170,-32.95,-60.67777777777777,88.3,1.0
171,-40.74444444444444,-64.93333333333334,88.3,306.31795233190644
172,-34.43888888888889,-58.56666666666668,88.3,1.0
173,-30.79444444444444,-60.58333333333334,88.3,1.0
174,-32.75000000000001,-60.74444444444444,88.3,1.0
175,-33.31944444444446,-66.3261111111111,88.3,196.41455717448383
176,-30.78611111111111,-64.62972222222223,88.3,1.0
177,-33.31944444444446,-60.24222222222223,88.3,212.81261778476826
178,-24.23333333333333,-64.87777777777777,88.3,454.41890988695786
179,-24.194444444444443,-65.30000000000001,88.3,396.54204179492325
180,-31.727777777777774,-61.58333333333334,88.3,190.61204470186885
181,-33.19444444444444,-63.31111111111111,88.3,5902.207517054563
182,-31.636111111111116,-60.72416666666666,88.3,1.0
183,-32.608333333333334,-61.15972222222221,88.3,442.1752644191759
184,-34.597222222222214,-58.76055555555556,88.3,1.0
185,-54.79444444444443,-68.26944444444445,88.3,1.0
186,-31.319444444444443,-62.79805555555554,88.3,839.7740221101246
187,-34.69444444444444,-58.32777777777777,88.3,832.2704412609132
188,-34.57222222222222,-58.49694444444444,88.3,9722.009579308755
189,-34.86111111111111,-58.65611111111112,88.3,824.4825635853629
190,-34.70000000000001,-58.32777777777777,88.3,24905.081004626383
191,-38.91111111111111,-70.06666666666668,88.3,1.0
192,-32.49444444444445,-58.23333333333333,88.5,1.0
193,-27.050000000000004,-55.21666666666668,88.5,1.0
194,-30.26111111111111,-57.63333333333334,88.5,1.0
195,-27.377777777777776,-55.91111111111111,88.5,808.6065031457831
196,-31.53333333333333,-68.54444444444442,88.5,908.3384584873068
197,-27.0,-54.46666666666667,88.5,1.0
198,-27.500000000000004,-58.56666666666668,88.5,19831.495491364556
199,-34.58055555555556,-58.4675,88.5,5979.4604093599655
200,-34.65,-58.61722222222222,88.5,69.25181349169434
201,-34.56666666666668,-58.5611111111111,88.5,1.0
202,-27.911111111111108,-55.75000000000001,88.5,1.0
203,-24.416666666666668,-64.04444444444444,88.5,1.0
204,-35.72777777777778,-65.30000000000001,88.5,1.0
205,-34.67777777777777,-58.39444444444444,88.5,503.62551226523425
206,-34.35,-58.81666666666668,88.5,2.8024437931193003
207,-28.52777777777777,-59.03333333333334,88.5,154.16011369759804
208,-34.866666666666674,-57.88333333333333,88.5,39917.980532016634
209,-35.11666666666667,-60.51111111111111,88.5,1455.637895207293
210,-34.66944444444445,-58.48,88.5,19874.294516970844
211,-31.31666666666667,-64.22777777777777,88.5,1.0
212,-23.733333333333334,-64.59444444444442,88.5,189.65856796093487
213,-32.233333333333334,-58.14444444444444,88.5,821.4783559583797
214,-27.46666666666667,-58.833333333333336,88.5,1.0
215,-30.433333333333337,-64.36111111111109,88.5,1.0
216,-26.416666666666668,-54.62777777777777,88.5,1196.205783353025
217,-35.416666666666664,-64.30000000000001,88.5,904.7502211766931
218,-34.833333333333336,-58.400000000000006,88.5,232.46997160337932
219,-26.194444444444443,-58.19444444444444,88.5,409.47640010403313
220,-32.72777777777778,-68.59444444444442,88.5,243.54111806299812
221,-35.67777777777777,-63.74444444444444,88.5,1.0
222,-34.67777777777777,-58.67777777777777,88.5,120.48341110986757
223,-34.58333333333334,-60.977777777777774,88.5,1.0
224,-26.383333333333333,-65.43333333333335,88.5,1.0
225,-25.222222222222225,-58.12083333333334,88.5,23889.28879003227
226,-33.03333333333334,-59.02777777777777,88.5,864.150854013369
227,-27.611111111111107,-55.32777777777777,88.5,2164.544964483461
228,-31.911111111111108,-64.98333333333335,88.5,93.79645070664797
229,-32.977777777777774,-62.02777777777777,88.5,205.9401788257486
230,-38.0,-57.5611111111111,88.5,1.0
231,-38.0,-57.5611111111111,88.5,1.0
232,-38.93055555555555,-68.06111111111113,88.5,1.0
233,-34.63333333333334,-58.69444444444444,88.5,4274.263957155375
234,-32.03333333333334,-63.56666666666668,88.5,1368.8057556754552
235,-31.733333333333334,-60.53333333333333,88.5,814.0173228927739
236,-39.51666666666667,-69.25000000000001,88.5,379.82986895125725
237,-25.727777777777774,-59.10000000000001,88.5,14874.051527620195
238,-22.077777777777776,-63.72777777777778,88.5,1.0
239,-26.01666666666667,-54.65,88.5,48.29319089334474
240,-42.766666666666666,-65.05,88.5,142.02859747885137
241,-31.51944444444444,-60.725,88.5,3837.312395411908
242,-27.46111111111111,-58.98333333333334,88.5,40938.889781567595
243,-32.95,-60.67777777777777,88.5,1.0
244,-24.994444444444444,-65.59444444444442,88.5,9682.732780211798
245,-34.31111111111111,-60.26111111111111,88.5,4948.3942801948915
246,-32.75000000000001,-60.74444444444444,88.5,1.0
247,-33.31944444444446,-66.3261111111111,88.5,215.08918508576562
248,-26.827777777777776,-65.21277777777779,88.5,230.38368408893626
249,-37.833333333333336,-57.51111111111111,88.5,32668.7250365345
250,-30.95,-59.8111111111111,88.5,1.0
251,-36.62777777777777,-64.29027777777777,88.5,4444.199928232304
252,-28.263888888888893,-58.11888888888888,88.5,118.73969166116431
253,-27.79444444444444,-64.25000000000001,88.5,2311.912117082485
254,-41.61111111111112,-65.37777777777777,88.5,254.4072476349321
255,-31.46111111111111,-69.41666666666667,88.5,844.0710295651445
256,-35.977777777777774,-62.70000000000001,88.5,5110.40071453011
257,-34.74444444444444,-58.400000000000006,88.5,4841.377846244839
258,-40.8111111111111,-63.0,88.5,8354.289713049538
259,-31.411111111111108,-64.51666666666667,88.5,1.0
260,-32.416666666666664,-63.26111111111111,88.5,1622.907413766535
261,-33.677777777777784,-65.46638888888887,88.5,1.0
262,-32.10277777777778,-64.75388888888891,88.5,244.4344983188446
263,-32.34166666666668,-65.01416666666667,88.5,815.6041473495399
264,-34.60555555555556,-58.430833333333325,88.7,220.12839605338456
265,-27.95,-58.8111111111111,88.7,516.9403803199169
266,-31.0,-57.88333333333333,88.7,44910.23397908165
267,-30.95,-58.766666666666666,88.7,1.0
268,-31.427777777777784,-62.08694444444444,88.7,1321.4779096946793
269,-31.877777777777776,-59.02777777777777,88.7,210.16133793454804
270,-39.21666666666668,-70.9611111111111,88.7,1.0
271,-34.67777777777777,-58.39444444444444,88.7,1.0
272,-38.72222222222223,-62.24944444444445,88.7,19878.453001772974
273,-34.5611111111111,-58.69444444444444,88.7,9738.537339295546
274,-34.63333333333334,-62.49444444444445,88.7,10104.209358120585
275,-31.31666666666667,-64.22777777777777,88.7,40908.76004359625
276,-38.8111111111111,-68.14444444444443,88.7,1.0
277,-31.350000000000005,-66.6111111111111,88.7,150.1659365449191
278,-34.72777777777778,-58.49444444444445,88.7,1163.3871667770868
279,-45.85277777777779,-67.51305555555555,88.7,397.57734372021383
280,-31.411111111111108,-58.02777777777777,88.7,250.55017696945936
281,-36.672222222222224,-56.68055555555556,88.7,153.67427223620186
282,-42.05,-71.17777777777776,88.7,858.8162152935834
283,-42.92777777777777,-71.32777777777777,88.7,841.4259052144872
284,-27.49444444444444,-55.833333333333336,88.7,1.0
285,-35.766666666666666,-58.51111111111111,88.7,373.00593457371826
286,-39.05,-67.54444444444442,88.7,820.2735384208286
287,-34.62777777777777,-58.95,88.7,836.3519252625152
288,-28.077777777777776,-56.03333333333334,88.7,1.0
289,-29.14444444444444,-59.26111111111111,88.7,2791.691280390947
290,-34.70000000000001,-58.53333333333333,88.7,1.0
291,-23.24444444444444,-64.27638888888889,88.7,149.26739976124168
292,-31.34444444444444,-64.33333333333334,88.7,3819.8030374972586
293,-32.613888888888894,-63.40916666666666,88.7,830.2380688228036
294,-29.41388888888889,-66.85749999999999,88.7,22.849142078829914
295,-33.150000000000006,-62.85583333333332,88.7,1816.5132932585234
296,-34.72777777777778,-58.400000000000006,88.7,833.5828220193127
297,-35.19444444444444,-59.10000000000001,88.7,4120.9003369152915
298,-31.65,-63.37777777777777,88.7,2386.286582562754
299,-32.46666666666667,-60.88333333333333,88.7,874.4281063979306
300,-35.077777777777776,-57.53333333333333,88.7,406.4893801916125
301,-32.27777777777777,-61.92777777777777,88.7,1.0
302,-38.0,-57.5611111111111,88.7,23.072431387613623
303,-34.81666666666668,-58.49444444444445,88.7,252.23894421154395
304,-38.93055555555555,-68.06111111111113,88.7,864.0930641396209
305,-27.0,-54.833333333333336,88.7,458.4936888631343
306,-31.733333333333334,-60.53333333333333,88.7,58.2199620268793
307,-31.683333333333334,-68.59444444444442,88.7,1.0
308,-25.611111111111107,-54.56666666666668,88.7,422.9105397292492
309,-27.64444444444444,-62.41666666666666,88.7,54.8709407609409
310,-32.95,-60.67777777777777,88.7,2378.82404932403
311,-31.31666666666667,-64.30833333333335,88.7,1.0
312,-24.780555555555555,-65.39500000000001,88.7,850.2556727860605
313,-41.13888888888889,-71.2786111111111,88.7,17957.054592997196
314,-30.91666666666667,-64.51472222222223,88.7,1.0
315,-28.83333333333333,-65.53055555555555,88.7,372.8219005708246
316,-30.383333333333333,-58.75000000000001,88.7,1.0
317,-31.53333333333333,-68.54444444444442,88.7,889.3197043344547
318,-33.67777777777777,-59.69444444444444,88.7,817.4622664770195
319,-24.194444444444443,-65.30000000000001,88.7,226.9708503951358
320,-31.636111111111116,-60.72416666666666,88.7,539.326697106387
321,-27.79444444444444,-64.25000000000001,88.7,9852.659100900994
322,-30.64444444444444,-65.38333333333335,88.7,1.0
323,-34.44444444444444,-58.61111111111112,88.7,1.0
324,-26.22777777777777,-65.28333333333333,88.7,8163.613371396291
325,-38.39444444444444,-60.28333333333334,88.7,842.8827983214629
326,-37.25555555555556,-56.97666666666666,88.7,9821.87891396679
327,-34.70000000000001,-58.32777777777777,88.7,861.8421465494297
328,-28.46666666666667,-65.78444444444443,88.9,4865.629082693308
329,-29.14444444444444,-59.26111111111111,88.9,277.39156470735185
330,-27.377777777777776,-55.91111111111111,88.9,2919.518649232612
331,-26.8,-55.02777777777777,88.9,11958.596949751414
332,-30.077777777777776,-58.766666666666666,88.9,838.107502707308
333,-29.911111111111108,-59.833333333333336,88.9,1.0
334,-32.18888888888889,-64.25499999999998,88.9,32.843285081665826
335,-32.68055555555556,-64.71416666666667,88.9,1.0
336,-31.677777777777774,-64.43333333333335,88.9,4.123949580399404
337,-29.111111111111107,-56.53333333333333,88.9,82.08349835845944
338,-31.28333333333334,-61.40833333333334,88.9,821.8627260612411
339,-34.58055555555556,-58.4675,88.9,853.2808646137687
340,-34.608333333333334,-58.40583333333333,88.9,269.84233179592127
341,-31.31666666666667,-64.22777777777777,88.9,879.5081752100072
342,-33.261111111111106,-61.37777777777777,88.9,1.0
343,-27.46666666666667,-58.833333333333336,88.9,1.0
344,-36.61111111111112,-61.75000000000001,88.9,1.0
345,-26.416666666666668,-54.62777777777777,88.9,497.48549962935414
346,-34.833333333333336,-58.51666666666667,88.9,1.0
347,-26.194444444444443,-58.19444444444444,88.9,51.80590125726518
348,-34.977777777777774,-67.7,88.9,216.53909851453227
349,-26.65555555555555,-58.63055555555555,88.9,4872.525757143409
350,-35.03333333333334,-63.02777777777777,88.9,1.0
351,-34.766666666666666,-58.65,88.9,911.9783050402259
352,-33.02777777777777,-58.51666666666667,88.9,1154.1381716770657
353,-34.58333333333334,-60.977777777777774,88.9,4407.500299622418
354,-30.76111111111111,-59.65,88.9,16816.220060873326
355,-34.92777777777777,-57.95,88.9,1.0
356,-27.22777777777777,-59.28333333333334,88.9,1.0
357,-32.88333333333333,-68.82777777777775,88.9,9798.533591517806
358,-33.20277777777779,-62.61111111111112,88.9,346.00702309458796
359,-34.65,-58.61722222222222,88.9,830.9052153898057
360,-38.93055555555555,-68.06111111111113,88.9,1031.5627177505085
361,-27.49444444444444,-55.14444444444444,88.9,1393.5363689087303
362,-33.53333333333333,-60.8111111111111,88.9,16326.07066451023
363,-37.094444444444456,-56.86722222222223,88.9,45731.7771394742
364,-38.92777777777777,-69.15000000000002,88.9,1939.7280091970483
365,-42.766666666666666,-65.05,88.9,56.95901962296111
366,-38.88333333333333,-62.09444444444444,88.9,9740.128000590974
367,-34.72777777777778,-58.27777777777777,88.9,1.0
368,-33.11666666666667,-64.33333333333334,88.9,1.0
369,-27.46111111111111,-58.98333333333334,88.9,9856.878791713061
370,-29.500000000000004,-59.766666666666666,88.9,16.342412745748675
371,-32.95,-60.67777777777777,88.9,1.0
372,-24.780555555555555,-65.39500000000001,88.9,1.0
373,-36.26111111111111,-61.10000000000001,88.9,7903.151067994874
374,-33.31944444444446,-66.3261111111111,88.9,430.6898187948253
375,-40.16666666666667,-71.36111111111109,88.9,1308.7309364572732
376,-27.994444444444447,-57.50138888888889,88.9,1.0
377,-34.611111111111114,-68.33333333333334,88.9,2968.0854697410828
378,-31.76666666666667,-61.32777777777777,88.9,2979.7522311981206
379,-37.833333333333336,-57.51111111111111,88.9,90.17623800006396
380,-31.636111111111116,-60.72416666666666,88.9,232.21740330473645
381,-26.683333333333334,-66.04444444444444,88.9,1.0
382,-36.62777777777777,-64.29027777777777,88.9,31803.04445738017
383,-27.79444444444444,-64.25000000000001,88.9,908.36752229877
384,-41.61111111111112,-65.37777777777777,88.9,16843.639915181284
385,-30.944444444444443,-61.56666666666668,88.9,78.1174751503545
386,-34.44444444444444,-58.61111111111112,88.9,3833.080561175649
387,-33.75000000000001,-61.977777777777774,88.9,3042.376292160887
388,-27.583333333333336,-60.72777777777778,88.9,1607.1891527961152
389,-32.416666666666664,-63.26111111111111,88.9,25887.472675804845
390,-34.29722222222221,-63.26861111111111,88.9,206.54396422948193
391,-27.22777777777777,-54.98333333333334,89.1,1.0
392,-27.611111111111107,-56.69444444444444,89.1,1230.6236461838948
393,-29.41388888888889,-66.85749999999999,89.1,2211.1545934477726
394,-27.49444444444444,-55.14444444444444,89.1,840.9163976956609
395,-34.58888888888888,-58.43055555555556,89.1,1.0
396,-30.383333333333333,-58.75000000000001,89.1,439.64778297270396
397,-27.500000000000004,-58.56666666666668,89.1,89.64180519014387
398,-27.383333333333333,-55.58333333333334,89.1,272.1420599657205
399,-27.383333333333333,-55.58333333333334,89.1,908.000346539725
400,-25.97777777777777,-54.56666666666668,89.1,2891.9405886909885
401,-41.977777777777774,-71.51666666666667,89.1,1.0
402,-38.72222222222223,-62.24944444444445,89.1,223.95320946236245
403,-28.500000000000004,-59.05,89.1,33.31968861439914
404,-34.866666666666674,-57.88333333333333,89.1,1.0
405,-34.58055555555556,-58.4675,89.1,3844.9185355040886
406,-34.61111111111111,-58.38111111111112,89.1,10903.535752216014
407,-34.8111111111111,-58.33333333333334,89.1,172.04629229230775
408,-32.233333333333334,-58.14444444444444,89.1,2927.9430816101535
409,-26.955555555555552,-60.20277777777779,89.1,9854.847514242296
410,-45.85277777777779,-67.51305555555555,89.1,6206.49193537886
411,-31.405555555555555,-64.24777777777778,89.1,1.0
412,-27.46666666666667,-58.833333333333336,89.1,23691.668269665985
413,-36.286111111111104,-57.69583333333332,89.1,181.57810004763724
414,-34.88333333333333,-57.88333333333333,89.1,126.20619667606957
415,-22.611111111111107,-63.81666666666668,89.1,1.0
416,-39.05,-67.54444444444442,89.1,402.40724141439296
417,-32.92777777777777,-68.83333333333333,89.1,1.0
418,-30.994444444444444,-64.1,89.1,6.326657525961085
419,-32.58333333333334,-68.6688888888889,89.1,95.86313837059964
420,-34.58333333333334,-60.977777777777774,89.1,4860.230099726852
421,-31.083333333333336,-64.5111111111111,89.1,9695.1847652107
422,-34.66944444444445,-58.56472222222221,89.1,76.91424552901803
423,-34.92777777777777,-57.95,89.1,7890.318982517425
424,-33.05,-65.61666666666667,89.1,7844.80309275114
425,-26.583333333333336,-59.8111111111111,89.1,3024.88714110467
426,-38.077777777777776,-70.61666666666667,89.1,1.0
427,-34.56666666666668,-59.10000000000001,89.1,1568.4686068580606
428,-32.91111111111111,-68.81249999999999,89.1,19818.0316380455
429,-29.194444444444443,-58.07472222222224,89.1,1434.6467942282122
430,-34.63333333333334,-58.69444444444444,89.1,115.0711044049629
431,-31.733333333333334,-60.53333333333333,89.1,431.751200799844
432,-33.91111111111111,-60.56666666666668,89.1,908.4846225899889
433,-38.977777777777774,-68.23333333333333,89.1,452.10279243583204
434,-34.72777777777778,-58.27777777777777,89.1,1.0
435,-33.11666666666667,-64.33333333333334,89.1,89.47727958899367
436,-53.79444444444444,-67.7,89.1,4786.549607637187
437,-32.95,-60.67777777777777,89.1,8139.968004495137
438,-36.75000000000001,-62.93333333333334,89.1,1.0
439,-24.780555555555555,-65.39500000000001,89.1,19922.72904365863
440,-40.74444444444444,-64.93333333333334,89.1,111.41356947152077
441,-32.21388888888889,-62.63194444444445,89.1,1004.5171714644108
442,-41.13888888888889,-71.2786111111111,89.1,2931.1859492713443
443,-38.70000000000001,-60.02777777777777,89.1,4872.84979578514
444,-32.75000000000001,-60.74444444444444,89.1,19828.350203868325
445,-33.31944444444446,-60.24222222222223,89.1,90.59709867197077
446,-33.67777777777777,-59.69444444444444,89.1,7884.372979278649
447,-24.23333333333333,-64.87777777777777,89.1,1.0
448,-28.57777777777778,-58.72777777777778,89.1,1881.4275459659832
449,-31.61666666666667,-58.51111111111111,89.1,2764.225000294604
450,-31.76666666666667,-61.32777777777777,89.1,1372.8242387181078
451,-31.636111111111116,-60.72416666666666,89.1,11.267867813213662
452,-43.26111111111111,-65.30000000000001,89.1,9485.408992756682
453,-54.79444444444443,-68.26944444444445,89.1,1.0
454,-40.8111111111111,-63.0,89.1,1.0
455,-31.411111111111108,-64.51666666666667,89.1,1929.343879266379
456,-37.25555555555556,-56.97666666666666,89.1,380.6158197582352
457,-33.677777777777784,-65.46638888888887,89.1,6594.403165451857
458,-38.74444444444444,-68.16944444444445,89.1,191.51880365275923
459,-34.70000000000001,-58.32777777777777,89.1,1.0
460,-26.827777777777776,-65.32777777777777,89.1,5632.424615053852
461,-31.53333333333333,-68.54444444444442,89.3,815.9112894609016
462,-30.75277777777778,-57.98055555555556,89.3,1.0
463,-27.994444444444444,-55.51666666666667,89.3,1940.6017036746935
464,-27.46666666666667,-58.833333333333336,89.3,453.2093372497005
465,-26.416666666666668,-54.62777777777777,89.3,868.8870785521607
466,-27.377777777777776,-55.91111111111111,89.3,350.92208405699165
467,-27.375,-54.74444444444445,89.3,4940.653265128214
468,-34.64722222222222,-58.368333333333325,89.3,4944.106516245717
469,-27.611111111111107,-55.32777777777777,89.3,1898.1962801864536
470,-26.64444444444444,-54.14444444444444,89.3,1.0
471,-26.8,-55.02777777777777,89.3,5894.71589009109
472,-37.150000000000006,-58.49444444444445,89.3,1211.8318220732035
473,-31.31666666666667,-64.22777777777777,89.3,1850.5091463018598
474,-27.76111111111111,-57.62777777777777,89.3,161.32366131274813
475,-39.27777777777777,-65.69444444444444,89.3,9735.143837404385
476,-43.31111111111111,-65.1,89.3,1974.443945231464
477,-31.411111111111108,-58.02777777777777,89.3,1.0
478,-27.677777777777774,-60.93333333333334,89.3,227.58100129940584
479,-25.266666666666666,-65.48333333333335,89.3,9799.621307602572
480,-32.03333333333334,-60.32777777777777,89.3,1.0
481,-50.33333333333334,-72.30000000000001,89.3,24932.915146839143
482,-26.311111111111117,-59.37777777777777,89.3,1394.6720212981104
483,-42.92777777777777,-71.32777777777777,89.3,894.7642776947632
484,-26.194444444444443,-58.19444444444444,89.3,35.149202013490076
485,-32.92777777777777,-68.83333333333333,89.3,6.656473131072546
486,-34.92777777777777,-58.39444444444444,89.3,18269.523265530308
487,-38.51666666666667,-70.37777777777777,89.3,71.42464934421396
488,-35.19444444444444,-59.10000000000001,89.3,3486.04830687057
489,-34.766666666666666,-58.400000000000006,89.3,205.9027108846401
490,-38.0,-57.5611111111111,89.3,1.0
491,-32.88333333333333,-68.82777777777775,89.3,1.0
492,-38.26388888888889,-57.85944444444444,89.3,811.4628404742476
493,-38.55833333333332,-58.74472222222222,89.3,31493.01539637209
494,-38.93055555555555,-68.06111111111113,89.3,170.42519190583687
495,-30.76666666666667,-63.41666666666666,89.3,152.7588239344917
496,-34.511111111111106,-59.09444444444444,89.3,133.3813299213842
497,-37.150000000000006,-56.88333333333333,89.3,528.7611036051835
498,-33.0,-60.766666666666666,89.3,303.5376208435198
499,-34.58333333333334,-58.60694444444444,89.3,9741.837971301185
500,-34.58333333333334,-58.60694444444444,89.3,441.8168546796518
501,-31.733333333333334,-60.53333333333333,89.3,446.3736598145038
502,-34.68888888888888,-58.72916666666667,89.3,1.0
503,-37.094444444444456,-56.86722222222223,89.3,35312.16004949141
504,-27.383333333333333,-59.09444444444444,89.3,8.202487722708767
505,-33.11666666666667,-64.33333333333334,89.3,1.0
506,-51.63055555555555,-69.25555555555556,89.3,1036.0754042998692
507,-31.266666666666666,-61.49444444444445,89.3,860.3324725639105
508,-29.16111111111111,-59.65,89.3,242.83380544113723
509,-27.46111111111111,-58.98333333333334,89.3,259.5958430991545
510,-40.16666666666667,-71.36111111111109,89.3,3858.183690320133
511,-24.194444444444443,-65.30000000000001,89.3,1.0
512,-27.0,-54.46666666666667,89.3,4906.451034465506
513,-31.636111111111116,-60.72416666666666,89.3,911.3742776383111
514,-36.62777777777777,-64.29027777777777,89.3,251.93042265036345
515,-22.53333333333333,-63.81666666666668,89.3,344.8415659819268
516,-36.8111111111111,-70.7,89.3,16.93889599480635
517,-27.583333333333336,-60.72777777777778,89.3,2932.9028245422555
518,-33.677777777777784,-65.46638888888887,89.3,456.79665965715617
519,-32.91111111111111,-68.79444444444444,89.3,100.98368363805073
520,-36.26111111111111,-64.23333333333333,89.3,860.9862590681788
521,-34.10000000000001,-59.03333333333334,89.3,43152.91830521677
522,-34.611111111111114,-58.38638888888888,89.5,290.68618805677374
523,-34.62777777777779,-58.53777777777777,89.5,14207.000267015625
524,-30.26111111111111,-57.63333333333334,89.5,134.7498417664611
525,-35.03333333333334,-60.27777777777777,89.5,1.0
526,-38.977777777777774,-67.83333333333333,89.5,1.0
527,-32.18888888888889,-64.25499999999998,89.5,251.27714601843783
528,-27.911111111111108,-55.75000000000001,89.5,1.0
529,-31.416666666666668,-63.05,89.5,1.0
530,-36.79444444444444,-59.86111111111111,89.5,12478.94321345379
531,-38.72222222222223,-62.24944444444445,89.5,6140.4643870605805
532,-34.866666666666674,-57.88333333333333,89.5,2793.674131883139
533,-34.75000000000001,-65.25000000000001,89.5,1.0
534,-31.31666666666667,-64.22777777777777,89.5,1.0
535,-36.75000000000001,-62.51111111111111,89.5,1.0
536,-22.10555555555556,-59.25638888888888,89.5,1954.6602165024321
537,-30.350000000000005,-66.32777777777777,89.5,15888.204805163323
538,-45.85277777777779,-67.51305555555555,89.5,279.4431338790199
539,-32.86111111111111,-61.26111111111111,89.5,1.0
540,-31.26111111111111,-64.48333333333335,89.5,455.81499801826845
541,-38.93333333333334,-69.23333333333333,89.5,140.39277361007834
542,-41.977777777777774,-71.51666666666667,89.5,178.8394908485882
543,-43.28333333333334,-65.48333333333335,89.5,885.1590729202431
544,-27.49444444444444,-55.833333333333336,89.5,1934.1768344628454
545,-32.8111111111111,-63.866666666666674,89.5,1.0
546,-34.62777777777777,-58.95,89.5,1.0
547,-32.375,-58.87638888888888,89.5,40994.60741088271
548,-29.14444444444444,-59.26111111111111,89.5,1.0
549,-33.02777777777777,-58.51666666666667,89.5,1.0
550,-35.416666666666664,-64.48333333333335,89.5,1.0
551,-27.611111111111107,-56.69444444444444,89.5,1.0
552,-34.53333333333333,-58.58333333333334,89.5,203.9637308940235
553,-34.58333333333334,-60.977777777777774,89.5,4786.893805747266
554,-27.050000000000004,-58.72777777777778,89.5,129.17003474889972
555,-30.76111111111111,-59.65,89.5,311.90730139433435
556,-34.87777777777778,-58.55555555555556,89.5,1324.4385779219774
557,-34.12777777777777,-63.39055555555555,89.5,448.68813443627283
558,-39.400000000000006,-65.7,89.5,8142.615711042387
559,-23.8,-64.80000000000001,89.5,8348.596615768736
560,-34.044444444444444,-59.19222222222221,89.5,1.0
561,-34.65,-58.53333333333333,89.5,3802.664107036226
562,-38.0,-57.5611111111111,89.5,350.5865171315315
563,-32.70000000000001,-62.10000000000001,89.5,39889.92999037378
564,-39.26111111111111,-62.62777777777777,89.5,396.41532350398586
565,-32.88333333333333,-68.82777777777775,89.5,39403.441804390764
566,-23.46666666666667,-62.88333333333333,89.5,2947.4781046252733
567,-38.93055555555555,-68.06111111111113,89.5,6.4118232412969896
568,-36.91111111111111,-60.28333333333334,89.5,773.0798006707639
569,-31.733333333333334,-60.53333333333333,89.5,40927.26004731697
570,-29.727777777777774,-57.11666666666667,89.5,7854.099653539329
571,-33.91111111111111,-60.56666666666668,89.5,1.0
572,-34.49444444444445,-58.93333333333334,89.5,1886.5612019068055
573,-31.683333333333334,-63.91111111111111,89.5,135.5822089504204
574,-25.727777777777774,-59.10000000000001,89.5,1.0
575,-26.79444444444444,-60.45000000000001,89.5,221.2251381736084
576,-39.02777777777777,-64.09444444444443,89.5,1.0
577,-33.11666666666667,-64.33333333333334,89.5,4900.852711427562
578,-27.46111111111111,-58.98333333333334,89.5,123.38100550741821
579,-32.95,-60.67777777777777,89.5,4935.858898517723
580,-27.74166666666667,-55.89805555555555,89.5,1.0
581,-41.14444444444445,-71.34722222222221,89.5,83.92088538154937
582,-36.377777777777766,-56.755277777777785,89.5,1.0
583,-34.43888888888889,-58.56666666666668,89.5,1.0
584,-32.611111111111114,-66.14444444444443,89.5,1.0
585,-30.583333333333336,-59.95,89.5,1.0
586,-27.500000000000004,-58.56666666666668,89.5,822.2602911776601
587,-33.31944444444446,-60.24222222222223,89.5,62.37793253716981
588,-31.636111111111116,-60.72416666666666,89.5,248.18391492290883
589,-28.561111111111103,-56.05,89.5,181.85978299726708
590,-29.358333333333334,-69.95277777777777,89.5,9699.572620779203
591,-33.92777777777777,-64.38944444444446,89.5,9898.049164835551
592,-37.25555555555556,-56.97666666666666,89.5,416.2246818342276
593,-33.677777777777784,-65.46638888888887,89.5,113.15884737571268
594,-32.11666666666667,-64.75000000000001,89.5,1.0
595,-31.877777777777776,-59.02777777777777,89.5,21092.126798141093
596,-34.608333333333334,-58.38555555555556,89.7,1.0
597,-31.53333333333333,-68.54444444444442,89.7,70.61024542450323
598,-26.416666666666668,-54.62777777777777,89.7,71.15467248218695
599,-30.79444444444444,-57.92777777777777,89.7,100.39038919327005
600,-37.82500000000001,-58.22749999999999,89.7,1.0
601,-34.75000000000001,-58.400000000000006,89.7,3843.1322140864063
602,-34.58055555555556,-58.4675,89.7,1.0
603,-31.31666666666667,-64.22777777777777,89.7,898.1402583346418
604,-34.19444444444444,-58.92777777777777,89.7,1.0
605,-36.61111111111112,-61.75000000000001,89.7,1.0
606,-32.46666666666667,-58.49444444444445,89.7,10929.921904569548
607,-31.350000000000005,-66.6111111111111,89.7,1.0
608,-38.93333333333334,-67.98333333333335,89.7,4910.4831244480565
609,-34.72777777777778,-58.53333333333333,89.7,811.8200077404094
610,-25.28333333333334,-57.72777777777778,89.7,1.0
611,-31.411111111111108,-58.02777777777777,89.7,22543.98614605382
612,-33.63333333333334,-64.6111111111111,89.7,4.260263809275017
613,-34.88333333333333,-57.88333333333333,89.7,7919.704357333899
614,-27.91666666666667,-63.91111111111111,89.7,1.0
615,-26.194444444444443,-58.19444444444444,89.7,7503.1514655473065
616,-26.194444444444443,-58.19444444444444,89.7,1.0
617,-31.427777777777784,-62.0625,89.7,454.56762823663314
618,-33.12222222222223,-62.30277777777777,89.7,3094.276869572228
619,-32.19444444444444,-60.2111111111111,89.7,16847.492549772236
620,-32.92777777777777,-68.83333333333333,89.7,10895.990687796253
621,-34.70000000000001,-58.53333333333333,89.7,4903.909026052574
622,-34.58333333333334,-60.977777777777774,89.7,9809.043320320829
623,-27.79444444444444,-65.56666666666668,89.7,1.0
624,-31.76666666666667,-63.8111111111111,89.7,52.98382352730393
625,-33.75000000000001,-59.93333333333334,89.7,59.24618474202081
626,-46.5611111111111,-71.61666666666667,89.7,182.13645282952592
627,-32.88333333333333,-68.82777777777775,89.7,206.19686613527296
628,-34.65,-59.44444444444444,89.7,811.7477714426266
629,-25.49444444444444,-64.9611111111111,89.7,1.0
630,-30.91666666666667,-62.67861111111111,89.7,1595.3072629717592
631,-38.55833333333332,-58.74472222222222,89.7,1.0
632,-31.733333333333334,-60.53333333333333,89.7,87.17931970323698
633,-41.14444444444444,-70.85000000000001,89.7,437.3850898924918
634,-31.46111111111111,-61.26111111111111,89.7,4126.610471914265
635,-42.766666666666666,-65.05,89.7,2619.0442831932437
636,-34.72777777777778,-58.27777777777777,89.7,908.3022908170077
637,-31.266666666666666,-61.49444444444445,89.7,1.0
638,-43.31111111111111,-65.1,89.7,814.1286892721157
639,-27.46111111111111,-58.98333333333334,89.7,1.0
640,-28.46666666666667,-65.78444444444443,89.7,182.5938635904778
641,-31.433333333333337,-62.077777777777776,89.7,238.95853072773446
642,-27.266666666666666,-55.53333333333333,89.7,1.0
643,-30.383333333333333,-58.75000000000001,89.7,39.637417849770344
644,-26.827777777777776,-65.21277777777779,89.7,22732.49863565874
645,-26.64444444444444,-54.14444444444444,89.7,21123.443508117904
646,-24.194444444444443,-65.30000000000001,89.7,145.56250519814716
647,-36.62777777777777,-64.29027777777777,89.7,1.0
648,-31.677777777777774,-60.766666666666666,89.7,1.0
649,-34.88333333333333,-58.56666666666668,89.7,204.56558191435653
650,-32.69444444444444,-58.91111111111111,89.7,19857.216739157935
651,-33.75000000000001,-61.977777777777774,89.7,1.0
652,-40.8111111111111,-63.0,89.7,3008.4491518012765
653,-27.583333333333336,-60.72777777777778,89.7,1.0
654,-37.25555555555556,-56.97666666666666,89.7,35264.409373047
655,-32.44444444444444,-63.26111111111111,89.7,188.8850255958637
656,-28.46666666666667,-59.37777777777777,89.7,3457.4018507875016
657,-25.636111111111116,-60.27777777777777,89.7,131.16186280198448
658,-31.947222222222223,-65.05527777777776,89.7,891.2196080803285
659,-40.79444444444444,-71.66666666666669,89.7,1.0
660,-34.677777777777784,-58.55277777777778,89.9,1.0
661,-29.14444444444444,-59.26111111111111,89.9,16897.536134851336
662,-26.26111111111111,-53.62777777777777,89.9,12902.70565339062
663,-27.050000000000004,-55.21666666666668,89.9,9805.284845867109
664,-29.194444444444443,-58.07472222222224,89.9,889.0821288920577
665,-27.49444444444444,-55.14444444444444,89.9,4857.9725972045135
666,-26.944444444444443,-55.077777777777776,89.9,1.0
667,-27.79444444444444,-55.79444444444444,89.9,119.62173021923891
668,-27.583333333333336,-56.69444444444444,89.9,91.6227687010534
669,-30.952777777777783,-62.34,89.9,898.8465557742243
670,-33.63333333333334,-62.41666666666666,89.9,150.93276428481437
671,-38.72222222222223,-62.24944444444445,89.9,1.0
672,-32.63333333333334,-62.69444444444444,89.9,861.3849491541763
673,-34.866666666666674,-57.88333333333333,89.9,4882.709966590556
674,-31.31666666666667,-64.22777777777777,89.9,189.6349311176575
675,-27.22777777777777,-54.98333333333334,89.9,1.0
676,-30.850000000000005,-64.51666666666667,89.9,1.0
677,-34.67777777777777,-58.67777777777777,89.9,1.0
678,-35.56666666666668,-58.02777777777777,89.9,73.55188980374291
679,-38.93333333333334,-69.23333333333333,89.9,905.6830298743021
680,-24.26111111111111,-64.4138888888889,89.9,865.6671316333279
681,-30.0,-59.51666666666667,89.9,1846.8672194433461
682,-26.194444444444443,-58.19444444444444,89.9,160.612419142041
683,-32.74444444444444,-61.92777777777777,89.9,4921.596447705692
684,-32.92777777777777,-68.83333333333333,89.9,1.0
685,-33.02777777777777,-58.51666666666667,89.9,367.5079588433414
686,-31.116666666666667,-60.09444444444444,89.9,4671.253255490125
687,-24.22777777777777,-64.85000000000001,89.9,1.0
688,-26.8,-65.1,89.9,1.0
689,-35.233333333333334,-63.58333333333334,89.9,9781.569733859724
690,-34.511111111111106,-58.74444444444444,89.9,131.6626622120819
691,-25.95,-60.62777777777777,89.9,1450.3820552493237
692,-34.92777777777777,-57.95,89.9,1.0
693,-34.11666666666667,-63.400000000000006,89.9,1560.4514822879516
694,-31.31666666666667,-60.65,89.9,94.76189755150482
695,-33.03333333333334,-59.02777777777777,89.9,1.0
696,-32.68611111111111,-61.51611111111111,89.9,874.1458787059736
697,-36.46666666666667,-63.62777777777777,89.9,1.0
698,-29.805555555555557,-64.70916666666666,89.9,196.56274253851632
699,-32.977777777777774,-68.79444444444444,89.9,1.0
700,-32.92777777777777,-62.45000000000001,89.9,1.0
701,-38.93055555555555,-68.06111111111113,89.9,71.0382200375138
702,-32.36111111111111,-62.31222222222221,89.9,1.0
703,-34.63333333333334,-58.69444444444444,89.9,11593.97347577312
704,-27.377777777777776,-55.91111111111111,89.9,1.0
705,-26.79444444444444,-60.45000000000001,89.9,397.69483434196576
706,-39.02777777777777,-64.09444444444443,89.9,1.0
707,-51.63055555555555,-69.25555555555556,89.9,83.73755182744932
708,-27.46111111111111,-58.98333333333334,89.9,15483.243334947992
709,-32.95,-60.67777777777777,89.9,1.0
710,-24.780555555555555,-65.39500000000001,89.9,26075.955339872307
711,-40.74444444444444,-64.93333333333334,89.9,1.0
712,-31.733333333333334,-61.10000000000001,89.9,2742.5309828535824
713,-30.383333333333333,-58.75000000000001,89.9,813.7767364337376
714,-28.377777777777776,-65.7,89.9,9789.72768814521
715,-31.53333333333333,-68.54444444444442,89.9,820.7721684992808
716,-30.79444444444444,-60.58333333333334,89.9,684.5207749142292
717,-32.75000000000001,-60.74444444444444,89.9,1.0
718,-33.31944444444446,-66.3261111111111,89.9,1.0
719,-26.827777777777776,-65.21277777777779,89.9,12792.543035722643
720,-33.31944444444446,-60.24222222222223,89.9,110.12500508926121
721,-33.67777777777777,-59.69444444444444,89.9,174.78276150296006
722,-24.194444444444443,-65.30000000000001,89.9,2978.6723874559025
723,-27.0,-54.46666666666667,89.9,125.5891404280104
724,-31.636111111111116,-60.72416666666666,89.9,19918.117416423185
725,-31.266666666666666,-64.46666666666667,89.9,2492.0261501008017
726,-37.32777777777777,-59.150000000000006,89.9,862.3049578536486
727,-43.26111111111111,-65.30000000000001,89.9,9752.17355442575
728,-33.56666666666668,-69.01666666666668,89.9,1.0
729,-54.79444444444443,-68.26944444444445,89.9,17.482748944768915
730,-31.883333333333336,-60.02777777777777,89.9,359.35107370045245
731,-40.8111111111111,-63.0,89.9,1.0
732,-37.25555555555556,-56.97666666666666,89.9,2884.165877926468
733,-31.877777777777776,-59.02777777777777,89.9,13957.634087758124
734,-34.677777777777784,-58.45222222222223,90.1,263.34923635019345
735,-31.31666666666667,-64.22777777777777,90.1,130.48371317549143
736,-27.46666666666667,-58.833333333333336,90.1,24935.21147313366
737,-38.03333333333334,-60.10000000000001,90.1,313.4987455179517
738,-34.44444444444444,-61.8111111111111,90.1,408.2630245230823
739,-27.611111111111107,-66.32777777777777,90.1,144.56087381591917
740,-26.83333333333333,-65.17777777777776,90.1,11003.543591379355
741,-37.638888888888886,-59.39027777777778,90.1,835.0788090643965
742,-28.52777777777777,-59.03333333333334,90.1,2992.629636796038
743,-34.62777777777777,-58.51777777777778,90.1,4872.285467810854
744,-29.911111111111108,-60.31111111111111,90.1,130.06429738488026
745,-46.43055555555556,-67.5361111111111,90.1,286.95643412298523
746,-33.11666666666667,-62.10000000000001,90.1,6472.948082873064
747,-31.480555555555554,-64.20583333333335,90.1,161.72673741046768
748,-37.19444444444444,-62.74444444444444,90.1,4053.9718206395114
749,-30.350000000000005,-66.32777777777777,90.1,17856.58002171187
750,-35.56666666666668,-58.02777777777777,90.1,886.9564584726264
751,-32.233333333333334,-58.14444444444444,90.1,2745.7553514277106
752,-33.88333333333333,-61.11666666666667,90.1,4845.146660199695
753,-31.411111111111108,-58.02777777777777,90.1,6174.591112134572
754,-38.70000000000001,-61.28333333333334,90.1,208.75968431938963
755,-26.95,-60.977777777777774,90.1,1.0
756,-31.26111111111111,-64.48333333333335,90.1,218.85160214071027
757,-30.433333333333337,-64.36111111111109,90.1,1282.981328970975
758,-36.286111111111104,-57.69583333333332,90.1,326.5769899869089
759,-41.977777777777774,-71.51666666666667,90.1,2914.194545719138
760,-27.31666666666667,-54.21666666666668,90.1,152.44835055121007
761,-31.46111111111111,-60.93333333333334,90.1,897.9848612006936
762,-31.0,-57.88333333333333,90.1,1.0
763,-33.45000000000001,-61.49444444444445,90.1,2916.606627323304
764,-34.833333333333336,-58.400000000000006,90.1,812.8384369656729
765,-26.194444444444443,-58.19444444444444,90.1,1.0
766,-26.561111111111103,-59.35,90.1,63.09799190034776
767,-32.92777777777777,-68.83333333333333,90.1,2912.090254276115
768,-34.70000000000001,-58.53333333333333,90.1,395.13031848915455
769,-31.22777777777777,-59.98333333333334,90.1,1.0
770,-26.01944444444444,-54.61527777777777,90.1,27858.16708436936
771,-34.511111111111106,-58.661111111111104,90.1,1920.3192446779187
772,-34.511111111111106,-58.74444444444444,90.1,23944.195983603862
773,-34.58333333333334,-60.977777777777774,90.1,271.2821834711573
774,-31.405555555555555,-62.6338888888889,90.1,379.851191636878
775,-32.10000000000001,-63.03333333333334,90.1,9859.841718624004
776,-37.02777777777777,-70.75000000000001,90.1,584.3537859430088
777,-34.519444444444446,-61.39166666666666,90.1,1890.0589281855239
778,-31.911111111111108,-64.98333333333335,90.1,11.08218063062315
779,-34.60555555555556,-58.50277777777778,90.1,317.95660456595493
780,-32.88333333333333,-68.82777777777775,90.1,1.0
781,-25.49444444444444,-64.9611111111111,90.1,1.0
782,-34.65,-58.61722222222222,90.1,1.0
783,-34.46666666666667,-58.93333333333334,90.1,1.0
784,-27.49444444444444,-55.14444444444444,90.1,31980.00298719564
785,-36.91111111111111,-60.28333333333334,90.1,1.0
786,-31.733333333333334,-60.53333333333333,90.1,1040.0600776485974
787,-29.727777777777774,-57.11666666666667,90.1,5901.007068336489
788,-35.81666666666668,-61.91111111111111,90.1,817.5854025331629
789,-46.8111111111111,-67.97777777777777,90.1,1.0
790,-27.377777777777776,-55.91111111111111,90.1,2130.2239243618096
791,-31.26111111111111,-64.46111111111111,90.1,865.0034688647415
792,-32.21666666666668,-65.80000000000001,90.1,2318.718735278554
793,-53.79444444444444,-67.7,90.1,3098.6798588838546
794,-53.79444444444444,-67.7,90.1,31367.380216712532
795,-32.19444444444444,-64.1,90.1,839.4847098968628
796,-27.46111111111111,-58.98333333333334,90.1,129.75674569835272
797,-32.31111111111111,-59.14444444444444,90.1,911.1041012031387
798,-24.780555555555555,-65.39500000000001,90.1,1.0
799,-33.39444444444444,-64.71666666666668,90.1,9856.939147413068
800,-41.13888888888889,-71.2786111111111,90.1,1.0
801,-34.43888888888889,-58.56666666666668,90.1,110.13107739819488
802,-28.46666666666667,-65.78444444444443,90.1,4888.216921772371
803,-32.88333333333333,-61.03333333333334,90.1,862.1932141521045
804,-31.53333333333333,-68.54444444444442,90.1,206.66256601269126
805,-40.16666666666667,-71.36111111111109,90.1,376.4602793378971
806,-35.45000000000001,-58.8111111111111,90.1,7634.866340986927
807,-26.827777777777776,-65.21277777777779,90.1,127.33583525803625
808,-24.194444444444443,-65.30000000000001,90.1,8401.691991729604
809,-33.19444444444444,-63.31111111111111,90.1,1.0
810,-31.636111111111116,-60.72416666666666,90.1,3641.2248773243937
811,-31.53333333333333,-68.48333333333335,90.1,6334.208086993367
812,-36.62777777777777,-64.29027777777777,90.1,1.0
813,-36.54166666666666,-56.70194444444444,90.1,278.99286414530593
814,-27.79444444444444,-64.25000000000001,90.1,1.0
815,-31.55555555555556,-64.0063888888889,90.1,1887.4564729688532
816,-43.26111111111111,-65.30000000000001,90.1,694.1011108407869
817,-35.2111111111111,-62.766666666666666,90.1,898.5386882454659
818,-26.350000000000005,-60.44444444444444,90.1,1.0
819,-34.59444444444444,-58.75277777777778,90.1,1.0
820,-40.8111111111111,-63.0,90.1,1.0
821,-34.833333333333336,-58.10000000000001,90.1,102.57144135501974
822,-32.44444444444444,-63.26111111111111,90.1,826.2715698704277
823,-39.10000000000001,-67.06666666666668,90.1,7866.642293091173
824,-31.583333333333336,-63.53333333333333,90.1,1113.9443950106138
825,-40.79444444444444,-71.66666666666669,90.1,291.0050443398264
826,-38.91111111111111,-70.06666666666668,90.1,20902.587635310436
827,-29.14444444444444,-59.26111111111111,90.3,1936.2096676981294
828,-37.46666666666667,-61.92777777777777,90.3,16263.690359565982
829,-33.68055555555556,-59.6638888888889,90.3,611.0930566295631
830,-30.700000000000003,-62.0,90.3,19.893305581575532
831,-28.46666666666667,-62.833333333333336,90.3,1.0
832,-28.8,-66.9611111111111,90.3,2012.6024508846604
833,-34.67777777777777,-58.39444444444444,90.3,1.0
834,-38.72222222222223,-62.24944444444445,90.3,77.31846630476463
835,-31.53611111111112,-68.41944444444447,90.3,662.524716483684
836,-32.63333333333334,-62.69444444444444,90.3,830.7387904875128
837,-32.416666666666664,-61.91111111111111,90.3,865.3207181283298
838,-31.350000000000005,-59.44444444444444,90.3,1.0
839,-34.56944444444445,-58.42305555555555,90.3,186.105624996179
840,-34.65,-60.46666666666667,90.3,881.2039168737595
841,-38.81666666666668,-68.06666666666668,90.3,29830.568032114545
842,-34.8111111111111,-58.33333333333334,90.3,2099.370754173904
843,-25.28333333333334,-57.72777777777778,90.3,14879.613291974834
844,-45.85277777777779,-67.51305555555555,90.3,2992.8520994883197
845,-31.26111111111111,-64.48333333333335,90.3,856.8429740119008
846,-39.32777777777777,-65.77777777777776,90.3,1.0
847,-39.05,-67.54444444444442,90.3,1109.0048885903743
848,-33.02777777777777,-58.51666666666667,90.3,887.118237983431
849,-32.86111111111111,-60.8111111111111,90.3,867.1240555023855
850,-26.01944444444444,-54.61527777777777,90.3,409.76522660997125
851,-41.31111111111111,-69.59444444444442,90.3,622.3488804163518
852,-32.88333333333333,-62.67777777777777,90.3,119.10919427407184
853,-27.733333333333334,-64.25000000000001,90.3,513.1489802217338
854,-34.92777777777777,-57.95,90.3,1.0
855,-29.41388888888889,-66.85749999999999,90.3,4845.458461803589
856,-42.09444444444444,-71.64444444444443,90.3,1.0
857,-26.772222222222226,-65.20000000000002,90.3,1.0
858,-35.0,-61.03333333333334,90.3,293.02627353138905
859,-34.49444444444444,-58.93333333333334,90.3,920.5157065903021
860,-38.0,-57.5611111111111,90.3,296.5249326705449
861,-32.88333333333333,-68.82777777777775,90.3,43.258041731249726
862,-25.49444444444444,-64.9611111111111,90.3,824.7670361505437
863,-34.81666666666668,-58.49444444444445,90.3,137.686622206778
864,-27.49444444444444,-55.14444444444444,90.3,16817.976934142218
865,-31.91666666666667,-63.67777777777777,90.3,14880.97137953015
866,-33.91111111111111,-60.56666666666668,90.3,435.4024815898392
867,-27.377777777777776,-55.91111111111111,90.3,110.18494909962571
868,-26.79444444444444,-60.45000000000001,90.3,2437.2882024281153
869,-27.52777777777777,-58.93333333333334,90.3,1.0
870,-34.72777777777778,-58.27777777777777,90.3,379.17627162549445
871,-39.02777777777777,-64.09444444444443,90.3,121.8912171484148
872,-33.11666666666667,-64.33333333333334,90.3,14045.603412966324
873,-51.53333333333333,-72.30000000000001,90.3,1.0
874,-27.46111111111111,-58.98333333333334,90.3,819.6454207796631
875,-32.95,-60.67777777777777,90.3,2694.964306425636
876,-24.994444444444444,-65.59444444444442,90.3,400.0531788180348
877,-36.74444444444444,-56.70000000000001,90.3,1.0
878,-31.733333333333334,-61.10000000000001,90.3,29897.94928309646
879,-41.13888888888889,-71.2786111111111,90.3,496.6350284629806
880,-36.26111111111111,-61.10000000000001,90.3,878.327732300657
881,-31.433333333333337,-62.077777777777776,90.3,1.0
882,-31.911111111111108,-61.866666666666674,90.3,396.95717735026983
883,-31.53333333333333,-68.54444444444442,90.3,276.14540668158463
884,-32.75000000000001,-60.74444444444444,90.3,1.0
885,-33.31944444444446,-66.3261111111111,90.3,1.0
886,-31.636111111111116,-60.72416666666666,90.3,5772.0189364265525
887,-32.24166666666667,-63.98166666666667,90.3,1.0
888,-54.53333333333333,-67.20000000000002,90.3,1.0
889,-38.10000000000001,-62.23333333333333,90.3,440.5756440739786
890,-27.0,-65.5111111111111,90.3,3084.2057744163003
891,-54.79444444444443,-68.26944444444445,90.3,1.0
892,-32.62777777777777,-60.16666666666667,90.3,842.5871818931616
893,-31.411111111111108,-64.51666666666667,90.3,1.0
894,-31.941666666666663,-65.18750000000003,90.3,1.0
895,-32.16666666666667,-58.400000000000006,90.3,1.0
896,-33.03333333333334,-60.63333333333334,90.3,5355.516093603716
897,-33.677777777777784,-65.46638888888887,90.3,1.0
898,-32.91111111111111,-68.79444444444444,90.3,1.0
899,-29.46666666666667,-56.81666666666668,90.3,296.9603915308766
900,-29.111111111111107,-56.53333333333333,90.5,6143.81931910971
901,-27.46666666666667,-58.833333333333336,90.5,24.480032010083097
902,-26.416666666666668,-54.62777777777777,90.5,258.4549566652003
903,-31.0,-57.88333333333333,90.5,1.0
904,-27.611111111111107,-56.69444444444444,90.5,323.55152788130874
905,-27.76666666666667,-57.28333333333334,90.5,843.3570638371044
906,-29.194444444444443,-58.07472222222224,90.5,836.9448692306306
907,-30.383333333333333,-58.75000000000001,90.5,116.13115600114529
908,-30.75277777777778,-57.98055555555556,90.5,94.01823735962418
909,-32.233333333333334,-58.14444444444444,90.5,1.0
910,-27.31666666666667,-54.21666666666668,90.5,166.967203600341
911,-37.19444444444444,-70.69444444444444,90.5,1.0
912,-24.416666666666668,-64.04444444444444,90.5,3053.0534760192877
913,-34.21666666666668,-61.37777777777777,90.5,26740.49516982273
914,-37.82500000000001,-58.22749999999999,90.5,29837.085324609685
915,-34.75000000000001,-58.400000000000006,90.5,8334.425511878384
916,-31.44166666666667,-64.19527777777778,90.5,865.5205149932367
917,-40.8111111111111,-62.98333333333334,90.5,1865.3248934774601
918,-35.05,-58.75000000000001,90.5,54.32093455216515
919,-46.43055555555556,-67.5361111111111,90.5,894.1852534208548
920,-27.22777777777777,-54.98333333333334,90.5,339.1823648243802
921,-34.31111111111111,-59.10000000000001,90.5,393.94093784523614
922,-34.16666666666667,-59.8111111111111,90.5,2966.518953238439
923,-37.866666666666674,-67.83333333333333,90.5,50.017800189605076
924,-27.22777777777777,-61.2111111111111,90.5,97.29905351443864
925,-29.16666666666667,-67.5111111111111,90.5,14946.497313403399
926,-42.39444444444444,-71.05,90.5,1.0
927,-32.03333333333334,-63.56666666666668,90.5,401.3085879786688
928,-32.49444444444445,-58.23333333333333,90.5,11946.279223947264
929,-31.411111111111108,-58.02777777777777,90.5,874.6720153030219
930,-29.827777777777776,-58.05,90.5,813.5183844640927
931,-25.083333333333336,-65.46666666666667,90.5,7.903113500084543
932,-34.5611111111111,-58.62777777777777,90.5,132.1741798334201
933,-34.89166666666667,-58.19444444444444,90.5,7009.476990708935
934,-32.19444444444444,-61.74444444444444,90.5,825.7681108035114
935,-31.46111111111111,-60.93333333333334,90.5,460.6006094168848
936,-30.95,-58.766666666666666,90.5,1.0
937,-26.194444444444443,-58.19444444444444,90.5,1.0
938,-22.611111111111107,-63.81666666666668,90.5,24971.758468103726
939,-32.92777777777777,-68.83333333333333,90.5,182.0362223562787
940,-27.611111111111107,-61.35,90.5,867.8353526769965
941,-25.95,-60.62777777777777,90.5,1.0
942,-34.58333333333334,-60.977777777777774,90.5,1441.4373243867992
943,-34.519444444444446,-61.39166666666666,90.5,16635.026337968084
944,-31.194444444444443,-60.75000000000001,90.5,841.4945825050249
945,-34.611111111111114,-58.39444444444444,90.5,1.0
946,-33.05,-68.87777777777777,90.5,847.2854943514455
947,-33.74444444444444,-62.27777777777777,90.5,3049.451482090584
948,-41.26111111111111,-68.74444444444444,90.5,225.56718649706676
949,-34.416666666666664,-58.8111111111111,90.5,9741.027609573566
950,-38.0,-57.5611111111111,90.5,911.3129283683862
951,-32.92777777777777,-62.45000000000001,90.5,9866.572453278593
952,-38.92777777777777,-61.5611111111111,90.5,887.2384735965112
953,-35.02777777777777,-59.27777777777777,90.5,1.0
954,-38.93055555555555,-68.06111111111113,90.5,86.3719915808276
955,-31.827777777777776,-60.51666666666667,90.5,1.0
956,-33.12222222222223,-63.03999999999999,90.5,10839.932226603489
957,-27.377777777777776,-55.91111111111111,90.5,2982.0944742193137
958,-37.5611111111111,-62.72777777777778,90.5,1342.8191872634966
959,-25.611111111111107,-54.56666666666668,90.5,74.95080945169104
960,-26.877777777777776,-60.21666666666668,90.5,1.0
961,-51.63055555555555,-69.25555555555556,90.5,2958.6497447127963
962,-31.266666666666666,-61.49444444444445,90.5,377.93155805378706
963,-27.46111111111111,-58.98333333333334,90.5,1.0
964,-29.500000000000004,-59.766666666666666,90.5,880.6567416678546
965,-32.95,-60.67777777777777,90.5,1.0
966,-34.67777777777777,-58.70000000000001,90.5,107.9417333694195
967,-41.13888888888889,-71.2786111111111,90.5,366.5225667845475
968,-30.377777777777776,-61.92777777777777,90.5,1.0
969,-32.75000000000001,-60.74444444444444,90.5,35896.78104150624
970,-33.31944444444446,-66.3261111111111,90.5,1.0
971,-32.62777777777779,-62.48,90.5,1.0
972,-26.827777777777776,-65.21277777777779,90.5,1.0
973,-38.63055555555555,-68.29861111111111,90.5,3088.7529752283854
974,-24.194444444444443,-65.30000000000001,90.5,267.47764704759885
975,-36.62777777777777,-64.29027777777777,90.5,831.6943547045665
976,-34.422222222222224,-58.86111111111112,90.5,1.0
977,-22.26111111111111,-64.97777777777777,90.5,1.0
978,-27.79444444444444,-64.25000000000001,90.5,315.81354561250487
979,-30.077777777777776,-58.766666666666666,90.5,4891.897215415234
980,-25.20277777777777,-58.330000000000005,90.5,9793.682520875003
981,-28.077777777777776,-67.56666666666668,90.5,1.0
982,-43.077777777777776,-71.46666666666667,90.5,772.2535965797247
983,-27.0,-65.5111111111111,90.5,11968.230342862995
984,-27.583333333333336,-60.72777777777778,90.5,198.2866718458443
985,-34.58333333333334,-58.56666666666668,90.5,4944.119119091463
986,-29.0,-68.19444444444444,90.5,1.0
987,-37.04444444444445,-70.3222222222222,90.5,16856.662993558464
988,-31.941666666666663,-65.18750000000003,90.5,2928.800330601619
989,-34.86944444444445,-58.27222222222222,90.5,17927.89833059002
990,-32.416666666666664,-63.26111111111111,90.5,1347.7759252848687
991,-33.677777777777784,-65.46638888888887,90.5,161.9465051162778
992,-32.91111111111111,-68.79444444444444,90.5,16899.327944545214
993,-32.16666666666667,-64.48333333333335,90.5,41.70384154643193
994,-34.62222222222222,-58.47333333333334,90.7,115.79845767386055
995,-33.12222222222223,-64.34805555555553,90.7,1865.1039829298102
996,-38.35,-68.79444444444444,90.7,3034.5223603261184
997,-22.727777777777774,-65.7,90.7,16213.750807079694
998,-38.977777777777774,-67.83333333333333,90.7,1.0
999,-33.077777777777776,-60.62777777777777,90.7,4342.880844131407
1000,-33.150000000000006,-60.51666666666667,90.7,2534.604072854225
1001,-38.72222222222223,-62.24944444444445,90.7,1.0
1002,-33.8111111111111,-59.51666666666667,90.7,197.17790611905633
1003,-35.92777777777777,-61.53333333333333,90.7,51.12662150935238
1004,-34.76111111111111,-58.2063888888889,90.7,79.5637190270048
1005,-33.39444444444444,-61.19444444444444,90.7,35318.84075410488
1006,-35.16666666666667,-58.23333333333333,90.7,905.6661465108336
1007,-34.58055555555556,-58.4675,90.7,1930.1582939825598
1008,-34.66944444444445,-58.48,90.7,31810.762108328243
1009,-31.31666666666667,-64.22777777777777,90.7,182.3551424546502
1010,-32.05,-61.61111111111112,90.7,4753.297941580857
1011,-34.19444444444444,-58.92777777777777,90.7,288.94657076326644
1012,-30.850000000000005,-64.51666666666667,90.7,8399.987581918795
1013,-32.81666666666668,-60.72777777777778,90.7,1.0
1014,-33.31111111111111,-62.05,90.7,19855.88687208212
1015,-31.04444444444444,-64.09444444444443,90.7,1.0
1016,-31.411111111111108,-58.02777777777777,90.7,108.00751230721076
1017,-37.977777777777774,-61.37777777777777,90.7,2957.112952851042
1018,-25.408333333333328,-60.44722222222222,90.7,206.8394999120267
1019,-35.416666666666664,-64.30000000000001,90.7,872.6146604397748
1020,-28.91666666666667,-67.51666666666667,90.7,312.8352371624298
1021,-36.05,-60.02777777777777,90.7,2801.067813707054
1022,-32.74444444444444,-63.766666666666666,90.7,1.0
1023,-34.93333333333334,-58.95,90.7,1.0
1024,-39.05,-67.54444444444442,90.7,73.59352057101724
1025,-33.02777777777777,-58.51666666666667,90.7,378.2385686927317
1026,-31.52777777777777,-59.86111111111111,90.7,1.0
1027,-34.87777777777778,-58.55555555555556,90.7,149.2162727650776
1028,-46.5611111111111,-68.9611111111111,90.7,216.05125923048632
1029,-34.866666666666674,-61.53333333333333,90.7,1.0
1030,-38.150000000000006,-58.79444444444444,90.7,848.8017348859807
1031,-35.19444444444444,-59.10000000000001,90.7,9788.520954156334
1032,-38.838888888888896,-70.20000000000002,90.7,1.0
1033,-34.56666666666668,-59.10000000000001,90.7,862.6671324024012
1034,-36.727777777777774,-56.681666666666665,90.7,1069.2420115658535
1035,-32.88333333333333,-68.82777777777775,90.7,252.79844358174591
1036,-32.35,-65.04444444444444,90.7,1866.2192309647673
1037,-32.92777777777777,-62.45000000000001,90.7,232.33374901185863
1038,-30.26111111111111,-57.63333333333334,90.7,440.0171806587794
1039,-34.46666666666667,-58.93333333333334,90.7,1.0
1040,-38.93055555555555,-68.06111111111113,90.7,1609.0619055837262
1041,-36.91111111111111,-60.28333333333334,90.7,967.7068967242911
1042,-36.91111111111111,-60.28333333333334,90.7,1.0
1043,-26.04444444444444,-59.92777777777777,90.7,169.11456628846184
1044,-31.733333333333334,-60.53333333333333,90.7,33790.58434609337
1045,-34.6638888888889,-58.382777777777775,90.7,256.13316790941417
1046,-40.05,-70.09444444444443,90.7,434.5338857139922
1047,-31.59444444444444,-64.29805555555554,90.7,11204.742602264572
1048,-42.766666666666666,-65.05,90.7,1928.5605206161422
1049,-42.56666666666668,-64.27777777777777,90.7,847.6188235324125
1050,-38.88333333333333,-62.09444444444444,90.7,4315.468411392236
1051,-53.79444444444444,-67.7,90.7,8324.070429500352
1052,-34.63333333333334,-58.56666666666668,90.7,342.12849723461346
1053,-35.51666666666667,-58.31111111111111,90.7,379.86753680410175
1054,-27.46111111111111,-58.98333333333334,90.7,195.44407676648615
1055,-31.561111111111103,-68.65,90.7,26877.789097975954
1056,-32.95,-60.67777777777777,90.7,1851.057142398066
1057,-32.93888888888888,-60.64055555555554,90.7,1.0
1058,-35.63333333333334,-59.79444444444444,90.7,8303.4046728076
1059,-24.780555555555555,-65.39500000000001,90.7,390.9722543243445
1060,-40.74444444444444,-64.93333333333334,90.7,1.0
1061,-41.14444444444445,-71.34722222222221,90.7,816.6835260308696
1062,-31.433333333333337,-62.077777777777776,90.7,247.63560553704977
1063,-31.53333333333333,-68.54444444444442,90.7,9719.014861931897
1064,-33.077777777777776,-68.46666666666667,90.7,1.0
1065,-26.827777777777776,-65.21277777777779,90.7,4931.575018823855
1066,-33.31944444444446,-60.24222222222223,90.7,824.305684418192
1067,-24.23333333333333,-64.87777777777777,90.7,1.0
1068,-34.611111111111114,-68.33333333333334,90.7,29882.239754787995
1069,-28.57777777777778,-58.72777777777778,90.7,456.2680686072487
1070,-37.833333333333336,-57.51111111111111,90.7,61.7441100997415
1071,-31.636111111111116,-60.72416666666666,90.7,368.2536837050329
1072,-36.62777777777777,-64.29027777777777,90.7,7864.2495034222375
1073,-28.263888888888893,-58.11888888888888,90.7,80.10392656192269
1074,-27.57777777777778,-67.61666666666667,90.7,1.0
1075,-30.16111111111111,-63.58333333333334,90.7,1.0
1076,-43.26111111111111,-65.30000000000001,90.7,70.88397606472745
1077,-33.56666666666668,-69.01666666666668,90.7,3818.5011156579476
1078,-54.79444444444443,-68.26944444444445,90.7,372.77479441950595
1079,-33.75000000000001,-61.977777777777774,90.7,1.0
1080,-34.53333333333333,-58.5611111111111,90.7,1.0
1081,-26.186111111111117,-59.37777777777777,90.7,116.5753917298842
1082,-37.25555555555556,-56.97666666666666,90.7,16926.01686530876
1083,-32.44444444444444,-63.26111111111111,90.7,131.8062102819155
1084,-28.46666666666667,-59.37777777777777,90.7,39859.69912316996
1085,-34.511111111111106,-58.69444444444444,90.7,400.4859710680531
1086,-40.79444444444444,-71.66666666666669,90.7,1.0
1087,-22.09722222222222,-65.45555555555558,90.7,9824.384719853615
1088,-26.944444444444443,-55.077777777777776,90.9,349.81607840818555
1089,-26.236111111111107,-54.602777777777774,90.9,1899.2858899080734
1090,-27.46666666666667,-58.833333333333336,90.9,35343.4804407832
1091,-29.827777777777776,-58.05,90.9,1.0
1092,-27.31666666666667,-54.21666666666668,90.9,1.0
1093,-27.611111111111107,-56.69444444444444,90.9,1940.8822532777103
1094,-27.611111111111107,-55.32777777777777,90.9,49.89560582800773
1095,-29.727777777777774,-57.11666666666667,90.9,1.0
1096,-28.077777777777776,-55.67777777777777,90.9,1.0
1097,-25.677777777777774,-54.05,90.9,1.0
1098,-30.077777777777776,-58.766666666666666,90.9,3410.9454815393033
1099,-36.76111111111111,-59.87222222222222,90.9,1.0
1100,-29.111111111111107,-56.53333333333333,90.9,364.8188854128293
1101,-25.64444444444444,-66.19444444444444,90.9,870.4015140300129
1102,-35.63333333333334,-64.33333333333334,90.9,274.2478999020525
1103,-34.05,-60.11666666666667,90.9,1.0
1104,-31.416666666666668,-63.05,90.9,3845.8226777637105
1105,-34.67777777777777,-58.39444444444444,90.9,1.0
1106,-37.82500000000001,-58.22749999999999,90.9,2990.9394416135983
1107,-31.64444444444444,-69.46666666666667,90.9,9835.645438580515
1108,-32.63333333333334,-62.69444444444444,90.9,284.9240074372662
1109,-34.76111111111111,-58.2063888888889,90.9,699.147544291174
1110,-34.72777777777778,-58.31111111111111,90.9,383.68691915494037
1111,-35.11666666666667,-60.51111111111111,90.9,200.1146598252152
1112,-34.56388888888889,-58.44361111111111,90.9,9805.053821111542
1113,-34.81666666666668,-58.400000000000006,90.9,9838.918020198354
1114,-31.31666666666667,-64.22777777777777,90.9,121.1412609255011
1115,-46.43055555555556,-67.5361111111111,90.9,879.172530003173
1116,-36.10000000000001,-57.79444444444444,90.9,15693.232617675072
1117,-34.65,-60.46666666666667,90.9,24943.90565378044
1118,-35.56666666666668,-58.02777777777777,90.9,448.82047734420564
1119,-25.111111111111107,-65.5611111111111,90.9,332.46301037688556
1120,-32.233333333333334,-58.14444444444444,90.9,45.79766355050662
1121,-32.49444444444445,-58.23333333333333,90.9,24889.343008633427
1122,-36.286111111111104,-57.69583333333332,90.9,1.0
1123,-51.68055555555556,-72.09027777777776,90.9,845.4764409527676
1124,-42.92777777777777,-71.32777777777777,90.9,50.844947162391314
1125,-26.194444444444443,-58.19444444444444,90.9,46.208643279868376
1126,-25.15833333333333,-61.84027777777777,90.9,223.42549999652084
1127,-43.28333333333334,-65.48333333333335,90.9,49281.020609145904
1128,-24.677777777777774,-65.05,90.9,1.0
1129,-37.27777777777777,-57.75000000000001,90.9,844.2451076991736
1130,-34.57500000000001,-58.53722222222221,90.9,1.0
1131,-44.077777777777776,-70.59444444444442,90.9,1.0
1132,-37.67777777777777,-63.53333333333333,90.9,300.916379368737
1133,-30.0,-61.86111111111111,90.9,451.8781602931011
1134,-23.04722222222222,-65.38055555555553,90.9,19.746876981870255
1135,-34.70000000000001,-58.58333333333334,90.9,95.22765056168606
1136,-34.511111111111106,-58.74444444444444,90.9,1.0
1137,-25.95,-60.62777777777777,90.9,77.90050234190615
1138,-34.92777777777777,-57.95,90.9,26812.43038315767
1139,-33.31111111111111,-68.04444444444444,90.9,19813.528407744605
1140,-34.766666666666666,-58.400000000000006,90.9,119.75373883155561
1141,-28.050000000000004,-65.46666666666667,90.9,836.8940791604178
1142,-46.5611111111111,-71.61666666666667,90.9,11062.833288443719
1143,-38.0,-57.5611111111111,90.9,1.0
1144,-37.75000000000001,-57.41666666666666,90.9,4867.742458124982
1145,-32.88333333333333,-68.82777777777775,90.9,19865.6044734793
1146,-36.86111111111111,-63.70000000000001,90.9,1.0
1147,-34.46666666666667,-58.93333333333334,90.9,1.0
1148,-38.93055555555555,-68.06111111111113,90.9,24921.43772074324
1149,-32.36111111111111,-62.31222222222221,90.9,750.9238704127097
1150,-32.400000000000006,-59.8111111111111,90.9,1.0
1151,-26.52777777777777,-61.16666666666667,90.9,18.227948067619252
1152,-39.93333333333334,-71.09444444444443,90.9,325.60952580039657
1153,-39.24722222222224,-70.92777777777778,90.9,1667.320666442371
1154,-31.733333333333334,-60.53333333333333,90.9,2352.9052517874834
1155,-23.31666666666667,-64.22777777777777,90.9,42378.54173111035
1156,-37.094444444444456,-56.86722222222223,90.9,57.33860495796625
1157,-38.88333333333333,-62.09444444444444,90.9,768.5472663725459
1158,-26.877777777777776,-60.21666666666668,90.9,671.5055226372743
1159,-43.00555555555556,-71.49027777777779,90.9,224.42637726627166
1160,-34.833333333333336,-67.77777777777776,90.9,1.0
1161,-37.388888888888886,-68.925,90.9,32395.61934215797
1162,-30.22777777777777,-69.14444444444443,90.9,7402.699480585895
1163,-32.95,-60.67777777777777,90.9,427.1755685848757
1164,-24.994444444444444,-65.59444444444442,90.9,867.8662953453031
1165,-31.194444444444443,-65.1,90.9,1.0
1166,-41.13888888888889,-71.2786111111111,90.9,811.0131791235623
1167,-36.26111111111111,-61.10000000000001,90.9,1818.248617622054
1168,-28.46666666666667,-65.78444444444443,90.9,461.4659864453894
1169,-31.433333333333337,-62.077777777777776,90.9,39950.88534016193
1170,-34.46666666666667,-58.53333333333333,90.9,875.6077831264055
1171,-26.827777777777776,-65.21277777777779,90.9,173.143097463485
1172,-31.277777777777786,-64.49305555555554,90.9,3211.780735855871
1173,-34.611111111111114,-68.33333333333334,90.9,1.0
1174,-23.14444444444444,-64.33333333333334,90.9,193.17345155916234
1175,-24.194444444444443,-65.30000000000001,90.9,137.62245065773612
1176,-31.76666666666667,-61.32777777777777,90.9,282.4671747988418
1177,-36.62777777777777,-64.29027777777777,90.9,3832.201700178498
1178,-27.79444444444444,-64.25000000000001,90.9,398.33202684995456
1179,-37.32777777777777,-59.150000000000006,90.9,4056.2714142561526
1180,-22.53333333333333,-63.81666666666668,90.9,842.282143469452
1181,-54.53333333333333,-67.20000000000002,90.9,130.39028406826674
1182,-38.39444444444444,-60.28333333333334,90.9,4864.891512142241
1183,-29.46666666666667,-60.21666666666668,90.9,1.0
1184,-40.8111111111111,-63.0,90.9,1.0
1185,-27.583333333333336,-60.72777777777778,90.9,439.74348486300744
1186,-34.691666666666656,-58.44444444444444,90.9,22.43919363986886
1187,-33.677777777777784,-65.46638888888887,90.9,1.0
1188,-34.10000000000001,-59.03333333333334,90.9,910.9443901957397
1189,-34.62777777777777,-58.37972222222222,91.1,453.16897050421716
1190,-29.14444444444444,-59.26111111111111,91.1,315.081520809435
1191,-27.46666666666667,-55.75000000000001,91.1,27444.269753449553
1192,-29.194444444444443,-58.07472222222224,91.1,837.2241994203251
1193,-25.97777777777777,-54.56666666666668,91.1,8310.33841177863
1194,-27.0,-54.833333333333336,91.1,1.0
1195,-27.49444444444444,-55.14444444444444,91.1,835.3187919413767
1196,-32.608333333333334,-61.15972222222221,91.1,8377.156263429844
1197,-34.32222222222222,-62.03638888888888,91.1,848.6090725373194
1198,-34.98333333333334,-58.10000000000001,91.1,1931.461947002423
1199,-22.727777777777774,-65.7,91.1,174.72553867463265
1200,-33.62777777777777,-64.04444444444444,91.1,1.0
1201,-22.497222222222227,-62.40694444444444,91.1,344.53632157607683
1202,-35.03333333333334,-60.27638888888889,91.1,207.910749438118
1203,-27.116666666666667,-54.92777777777777,91.1,8363.648208195504
1204,-34.35,-58.81666666666668,91.1,1.0
1205,-34.58055555555556,-58.4675,91.1,26896.751298718995
1206,-31.31666666666667,-64.22777777777777,91.1,24876.779397858234
1207,-29.911111111111108,-60.31111111111111,91.1,5.137889694706548
1208,-32.077777777777776,-65.82777777777775,91.1,139.2391332531182
1209,-33.611111111111114,-61.32777777777777,91.1,9847.357985639988
1210,-33.05,-61.16666666666667,91.1,26828.577742102574
1211,-33.49444444444445,-62.35,91.1,310.1367896588767
1212,-27.22777777777777,-61.2111111111111,91.1,101.1702141195299
1213,-39.27777777777777,-65.69444444444444,91.1,595.357264585213
1214,-38.93333333333334,-67.98333333333335,91.1,1496.5244554952126
1215,-31.04444444444444,-64.09444444444443,91.1,38.96515718326601
1216,-28.65,-65.87777777777778,91.1,2412.2065589577305
1217,-45.85277777777779,-67.51305555555555,91.1,1.0
1218,-27.994444444444444,-55.51666666666667,91.1,1.0
1219,-37.46666666666667,-61.92777777777777,91.1,195.79428658681582
1220,-32.03333333333334,-60.32777777777777,91.1,147.25777729417487
1221,-38.93333333333334,-69.23333333333333,91.1,94.14917871363343
1222,-43.31111111111111,-65.71499999999999,91.1,412.27863779946256
1223,-41.977777777777774,-71.51666666666667,91.1,100.82535135002514
1224,-34.83055555555555,-58.49166666666667,91.1,1.0
1225,-42.05,-71.17777777777776,91.1,86.08119054785197
1226,-23.22777777777777,-64.1,91.1,31012.880927620048
1227,-30.0,-59.51666666666667,91.1,233.24212983684146
1228,-34.833333333333336,-58.400000000000006,91.1,313.1665391636335
1229,-26.194444444444443,-58.19444444444444,91.1,842.3357727726018
1230,-32.79444444444444,-60.74444444444444,91.1,35331.53233473001
1231,-36.5611111111111,-62.58333333333334,91.1,1.0
1232,-27.49444444444444,-55.833333333333336,91.1,1419.7550482136485
1233,-35.67777777777777,-63.74444444444444,91.1,1923.6347737641981
1234,-39.05,-67.54444444444442,91.1,871.7665636374489
1235,-28.077777777777776,-56.03333333333334,91.1,1.0
1236,-28.23333333333333,-61.53333333333333,91.1,1353.5519964101727
1237,-33.02777777777777,-58.51666666666667,91.1,1.0
1238,-25.22777777777777,-59.86111111111111,91.1,861.074738382768
1239,-25.083333333333336,-64.19444444444444,91.1,2629.2834295051343
1240,-34.58333333333334,-60.977777777777774,91.1,1.0
1241,-31.405555555555555,-62.6338888888889,91.1,5965.5551251207835
1242,-29.41388888888889,-66.85749999999999,91.1,1.0
1243,-35.19444444444444,-59.10000000000001,91.1,6138.506985760522
1244,-30.91666666666667,-64.5111111111111,91.1,349.76246018037415
1245,-34.56666666666668,-59.10000000000001,91.1,1.0
1246,-37.150000000000006,-63.65,91.1,1.0
1247,-32.88333333333333,-68.82777777777775,91.1,21079.079312273967
1248,-34.67777777777777,-58.75000000000001,91.1,1.0
1249,-32.35,-65.04444444444444,91.1,1.0
1250,-38.26388888888889,-57.85944444444444,91.1,138.8995160555146
1251,-33.20277777777779,-62.61111111111112,91.1,884.1113103757228
1252,-34.65,-58.61722222222222,91.1,811.9827637798477
1253,-38.55833333333332,-58.74472222222222,91.1,1.0
1254,-38.93055555555555,-68.06111111111113,91.1,60.240285407486105
1255,-32.400000000000006,-59.8111111111111,91.1,1.0
1256,-34.63333333333334,-58.69444444444444,91.1,1.0
1257,-22.083333333333336,-66.12777777777775,91.1,233.31567949958563
1258,-39.49444444444445,-62.69444444444444,91.1,1877.534355779683
1259,-25.611111111111107,-54.56666666666668,91.1,1.0
1260,-42.56666666666668,-64.27777777777777,91.1,166.79053645191237
1261,-34.72777777777778,-58.27777777777777,91.1,202.64218737756616
1262,-33.11666666666667,-64.33333333333334,91.1,31788.79979241478
1263,-51.63055555555555,-69.25555555555556,91.1,21938.20993414315
1264,-53.79444444444444,-67.7,91.1,4550.126815976996
1265,-35.03333333333334,-64.25000000000001,91.1,1.0
1266,-27.46111111111111,-58.98333333333334,91.1,1.0
1267,-31.677777777777774,-63.077777777777776,91.1,95.81276432064864
1268,-24.780555555555555,-65.39500000000001,91.1,30.221353783566137
1269,-31.433333333333337,-62.077777777777776,91.1,442.64184624328504
1270,-31.911111111111108,-61.866666666666674,91.1,3780.0235306065156
1271,-26.116666666666667,-63.70527777777778,91.1,7878.679842056789
1272,-31.53333333333333,-68.54444444444442,91.1,6169.427164263044
1273,-33.31944444444446,-66.3261111111111,91.1,156.4318079344123
1274,-40.16666666666667,-71.36111111111109,91.1,1490.1947959290712
1275,-26.827777777777776,-65.21277777777779,91.1,90.4853783370342
1276,-33.31944444444446,-60.24222222222223,91.1,1.0
1277,-24.194444444444443,-65.30000000000001,91.1,1868.0229394631672
1278,-27.0,-54.46666666666667,91.1,1.0
1279,-31.636111111111116,-60.72416666666666,91.1,229.65849981660156
1280,-26.733333333333334,-65.27777777777777,91.1,112.14220355650687
1281,-37.32777777777777,-59.150000000000006,91.1,1691.5684414602426
1282,-27.49444444444444,-64.87777777777777,91.1,3047.9781345485926
1283,-29.23333333333333,-61.766666666666666,91.1,79.04564815102876
1284,-43.26111111111111,-65.30000000000001,91.1,4871.558585355441
1285,-33.37777777777777,-69.14444444444443,91.1,65.72322362245596
1286,-54.79444444444443,-68.26944444444445,91.1,317.0048467667269
1287,-33.75000000000001,-61.977777777777774,91.1,2062.5535207928756
1288,-31.411111111111108,-64.51666666666667,91.1,1667.9062939848807
1289,-31.941666666666663,-65.18750000000003,91.1,39650.270482338994
1290,-34.833333333333336,-58.10000000000001,91.1,1.0
1291,-37.25555555555556,-56.97666666666666,91.1,1004.6754272828766
1292,-32.416666666666664,-63.26111111111111,91.1,874.0207589202158
1293,-32.11666666666667,-64.75000000000001,91.1,12488.164833663071
1294,-23.64444444444444,-64.46666666666667,91.1,1.0
1295,-30.700000000000003,-62.0,91.2,2931.025757405963
1296,-32.95,-60.67777777777777,91.3,834.4220379192479
1297,-26.416666666666668,-54.62777777777777,91.3,40.52459159621972
1298,-34.611111111111114,-58.39444444444444,91.3,378.4957351712255
1299,-30.64444444444444,-57.977777777777774,91.3,118.12420571445752
1300,-29.727777777777774,-57.11666666666667,91.3,844.982884418351
1301,-26.8,-55.02777777777777,91.3,9813.253657516641
1302,-37.37777777777777,-63.766666666666666,91.3,835.4129964008672
1303,-32.79444444444444,-61.61111111111112,91.3,895.0955386811005
1304,-31.416666666666668,-63.05,91.3,505.98618421766366
1305,-34.66944444444445,-58.445833333333326,91.3,1.0
1306,-31.31666666666667,-64.22777777777777,91.3,1.0
1307,-34.19444444444444,-58.92777777777777,91.3,414.27887841070196
1308,-35.39444444444444,-62.41666666666666,91.3,87.0835060309392
1309,-24.911111111111108,-65.48333333333335,91.3,1.0
1310,-34.58333333333334,-58.45416666666668,91.3,438.9896372314189
1311,-27.22777777777777,-61.2111111111111,91.3,103.54302718128386
1312,-35.56666666666668,-58.02777777777777,91.3,18.850547231274618
1313,-34.91111111111111,-60.03333333333334,91.3,357.21038370738637
1314,-25.28333333333334,-57.72777777777778,91.3,1.0
1315,-26.944444444444443,-59.53333333333333,91.3,15761.135660677866
1316,-32.49444444444445,-58.23333333333333,91.3,8373.078937260943
1317,-37.977777777777774,-61.37777777777777,91.3,1891.3766717721874
1318,-29.827777777777776,-58.05,91.3,1.0
1319,-34.35,-58.70000000000001,91.3,3525.401819807821
1320,-24.383333333333333,-65.27777777777777,91.3,4856.715109366102
1321,-24.850000000000005,-61.05,91.3,3069.977553754681
1322,-27.31666666666667,-54.21666666666668,91.3,1.0
1323,-31.46111111111111,-60.93333333333334,91.3,906.7471540314773
1324,-31.0,-57.88333333333333,91.3,5389.017881427594
1325,-26.194444444444443,-58.19444444444444,91.3,843.1087625718925
1326,-33.511111111111106,-65.80000000000001,91.3,909.137057311291
1327,-24.677777777777774,-65.05,91.3,345.63812029117713
1328,-37.27777777777777,-61.28333333333334,91.3,622.8830679197235
1329,-39.05,-67.54444444444442,91.3,1.0
1330,-26.561111111111103,-59.35,91.3,902.0188869538183
1331,-33.150000000000006,-59.33333333333334,91.3,1.0
1332,-34.63333333333334,-58.61111111111112,91.3,290.09700711145035
1333,-34.511111111111106,-63.93333333333334,91.3,64.07175834475473
1334,-34.58333333333334,-60.977777777777774,91.3,812.582161907543
1335,-30.877777777777776,-62.98333333333334,91.3,1.0
1336,-30.76111111111111,-59.65,91.3,1606.833269853406
1337,-34.92777777777777,-57.95,91.3,4085.179460425523
1338,-32.65,-62.31111111111111,91.3,1.0
1339,-34.86111111111111,-58.400000000000006,91.3,1.0
1340,-46.5611111111111,-71.61666666666667,91.3,1.0
1341,-38.0,-57.5611111111111,91.3,9712.460157208967
1342,-32.88333333333333,-68.82777777777775,91.3,617.4263924720675
1343,-38.93055555555555,-68.06111111111113,91.3,363.88265156917527
1344,-27.377777777777776,-55.91111111111111,91.3,1.0
1345,-51.53333333333333,-72.30000000000001,91.3,912.1477279294486
1346,-34.72777777777778,-58.62777777777777,91.3,8377.449582476316
1347,-31.266666666666666,-61.49444444444445,91.3,4938.537324764659
1348,-36.766666666666666,-59.10000000000001,91.3,889.6761665370013
1349,-29.16111111111111,-59.65,91.3,1.0
1350,-34.31111111111111,-60.26111111111111,91.3,1.0
1351,-35.31111111111111,-59.16666666666667,91.3,1.0
1352,-34.45000000000001,-59.45000000000001,91.3,18.027962296302988
1353,-33.766666666666666,-69.04444444444444,91.3,1.0
1354,-41.13888888888889,-71.2786111111111,91.3,21.390447992112517
1355,-30.31666666666667,-61.23333333333333,91.3,193.9754910232253
1356,-28.46666666666667,-65.78444444444443,91.3,18972.586054721658
1357,-34.46666666666667,-58.53333333333333,91.3,874.6844953797677
1358,-32.20833333333333,-58.21805555555555,91.3,5503.210989917868
1359,-31.53333333333333,-68.54444444444442,91.3,1901.9090723324973
1360,-27.500000000000004,-58.56666666666668,91.3,1.0
1361,-34.611111111111114,-68.33333333333334,91.3,2402.3116319154387
1362,-24.194444444444443,-65.30000000000001,91.3,41.091386371919384
1363,-27.79444444444444,-64.25000000000001,91.3,902.1573663004076
1364,-28.677777777777774,-59.866666666666674,91.3,128.7522194812405
1365,-26.350000000000005,-60.44444444444444,91.3,47911.98170972507
1366,-32.69444444444444,-58.91111111111111,91.3,25.97630729816573
1367,-34.511111111111106,-61.5611111111111,91.3,46.36857248276908
1368,-34.69444444444444,-58.33194444444445,91.3,16283.770408400313
1369,-32.416666666666664,-63.26111111111111,91.3,1.0
1370,-33.677777777777784,-65.46638888888887,91.3,1849.216454888071
1371,-38.91111111111111,-71.29166666666667,91.3,1972.0252646826152
1372,-28.077777777777776,-56.03333333333334,91.5,5627.414102850349
1373,-26.57777777777778,-54.79444444444444,91.5,30355.41529978087
1374,-27.49444444444444,-55.14444444444444,91.5,31463.158700336648
1375,-25.611111111111107,-54.56666666666668,91.5,1.0
1376,-27.383333333333333,-55.58333333333334,91.5,4912.866244728398
1377,-25.677777777777774,-54.05,91.5,909.0438852550416
1378,-37.25555555555556,-56.97666666666666,91.5,910.0308589095744
1379,-34.60555555555556,-58.56416666666666,91.5,1.0
1380,-33.902777777777764,-60.54472222222223,91.5,912.7512326306764
1381,-22.727777777777774,-65.7,91.5,35303.88047416955
1382,-35.03333333333334,-60.27777777777777,91.5,11896.006953320924
1383,-35.29166666666667,-61.40694444444444,91.5,299.8880918902006
1384,-27.611111111111107,-66.32777777777777,91.5,1.0
1385,-27.116666666666667,-54.92777777777777,91.5,160.30403130370397
1386,-33.150000000000006,-60.51666666666667,91.5,4931.274492056849
1387,-26.700000000000003,-60.74444444444444,91.5,1867.7677622756735
1388,-36.79444444444444,-59.86111111111111,91.5,347.75523624096815
1389,-38.72222222222223,-62.24944444444445,91.5,1.0
1390,-32.63333333333334,-62.69444444444444,91.5,270.7818910552502
1391,-35.11666666666667,-60.51111111111111,91.5,367.47575876767576
1392,-34.62777777777779,-58.383055555555565,91.5,15855.670676625132
1393,-31.31666666666667,-64.22777777777777,91.5,904.0489433008939
1394,-35.05,-58.75000000000001,91.5,88.93912978212315
1395,-44.79166666666666,-65.72305555555555,91.5,587.1863486036247
1396,-30.583333333333336,-65.74444444444444,91.5,1.0
1397,-29.883333333333336,-61.95,91.5,29900.673719227587
1398,-30.75277777777778,-57.98055555555556,91.5,157.00029286912923
1399,-45.85277777777779,-67.51305555555555,91.5,385.4875272290006
1400,-27.46666666666667,-58.833333333333336,91.5,149.93613627804845
1401,-32.077777777777776,-60.65,91.5,1434.3065777506356
1402,-36.286111111111104,-57.69583333333332,91.5,1001.4246770349222
1403,-42.05,-71.17777777777776,91.5,1921.08014160429
1404,-35.10000000000001,-61.51666666666667,91.5,31.98672121660168
1405,-27.050000000000004,-65.4111111111111,91.5,94.19534020572243
1406,-26.194444444444443,-58.19444444444444,91.5,1.0
1407,-44.077777777777776,-70.59444444444442,91.5,917.840813192385
1408,-37.67777777777777,-63.53333333333333,91.5,1.0
1409,-34.611111111111114,-58.63333333333334,91.5,862.5469612450769
1410,-34.477777777777774,-58.70555555555555,91.5,8402.370741545796
1411,-30.994444444444444,-64.1,91.5,9822.782584395622
1412,-34.58333333333334,-60.977777777777774,91.5,323.45458494543607
1413,-34.92777777777777,-57.95,91.5,347.67382373153856
1414,-29.41388888888889,-66.85749999999999,91.5,1.0
1415,-29.41388888888889,-66.85749999999999,91.5,1205.135930444966
1416,-33.05,-65.61666666666667,91.5,4910.520603638999
1417,-27.083333333333336,-61.09444444444444,91.5,1.2416566024781333
1418,-33.75000000000001,-59.93333333333334,91.5,257.4755407434524
1419,-33.05,-68.87777777777777,91.5,5894.344179258105
1420,-26.944444444444443,-60.05,91.5,9712.385378484596
1421,-38.0,-57.5611111111111,91.5,1.0
1422,-31.727777777777774,-65.0,91.5,817.499513610263
1423,-34.81666666666668,-58.49444444444445,91.5,1.0
1424,-34.46666666666667,-58.93333333333334,91.5,1.0
1425,-38.55833333333332,-58.74472222222222,91.5,11841.630699989983
1426,-34.233333333333334,-58.866666666666674,91.5,4907.479185882929
1427,-24.383333333333333,-65.1,91.5,2979.926520082954
1428,-34.49444444444445,-58.93333333333334,91.5,1.0
1429,-26.79444444444444,-60.45000000000001,91.5,6136.034159532284
1430,-53.79444444444444,-67.7,91.5,297.3033802580106
1431,-31.65,-68.46666666666667,91.5,130.87201572092607
1432,-27.46111111111111,-58.98333333333334,91.5,813.5846353959491
1433,-32.95,-60.67777777777777,91.5,1.0
1434,-35.63333333333334,-59.79444444444444,91.5,2959.810180979856
1435,-24.780555555555555,-65.39500000000001,91.5,847.9677787782197
1436,-25.944444444444443,-65.93333333333334,91.5,1.0
1437,-36.26111111111111,-61.10000000000001,91.5,1.0
1438,-31.433333333333337,-62.077777777777776,91.5,1.0
1439,-27.883333333333336,-55.14444444444444,91.5,1.0
1440,-31.53333333333333,-68.54444444444442,91.5,853.0961489294755
1441,-33.67777777777777,-59.69444444444444,91.5,5932.9567176322535
1442,-34.02777777777777,-62.23333333333333,91.5,1.0
1443,-31.636111111111116,-60.72416666666666,91.5,1.0
1444,-32.33333333333334,-65.20000000000002,91.5,838.7264529102208
1445,-31.95,-60.14444444444444,91.5,4903.386490384585
1446,-39.0,-68.41666666666667,91.5,108.6860553142307
1447,-43.46666666666667,-70.79444444444444,91.5,141.55016998949256
1448,-43.26111111111111,-65.30000000000001,91.5,861.2696544974714
1449,-35.977777777777774,-62.70000000000001,91.5,39.93165835334633
1450,-38.39444444444444,-60.28333333333334,91.5,1.0
1451,-54.79444444444443,-68.26944444444445,91.5,2389.9263618918094
1452,-33.75000000000001,-61.977777777777774,91.5,889.2891071015492
1453,-35.400000000000006,-57.33333333333334,91.5,846.3622716714134
1454,-28.46666666666667,-59.37777777777777,91.5,2748.7511199075466
1455,-34.57222222222222,-58.48833333333334,91.7,1316.3775155640205
1456,-29.827777777777776,-58.05,91.7,1.0
1457,-28.050000000000004,-58.23333333333333,91.7,145.79027842913393
1458,-29.727777777777774,-57.11666666666667,91.7,1.0
1459,-27.377777777777776,-55.91111111111111,91.7,1.0
1460,-34.76111111111111,-58.2063888888889,91.7,1338.2302920299758
1461,-29.14444444444444,-59.26111111111111,91.7,7887.278323180285
1462,-37.33611111111112,-59.15805555555556,91.7,24955.447597878032
1463,-34.8111111111111,-58.39444444444444,91.7,891.8681305884118
1464,-28.561111111111103,-66.82777777777775,91.7,1.0
1465,-37.82500000000001,-58.22749999999999,91.7,1.0
1466,-34.66944444444445,-58.445833333333326,91.7,4876.509356632063
1467,-34.19444444444444,-58.92777777777777,91.7,844.4503603617031
1468,-30.850000000000005,-64.51666666666667,91.7,882.2469163817381
1469,-26.944444444444443,-55.077777777777776,91.7,3829.687934947267
1470,-34.16666666666667,-59.8111111111111,91.7,1874.6255144529732
1471,-38.8111111111111,-68.14444444444443,91.7,5416.200476712517
1472,-35.56666666666668,-58.02777777777777,91.7,1.0
1473,-38.93333333333334,-67.98333333333335,91.7,2905.6304711437633
1474,-33.88333333333333,-61.11666666666667,91.7,6922.547481083355
1475,-31.411111111111108,-58.02777777777777,91.7,55.53727158153378
1476,-37.46666666666667,-61.92777777777777,91.7,903.4381047649476
1477,-26.416666666666668,-54.62777777777777,91.7,92.2235012679112
1478,-42.92777777777777,-71.32777777777777,91.7,24644.517167741415
1479,-26.194444444444443,-58.19444444444444,91.7,1.0
1480,-34.977777777777774,-67.7,91.7,845.4413182022222
1481,-36.67777777777777,-57.766666666666666,91.7,1.0
1482,-39.05,-67.54444444444442,91.7,1909.1161601238252
1483,-32.92777777777777,-68.83333333333333,91.7,1.0
1484,-33.67777777777777,-60.400000000000006,91.7,1.0
1485,-32.44444444444444,-58.63333333333334,91.7,419.1046356895971
1486,-34.511111111111106,-58.661111111111104,91.7,12463.092402455237
1487,-27.27222222222222,-58.24305555555557,91.7,1.0
1488,-27.050000000000004,-55.21666666666668,91.7,1.0
1489,-34.511111111111106,-58.74444444444444,91.7,2973.644855409347
1490,-30.877777777777776,-62.98333333333334,91.7,431.83311750555526
1491,-34.92777777777777,-57.95,91.7,11894.294558262756
1492,-25.222222222222225,-58.12083333333334,91.7,1.0
1493,-34.56666666666668,-59.10000000000001,91.7,908.6785841703613
1494,-38.0,-57.5611111111111,91.7,1.0
1495,-34.65,-59.44444444444444,91.7,1.0
1496,-34.67777777777777,-58.75000000000001,91.7,1445.1666202849974
1497,-38.26388888888889,-57.85944444444444,91.7,858.7244101365596
1498,-38.93055555555555,-68.06111111111113,91.7,2949.010403876615
1499,-30.76666666666667,-63.41666666666666,91.7,86.07206364286154
1500,-32.03333333333334,-63.56666666666668,91.7,320.9185922405218
1501,-31.733333333333334,-60.53333333333333,91.7,224.16962750007053
1502,-46.61111111111112,-70.93333333333334,91.7,35396.240379187315
1503,-37.094444444444456,-56.86722222222223,91.7,63.540136408585525
1504,-25.727777777777774,-59.10000000000001,91.7,66.90191244873769
1505,-31.59444444444444,-64.29805555555554,91.7,148.84785303930033
1506,-26.79444444444444,-60.45000000000001,91.7,830.9085069158399
1507,-25.611111111111107,-54.56666666666668,91.7,11.278350127439072
1508,-42.766666666666666,-65.05,91.7,12506.384700534849
1509,-49.31111111111111,-67.71666666666668,91.7,28.769738143974664
1510,-51.63055555555555,-69.25555555555556,91.7,9848.71063731811
1511,-34.72777777777778,-58.62777777777777,91.7,1.0
1512,-29.16111111111111,-59.65,91.7,918.8474171462981
1513,-27.46111111111111,-58.98333333333334,91.7,10083.151542878993
1514,-32.95,-60.67777777777777,91.7,1.0
1515,-24.780555555555555,-65.39500000000001,91.7,28198.741111855477
1516,-36.74444444444444,-56.70000000000001,91.7,332.6022982767748
1517,-41.13888888888889,-71.2786111111111,91.7,19827.8582803182
1518,-36.377777777777766,-56.755277777777785,91.7,1352.3690674707316
1519,-28.46666666666667,-65.78444444444443,91.7,75.76308444873058
1520,-32.20833333333333,-58.21805555555555,91.7,1.0
1521,-33.31944444444446,-66.3261111111111,91.7,78.57495981625502
1522,-35.45000000000001,-58.8111111111111,91.7,1.0
1523,-26.827777777777776,-65.21277777777779,91.7,1.0
1524,-24.194444444444443,-65.30000000000001,91.7,1.0
1525,-31.636111111111116,-60.72416666666666,91.7,261.38301991133704
1526,-27.827777777777776,-61.150000000000006,91.7,4101.613555988983
1527,-27.79444444444444,-64.25000000000001,91.7,1.0
1528,-28.561111111111103,-56.05,91.7,1.0
1529,-22.53333333333333,-63.81666666666668,91.7,906.2891347476256
1530,-27.0,-65.5111111111111,91.7,1.0
1531,-33.37777777777777,-69.14444444444443,91.7,1.0
1532,-31.46666666666667,-68.7,91.7,1.0
1533,-36.21666666666668,-65.46111111111111,91.7,14916.620042220586
1534,-40.8111111111111,-63.0,91.7,4911.37744231813
1535,-34.86944444444445,-58.27222222222222,91.7,148.1324832425476
1536,-33.03333333333334,-60.63333333333334,91.7,918.1379908123022
1537,-32.416666666666664,-63.26111111111111,91.7,744.0692448656372
1538,-31.31666666666667,-64.22777777777777,91.9,1359.2588880127773
1539,-34.608333333333334,-58.52916666666668,91.9,1436.1932092059562
1540,-34.63055555555555,-58.45944444444445,91.9,892.2380757396832
1541,-27.700000000000003,-55.400000000000006,91.9,29.314008217283824
1542,-27.31666666666667,-54.21666666666668,91.9,1.0
1543,-26.01666666666667,-54.65,91.9,338.98548192062486
1544,-36.79444444444444,-59.86111111111111,91.9,9823.519995352453
1545,-38.72222222222223,-62.24944444444445,91.9,835.5968457961947
1546,-34.56111111111112,-58.45666666666666,91.9,5074.012495550997
1547,-34.63055555555555,-58.41999999999999,91.9,40911.569953122904
1548,-30.850000000000005,-64.51666666666667,91.9,1.0
1549,-36.61111111111112,-61.75000000000001,91.9,1610.7331176099638
1550,-34.91111111111111,-60.03333333333334,91.9,1295.15082783675
1551,-43.31111111111111,-65.1,91.9,34824.50735948251
1552,-38.93333333333334,-67.98333333333335,91.9,36887.179682693146
1553,-36.150000000000006,-63.833333333333336,91.9,1483.6181710234005
1554,-27.30277777777778,-54.2111111111111,91.9,1.0
1555,-45.85277777777779,-67.51305555555555,91.9,4400.196615531133
1556,-37.977777777777774,-61.37777777777777,91.9,1.0
1557,-27.46666666666667,-58.833333333333336,91.9,3823.653194537056
1558,-33.31111111111111,-66.27777777777777,91.9,11255.697867824554
1559,-28.65,-65.15000000000002,91.9,190.68495684345297
1560,-34.62777777777777,-58.95,91.9,894.0560488968604
1561,-33.02777777777777,-58.51666666666667,91.9,278.50807465240797
1562,-36.31111111111111,-61.72777777777778,91.9,296.6396598153576
1563,-26.49444444444444,-58.31111111111111,91.9,87.26100792961567
1564,-34.611111111111114,-58.63333333333334,91.9,2992.362673418192
1565,-34.70000000000001,-58.58333333333334,91.9,16868.636788880165
1566,-39.93333333333334,-71.09444444444443,91.9,17587.982853335576
1567,-27.733333333333334,-64.25000000000001,91.9,1.0
1568,-22.111111111111107,-65.61666666666667,91.9,9687.331882495268
1569,-29.41388888888889,-66.85749999999999,91.9,2457.8678796343097
1570,-26.944444444444443,-60.05,91.9,11.952014432278181
1571,-32.70000000000001,-62.10000000000001,91.9,1.0
1572,-32.88333333333333,-68.82777777777775,91.9,31.795661950048114
1573,-27.49444444444444,-55.14444444444444,91.9,11915.950795118131
1574,-36.91111111111111,-60.28333333333334,91.9,896.4879876943147
1575,-31.683333333333334,-63.91111111111111,91.9,1943.1882668513547
1576,-38.977777777777774,-68.23333333333333,91.9,17.60010881986843
1577,-27.377777777777776,-55.91111111111111,91.9,1936.7610064717617
1578,-47.75000000000001,-65.90000000000002,91.9,1.0
1579,-34.72777777777778,-58.27777777777777,91.9,179.57375629232655
1580,-33.11666666666667,-64.33333333333334,91.9,890.3441944028513
1581,-29.266666666666666,-65.06666666666668,91.9,1.0
1582,-34.72222222222223,-58.41666666666666,91.9,4917.575514263824
1583,-27.46111111111111,-58.98333333333334,91.9,1.0
1584,-33.19444444444444,-68.46666666666667,91.9,914.7534303355385
1585,-35.416666666666664,-59.33333333333334,91.9,223.7635599128244
1586,-32.95,-60.67777777777777,91.9,860.9800244785857
1587,-36.75000000000001,-62.93333333333334,91.9,1.0
1588,-24.780555555555555,-65.39500000000001,91.9,1.0
1589,-34.31111111111111,-60.26111111111111,91.9,11026.162638296862
1590,-27.28333333333334,-60.70000000000001,91.9,33.932854587177886
1591,-30.26111111111111,-68.75000000000001,91.9,4904.119899222295
1592,-31.53333333333333,-68.54444444444442,91.9,49357.9510936465
1593,-34.611111111111114,-68.33333333333334,91.9,1.0
1594,-28.57777777777778,-58.72777777777778,91.9,28.095854907366153
1595,-37.833333333333336,-57.51111111111111,91.9,1025.2164223917634
1596,-31.636111111111116,-60.72416666666666,91.9,25446.70792198997
1597,-27.52777777777777,-54.74444444444444,91.9,12559.895652414507
1598,-36.62777777777777,-64.29027777777777,91.9,436.42850550497394
1599,-27.827777777777776,-61.150000000000006,91.9,4088.0423432828443
1600,-32.70000000000001,-63.45000000000001,91.9,1.0
1601,-34.44444444444444,-58.61111111111112,91.9,32389.829008642977
1602,-54.53333333333333,-67.20000000000002,91.9,24983.197000320888
1603,-34.46666666666667,-58.766666666666666,91.9,1.0
1604,-43.26111111111111,-65.30000000000001,91.9,72.9308302621492
1605,-31.883333333333336,-60.02777777777777,91.9,1.0
1606,-31.883333333333336,-60.02777777777777,91.9,36.66542505915414
1607,-31.411111111111108,-64.51666666666667,91.9,4889.06800208903
1608,-31.411111111111108,-64.51666666666667,91.9,184.00261968925253
1609,-33.233333333333334,-60.33333333333334,91.9,1.0
1610,-37.25555555555556,-56.97666666666666,91.9,130.6211596447463
1611,-33.677777777777784,-65.46638888888887,91.9,35268.46141250528
1612,-33.74444444444444,-58.67777777777777,91.9,893.1460489906432
1613,-31.583333333333336,-63.53333333333333,91.9,245.24893021630035
1614,-30.702777777777776,-64.06805555555553,91.9,1.0
1615,-36.26111111111111,-64.23333333333333,91.9,37869.41828058328
1616,-34.10000000000001,-59.03333333333334,91.9,4908.860536021408
1617,-38.91111111111111,-70.06666666666668,91.9,49.44047958133788
1618,-34.56666666666668,-58.44805555555556,92.1,1.0
1619,-29.827777777777776,-58.05,92.1,1.0
1620,-26.57777777777778,-54.79444444444444,92.1,1.0
1621,-29.727777777777774,-57.11666666666667,92.1,846.3743048232641
1622,-25.611111111111107,-54.56666666666668,92.1,15882.464338855423
1623,-32.37777777777777,-61.33333333333334,92.1,423.9375943769425
1624,-33.75277777777778,-61.969444444444456,92.1,6112.994213081731
1625,-33.677777777777784,-65.46638888888887,92.1,315.95881582950517
1626,-33.53333333333333,-61.11666666666667,92.1,1895.0905481966558
1627,-34.05,-60.11666666666667,92.1,2329.855605967971
1628,-27.49444444444444,-58.93333333333334,92.1,1.0
1629,-28.500000000000004,-59.05,92.1,158.7103845903594
1630,-26.26111111111111,-53.62777777777777,92.1,900.4307942472567
1631,-35.11666666666667,-60.51111111111111,92.1,1.0
1632,-35.63333333333334,-61.37777777777777,92.1,159.18980904040686
1633,-38.70000000000001,-61.28333333333334,92.1,687.0512835919958
1634,-27.46666666666667,-58.833333333333336,92.1,44348.35494941145
1635,-26.311111111111117,-59.37777777777777,92.1,378.6966795349915
1636,-26.311111111111117,-59.37777777777777,92.1,4889.476405282215
1637,-34.70000000000001,-58.58333333333334,92.1,283.0861011372477
1638,-25.95,-60.62777777777777,92.1,4125.1655169416
1639,-24.97777777777777,-65.48333333333335,92.1,860.3787819468984
1640,-34.92777777777777,-57.95,92.1,9800.740300393787
1641,-35.0,-61.03333333333334,92.1,232.83568590871135
1642,-38.0,-57.5611111111111,92.1,868.8788913055463
1643,-37.33333333333334,-57.03333333333334,92.1,893.4664521999566
1644,-32.88333333333333,-68.82777777777775,92.1,248.1557492892693
1645,-34.67777777777777,-58.75000000000001,92.1,1.0
1646,-32.400000000000006,-59.8111111111111,92.1,1.0
1647,-34.51666666666667,-58.51111111111111,92.1,1.0
1648,-31.733333333333334,-60.53333333333333,92.1,9674.584026967457
1649,-31.194444444444443,-59.93333333333334,92.1,1.0
1650,-37.62777777777777,-62.41666666666666,92.1,1.0
1651,-34.49444444444445,-58.93333333333334,92.1,2404.3701035552795
1652,-38.92777777777777,-69.15000000000002,92.1,99.88621335189315
1653,-26.79444444444444,-60.45000000000001,92.1,442.88402667812215
1654,-42.766666666666666,-65.05,92.1,1.0
1655,-34.72777777777778,-58.27777777777777,92.1,24904.305378513018
1656,-27.64444444444444,-62.41666666666666,92.1,6975.522936117426
1657,-34.8111111111111,-58.37777777777777,92.1,8315.598647483335
1658,-43.31111111111111,-65.1,92.1,226.09554489186908
1659,-32.95,-60.67777777777777,92.1,2993.7376214368624
1660,-41.13888888888889,-71.2786111111111,92.1,1.0
1661,-36.26111111111111,-61.10000000000001,92.1,1.0
1662,-31.53333333333333,-68.54444444444442,92.1,1.0
1663,-30.79444444444444,-60.58333333333334,92.1,851.9518722731628
1664,-33.31944444444446,-60.24222222222223,92.1,338.57663046778157
1665,-24.194444444444443,-65.30000000000001,92.1,496.69738760341846
1666,-27.0,-54.46666666666667,92.1,1.0
1667,-31.636111111111116,-60.72416666666666,92.1,260.7718622657893
1668,-36.54166666666666,-56.70194444444444,92.1,1931.6701451203558
1669,-27.79444444444444,-64.25000000000001,92.1,308.36366885011006
1670,-34.45000000000001,-63.5611111111111,92.1,2336.0576368591605
1671,-37.32777777777777,-59.150000000000006,92.1,1.0
1672,-28.077777777777776,-67.56666666666668,92.1,4877.686552756034
1673,-35.977777777777774,-62.70000000000001,92.1,853.7012135424159
1674,-38.39444444444444,-60.28333333333334,92.1,1.0
1675,-54.79444444444443,-68.26944444444445,92.1,1.0
1676,-31.083333333333336,-64.5111111111111,92.1,891.5653521229048
1677,-32.62777777777777,-60.16666666666667,92.1,4945.630944233975
1678,-40.8111111111111,-63.0,92.1,243.98066653273165
1679,-31.65,-68.59444444444442,92.1,19.102896194787682
1680,-31.411111111111108,-64.51666666666667,92.1,8362.934559666293
1681,-31.941666666666663,-65.18750000000003,92.1,1164.7174554525873
1682,-37.25555555555556,-56.97666666666666,92.1,321.18936726580375
1683,-34.833333333333336,-64.59444444444442,92.1,405.92416062547835
1684,-30.850000000000005,-64.98333333333335,92.1,1.0
1685,-31.427777777777784,-64.18805555555555,92.3,890.3913165987915
1686,-34.62777777777779,-58.44027777777778,92.3,155.0517166652853
1687,-27.49444444444444,-55.14444444444444,92.3,42904.90617799947
1688,-38.72222222222223,-62.24944444444445,92.3,390.20548527551057
1689,-32.81666666666668,-61.400000000000006,92.3,401.82049534546906
1690,-30.850000000000005,-64.51666666666667,92.3,832.1111051964242
1691,-35.39444444444444,-62.41666666666666,92.3,12817.109600863309
1692,-33.05,-61.16666666666667,92.3,4655.271065350744
1693,-38.8111111111111,-68.14444444444443,92.3,328.43166176569696
1694,-26.883333333333336,-65.23333333333333,92.3,1934.1041455642328
1695,-37.39444444444444,-70.27777777777777,92.3,851.6016808157648
1696,-32.233333333333334,-58.14444444444444,92.3,415.0230242063228
1697,-23.377777777777776,-64.5111111111111,92.3,1.0
1698,-45.61111111111112,-69.09444444444443,92.3,357.11025832466623
1699,-45.85277777777779,-67.51305555555555,92.3,2.764673156842393
1700,-32.49444444444445,-58.23333333333333,92.3,12463.777468054815
1701,-41.977777777777774,-71.51666666666667,92.3,120.5354868001065
1702,-31.163888888888884,-62.10083333333333,92.3,19920.98371146606
1703,-34.62777777777777,-58.95,92.3,668.6799795542078
1704,-32.92777777777777,-68.83333333333333,92.3,894.925300042669
1705,-34.67777777777777,-58.67777777777777,92.3,810.203649108503
1706,-34.58333333333334,-60.977777777777774,92.3,1.0
1707,-34.92777777777777,-57.95,92.3,180.3131273702843
1708,-29.41388888888889,-66.85749999999999,92.3,1.0
1709,-34.65,-58.53333333333333,92.3,886.7113609328064
1710,-34.511111111111106,-58.69444444444444,92.3,318.30800867384335
1711,-34.56666666666668,-59.10000000000001,92.3,3802.1788582755717
1712,-35.46666666666667,-69.59444444444442,92.3,1.0
1713,-34.46666666666667,-64.20000000000002,92.3,1.0
1714,-32.88333333333333,-68.82777777777775,92.3,225.44248862253835
1715,-33.20277777777779,-62.61111111111112,92.3,15667.131820336044
1716,-27.377777777777776,-55.91111111111111,92.3,1902.18025557372
1717,-26.79444444444444,-60.45000000000001,92.3,251.8206458418029
1718,-34.72777777777778,-58.27777777777777,92.3,487.27314607891697
1719,-51.63055555555555,-69.25555555555556,92.3,1.0
1720,-53.79444444444444,-67.7,92.3,35882.67885875354
1721,-27.46111111111111,-58.98333333333334,92.3,1103.3186893297209
1722,-32.91111111111111,-60.92777777777777,92.3,54.58045638847184
1723,-32.95,-60.67777777777777,92.3,851.1932903278679
1724,-25.8,-64.97777777777777,92.3,1.0
1725,-35.63333333333334,-59.79444444444444,92.3,26077.295742221708
1726,-28.46666666666667,-65.78444444444443,92.3,1.0
1727,-38.16666666666667,-59.02777777777777,92.3,910.6888890323958
1728,-31.53333333333333,-68.54444444444442,92.3,2.2880490353944754
1729,-34.51666666666667,-58.79444444444444,92.3,1929.715637285588
1730,-33.67777777777777,-59.69444444444444,92.3,3644.5085824541125
1731,-24.23333333333333,-64.87777777777777,92.3,1275.3604238733358
1732,-23.14444444444444,-64.33333333333334,92.3,878.6272243204606
1733,-41.61111111111112,-65.37777777777777,92.3,9831.299109847518
1734,-37.32777777777777,-59.150000000000006,92.3,1.0
1735,-22.53333333333333,-63.81666666666668,92.3,114.15210591886813
1736,-43.26111111111111,-65.30000000000001,92.3,5.996353044417335
1737,-33.11666666666667,-64.33333333333334,92.5,39855.05292727698
1738,-31.647222222222226,-60.71222222222222,92.5,200.38261823268576
1739,-34.65,-58.49805555555555,92.5,2343.1014275441535
1740,-29.827777777777776,-58.05,92.5,1460.500733432558
1741,-28.077777777777776,-56.03333333333334,92.5,1.0
1742,-34.63055555555555,-68.37027777777777,92.5,1.0
1743,-26.61666666666667,-54.10000000000001,92.5,49.188192212595105
1744,-27.325000000000003,-61.285,92.5,233.27510229181183
1745,-26.49444444444444,-54.72777777777778,92.5,1.0
1746,-30.944444444444443,-67.38333333333335,92.5,1.0
1747,-37.150000000000006,-58.49444444444445,92.5,9736.340221846713
1748,-36.79444444444444,-59.86111111111111,92.5,25866.813539818588
1749,-37.82500000000001,-58.22749999999999,92.5,129.65213416265655
1750,-34.75000000000001,-58.400000000000006,92.5,125.12084750278915
1751,-34.35,-58.81666666666668,92.5,1.0
1752,-27.04444444444444,-65.30000000000001,92.5,1407.5490205636945
1753,-34.76111111111111,-58.2063888888889,92.5,4927.430164889102
1754,-34.58333333333334,-58.58333333333334,92.5,1.0
1755,-35.11666666666667,-60.51111111111111,92.5,1.0
1756,-35.58333333333334,-64.5611111111111,92.5,3897.8939148943477
1757,-33.11666666666667,-62.10000000000001,92.5,880.3400250717449
1758,-24.83333333333333,-65.0,92.5,1.0
1759,-34.31111111111111,-59.10000000000001,92.5,886.3221427385243
1760,-31.877777777777776,-63.14444444444444,92.5,85.35887246447554
1761,-37.866666666666674,-67.83333333333333,92.5,169.81721804750777
1762,-31.65,-68.28333333333333,92.5,3098.4596748303406
1763,-37.86111111111111,-70.98333333333335,92.5,4868.760242683777
1764,-33.261111111111106,-61.37777777777777,92.5,216.60387004115375
1765,-33.0,-68.87777777777777,92.5,19848.304185336463
1766,-35.56666666666668,-58.02777777777777,92.5,225.63549416566605
1767,-39.27777777777777,-65.69444444444444,92.5,3191.7810446007416
1768,-25.28333333333334,-57.72777777777778,92.5,397.72955598689407
1769,-37.77222222222223,-67.71666666666668,92.5,9857.641553609059
1770,-45.85277777777779,-67.51305555555555,92.5,10419.37417575132
1771,-37.977777777777774,-61.37777777777777,92.5,1.0
1772,-30.733333333333334,-64.80000000000001,92.5,16873.48658893096
1773,-25.050000000000004,-60.10000000000001,92.5,4927.814210051231
1774,-34.833333333333336,-58.51666666666667,92.5,3907.604951045856
1775,-26.194444444444443,-58.19444444444444,92.5,1.0
1776,-28.772222222222226,-60.74861111111112,92.5,4845.235229987897
1777,-33.39444444444444,-61.86111111111111,92.5,6844.985973068016
1778,-32.03333333333334,-61.21666666666668,92.5,59.48416601730828
1779,-37.0,-57.150000000000006,92.5,19920.927739121853
1780,-35.67777777777777,-63.74444444444444,92.5,1.0
1781,-39.05,-67.54444444444442,92.5,1.0
1782,-33.02777777777777,-58.51666666666667,92.5,751.9863779466535
1783,-36.31111111111111,-61.72777777777778,92.5,841.6162264214983
1784,-30.0,-61.86111111111111,92.5,907.9348550755217
1785,-35.233333333333334,-63.58333333333334,92.5,1.0
1786,-34.92777777777777,-57.95,92.5,24914.93929220222
1787,-22.111111111111107,-65.61666666666667,92.5,1.0
1788,-29.41388888888889,-66.85749999999999,92.5,1.0
1789,-37.02777777777777,-70.75000000000001,92.5,1.0
1790,-27.611111111111107,-55.32777777777777,92.5,833.0736437330295
1791,-23.8,-64.80000000000001,92.5,16346.920087560591
1792,-34.866666666666674,-61.53333333333333,92.5,1093.9187748634515
1793,-35.077777777777776,-57.53333333333333,92.5,4916.175553849373
1794,-38.0,-57.5611111111111,92.5,1.0
1795,-34.67777777777777,-58.75000000000001,92.5,809.3190394350394
1796,-34.53333333333333,-58.5611111111111,92.5,348.20198923801513
1797,-38.93055555555555,-68.06111111111113,92.5,428.4688757197489
1798,-27.31666666666667,-58.58333333333334,92.5,1.0
1799,-33.91111111111111,-60.56666666666668,92.5,1457.0711571392176
1800,-24.383333333333333,-65.1,92.5,437.1310471769891
1801,-32.14444444444444,-61.98333333333334,92.5,3032.0974466617936
1802,-27.377777777777776,-55.91111111111111,92.5,400.60855268365066
1803,-42.766666666666666,-65.05,92.5,1.0
1804,-38.88333333333333,-62.09444444444444,92.5,910.9055947370882
1805,-45.92499999999999,-67.56027777777776,92.5,1.0
1806,-31.65,-68.46666666666667,92.5,9241.81291892091
1807,-27.46111111111111,-58.98333333333334,92.5,877.3046105611915
1808,-35.49444444444445,-62.977777777777774,92.5,1.0
1809,-34.19722222222222,-60.74444444444444,92.5,24948.692363799157
1810,-32.91111111111111,-60.92777777777777,92.5,501.13718236985676
1811,-32.95,-60.67777777777777,92.5,1.0
1812,-24.780555555555555,-65.39500000000001,92.5,890.4202644435505
1813,-31.194444444444443,-65.1,92.5,12.425211487430852
1814,-41.13888888888889,-71.2786111111111,92.5,4839.468200863607
1815,-33.31944444444446,-66.3261111111111,92.5,4896.616915388214
1816,-40.16666666666667,-71.36111111111109,92.5,33756.36230314027
1817,-34.611111111111114,-68.33333333333334,92.5,434.3793321419867
1818,-30.95,-59.8111111111111,92.5,337.53467814742254
1819,-36.62777777777777,-64.29027777777777,92.5,2940.9845765555688
1820,-27.79444444444444,-64.25000000000001,92.5,1.0
1821,-37.32777777777777,-59.150000000000006,92.5,814.0045461802429
1822,-27.49444444444444,-64.87777777777777,92.5,813.3658979230452
1823,-26.350000000000005,-60.44444444444444,92.5,1.0
1824,-33.37777777777777,-69.14444444444443,92.5,249.58571866526233
1825,-33.37777777777777,-69.14444444444443,92.5,7397.814618560048
1826,-54.79444444444443,-68.26944444444445,92.5,7789.75653225314
1827,-28.49444444444444,-59.62777777777777,92.5,1.0
1828,-33.677777777777784,-65.46638888888887,92.5,1.0
1829,-40.79444444444444,-71.66666666666669,92.5,24.85583488999829
1830,-28.74166666666667,-68.17999999999999,92.5,9687.56813173036
1831,-29.727777777777774,-57.11666666666667,92.7,1.0
1832,-34.602777777777774,-58.388333333333335,92.7,1939.108393565213
1833,-27.377777777777776,-58.51666666666667,92.7,1.0
1834,-28.561111111111103,-56.05,92.7,886.8871166698409
1835,-25.97777777777777,-54.56666666666668,92.7,151.0947655506162
1836,-27.57777777777778,-54.67777777777777,92.7,3888.6431464596285
1837,-30.64444444444444,-57.977777777777774,92.7,1.0
1838,-34.602777777777774,-60.961666666666666,92.7,902.2472307489527
1839,-33.077777777777776,-60.62777777777777,92.7,1.0
1840,-36.81666666666668,-62.21666666666668,92.7,1914.670151297506
1841,-31.31666666666667,-64.22777777777777,92.7,9676.099477041862
1842,-38.93333333333334,-67.98333333333335,92.7,1.0
1843,-27.34444444444444,-65.59444444444442,92.7,8356.824078307249
1844,-27.46666666666667,-58.833333333333336,92.7,858.6198366170108
1845,-25.383333333333333,-64.64444444444443,92.7,1.0
1846,-26.850000000000005,-65.28333333333333,92.7,272.3212443737885
1847,-33.14444444444444,-59.23333333333333,92.7,1.0
1848,-42.92777777777777,-71.32777777777777,92.7,1863.3278465903766
1849,-27.91666666666667,-63.91111111111111,92.7,2972.999528656712
1850,-23.944444444444443,-64.79444444444444,92.7,1.0
1851,-34.977777777777774,-67.7,92.7,443.0778656850903
1852,-37.27777777777777,-61.28333333333334,92.7,4883.685332480665
1853,-37.27777777777777,-61.28333333333334,92.7,16868.429753577795
1854,-33.02777777777777,-58.51666666666667,92.7,458.10668731207994
1855,-34.833333333333336,-64.38333333333335,92.7,19892.759988642738
1856,-25.22777777777777,-59.86111111111111,92.7,702.9445142290031
1857,-35.233333333333334,-63.58333333333334,92.7,207.48343805458052
1858,-27.733333333333334,-64.25000000000001,92.7,6428.91063484509
1859,-40.80555555555555,-65.08611111111111,92.7,416.27711110111727
1860,-32.05,-63.2111111111111,92.7,373.337295313546
1861,-38.0,-57.5611111111111,92.7,410.8379406708877
1862,-32.88333333333333,-68.82777777777775,92.7,6244.85205361699
1863,-38.95,-68.05583333333333,92.7,4992.928177950366
1864,-31.733333333333334,-60.53333333333333,92.7,221.2828583736028
1865,-24.194444444444443,-65.30305555555556,92.7,117.4190555437743
1866,-37.62777777777777,-62.41666666666666,92.7,414.12874245317056
1867,-36.58333333333334,-63.10000000000001,92.7,838.7285881167236
1868,-29.16111111111111,-59.65,92.7,1.0
1869,-27.46111111111111,-58.98333333333334,92.7,4054.5502578757123
1870,-32.95,-60.67777777777777,92.7,403.0368937142466
1871,-24.780555555555555,-65.39500000000001,92.7,118.52201627080046
1872,-24.194444444444443,-66.36111111111109,92.7,1.0
1873,-31.79444444444444,-60.44444444444444,92.7,1.0
1874,-28.46666666666667,-65.78444444444443,92.7,19878.56769331378
1875,-31.53333333333333,-68.54444444444442,92.7,80.3612187843462
1876,-30.79444444444444,-60.58333333333334,92.7,1.0
1877,-33.31944444444446,-66.3261111111111,92.7,350.46265163103556
1878,-26.827777777777776,-65.21277777777779,92.7,82.9635038397954
1879,-33.31944444444446,-60.24222222222223,92.7,1.0
1880,-33.67777777777777,-59.69444444444444,92.7,103.98208331789208
1881,-23.14444444444444,-64.33333333333334,92.7,811.3206434328703
1882,-23.14444444444444,-64.33333333333334,92.7,818.5912245484777
1883,-27.52777777777777,-54.74444444444444,92.7,151.82193217083915
1884,-27.79444444444444,-64.25000000000001,92.7,319.3274474099877
1885,-37.32777777777777,-59.150000000000006,92.7,25801.65935310445
1886,-43.26111111111111,-65.30000000000001,92.7,182.57212120970948
1887,-35.977777777777774,-62.70000000000001,92.7,19.00653602182507
1888,-54.79444444444443,-68.26944444444445,92.7,1.0
1889,-33.75000000000001,-61.977777777777774,92.7,344.2135672869074
1890,-29.46666666666667,-60.21666666666668,92.7,2976.8704780131284
1891,-31.411111111111108,-64.51666666666667,92.7,1.0
1892,-31.941666666666663,-65.18750000000003,92.7,1897.8387818579592
1893,-39.10000000000001,-67.06666666666668,92.7,1.0
1894,-34.10000000000001,-59.03333333333334,92.7,251.8428947260441
1895,-28.500000000000004,-59.05,92.9,3524.1121828208447
1896,-31.31666666666667,-64.22777777777777,92.9,125.45524090925865
1897,-32.49444444444445,-58.23333333333333,92.9,830.0890766281734
1898,-27.46666666666667,-58.833333333333336,92.9,1.0
1899,-31.0,-57.88333333333333,92.9,2765.4297955676
1900,-28.077777777777776,-56.03333333333334,92.9,1.0
1901,-27.377777777777776,-55.91111111111111,92.9,7135.518876548239
1902,-30.26111111111111,-57.63333333333334,92.9,1.0
1903,-32.41111111111111,-63.24416666666667,92.9,9683.688802604798
1904,-31.677777777777774,-64.43333333333335,92.9,145.86156352967475
1905,-32.233333333333334,-60.98333333333334,92.9,1949.4705460303894
1906,-31.28333333333334,-61.40833333333334,92.9,98.85106832568863
1907,-34.58055555555556,-58.4675,92.9,9901.23671021987
1908,-34.58333333333334,-58.38055555555556,92.9,1.0
1909,-34.66944444444445,-58.445833333333326,92.9,1.0
1910,-30.75277777777778,-57.98055555555556,92.9,416.3736936062419
1911,-35.56666666666668,-58.02777777777777,92.9,1.0
1912,-29.16666666666667,-67.5111111111111,92.9,1.0
1913,-38.93333333333334,-67.98333333333335,92.9,19597.964485989432
1914,-32.233333333333334,-58.14444444444444,92.9,31793.31632592006
1915,-45.85277777777779,-67.51305555555555,92.9,180.9611438647949
1916,-29.827777777777776,-58.05,92.9,14902.003769203015
1917,-32.19444444444444,-61.74444444444444,92.9,812.0053205367979
1918,-34.833333333333336,-58.400000000000006,92.9,34.08005636029092
1919,-26.194444444444443,-58.19444444444444,92.9,1871.2373518599343
1920,-39.05,-67.54444444444442,92.9,921.0840307825785
1921,-35.03333333333334,-63.02777777777777,92.9,39901.94603555916
1922,-29.14444444444444,-59.26111111111111,92.9,27.934258944310464
1923,-34.611111111111114,-58.63333333333334,92.9,1240.0925799577353
1924,-34.67777777777777,-58.67777777777777,92.9,1.0
1925,-34.79444444444444,-58.39444444444444,92.9,1.0
1926,-34.92777777777777,-57.95,92.9,1.0
1927,-32.86111111111111,-68.82777777777775,92.9,49371.92344089108
1928,-34.866666666666674,-61.53333333333333,92.9,4779.231624340715
1929,-35.19444444444444,-59.10000000000001,92.9,3871.3095451682884
1930,-34.766666666666666,-58.400000000000006,92.9,450.38290730315555
1931,-34.72777777777778,-58.33333333333334,92.9,73.77374519525704
1932,-27.16666666666667,-65.5111111111111,92.9,1.0
1933,-31.733333333333334,-60.53333333333333,92.9,53.62579361916295
1934,-26.79444444444444,-60.45000000000001,92.9,180.53499926458414
1935,-26.8,-55.02777777777777,92.9,2957.8126939688
1936,-34.72777777777778,-58.27777777777777,92.9,805.913416837689
1937,-51.63055555555555,-69.25555555555556,92.9,1.0
1938,-34.611111111111114,-60.077777777777776,92.9,1.0
1939,-27.46111111111111,-58.98333333333334,92.9,1.0
1940,-32.95,-60.67777777777777,92.9,231.77990561110994
1941,-35.63333333333334,-59.79444444444444,92.9,16822.956255943645
1942,-24.780555555555555,-65.39500000000001,92.9,900.5267230776332
1943,-34.45000000000001,-59.45000000000001,92.9,4752.444395410921
1944,-41.13888888888889,-71.2786111111111,92.9,362.07707489329704
1945,-28.46666666666667,-65.77916666666667,92.9,159.37602313395615
1946,-31.53333333333333,-68.54444444444442,92.9,1.0
1947,-33.31944444444446,-66.3261111111111,92.9,9699.868786805733
1948,-26.827777777777776,-65.21277777777779,92.9,3843.1211230426325
1949,-24.194444444444443,-65.30000000000001,92.9,1.0
1950,-31.636111111111116,-60.72416666666666,92.9,455.5455942623579
1951,-33.866666666666674,-59.866666666666674,92.9,404.85396031969424
1952,-27.79444444444444,-64.25000000000001,92.9,888.7552120431935
1953,-41.61111111111112,-65.37777777777777,92.9,19834.56706987108
1954,-22.53333333333333,-63.81666666666668,92.9,845.4208538880727
1955,-40.8111111111111,-63.0,92.9,807.5997905602819
1956,-34.833333333333336,-58.10000000000001,92.9,1.0
1957,-32.07222222222223,-60.46250000000001,92.9,1.0
1958,-31.97777777777777,-68.41666666666667,92.9,1.0
1959,-33.677777777777784,-65.46638888888887,92.9,1.0
1960,-38.91111111111111,-70.06666666666668,92.9,2880.886972343604
1961,-25.28333333333334,-57.72777777777778,93.1,1951.9648069003358
1962,-31.733333333333334,-60.53333333333333,93.1,1.0
1963,-31.411111111111108,-58.02777777777777,93.1,5603.810677031746
1964,-27.49444444444444,-55.14444444444444,93.1,1.0
1965,-26.53333333333333,-53.93333333333334,93.1,75.22473191179026
1966,-28.561111111111103,-56.05,93.1,6.898775135769353
1967,-28.8,-66.9611111111111,93.1,175.11533154431086
1968,-34.655555555555566,-58.369166666666665,93.1,14.342652106584072
1969,-38.72222222222223,-62.24944444444445,93.1,408.0644725126508
1970,-27.65,-67.04444444444444,93.1,227.0335015703596
1971,-34.35,-58.81666666666668,93.1,38722.03677886372
1972,-31.31666666666667,-64.22777777777777,93.1,1.0
1973,-34.19444444444444,-58.92777777777777,93.1,1.0
1974,-37.11666666666667,-56.88333333333333,93.1,1.0
1975,-37.866666666666674,-67.83333333333333,93.1,889.4720078999139
1976,-38.81666666666668,-68.06666666666668,93.1,1.0
1977,-27.34444444444444,-58.93333333333334,93.1,5632.2312445331045
1978,-45.85277777777779,-67.51305555555555,93.1,454.88982476632145
1979,-25.266666666666666,-65.48333333333335,93.1,604.9802783872223
1980,-26.541666666666668,-53.943055555555546,93.1,828.04036310293
1981,-30.677777777777774,-64.90000000000002,93.1,1.0
1982,-23.22777777777777,-64.1,93.1,1.0
1983,-32.93333333333334,-63.26111111111111,93.1,98.3170457776223
1984,-27.91666666666667,-63.91111111111111,93.1,858.5444524281405
1985,-39.05,-67.54444444444442,93.1,1.0
1986,-32.375,-58.87638888888888,93.1,1.0
1987,-31.266666666666666,-61.05,93.1,29838.16723275576
1988,-33.02777777777777,-58.51666666666667,93.1,1.0
1989,-37.67777777777777,-63.53333333333333,93.1,4804.577844509067
1990,-26.8,-65.1,93.1,3881.690448672596
1991,-34.79444444444444,-63.766666666666666,93.1,70.03932487203258
1992,-30.97777777777777,-64.5111111111111,93.1,1.0
1993,-34.92777777777777,-57.95,93.1,1.0
1994,-29.41388888888889,-66.85749999999999,93.1,1852.0805755253766
1995,-31.87222222222222,-62.715833333333336,93.1,905.6940456667136
1996,-31.911111111111108,-64.98333333333335,93.1,3839.842971426213
1997,-32.88333333333333,-68.82777777777775,93.1,16888.610732510842
1998,-34.65,-59.44444444444444,93.1,1616.5333150599558
1999,-25.49444444444444,-64.9611111111111,93.1,1.0
2000,-38.92777777777777,-61.5611111111111,93.1,1.0
2001,-38.55833333333332,-58.74472222222222,93.1,5980.186018381477
2002,-32.36111111111111,-62.31222222222221,93.1,1.0
2003,-34.63333333333334,-58.69444444444444,93.1,1.0
2004,-33.91111111111111,-60.56666666666668,93.1,1874.6364147655852
2005,-24.383333333333333,-65.1,93.1,219.81315291322082
2006,-32.72777777777778,-60.74444444444444,93.1,14012.754881560857
2007,-53.79444444444444,-67.7,93.1,912.8161619584558
2008,-44.21666666666668,-71.36111111111109,93.1,1.0
2009,-31.677777777777774,-63.92777777777777,93.1,19858.309820224255
2010,-35.416666666666664,-59.33333333333334,93.1,19.439082113201998
2011,-32.95,-60.67777777777777,93.1,123.20629449706067
2012,-40.74444444444444,-64.93333333333334,93.1,219.419793824394
2013,-33.49444444444445,-64.32777777777777,93.1,1.0
2014,-36.74444444444444,-56.70000000000001,93.1,423.47315257645033
2015,-41.13888888888889,-71.2786111111111,93.1,1.0
2016,-30.31666666666667,-61.23333333333333,93.1,217.51160401616778
2017,-28.46666666666667,-65.78444444444443,93.1,143.17037892535024
2018,-30.583333333333336,-59.95,93.1,3281.6913044628345
2019,-31.53333333333333,-68.54444444444442,93.1,4832.87905907998
2020,-32.75000000000001,-60.74444444444444,93.1,1.0
2021,-26.827777777777776,-65.21277777777779,93.1,166.6016645450667
2022,-31.636111111111116,-60.72416666666666,93.1,176.66258047408178
2023,-33.866666666666674,-59.866666666666674,93.1,1.0
2024,-36.62777777777777,-64.29027777777777,93.1,4392.718210119109
2025,-27.79444444444444,-64.25000000000001,93.1,1889.863841033752
2026,-31.34444444444444,-64.6111111111111,93.1,1.0
2027,-22.53333333333333,-63.81666666666668,93.1,166.8541812225547
2028,-35.977777777777774,-62.70000000000001,93.1,1.0
2029,-54.79444444444443,-68.26944444444445,93.1,891.733767197378
2030,-37.25555555555556,-56.97666666666666,93.1,1.0
2031,-34.45000000000001,-58.5611111111111,93.1,37410.364836405664
2032,-26.827777777777776,-65.32777777777777,93.1,3823.516884149775
2033,-29.727777777777774,-57.11666666666667,93.3,201.63804837919423
2034,-34.92499999999999,-57.96333333333335,93.3,844.2662528213377
2035,-37.19444444444444,-62.74444444444444,93.3,11871.60589563836
2036,-34.56944444444445,-58.42305555555555,93.3,820.8735477893957
2037,-31.31666666666667,-64.22777777777777,93.3,1.0
2038,-45.85277777777779,-67.51305555555555,93.3,184.57614502369466
2039,-31.26111111111111,-64.48333333333335,93.3,6118.858765210231
2040,-38.93333333333334,-69.23333333333333,93.3,907.0388464459145
2041,-35.91111111111111,-64.30000000000001,93.3,913.2649116993645
2042,-41.977777777777774,-71.51666666666667,93.3,8360.141385762905
2043,-26.311111111111117,-59.37777777777777,93.3,9839.123770012004
2044,-26.416666666666668,-54.62777777777777,93.3,13996.359468188939
2045,-43.8111111111111,-65.75000000000001,93.3,1.0
2046,-43.28333333333334,-65.48333333333335,93.3,811.3372600184159
2047,-34.977777777777774,-67.7,93.3,2686.844757973895
2048,-34.31111111111111,-61.31111111111111,93.3,2961.474271399384
2049,-37.0,-57.150000000000006,93.3,871.184998446181
2050,-39.05,-67.54444444444442,93.3,1.0
2051,-32.92777777777777,-68.83333333333333,93.3,4259.45716445658
2052,-33.02777777777777,-58.51666666666667,93.3,1939.550108227196
2053,-34.511111111111106,-58.74444444444444,93.3,1.0
2054,-27.583333333333336,-65.61666666666667,93.3,356.85270583602204
2055,-34.58333333333334,-60.977777777777774,93.3,1.0
2056,-34.11666666666667,-63.400000000000006,93.3,123.5976027900771
2057,-40.80555555555555,-65.08611111111111,93.3,1.0
2058,-24.700000000000003,-60.61111111111112,93.3,216.56429118962632
2059,-34.766666666666666,-58.400000000000006,93.3,816.8361960747071
2060,-34.56666666666668,-59.10000000000001,93.3,883.4876335941622
2061,-32.977777777777774,-68.75000000000001,93.3,1043.7297533817507
2062,-38.0,-57.5611111111111,93.3,5620.540905159416
2063,-32.88333333333333,-68.82777777777775,93.3,1.0
2064,-32.88333333333333,-68.82777777777775,93.3,1.0
2065,-25.49444444444444,-64.9611111111111,93.3,6972.307361787977
2066,-26.24444444444444,-58.62916666666666,93.3,1.0
2067,-38.93055555555555,-68.06111111111113,93.3,30983.254097815166
2068,-35.81666666666668,-61.91111111111111,93.3,5989.002032855441
2069,-46.8111111111111,-67.97777777777777,93.3,432.3567696141682
2070,-26.79444444444444,-60.45000000000001,93.3,35269.68874080882
2071,-25.611111111111107,-54.56666666666668,93.3,1.0
2072,-51.63055555555555,-69.25555555555556,93.3,77.69889294000204
2073,-31.266666666666666,-61.49444444444445,93.3,901.3126429331461
2074,-29.16111111111111,-59.65,93.3,142.13067860515514
2075,-27.46111111111111,-58.98333333333334,93.3,15832.087201658485
2076,-32.95,-60.67777777777777,93.3,1.0
2077,-36.26111111111111,-61.10000000000001,93.3,816.391485392926
2078,-30.377777777777776,-61.92777777777777,93.3,856.0295469788499
2079,-30.26111111111111,-68.75000000000001,93.3,915.180854995187
2080,-31.53333333333333,-68.54444444444442,93.3,15.654828076543776
2081,-33.31944444444446,-66.3261111111111,93.3,163.665972185148
2082,-40.16666666666667,-71.36111111111109,93.3,6134.614571351198
2083,-26.827777777777776,-65.21277777777779,93.3,1.0
2084,-33.31944444444446,-60.24222222222223,93.3,4933.206070715165
2085,-33.67777777777777,-59.69444444444444,93.3,829.0547930745703
2086,-34.611111111111114,-68.33333333333334,93.3,2992.706365477762
2087,-31.61666666666667,-58.51111111111111,93.3,1914.4660653217554
2088,-24.194444444444443,-65.30000000000001,93.3,1.0
2089,-31.636111111111116,-60.72416666666666,93.3,834.9423168336923
2090,-36.62777777777777,-64.29027777777777,93.3,8373.388265998952
2091,-34.19444444444444,-61.53333333333333,93.3,283.20254497862436
2092,-32.416666666666664,-63.26111111111111,93.3,26820.61547751659
2093,-33.677777777777784,-65.46638888888887,93.3,331.01267540677077
2094,-33.74444444444444,-58.67777777777777,93.3,1.0
2095,-39.10000000000001,-67.06666666666668,93.3,200.4490312006427
2096,-29.311111111111117,-68.20000000000002,93.3,19912.99764483139
2097,-32.16666666666667,-64.48333333333335,93.3,99.4997251299064
2098,-38.91111111111111,-70.06666666666668,93.3,8378.897697967936
2099,-29.194444444444443,-58.07472222222224,93.5,9755.921021569615
2100,-36.61111111111112,-61.75000000000001,93.5,142.3964106681824
2101,-27.46666666666667,-58.833333333333336,93.5,1.0
2102,-38.70833333333334,-62.26416666666666,93.5,1956.6993480558415
2103,-30.26111111111111,-57.63333333333334,93.5,88.75506701663632
2104,-31.677777777777774,-64.43333333333335,93.5,3841.2507368291067
2105,-45.04166666666667,-70.82222222222224,93.5,308.2712456731517
2106,-27.116666666666667,-54.92777777777777,93.5,400.55988587679326
2107,-37.82500000000001,-58.22749999999999,93.5,3801.5810301371394
2108,-27.65,-67.04444444444444,93.5,189.98967754997048
2109,-32.63333333333334,-62.69444444444444,93.5,309.39519710499167
2110,-34.58055555555556,-58.4675,93.5,180.85929102789567
2111,-34.619444444444454,-58.445833333333326,93.5,167.76917298134285
2112,-31.31666666666667,-64.22777777777777,93.5,593.8043262785308
2113,-46.43055555555556,-67.5361111111111,93.5,4860.1213771783605
2114,-34.16666666666667,-59.8111111111111,93.5,159.52723139874354
2115,-37.866666666666674,-67.83333333333333,93.5,575.8187473210946
2116,-34.65,-60.46666666666667,93.5,1204.1178625463608
2117,-30.350000000000005,-66.32777777777777,93.5,33.68341608238174
2118,-34.91111111111111,-60.03333333333334,93.5,44.26420332281455
2119,-45.85277777777779,-67.51305555555555,93.5,16826.32773675022
2120,-31.411111111111108,-58.02777777777777,93.5,1952.7526184957217
2121,-28.21111111111111,-65.88305555555553,93.5,842.9493428229486
2122,-27.31666666666667,-54.21666666666668,93.5,910.3922199556829
2123,-33.45000000000001,-61.49444444444445,93.5,1.0
2124,-27.500000000000004,-61.70000000000001,93.5,882.0728378986718
2125,-34.766666666666666,-61.88333333333333,93.5,449.94047238019573
2126,-41.31111111111111,-69.59444444444442,93.5,812.8897945243331
2127,-35.416666666666664,-64.48333333333335,93.5,156.05946327590195
2128,-31.411111111111108,-61.98333333333334,93.5,1.0
2129,-39.93333333333334,-71.09444444444443,93.5,1.0
2130,-31.34444444444444,-64.33333333333334,93.5,19899.3792498142
2131,-31.083333333333336,-64.5111111111111,93.5,228.9440489745695
2132,-34.75000000000001,-58.58333333333334,93.5,362.7056062439512
2133,-34.92777777777777,-57.95,93.5,1.0
2134,-22.111111111111107,-65.61666666666667,93.5,1.0
2135,-24.700000000000003,-60.61111111111112,93.5,1928.2503284105862
2136,-23.8,-64.80000000000001,93.5,765.2961268191825
2137,-35.19444444444444,-59.10000000000001,93.5,448.30500847223124
2138,-34.86111111111111,-58.400000000000006,93.5,1.0
2139,-32.33333333333334,-64.27777777777777,93.5,2889.1857973921183
2140,-34.416666666666664,-58.8111111111111,93.5,1.0
2141,-36.57777777777778,-56.702500000000015,93.5,1.0
2142,-31.350000000000005,-63.95,93.5,350.54286703619533
2143,-38.55833333333332,-58.74472222222222,93.5,55.72683461087843
2144,-38.93055555555555,-68.06111111111113,93.5,4.917118216520459
2145,-34.63333333333334,-58.69444444444444,93.5,908.0185797309974
2146,-31.733333333333334,-60.53333333333333,93.5,913.5014341825295
2147,-46.61111111111112,-70.93333333333334,93.5,4923.697435833188
2148,-39.51666666666667,-69.25000000000001,93.5,248.9303295098432
2149,-37.094444444444456,-56.86722222222223,93.5,1.0
2150,-32.72777777777778,-60.74444444444444,93.5,39.21630660641764
2151,-42.766666666666666,-65.05,93.5,34831.45923640077
2152,-34.72777777777778,-58.27777777777777,93.5,861.1855846484905
2153,-32.21666666666668,-65.80000000000001,93.5,1899.539436311092
2154,-51.63055555555555,-69.25555555555556,93.5,1.0
2155,-53.79444444444444,-67.7,93.5,499.11163448621903
2156,-31.677777777777774,-63.92777777777777,93.5,1.0
2157,-36.766666666666666,-59.10000000000001,93.5,835.3415003153198
2158,-43.31111111111111,-65.1,93.5,14309.648481549693
2159,-29.266666666666666,-65.06666666666668,93.5,28208.792888208205
2160,-32.95,-60.67777777777777,93.5,807.9205028566762
2161,-34.43888888888889,-58.56666666666668,93.5,345.26067442044916
2162,-28.46666666666667,-65.78444444444443,93.5,19817.93251993775
2163,-31.53333333333333,-68.54444444444442,93.5,1279.665784391761
2164,-26.827777777777776,-65.21277777777779,93.5,1.0
2165,-33.31944444444446,-60.24222222222223,93.5,360.7550445725833
2166,-23.14444444444444,-64.33333333333334,93.5,1.0
2167,-24.194444444444443,-65.30000000000001,93.5,369.0633389669926
2168,-31.727777777777774,-61.58333333333334,93.5,338.74472887646493
2169,-31.636111111111116,-60.72416666666666,93.5,847.6902233969539
2170,-36.54166666666666,-56.70194444444444,93.5,152.13486776351016
2171,-28.561111111111103,-56.05,93.5,1.0
2172,-31.700000000000003,-62.48361111111112,93.5,438.1475373168128
2173,-30.16111111111111,-63.58333333333334,93.5,4946.695927793322
2174,-26.350000000000005,-60.44444444444444,93.5,1054.3910081273573
2175,-54.79444444444443,-68.26944444444445,93.5,124.91523024954554
2176,-40.8111111111111,-63.0,93.5,16858.6308737629
2177,-31.411111111111108,-64.51666666666667,93.5,11915.916732024458
2178,-41.04444444444445,-71.51666666666667,93.5,1.0
2179,-32.88333333333333,-68.82777777777775,93.7,1.0
2180,-28.500000000000004,-59.05,93.7,2728.965003548434
2181,-27.02777777777777,-54.68416666666666,93.7,4936.209054072324
2182,-26.57777777777778,-54.79444444444444,93.7,28148.314049551696
2183,-27.377777777777776,-55.91111111111111,93.7,9817.601981157346
2184,-27.883333333333336,-55.14444444444444,93.7,865.274411310319
2185,-27.95,-58.8111111111111,93.7,637.0500765103343
2186,-25.91666666666667,-54.62777777777777,93.7,1.0
2187,-27.57777777777778,-54.67777777777777,93.7,3.8613975453191567
2188,-27.116666666666667,-54.92777777777777,93.7,348.30745198497766
2189,-31.416666666666668,-63.05,93.7,892.0180435155349
2190,-34.611111111111114,-58.37638888888889,93.7,823.8879679808908
2191,-31.31666666666667,-64.22777777777777,93.7,2826.3826963054844
2192,-32.81666666666668,-61.400000000000006,93.7,47.201672852868406
2193,-27.34444444444444,-55.05,93.7,831.2513240332025
2194,-30.850000000000005,-64.51666666666667,93.7,1.0
2195,-36.10000000000001,-57.79444444444444,93.7,239.31294822273634
2196,-32.233333333333334,-58.14444444444444,93.7,2921.305074949701
2197,-25.34444444444444,-59.69444444444444,93.7,1692.7748040915935
2198,-38.93333333333334,-69.23333333333333,93.7,40422.84149984152
2199,-26.194444444444443,-58.19444444444444,93.7,44.746320625021646
2200,-35.03333333333334,-63.02777777777777,93.7,426.8827961264383
2201,-29.14444444444444,-59.26111111111111,93.7,112.34004551544376
2202,-33.02777777777777,-58.51666666666667,93.7,303.3906870911605
2203,-25.083333333333336,-64.19444444444444,93.7,7836.091708000011
2204,-34.58333333333334,-60.977777777777774,93.7,1454.3932511249998
2205,-25.222222222222225,-58.12083333333334,93.7,9768.469912171615
2206,-27.611111111111107,-55.32777777777777,93.7,1.0
2207,-32.70000000000001,-62.10000000000001,93.7,9614.729925544812
2208,-38.93055555555555,-68.06111111111113,93.7,1.0
2209,-34.63333333333334,-58.69444444444444,93.7,9811.165658841262
2210,-24.26111111111111,-65.20000000000002,93.7,111.74232979414283
2211,-31.683333333333334,-63.91111111111111,93.7,92.78055451455796
2212,-27.64444444444444,-62.41666666666666,93.7,455.195260880269
2213,-29.16111111111111,-59.65,93.7,17576.03617946816
2214,-27.46111111111111,-58.98333333333334,93.7,1.0
2215,-33.19444444444444,-68.46666666666667,93.7,145.42039283195362
2216,-31.561111111111103,-68.65,93.7,7816.474216627559
2217,-29.500000000000004,-59.766666666666666,93.7,210.24048704645665
2218,-32.95,-60.67777777777777,93.7,1.0
2219,-35.63333333333334,-59.79444444444444,93.7,265.7852203356308
2220,-41.13888888888889,-71.2786111111111,93.7,194.70683424869674
2221,-28.46666666666667,-65.78444444444443,93.7,12518.398432790182
2222,-31.561111111111103,-61.09444444444444,93.7,2991.203523419562
2223,-33.31944444444446,-66.3261111111111,93.7,440.9913995892166
2224,-40.16666666666667,-71.36111111111109,93.7,39870.099667526105
2225,-26.827777777777776,-65.21277777777779,93.7,359.8423857925137
2226,-33.31944444444446,-60.24222222222223,93.7,1.0
2227,-31.636111111111116,-60.72416666666666,93.7,24.304559900290066
2228,-36.62777777777777,-64.29027777777777,93.7,292.60869351100035
2229,-27.583333333333336,-60.72777777777778,93.7,1.0
2230,-33.233333333333334,-60.33333333333334,93.7,19854.165530805218
2231,-34.86944444444445,-58.27222222222222,93.7,3056.7166033579574
2232,-33.677777777777784,-65.46638888888887,93.7,32.175173151865025
2233,-33.32777777777777,-61.077777777777776,93.7,855.9705180424619
2234,-28.46666666666667,-59.37777777777777,93.7,1944.709732061389
2235,-39.10000000000001,-67.06666666666668,93.7,17916.334651588808
2236,-33.11666666666667,-64.33333333333334,93.9,9759.975713802234
2237,-29.116666666666667,-59.67777777777777,93.9,461.51731360635074
2238,-38.72222222222223,-62.24944444444445,93.9,3421.1517393803365
2239,-35.11666666666667,-60.51111111111111,93.9,828.5664995521051
2240,-34.6638888888889,-58.488888888888894,93.9,819.5392980717189
2241,-31.416666666666668,-64.15000000000002,93.9,1.0
2242,-34.39444444444444,-59.833333333333336,93.9,1.0
2243,-35.39444444444444,-62.41666666666666,93.9,631.586385468856
2244,-34.67777777777777,-58.67777777777777,93.9,32.92696678134193
2245,-31.65,-68.28333333333333,93.9,1.0
2246,-31.411111111111108,-58.02777777777777,93.9,1950.0707666405665
2247,-31.97777777777777,-60.92777777777777,93.9,1.0
2248,-31.647222222222226,-63.75833333333334,93.9,860.2468663294816
2249,-42.92777777777777,-71.32777777777777,93.9,793.783764014127
2250,-48.766666666666666,-70.25000000000001,93.9,28853.603072199523
2251,-34.49444444444445,-58.72777777777778,93.9,398.41372413515444
2252,-31.52777777777777,-59.86111111111111,93.9,1.0
2253,-35.233333333333334,-63.58333333333334,93.9,818.567889633647
2254,-34.611111111111114,-59.16666666666667,93.9,5952.098504517079
2255,-30.994444444444444,-64.1,93.9,45123.575911722495
2256,-34.92777777777777,-57.95,93.9,278.98487468460763
2257,-37.5611111111111,-66.23333333333333,93.9,100.2561637396808
2258,-23.8,-64.80000000000001,93.9,9943.036265592431
2259,-28.050000000000004,-65.46666666666667,93.9,1.0
2260,-34.958333333333336,-57.97777777777779,93.9,879.5159539684267
2261,-32.88333333333333,-68.82777777777775,93.9,224.52868001054128
2262,-34.51666666666667,-58.51111111111111,93.9,1.0
2263,-26.23333333333333,-61.86111111111111,93.9,138.10985515335082
2264,-31.733333333333334,-60.53333333333333,93.9,28.171488301421103
2265,-23.31666666666667,-64.22777777777777,93.9,1476.6660946579848
2266,-27.377777777777776,-55.91111111111111,93.9,19871.59030913315
2267,-25.611111111111107,-54.56666666666668,93.9,31.861005844204
2268,-34.72777777777778,-58.27777777777777,93.9,4870.907053581915
2269,-26.877777777777776,-60.21666666666668,93.9,1.0
2270,-51.63055555555555,-69.25555555555556,93.9,765.9789695851073
2271,-53.79444444444444,-67.7,93.9,1.0
2272,-31.677777777777774,-63.92777777777777,93.9,16835.81804228885
2273,-32.19444444444444,-64.1,93.9,3049.5103846973743
2274,-51.53333333333333,-72.30000000000001,93.9,920.1738438024454
2275,-51.53333333333333,-72.30000000000001,93.9,4921.186820706102
2276,-45.92499999999999,-67.56027777777776,93.9,910.2007356770229
2277,-34.8111111111111,-58.37777777777777,93.9,28891.131526329074
2278,-24.780555555555555,-65.39500000000001,93.9,1915.8181637547345
2279,-40.74444444444444,-64.93333333333334,93.9,14947.049259932512
2280,-41.13888888888889,-71.2786111111111,93.9,485.49428652749583
2281,-35.45000000000001,-58.8111111111111,93.9,1.0
2282,-26.827777777777776,-65.21277777777779,93.9,617.3048388273655
2283,-33.31944444444446,-60.24222222222223,93.9,1.0
2284,-37.32777777777777,-59.150000000000006,93.9,857.5854606049849
2285,-43.26111111111111,-65.30000000000001,93.9,394.90996857102755
2286,-38.39444444444444,-60.28333333333334,93.9,886.3493054074232
2287,-33.75000000000001,-61.977777777777774,93.9,1.0
2288,-31.311111111111117,-64.30000000000001,93.9,1.0
2289,-31.411111111111108,-64.51666666666667,93.9,412.9114629217157
2290,-33.233333333333334,-60.33333333333334,93.9,19895.950074224078
2291,-37.25555555555556,-56.97666666666666,93.9,191.83222753829665
2292,-28.39444444444445,-66.21805555555555,93.9,264.7810193223493
2293,-33.35,-61.45000000000001,93.9,1918.6649745329187
2294,-34.10000000000001,-59.03333333333334,93.9,868.3896478524788
2295,-38.91111111111111,-70.06666666666668,93.9,72.28031061108418
2296,-31.636111111111116,-60.72416666666666,94.1,232.53559071703495
2297,-38.00833333333333,-57.53805555555555,94.1,1.0
2298,-27.31666666666667,-54.21666666666668,94.1,26134.2486738128
2299,-27.46666666666667,-58.833333333333336,94.1,1.0
2300,-29.827777777777776,-58.05,94.1,174.41968202806885
2301,-31.53333333333333,-68.54444444444442,94.1,1.0
2302,-38.977777777777774,-67.83333333333333,94.1,1.0
2303,-28.911111111111108,-62.27777777777777,94.1,3821.8480697972855
2304,-27.877777777777776,-59.31111111111111,94.1,1.0
2305,-34.35,-58.81666666666668,94.1,1.0
2306,-34.866666666666674,-57.88333333333333,94.1,378.53294191894923
2307,-34.597222222222214,-58.44277777777776,94.1,1.0
2308,-31.31666666666667,-64.22777777777777,94.1,1.0
2309,-38.8111111111111,-68.14444444444443,94.1,4855.374396149929
2310,-33.31111111111111,-62.05,94.1,3168.8257590973817
2311,-29.16666666666667,-67.5111111111111,94.1,12492.005647197278
2312,-27.34444444444444,-65.59444444444442,94.1,7629.202974480861
2313,-32.49444444444445,-58.23333333333333,94.1,1442.1624930544315
2314,-38.93333333333334,-69.23333333333333,94.1,1.0
2315,-34.37777777777777,-64.48333333333335,94.1,3840.6574067635233
2316,-27.050000000000004,-65.4111111111111,94.1,6188.449664223144
2317,-26.194444444444443,-58.19444444444444,94.1,4438.658684065084
2318,-32.03333333333334,-61.21666666666668,94.1,447.8427194824567
2319,-22.611111111111107,-63.81666666666668,94.1,1.0
2320,-34.70000000000001,-58.53333333333333,94.1,6183.130657874089
2321,-33.02777777777777,-58.51666666666667,94.1,2070.272558402239
2322,-34.611111111111114,-58.63333333333334,94.1,35248.414661403156
2323,-23.911111111111108,-61.86111111111111,94.1,1.0
2324,-31.813888888888886,-68.32916666666668,94.1,1.0
2325,-31.083333333333336,-64.5111111111111,94.1,1.0
2326,-29.41388888888889,-66.85749999999999,94.1,3934.582087191846
2327,-32.46666666666667,-60.88333333333333,94.1,1.0
2328,-35.077777777777776,-57.53333333333333,94.1,1.0
2329,-34.60555555555556,-58.50277777777778,94.1,49159.87177886053
2330,-32.88333333333333,-68.82777777777775,94.1,1.0
2331,-32.92777777777777,-62.45000000000001,94.1,5538.056133507572
2332,-30.26111111111111,-57.63333333333334,94.1,164.84987831055338
2333,-34.72777777777778,-58.33333333333334,94.1,5965.387561654782
2334,-34.81666666666668,-58.49444444444445,94.1,821.3719211535564
2335,-30.700000000000003,-62.0,94.1,9878.966886649983
2336,-38.55833333333332,-58.74472222222222,94.1,15501.7887658081
2337,-34.63333333333334,-58.69444444444444,94.1,1.0
2338,-27.49444444444444,-55.14444444444444,94.1,1.0
2339,-37.094444444444456,-56.86722222222223,94.1,8.707534871785802
2340,-27.377777777777776,-55.91111111111111,94.1,1165.9900298514415
2341,-26.79444444444444,-60.45000000000001,94.1,9809.463941648264
2342,-37.37777777777777,-67.61666666666667,94.1,348.9739489322368
2343,-38.88333333333333,-62.09444444444444,94.1,871.4306557548028
2344,-38.88333333333333,-62.09444444444444,94.1,1.0
2345,-51.53333333333333,-72.30000000000001,94.1,4844.618890453271
2346,-35.05,-64.7,94.1,27924.47378809421
2347,-32.95,-60.67777777777777,94.1,32.58321828294946
2348,-34.24444444444444,-59.46833333333333,94.1,420.0317450945712
2349,-36.74444444444444,-56.70000000000001,94.1,1.0
2350,-41.13888888888889,-71.2786111111111,94.1,825.6902054322115
2351,-28.46666666666667,-65.78444444444443,94.1,436.2409445815594
2352,-33.31944444444446,-66.3261111111111,94.1,1.0
2353,-40.16666666666667,-71.36111111111109,94.1,306.8710310186729
2354,-24.194444444444443,-65.30000000000001,94.1,118.60943751809803
2355,-35.02499999999999,-58.422222222222224,94.1,545.0820094024364
2356,-36.62777777777777,-64.29027777777777,94.1,851.0459818042867
2357,-32.33333333333334,-65.20000000000002,94.1,1.0
2358,-54.53333333333333,-67.20000000000002,94.1,2985.691740177684
2359,-35.2111111111111,-62.766666666666666,94.1,1912.178737731697
2360,-31.23333333333333,-64.32777777777777,94.1,166.20999258740497
2361,-34.74444444444444,-58.400000000000006,94.1,1.0
2362,-34.53333333333333,-58.46666666666667,94.1,2949.634262688106
2363,-33.233333333333334,-60.33333333333334,94.1,22496.19784742426
2364,-28.23333333333333,-59.46666666666667,94.1,1.0
2365,-32.416666666666664,-63.26111111111111,94.1,104.47869783137968
2366,-33.677777777777784,-65.46638888888887,94.1,1.0
2367,-33.49444444444444,-60.05333333333333,94.1,842.7097682069336
2368,-39.10000000000001,-67.06666666666668,94.1,1.0
2369,-24.73611111111111,-65.4875,94.1,151.2820873700149
2370,-25.97777777777777,-54.56666666666668,94.1,1850.4661357834384
2371,-34.53333333333333,-58.46666666666667,94.3,826.6266216599381
2372,-38.72222222222223,-62.24944444444445,94.3,196.05292380349607
2373,-31.31666666666667,-64.22777777777777,94.3,254.97481098379512
2374,-32.81666666666668,-61.400000000000006,94.3,828.5341124535134
2375,-31.65,-68.28333333333333,94.3,1.0
2376,-31.20555555555556,-58.03361111111111,94.3,1.0
2377,-45.85277777777779,-67.51305555555555,94.3,9755.998876564536
2378,-31.411111111111108,-58.02777777777777,94.3,1.0
2379,-31.97777777777777,-60.92777777777777,94.3,1888.2257640827418
2380,-37.977777777777774,-61.37777777777777,94.3,14012.62977404951
2381,-32.03333333333334,-60.32777777777777,94.3,35.3119682380639
2382,-50.33333333333334,-72.30000000000001,94.3,172.4297554488769
2383,-32.92777777777777,-60.81666666666668,94.3,835.0462247693522
2384,-32.74444444444444,-63.766666666666666,94.3,9760.751730297576
2385,-35.67777777777777,-63.74444444444444,94.3,18245.209572491596
2386,-27.31666666666667,-61.28333333333334,94.3,2627.6435130000527
2387,-29.14444444444444,-59.26111111111111,94.3,1.0
2388,-31.22777777777777,-59.98333333333334,94.3,1161.6352693459228
2389,-27.611111111111107,-56.69444444444444,94.3,231.31678896357647
2390,-23.8,-64.80000000000001,94.3,370.88984868487773
2391,-34.866666666666674,-61.53333333333333,94.3,1.0
2392,-32.70000000000001,-62.10000000000001,94.3,1.0
2393,-32.35,-65.04444444444444,94.3,3901.298671924203
2394,-25.49444444444444,-64.9611111111111,94.3,335.1605766260287
2395,-38.93055555555555,-68.06111111111113,94.3,75.86174301018536
2396,-31.733333333333334,-60.53333333333333,94.3,192.4387152853766
2397,-37.62777777777777,-62.41666666666666,94.3,7608.659553678135
2398,-31.683333333333334,-63.91111111111111,94.3,2914.407482119136
2399,-27.377777777777776,-55.91111111111111,94.3,37.447918668318195
2400,-26.944444444444443,-58.51111111111111,94.3,1.0
2401,-32.72777777777778,-60.74444444444444,94.3,10.853563233287206
2402,-39.02777777777777,-64.09444444444443,94.3,14296.890134447302
2403,-33.11666666666667,-64.33333333333334,94.3,847.1586186761533
2404,-27.46111111111111,-58.98333333333334,94.3,673.1556224234878
2405,-24.780555555555555,-65.39500000000001,94.3,861.3146928562952
2406,-34.31111111111111,-60.26111111111111,94.3,165.82820218651244
2407,-30.31666666666667,-61.23333333333333,94.3,4853.275708256031
2408,-31.433333333333337,-62.077777777777776,94.3,563.5375809294976
2409,-31.561111111111103,-68.33333333333334,94.3,1.0
2410,-40.16666666666667,-71.36111111111109,94.3,1.0
2411,-33.31944444444446,-60.24222222222223,94.3,733.2735476293237
2412,-24.23333333333333,-64.87777777777777,94.3,16874.663748314182
2413,-24.194444444444443,-65.30000000000001,94.3,84.61852356817582
2414,-31.636111111111116,-60.72416666666666,94.3,8400.097725058456
2415,-27.79444444444444,-64.25000000000001,94.3,3016.8446688256968
2416,-37.32777777777777,-59.150000000000006,94.3,5.3745493169200795
2417,-36.67777777777777,-64.36111111111109,94.3,1.0
2418,-29.23333333333333,-61.766666666666666,94.3,1.0
2419,-43.26111111111111,-65.30000000000001,94.3,2154.2234562638023
2420,-35.977777777777774,-62.70000000000001,94.3,1.0
2421,-33.56666666666668,-69.01666666666668,94.3,173.5827027870438
2422,-54.79444444444443,-68.26944444444445,94.3,434.03230305640454
2423,-40.8111111111111,-63.0,94.3,1979.610285696834
2424,-33.03333333333334,-60.63333333333334,94.3,1.0
2425,-39.10000000000001,-67.06666666666668,94.3,225.49303643624125
2426,-30.64444444444444,-67.46666666666667,94.3,400.1650527186464
2427,-31.87222222222222,-62.725,94.5,808.1828687880541
2428,-31.49444444444444,-59.21666666666668,94.5,4898.795362783218
2429,-38.72222222222223,-62.24944444444445,94.5,1.0
2430,-34.35,-58.81666666666668,94.5,4856.205953704177
2431,-34.62499999999999,-58.484166666666674,94.5,1665.7433947473237
2432,-34.65,-58.41999999999999,94.5,822.5674598020458
2433,-37.05,-69.83333333333333,94.5,1860.1652571216937
2434,-46.43055555555556,-67.5361111111111,94.5,235.39328386277444
2435,-37.866666666666674,-67.83333333333333,94.5,1.0
2436,-35.56666666666668,-58.02777777777777,94.5,1090.2023141114153
2437,-29.16666666666667,-67.5111111111111,94.5,580.3825138820034
2438,-27.46666666666667,-58.833333333333336,94.5,902.4126229718265
2439,-38.93333333333334,-69.23333333333333,94.5,124.36931044651818
2440,-34.37777777777777,-62.150000000000006,94.5,10038.776065302261
2441,-23.21111111111111,-65.68055555555556,94.5,852.6863468937287
2442,-26.311111111111117,-59.37777777777777,94.5,1.0
2443,-34.45000000000001,-58.65,94.5,325.27725380399056
2444,-33.12222222222223,-62.30277777777777,94.5,2958.085541013257
2445,-34.93333333333334,-58.95,94.5,4059.753747281065
2446,-37.0,-57.150000000000006,94.5,419.56548415135086
2447,-39.05,-67.54444444444442,94.5,9843.15332515839
2448,-33.02777777777777,-58.51666666666667,94.5,31.36523727612338
2449,-38.79444444444444,-62.27777777777777,94.5,232.0177412567973
2450,-27.583333333333336,-65.61666666666667,94.5,9863.180257390964
2451,-34.58333333333334,-60.977777777777774,94.5,9851.004946352321
2452,-30.97777777777777,-64.5111111111111,94.5,1472.1882201142207
2453,-34.92777777777777,-57.95,94.5,7899.080573572941
2454,-31.727777777777774,-68.59444444444442,94.5,1.0
2455,-29.41388888888889,-66.85749999999999,94.5,8333.307145170706
2456,-34.11666666666667,-63.400000000000006,94.5,100.67655440745627
2457,-27.083333333333336,-61.09444444444444,94.5,1.0
2458,-31.95,-68.66666666666669,94.5,1.0
2459,-35.46666666666667,-69.59444444444442,94.5,249.54866373522816
2460,-31.683333333333334,-61.74444444444444,94.5,9.798257958695169
2461,-38.0,-57.5611111111111,94.5,100.6080689593697
2462,-32.88333333333333,-68.82777777777775,94.5,1.0
2463,-27.16666666666667,-65.5111111111111,94.5,68.68147820775874
2464,-34.46666666666667,-58.93333333333334,94.5,838.2613056634882
2465,-38.55833333333332,-58.74472222222222,94.5,306.3655351154223
2466,-38.93055555555555,-68.06111111111113,94.5,137.26718277743117
2467,-36.91111111111111,-60.28333333333334,94.5,2899.2868373720153
2468,-34.511111111111106,-59.09444444444444,94.5,9836.714475442679
2469,-31.733333333333334,-60.53333333333333,94.5,2960.6572208183916
2470,-34.511111111111106,-58.866666666666674,94.5,115.57355236383565
2471,-53.79444444444444,-67.7,94.5,2887.353882332395
2472,-32.19444444444444,-64.1,94.5,1.0
2473,-31.266666666666666,-61.49444444444445,94.5,1.0
2474,-34.63333333333334,-58.56666666666668,94.5,135.65239478318907
2475,-31.65,-68.46666666666667,94.5,4855.683828103159
2476,-29.16111111111111,-59.65,94.5,3.4579768159835216
2477,-27.46111111111111,-58.98333333333334,94.5,1.0
2478,-33.19444444444444,-68.46666666666667,94.5,1.0
2479,-32.95,-60.67777777777777,94.5,7891.772308100431
2480,-24.194444444444443,-66.36111111111109,94.5,897.0661058700092
2481,-41.13888888888889,-71.2786111111111,94.5,12.428164967079802
2482,-28.46666666666667,-65.78444444444443,94.5,822.0176647297596
2483,-34.46666666666667,-58.53333333333333,94.5,611.0050976567222
2484,-31.53333333333333,-68.54444444444442,94.5,917.7700618930706
2485,-33.31944444444446,-66.3261111111111,94.5,1.0
2486,-34.56666666666668,-58.5611111111111,94.5,8324.609913768028
2487,-40.16666666666667,-71.36111111111109,94.5,85.94900266593801
2488,-34.611111111111114,-68.33333333333334,94.5,1732.7277384596946
2489,-31.636111111111116,-60.72416666666666,94.5,1.0
2490,-36.54166666666666,-56.70194444444444,94.5,175.6330688767327
2491,-31.058333333333337,-61.16666666666667,94.5,144.64954040634947
2492,-30.841666666666665,-64.47611111111111,94.5,810.7237979136553
2493,-26.733333333333334,-65.27777777777777,94.5,1.0
2494,-34.79444444444444,-58.400000000000006,94.5,3898.274644098167
2495,-54.53333333333333,-67.20000000000002,94.5,1.0
2496,-43.26111111111111,-65.30000000000001,94.5,1357.3010429247647
2497,-32.416666666666664,-63.26111111111111,94.5,4835.368265311201
2498,-33.677777777777784,-65.46638888888887,94.5,828.3104358251791
2499,-28.46666666666667,-59.37777777777777,94.5,2706.5394258972487
2500,-31.877777777777776,-59.02777777777777,94.5,987.3289871130297
2501,-36.26111111111111,-64.23333333333333,94.5,150.2997371692616
2502,-25.611111111111107,-54.56666666666668,94.7,4860.360408036238
2503,-34.58888888888888,-58.43055555555556,94.7,66.7502453512967
2504,-27.377777777777776,-55.91111111111111,94.7,837.23733144719
2505,-26.838888888888885,-55.04138888888889,94.7,2893.0270219090567
2506,-28.561111111111103,-66.82777777777775,94.7,184.94970232028
2507,-38.72222222222223,-62.24944444444445,94.7,77.30862207422024
2508,-34.58333333333334,-58.58333333333334,94.7,347.76003245653004
2509,-34.57222222222222,-58.44916666666667,94.7,4897.18894683837
2510,-31.31666666666667,-64.22777777777777,94.7,16254.049780973788
2511,-32.86111111111111,-61.150000000000006,94.7,812.2527208559371
2512,-31.65,-68.28333333333333,94.7,972.389450786922
2513,-30.53333333333333,-65.97777777777777,94.7,9887.511751638853
2514,-30.75277777777778,-57.98055555555556,94.7,1.0
2515,-34.91111111111111,-60.03333333333334,94.7,1.0
2516,-31.04444444444444,-64.09444444444443,94.7,1896.3110507062038
2517,-45.85277777777779,-67.51305555555555,94.7,4920.5723222459
2518,-31.97777777777777,-60.92777777777777,94.7,7838.539345084882
2519,-30.733333333333334,-64.80000000000001,94.7,242.74227802737713
2520,-29.827777777777776,-58.05,94.7,1.0
2521,-30.433333333333337,-64.36111111111109,94.7,296.67872435560685
2522,-42.92777777777777,-71.32777777777777,94.7,1.0
2523,-37.27777777777777,-61.28333333333334,94.7,62.16245448660486
2524,-27.31666666666667,-61.28333333333334,94.7,3219.092775223448
2525,-29.52777777777777,-68.5611111111111,94.7,1.0
2526,-34.511111111111106,-58.74444444444444,94.7,4936.091574831718
2527,-34.58333333333334,-60.977777777777774,94.7,272.62389358381574
2528,-30.76111111111111,-59.65,94.7,860.9994690728323
2529,-34.92777777777777,-57.95,94.7,1.0
2530,-29.41388888888889,-66.85749999999999,94.7,123.42311525034174
2531,-34.611111111111114,-58.39444444444444,94.7,1.0
2532,-25.49444444444444,-64.9611111111111,94.7,24935.091457919232
2533,-38.26388888888889,-57.85944444444444,94.7,4853.901165512787
2534,-25.802777777777784,-62.83055555555555,94.7,348.34412285822066
2535,-38.93055555555555,-68.06111111111113,94.7,1.0
2536,-31.733333333333334,-60.53333333333333,94.7,16826.970435996496
2537,-34.49444444444445,-58.93333333333334,94.7,134.12825136379413
2538,-34.72777777777778,-58.27777777777777,94.7,1.0
2539,-32.21666666666668,-65.80000000000001,94.7,829.5414577149509
2540,-33.11666666666667,-64.33333333333334,94.7,19599.318882579668
2541,-34.8111111111111,-58.37777777777777,94.7,1.0
2542,-27.46111111111111,-58.98333333333334,94.7,1.0
2543,-34.19722222222222,-60.74444444444444,94.7,16903.407647857723
2544,-37.18055555555554,-63.400000000000006,94.7,1.0
2545,-32.95,-60.67777777777777,94.7,1.0
2546,-34.45000000000001,-59.45000000000001,94.7,836.2565718058374
2547,-36.26111111111111,-61.10000000000001,94.7,8187.548522072217
2548,-30.34444444444444,-58.32777777777777,94.7,383.94444372840144
2549,-34.69444444444444,-58.5611111111111,94.7,41621.10441575363
2550,-32.75000000000001,-60.74444444444444,94.7,1394.7800817067505
2551,-26.827777777777776,-65.21277777777779,94.7,1.0
2552,-24.194444444444443,-65.30000000000001,94.7,40948.633219059295
2553,-31.636111111111116,-60.72416666666666,94.7,227.75287822447999
2554,-36.62777777777777,-64.29027777777777,94.7,57.19636619337028
2555,-27.79444444444444,-64.25000000000001,94.7,824.4878301674233
2556,-37.32777777777777,-59.150000000000006,94.7,79.32439868627887
2557,-28.077777777777776,-67.56666666666668,94.7,1.0
2558,-54.53333333333333,-67.20000000000002,94.7,1.0
2559,-33.37777777777777,-69.14444444444443,94.7,324.7524121211038
2560,-54.79444444444443,-68.26944444444445,94.7,5683.051215176318
2561,-27.583333333333336,-60.72777777777778,94.7,838.2913021912693
2562,-31.411111111111108,-64.51666666666667,94.7,49339.84947757365
2563,-37.25555555555556,-56.97666666666666,94.7,56.46873117833904
2564,-31.04444444444444,-64.48333333333335,94.7,48.10241207090066
2565,-33.03333333333334,-60.63333333333334,94.7,1.0
2566,-39.10000000000001,-67.06666666666668,94.7,1.0
2567,-40.79444444444444,-71.66666666666669,94.7,54.29579380277736
2568,-38.91111111111111,-70.06666666666668,94.7,3981.3638207417016
2569,-33.53333333333333,-61.11666666666667,94.9,9900.430914042947
2570,-27.611111111111107,-66.32777777777777,94.9,31050.46050913534
2571,-32.79444444444444,-61.61111111111112,94.9,1.0
2572,-34.58055555555556,-58.4675,94.9,9756.415003580287
2573,-34.602777777777774,-58.38,94.9,110.67069768225774
2574,-40.8111111111111,-62.98333333333334,94.9,1.0
2575,-32.81666666666668,-61.400000000000006,94.9,8407.204856318938
2576,-46.43055555555556,-67.5361111111111,94.9,899.2866993354085
2577,-30.75277777777778,-57.98055555555556,94.9,1.0
2578,-28.611111111111107,-62.95,94.9,277.76715511603686
2579,-32.49444444444445,-58.23333333333333,94.9,57.00677788175424
2580,-31.411111111111108,-58.02777777777777,94.9,2417.959731488082
2581,-27.46666666666667,-58.833333333333336,94.9,333.86986220822274
2582,-36.286111111111104,-57.69583333333332,94.9,39908.47039574993
2583,-41.977777777777774,-71.51666666666667,94.9,1.0
2584,-31.46111111111111,-60.93333333333334,94.9,149.53868551619342
2585,-34.833333333333336,-58.400000000000006,94.9,393.7022601875387
2586,-26.194444444444443,-58.19444444444444,94.9,436.9541154042815
2587,-28.65,-65.15000000000002,94.9,94.54527897826183
2588,-36.67777777777777,-57.766666666666666,94.9,2205.421724762828
2589,-36.400000000000006,-56.977777777777774,94.9,9687.367972331054
2590,-39.05,-67.54444444444442,94.9,16907.566867997062
2591,-35.03333333333334,-63.02777777777777,94.9,4845.130742581952
2592,-32.92777777777777,-68.83333333333333,94.9,6897.851213105897
2593,-23.911111111111108,-61.86111111111111,94.9,817.4752897237878
2594,-27.611111111111107,-55.32777777777777,94.9,4929.243612973739
2595,-34.8111111111111,-58.425,94.9,78.27241079448433
2596,-34.766666666666666,-58.400000000000006,94.9,213.82628810013057
2597,-34.02777777777777,-61.91111111111111,94.9,95.82438277137861
2598,-32.88333333333333,-68.82777777777775,94.9,364.14000170465084
2599,-30.26111111111111,-57.63333333333334,94.9,54.81024127768356
2600,-34.46666666666667,-58.93333333333334,94.9,24936.25097536049
2601,-38.93055555555555,-68.06111111111113,94.9,90.49903141250644
2602,-31.91666666666667,-63.67777777777777,94.9,1.0
2603,-36.53333333333333,-57.32777777777777,94.9,602.9741900064029
2604,-39.49444444444445,-62.69444444444444,94.9,1.0
2605,-27.377777777777776,-55.91111111111111,94.9,1.0
2606,-42.56666666666668,-64.27777777777777,94.9,1.0
2607,-33.02777777777777,-61.04361111111111,94.9,357.95353784831667
2608,-27.64444444444444,-62.41666666666666,94.9,285.90169962142363
2609,-33.11666666666667,-64.33333333333334,94.9,4483.21617404625
2610,-51.63055555555555,-69.25555555555556,94.9,2619.5400917192424
2611,-31.266666666666666,-61.49444444444445,94.9,269.4107002416804
2612,-29.16111111111111,-59.65,94.9,118.0171331716687
2613,-24.780555555555555,-65.39500000000001,94.9,95.24290410904337
2614,-36.74444444444444,-56.70000000000001,94.9,3380.9704443390297
2615,-41.13888888888889,-71.2786111111111,94.9,1.0
2616,-30.31666666666667,-61.23333333333333,94.9,1.0
2617,-31.433333333333337,-62.077777777777776,94.9,4100.628264895698
2618,-30.26111111111111,-68.75000000000001,94.9,384.01891201931056
2619,-31.53333333333333,-68.54444444444442,94.9,1.0
2620,-40.16666666666667,-71.36111111111109,94.9,1.0
2621,-31.636111111111116,-60.72416666666666,94.9,16478.219704695162
2622,-28.994444444444444,-59.10000000000001,94.9,7915.2876751825925
2623,-27.79444444444444,-64.25000000000001,94.9,1899.7244259767517
2624,-30.944444444444443,-61.56666666666668,94.9,394.3644054789572
2625,-34.44444444444444,-58.61111111111112,94.9,525.9686104250505
2626,-23.57777777777778,-65.37777777777777,94.9,31082.794204151407
2627,-28.077777777777776,-67.56666666666668,94.9,26056.885022263272
2628,-29.46666666666667,-60.21666666666668,94.9,1.0
2629,-39.23333333333333,-68.75000000000001,94.9,4869.445340324349
2630,-33.03333333333334,-60.63333333333334,94.9,1.0
2631,-34.65,-58.58333333333334,94.9,1.0
2632,-33.677777777777784,-65.46638888888887,94.9,1335.9041171789704
2633,-32.72777777777778,-68.59444444444442,94.9,223.47358788702854
2634,-34.57500000000001,-58.451388888888886,95.1,16318.308920081927
2635,-27.46666666666667,-55.75000000000001,95.1,1.0
2636,-26.416666666666668,-54.62777777777777,95.1,454.04857519876424
2637,-27.14444444444444,-55.400000000000006,95.1,13687.72485880605
2638,-38.55833333333332,-58.74472222222222,95.1,9891.882212565555
2639,-27.377777777777776,-55.91111111111111,95.1,1.0
2640,-28.46666666666667,-62.833333333333336,95.1,166.72962698939503
2641,-27.433333333333337,-65.61666666666667,95.1,883.046648505721
2642,-28.8,-66.9611111111111,95.1,1.0
2643,-34.21666666666668,-61.37777777777777,95.1,28165.50201003309
2644,-28.111111111111107,-65.32777777777777,95.1,12454.945545615295
2645,-38.72222222222223,-62.24944444444445,95.1,1.0
2646,-27.65,-67.04444444444444,95.1,1.0
2647,-28.500000000000004,-59.05,95.1,1.0
2648,-34.511111111111106,-58.56666666666668,95.1,10932.035126444249
2649,-35.11666666666667,-60.51111111111111,95.1,1.0
2650,-31.31666666666667,-64.22777777777777,95.1,245.5438524768055
2651,-29.911111111111108,-60.31111111111111,95.1,323.0111988870406
2652,-37.866666666666674,-67.83333333333333,95.1,863.817451036187
2653,-24.911111111111108,-65.48333333333335,95.1,1.0
2654,-27.64444444444444,-55.51111111111111,95.1,1.0
2655,-34.91111111111111,-60.03333333333334,95.1,16316.16963948002
2656,-45.85277777777779,-67.51305555555555,95.1,10597.501217946283
2657,-33.0,-61.81666666666668,95.1,3828.3315834165164
2658,-36.61111111111112,-61.75000000000001,95.1,1.0
2659,-25.28333333333334,-64.06666666666668,95.1,109.03669661293482
2660,-37.39444444444444,-64.6111111111111,95.1,891.4967657948141
2661,-32.74444444444444,-63.766666666666666,95.1,41.21093390341511
2662,-24.677777777777774,-65.05,95.1,11056.962481716891
2663,-39.05,-67.54444444444442,95.1,897.1676306840956
2664,-32.375,-58.87638888888888,95.1,1.0
2665,-33.02499999999999,-58.540000000000006,95.1,10866.658914130987
2666,-33.233333333333334,-62.400000000000006,95.1,24587.694312121454
2667,-27.611111111111107,-56.69444444444444,95.1,1.0
2668,-27.14444444444444,-60.67777777777777,95.1,661.3590041190714
2669,-31.083333333333336,-64.5111111111111,95.1,78.08964482396192
2670,-22.111111111111107,-65.61666666666667,95.1,205.48453232961873
2671,-29.41388888888889,-66.85749999999999,95.1,1.0
2672,-33.27222222222222,-68.3138888888889,95.1,843.7959726630454
2673,-22.277777777777786,-64.69694444444445,95.1,24675.58461742943
2674,-37.150000000000006,-63.65,95.1,436.8299527296104
2675,-25.802777777777784,-62.83055555555555,95.1,1.0
2676,-33.63333333333334,-61.866666666666674,95.1,883.8880266414244
2677,-31.91666666666667,-63.67777777777777,95.1,127.65918268030346
2678,-25.938888888888894,-60.62777777777777,95.1,7775.168408917483
2679,-31.733333333333334,-60.53333333333333,95.1,289.29668681284727
2680,-29.727777777777774,-57.11666666666667,95.1,1.0
2681,-26.79444444444444,-60.45000000000001,95.1,1.0
2682,-36.05,-63.5611111111111,95.1,3084.452673823169
2683,-39.02777777777777,-64.09444444444443,95.1,28.641503907700876
2684,-51.63055555555555,-69.25555555555556,95.1,3062.2846672722803
2685,-53.79444444444444,-67.7,95.1,1.0
2686,-32.19444444444444,-64.1,95.1,102.07250993543965
2687,-45.92499999999999,-67.56027777777776,95.1,360.2690119647648
2688,-31.266666666666666,-61.49444444444445,95.1,19387.7886265077
2689,-29.16111111111111,-59.65,95.1,16325.715099936366
2690,-27.46111111111111,-58.98333333333334,95.1,1.0
2691,-37.388888888888886,-68.925,95.1,154.27744424292007
2692,-32.95,-60.67777777777777,95.1,1.0
2693,-32.31111111111111,-59.14444444444444,95.1,450.91049172794857
2694,-41.14444444444445,-71.34722222222221,95.1,350.27883315528663
2695,-30.79444444444444,-60.58333333333334,95.1,9874.434992433988
2696,-33.31944444444446,-66.3261111111111,95.1,16257.36104657509
2697,-26.827777777777776,-65.21277777777779,95.1,191.77062327330208
2698,-34.611111111111114,-68.33333333333334,95.1,413.7415523871025
2699,-23.14444444444444,-64.33333333333334,95.1,9850.898461145087
2700,-24.194444444444443,-65.30000000000001,95.1,4851.660937476947
2701,-28.561111111111103,-56.05,95.1,1.0
2702,-43.26111111111111,-65.30000000000001,95.1,99.94308906741934
2703,-31.23333333333333,-64.32777777777777,95.1,258.6015456063622
2704,-54.79444444444443,-68.26944444444445,95.1,1.0
2705,-33.75000000000001,-61.977777777777774,95.1,1.0
2706,-32.62777777777777,-60.16666666666667,95.1,1.0
2707,-32.44444444444444,-63.26111111111111,95.1,906.2325052873215
2708,-30.850000000000005,-64.98333333333335,95.1,24.613433277974792
2709,-27.463888888888885,-58.837500000000006,95.3,1.0
2710,-37.13888888888889,-56.91055555555555,95.3,1.0
2711,-27.611111111111107,-66.32777777777777,95.3,4757.711722751945
2712,-34.602777777777774,-58.45805555555556,95.3,6968.818264290735
2713,-34.61111111111111,-58.38111111111112,95.3,396.07753074212167
2714,-35.63333333333334,-61.37777777777777,95.3,245.03418636988133
2715,-31.65,-68.28333333333333,95.3,32608.92355441533
2716,-35.56666666666668,-58.02777777777777,95.3,1.0
2717,-31.04444444444444,-64.09444444444443,95.3,1.0
2718,-31.39166666666667,-58.01694444444445,95.3,63.04040232396085
2719,-37.46666666666667,-61.92777777777777,95.3,1.0
2720,-38.93333333333334,-69.23333333333333,95.3,185.55567944931474
2721,-34.63611111111111,-58.46000000000001,95.3,11598.488846440536
2722,-28.65,-65.15000000000002,95.3,879.43843193232
2723,-35.67777777777777,-63.74444444444444,95.3,235.22393998691322
2724,-27.050000000000004,-55.21666666666668,95.3,16841.60232636507
2725,-34.511111111111106,-58.74444444444444,95.3,1.0
2726,-34.58333333333334,-60.977777777777774,95.3,1.0
2727,-30.877777777777776,-62.98333333333334,95.3,832.1463096780435
2728,-34.92777777777777,-57.95,95.3,879.634241713399
2729,-34.72777777777778,-58.400000000000006,95.3,1.0
2730,-33.75000000000001,-59.93333333333334,95.3,220.57105611932735
2731,-34.519444444444446,-61.39166666666666,95.3,911.7633019326165
2732,-23.8,-64.80000000000001,95.3,1854.5447525421187
2733,-34.766666666666666,-58.400000000000006,95.3,901.23183342223
2734,-33.46666666666667,-60.95,95.3,100.60235972983521
2735,-26.944444444444443,-60.05,95.3,1.0
2736,-32.70000000000001,-62.10000000000001,95.3,271.29978872526453
2737,-32.88333333333333,-68.82777777777775,95.3,1.0
2738,-30.26111111111111,-57.63333333333334,95.3,19854.997858520685
2739,-35.02777777777777,-59.27777777777777,95.3,379.9948498912033
2740,-38.93055555555555,-68.06111111111113,95.3,96.2774928199176
2741,-35.81666666666668,-61.91111111111111,95.3,3048.8267236516513
2742,-46.8111111111111,-67.97777777777777,95.3,426.39248309528614
2743,-37.094444444444456,-56.86722222222223,95.3,86.82006523698678
2744,-38.977777777777774,-68.23333333333333,95.3,4872.936792270618
2745,-27.377777777777776,-55.91111111111111,95.3,8364.999369062954
2746,-47.75000000000001,-65.90000000000002,95.3,1265.710722504748
2747,-42.56666666666668,-64.27777777777777,95.3,1.0
2748,-33.11666666666667,-64.33333333333334,95.3,832.5615564815267
2749,-31.266666666666666,-61.49444444444445,95.3,3005.2497412170273
2750,-30.22777777777777,-69.14444444444443,95.3,1.0
2751,-32.95,-60.67777777777777,95.3,1.0
2752,-29.311111111111117,-67.6111111111111,95.3,9769.038204391902
2753,-28.46666666666667,-65.78444444444443,95.3,1.0
2754,-27.883333333333336,-55.14444444444444,95.3,2936.540992636689
2755,-31.53333333333333,-68.54444444444442,95.3,377.14802921137453
2756,-32.75000000000001,-60.74444444444444,95.3,318.0652898868637
2757,-33.31944444444446,-60.24222222222223,95.3,1.0
2758,-31.636111111111116,-60.72416666666666,95.3,4902.992298019243
2759,-32.077777777777776,-64.5611111111111,95.3,156.6526984230903
2760,-54.53333333333333,-67.20000000000002,95.3,808.1241278601719
2761,-38.39444444444444,-60.28333333333334,95.3,1363.254425408799
2762,-34.74444444444444,-58.400000000000006,95.3,1872.127698545887
2763,-27.583333333333336,-60.72777777777778,95.3,23183.29494454058
2764,-31.411111111111108,-64.51666666666667,95.3,650.612438447026
2765,-32.33611111111112,-60.02222222222223,95.3,215.66156019851422
2766,-32.416666666666664,-63.26111111111111,95.3,21133.124811694626
2767,-31.877777777777776,-59.02777777777777,95.3,905.0282012475245
2768,-32.68611111111111,-61.51611111111111,95.5,71.26482808975287
2769,-22.727777777777774,-65.7,95.5,1.0
2770,-34.8111111111111,-58.39444444444444,95.5,5995.709362312977
2771,-31.416666666666668,-63.05,95.5,160.13853701761496
2772,-38.72222222222223,-62.24944444444445,95.5,934.6154137584704
2773,-26.83333333333333,-65.17777777777776,95.5,371.1249559508775
2774,-34.866666666666674,-57.88333333333333,95.5,1.0
2775,-35.11666666666667,-60.51111111111111,95.5,866.3757825122485
2776,-35.16666666666667,-58.23333333333333,95.5,1.0
2777,-34.602777777777774,-58.38,95.5,238.54446107111775
2778,-31.31666666666667,-64.22777777777777,95.5,813.71714205187
2779,-33.11666666666667,-62.10000000000001,95.5,292.55277842141714
2780,-27.22777777777777,-54.98333333333334,95.5,2912.467050095642
2781,-27.46666666666667,-55.75000000000001,95.5,4937.481953299591
2782,-36.75000000000001,-62.51111111111111,95.5,3154.2515299651914
2783,-28.46666666666667,-65.79444444444444,95.5,1.0
2784,-29.883333333333336,-61.95,95.5,1.0
2785,-34.91111111111111,-60.03333333333334,95.5,726.7515253712929
2786,-38.81666666666668,-68.06666666666668,95.5,16847.898624113415
2787,-27.34444444444444,-65.59444444444442,95.5,5500.3399725108675
2788,-37.43888888888889,-57.71999999999999,95.5,5988.906808056703
2789,-35.91111111111111,-64.30000000000001,95.5,77.8853313931606
2790,-23.22777777777777,-64.1,95.5,276.85523725822117
2791,-26.194444444444443,-58.19444444444444,95.5,370.8999272747293
2792,-39.05,-67.54444444444442,95.5,1.0
2793,-27.194444444444443,-55.45000000000001,95.5,1.0
2794,-23.24444444444444,-64.27638888888889,95.5,19844.748666169515
2795,-35.233333333333334,-63.58333333333334,95.5,1.0
2796,-30.994444444444444,-64.1,95.5,1.0
2797,-38.98055555555556,-64.08611111111111,95.5,1.0
2798,-31.083333333333336,-64.5111111111111,95.5,15849.512434073806
2799,-34.92777777777777,-57.95,95.5,845.3880311345707
2800,-29.41388888888889,-66.85749999999999,95.5,1116.1794639142086
2801,-40.80555555555555,-65.08611111111111,95.5,11883.637237406681
2802,-46.5611111111111,-68.9611111111111,95.5,135.6422360063296
2803,-32.86111111111111,-68.82777777777775,95.5,885.3280181593335
2804,-22.377777777777776,-63.766666666666666,95.5,1.0
2805,-36.85277777777779,-57.86777777777778,95.5,1.0
2806,-34.65,-59.44444444444444,95.5,4950.91442703503
2807,-25.802777777777784,-62.83055555555555,95.5,3055.5502460824364
2808,-36.91111111111111,-60.28333333333334,95.5,143.07113528936893
2809,-31.733333333333334,-60.53333333333333,95.5,181.7765788514695
2810,-23.31666666666667,-64.22777777777777,95.5,673.9374279200414
2811,-29.16111111111111,-62.65,95.5,1.0
2812,-25.727777777777774,-59.10000000000001,95.5,1.0
2813,-33.11666666666667,-64.33333333333334,95.5,1.0
2814,-51.63055555555555,-69.25555555555556,95.5,8.870130100684516
2815,-51.53333333333333,-72.30000000000001,95.5,4848.417076756011
2816,-45.92499999999999,-67.56027777777776,95.5,47.0798423311393
2817,-34.63333333333334,-58.56666666666668,95.5,1.0
2818,-32.95,-60.67777777777777,95.5,439.2557044623622
2819,-41.13888888888889,-71.2786111111111,95.5,8342.857531330768
2820,-28.46666666666667,-65.77916666666667,95.5,1.0
2821,-34.46666666666667,-58.53333333333333,95.5,1.0
2822,-33.31944444444446,-66.3261111111111,95.5,151.59387400803016
2823,-34.51666666666667,-58.79444444444444,95.5,2906.4093212430184
2824,-26.827777777777776,-65.21277777777779,95.5,817.6141697624488
2825,-27.952777777777783,-65.17777777777776,95.5,4892.455921339771
2826,-24.194444444444443,-65.30000000000001,95.5,24901.675827293147
2827,-31.636111111111116,-60.72416666666666,95.5,3953.699546633246
2828,-36.62777777777777,-64.29027777777777,95.5,868.3995171591987
2829,-37.32777777777777,-59.150000000000006,95.5,417.0081353735135
2830,-22.53333333333333,-63.81666666666668,95.5,1.0
2831,-27.49444444444444,-64.87777777777777,95.5,35837.11081966276
2832,-33.10555555555555,-66.0675,95.5,191.6430221550798
2833,-26.350000000000005,-60.44444444444444,95.5,1.0
2834,-33.56666666666668,-69.01666666666668,95.5,1109.478899998104
2835,-31.583333333333336,-66.25000000000001,95.5,53.11994663185576
2836,-54.79444444444443,-68.26944444444445,95.5,851.1644869300038
2837,-31.91666666666667,-64.63305555555556,95.5,852.110761764302
2838,-32.62777777777777,-60.16666666666667,95.5,315.5858306277842
2839,-40.8111111111111,-63.0,95.5,5606.938729414262
2840,-40.8111111111111,-63.0,95.5,27.829246568539027
2841,-39.23333333333333,-68.75000000000001,95.5,322.4907905954535
2842,-37.25555555555556,-56.97666666666666,95.5,754.8630696958395
2843,-34.833333333333336,-64.59444444444442,95.5,1046.4748381657973
2844,-23.64444444444444,-64.46666666666667,95.5,3849.543816927566
2845,-38.91111111111111,-70.06666666666668,95.5,208.3957401791389
2846,-29.111111111111107,-56.53333333333333,95.7,908.7924188842459
2847,-27.224999999999994,-61.18194444444444,95.7,1.0
2848,-30.76666666666667,-65.04444444444444,95.7,16814.61495169708
2849,-34.75000000000001,-58.400000000000006,95.7,191.01836708608764
2850,-33.8111111111111,-59.51666666666667,95.7,2228.5977882818856
2851,-34.472222222222214,-58.377222222222215,95.7,1.0
2852,-28.500000000000004,-59.05,95.7,1.0
2853,-32.46666666666667,-64.4111111111111,95.7,404.25862701599726
2854,-31.31666666666667,-64.22777777777777,95.7,9724.317532796309
2855,-46.43055555555556,-67.5361111111111,95.7,607.5874483789037
2856,-34.16666666666667,-59.8111111111111,95.7,16252.018982186144
2857,-27.224999999999994,-61.18194444444444,95.7,397.565848510843
2858,-39.27777777777777,-65.69444444444444,95.7,411.11620622095427
2859,-34.691666666666656,-58.51111111111111,95.7,1.0
2860,-45.85277777777779,-67.51305555555555,95.7,4802.115582850598
2861,-32.49444444444445,-58.23333333333333,95.7,4.265820963391009
2862,-31.411111111111108,-58.02777777777777,95.7,9868.464001943932
2863,-29.827777777777776,-58.05,95.7,11592.814134783155
2864,-32.077777777777776,-60.65,95.7,19482.854805822655
2865,-41.977777777777774,-71.51666666666667,95.7,524.7875406789249
2866,-26.416666666666668,-54.62777777777777,95.7,1358.5686215355122
2867,-33.70000000000001,-61.62777777777777,95.7,3806.379120045642
2868,-34.63611111111111,-58.46000000000001,95.7,1.0
2869,-28.65,-65.15000000000002,95.7,865.6783289858463
2870,-32.03333333333334,-61.21666666666668,95.7,1.0
2871,-38.70000000000001,-62.400000000000006,95.7,425.61332187335734
2872,-35.67777777777777,-63.74444444444444,95.7,1.0
2873,-34.62777777777777,-58.95,95.7,1.0
2874,-28.077777777777776,-56.03333333333334,95.7,164.3776333903056
2875,-28.411111111111108,-62.39444444444444,95.7,283.96595636389515
2876,-27.91666666666667,-55.74444444444444,95.7,886.9201726955366
2877,-38.0,-57.5611111111111,95.7,1.0
2878,-32.88333333333333,-68.82777777777775,95.7,438.0911674215996
2879,-34.65,-58.61722222222222,95.7,1.0
2880,-38.93055555555555,-68.06111111111113,95.7,839.8785572486548
2881,-31.91666666666667,-63.67777777777777,95.7,900.5287607551031
2882,-31.733333333333334,-60.53333333333333,95.7,823.3691648401684
2883,-33.91111111111111,-60.56666666666668,95.7,2517.3348648197684
2884,-46.8111111111111,-67.97777777777777,95.7,120.8349055874212
2885,-31.683333333333334,-63.91111111111111,95.7,3031.485486313188
2886,-25.611111111111107,-54.56666666666668,95.7,284.75074098318737
2887,-36.58333333333334,-63.10000000000001,95.7,398.3553831163025
2888,-34.72777777777778,-58.27777777777777,95.7,910.7575518353326
2889,-51.63055555555555,-69.25555555555556,95.7,1.0
2890,-53.79444444444444,-67.7,95.7,916.3914771142307
2891,-31.677777777777774,-63.92777777777777,95.7,882.5338939841696
2892,-31.266666666666666,-61.49444444444445,95.7,86.5754112458499
2893,-29.16111111111111,-59.65,95.7,1.0
2894,-32.95,-60.67777777777777,95.7,1.0
2895,-28.46666666666667,-65.78444444444443,95.7,14899.960065614354
2896,-31.433333333333337,-62.077777777777776,95.7,1538.1521803225733
2897,-30.26111111111111,-68.75000000000001,95.7,1.0
2898,-31.53333333333333,-68.54444444444442,95.7,152.06487440086298
2899,-33.31944444444446,-66.3261111111111,95.7,857.5754347545479
2900,-33.077777777777776,-68.46666666666667,95.7,5563.8624275326365
2901,-26.827777777777776,-65.21277777777779,95.7,1.0
2902,-33.31944444444446,-60.24222222222223,95.7,1.0
2903,-34.611111111111114,-68.33333333333334,95.7,9817.147246071023
2904,-27.46666666666667,-65.69444444444444,95.7,1.0
2905,-31.636111111111116,-60.72416666666666,95.7,1.0
2906,-28.263888888888893,-58.11888888888888,95.7,24891.95079609546
2907,-30.944444444444443,-61.56666666666668,95.7,877.5777037951812
2908,-43.26111111111111,-65.30000000000001,95.7,23.51531612612259
2909,-35.977777777777774,-62.70000000000001,95.7,1.0
2910,-38.39444444444444,-60.28333333333334,95.7,1.0
2911,-54.79444444444443,-68.26944444444445,95.7,1.3594957037052628
2912,-31.411111111111108,-64.51666666666667,95.7,9758.399556567372
2913,-30.16111111111111,-68.66666666666669,95.7,244.66068461295575
2914,-33.655555555555566,-69.15694444444445,95.7,1940.4064396910646
2915,-38.91111111111111,-70.06666666666668,95.7,13406.823513438108
2916,-34.611111111111114,-58.37638888888889,95.9,227.96916186836228
2917,-31.411111111111108,-58.02777777777777,95.9,1.0
2918,-31.46666666666667,-60.92777777777777,95.9,485.31724538760506
2919,-27.611111111111107,-55.32777777777777,95.9,10488.745256378523
2920,-32.18888888888889,-64.25499999999998,95.9,4842.222618009063
2921,-35.50833333333333,-62.977777777777774,95.9,1.0
2922,-36.79444444444444,-59.86111111111111,95.9,1649.929577077619
2923,-38.72222222222223,-62.24944444444445,95.9,837.8919394122158
2924,-31.31666666666667,-64.22777777777777,95.9,10344.671800890153
2925,-33.05,-61.16666666666667,95.9,1.0
2926,-24.911111111111108,-65.48333333333335,95.9,679.0109310370667
2927,-29.16666666666667,-67.5111111111111,95.9,9737.074246453407
2928,-34.91111111111111,-60.03333333333334,95.9,230.90273210867002
2929,-32.56666666666668,-65.25000000000001,95.9,393.89526472796916
2930,-38.93333333333334,-69.23333333333333,95.9,1.0
2931,-33.45000000000001,-61.49444444444445,95.9,45.0768517719423
2932,-26.194444444444443,-58.19444444444444,95.9,105.76414222193574
2933,-29.14444444444444,-59.26111111111111,95.9,19819.430660659513
2934,-25.22777777777777,-59.86111111111111,95.9,50.99821716068368
2935,-27.050000000000004,-58.72777777777778,95.9,350.86178364879066
2936,-29.41388888888889,-66.85749999999999,95.9,1219.7020817837395
2937,-37.02777777777777,-70.75000000000001,95.9,1.0
2938,-32.79444444444444,-60.91111111111111,95.9,402.95464358148394
2939,-26.944444444444443,-60.05,95.9,2534.0950245230188
2940,-38.93055555555555,-68.06111111111113,95.9,8360.636892371254
2941,-31.733333333333334,-60.53333333333333,95.9,889.8717689380779
2942,-29.727777777777774,-57.11666666666667,95.9,1158.9175352882662
2943,-31.46111111111111,-61.26111111111111,95.9,1.0
2944,-30.200000000000003,-64.48333333333335,95.9,19828.73122900348
2945,-33.11666666666667,-64.33333333333334,95.9,1.0
2946,-51.63055555555555,-69.25555555555556,95.9,3422.393319065444
2947,-53.79444444444444,-67.7,95.9,27.631934338611405
2948,-27.46111111111111,-58.98333333333334,95.9,16829.08384612087
2949,-31.561111111111103,-68.65,95.9,1938.9646792558547
2950,-32.95,-60.67777777777777,95.9,2942.9918900991233
2951,-24.994444444444444,-65.59444444444442,95.9,1.0
2952,-24.780555555555555,-65.39500000000001,95.9,309.18736901568445
2953,-41.13888888888889,-71.2786111111111,95.9,881.7957635745944
2954,-31.53333333333333,-68.54444444444442,95.9,3101.9670803163926
2955,-33.31944444444446,-66.3261111111111,95.9,1.0
2956,-26.827777777777776,-65.21277777777779,95.9,24949.159102539335
2957,-23.14444444444444,-64.33333333333334,95.9,9819.601253570938
2958,-24.194444444444443,-65.30000000000001,95.9,34.873448808033906
2959,-30.95,-59.8111111111111,95.9,4916.591265562555
2960,-31.636111111111116,-60.72416666666666,95.9,500.61041062774393
2961,-36.62777777777777,-64.29027777777777,95.9,352.7719483176746
2962,-27.79444444444444,-64.25000000000001,95.9,92.57959313452662
2963,-37.32777777777777,-59.150000000000006,95.9,846.5655444782753
2964,-34.19444444444444,-61.53333333333333,95.9,2258.905617267975
2965,-23.57777777777778,-65.37777777777777,95.9,232.81273720555868
2966,-54.79444444444443,-68.26944444444445,95.9,892.701995058323
2967,-40.8111111111111,-63.0,95.9,1859.336256000917
2968,-31.411111111111108,-64.51666666666667,95.9,1904.8799740063441
2969,-33.677777777777784,-65.46638888888887,95.9,1.0
2970,-39.10000000000001,-67.06666666666668,95.9,7922.882945428984
2971,-30.64444444444444,-67.46666666666667,95.9,345.3760663259967
2972,-24.733333333333334,-59.61111111111112,96.1,24.49011781216511
2973,-32.86944444444445,-68.83611111111112,96.1,1.0
2974,-27.377777777777776,-55.91111111111111,96.1,395.97133851011915
2975,-28.561111111111103,-66.82777777777775,96.1,9801.968645590312
2976,-31.988888888888887,-60.59027777777778,96.1,184.04991374649765
2977,-34.67777777777777,-58.39444444444444,96.1,2918.722008080709
2978,-40.5611111111111,-62.26111111111111,96.1,1.0
2979,-34.75000000000001,-58.400000000000006,96.1,381.7992749139717
2980,-34.866666666666674,-57.88333333333333,96.1,40913.46632340588
2981,-34.58055555555556,-58.4675,96.1,3108.6891454254533
2982,-31.31666666666667,-64.22777777777777,96.1,1.0
2983,-39.93888888888888,-71.07777777777777,96.1,433.5073905644292
2984,-34.62777777777779,-58.53777777777777,96.1,1.0
2985,-33.88333333333333,-61.11666666666667,96.1,230.21810871179247
2986,-45.85277777777779,-67.51305555555555,96.1,3818.7854274149777
2987,-31.411111111111108,-58.02777777777777,96.1,3153.0959033276918
2988,-27.46666666666667,-58.833333333333336,96.1,1.0
2989,-32.03333333333334,-60.32777777777777,96.1,14867.128080382734
2990,-26.416666666666668,-54.62777777777777,96.1,857.6568909697862
2991,-42.0611111111111,-71.51805555555556,96.1,186.38205149274413
2992,-30.0,-59.51666666666667,96.1,434.5138737680197
2993,-32.03333333333334,-61.21666666666668,96.1,869.6121252252137
2994,-35.67777777777777,-63.74444444444444,96.1,826.411048898329
2995,-39.05,-67.54444444444442,96.1,402.87855933768805
2996,-33.02777777777777,-58.51666666666667,96.1,440.6191392490259
2997,-34.70000000000001,-58.58333333333334,96.1,1.0
2998,-25.083333333333336,-64.19444444444444,96.1,4876.03178771633
2999,-34.511111111111106,-63.93333333333334,96.1,809.075233074175
3000,-33.150000000000006,-68.48333333333335,96.1,1.0
3001,-34.58333333333334,-60.977777777777774,96.1,3046.6983919034205
3002,-29.41388888888889,-66.85749999999999,96.1,16369.56330001082
3003,-32.27777777777777,-61.92777777777777,96.1,19850.493542158663
3004,-38.0,-57.5611111111111,96.1,170.249973619601
3005,-38.93055555555555,-68.06111111111113,96.1,1.0
3006,-32.400000000000006,-59.8111111111111,96.1,501.5704065357854
3007,-27.49444444444444,-55.14444444444444,96.1,1.0
3008,-31.733333333333334,-60.53333333333333,96.1,16835.12031182791
3009,-37.094444444444456,-56.86722222222223,96.1,1.0
3010,-42.766666666666666,-65.05,96.1,11.858370517999143
3011,-27.64444444444444,-62.41666666666666,96.1,225.8925779403041
3012,-26.877777777777776,-60.21666666666668,96.1,191.17465376739824
3013,-31.266666666666666,-61.49444444444445,96.1,4075.071379989067
3014,-31.111111111111107,-61.91111111111111,96.1,340.76963463044126
3015,-29.16111111111111,-59.65,96.1,1.0
3016,-29.266666666666666,-65.06666666666668,96.1,30.76502485249853
3017,-27.46111111111111,-58.98333333333334,96.1,449.13487359427506
3018,-32.95,-60.67777777777777,96.1,1.0
3019,-24.780555555555555,-65.39500000000001,96.1,875.9080434036997
3020,-36.74444444444444,-56.70000000000001,96.1,832.0112022858898
3021,-25.944444444444443,-65.93333333333334,96.1,1918.6889918367565
3022,-41.13888888888889,-71.2786111111111,96.1,16892.031711607036
3023,-32.37777777777777,-61.33333333333334,96.1,11918.321753726652
3024,-31.53333333333333,-68.54444444444442,96.1,19832.984726483264
3025,-33.31944444444446,-66.3261111111111,96.1,1.3209041635639571
3026,-26.827777777777776,-65.21277777777779,96.1,1.0
3027,-31.61666666666667,-58.51111111111111,96.1,76.66604464326505
3028,-27.0,-54.46666666666667,96.1,9844.90976432325
3029,-31.727777777777774,-61.58333333333334,96.1,29887.54792600623
3030,-31.636111111111116,-60.72416666666666,96.1,7909.764886843633
3031,-28.994444444444444,-59.10000000000001,96.1,1.0
3032,-32.611111111111114,-60.95,96.1,19852.215567169955
3033,-22.53333333333333,-63.81666666666668,96.1,262.36897195857244
3034,-54.53333333333333,-67.20000000000002,96.1,1.0
3035,-33.56666666666668,-69.01666666666668,96.1,307.6501367064535
3036,-30.944444444444443,-60.65,96.1,1.0
3037,-40.8111111111111,-63.0,96.1,811.1000491620133
3038,-34.53333333333333,-58.5611111111111,96.1,125.1905849356193
3039,-34.69444444444444,-58.32777777777777,96.1,376.45880094104007
3040,-33.677777777777784,-65.46638888888887,96.1,877.3563608316973
3041,-30.702777777777776,-64.06805555555553,96.1,8389.224910951341
3042,-29.14444444444444,-59.26111111111111,96.3,988.8932045342342
3043,-27.266666666666666,-55.53333333333333,96.3,287.7997886701179
3044,-27.31666666666667,-54.21666666666668,96.3,4903.112118585206
3045,-27.611111111111107,-55.32777777777777,96.3,9899.522247803643
3046,-27.49444444444444,-55.833333333333336,96.3,1.0
3047,-31.988888888888887,-60.59027777777778,96.3,656.8587282994098
3048,-32.49444444444445,-63.39444444444444,96.3,53.41272240058707
3049,-38.72222222222223,-62.24944444444445,96.3,1.0
3050,-26.83333333333333,-65.17777777777776,96.3,1147.0230999517505
3051,-35.11666666666667,-60.51111111111111,96.3,8300.630236031318
3052,-34.608333333333334,-58.40583333333333,96.3,1.0
3053,-32.977777777777774,-68.87777777777777,96.3,4874.740470146612
3054,-30.75277777777778,-57.98055555555556,96.3,7414.5461351147305
3055,-28.85555555555556,-66.23333333333333,96.3,12401.532339085796
3056,-38.81666666666668,-68.06666666666668,96.3,28.24553165559476
3057,-45.85277777777779,-67.51305555555555,96.3,9891.04668460461
3058,-27.34444444444444,-65.59444444444442,96.3,100.73264093836305
3059,-33.63333333333334,-64.6111111111111,96.3,819.1894527851568
3060,-24.425,-61.69444444444444,96.3,1.0
3061,-28.65,-65.15000000000002,96.3,1.0
3062,-26.74166666666667,-54.29416666666668,96.3,1940.5601055515574
3063,-32.92777777777777,-60.81666666666668,96.3,312.61276929733026
3064,-34.977777777777774,-67.7,96.3,16.474435595745106
3065,-37.27777777777777,-61.28333333333334,96.3,1.0
3066,-34.02777777777777,-63.93333333333334,96.3,1183.2208827297954
3067,-39.05,-67.54444444444442,96.3,1.0
3068,-31.083333333333336,-64.5111111111111,96.3,4848.357724729875
3069,-26.383333333333333,-65.43333333333335,96.3,1.0
3070,-28.350000000000005,-59.28333333333334,96.3,1.0
3071,-31.65,-59.91111111111111,96.3,195.7183933126155
3072,-32.35,-65.04444444444444,96.3,399.728795198717
3073,-25.49444444444444,-64.9611111111111,96.3,149.50888082875923
3074,-38.26388888888889,-57.85944444444444,96.3,100.7973169407617
3075,-26.57777777777778,-54.79444444444444,96.3,24975.71071587108
3076,-30.700000000000003,-62.0,96.3,904.5208942893892
3077,-38.55833333333332,-58.74472222222222,96.3,1.0
3078,-46.8111111111111,-67.97777777777777,96.3,278.5869928218994
3079,-34.511111111111106,-58.866666666666674,96.3,9690.12571495773
3080,-51.63055555555555,-69.25555555555556,96.3,75.59202511742365
3081,-53.79444444444444,-67.7,96.3,1.0
3082,-35.513888888888886,-58.3188888888889,96.3,2970.129847683501
3083,-32.95,-60.67777777777777,96.3,870.5134035628756
3084,-24.780555555555555,-65.39500000000001,96.3,836.376374018327
3085,-31.53333333333333,-68.54444444444442,96.3,1.0
3086,-30.79444444444444,-60.58333333333334,96.3,1.0
3087,-34.51666666666667,-58.79444444444444,96.3,886.3244430786176
3088,-26.827777777777776,-65.21277777777779,96.3,1.0
3089,-31.636111111111116,-60.72416666666666,96.3,438.86179233277295
3090,-32.67777777777777,-61.44444444444444,96.3,812.0598329184629
3091,-37.32777777777777,-59.150000000000006,96.3,52.097520077961654
3092,-54.53333333333333,-67.20000000000002,96.3,19866.395144506405
3093,-43.26111111111111,-65.30000000000001,96.3,5987.105172519655
3094,-54.79444444444443,-68.26944444444445,96.3,1948.2747020693523
3095,-32.58888888888888,-69.3461111111111,96.3,1.0
3096,-33.75000000000001,-61.977777777777774,96.3,1.0
3097,-31.411111111111108,-64.51666666666667,96.3,415.8669366920062
3098,-29.91111111111111,-63.71999999999999,96.3,1.0
3099,-34.10000000000001,-59.03333333333334,96.3,32676.02473647328
3100,-30.26111111111111,-57.63333333333334,96.5,1.0
3101,-27.116666666666667,-54.92777777777777,96.5,405.0434549909083
3102,-27.611111111111107,-56.69444444444444,96.5,163.00721677369438
3103,-27.377777777777776,-55.91111111111111,96.5,902.4237346995577
3104,-32.75000000000001,-60.74444444444444,96.5,1.0
3105,-34.71111111111112,-58.77222222222223,96.5,278.9212535316519
3106,-28.561111111111103,-66.82777777777775,96.5,40.57585439363136
3107,-29.911111111111108,-59.833333333333336,96.5,9806.755046003278
3108,-27.611111111111107,-66.32777777777777,96.5,1.0
3109,-33.150000000000006,-61.46666666666667,96.5,12174.561365672405
3110,-34.05,-60.11666666666667,96.5,5173.434680117428
3111,-34.67777777777777,-58.39444444444444,96.5,70.50610314848848
3112,-38.72222222222223,-62.24944444444445,96.5,3891.6233282074254
3113,-37.82500000000001,-58.22749999999999,96.5,1.0
3114,-34.511111111111106,-58.56666666666668,96.5,27323.803862128167
3115,-34.58055555555556,-58.4675,96.5,600.6335235123314
3116,-34.66944444444445,-58.48,96.5,77.98066591558384
3117,-31.31666666666667,-64.22777777777777,96.5,160.73256496387256
3118,-46.43055555555556,-67.5361111111111,96.5,1.0
3119,-32.92777777777777,-64.04444444444444,96.5,39911.405819295716
3120,-36.61111111111112,-61.75000000000001,96.5,1.0
3121,-36.10000000000001,-57.79444444444444,96.5,917.2643790029972
3122,-29.883333333333336,-61.95,96.5,308.464113241416
3123,-27.64444444444444,-55.51111111111111,96.5,19873.378054338722
3124,-31.350000000000005,-66.6111111111111,96.5,3.0017954290798747
3125,-45.61111111111112,-69.09444444444443,96.5,658.4791831249574
3126,-32.49444444444445,-58.23333333333333,96.5,394.6312047388877
3127,-31.411111111111108,-58.02777777777777,96.5,1873.0412328730508
3128,-43.53333333333333,-71.6111111111111,96.5,1.0
3129,-38.93333333333334,-69.23333333333333,96.5,1.0
3130,-50.33333333333334,-72.30000000000001,96.5,1.0
3131,-42.92777777777777,-71.32777777777777,96.5,2507.3724882175025
3132,-34.294444444444444,-59.32083333333333,96.5,1.0
3133,-34.833333333333336,-58.400000000000006,96.5,839.4163273228454
3134,-33.12222222222223,-62.30277777777777,96.5,1.0
3135,-35.766666666666666,-58.51111111111111,96.5,8159.787921839698
3136,-37.0,-57.150000000000006,96.5,18289.791283603063
3137,-35.0,-61.03333333333334,96.5,502.7541547700963
3138,-34.88333333333333,-58.39444444444444,96.5,145.53562957527384
3139,-28.077777777777776,-56.03333333333334,96.5,1.0
3140,-33.02777777777777,-58.51666666666667,96.5,1.0
3141,-23.24444444444444,-64.27638888888889,96.5,32.4538188658423
3142,-34.833333333333336,-64.38333333333335,96.5,916.6224514747818
3143,-34.70000000000001,-58.58333333333334,96.5,674.5957130630692
3144,-34.833333333333336,-58.2111111111111,96.5,19646.0792325238
3145,-34.58333333333334,-60.977777777777774,96.5,210.57001224538934
3146,-34.92777777777777,-57.95,96.5,1716.704955269807
3147,-29.41388888888889,-66.85749999999999,96.5,408.8218622386087
3148,-33.03333333333334,-59.02777777777777,96.5,456.1885692275112
3149,-40.80555555555555,-65.08611111111111,96.5,31.503826494106086
3150,-23.81111111111112,-64.79277777777777,96.5,337.5201609203166
3151,-32.65,-62.31111111111111,96.5,371.06094943934346
3152,-22.377777777777776,-63.766666666666666,96.5,1887.6045434417388
3153,-28.050000000000004,-65.46666666666667,96.5,17566.15368152668
3154,-34.511111111111106,-58.69444444444444,96.5,112.06629462619331
3155,-26.59444444444444,-65.8597222222222,96.5,1.0
3156,-34.56666666666668,-59.10000000000001,96.5,423.0244138998216
3157,-38.0,-57.5611111111111,96.5,811.6578973268205
3158,-34.63333333333334,-58.69444444444444,96.5,1.0
3159,-31.733333333333334,-60.53333333333333,96.5,2982.477636301355
3160,-35.81666666666668,-61.91111111111111,96.5,35979.4655032408
3161,-37.094444444444456,-56.86722222222223,96.5,19828.705914024402
3162,-27.64444444444444,-62.41666666666666,96.5,1.0
3163,-51.53333333333333,-72.30000000000001,96.5,9693.86284181171
3164,-31.266666666666666,-61.49444444444445,96.5,1879.3168737911553
3165,-27.46111111111111,-58.98333333333334,96.5,334.8935163961669
3166,-32.95,-60.67777777777777,96.5,807.976266481254
3167,-34.608333333333334,-58.52916666666668,96.5,6738.323604615071
3168,-37.75000000000001,-62.37777777777777,96.5,390.1065380010057
3169,-35.63333333333334,-59.79444444444444,96.5,176.44693713398377
3170,-24.780555555555555,-65.39500000000001,96.5,416.81646626599485
3171,-36.74444444444444,-56.70000000000001,96.5,844.8073302554207
3172,-31.733333333333334,-61.10000000000001,96.5,1.0
3173,-41.13888888888889,-71.2786111111111,96.5,9875.202742452775
3174,-28.46666666666667,-65.78444444444443,96.5,1292.7360405821664
3175,-34.79444444444444,-58.32777777777777,96.5,896.5742760596873
3176,-34.32777777777777,-62.03333333333334,96.5,1.0
3177,-30.377777777777776,-61.92777777777777,96.5,868.7541268601321
3178,-31.53333333333333,-68.54444444444442,96.5,1.0
3179,-24.23333333333333,-64.87777777777777,96.5,1.0
3180,-36.62777777777777,-64.29027777777777,96.5,608.1746144342899
3181,-27.79444444444444,-64.25000000000001,96.5,220.19650836257213
3182,-34.45000000000001,-63.5611111111111,96.5,854.0636356229538
3183,-54.53333333333333,-67.20000000000002,96.5,1.0
3184,-35.70000000000001,-64.14444444444443,96.5,280.50700972558514
3185,-33.37777777777777,-69.14444444444443,96.5,1.0
3186,-54.79444444444443,-68.26944444444445,96.5,39470.74806869285
3187,-40.8111111111111,-63.0,96.5,827.6155351343208
3188,-32.416666666666664,-63.26111111111111,96.5,1492.5914226041548
3189,-33.677777777777784,-65.46638888888887,96.5,106.95743075044686
3190,-27.46111111111111,-58.98333333333334,96.7,1.0
3191,-32.81944444444445,-60.71,96.7,31508.5504228013
3192,-34.611111111111114,-58.37638888888889,96.7,55.69957327102722
3193,-31.31666666666667,-64.22777777777777,96.7,263.4397839691692
3194,-32.81666666666668,-61.400000000000006,96.7,912.442151227681
3195,-33.88333333333333,-61.11666666666667,96.7,1.0
3196,-27.34444444444444,-65.59444444444442,96.7,4866.025645922235
3197,-31.411111111111108,-58.02777777777777,96.7,725.9916191461989
3198,-29.827777777777776,-58.05,96.7,45.17312130248821
3199,-30.433333333333337,-64.36111111111109,96.7,1.0
3200,-25.383333333333333,-64.64444444444443,96.7,1.0
3201,-23.944444444444443,-64.79444444444444,96.7,9844.64279379692
3202,-32.92777777777777,-68.83333333333333,96.7,1475.874033442224
3203,-34.79444444444444,-63.766666666666666,96.7,8.109330096207074
3204,-34.92777777777777,-57.95,96.7,1.0
3205,-28.46666666666667,-62.10000000000001,96.7,1576.9652913489278
3206,-31.65,-59.91111111111111,96.7,838.3797877676596
3207,-38.55833333333332,-58.74472222222222,96.7,222.7612833301365
3208,-39.49444444444445,-62.69444444444444,96.7,162.25344735325967
3209,-33.91111111111111,-60.56666666666668,96.7,1.0
3210,-42.766666666666666,-65.05,96.7,1173.9790319949172
3211,-32.19444444444444,-64.1,96.7,29852.220681561816
3212,-32.95,-60.67777777777777,96.7,1.0
3213,-24.780555555555555,-65.39500000000001,96.7,862.0060332125586
3214,-31.53333333333333,-68.54444444444442,96.7,264.33626408111957
3215,-33.31944444444446,-66.3261111111111,96.7,317.86681406600655
3216,-33.67777777777777,-59.69444444444444,96.7,13.666593275933081
3217,-24.23333333333333,-64.87777777777777,96.7,4926.196392319346
3218,-31.636111111111116,-60.72416666666666,96.7,400.53719766414554
3219,-33.37777777777777,-69.14444444444443,96.7,810.6486644435494
3220,-54.79444444444443,-68.26944444444445,96.7,79.91777738462251
3221,-29.46666666666667,-60.21666666666668,96.7,1.0
3222,-31.411111111111108,-64.51666666666667,96.7,1.0
3223,-33.233333333333334,-60.33333333333334,96.7,1916.4398417983632
3224,-31.97777777777777,-68.41666666666667,96.7,1.0
3225,-38.91111111111111,-71.29166666666667,96.7,1561.2784678898845
3226,-34.10000000000001,-59.03333333333334,96.7,201.84201340340536
3227,-26.26111111111111,-53.62777777777777,96.9,244.3303875876936
3228,-29.14444444444444,-59.26111111111111,96.9,367.7865121128999
3229,-31.636111111111116,-60.72416666666666,96.9,168.31347751971148
3230,-38.977777777777774,-67.83333333333333,96.9,1.0
3231,-31.677777777777774,-64.43333333333335,96.9,86.29358347711424
3232,-32.2111111111111,-63.16666666666667,96.9,1048.7146109214793
3233,-33.8111111111111,-59.51666666666667,96.9,1090.5937476237245
3234,-34.76111111111111,-58.2063888888889,96.9,55.65411554577008
3235,-34.63611111111111,-58.41722222222222,96.9,349.3012402416558
3236,-31.31666666666667,-64.22777777777777,96.9,1.0
3237,-35.63333333333334,-61.37777777777777,96.9,1.0
3238,-33.05,-61.16666666666667,96.9,1.0
3239,-36.10000000000001,-57.79444444444444,96.9,9853.553399255905
3240,-35.56666666666668,-58.02777777777777,96.9,1.0
3241,-29.16666666666667,-67.5111111111111,96.9,1.0
3242,-26.88888888888889,-60.19444444444444,96.9,46.98504239352213
3243,-32.49444444444445,-58.23333333333333,96.9,1.0
3244,-37.46666666666667,-61.92777777777777,96.9,902.305609398286
3245,-27.46666666666667,-58.833333333333336,96.9,1.0
3246,-32.03333333333334,-60.32777777777777,96.9,1.0
3247,-27.31666666666667,-54.21666666666668,96.9,907.5587337412745
3248,-31.46111111111111,-60.93333333333334,96.9,126.82736569306759
3249,-30.95,-58.766666666666666,96.9,1892.6387516659008
3250,-26.194444444444443,-58.19444444444444,96.9,824.0533030229337
3251,-34.977777777777774,-67.7,96.9,16.11944281868535
3252,-35.67777777777777,-63.74444444444444,96.9,913.3639399847079
3253,-33.46666666666667,-60.28333333333334,96.9,1.0
3254,-28.077777777777776,-56.03333333333334,96.9,721.6423397677452
3255,-33.02777777777777,-58.51666666666667,96.9,295.17209138589016
3256,-34.511111111111106,-58.74444444444444,96.9,31.633764543010123
3257,-27.733333333333334,-64.25000000000001,96.9,868.5925887463632
3258,-33.44444444444444,-63.31111111111111,96.9,8900.418557403254
3259,-34.12777777777777,-63.39055555555555,96.9,49301.54545219411
3260,-26.772222222222226,-65.20000000000002,96.9,872.185708693088
3261,-34.866666666666674,-61.53333333333333,96.9,223.03691662138615
3262,-34.8111111111111,-58.425,96.9,1.0
3263,-34.56666666666668,-59.10000000000001,96.9,17.526464527316474
3264,-38.0,-57.5611111111111,96.9,388.7214742344918
3265,-32.88888888888888,-68.82499999999999,96.9,167.67626372133398
3266,-34.67777777777777,-58.75000000000001,96.9,12258.13276896354
3267,-38.55833333333332,-58.74472222222222,96.9,169.181659428113
3268,-38.93055555555555,-68.06111111111113,96.9,176.7978163237525
3269,-32.36111111111111,-62.31222222222221,96.9,191.7219920114237
3270,-27.49444444444444,-55.14444444444444,96.9,5648.570248008028
3271,-36.91111111111111,-60.28333333333334,96.9,913.3260467606306
3272,-31.733333333333334,-60.53333333333333,96.9,878.311100438653
3273,-37.094444444444456,-56.86722222222223,96.9,118.66619168314068
3274,-27.377777777777776,-55.91111111111111,96.9,4896.949014033624
3275,-26.79444444444444,-60.45000000000001,96.9,1.0
3276,-25.611111111111107,-54.56666666666668,96.9,8779.696575681324
3277,-38.88333333333333,-62.09444444444444,96.9,456.54235872707085
3278,-32.21666666666668,-65.80000000000001,96.9,213.4882695300912
3279,-51.63055555555555,-69.25555555555556,96.9,424.8009712639457
3280,-53.79444444444444,-67.7,96.9,1123.9151712391729
3281,-45.92499999999999,-67.56027777777776,96.9,1.0
3282,-31.266666666666666,-61.49444444444445,96.9,8936.823312251461
3283,-33.49444444444445,-60.02777777777777,96.9,317.9876629476198
3284,-29.16111111111111,-59.65,96.9,131.7171779456845
3285,-32.95,-60.67777777777777,96.9,1.0
3286,-36.75000000000001,-62.93333333333334,96.9,300.6842910789105
3287,-24.780555555555555,-65.39500000000001,96.9,423.08072763816637
3288,-41.13888888888889,-71.2786111111111,96.9,221.470265554379
3289,-34.79444444444444,-58.32777777777777,96.9,1388.7256517720073
3290,-30.383333333333333,-58.75000000000001,96.9,256.51368716182384
3291,-30.79444444444444,-60.58333333333334,96.9,24932.931553589577
3292,-33.077777777777776,-68.46666666666667,96.9,864.0722487985984
3293,-40.16666666666667,-71.36111111111109,96.9,4854.776019815833
3294,-34.611111111111114,-68.33333333333334,96.9,1.0
3295,-27.57777777777778,-67.61666666666667,96.9,212.06988208762414
3296,-38.150000000000006,-61.8111111111111,96.9,122.66672888903089
3297,-34.79444444444444,-59.69444444444444,96.9,835.5826269770951
3298,-43.26111111111111,-65.30000000000001,96.9,8110.796595718241
3299,-38.39444444444444,-60.28333333333334,96.9,1.0
3300,-54.79444444444443,-68.26944444444445,96.9,1.0
3301,-31.04444444444444,-64.5111111111111,96.9,6866.839568332546
3302,-31.54722222222222,-68.73055555555557,96.9,1.0
3303,-37.25555555555556,-56.97666666666666,96.9,1151.2427851248738
3304,-31.04444444444444,-64.48333333333335,96.9,810.1440672575378
3305,-32.416666666666664,-63.26111111111111,96.9,5156.859778628295
3306,-33.677777777777784,-65.46638888888887,96.9,1.0
3307,-38.91111111111111,-70.06666666666668,96.9,1.0
3308,-33.150000000000006,-62.85583333333332,97.0,823.4734880604447
3309,-33.20277777777779,-62.61111111111112,97.0,19837.293887676515
3310,-35.02777777777777,-59.27777777777777,97.1,242.48199902941653
3311,-27.0,-54.46666666666667,97.1,108.95204851831126
3312,-32.79444444444444,-61.61111111111112,97.1,871.1592973983684
3313,-34.21666666666668,-61.37777777777777,97.1,16274.913333638418
3314,-36.79444444444444,-59.86111111111111,97.1,5692.182926168386
3315,-38.72222222222223,-62.24944444444445,97.1,42539.33991423993
3316,-31.31666666666667,-64.22777777777777,97.1,1.0
3317,-35.05,-58.75000000000001,97.1,1.0
3318,-26.083333333333336,-65.97777777777777,97.1,873.8159970164776
3319,-31.480555555555554,-64.20583333333335,97.1,4907.758020757048
3320,-38.8111111111111,-68.14444444444443,97.1,54.371381353674735
3321,-34.65,-60.46666666666667,97.1,1.0
3322,-38.93333333333334,-67.98333333333335,97.1,3873.309441026375
3323,-45.85277777777779,-67.51305555555555,97.1,1.0
3324,-27.34444444444444,-65.59444444444442,97.1,170.78972591037848
3325,-36.61111111111112,-61.75000000000001,97.1,442.40438081498013
3326,-36.286111111111104,-57.69583333333332,97.1,826.8491173622613
3327,-34.511111111111106,-58.63333333333334,97.1,2161.9302664116467
3328,-35.91111111111111,-64.30000000000001,97.1,149.28791199156362
3329,-41.977777777777774,-71.51666666666667,97.1,876.8916401160476
3330,-28.21111111111111,-65.88305555555553,97.1,850.7792900443629
3331,-28.65,-65.15000000000002,97.1,814.6744360220371
3332,-32.79444444444444,-60.74444444444444,97.1,903.4725456934808
3333,-32.92777777777777,-60.81666666666668,97.1,20.606552616553056
3334,-23.911111111111108,-61.86111111111111,97.1,1.0
3335,-34.70000000000001,-58.58333333333334,97.1,1.0
3336,-34.511111111111106,-58.74444444444444,97.1,1.0
3337,-33.866666666666674,-65.19444444444444,97.1,430.9743358289759
3338,-27.733333333333334,-64.25000000000001,97.1,5935.376921204989
3339,-34.92777777777777,-57.95,97.1,1866.974204000265
3340,-29.41388888888889,-66.85749999999999,97.1,3889.645063648999
3341,-32.88333333333333,-68.82777777777775,97.1,143.56358141620845
3342,-34.63333333333334,-58.69444444444444,97.1,222.95980627905618
3343,-36.91111111111111,-60.28333333333334,97.1,206.7311463345249
3344,-27.31666666666667,-58.58333333333334,97.1,1.0
3345,-22.077777777777776,-63.72777777777778,97.1,1.0
3346,-34.72777777777778,-58.27777777777777,97.1,856.0771892523652
3347,-26.877777777777776,-60.21666666666668,97.1,39905.801103194375
3348,-35.49444444444445,-62.977777777777774,97.1,1.0
3349,-25.8,-64.97777777777777,97.1,1.0
3350,-33.39444444444444,-64.71666666666668,97.1,3814.4155959780396
3351,-38.33333333333334,-59.62777777777777,97.1,11.622949916098044
3352,-36.377777777777766,-56.755277777777785,97.1,4944.43451500574
3353,-34.43888888888889,-58.56666666666668,97.1,1877.168793517417
3354,-23.57777777777778,-65.37777777777777,97.1,19827.267135234877
3355,-34.56666666666668,-58.5611111111111,97.1,229.2808047334512
3356,-32.552777777777784,-56.94861111111111,97.1,991.4808711609127
3357,-23.14444444444444,-64.33333333333334,97.1,358.9812541579909
3358,-30.95,-59.8111111111111,97.1,894.011492953011
3359,-31.636111111111116,-60.72416666666666,97.1,324.7894089964818
3360,-27.79444444444444,-64.25000000000001,97.1,1.0
3361,-37.32777777777777,-59.150000000000006,97.1,446.65797617233363
3362,-35.977777777777774,-62.70000000000001,97.1,621.5862686440146
3363,-27.0,-65.5111111111111,97.1,4867.419991125389
3364,-54.79444444444443,-68.26944444444445,97.1,2395.1567200398254
3365,-40.8111111111111,-63.0,97.1,1049.8844097857886
3366,-31.411111111111108,-64.51666666666667,97.1,1.0
3367,-31.877777777777776,-59.02777777777777,97.1,1941.4975914009879
3368,-39.88333333333333,-62.58333333333334,97.1,431.1927418586294
3369,-34.10000000000001,-59.03333333333334,97.1,9839.781799543809
3370,-34.51666666666667,-58.766666666666666,97.1,14001.550914609305
3371,-27.463888888888885,-58.82500000000001,97.3,1.0
3372,-29.41388888888889,-66.85749999999999,97.3,4908.0214280942555
3373,-33.31944444444446,-60.24222222222223,97.3,1.0
3374,-38.72222222222223,-62.24944444444445,97.3,167.51640726832414
3375,-34.472222222222214,-58.377222222222215,97.3,809.591243120124
3376,-34.76111111111111,-58.2063888888889,97.3,1.0
3377,-34.19444444444444,-58.92777777777777,97.3,2898.465666199872
3378,-34.16666666666667,-59.8111111111111,97.3,1.0
3379,-33.05,-61.16666666666667,97.3,1.0
3380,-35.56666666666668,-58.02777777777777,97.3,846.4013134208767
3381,-37.31111111111111,-59.98333333333334,97.3,1917.4750694431598
3382,-43.31111111111111,-65.1,97.3,12806.715915946532
3383,-32.49444444444445,-58.23333333333333,97.3,1883.1852334306548
3384,-38.70000000000001,-61.28333333333334,97.3,1232.5250570322287
3385,-33.28333333333334,-62.2111111111111,97.3,207.70626964381168
3386,-31.869444444444447,-60.88888888888888,97.3,1.0
3387,-25.27222222222222,-64.06833333333333,97.3,1.0
3388,-34.63611111111111,-58.46000000000001,97.3,684.471539734199
3389,-26.194444444444443,-58.19444444444444,97.3,1314.0912110640231
3390,-34.31111111111111,-61.31111111111111,97.3,248.31118166796128
3391,-35.67777777777777,-63.74444444444444,97.3,2308.4871040882
3392,-33.65,-59.88333333333333,97.3,545.4804462011241
3393,-30.383333333333333,-60.41666666666666,97.3,1.0
3394,-34.67777777777777,-58.67777777777777,97.3,1.0
3395,-34.58333333333334,-60.977777777777774,97.3,5924.001084042139
3396,-30.23333333333333,-60.37777777777777,97.3,1958.0678602066498
3397,-34.766666666666666,-58.400000000000006,97.3,9843.228328120844
3398,-31.83333333333333,-63.75000000000001,97.3,1.0
3399,-32.70000000000001,-62.10000000000001,97.3,39948.24244935108
3400,-34.65,-59.44444444444444,97.3,1.0
3401,-26.57777777777778,-54.79444444444444,97.3,1.0
3402,-27.16666666666667,-65.5111111111111,97.3,47185.7190014954
3403,-34.46666666666667,-58.93333333333334,97.3,48.912423148424566
3404,-38.55833333333332,-58.74472222222222,97.3,1136.2523556571302
3405,-32.400000000000006,-59.8111111111111,97.3,1.0
3406,-37.62777777777777,-62.41666666666666,97.3,845.8579163816926
3407,-26.79444444444444,-60.45000000000001,97.3,9891.47289578049
3408,-42.766666666666666,-65.05,97.3,100.10226276308708
3409,-38.88333333333333,-62.09444444444444,97.3,1191.3353208589651
3410,-51.53333333333333,-72.30000000000001,97.3,1.0
3411,-31.266666666666666,-61.49444444444445,97.3,888.4720344020055
3412,-34.19722222222222,-60.74444444444444,97.3,122.07900223461675
3413,-32.95,-60.67777777777777,97.3,1.0
3414,-24.994444444444444,-65.59444444444442,97.3,90.94070398383579
3415,-24.780555555555555,-65.39500000000001,97.3,1.0
3416,-34.45000000000001,-59.45000000000001,97.3,9880.449021205332
3417,-41.13888888888889,-71.2786111111111,97.3,211.91545245172668
3418,-28.46666666666667,-65.78444444444443,97.3,2.0587749160347357
3419,-30.26111111111111,-68.75000000000001,97.3,321.95616555593523
3420,-33.31944444444446,-66.3261111111111,97.3,100.56694249290794
3421,-26.827777777777776,-65.21277777777779,97.3,2887.2178438628803
3422,-24.23333333333333,-64.87777777777777,97.3,29866.293068746218
3423,-34.611111111111114,-68.33333333333334,97.3,297.27859558867726
3424,-24.194444444444443,-65.30000000000001,97.3,8103.12166611876
3425,-27.383333333333333,-55.58333333333334,97.3,832.121896829779
3426,-31.636111111111116,-60.72416666666666,97.3,1.0
3427,-34.611111111111114,-58.5611111111111,97.3,1577.1811382601559
3428,-22.53333333333333,-63.81666666666668,97.3,457.93686558509233
3429,-38.39444444444444,-60.28333333333334,97.3,913.152214836478
3430,-36.45000000000001,-62.86111111111111,97.3,9816.826876089695
3431,-33.75000000000001,-61.977777777777774,97.3,302.98976481181603
3432,-31.677777777777774,-65.01722222222222,97.3,9876.606912569045
3433,-28.61666666666667,-61.65,97.3,2924.3221010853795
3434,-29.28611111111111,-67.02361111111112,97.3,407.3596784213293
3435,-36.62777777777777,-64.29027777777777,97.5,867.8440286670593
3436,-33.62777777777777,-62.62777777777777,97.5,107.17059717275178
3437,-27.611111111111107,-66.32777777777777,97.5,35339.79808764388
3438,-38.72222222222223,-62.24944444444445,97.5,1122.6002439114245
3439,-27.49444444444444,-58.93333333333334,97.5,1.0
3440,-37.67777777777777,-59.8111111111111,97.5,108.5329269478132
3441,-34.58333333333334,-58.42861111111111,97.5,887.0559596248502
3442,-32.81666666666668,-61.400000000000006,97.5,1.0
3443,-27.46666666666667,-55.75000000000001,97.5,1.0
3444,-29.883333333333336,-61.95,97.5,325.8011702471788
3445,-34.65,-60.46666666666667,97.5,116.51726713260683
3446,-34.91111111111111,-60.03333333333334,97.5,297.90884804222827
3447,-37.77222222222223,-67.71666666666668,97.5,24.852998215639893
3448,-45.85277777777779,-67.51305555555555,97.5,1.0
3449,-27.46666666666667,-58.833333333333336,97.5,1534.2021576644686
3450,-32.03333333333334,-60.32777777777777,97.5,460.25212904671446
3451,-50.33333333333334,-72.30000000000001,97.5,1.0
3452,-33.45000000000001,-61.49444444444445,97.5,99.32769767010089
3453,-26.194444444444443,-58.19444444444444,97.5,856.9299281960173
3454,-37.39444444444444,-64.6111111111111,97.5,1.0
3455,-24.938888888888894,-59.02638888888889,97.5,1.0
3456,-35.67777777777777,-63.74444444444444,97.5,1.0
3457,-39.05,-67.54444444444442,97.5,4874.350846523591
3458,-26.561111111111103,-59.35,97.5,2934.6536219720665
3459,-29.14444444444444,-59.26111111111111,97.5,2940.018798441007
3460,-33.02777777777777,-58.51666666666667,97.5,1924.9485684432655
3461,-37.03333333333334,-62.41666666666666,97.5,1167.8805388821688
3462,-26.49444444444444,-58.31111111111111,97.5,383.7042797951919
3463,-35.233333333333334,-63.58333333333334,97.5,905.1887717496141
3464,-27.611111111111107,-56.69444444444444,97.5,1.0
3465,-25.95,-60.62777777777777,97.5,885.287008886155
3466,-33.866666666666674,-65.19444444444444,97.5,3801.3302272403603
3467,-29.194444444444443,-56.65,97.5,431.3011170758257
3468,-30.76111111111111,-59.65,97.5,153.23361230931158
3469,-29.41388888888889,-66.85749999999999,97.5,44.13845147216906
3470,-39.400000000000006,-65.7,97.5,905.6897037084326
3471,-32.24166666666667,-65.03249999999998,97.5,1661.7473999350839
3472,-40.80555555555555,-65.08611111111111,97.5,8823.627641305091
3473,-46.5611111111111,-68.9611111111111,97.5,130.78172917481197
3474,-28.994444444444444,-63.44444444444444,97.5,3099.051808057022
3475,-29.350000000000005,-59.98333333333334,97.5,827.8121377730645
3476,-35.46666666666667,-69.59444444444442,97.5,9772.636672170638
3477,-34.02777777777777,-61.91111111111111,97.5,613.4538575012441
3478,-32.70000000000001,-62.10000000000001,97.5,491.80860892398664
3479,-26.20555555555556,-59.0763888888889,97.5,843.6094971421159
3480,-38.93055555555555,-68.06111111111113,97.5,2916.2855503811165
3481,-31.733333333333334,-60.53333333333333,97.5,24988.971436786804
3482,-33.91111111111111,-60.56666666666668,97.5,1.0
3483,-24.383333333333333,-65.1,97.5,1.0
3484,-27.377777777777776,-55.91111111111111,97.5,16889.669669547384
3485,-26.01666666666667,-54.65,97.5,635.1887616795925
3486,-42.766666666666666,-65.05,97.5,879.0130964360308
3487,-49.31111111111111,-67.71666666666668,97.5,394.76848254148086
3488,-38.88333333333333,-62.09444444444444,97.5,1.0
3489,-51.63055555555555,-69.25555555555556,97.5,3074.6805591246275
3490,-53.79444444444444,-67.7,97.5,2903.8731956982874
3491,-35.03333333333334,-64.25000000000001,97.5,89.00510766272534
3492,-27.46111111111111,-58.98333333333334,97.5,81.85285433719957
3493,-32.95,-60.67777777777777,97.5,5837.387325398253
3494,-31.16111111111111,-64.32777777777777,97.5,1.0
3495,-24.780555555555555,-65.39500000000001,97.5,9754.386988011498
3496,-30.383333333333333,-58.75000000000001,97.5,16.957853272203373
3497,-32.75000000000001,-60.74444444444444,97.5,858.0552036864233
3498,-27.500000000000004,-58.56666666666668,97.5,16865.844417263685
3499,-33.31944444444446,-66.3261111111111,97.5,1381.8664890419914
3500,-26.827777777777776,-65.21277777777779,97.5,241.13099885951343
3501,-24.23333333333333,-64.87777777777777,97.5,1545.5571573141833
3502,-31.636111111111116,-60.72416666666666,97.5,133.21569611458358
3503,-36.54166666666666,-56.70194444444444,97.5,43.918129472927454
3504,-27.79444444444444,-64.25000000000001,97.5,45072.412257823205
3505,-31.116666666666667,-60.88333333333333,97.5,2925.0417547410398
3506,-30.944444444444443,-61.56666666666668,97.5,907.5235947418139
3507,-36.35,-60.02777777777777,97.5,149.9445213671717
3508,-28.077777777777776,-67.56666666666668,97.5,1.0
3509,-43.26111111111111,-65.30000000000001,97.5,1.0
3510,-33.56666666666668,-69.01666666666668,97.5,820.9519310111681
3511,-54.79444444444443,-68.26944444444445,97.5,2991.7873904615376
3512,-36.21666666666668,-65.46111111111111,97.5,746.7522289861889
3513,-34.833333333333336,-67.90000000000002,97.5,5944.1372209818655
3514,-37.25555555555556,-56.97666666666666,97.5,1.0
3515,-32.416666666666664,-63.26111111111111,97.5,166.89880298065506
3516,-31.97777777777777,-68.41666666666667,97.5,1.0
3517,-33.677777777777784,-65.46638888888887,97.5,319.25658903810887
3518,-32.44444444444444,-63.26111111111111,97.5,1.0
3519,-30.64444444444444,-67.46666666666667,97.5,21215.60053538183
3520,-38.977777777777774,-67.83333333333333,97.7,1.0
3521,-27.911111111111108,-55.75000000000001,97.7,14869.89979355734
3522,-36.79444444444444,-59.86111111111111,97.7,268.3994018145712
3523,-34.75000000000001,-58.400000000000006,97.7,36732.31909834591
3524,-27.877777777777776,-59.31111111111111,97.7,820.8344428000374
3525,-34.511111111111106,-58.56666666666668,97.7,16290.130750829088
3526,-34.64166666666667,-58.51722222222222,97.7,1.0
3527,-34.65277777777777,-58.47166666666666,97.7,2909.894177498299
3528,-31.31666666666667,-64.22777777777777,97.7,9886.351711712807
3529,-27.34444444444444,-55.05,97.7,1.0
3530,-37.11666666666667,-56.88333333333333,97.7,1.0
3531,-35.63333333333334,-61.37777777777777,97.7,265.2581512852195
3532,-31.65,-68.28333333333333,97.7,16830.396894692287
3533,-29.16666666666667,-67.5111111111111,97.7,809.6740338870227
3534,-25.28333333333334,-57.72777777777778,97.7,609.7078743563428
3535,-45.85277777777779,-67.51305555555555,97.7,1.0
3536,-32.56666666666668,-65.25000000000001,97.7,1.0
3537,-38.93333333333334,-69.23333333333333,97.7,4865.544143190621
3538,-26.416666666666668,-54.62777777777777,97.7,1.0
3539,-27.050000000000004,-65.4111111111111,97.7,897.1297245948593
3540,-34.833333333333336,-58.400000000000006,97.7,12442.30257504742
3541,-35.67777777777777,-63.74444444444444,97.7,1.0
3542,-32.92777777777777,-68.83333333333333,97.7,1080.1432675438439
3543,-33.02777777777777,-58.51666666666667,97.7,1.0
3544,-25.083333333333336,-64.19444444444444,97.7,868.3536824804677
3545,-31.411111111111108,-61.98333333333334,97.7,1.0
3546,-34.92777777777777,-57.95,97.7,2402.9051135625964
3547,-29.41388888888889,-66.85749999999999,97.7,75.29765114897647
3548,-34.56666666666668,-59.10000000000001,97.7,355.99958886436525
3549,-33.05,-68.87777777777777,97.7,864.2185680711823
3550,-38.0,-57.5611111111111,97.7,1.0
3551,-34.65,-59.44444444444444,97.7,2746.310384496702
3552,-38.93055555555555,-68.06111111111113,97.7,77.14203477908498
3553,-37.094444444444456,-56.86722222222223,97.7,1006.7203897520274
3554,-26.79444444444444,-60.45000000000001,97.7,1.0
3555,-42.766666666666666,-65.05,97.7,1504.4036659158826
3556,-31.16666666666667,-64.33333333333334,97.7,1.0
3557,-33.11666666666667,-64.33333333333334,97.7,267.1228258585808
3558,-27.46111111111111,-58.98333333333334,97.7,4.580836768142889
3559,-35.63333333333334,-59.79444444444444,97.7,2910.7042285985126
3560,-36.75000000000001,-62.93333333333334,97.7,23.99130328929869
3561,-24.780555555555555,-65.39500000000001,97.7,9760.839606147909
3562,-34.24444444444444,-59.46833333333333,97.7,9827.923173284571
3563,-41.13888888888889,-71.2786111111111,97.7,1.0
3564,-28.46666666666667,-65.78444444444443,97.7,878.0023435949681
3565,-30.34444444444444,-58.32777777777777,97.7,1.0
3566,-31.53333333333333,-68.54444444444442,97.7,203.5587559891147
3567,-40.16666666666667,-71.36111111111109,97.7,1913.364441570997
3568,-26.827777777777776,-65.21277777777779,97.7,921.582623552437
3569,-33.67777777777777,-59.69444444444444,97.7,888.3814557636179
3570,-23.14444444444444,-64.33333333333334,97.7,50.832637897569434
3571,-24.194444444444443,-65.30000000000001,97.7,183.5727028528127
3572,-31.636111111111116,-60.72416666666666,97.7,1.0
3573,-32.077777777777776,-64.5611111111111,97.7,1935.352007624922
3574,-32.33333333333334,-65.20000000000002,97.7,438.49252369088225
3575,-27.79444444444444,-64.25000000000001,97.7,1895.7928068880324
3576,-37.32777777777777,-59.150000000000006,97.7,6.855089451698348
3577,-27.49444444444444,-64.87777777777777,97.7,105.67458252926221
3578,-34.46666666666667,-58.766666666666666,97.7,118.77315385729062
3579,-36.28055555555555,-62.54722222222223,97.7,1.0
3580,-38.39444444444444,-60.28333333333334,97.7,128.87927444341838
3581,-33.75000000000001,-61.977777777777774,97.7,4837.895230843741
3582,-34.86944444444445,-58.27222222222222,97.7,9856.425003927608
3583,-31.994444444444444,-64.56666666666668,97.7,499.27120503316513
3584,-28.46666666666667,-59.37777777777777,97.7,338.8306568959996
3585,-39.10000000000001,-67.06666666666668,97.7,1.0
3586,-32.11666666666667,-64.75000000000001,97.7,9734.350975612708
3587,-28.39444444444445,-66.21805555555555,97.7,1.0
3588,-32.95,-60.67777777777777,97.9,19814.135580863203
3589,-34.62777777777777,-58.37972222222222,97.9,408.6049269951201
3590,-38.72222222222223,-62.24944444444445,97.9,130.1906903975106
3591,-28.46666666666667,-62.833333333333336,97.9,14932.603644101828
3592,-33.16666666666667,-65.0,97.9,1.0
3593,-38.03333333333334,-60.10000000000001,97.9,847.0018590456837
3594,-39.21666666666668,-70.9611111111111,97.9,815.9331792432167
3595,-33.8111111111111,-59.51666666666667,97.9,1.0
3596,-27.65,-67.04444444444444,97.9,275.5220305400089
3597,-28.52777777777777,-59.03333333333334,97.9,914.7370730182458
3598,-34.75000000000001,-65.25000000000001,97.9,2068.581289819871
3599,-31.31666666666667,-64.22777777777777,97.9,1.0
3600,-38.8111111111111,-68.14444444444443,97.9,16878.999809351644
3601,-38.86111111111111,-60.09444444444444,97.9,1.0
3602,-27.46666666666667,-58.833333333333336,97.9,1.0
3603,-30.733333333333334,-64.80000000000001,97.9,25.874164227773083
3604,-30.433333333333337,-64.36111111111109,97.9,1.0
3605,-35.91111111111111,-64.30000000000001,97.9,1.0
3606,-34.53333333333333,-68.22777777777777,97.9,38063.06160877844
3607,-42.838888888888896,-71.34416666666668,97.9,93.60402598444661
3608,-26.194444444444443,-58.19444444444444,97.9,1.0
3609,-27.883333333333336,-63.977777777777774,97.9,1.0
3610,-37.39444444444444,-64.6111111111111,97.9,1937.037966303548
3611,-39.05,-67.54444444444442,97.9,7638.635887885085
3612,-26.561111111111103,-59.35,97.9,17.33824942102127
3613,-29.14444444444444,-59.26111111111111,97.9,1.0
3614,-34.511111111111106,-63.93333333333334,97.9,1.0
3615,-31.87222222222222,-62.715833333333336,97.9,1.0
3616,-33.01944444444445,-69.28055555555557,97.9,1.0
3617,-23.8,-64.80000000000001,97.9,281.755988003418
3618,-34.416666666666664,-58.8111111111111,97.9,1.0
3619,-36.57777777777778,-56.702500000000015,97.9,470.45447079440754
3620,-25.49444444444444,-64.9611111111111,97.9,12.811153214785888
3621,-34.65,-58.61722222222222,97.9,17545.931661643943
3622,-38.55833333333332,-58.74472222222222,97.9,9901.404739985603
3623,-38.93055555555555,-68.06111111111113,97.9,833.0236082733147
3624,-34.63333333333334,-58.69444444444444,97.9,148.6641217782985
3625,-36.91111111111111,-60.28333333333334,97.9,188.19040692403854
3626,-34.233333333333334,-58.866666666666674,97.9,234.99970619609763
3627,-26.04444444444444,-59.92777777777777,97.9,2096.0765534012594
3628,-26.52777777777777,-61.16666666666667,97.9,329.6422677953094
3629,-31.733333333333334,-60.53333333333333,97.9,7826.56170055472
3630,-37.62777777777777,-62.41666666666666,97.9,19655.444615595654
3631,-36.02777777777777,-58.14444444444444,97.9,121.33323367373535
3632,-39.02777777777777,-64.09444444444443,97.9,827.179772455195
3633,-53.79444444444444,-67.7,97.9,1.0
3634,-31.266666666666666,-61.49444444444445,97.9,1.0
3635,-43.31111111111111,-65.1,97.9,238.83777696494738
3636,-29.16111111111111,-59.65,97.9,1.0
3637,-24.780555555555555,-65.39500000000001,97.9,9706.482790098637
3638,-36.74444444444444,-56.70000000000001,97.9,1.0
3639,-41.13888888888889,-71.2786111111111,97.9,339.20917834089346
3640,-30.31666666666667,-61.23333333333333,97.9,870.2125962739153
3641,-31.561111111111103,-61.09444444444444,97.9,1613.250014042999
3642,-31.53333333333333,-68.54444444444442,97.9,191.03399145248892
3643,-31.636111111111116,-60.72416666666666,97.9,8393.602592402418
3644,-36.62777777777777,-64.29027777777777,97.9,834.4703584876372
3645,-27.79444444444444,-64.25000000000001,97.9,300.7851644776216
3646,-28.561111111111103,-56.05,97.9,1.0
3647,-22.53333333333333,-63.81666666666668,97.9,358.6445171882418
3648,-43.26111111111111,-65.30000000000001,97.9,4908.402782148738
3649,-26.350000000000005,-60.44444444444444,97.9,878.6669613765148
3650,-33.37777777777777,-69.14444444444443,97.9,5033.081314652395
3651,-33.75000000000001,-61.977777777777774,97.9,418.3730759942243
3652,-31.411111111111108,-64.51666666666667,97.9,1.0
3653,-24.75277777777778,-59.488888888888894,97.9,1.0
3654,-34.833333333333336,-64.59444444444442,97.9,77.90019195407416
3655,-33.677777777777784,-65.46638888888887,97.9,1854.2359252848023
3656,-38.26388888888889,-57.85944444444444,98.1,3899.2915058742583
3657,-34.8111111111111,-58.39444444444444,98.1,68.12656987208311
3658,-31.677777777777774,-64.43333333333335,98.1,421.7182968662074
3659,-27.611111111111107,-66.32777777777777,98.1,257.04266284867305
3660,-34.05,-60.11666666666667,98.1,231.83716363074942
3661,-34.76111111111111,-58.2063888888889,98.1,1.0
3662,-34.866666666666674,-57.88333333333333,98.1,1.0
3663,-30.850000000000005,-64.51666666666667,98.1,1.0
3664,-26.944444444444443,-55.077777777777776,98.1,1.0
3665,-33.05,-61.16666666666667,98.1,1.0
3666,-31.65,-68.28333333333333,98.1,1.0
3667,-39.05,-67.38333333333335,98.1,890.8271170583093
3668,-27.22777777777777,-61.2111111111111,98.1,95.12067784544328
3669,-25.111111111111107,-65.5611111111111,98.1,29915.37316511109
3670,-34.91111111111111,-60.03333333333334,98.1,1.0
3671,-38.93333333333334,-67.98333333333335,98.1,135.9504861055734
3672,-27.34444444444444,-58.93333333333334,98.1,153.71851160376303
3673,-45.85277777777779,-67.51305555555555,98.1,1.0
3674,-32.49444444444445,-58.23333333333333,98.1,5903.777387727307
3675,-27.46666666666667,-58.833333333333336,98.1,1.0
3676,-50.33333333333334,-72.30000000000001,98.1,17062.941317419256
3677,-31.077777777777776,-60.74444444444444,98.1,9829.24538401061
3678,-34.63611111111111,-58.46000000000001,98.1,698.6147404448105
3679,-26.194444444444443,-58.19444444444444,98.1,810.8300742377639
3680,-31.583333333333336,-60.93333333333334,98.1,916.1846560160416
3681,-32.8111111111111,-63.866666666666674,98.1,196.9218276376029
3682,-33.10555555555555,-60.560555555555545,98.1,909.9162593426227
3683,-34.02777777777777,-63.93333333333334,98.1,1.0
3684,-35.67777777777777,-63.74444444444444,98.1,1.0
3685,-34.62777777777777,-58.95,98.1,342.94285656724594
3686,-48.766666666666666,-70.25000000000001,98.1,816.5927324947907
3687,-33.02777777777777,-58.51666666666667,98.1,9807.099025494645
3688,-34.833333333333336,-64.38333333333335,98.1,1.0
3689,-27.425,-57.33611111111112,98.1,4916.13696039896
3690,-34.511111111111106,-63.93333333333334,98.1,1.0
3691,-29.41388888888889,-66.85749999999999,98.1,207.32540016991808
3692,-46.5611111111111,-68.9611111111111,98.1,95.41784751918493
3693,-38.0,-57.5611111111111,98.1,216.30604392300143
3694,-34.33333333333334,-63.44444444444444,98.1,1.0
3695,-32.88333333333333,-68.82777777777775,98.1,437.84329452393365
3696,-38.92777777777777,-61.5611111111111,98.1,4741.4787901579075
3697,-25.802777777777784,-62.83055555555555,98.1,305.6050548291344
3698,-38.93055555555555,-68.06111111111113,98.1,411.45124597216784
3699,-36.91111111111111,-60.28333333333334,98.1,6528.12980318855
3700,-33.766666666666666,-60.10000000000001,98.1,1885.3506432486197
3701,-31.733333333333334,-60.53333333333333,98.1,411.12702618568517
3702,-39.49444444444445,-62.69444444444444,98.1,18.311262573904923
3703,-35.81666666666668,-61.91111111111111,98.1,9792.058594673137
3704,-23.31666666666667,-64.22777777777777,98.1,842.7903538000319
3705,-46.8111111111111,-67.97777777777777,98.1,1.0
3706,-37.094444444444456,-56.86722222222223,98.1,33.264950092412114
3707,-27.377777777777776,-55.91111111111111,98.1,4830.640433700406
3708,-26.79444444444444,-60.45000000000001,98.1,1.0
3709,-38.88333333333333,-62.09444444444444,98.1,40925.926627263056
3710,-27.64444444444444,-62.41666666666666,98.1,1.0
3711,-32.21666666666668,-65.80000000000001,98.1,4115.82421037142
3712,-45.69444444444444,-70.27777777777777,98.1,208.34845856247347
3713,-31.677777777777774,-63.92777777777777,98.1,414.7157153046414
3714,-32.19444444444444,-64.1,98.1,9749.595460014036
3715,-31.65,-68.46666666666667,98.1,237.51857776002447
3716,-27.46111111111111,-58.98333333333334,98.1,749.7215189664672
3717,-25.383333333333333,-58.31111111111111,98.1,1.0
3718,-37.2111111111111,-63.23333333333333,98.1,1.0
3719,-32.31111111111111,-59.14444444444444,98.1,1.431217986966617
3720,-40.74444444444444,-64.93333333333334,98.1,1411.4827536060866
3721,-34.24444444444444,-59.46833333333333,98.1,1.0
3722,-41.13888888888889,-71.2786111111111,98.1,1.0
3723,-31.433333333333337,-62.077777777777776,98.1,232.8786358347781
3724,-31.611111111111107,-60.58333333333334,98.1,910.5040783466094
3725,-31.53333333333333,-68.54444444444442,98.1,1908.5445429350918
3726,-26.827777777777776,-65.21277777777779,98.1,1.0
3727,-33.31944444444446,-60.24222222222223,98.1,1.0
3728,-26.64444444444444,-54.14444444444444,98.1,17518.312010347072
3729,-31.61666666666667,-58.51111111111111,98.1,22.199832895731053
3730,-24.194444444444443,-65.30000000000001,98.1,7407.1202373117685
3731,-31.636111111111116,-60.72416666666666,98.1,8311.218033669884
3732,-36.62777777777777,-64.29027777777777,98.1,3243.8662068552553
3733,-32.077777777777776,-64.5611111111111,98.1,1.0
3734,-27.79444444444444,-64.25000000000001,98.1,4912.713091057369
3735,-31.23333333333333,-59.21666666666668,98.1,3091.49613925141
3736,-39.0,-68.41666666666667,98.1,861.629650650341
3737,-26.733333333333334,-65.27777777777777,98.1,123.19082997614402
3738,-32.74444444444444,-65.30000000000001,98.1,24.6112260890822
3739,-29.23333333333333,-61.766666666666666,98.1,1.0
3740,-36.45000000000001,-62.86111111111111,98.1,450.44603640755975
3741,-54.79444444444443,-68.26944444444445,98.1,850.6697617840807
3742,-34.74444444444444,-58.400000000000006,98.1,155.93398042682975
3743,-27.583333333333336,-60.72777777777778,98.1,380.37821174624054
3744,-31.311111111111117,-64.30000000000001,98.1,162.1099850870587
3745,-32.416666666666664,-63.26111111111111,98.1,903.9724043584182
3746,-33.677777777777784,-65.46638888888887,98.1,9877.031372073887
3747,-31.350000000000005,-66.6111111111111,98.2,1.0
3748,-34.56944444444445,-58.42305555555555,98.3,188.57782892798986
3749,-29.14444444444444,-59.26111111111111,98.3,1.0
3750,-26.64444444444444,-54.14444444444444,98.3,888.6139050149573
3751,-27.611111111111107,-55.32777777777777,98.3,2178.164443381616
3752,-27.0,-54.46666666666667,98.3,16332.895162985535
3753,-35.03333333333334,-60.27777777777777,98.3,46.03014824313605
3754,-38.72222222222223,-62.24944444444445,98.3,19891.79277643501
3755,-34.866666666666674,-57.88333333333333,98.3,1.0
3756,-35.11666666666667,-60.51111111111111,98.3,867.6448820636883
3757,-46.43055555555556,-67.5361111111111,98.3,1.0
3758,-37.19444444444444,-62.74444444444444,98.3,9838.089112047874
3759,-35.39444444444444,-62.41666666666666,98.3,634.4876001743484
3760,-30.350000000000005,-66.32777777777777,98.3,1166.8794052969242
3761,-31.350000000000005,-66.6111111111111,98.3,4952.24163952
3762,-39.10000000000001,-66.93333333333334,98.3,1.0
3763,-38.81666666666668,-68.06666666666668,98.3,1.0
3764,-31.411111111111108,-58.02777777777777,98.3,9730.9442859747
3765,-38.70000000000001,-61.28333333333334,98.3,93.23292304622979
3766,-37.977777777777774,-61.37777777777777,98.3,1.0
3767,-37.43888888888889,-57.71999999999999,98.3,366.32751125353434
3768,-27.46666666666667,-58.833333333333336,98.3,863.1433715248032
3769,-31.26111111111111,-64.48333333333335,98.3,1.0
3770,-32.03333333333334,-60.32777777777777,98.3,40.825375345081554
3771,-36.286111111111104,-57.69583333333332,98.3,1.0
3772,-35.91111111111111,-64.30000000000001,98.3,255.1788775594089
3773,-26.194444444444443,-58.19444444444444,98.3,9844.987057088296
3774,-31.14444444444444,-64.15000000000002,98.3,35309.35263315655
3775,-34.766666666666666,-61.88333333333333,98.3,900.1873469375535
3776,-39.05,-67.54444444444442,98.3,1.0
3777,-37.03333333333334,-61.95,98.3,9900.91268008365
3778,-34.39444444444444,-58.75000000000001,98.3,474.2834257976527
3779,-25.083333333333336,-64.19444444444444,98.3,1.0
3780,-28.050000000000004,-58.23333333333333,98.3,14728.72194850258
3781,-32.35,-65.04444444444444,98.3,2964.693296513502
3782,-32.56666666666668,-60.86111111111111,98.3,2326.857876537731
3783,-24.26111111111111,-65.20000000000002,98.3,1897.393625223474
3784,-31.733333333333334,-60.53333333333333,98.3,1.0
3785,-33.91111111111111,-60.56666666666668,98.3,1.0
3786,-29.16111111111111,-62.65,98.3,1509.4976072891016
3787,-27.377777777777776,-55.91111111111111,98.3,1.0
3788,-42.766666666666666,-65.05,98.3,298.7963321990845
3789,-49.31111111111111,-67.71666666666668,98.3,3833.95804185142
3790,-38.88333333333333,-62.09444444444444,98.3,3849.390869339407
3791,-33.11666666666667,-64.33333333333334,98.3,333.5024453189966
3792,-53.79444444444444,-67.7,98.3,3914.560897055106
3793,-31.266666666666666,-61.49444444444445,98.3,5888.777128466463
3794,-33.49444444444445,-60.02777777777777,98.3,917.1387633486526
3795,-27.46111111111111,-58.98333333333334,98.3,1.0
3796,-34.19722222222222,-60.74444444444444,98.3,39.66841520393996
3797,-32.95,-60.67777777777777,98.3,93.11240448182039
3798,-24.780555555555555,-65.39500000000001,98.3,1.0
3799,-31.194444444444443,-65.1,98.3,38.55297244462688
3800,-31.53333333333333,-68.54444444444442,98.3,1.0
3801,-26.827777777777776,-65.21277777777779,98.3,338.4192633502419
3802,-34.611111111111114,-68.33333333333334,98.3,10620.385612773318
3803,-31.636111111111116,-60.72416666666666,98.3,1.0
3804,-36.62777777777777,-64.29027777777777,98.3,1940.1540351804358
3805,-36.54166666666666,-56.70194444444444,98.3,1490.7706580055599
3806,-37.32777777777777,-59.150000000000006,98.3,1.0
3807,-43.26111111111111,-65.30000000000001,98.3,14878.58437862555
3808,-35.2111111111111,-62.766666666666666,98.3,834.6167034575324
3809,-27.0,-65.5111111111111,98.3,162.4221731251254
3810,-54.79444444444443,-68.26944444444445,98.3,2959.1691975448753
3811,-34.74444444444444,-58.400000000000006,98.3,17.879057587783244
3812,-33.75000000000001,-61.977777777777774,98.3,1698.413846328143
3813,-31.411111111111108,-64.51666666666667,98.3,1.0
3814,-27.375,-54.74444444444445,98.5,5908.897724485827
3815,-34.672222222222224,-63.36861111111112,98.5,321.39241657052264
3816,-34.67777777777777,-58.39444444444444,98.5,899.8482467137978
3817,-31.0,-62.67777777777777,98.5,1.0
3818,-34.76111111111111,-58.2063888888889,98.5,1358.1140379856338
3819,-31.31666666666667,-64.22777777777777,98.5,3217.366118233042
3820,-45.85277777777779,-67.51305555555555,98.5,376.0071086937204
3821,-37.46666666666667,-61.92777777777777,98.5,881.7132730894576
3822,-33.0,-61.81666666666668,98.5,340.79128901896047
3823,-38.93333333333334,-69.23333333333333,98.5,9839.739309940687
3824,-31.46111111111111,-60.93333333333334,98.5,426.2307227900674
3825,-30.0,-59.51666666666667,98.5,5970.3329772198185
3826,-26.194444444444443,-58.19444444444444,98.5,4724.099194688496
3827,-39.32777777777777,-65.77777777777776,98.5,231.79443417352036
3828,-27.49444444444444,-55.833333333333336,98.5,1.0
3829,-24.677777777777774,-65.05,98.5,225.07256378232248
3830,-35.67777777777777,-63.74444444444444,98.5,4930.574985740467
3831,-26.561111111111103,-59.35,98.5,1.0
3832,-32.92777777777777,-68.83333333333333,98.5,577.897152515726
3833,-35.5611111111111,-63.37777777777777,98.5,4849.189268128004
3834,-29.14444444444444,-59.26111111111111,98.5,147.26411245303143
3835,-31.266666666666666,-61.05,98.5,905.123247812779
3836,-34.611111111111114,-58.63333333333334,98.5,2.5198807896120865
3837,-35.416666666666664,-64.48333333333335,98.5,1.0
3838,-27.611111111111107,-56.69444444444444,98.5,4066.9921150438126
3839,-33.46666666666667,-67.5611111111111,98.5,1.0
3840,-32.86111111111111,-68.82777777777775,98.5,36.225347951288164
3841,-34.86111111111111,-58.400000000000006,98.5,7723.07195457363
3842,-34.8111111111111,-58.45000000000001,98.5,136.89818127129743
3843,-34.56666666666668,-59.10000000000001,98.5,29912.83955465051
3844,-35.077777777777776,-57.53333333333333,98.5,34793.77414542722
3845,-38.0,-57.5611111111111,98.5,32.16053902088004
3846,-34.74444444444444,-58.79444444444444,98.5,1.0
3847,-32.88333333333333,-68.82777777777775,98.5,1881.5138512889712
3848,-34.81666666666668,-58.49444444444445,98.5,328.0901516991672
3849,-38.55833333333332,-58.74472222222222,98.5,1.0
3850,-38.93055555555555,-68.06111111111113,98.5,1890.9996118070512
3851,-24.26111111111111,-65.20000000000002,98.5,1.0
3852,-35.14444444444444,-64.54444444444442,98.5,8486.37811764385
3853,-35.81666666666668,-61.91111111111111,98.5,1.0
3854,-24.383333333333333,-65.1,98.5,1.0
3855,-32.03333333333334,-62.92777777777777,98.5,1.0
3856,-26.79444444444444,-60.45000000000001,98.5,24913.219928178976
3857,-38.88333333333333,-62.09444444444444,98.5,1680.7968589193051
3858,-53.79444444444444,-67.7,98.5,4725.264320228254
3859,-51.53333333333333,-72.30000000000001,98.5,212.57824398528527
3860,-34.8111111111111,-58.37777777777777,98.5,121.8754397527377
3861,-27.46111111111111,-58.98333333333334,98.5,1.0
3862,-37.388888888888886,-68.925,98.5,391.1516862091358
3863,-33.19444444444444,-68.46666666666667,98.5,818.7024875491428
3864,-32.95,-60.67777777777777,98.5,895.1456669313274
3865,-24.994444444444444,-65.59444444444442,98.5,17.555804330653284
3866,-28.266666666666666,-58.62777777777777,98.5,19869.65046267551
3867,-35.63333333333334,-59.79444444444444,98.5,1.0
3868,-34.24444444444444,-59.46833333333333,98.5,25897.53823103866
3869,-36.74444444444444,-56.70000000000001,98.5,1.0
3870,-41.13888888888889,-71.2786111111111,98.5,392.1246742734101
3871,-28.46666666666667,-65.78444444444443,98.5,117.5196033337714
3872,-30.583333333333336,-59.95,98.5,323.6583331787553
3873,-33.31944444444446,-66.3261111111111,98.5,836.7130187701779
3874,-33.31944444444446,-60.24222222222223,98.5,291.463749285427
3875,-26.53333333333333,-53.93333333333334,98.5,242.12302676508745
3876,-28.57777777777778,-58.72777777777778,98.5,2345.0833222405086
3877,-31.636111111111116,-60.72416666666666,98.5,1474.1231813243705
3878,-26.683333333333334,-66.04444444444444,98.5,5213.186055633012
3879,-27.79444444444444,-64.25000000000001,98.5,8.18428058432936
3880,-38.150000000000006,-61.8111111111111,98.5,873.8740817311076
3881,-27.49444444444444,-64.87777777777777,98.5,850.6065674815542
3882,-28.077777777777776,-67.56666666666668,98.5,171.31505402620212
3883,-33.56666666666668,-69.01666666666668,98.5,402.1707238956588
3884,-33.37777777777777,-69.14444444444443,98.5,91.72620076339246
3885,-40.8111111111111,-63.0,98.5,1.0
3886,-40.8111111111111,-63.0,98.5,1.0
3887,-31.941666666666663,-65.18750000000003,98.5,1.0
3888,-34.602777777777774,-58.37583333333334,98.7,1440.9082122540513
3889,-38.72222222222223,-62.24944444444445,98.7,944.3830592244991
3890,-28.52777777777777,-59.03333333333334,98.7,19897.41203208067
3891,-34.86944444444445,-61.28888888888888,98.7,2241.5380439321
3892,-34.611111111111114,-58.37638888888889,98.7,1.0
3893,-37.05,-69.83333333333333,98.7,9787.485280726729
3894,-31.31666666666667,-64.22777777777777,98.7,8299.22551139865
3895,-35.63333333333334,-61.37777777777777,98.7,309.8542370659086
3896,-36.44444444444444,-63.400000000000006,98.7,851.2455518113616
3897,-29.883333333333336,-61.95,98.7,31543.56670725917
3898,-22.10555555555556,-59.25638888888888,98.7,660.7705180604905
3899,-34.91111111111111,-60.03333333333334,98.7,9898.167939012015
3900,-38.81666666666668,-68.06666666666668,98.7,1.0
3901,-45.85277777777779,-67.51305555555555,98.7,1.0
3902,-26.194444444444443,-58.19444444444444,98.7,303.7518509268866
3903,-34.31111111111111,-61.31111111111111,98.7,850.1877808942772
3904,-40.10000000000001,-64.43333333333335,98.7,4890.168464646013
3905,-37.27777777777777,-61.28333333333334,98.7,39865.52361193789
3906,-39.05,-67.54444444444442,98.7,199.58643432711358
3907,-34.766666666666666,-58.65,98.7,1.0
3908,-33.02777777777777,-58.51666666666667,98.7,4702.096485329929
3909,-37.03333333333334,-61.95,98.7,868.9518474270119
3910,-34.833333333333336,-64.38333333333335,98.7,1.0
3911,-34.611111111111114,-59.16666666666667,98.7,420.0368477565673
3912,-34.58333333333334,-60.977777777777774,98.7,2795.3881669767925
3913,-29.41388888888889,-66.85749999999999,98.7,3108.312400066174
3914,-37.5611111111111,-60.81666666666668,98.7,429.7938615691603
3915,-27.083333333333336,-61.09444444444444,98.7,80.51154399968733
3916,-40.80555555555555,-65.08611111111111,98.7,29930.61815379638
3917,-32.49444444444445,-61.58333333333334,98.7,1041.1203434006202
3918,-34.866666666666674,-61.53333333333333,98.7,228.260633357608
3919,-32.35,-65.04444444444444,98.7,48.11309245161461
3920,-38.26388888888889,-57.85944444444444,98.7,2316.0764814662334
3921,-34.65,-58.61722222222222,98.7,1.0
3922,-38.55833333333332,-58.74472222222222,98.7,1.0
3923,-38.93055555555555,-68.06111111111113,98.7,634.7491530160846
3924,-32.400000000000006,-59.8111111111111,98.7,60.579841101862726
3925,-36.91111111111111,-60.28333333333334,98.7,892.4017073515666
3926,-36.91111111111111,-60.28333333333334,98.7,1.0
3927,-31.733333333333334,-60.53333333333333,98.7,917.2968714874944
3928,-34.75000000000001,-58.72777777777778,98.7,51.82177174074738
3929,-27.377777777777776,-55.91111111111111,98.7,1.0
3930,-26.8,-55.02777777777777,98.7,1.0
3931,-31.16666666666667,-64.33333333333334,98.7,16829.424257383766
3932,-33.11666666666667,-64.33333333333334,98.7,8367.974231680335
3933,-51.63055555555555,-69.25555555555556,98.7,1.0
3934,-53.79444444444444,-67.7,98.7,3805.2400633777465
3935,-31.266666666666666,-61.49444444444445,98.7,872.9590935512318
3936,-32.95,-60.67777777777777,98.7,29858.25583296043
3937,-25.8,-64.97777777777777,98.7,177.0360553407683
3938,-31.16111111111111,-64.32777777777777,98.7,1421.8674713871326
3939,-30.31666666666667,-61.23333333333333,98.7,1.0
3940,-26.827777777777776,-65.21277777777779,98.7,210.52576345680666
3941,-34.611111111111114,-68.33333333333334,98.7,24974.0267137767
3942,-31.636111111111116,-60.72416666666666,98.7,788.2652371052711
3943,-38.39444444444444,-60.28333333333334,98.7,57.820699832101326
3944,-54.79444444444443,-68.26944444444445,98.7,1.0
3945,-24.727777777777774,-65.41666666666667,98.7,1875.593987263988
3946,-33.75000000000001,-61.977777777777774,98.7,907.653698899386
3947,-27.583333333333336,-60.72777777777778,98.7,177.5286813293945
3948,-31.411111111111108,-64.51666666666667,98.7,19902.175451057257
3949,-33.233333333333334,-60.33333333333334,98.7,1.0
3950,-31.04444444444444,-64.48333333333335,98.7,78.5603065495189
3951,-39.10000000000001,-67.06666666666668,98.7,14629.603782118378
3952,-26.26111111111111,-53.62777777777777,98.9,101.08957264447572
3953,-37.11111111111112,-56.86333333333334,98.9,11.18684024946116
3954,-31.0,-57.88333333333333,98.9,680.9521174972473
3955,-30.772222222222226,-64.41111111111111,98.9,4920.804045912977
3956,-29.111111111111107,-56.53333333333333,98.9,1.0
3957,-34.67777777777777,-58.39444444444444,98.9,18981.547449520745
3958,-36.79444444444444,-59.86111111111111,98.9,4086.957984355062
3959,-38.72222222222223,-62.24944444444445,98.9,1.0
3960,-34.75000000000001,-58.400000000000006,98.9,1908.2975924912237
3961,-35.11666666666667,-60.51111111111111,98.9,193.82856575829157
3962,-34.62499999999999,-58.484166666666674,98.9,219.47047487561395
3963,-39.16666666666667,-66.15000000000002,98.9,3844.150114634022
3964,-25.28333333333334,-57.72777777777778,98.9,24956.34179955974
3965,-31.04444444444444,-64.09444444444443,98.9,1.0
3966,-27.34444444444444,-65.59444444444442,98.9,255.8802458898326
3967,-31.39166666666667,-58.01694444444445,98.9,391.7497005253074
3968,-27.46666666666667,-58.833333333333336,98.9,181.03877921081937
3969,-38.93333333333334,-69.23333333333333,98.9,161.6287784991917
3970,-32.19444444444444,-61.74444444444444,98.9,1.0
3971,-23.22777777777777,-64.1,98.9,1470.1273196433738
3972,-27.683333333333334,-67.64444444444443,98.9,292.95108312253274
3973,-26.194444444444443,-58.19444444444444,98.9,1.0
3974,-28.65,-65.15000000000002,98.9,4889.382342134644
3975,-34.977777777777774,-67.7,98.9,4796.403012922419
3976,-35.67777777777777,-63.74444444444444,98.9,402.85124871826883
3977,-27.31666666666667,-61.28333333333334,98.9,71.65791493733884
3978,-34.92777777777777,-58.39444444444444,98.9,901.1867238046353
3979,-36.31111111111111,-61.72777777777778,98.9,58.17756459744792
3980,-34.611111111111114,-59.16666666666667,98.9,1.0
3981,-30.994444444444444,-64.1,98.9,2305.544993165371
3982,-33.28333333333334,-63.98333333333334,98.9,1.0
3983,-32.86111111111111,-68.82777777777775,98.9,1.0
3984,-34.86111111111111,-58.400000000000006,98.9,1.0
3985,-28.050000000000004,-58.23333333333333,98.9,1.0
3986,-32.88333333333333,-68.82777777777775,98.9,1.0
3987,-38.93055555555555,-68.06111111111113,98.9,43664.63779134904
3988,-29.727777777777774,-57.11666666666667,98.9,59.03864274683158
3989,-26.79444444444444,-60.45000000000001,98.9,1.0
3990,-22.077777777777776,-63.72777777777778,98.9,1.0
3991,-51.63055555555555,-69.25555555555556,98.9,16867.856076464548
3992,-31.266666666666666,-61.49444444444445,98.9,523.8964977953291
3993,-29.266666666666666,-65.06666666666668,98.9,164.0382198072744
3994,-32.95,-60.67777777777777,98.9,9626.678297607905
3995,-34.27777777777777,-62.70000000000001,98.9,208.66640038244952
3996,-35.63333333333334,-59.79444444444444,98.9,119.94643794954122
3997,-24.780555555555555,-65.39500000000001,98.9,1.0
3998,-32.20833333333333,-58.21805555555555,98.9,183.2352784749172
3999,-33.11666666666667,-61.72777777777778,98.9,95.52507902031576
4000,-40.16666666666667,-71.36111111111109,98.9,1363.328549842009
4001,-34.51666666666667,-58.79444444444444,98.9,60.05012102410542
4002,-35.45000000000001,-58.8111111111111,98.9,842.9618403363928
4003,-31.61666666666667,-58.51111111111111,98.9,1.0
4004,-24.194444444444443,-65.30000000000001,98.9,1.0
4005,-31.636111111111116,-60.72416666666666,98.9,227.02964145421578
4006,-36.62777777777777,-64.29027777777777,98.9,16880.466900762687
4007,-34.611111111111114,-58.5611111111111,98.9,182.4293989549643
4008,-37.32777777777777,-59.150000000000006,98.9,1055.655388317918
4009,-36.67777777777777,-64.36111111111109,98.9,14.896939462510433
4010,-54.79444444444443,-68.26944444444445,98.9,1.0
4011,-35.400000000000006,-57.33333333333334,98.9,1.0
4012,-34.45000000000001,-58.53333333333333,98.9,80.77198555120884
4013,-34.69444444444444,-58.32777777777777,98.9,1.0
4014,-33.677777777777784,-65.46638888888887,98.9,1.0
4015,-34.33333333333334,-64.92777777777778,98.9,2984.227255823838
4016,-40.79444444444444,-71.66666666666669,98.9,1.0
4017,-34.86111111111111,-58.65611111111112,98.9,824.4217981737415
4018,-34.597222222222214,-58.37055555555556,99.1,185.69735282460618
4019,-25.611111111111107,-54.56666666666668,99.1,443.9133248315735
4020,-28.561111111111103,-56.05,99.1,829.2219476963562
4021,-32.233333333333334,-58.14444444444444,99.1,91.18370409768936
4022,-27.46111111111111,-58.98333333333334,99.1,67.28363355881292
4023,-27.911111111111108,-55.75000000000001,99.1,2357.227750247103
4024,-27.14444444444444,-55.51666666666667,99.1,8890.977414535417
4025,-27.49444444444444,-55.14444444444444,99.1,1.0
4026,-37.82500000000001,-58.22749999999999,99.1,1.0
4027,-32.63333333333334,-62.69444444444444,99.1,9859.012358437829
4028,-34.39444444444444,-59.833333333333336,99.1,141.9658978160042
4029,-28.46666666666667,-65.79444444444444,99.1,818.2135497536358
4030,-33.261111111111106,-61.37777777777777,99.1,156.23594811707576
4031,-30.75277777777778,-57.98055555555556,99.1,1.0
4032,-29.16666666666667,-67.5111111111111,99.1,854.5621657784953
4033,-38.93333333333334,-67.98333333333335,99.1,585.3176713852579
4034,-36.150000000000006,-63.833333333333336,99.1,1.0
4035,-45.85277777777779,-67.51305555555555,99.1,330.1894967062479
4036,-31.01666666666667,-65.98333333333335,99.1,4141.3080077653285
4037,-42.92777777777777,-71.32777777777777,99.1,855.6086689959697
4038,-31.522222222222226,-61.71944444444444,99.1,1.0
4039,-28.91666666666667,-67.51666666666667,99.1,815.0620696803518
4040,-30.95,-58.766666666666666,99.1,1872.5470131842717
4041,-32.92777777777777,-60.81666666666668,99.1,3960.0760815550066
4042,-37.98333333333334,-63.56666666666668,99.1,892.6048330349312
4043,-35.03333333333334,-63.02777777777777,99.1,1.0
4044,-29.14444444444444,-59.26111111111111,99.1,1901.2216715208233
4045,-34.49444444444445,-58.72777777777778,99.1,1364.1865909468609
4046,-34.833333333333336,-64.38333333333335,99.1,1.0
4047,-23.200000000000003,-65.36111111111109,99.1,234.75085215798202
4048,-34.92777777777777,-57.95,99.1,116.90193709312204
4049,-29.41388888888889,-66.85749999999999,99.1,1168.5999532807832
4050,-24.26111111111111,-61.26111111111111,99.1,1.0
4051,-28.383333333333333,-64.54444444444442,99.1,856.0349547522909
4052,-32.79444444444444,-60.91111111111111,99.1,11967.016083804121
4053,-32.400000000000006,-59.5611111111111,99.1,4315.141037879058
4054,-35.46666666666667,-69.59444444444442,99.1,14688.160699995844
4055,-29.350000000000005,-62.45000000000001,99.1,32872.065760896505
4056,-31.65,-59.91111111111111,99.1,1.0
4057,-38.0,-57.5611111111111,99.1,886.5079157929571
4058,-36.727777777777774,-56.681666666666665,99.1,237.34780308886783
4059,-34.33333333333334,-63.44444444444444,99.1,7926.19258292917
4060,-31.727777777777774,-65.0,99.1,10.613343504318927
4061,-32.35,-60.93333333333334,99.1,35257.06008992553
4062,-38.55833333333332,-58.74472222222222,99.1,877.8704136845886
4063,-31.65,-68.4111111111111,99.1,4042.440593725739
4064,-31.91666666666667,-63.67777777777777,99.1,1.0
4065,-31.733333333333334,-60.53333333333333,99.1,1.0
4066,-35.81666666666668,-61.91111111111111,99.1,2970.242063832295
4067,-36.27777777777777,-63.150000000000006,99.1,1.0
4068,-33.91111111111111,-60.56666666666668,99.1,4892.798185007807
4069,-29.34444444444444,-58.62777777777777,99.1,1.0
4070,-37.62777777777777,-62.41666666666666,99.1,919.3791860406476
4071,-27.377777777777776,-55.91111111111111,99.1,164.44619570541667
4072,-26.79444444444444,-60.45000000000001,99.1,875.7542671183364
4073,-42.766666666666666,-65.05,99.1,1846.6803432392308
4074,-44.21666666666668,-71.36111111111109,99.1,130.99048692666406
4075,-33.49444444444445,-60.02777777777777,99.1,1.0
4076,-32.95,-60.67777777777777,99.1,1.0
4077,-24.780555555555555,-65.39500000000001,99.1,854.1838780430061
4078,-33.49444444444445,-64.32777777777777,99.1,530.175241444329
4079,-31.194444444444443,-65.1,99.1,2784.994331155093
4080,-27.266666666666666,-55.53333333333333,99.1,450.4021255723692
4081,-31.911111111111108,-61.866666666666674,99.1,260.1989892786749
4082,-33.31944444444446,-66.3261111111111,99.1,213.2470896753121
4083,-33.077777777777776,-68.46666666666667,99.1,1.0
4084,-33.31944444444446,-60.24222222222223,99.1,120.75792856735113
4085,-37.833333333333336,-57.51111111111111,99.1,31533.748065613996
4086,-36.62777777777777,-64.29027777777777,99.1,9674.808671703033
4087,-28.263888888888893,-58.11888888888888,99.1,112.14062983683866
4088,-34.67777777777777,-58.33055555555556,99.1,853.0932380139004
4089,-27.375,-54.74444444444445,99.1,6304.812077514151
4090,-40.8111111111111,-63.0,99.1,304.9873567097009
4091,-31.411111111111108,-64.51666666666667,99.1,1.0
4092,-38.68055555555556,-68.22777777777777,99.1,1.0
4093,-33.677777777777784,-65.46638888888887,99.1,451.7408478909615
4094,-28.46666666666667,-59.37777777777777,99.1,29546.126435574934
4095,-34.57500000000001,-58.65694444444444,99.1,1682.8759585451742
4096,-38.91111111111111,-70.06666666666668,99.1,1.0
4097,-27.76111111111111,-57.62777777777777,99.3,1.0
4098,-27.377777777777776,-55.91111111111111,99.3,3159.319243697595
4099,-41.13888888888889,-71.2786111111111,99.3,5960.89125215282
4100,-27.375,-54.74444444444445,99.3,881.6823521373506
4101,-27.883333333333336,-55.14444444444444,99.3,907.2397919627346
4102,-27.433333333333337,-65.61666666666667,99.3,1.0
4103,-33.62777777777777,-62.62777777777777,99.3,4939.930345327886
4104,-34.05,-60.11666666666667,99.3,3883.5896628689397
4105,-37.150000000000006,-58.49444444444445,99.3,20.064608179461597
4106,-33.8111111111111,-59.51666666666667,99.3,1895.4498958812246
4107,-34.472222222222214,-58.377222222222215,99.3,1.0
4108,-34.76111111111111,-58.2063888888889,99.3,1.0
4109,-34.63055555555555,-58.41999999999999,99.3,1.0
4110,-31.31666666666667,-64.22777777777777,99.3,1.0
4111,-23.733333333333334,-64.59444444444442,99.3,123.99837109515934
4112,-31.34444444444444,-69.41666666666667,99.3,250.6928157306038
4113,-36.10000000000001,-57.79444444444444,99.3,447.9646449751779
4114,-34.58333333333334,-58.45416666666668,99.3,383.2193988067322
4115,-29.16666666666667,-67.5111111111111,99.3,35.30018978208611
4116,-27.46666666666667,-58.833333333333336,99.3,1.0
4117,-29.827777777777776,-58.05,99.3,869.6411633807569
4118,-41.977777777777774,-71.51666666666667,99.3,209.78248198634776
4119,-32.56666666666668,-64.38333333333335,99.3,71.94784449559587
4120,-24.938888888888894,-59.02638888888889,99.3,8361.897864526056
4121,-39.05,-67.54444444444442,99.3,2901.01554015688
4122,-31.075,-64.48944444444443,99.3,7861.388127444297
4123,-34.58333333333334,-60.977777777777774,99.3,420.3512304109899
4124,-22.111111111111107,-65.61666666666667,99.3,1.0
4125,-32.86111111111111,-68.82777777777775,99.3,1847.4132342148537
4126,-26.877777777777776,-65.15000000000002,99.3,1.0
4127,-34.56666666666668,-59.10000000000001,99.3,304.8811036077285
4128,-35.077777777777776,-57.53333333333333,99.3,1.0
4129,-38.0,-57.5611111111111,99.3,4926.898288907515
4130,-32.70000000000001,-62.10000000000001,99.3,1.0
4131,-34.49444444444445,-58.51111111111111,99.3,9886.595478405596
4132,-32.35,-65.04444444444444,99.3,8322.077313301861
4133,-34.81666666666668,-58.49444444444445,99.3,358.4271639192458
4134,-27.49444444444444,-55.14444444444444,99.3,2886.914767587388
4135,-29.727777777777774,-57.11666666666667,99.3,883.3561401387235
4136,-35.81666666666668,-61.91111111111111,99.3,4827.2039786757005
4137,-26.79444444444444,-60.45000000000001,99.3,282.4624308097381
4138,-51.63055555555555,-69.25555555555556,99.3,3864.074272953949
4139,-31.500000000000004,-60.74444444444444,99.3,354.09666472669755
4140,-28.46666666666667,-65.78444444444443,99.3,17851.047788508342
4141,-32.611111111111114,-66.14444444444443,99.3,402.81147219279325
4142,-30.383333333333333,-58.75000000000001,99.3,354.4275810446598
4143,-34.51666666666667,-58.79444444444444,99.3,3858.246511410612
4144,-26.827777777777776,-65.21277777777779,99.3,4911.807976257097
4145,-26.64444444444444,-54.14444444444444,99.3,821.2463006930727
4146,-31.636111111111116,-60.72416666666666,99.3,1.0
4147,-34.44444444444444,-58.61111111111112,99.3,364.8955061562877
4148,-43.26111111111111,-65.30000000000001,99.3,28170.990915165687
4149,-32.16666666666667,-58.400000000000006,99.3,2938.0789797826687
4150,-34.70833333333334,-58.441666666666656,99.3,4869.680095901406
4151,-32.416666666666664,-63.26111111111111,99.3,1.0
4152,-28.561111111111103,-56.05,99.5,365.101712433561
4153,-32.95,-60.67777777777777,99.5,909.3414496693921
4154,-27.722222222222214,-54.91388888888889,99.5,4946.0074846853395
4155,-36.51666666666667,-64.01666666666668,99.5,1.0
4156,-37.638888888888886,-59.39027777777778,99.5,7093.489455969504
4157,-34.61111111111111,-58.38111111111112,99.5,815.4248836145989
4158,-31.31666666666667,-64.22777777777777,99.5,1.0
4159,-37.19444444444444,-62.74444444444444,99.5,96.27231208060661
4160,-34.91111111111111,-60.03333333333334,99.5,50.03245549967313
4161,-38.81666666666668,-68.06666666666668,99.5,645.5469477688657
4162,-25.28333333333334,-57.72777777777778,99.5,1.0
4163,-30.050000000000004,-62.11666666666667,99.5,1.0
4164,-49.98333333333334,-68.90000000000002,99.5,4875.870554660737
4165,-45.85277777777779,-67.51305555555555,99.5,1.0
4166,-37.977777777777774,-61.37777777777777,99.5,1.0
4167,-30.733333333333334,-64.80000000000001,99.5,333.76133178390245
4168,-30.433333333333337,-64.36111111111109,99.5,485.3547463031098
4169,-27.31666666666667,-54.21666666666668,99.5,3009.8196173657466
4170,-30.0,-59.51666666666667,99.5,319.39802584630525
4171,-26.194444444444443,-58.19444444444444,99.5,3896.1642406146416
4172,-34.46666666666667,-58.65,99.5,882.3055170955288
4173,-31.14444444444444,-64.15000000000002,99.5,1.0
4174,-35.67777777777777,-63.74444444444444,99.5,1.0
4175,-26.01944444444444,-54.61527777777777,99.5,294.90001115496784
4176,-34.70000000000001,-58.58333333333334,99.5,211.4754251140567
4177,-34.53333333333333,-58.58333333333334,99.5,2882.0231427063145
4178,-39.93333333333334,-71.09444444444443,99.5,846.3442387531932
4179,-34.92777777777777,-57.95,99.5,198.52381367703356
4180,-29.41388888888889,-66.85749999999999,99.5,1.0
4181,-25.46111111111111,-65.59444444444442,99.5,1.0
4182,-40.80555555555555,-65.08611111111111,99.5,841.3375441013602
4183,-38.0,-57.5611111111111,99.5,262.561121389914
4184,-34.67777777777777,-58.75000000000001,99.5,460.97809143621873
4185,-33.20277777777779,-62.61111111111112,99.5,1.0
4186,-38.93055555555555,-68.06111111111113,99.5,1026.9777750518258
4187,-25.57777777777778,-59.35,99.5,7133.937487854651
4188,-31.733333333333334,-60.53333333333333,99.5,18.630463548069084
4189,-35.81666666666668,-61.91111111111111,99.5,413.28584632863107
4190,-33.91111111111111,-60.56666666666668,99.5,31450.569538883676
4191,-24.383333333333333,-65.1,99.5,117.33309026072607
4192,-40.05,-70.09444444444443,99.5,860.026469604351
4193,-37.094444444444456,-56.86722222222223,99.5,1.0
4194,-27.377777777777776,-55.91111111111111,99.5,870.5145228175343
4195,-26.79444444444444,-60.45000000000001,99.5,1.0
4196,-34.72777777777778,-58.27777777777777,99.5,24895.568060843714
4197,-31.266666666666666,-61.49444444444445,99.5,1922.3927469021703
4198,-29.16111111111111,-59.65,99.5,3882.676521773071
4199,-27.46111111111111,-58.98333333333334,99.5,1877.8155429142523
4200,-33.19444444444444,-68.46666666666667,99.5,854.9421447580095
4201,-24.780555555555555,-65.39500000000001,99.5,325.53603870296837
4202,-30.79444444444444,-60.58333333333334,99.5,7880.244650444879
4203,-34.51666666666667,-58.79444444444444,99.5,23904.557074626297
4204,-26.827777777777776,-65.21277777777779,99.5,428.60785576294677
4205,-31.636111111111116,-60.72416666666666,99.5,16317.93833115042
4206,-36.62777777777777,-64.29027777777777,99.5,848.8262722888319
4207,-37.32777777777777,-59.150000000000006,99.5,772.8000797060076
4208,-28.077777777777776,-67.56666666666668,99.5,336.4068024714965
4209,-27.04444444444444,-62.72777777777778,99.5,1.0
4210,-54.79444444444443,-68.26944444444445,99.5,1.0
4211,-27.583333333333336,-60.72777777777778,99.5,1.0
4212,-31.411111111111108,-64.51666666666667,99.5,450.37699257354757
4213,-37.25555555555556,-56.97666666666666,99.5,186.43479873005873
4214,-32.416666666666664,-63.26111111111111,99.5,322.14024969404915
4215,-33.677777777777784,-65.46638888888887,99.5,35244.775118848695
4216,-32.91111111111111,-68.79444444444444,99.5,142.5233874586214
4217,-31.877777777777776,-59.02777777777777,99.5,330.93617310770475
4218,-27.49444444444444,-55.14444444444444,99.7,1.0
4219,-27.46666666666667,-58.833333333333336,99.7,1.0
4220,-27.34444444444444,-55.05,99.7,3475.9144592829543
4221,-27.0,-54.46666666666667,99.7,836.7308000522503
4222,-31.561111111111103,-61.5611111111111,99.7,2983.9036803898366
4223,-26.83333333333333,-65.17777777777776,99.7,1.0
4224,-34.472222222222214,-58.377222222222215,99.7,837.8262005521723
4225,-31.64444444444444,-69.46666666666667,99.7,13.005823057860226
4226,-34.76111111111111,-58.2063888888889,99.7,1.0
4227,-34.72222222222223,-63.50805555555556,99.7,1.0
4228,-34.63055555555555,-58.47611111111112,99.7,1.0
4229,-31.34444444444444,-69.41666666666667,99.7,85.81751694678616
4230,-31.583333333333336,-60.077777777777776,99.7,1.0
4231,-30.350000000000005,-66.32777777777777,99.7,37375.731788608195
4232,-35.56666666666668,-58.02777777777777,99.7,84.98572178844975
4233,-25.28333333333334,-57.72777777777778,99.7,1.0
4234,-26.944444444444443,-59.53333333333333,99.7,1.0
4235,-31.39166666666667,-58.01694444444445,99.7,853.0051001181903
4236,-24.850000000000005,-61.05,99.7,1.0
4237,-24.850000000000005,-61.05,99.7,8295.684367847678
4238,-27.31666666666667,-54.21666666666668,99.7,24934.337325522047
4239,-34.88333333333333,-57.88333333333333,99.7,3.9804785745292093
4240,-35.766666666666666,-58.51111111111111,99.7,325.970130487282
4241,-34.92777777777777,-57.95,99.7,1.0
4242,-27.083333333333336,-61.09444444444444,99.7,903.6895340101684
4243,-36.49444444444445,-56.70000000000001,99.7,239.93269406489586
4244,-34.46666666666667,-58.93333333333334,99.7,34.49368779050884
4245,-38.88333333333333,-62.09444444444444,99.7,1.0
4246,-30.22777777777777,-69.14444444444443,99.7,916.4190689834737
4247,-24.780555555555555,-65.39500000000001,99.7,245.38234140734983
4248,-34.72777777777778,-68.23333333333333,99.7,1.0
4249,-40.74444444444444,-64.93333333333334,99.7,1533.2063886996257
4250,-31.733333333333334,-61.10000000000001,99.7,831.3657557028613
4251,-41.13888888888889,-71.2786111111111,99.7,7889.510337095347
4252,-28.46666666666667,-65.78444444444443,99.7,1.0
4253,-30.583333333333336,-59.95,99.7,3862.9517766848116
4254,-30.26111111111111,-68.75000000000001,99.7,1277.5585432524556
4255,-31.53333333333333,-68.54444444444442,99.7,1.0
4256,-33.31944444444446,-66.3261111111111,99.7,1803.0101977504082
4257,-24.194444444444443,-65.30000000000001,99.7,305.6366410363766
4258,-31.636111111111116,-60.72416666666666,99.7,19817.473090394782
4259,-31.53333333333333,-68.48333333333335,99.7,1.0
4260,-25.33055555555556,-66.24444444444445,99.7,905.7196711353129
4261,-32.744444444444454,-61.82194444444445,99.7,189.42275324504257
4262,-33.37777777777777,-69.14444444444443,99.7,23901.775010261925
4263,-28.46666666666667,-59.37777777777777,99.7,112.92185372036434
4264,-29.28611111111111,-67.02361111111112,99.7,24946.087226765612
4265,-29.311111111111117,-68.20000000000002,99.7,9878.210527566314
4266,-34.70000000000001,-58.32777777777777,99.7,34.91879746017932
4267,-27.377777777777776,-55.91111111111111,99.9,4838.854692032115
4268,-33.677777777777784,-65.46638888888887,99.9,42863.412278622294
4269,-34.58888888888888,-58.39055555555555,99.9,11.723733872642127
4270,-36.377777777777766,-56.755277777777785,99.9,294.28972878800937
4271,-38.39444444444444,-60.26305555555555,99.9,524.1566296581059
4272,-24.416666666666668,-64.04444444444444,99.9,67.05099958201946
4273,-33.150000000000006,-61.46666666666667,99.9,1.0
4274,-31.416666666666668,-63.05,99.9,1.0
4275,-29.116666666666667,-59.67777777777777,99.9,50.042053561648906
4276,-38.72222222222223,-62.24944444444445,99.9,310.51881297349394
4277,-27.49444444444444,-58.93333333333334,99.9,1.0
4278,-37.91111111111111,-63.72777777777778,99.9,9572.685789438296
4279,-40.8111111111111,-62.98333333333334,99.9,1880.9270441979365
4280,-32.81666666666668,-61.400000000000006,99.9,1.0
4281,-44.79166666666666,-65.72305555555555,99.9,912.6606673849778
4282,-24.91666666666667,-65.65,99.9,916.0685307857559
4283,-30.850000000000005,-64.51666666666667,99.9,23524.408838227726
4284,-30.75277777777778,-57.98055555555556,99.9,1.0
4285,-38.93333333333334,-67.98333333333335,99.9,5.531633460737111
4286,-45.61111111111112,-69.09444444444443,99.9,15764.841722127141
4287,-41.03333333333334,-70.27777777777777,99.9,16341.654334257579
4288,-32.56666666666668,-65.25000000000001,99.9,1941.3823859012937
4289,-38.93333333333334,-69.23333333333333,99.9,3040.995879416167
4290,-35.91111111111111,-64.30000000000001,99.9,1.0
4291,-42.22777777777778,-71.36527777777779,99.9,458.8358588389722
4292,-31.46111111111111,-60.93333333333334,99.9,1.0
4293,-27.050000000000004,-65.4111111111111,99.9,1.0
4294,-30.95,-58.766666666666666,99.9,4866.204303056203
4295,-33.45000000000001,-61.49444444444445,99.9,1.0
4296,-26.194444444444443,-58.19444444444444,99.9,366.7153508884778
4297,-28.65,-65.15000000000002,99.9,16905.407160437033
4298,-23.944444444444443,-64.79444444444444,99.9,1.0
4299,-28.16111111111111,-63.53333333333333,99.9,32631.693701353342
4300,-37.27777777777777,-61.28333333333334,99.9,40993.30883654997
4301,-39.05,-67.54444444444442,99.9,822.3249146688635
4302,-26.561111111111103,-59.35,99.9,1.0
4303,-48.766666666666666,-70.25000000000001,99.9,94.76657890551719
4304,-33.02777777777777,-58.51666666666667,99.9,265.0683878322648
4305,-23.200000000000003,-65.36111111111109,99.9,85.89096639360713
4306,-23.911111111111108,-61.86111111111111,99.9,48.338699007527254
4307,-31.083333333333336,-64.5111111111111,99.9,29892.041698274326
4308,-22.111111111111107,-65.61666666666667,99.9,1.0
4309,-29.41388888888889,-66.85749999999999,99.9,2355.904162961734
4310,-46.5611111111111,-68.9611111111111,99.9,1.0
4311,-34.866666666666674,-61.53333333333333,99.9,861.1130047193969
4312,-38.0,-57.5611111111111,99.9,12587.119476821277
4313,-32.88333333333333,-68.82777777777775,99.9,57.892156911803816
4314,-32.35,-65.04444444444444,99.9,1.0
4315,-24.46111111111111,-65.17777777777776,99.9,914.178459832453
4316,-32.400000000000006,-59.8111111111111,99.9,1910.586353621882
4317,-36.91111111111111,-60.28333333333334,99.9,1501.8720740409303
4318,-37.150000000000006,-56.88333333333333,99.9,98.97094574219383
4319,-31.733333333333334,-60.53333333333333,99.9,11.120827213254222
4320,-35.81666666666668,-61.91111111111111,99.9,23160.440007235953
4321,-33.91111111111111,-60.56666666666668,99.9,14902.446392782187
4322,-37.094444444444456,-56.86722222222223,99.9,343.1478815054972
4323,-38.977777777777774,-68.23333333333333,99.9,6208.540755551824
4324,-37.5611111111111,-62.72777777777778,99.9,331.2704782432172
4325,-25.611111111111107,-54.56666666666668,99.9,264.8214390528867
4326,-51.63055555555555,-69.25555555555556,99.9,1.0
4327,-53.79444444444444,-67.7,99.9,269.61946511409667
4328,-51.53333333333333,-72.30000000000001,99.9,747.7305989383035
4329,-31.266666666666666,-61.49444444444445,99.9,1.0
4330,-33.49444444444445,-60.02777777777777,99.9,311.73983348579236
4331,-32.95,-60.67777777777777,99.9,3828.850345736704
4332,-24.780555555555555,-65.39500000000001,99.9,1405.1273708170786
4333,-31.53333333333333,-68.54444444444442,99.9,898.3796195613089
4334,-30.79444444444444,-60.58333333333334,99.9,11013.404532549266
4335,-33.31944444444446,-66.3261111111111,99.9,1.0
4336,-26.827777777777776,-65.21277777777779,99.9,823.6926701773899
4337,-24.23333333333333,-64.87777777777777,99.9,3876.2608038321423
4338,-31.636111111111116,-60.72416666666666,99.9,808.6689149481767
4339,-36.62777777777777,-64.29027777777777,99.9,104.9642416721811
4340,-30.944444444444443,-61.56666666666668,99.9,1.0
4341,-27.944444444444443,-63.45000000000001,99.9,9805.774583684211
4342,-37.32777777777777,-59.150000000000006,99.9,371.0149044092761
4343,-35.977777777777774,-62.70000000000001,99.9,9722.870593193762
4344,-43.077777777777776,-71.46666666666667,99.9,851.2351025436451
4345,-36.21666666666668,-65.46111111111111,99.9,1292.8530780260455
4346,-31.411111111111108,-64.51666666666667,99.9,4841.764494790034
4347,-28.46666666666667,-59.37777777777777,99.9,921.3266509845317
4348,-40.67777777777777,-71.4111111111111,99.9,213.19925863951394
4349,-28.39444444444445,-66.21805555555555,99.9,458.34199280016884
4350,-31.583333333333336,-63.53333333333333,99.9,4825.402340403828
4351,-32.93888888888888,-60.64055555555554,100.1,177.10207845504343
4352,-27.433333333333337,-65.61666666666667,100.1,198.5066200734571
4353,-34.44444444444444,-61.8111111111111,100.1,1.0
4354,-37.82500000000001,-58.22749999999999,100.1,12439.25594186637
4355,-28.52777777777777,-59.03333333333334,100.1,1.0
4356,-34.76111111111111,-58.2063888888889,100.1,910.8599114957667
4357,-34.75000000000001,-65.25000000000001,100.1,238.19245140393855
4358,-34.66944444444445,-58.48,100.1,224.3881137008574
4359,-31.31666666666667,-64.22777777777777,100.1,1399.2786887242694
4360,-34.39444444444444,-59.833333333333336,100.1,1.0
4361,-35.05,-58.75000000000001,100.1,858.7446458962119
4362,-31.677777777777774,-63.2111111111111,100.1,3204.170439360485
4363,-27.46666666666667,-55.75000000000001,100.1,4938.646086033294
4364,-33.611111111111114,-61.32777777777777,100.1,1.0
4365,-37.866666666666674,-67.83333333333333,100.1,9857.052211067132
4366,-29.883333333333336,-61.95,100.1,918.4490608644494
4367,-31.583333333333336,-60.077777777777776,100.1,9762.288903495952
4368,-34.65,-60.46666666666667,100.1,400.5883521128085
4369,-27.677777777777774,-60.93333333333334,100.1,809.3362953192207
4370,-37.46666666666667,-61.92777777777777,100.1,13946.388012145717
4371,-41.977777777777774,-71.51666666666667,100.1,9870.009482566455
4372,-31.0,-57.88333333333333,100.1,321.36869176524465
4373,-23.26111111111111,-63.35,100.1,40.19311316715962
4374,-31.163888888888884,-62.10083333333333,100.1,205.97464975499202
4375,-37.39444444444444,-64.6111111111111,100.1,197.97838556838252
4376,-34.977777777777774,-67.7,100.1,56.49521055486561
4377,-32.866666666666674,-60.70000000000001,100.1,32.557917956680654
4378,-34.70000000000001,-58.53333333333333,100.1,8105.951051580279
4379,-36.31111111111111,-61.72777777777778,100.1,1.0
4380,-23.24444444444444,-64.27638888888889,100.1,1370.2863796842237
4381,-30.877777777777776,-61.34722222222222,100.1,1.0
4382,-25.083333333333336,-64.19444444444444,100.1,133.9940919870361
4383,-34.58333333333334,-60.977777777777774,100.1,1.0
4384,-27.79444444444444,-65.56666666666668,100.1,34.38264976173408
4385,-29.41388888888889,-66.85749999999999,100.1,3079.4839498113074
4386,-40.80555555555555,-65.08611111111111,100.1,9792.51943724927
4387,-22.377777777777776,-63.766666666666666,100.1,1.0
4388,-35.0,-61.03333333333334,100.1,356.3190483975043
4389,-38.93055555555555,-68.06111111111113,100.1,370.12200822961137
4390,-27.49444444444444,-55.14444444444444,100.1,9675.01663620255
4391,-46.8111111111111,-67.97777777777777,100.1,2998.0689829542357
4392,-41.14444444444444,-70.66666666666669,100.1,457.2090981008689
4393,-26.01666666666667,-54.65,100.1,1204.6545768421433
4394,-26.8,-55.02777777777777,100.1,6311.6439578574245
4395,-38.88333333333333,-62.09444444444444,100.1,1.0
4396,-36.05,-63.5611111111111,100.1,220.35107167335244
4397,-31.266666666666666,-61.49444444444445,100.1,10211.48548884802
4398,-29.16111111111111,-59.65,100.1,2676.488957078961
4399,-27.46111111111111,-58.98333333333334,100.1,810.1089198260127
4400,-37.388888888888886,-68.925,100.1,632.7546151019094
4401,-32.95,-60.67777777777777,100.1,138.8222324375854
4402,-25.8,-64.97777777777777,100.1,528.4655902683054
4403,-37.75000000000001,-62.37777777777777,100.1,917.719595487434
4404,-41.13888888888889,-71.2786111111111,100.1,250.48715216182117
4405,-37.84444444444444,-58.257777777777775,100.1,1916.5709916899202
4406,-33.077777777777776,-68.46666666666667,100.1,8122.167893531765
4407,-40.16666666666667,-71.36111111111109,100.1,1.0
4408,-24.194444444444443,-65.30000000000001,100.1,329.4234879178198
4409,-31.636111111111116,-60.72416666666666,100.1,227.9390317819122
4410,-27.79444444444444,-64.25000000000001,100.1,1492.9221061580859
4411,-28.561111111111103,-56.05,100.1,8.064489891113968
4412,-36.35,-60.02777777777777,100.1,903.2503494211239
4413,-28.677777777777774,-59.866666666666674,100.1,9716.272541759794
4414,-28.077777777777776,-67.56666666666668,100.1,249.93661797645134
4415,-27.0,-65.5111111111111,100.1,11788.566234072025
4416,-32.69444444444444,-58.91111111111111,100.1,40958.809210553314
4417,-54.79444444444443,-68.26944444444445,100.1,1.0
4418,-40.70000000000001,-66.15000000000002,100.1,1.0
4419,-33.75000000000001,-61.977777777777774,100.1,19894.18949475689
4420,-27.583333333333336,-60.72777777777778,100.1,24880.025232208198
4421,-37.25555555555556,-56.97666666666666,100.1,1.0
4422,-32.416666666666664,-63.26111111111111,100.1,1.0
4423,-39.88333333333333,-62.58333333333334,100.1,1.0
4424,-34.63611111111111,-58.382777777777775,100.3,43741.128383747775
4425,-27.911111111111108,-55.75000000000001,100.3,1.0
4426,-34.05,-60.11666666666667,100.3,435.76055460138093
4427,-38.72222222222223,-62.24944444444445,100.3,6462.86576158872
4428,-30.877777777777776,-62.03361111111111,100.3,1.0
4429,-34.62222222222222,-58.39722222222222,100.3,869.0553669271418
4430,-40.8111111111111,-62.98333333333334,100.3,43.61318452893247
4431,-37.19444444444444,-62.74444444444444,100.3,8294.226765594745
4432,-38.93333333333334,-67.98333333333335,100.3,52.03725427483379
4433,-33.63333333333334,-64.6111111111111,100.3,1484.5306869518186
4434,-31.26111111111111,-64.48333333333335,100.3,1293.4762429697726
4435,-37.977777777777774,-60.41666666666666,100.3,1.0
4436,-50.33333333333334,-72.30000000000001,100.3,1.0
4437,-42.05,-71.17777777777776,100.3,229.7575804419968
4438,-26.194444444444443,-58.19444444444444,100.3,59.54021239656103
4439,-32.03333333333334,-61.21666666666668,100.3,4860.842601668634
4440,-32.19444444444444,-60.2111111111111,100.3,4590.793469596854
4441,-39.05,-67.54444444444442,100.3,342.4517225930048
4442,-32.92777777777777,-68.83333333333333,100.3,870.9899592707061
4443,-29.14444444444444,-59.26111111111111,100.3,868.8359549841337
4444,-33.02777777777777,-58.51666666666667,100.3,4934.380307231029
4445,-34.92777777777777,-58.39444444444444,100.3,266.2805536679789
4446,-35.233333333333334,-63.58333333333334,100.3,41.54664009398665
4447,-44.03333333333334,-70.48333333333335,100.3,27.918068075228653
4448,-34.58333333333334,-60.977777777777774,100.3,715.9894490011853
4449,-27.733333333333334,-64.25000000000001,100.3,323.7172994912911
4450,-33.35,-67.92777777777778,100.3,302.243314478765
4451,-34.92777777777777,-57.95,100.3,1.0
4452,-25.14444444444444,-58.26111111111111,100.3,1933.7357303809063
4453,-34.866666666666674,-61.53333333333333,100.3,1.0
4454,-38.0,-57.5611111111111,100.3,1.0
4455,-34.49444444444445,-58.51111111111111,100.3,237.154940193683
4456,-32.88333333333333,-68.82777777777775,100.3,1.0
4457,-34.65,-58.61722222222222,100.3,849.3286104733234
4458,-38.55833333333332,-58.74472222222222,100.3,173.86731277840548
4459,-36.91111111111111,-60.28333333333334,100.3,323.1547728378772
4460,-30.61666666666667,-66.27777777777777,100.3,741.3127747507923
4461,-24.26111111111111,-65.20000000000002,100.3,1.0
4462,-36.27777777777777,-63.150000000000006,100.3,1.0
4463,-34.49444444444445,-58.93333333333334,100.3,9747.185053355211
4464,-37.094444444444456,-56.86722222222223,100.3,287.0263015454756
4465,-29.16111111111111,-62.65,100.3,235.57376109148993
4466,-38.977777777777774,-68.23333333333333,100.3,1.0
4467,-32.03333333333334,-62.92777777777777,100.3,426.44892765092294
4468,-26.79444444444444,-60.45000000000001,100.3,820.940902541734
4469,-33.09444444444444,-60.56666666666668,100.3,825.4073801060483
4470,-37.37777777777777,-67.61666666666667,100.3,1889.1034520375435
4471,-31.26111111111111,-64.46111111111111,100.3,1.0
4472,-39.02777777777777,-64.09444444444443,100.3,11.147964650332106
4473,-51.63055555555555,-69.25555555555556,100.3,4867.932142787895
4474,-53.79444444444444,-67.7,100.3,19848.55560680275
4475,-27.46111111111111,-58.98333333333334,100.3,1.0
4476,-33.19444444444444,-68.46666666666667,100.3,425.7833503542949
4477,-32.95,-60.67777777777777,100.3,1.0
4478,-34.79444444444444,-58.32777777777777,100.3,1.0
4479,-31.53333333333333,-68.54444444444442,100.3,107.06876748037014
4480,-26.827777777777776,-65.21277777777779,100.3,1.0
4481,-34.611111111111114,-68.33333333333334,100.3,1900.295311470781
4482,-24.194444444444443,-65.30000000000001,100.3,675.7383513325158
4483,-31.636111111111116,-60.72416666666666,100.3,1.0
4484,-32.67777777777777,-61.44444444444444,100.3,1.0
4485,-32.33333333333334,-65.20000000000002,100.3,4857.5229584131175
4486,-36.54166666666666,-56.70194444444444,100.3,1.0
4487,-31.058333333333337,-61.16666666666667,100.3,870.7073274817468
4488,-26.877777777777776,-65.69444444444444,100.3,122.77649658358864
4489,-33.37777777777777,-69.14444444444443,100.3,850.8849632036846
4490,-40.8111111111111,-63.0,100.3,94.17589668670462
4491,-27.28333333333334,-60.41666666666666,100.3,1.0
4492,-33.677777777777784,-65.46638888888887,100.3,1.0
4493,-25.97777777777777,-54.56666666666668,100.3,1.0
4494,-31.427777777777784,-64.18805555555555,100.5,273.457089587027
4495,-27.75277777777778,-64.25222222222223,100.5,920.4930870287383
4496,-33.62777777777777,-64.04444444444444,100.5,26.309562374193927
4497,-25.994444444444444,-65.97777777777777,100.5,1.0
4498,-34.472222222222214,-58.377222222222215,100.5,508.38944779814295
4499,-33.3111111111111,-66.3488888888889,100.5,870.270205298224
4500,-35.11666666666667,-60.51111111111111,100.5,24957.80894892949
4501,-34.63611111111111,-58.400000000000006,100.5,854.695226549865
4502,-33.05,-61.16666666666667,100.5,371.85040384024956
4503,-30.75277777777778,-57.98055555555556,100.5,839.330138829388
4504,-29.16666666666667,-67.5111111111111,100.5,15773.684369768227
4505,-32.97777777777779,-68.69722222222224,100.5,4939.31506107711
4506,-45.85277777777779,-67.51305555555555,100.5,103.76416265181018
4507,-31.411111111111108,-58.02777777777777,100.5,1.0
4508,-37.46666666666667,-61.92777777777777,100.5,24.77485660086717
4509,-27.46666666666667,-58.833333333333336,100.5,439.5766886050478
4510,-33.70000000000001,-61.62777777777777,100.5,2885.0223596846345
4511,-34.63611111111111,-58.46000000000001,100.5,437.12858717323377
4512,-28.65,-65.15000000000002,100.5,1.0
4513,-34.46666666666667,-58.65,100.5,1952.9305182811634
4514,-35.67777777777777,-63.74444444444444,100.5,4848.677107083207
4515,-30.383333333333333,-60.41666666666666,100.5,59.93906950661812
4516,-51.65,-69.59444444444442,100.5,1056.7098652836053
4517,-27.611111111111107,-56.69444444444444,100.5,270.0615424911183
4518,-34.511111111111106,-58.74444444444444,100.5,9813.871450822304
4519,-34.58333333333334,-60.977777777777774,100.5,6180.0593662104775
4520,-39.93333333333334,-71.09444444444443,100.5,588.384300575347
4521,-30.76111111111111,-59.65,100.5,1602.8282834507838
4522,-42.09444444444444,-71.64444444444443,100.5,9778.046305245092
4523,-39.400000000000006,-65.7,100.5,421.84680790625373
4524,-28.350000000000005,-59.28333333333334,100.5,91.0306161155042
4525,-38.150000000000006,-58.79444444444444,100.5,2942.1157503911018
4526,-34.56666666666668,-59.10000000000001,100.5,1.0
4527,-32.88333333333333,-68.82777777777775,100.5,199.11260141186102
4528,-32.35,-65.04444444444444,100.5,8344.065186860596
4529,-38.26388888888889,-57.85944444444444,100.5,1956.176495509164
4530,-34.46666666666667,-58.93333333333334,100.5,221.71330040968306
4531,-38.93055555555555,-68.06111111111113,100.5,1.0
4532,-27.49444444444444,-55.14444444444444,100.5,150.94846860650998
4533,-36.91111111111111,-60.28333333333334,100.5,52.878915043034205
4534,-24.26111111111111,-65.20000000000002,100.5,1.0
4535,-31.733333333333334,-60.53333333333333,100.5,2880.7683410083405
4536,-35.81666666666668,-61.91111111111111,100.5,10.947370069767553
4537,-27.377777777777776,-55.91111111111111,100.5,335.65687175307056
4538,-24.911111111111108,-60.32777777777777,100.5,195.1608423738279
4539,-34.74722222222223,-58.29444444444445,100.5,35290.82437143468
4540,-33.11666666666667,-64.33333333333334,100.5,202.90076265572475
4541,-31.266666666666666,-61.49444444444445,100.5,1.0
4542,-29.16111111111111,-59.65,100.5,1.0
4543,-37.388888888888886,-68.925,100.5,855.9219322710373
4544,-29.500000000000004,-59.766666666666666,100.5,864.1545130383794
4545,-38.2111111111111,-61.79444444444444,100.5,251.4290223092055
4546,-24.780555555555555,-65.39500000000001,100.5,282.5542303244462
4547,-40.74444444444444,-64.93333333333334,100.5,1.0
4548,-24.194444444444443,-66.36111111111109,100.5,478.0710726865209
4549,-36.26111111111111,-61.10000000000001,100.5,440.225333725601
4550,-36.377777777777766,-56.755277777777785,100.5,1.0
4551,-32.20833333333333,-58.21805555555555,100.5,1.0
4552,-31.53333333333333,-68.54444444444442,100.5,1.0
4553,-33.31944444444446,-66.3261111111111,100.5,1.0
4554,-26.827777777777776,-65.21277777777779,100.5,874.0458943746333
4555,-23.14444444444444,-64.33333333333334,100.5,1.0
4556,-24.194444444444443,-65.30000000000001,100.5,10.109983447144975
4557,-31.727777777777774,-61.58333333333334,100.5,1.0
4558,-28.561111111111103,-56.05,100.5,24606.777084688572
4559,-34.67777777777777,-58.33055555555556,100.5,7647.283907939298
4560,-36.35,-60.02777777777777,100.5,1.0
4561,-36.67777777777777,-64.36111111111109,100.5,109.76909261096661
4562,-35.977777777777774,-62.70000000000001,100.5,1.0
4563,-51.58055555555556,-72.21388888888889,100.5,414.0226882690174
4564,-32.62777777777777,-60.16666666666667,100.5,1.0
4565,-31.411111111111108,-64.51666666666667,100.5,1221.4191689219322
4566,-32.91111111111111,-68.79444444444444,100.5,561.9131536881985
4567,-39.10000000000001,-67.06666666666668,100.5,9863.39886274444
4568,-29.311111111111117,-68.20000000000002,100.5,1.0
4569,-40.79444444444444,-71.66666666666669,100.5,4841.150042421537
4570,-34.10000000000001,-59.03333333333334,100.5,3912.749775293032
4571,-27.377777777777776,-55.91111111111111,100.7,1.0
4572,-34.57222222222222,-58.44916666666667,100.7,213.94530087643395
4573,-29.727777777777774,-57.11666666666667,100.7,1.0
4574,-38.72222222222223,-62.24944444444445,100.7,14.416915345247038
4575,-35.63333333333334,-61.37777777777777,100.7,25.576675922485805
4576,-38.93333333333334,-67.98333333333335,100.7,822.9170213284059
4577,-36.150000000000006,-63.833333333333336,100.7,233.9498424838842
4578,-25.677777777777774,-54.05,100.7,19856.54990710171
4579,-32.49444444444445,-58.23333333333333,100.7,1.0
4580,-26.95,-60.977777777777774,100.7,29929.33181056449
4581,-26.416666666666668,-54.62777777777777,100.7,1.0
4582,-32.92777777777777,-68.83333333333333,100.7,3285.7244539460125
4583,-29.52777777777777,-68.5611111111111,100.7,125.80574789114819
4584,-26.883333333333333,-65.10111111111111,100.7,1.0
4585,-27.583333333333336,-65.61666666666667,100.7,7865.22366736233
4586,-34.92777777777777,-57.95,100.7,85.28449267645038
4587,-24.683333333333334,-64.25000000000001,100.7,921.0396616067949
4588,-31.87222222222222,-62.715833333333336,100.7,832.6770681951466
4589,-23.8,-64.80000000000001,100.7,373.03948734701345
4590,-38.0,-57.5611111111111,100.7,422.0555214817631
4591,-30.26111111111111,-57.63333333333334,100.7,2336.3925188291405
4592,-37.094444444444456,-56.86722222222223,100.7,1.0
4593,-27.64444444444444,-62.41666666666666,100.7,1139.5456132751547
4594,-26.877777777777776,-60.21666666666668,100.7,9848.691750702319
4595,-33.11666666666667,-64.33333333333334,100.7,1.0
4596,-53.79444444444444,-67.7,100.7,1.0
4597,-32.19444444444444,-64.1,100.7,1926.1310156079314
4598,-29.16111111111111,-59.65,100.7,295.48975700183166
4599,-27.46111111111111,-58.98333333333334,100.7,221.3252030919814
4600,-35.49444444444445,-62.977777777777774,100.7,1.0
4601,-37.2111111111111,-63.23333333333333,100.7,444.36154220438107
4602,-32.95,-60.67777777777777,100.7,1.0
4603,-24.780555555555555,-65.39500000000001,100.7,382.9476273906898
4604,-36.74444444444444,-56.70000000000001,100.7,3009.889408497682
4605,-31.733333333333334,-61.10000000000001,100.7,19.055680409936294
4606,-30.31666666666667,-61.23333333333333,100.7,391.43307350553334
4607,-28.46666666666667,-65.78444444444443,100.7,40923.58774603759
4608,-30.79444444444444,-60.58333333333334,100.7,1483.284585005894
4609,-24.23333333333333,-64.87777777777777,100.7,5958.767500976561
4610,-31.636111111111116,-60.72416666666666,100.7,242.12482571453725
4611,-26.733333333333334,-65.27777777777777,100.7,3071.3721955986143
4612,-35.70000000000001,-64.14444444444443,100.7,1.0
4613,-31.79444444444444,-58.31111111111111,100.7,1.0
4614,-54.79444444444443,-68.26944444444445,100.7,1.0
4615,-33.75000000000001,-61.977777777777774,100.7,218.96350235078268
4616,-31.883333333333336,-60.02777777777777,100.7,6195.334423227552
4617,-23.64444444444444,-61.35,100.9,136.59757098680396
4618,-32.49444444444445,-58.23333333333333,100.9,916.9909777062047
4619,-29.827777777777776,-58.05,100.9,1897.9088496202069
4620,-30.26111111111111,-57.63333333333334,100.9,851.5508647191484
4621,-32.88333333333333,-68.82777777777775,100.9,152.83223869738637
4622,-30.416666666666668,-57.85555555555556,100.9,842.8218505180365
4623,-34.19722222222222,-60.74444444444444,100.9,130.6804249270172
4624,-37.82500000000001,-58.22749999999999,100.9,1.0
4625,-27.49444444444444,-58.93333333333334,100.9,40947.769276144514
4626,-35.16666666666667,-58.23333333333333,100.9,1.0
4627,-34.63333333333334,-58.36305555555556,100.9,1.0
4628,-31.31666666666667,-64.22777777777777,100.9,9727.250834292787
4629,-34.19444444444444,-58.92777777777777,100.9,76.08743280266528
4630,-31.76666666666667,-60.400000000000006,100.9,912.8562289110602
4631,-27.34444444444444,-65.59444444444442,100.9,111.6532553789928
4632,-27.46666666666667,-58.833333333333336,100.9,203.43624247937794
4633,-32.19444444444444,-64.41666666666667,100.9,24.093359584843874
4634,-26.194444444444443,-58.19444444444444,100.9,131.83178895514618
4635,-34.63333333333334,-58.866666666666674,100.9,232.25966789083392
4636,-32.74444444444444,-63.766666666666666,100.9,1940.7253909435278
4637,-24.677777777777774,-65.05,100.9,454.07007225005145
4638,-39.05,-67.54444444444442,100.9,19553.770762816923
4639,-34.49444444444445,-58.72777777777778,100.9,1.0
4640,-32.68611111111111,-61.51611111111111,100.9,436.8212392896745
4641,-36.49444444444445,-56.70000000000001,100.9,849.6790724350408
4642,-23.8,-64.80000000000001,100.9,14023.15160897638
4643,-38.833333333333336,-62.69444444444444,100.9,1.0
4644,-34.60555555555556,-58.50277777777778,100.9,839.4238056790389
4645,-31.266666666666666,-60.75000000000001,100.9,7449.868066318145
4646,-38.93055555555555,-68.06111111111113,100.9,1.0
4647,-31.91666666666667,-63.67777777777777,100.9,9703.656363700375
4648,-34.49444444444445,-58.93333333333334,100.9,1.0
4649,-31.683333333333334,-63.91111111111111,100.9,2340.2718652694493
4650,-26.8,-55.02777777777777,100.9,16821.736088093836
4651,-31.266666666666666,-61.49444444444445,100.9,919.4545549175172
4652,-36.766666666666666,-59.10000000000001,100.9,299.64684682424974
4653,-35.03333333333334,-64.25000000000001,100.9,1.0
4654,-24.780555555555555,-65.39500000000001,100.9,14017.641477163035
4655,-33.39444444444444,-64.71666666666668,100.9,370.06532893208583
4656,-40.74444444444444,-64.93333333333334,100.9,1.0
4657,-41.13888888888889,-71.2786111111111,100.9,1553.8910620684528
4658,-31.433333333333337,-62.077777777777776,100.9,393.5741069649844
4659,-34.79444444444444,-58.32777777777777,100.9,1.0
4660,-27.883333333333336,-55.14444444444444,100.9,1.0
4661,-35.45000000000001,-58.8111111111111,100.9,1.0
4662,-26.827777777777776,-65.21277777777779,100.9,840.1829724111174
4663,-24.23333333333333,-64.87777777777777,100.9,885.8273068769613
4664,-24.194444444444443,-65.30000000000001,100.9,442.2680578949845
4665,-31.636111111111116,-60.72416666666666,100.9,4893.704835310733
4666,-31.15277777777778,-63.40277777777778,100.9,8100.767206463159
4667,-37.32777777777777,-59.150000000000006,100.9,879.7028703653597
4668,-54.53333333333333,-67.20000000000002,100.9,1.0
4669,-29.23333333333333,-61.766666666666666,100.9,1843.5882055084235
4670,-43.26111111111111,-65.30000000000001,100.9,249.62171248437753
4671,-43.26111111111111,-65.30000000000001,100.9,831.8296962883629
4672,-27.0,-65.5111111111111,100.9,911.6931535965875
4673,-29.46666666666667,-60.21666666666668,100.9,142.47049963933722
4674,-27.583333333333336,-60.72777777777778,100.9,12848.640557704855
4675,-32.416666666666664,-63.26111111111111,100.9,1.0
4676,-34.602777777777774,-58.37944444444445,101.1,1225.3023656640808
4677,-38.03333333333334,-60.10000000000001,101.1,1.0
4678,-27.611111111111107,-66.32777777777777,101.1,14946.802988510572
4679,-31.416666666666668,-63.05,101.1,1.0
4680,-38.72222222222223,-62.24944444444445,101.1,1.0
4681,-26.26111111111111,-53.62777777777777,101.1,116.98681784320628
4682,-31.31666666666667,-64.22777777777777,101.1,176.9778173288262
4683,-26.083333333333336,-65.97777777777777,101.1,1.0
4684,-33.05,-61.16666666666667,101.1,850.536647048369
4685,-37.866666666666674,-67.83333333333333,101.1,308.8879355666827
4686,-39.10000000000001,-66.93333333333334,101.1,1.0
4687,-34.91111111111111,-60.03333333333334,101.1,99.40968563732902
4688,-38.81666666666668,-68.06666666666668,101.1,4866.728579192627
4689,-25.677777777777774,-54.05,101.1,1550.4182979534166
4690,-45.85277777777779,-67.51305555555555,101.1,1957.906290062378
4691,-31.411111111111108,-58.02777777777777,101.1,1854.7236187130347
4692,-27.46666666666667,-58.833333333333336,101.1,88.049174557835
4693,-32.03333333333334,-60.32777777777777,101.1,1.0
4694,-29.827777777777776,-58.05,101.1,37.64660147663723
4695,-31.46666666666667,-60.92777777777777,101.1,4964.52960631114
4696,-42.92777777777777,-71.32777777777777,101.1,34994.38334732168
4697,-30.0,-59.51666666666667,101.1,418.03767631890895
4698,-35.67777777777777,-63.74444444444444,101.1,1.0
4699,-29.14444444444444,-59.26111111111111,101.1,1.0
4700,-37.03333333333334,-61.95,101.1,102.58851034179006
4701,-25.95,-60.62777777777777,101.1,844.2867307545285
4702,-33.44444444444444,-63.31111111111111,101.1,1.0
4703,-29.41388888888889,-66.85749999999999,101.1,19495.972133603456
4704,-28.350000000000005,-59.28333333333334,101.1,164.43103926970588
4705,-38.0,-57.5611111111111,101.1,11935.194158765167
4706,-32.35,-65.04444444444444,101.1,3822.2488990342918
4707,-38.92777777777777,-61.5611111111111,101.1,2952.6308148211247
4708,-24.46111111111111,-65.17777777777776,101.1,871.1882282556826
4709,-27.16666666666667,-65.5111111111111,101.1,890.3733278995878
4710,-38.55833333333332,-58.74472222222222,101.1,901.1011543570985
4711,-38.93055555555555,-68.06111111111113,101.1,892.2260010171198
4712,-24.944444444444443,-61.49444444444445,101.1,820.5187567303848
4713,-27.49444444444444,-55.14444444444444,101.1,38093.35174589265
4714,-36.91111111111111,-60.28333333333334,101.1,2337.335049260667
4715,-31.733333333333334,-60.53333333333333,101.1,3662.4122907958485
4716,-37.094444444444456,-56.86722222222223,101.1,9285.796001898429
4717,-27.377777777777776,-55.91111111111111,101.1,1.0
4718,-25.611111111111107,-54.56666666666668,101.1,1.0
4719,-42.766666666666666,-65.05,101.1,395.72756112871383
4720,-32.86111111111111,-69.75000000000001,101.1,459.2531550136166
4721,-53.79444444444444,-67.7,101.1,4942.56567327148
4722,-33.49444444444445,-60.02777777777777,101.1,310.9562123088532
4723,-35.150000000000006,-61.95,101.1,836.893208330846
4724,-32.95,-60.67777777777777,101.1,605.6471602666047
4725,-24.780555555555555,-65.39500000000001,101.1,1.0
4726,-25.944444444444443,-65.93333333333334,101.1,879.3113129962651
4727,-36.26111111111111,-61.10000000000001,101.1,4937.960590053474
4728,-32.37777777777777,-61.33333333333334,101.1,1.0
4729,-32.88333333333333,-61.03333333333334,101.1,859.3431701096818
4730,-31.53333333333333,-68.54444444444442,101.1,858.6535803757938
4731,-32.75000000000001,-60.74444444444444,101.1,1.0
4732,-33.31944444444446,-66.3261111111111,101.1,1.0
4733,-33.077777777777776,-68.46666666666667,101.1,34837.91962408757
4734,-26.827777777777776,-65.21277777777779,101.1,206.78629323928203
4735,-34.611111111111114,-68.33333333333334,101.1,1.0
4736,-24.194444444444443,-65.30000000000001,101.1,1.0
4737,-31.636111111111116,-60.72416666666666,101.1,1127.7186006504182
4738,-36.62777777777777,-64.29027777777777,101.1,873.7945153524796
4739,-27.79444444444444,-64.25000000000001,101.1,906.4069112304963
4740,-30.077777777777776,-58.766666666666666,101.1,1.0
4741,-27.266666666666666,-65.36111111111109,101.1,9836.842524665379
4742,-30.53333333333333,-61.977777777777774,101.1,200.20012053083337
4743,-30.944444444444443,-61.56666666666668,101.1,91.18594500073688
4744,-26.877777777777776,-65.69444444444444,101.1,353.902398903228
4745,-27.49444444444444,-64.87777777777777,101.1,201.38292457757
4746,-54.79444444444443,-68.26944444444445,101.1,8312.474934400005
4747,-51.58055555555556,-72.21388888888889,101.1,16185.2945632866
4748,-40.8111111111111,-63.0,101.1,78.20605611662477
4749,-32.416666666666664,-63.26111111111111,101.1,8317.746323118092
4750,-31.636111111111116,-60.72416666666666,101.3,3830.170856679035
4751,-22.727777777777774,-65.7,101.3,16289.133116465295
4752,-34.472222222222214,-58.377222222222215,101.3,2.675304175863217
4753,-31.31666666666667,-64.22777777777777,101.3,842.7317860384005
4754,-25.111111111111107,-66.19444444444444,101.3,40.36583440798503
4755,-30.75277777777778,-57.98055555555556,101.3,4921.988149166701
4756,-28.85555555555556,-66.23333333333333,101.3,1.0
4757,-45.85277777777779,-67.51305555555555,101.3,831.123726302985
4758,-37.46666666666667,-61.92777777777777,101.3,126.15112928939975
4759,-30.733333333333334,-64.80000000000001,101.3,103.37798525732231
4760,-38.93333333333334,-69.23333333333333,101.3,907.7017762394961
4761,-34.63611111111111,-58.46000000000001,101.3,6968.474203378543
4762,-34.725,-63.50638888888889,101.3,873.5555593343635
4763,-23.911111111111108,-61.86111111111111,101.3,7380.94963130638
4764,-34.91111111111111,-58.0,101.3,27.34499750958433
4765,-34.58333333333334,-60.977777777777774,101.3,515.5477417065084
4766,-33.866666666666674,-65.19444444444444,101.3,327.0198017401947
4767,-33.35,-67.92777777777778,101.3,1.0
4768,-34.92777777777777,-57.95,101.3,823.4675433339081
4769,-32.49444444444445,-61.58333333333334,101.3,974.5925796318182
4770,-34.866666666666674,-61.53333333333333,101.3,857.0317586739592
4771,-26.944444444444443,-65.36111111111109,101.3,2408.7467902215963
4772,-32.70000000000001,-62.10000000000001,101.3,837.3583945552848
4773,-26.20555555555556,-59.0763888888889,101.3,1.0
4774,-38.26388888888889,-57.85944444444444,101.3,1.0
4775,-38.93055555555555,-68.06111111111113,101.3,861.3921225701151
4776,-31.91666666666667,-63.67777777777777,101.3,40.934717578442594
4777,-38.92777777777777,-69.15000000000002,101.3,1.0
4778,-26.79444444444444,-60.45000000000001,101.3,277.22357774733996
4779,-31.16666666666667,-64.33333333333334,101.3,821.0870805559634
4780,-51.63055555555555,-69.25555555555556,101.3,111.31326457778316
4781,-45.69444444444444,-70.27777777777777,101.3,1940.7933971708874
4782,-34.72777777777778,-58.62777777777777,101.3,906.6158231678482
4783,-32.95,-60.67777777777777,101.3,116.70686243904089
4784,-36.74444444444444,-56.70000000000001,101.3,2949.277983594098
4785,-31.733333333333334,-61.10000000000001,101.3,911.324487842925
4786,-41.13888888888889,-71.2786111111111,101.3,900.5677409826476
4787,-34.79444444444444,-58.32777777777777,101.3,820.2313942133736
4788,-28.13611111111111,-58.76805555555556,101.3,1.0
4789,-40.16666666666667,-71.36111111111109,101.3,1848.5152844945167
4790,-26.827777777777776,-65.21277777777779,101.3,180.63937934948234
4791,-33.31944444444446,-60.24222222222223,101.3,18873.869098029307
4792,-24.194444444444443,-65.30000000000001,101.3,4897.275008853775
4793,-37.833333333333336,-57.51111111111111,101.3,852.9967250853642
4794,-27.79444444444444,-64.25000000000001,101.3,11.094097819657707
4795,-26.733333333333334,-65.27777777777777,101.3,1.0
4796,-37.32777777777777,-59.150000000000006,101.3,127.89856777300837
4797,-36.45000000000001,-62.86111111111111,101.3,382.8406603321943
4798,-33.75000000000001,-61.977777777777774,101.3,68.53584926248696
4799,-29.46666666666667,-60.21666666666668,101.3,460.98213794955535
4800,-31.411111111111108,-64.51666666666667,101.3,1.0
4801,-37.25555555555556,-56.97666666666666,101.3,32481.652502250643
4802,-38.16666666666667,-63.26111111111111,101.3,1.0
4803,-34.10000000000001,-59.03333333333334,101.3,16334.138929633082
4804,-27.46111111111111,-58.98333333333334,101.5,12098.873316002224
4805,-34.56944444444445,-58.42305555555555,101.5,587.631021638082
4806,-27.377777777777776,-55.91111111111111,101.5,1958.0583156171888
4807,-36.93333333333334,-60.15833333333334,101.5,292.55592753646323
4808,-38.977777777777774,-67.83333333333333,101.5,893.4816525815812
4809,-24.416666666666668,-64.04444444444444,101.5,128.18122668236379
4810,-33.09444444444444,-61.8111111111111,101.5,75.20304610603486
4811,-38.72222222222223,-62.24944444444445,101.5,843.9467477074988
4812,-37.82500000000001,-58.22749999999999,101.5,426.761341581424
4813,-32.233333333333334,-60.98333333333334,101.5,845.1960812523758
4814,-34.58055555555556,-58.4675,101.5,56.22518050766022
4815,-31.31666666666667,-64.22777777777777,101.5,167.20313930964903
4816,-32.81666666666668,-61.400000000000006,101.5,1.0
4817,-31.34444444444444,-69.41666666666667,101.5,1.0
4818,-24.83333333333333,-65.0,101.5,12.763214434463945
4819,-38.8111111111111,-68.14444444444443,101.5,1.0
4820,-34.65,-60.46666666666667,101.5,1.0
4821,-45.61111111111112,-69.09444444444443,101.5,4876.8225680334235
4822,-38.70000000000001,-61.28333333333334,101.5,1.0
4823,-35.91111111111111,-64.30000000000001,101.5,921.1232222341637
4824,-33.70000000000001,-61.62777777777777,101.5,37.765147088753196
4825,-31.46111111111111,-60.93333333333334,101.5,8935.793245233275
4826,-28.91666666666667,-67.51666666666667,101.5,400.00082258824233
4827,-26.194444444444443,-58.19444444444444,101.5,80.98529458288725
4828,-27.883333333333336,-63.977777777777774,101.5,491.9240983237306
4829,-32.92777777777777,-60.81666666666668,101.5,189.39017359275562
4830,-34.977777777777774,-67.7,101.5,830.6283291554842
4831,-32.8111111111111,-63.866666666666674,101.5,1.0
4832,-24.677777777777774,-65.05,101.5,45858.9170948527
4833,-39.05,-67.54444444444442,101.5,267.5971040242122
4834,-29.14444444444444,-59.26111111111111,101.5,139.50342816341487
4835,-32.866666666666674,-60.70000000000001,101.5,1901.3627573460856
4836,-25.22777777777777,-59.86111111111111,101.5,162.6793699438807
4837,-23.911111111111108,-61.86111111111111,101.5,5213.602152643627
4838,-27.611111111111107,-56.69444444444444,101.5,335.90248745505147
4839,-30.416666666666668,-57.85555555555556,101.5,1937.4176443438835
4840,-33.866666666666674,-65.19444444444444,101.5,1.0
4841,-29.41388888888889,-66.85749999999999,101.5,6206.344132950544
4842,-34.70000000000001,-58.69444444444444,101.5,2398.688183661265
4843,-40.833333333333336,-68.14444444444443,101.5,1.0
4844,-37.150000000000006,-63.65,101.5,1.0
4845,-38.0,-57.5611111111111,101.5,95.01195743906999
4846,-32.88333333333333,-68.82777777777775,101.5,31542.259279801096
4847,-31.733333333333334,-60.53333333333333,101.5,17.18022538879714
4848,-33.91111111111111,-60.56666666666668,101.5,340.3185964100978
4849,-37.62777777777777,-62.41666666666666,101.5,1.0
4850,-37.094444444444456,-56.86722222222223,101.5,211.97556857878013
4851,-26.79444444444444,-60.45000000000001,101.5,837.3397365207165
4852,-25.91666666666667,-54.62777777777777,101.5,20904.409671877685
4853,-31.677777777777774,-63.92777777777777,101.5,480.47455692565876
4854,-43.31111111111111,-65.1,101.5,4901.815620272798
4855,-30.22777777777777,-69.14444444444443,101.5,814.2073802898042
4856,-24.780555555555555,-65.39500000000001,101.5,1.0
4857,-40.74444444444444,-64.93333333333334,101.5,93.3311574698561
4858,-41.13888888888889,-71.2786111111111,101.5,841.3839088462538
4859,-36.26111111111111,-61.10000000000001,101.5,19897.23562378101
4860,-31.53333333333333,-68.54444444444442,101.5,7903.728154033003
4861,-33.31944444444446,-66.3261111111111,101.5,1.0
4862,-34.611111111111114,-68.33333333333334,101.5,1.0
4863,-23.14444444444444,-64.33333333333334,101.5,1.0
4864,-37.95,-57.766666666666666,101.5,14876.171979757604
4865,-32.28333333333334,-63.37777777777777,101.5,7176.406655165068
4866,-22.53333333333333,-63.81666666666668,101.5,3435.2565076856113
4867,-28.077777777777776,-67.56666666666668,101.5,205.33075997138184
4868,-54.79444444444443,-68.26944444444445,101.5,439.49452641680193
4869,-40.70000000000001,-66.15000000000002,101.5,357.9158434701587
4870,-34.74444444444444,-58.400000000000006,101.5,12.685956891164894
4871,-33.91111111111111,-64.38333333333335,101.5,440.81314483270586
4872,-32.416666666666664,-63.26111111111111,101.5,1.0
4873,-33.677777777777784,-65.46638888888887,101.5,1.0
4874,-39.10000000000001,-67.06666666666668,101.5,9800.709888919378
4875,-38.91111111111111,-70.06666666666668,101.5,2930.322847866925
4876,-29.727777777777774,-57.11666666666667,101.7,261.2042934373559
4877,-31.647222222222226,-60.70638888888889,101.7,485.7285077311503
4878,-32.41111111111111,-63.24472222222223,101.7,171.7012146669987
4879,-28.111111111111107,-65.32777777777777,101.7,2701.0930322763193
4880,-35.11666666666667,-60.51111111111111,101.7,3851.247381729546
4881,-34.611111111111114,-58.41666666666666,101.7,3005.1089555574504
4882,-30.850000000000005,-64.51666666666667,101.7,1949.1934413981328
4883,-29.16666666666667,-67.5111111111111,101.7,1.0
4884,-38.81666666666668,-68.06666666666668,101.7,124.32670922772702
4885,-45.85277777777779,-67.51305555555555,101.7,369.1470861623657
4886,-30.433333333333337,-64.36111111111109,101.7,113.99270825021047
4887,-26.311111111111117,-59.37777777777777,101.7,2949.6797416247773
4888,-28.91666666666667,-67.51666666666667,101.7,112.10850433165382
4889,-34.63611111111111,-58.46000000000001,101.7,1.0
4890,-26.194444444444443,-58.19444444444444,101.7,214.65709332578592
4891,-35.67777777777777,-63.74444444444444,101.7,34818.80659964662
4892,-34.62777777777777,-58.95,101.7,1.0
4893,-35.03333333333334,-63.02777777777777,101.7,876.38898790942
4894,-33.74444444444444,-59.16666666666667,101.7,285.2406872594907
4895,-34.58333333333334,-60.977777777777774,101.7,1.0
4896,-34.92777777777777,-57.95,101.7,405.87610987661344
4897,-32.86111111111111,-68.82777777777775,101.7,1870.3333636323114
4898,-28.350000000000005,-59.28333333333334,101.7,457.49989131230564
4899,-32.33333333333334,-64.27777777777777,101.7,9078.476219701788
4900,-26.883333333333336,-64.98333333333335,101.7,59.204941708190084
4901,-32.16666666666667,-59.39444444444444,101.7,1.0
4902,-29.350000000000005,-59.98333333333334,101.7,16874.593222751053
4903,-32.35,-65.04444444444444,101.7,183.82622367223806
4904,-25.49444444444444,-64.9611111111111,101.7,842.202443933189
4905,-38.93055555555555,-68.06111111111113,101.7,3913.0829400724238
4906,-34.63333333333334,-58.69444444444444,101.7,105.5115323315413
4907,-33.91111111111111,-60.56666666666668,101.7,1924.3283858917625
4908,-22.077777777777776,-63.72777777777778,101.7,1.0
4909,-47.75000000000001,-65.90000000000002,101.7,62.28980602615965
4910,-25.611111111111107,-54.56666666666668,101.7,1.0
4911,-33.11666666666667,-64.33333333333334,101.7,4869.954964439672
4912,-31.266666666666666,-61.49444444444445,101.7,1.0
4913,-32.91111111111111,-60.92777777777777,101.7,1929.1069402872558
4914,-32.95,-60.67777777777777,101.7,19479.598291173097
4915,-32.20833333333333,-58.21805555555555,101.7,613.0336013189482
4916,-31.53333333333333,-68.54444444444442,101.7,807.4199567436011
4917,-40.16666666666667,-71.36111111111109,101.7,351.1975438082139
4918,-34.51666666666667,-58.79444444444444,101.7,107.57507982430266
4919,-31.61666666666667,-58.51111111111111,101.7,380.9810811328452
4920,-24.194444444444443,-65.30000000000001,101.7,867.4475916001492
4921,-36.62777777777777,-64.29027777777777,101.7,37548.055683006954
4922,-27.79444444444444,-64.25000000000001,101.7,16892.949471303626
4923,-28.311111111111117,-58.28333333333334,101.7,8275.202748912832
4924,-38.39444444444444,-60.28333333333334,101.7,9813.929616810581
4925,-40.8111111111111,-63.0,101.7,365.0807736825459
4926,-27.583333333333336,-60.72777777777778,101.7,919.6904125207839
4927,-33.233333333333334,-60.33333333333334,101.7,9844.813775524572
4928,-37.25555555555556,-56.97666666666666,101.7,205.64973272089344
4929,-32.416666666666664,-63.26111111111111,101.7,24938.83707403756
4930,-31.46111111111111,-68.40305555555557,101.7,244.35717485785577
4931,-34.70000000000001,-58.32777777777777,101.7,865.7983017519113
4932,-26.64444444444444,-54.14444444444444,101.9,1899.800261037205
4933,-27.611111111111107,-56.69444444444444,101.9,19897.207854184286
4934,-34.65,-58.61722222222222,101.9,1.1908944385216604
4935,-27.49444444444444,-55.14444444444444,101.9,2897.3801954750456
4936,-28.46666666666667,-65.78444444444443,101.9,532.2071457611598
4937,-33.16666666666667,-65.0,101.9,32.528513871999365
4938,-27.433333333333337,-65.61666666666667,101.9,3613.7870867880265
4939,-34.05,-60.11666666666667,101.9,819.0787904903058
4940,-38.72222222222223,-62.24944444444445,101.9,953.7244670358948
4941,-34.472222222222214,-58.377222222222215,101.9,103.66250260967325
4942,-31.31666666666667,-64.22777777777777,101.9,392.42667603728404
4943,-38.8111111111111,-68.14444444444443,101.9,881.356929114953
4944,-29.883333333333336,-61.95,101.9,223.34004680373064
4945,-34.866666666666674,-58.05,101.9,1.0
4946,-31.411111111111108,-58.02777777777777,101.9,24936.748381797875
4947,-37.46666666666667,-61.92777777777777,101.9,453.9302254563827
4948,-30.733333333333334,-64.80000000000001,101.9,2366.509627495051
4949,-26.416666666666668,-54.62777777777777,101.9,233.08460096574325
4950,-26.194444444444443,-58.19444444444444,101.9,149.71099954322779
4951,-39.05,-67.54444444444442,101.9,226.67321394228955
4952,-32.866666666666674,-60.70000000000001,101.9,229.67929077126598
4953,-33.150000000000006,-59.33333333333334,101.9,811.3890029310653
4954,-31.31666666666667,-64.17777777777776,101.9,810.7098772138746
4955,-34.511111111111106,-63.93333333333334,101.9,424.7735437476298
4956,-31.083333333333336,-64.5111111111111,101.9,1.0
4957,-29.41388888888889,-66.85749999999999,101.9,422.5769987059157
4958,-31.83333333333333,-63.75000000000001,101.9,1.0
4959,-34.416666666666664,-58.8111111111111,101.9,1.0
4960,-31.683333333333334,-61.74444444444444,101.9,16814.57846416967
4961,-38.0,-57.5611111111111,101.9,869.4961972178837
4962,-32.70000000000001,-62.10000000000001,101.9,921.6465074142861
4963,-35.077777777777776,-60.400000000000006,101.9,218.72942572736798
4964,-32.88333333333333,-68.82777777777775,101.9,10862.973265783801
4965,-38.93055555555555,-68.06111111111113,101.9,901.0315961542252
4966,-36.91111111111111,-60.28333333333334,101.9,3090.3276352668095
4967,-31.91666666666667,-63.67777777777777,101.9,169.57658573830798
4968,-33.05,-68.56666666666668,101.9,24908.86266251563
4969,-31.733333333333334,-60.53333333333333,101.9,4907.292255057798
4970,-46.8111111111111,-67.97777777777777,101.9,7504.4701641835745
4971,-37.094444444444456,-56.86722222222223,101.9,1.0
4972,-26.79444444444444,-60.45000000000001,101.9,35.67795792468804
4973,-25.611111111111107,-54.56666666666668,101.9,54.87174069388139
4974,-42.766666666666666,-65.05,101.9,35.60729424974309
4975,-27.64444444444444,-62.41666666666666,101.9,7742.150060218251
4976,-33.11666666666667,-64.33333333333334,101.9,1.0
4977,-51.63055555555555,-69.25555555555556,101.9,1.0
4978,-38.44444444444444,-59.33333333333334,101.9,39.541564280098775
4979,-27.46111111111111,-58.98333333333334,101.9,1.0
4980,-34.27777777777777,-62.70000000000001,101.9,1.0
4981,-28.266666666666666,-58.62777777777777,101.9,4335.105146192065
4982,-24.780555555555555,-65.39500000000001,101.9,829.5053191652289
4983,-41.13888888888889,-71.2786111111111,101.9,1.0
4984,-31.53333333333333,-68.54444444444442,101.9,276.5575812541669
4985,-33.31944444444446,-66.3261111111111,101.9,227.7391077475385
4986,-27.79444444444444,-64.25000000000001,101.9,1.0
4987,-34.67777777777777,-58.33055555555556,101.9,1337.0082835177382
4988,-27.266666666666666,-65.36111111111109,101.9,1870.0744217713393
4989,-27.49444444444444,-64.87777777777777,101.9,1942.565629308828
4990,-26.350000000000005,-60.44444444444444,101.9,2152.761964156969
4991,-33.21666666666668,-68.88333333333334,101.9,1.0
4992,-54.79444444444443,-68.26944444444445,101.9,21162.730549737644
4993,-28.447222222222223,-65.73611111111111,101.9,4882.00148956224
4994,-31.738394244764436,-62.578125,98.14311177011294,9891.195644980804
4995,-41.41118863809925,-71.01562500000006,92.21864301789412,1.0
4996,-34.953865257188454,-58.0078125,99.93715178482853,16833.151059272175
4997,-34.22886632781257,-61.52343750000006,94.27927080815154,4864.122113491195
4998,-27.6158819838447,-56.25,89.23949268381574,5733.482945514591
4999,-27.6158819838447,-56.25,96.70638393311789,1.0
5000,-25.61308321640182,-57.65625000000006,98.07174621353646,2555.8221074712646
5001,-38.3009224658677,-58.359375,91.09217353524747,24907.232762169744
5002,-34.22886632781257,-60.8203125,99.04049898311585,1387.3913203838645
5003,-34.953865257188454,-58.7109375,99.7933894249927,836.6143651170407
5004,-24.296477994805656,-65.39062500000006,90.57654175270079,19826.643456053487
5005,-44.20152985105139,-68.97540983606558,100.87934137378899,308.9427031285903
5006,-37.54432510382695,-63.984375,89.03044222329814,864.0875941025798
5007,-28.291548862929403,-56.25,89.76946693979703,382.37286911468686
5008,-27.95318688338115,-59.41406250000006,89.5579793242608,16817.64824088561
5009,-27.95318688338115,-59.41406250000006,99.59809953243202,1.0
5010,-31.03924001039789,-64.6875,96.09573226845204,432.8519476396451
5011,-33.152887928619876,-61.171875,89.16856319989013,1486.8587183091176
5012,-32.089951256280315,-60.1171875,92.87172412091178,3912.3187901967194
5013,-30.69158768492234,-62.2265625,95.50655469404423,848.52577951917
5014,-34.590574976176626,-63.28125000000006,88.19374823427023,10853.549396228178
5015,-27.6158819838447,-60.46875,99.41620494216312,18258.886661229517
5016,-30.69158768492234,-61.52343750000006,98.2303763573479,1.0
5017,-31.738394244764436,-64.6875,93.85573950513717,219.5826828701105
5018,-32.44286613851179,-60.46875,100.67057628830321,1.0
5019,-36.05358859962301,-63.28125000000006,92.53950035594481,112.19114302074256
5020,-28.291548862929403,-67.5,100.88683949037394,733.5086651197838
5021,-33.152887928619876,-63.28125000000006,96.29884736143185,11576.204067467645
5022,-34.22886632781257,-65.7421875,95.79926970245663,6219.143060399531
5023,-25.282603043311994,-65.7421875,89.33648220076869,1.0
5024,-34.22886632781257,-59.41406250000006,99.40893098262548,1.0
5025,-27.95318688338115,-64.3359375,92.68275207625402,854.5006772371345
5026,-25.944479772370016,-54.4921875,89.29136442564527,658.807268641692
5027,-41.41118863809925,-71.71875,86.83650467649592,29.67563818364157
5028,-43.40685848593699,-65.68548387096774,94.68368852903095,9867.634667638622
5029,-36.79533013738012,-63.28125000000006,94.19357770573986,15730.405380307095
5030,-31.03924001039789,-64.6875,97.04706391264897,219.93900041642758
5031,-26.944358180475746,-61.171875,99.53813719986313,9820.027284183692
5032,-34.953865257188454,-58.7109375,88.13267040015232,192.33491128411745
5033,-32.44286613851179,-65.39062500000006,97.21096331155847,2418.3582564488784
5034,-27.27961273597809,-58.7109375,89.5966184443857,381.56607277155126
5035,-32.79716829582364,-60.8203125,99.05535321728554,1.0
5036,-24.62431835216408,-65.0390625,98.4675040628886,15776.404099646184
5037,-39.065494664452615,-62.578125,94.39747445813907,335.4882737316527
5038,-29.656013541178424,-66.796875,96.91531024997211,2376.653406013267
5039,-34.953865257188454,-61.52343750000006,91.0609751744549,167.52260290000527
5040,-31.03924001039789,-59.765625,93.3375711349816,1.0
5041,-33.152887928619876,-61.875,98.50697504990828,1.0
5042,-33.510056066253014,-64.3359375,93.15637820085095,422.8703249546702
5043,-27.95318688338115,-58.7109375,91.65843153081808,1558.0537898872808
5044,-44.20152985105139,-71.18852459016392,93.68837462562547,119.54227898056936
5045,-35.68533471265205,-58.7109375,98.6083964401564,1844.58634035275
5046,-41.01449966573051,-65.0390625,91.33081391293281,1856.7239707059966
5047,-39.065494664452615,-68.203125,89.4311273250772,1877.1658635341723
5048,-34.22886632781257,-61.52343750000006,96.94110940443929,415.33835859240554
5049,-39.45089470914607,-67.14843750000006,98.57356285724137,12467.96409017168
5050,-26.61009781073392,-58.7109375,88.45226051818486,408.56473606009024
5051,-27.95318688338115,-55.1953125,90.17502058292914,326.37433901326176
5052,-25.282603043311994,-66.4453125,89.04572353146277,1.0
5053,-31.388166464348544,-64.3359375,91.51381878476786,83.70613402765811
5054,-31.738394244764436,-60.46875,93.02067847518813,1.0
5055,-30.000000000000014,-60.1171875,97.44487439841458,896.8289807554404
5056,-37.168899655999454,-57.3046875,96.0482142083483,6.321320898546017
5057,-31.738394244764436,-68.90625,95.59162789668133,79.12499531762401
5058,-30.34518296958825,-59.765625,91.57886445671691,3127.1277274595086
5059,-33.510056066253014,-66.4453125,98.806300432784,109.31735667862459
5060,-27.6158819838447,-59.765625,93.33938673984363,1.0
5061,-36.423573642331164,-56.6015625,100.82310311452494,1.0
5062,-26.276811557199977,-58.359375,95.79127487669122,3433.726939688614
5063,-52.02972741646417,-69.26470588235298,88.83802948609605,1.0
5064,-35.68533471265205,-60.8203125,96.41912487918896,334.67276012368245
5065,-28.291548862929403,-67.5,91.20009822423867,444.6876115243942
5066,-23.31795706533424,-66.4453125,96.5669618156954,1492.035828881849
5067,-36.79533013738012,-56.953125,87.98167823152234,896.588202873169
5068,-34.953865257188454,-58.7109375,89.44470384367253,4867.892534075458
5069,-34.953865257188454,-58.7109375,99.01903189571068,1.0
5070,-35.68533471265205,-61.52343750000006,90.03903181178036,69.02699007848352
5071,-26.276811557199977,-58.359375,98.74070175267039,47.68230684631568
5072,-31.738394244764436,-65.39062500000006,90.60722311533918,1.0
5073,-27.27961273597809,-65.7421875,95.92332616415756,59.52071137799286
5074,-38.3009224658677,-60.46875,96.6809150866379,86.46833495998021
5075,-34.590574976176626,-59.0625,93.9691189124854,545.7615403985264
5076,-31.388166464348544,-64.3359375,90.94403213894981,1048.1041729980113
5077,-25.944479772370016,-59.41406250000006,89.88332558644959,188.12182259416608
5078,-31.03924001039789,-61.171875,87.41614811485165,1937.0775504007138
5079,-31.388166464348544,-65.0390625,90.92638253066728,121.65743426450656
5080,-34.953865257188454,-58.7109375,96.07866242916657,60.967665670589085
5081,-34.590574976176626,-59.0625,100.30357188517459,808.5280433990099
5082,-39.065494664452615,-68.203125,99.24929311266052,1.0
5083,-32.79716829582364,-69.25781250000006,97.67755171078332,1.0
5084,-27.27961273597809,-60.8203125,97.99790817526731,249.55112710155123
5085,-34.953865257188454,-58.7109375,96.25609552668742,18956.02865378148
5086,-35.318772903011535,-58.359375,90.39368944704717,1944.9512510116012
5087,-33.510056066253014,-60.1171875,99.81028994368289,1.0
5088,-35.68533471265205,-61.52343750000006,96.33981078223229,6212.192350321275
5089,-32.79716829582364,-60.8203125,94.69381093997258,2337.5176931574138
5090,-33.152887928619876,-61.171875,88.60808975199352,875.2299656804836
5091,-32.089951256280315,-60.8203125,92.97085223600715,4906.611380619968
5092,-24.296477994805656,-61.875,93.17301789278683,222.15532347186692
5093,-27.27961273597809,-65.7421875,99.15043015558743,1.0
5094,-24.62431835216408,-65.7421875,94.4865960499579,455.06247546474776
5095,-34.590574976176626,-59.0625,91.99003615740948,815.846387481329
5096,-31.03924001039789,-58.359375,100.79375720520508,771.3016131894123
5097,-33.152887928619876,-66.796875,88.60404234461637,831.3671980520904
5098,-39.065494664452615,-62.578125,92.60999381354638,19870.373369491448
5099,-29.313198964168336,-60.1171875,87.55322339706278,9882.163387875533
5100,-32.089951256280315,-61.52343750000006,97.32444602226865,9697.592131616559
5101,-35.318772903011535,-58.359375,99.98514026148395,4727.972696955387
5102,-28.971532223711293,-68.90625,90.61707127840273,19515.655992809305
5103,-26.276811557199977,-58.359375,99.0578039764981,1.0
5104,-30.69158768492234,-64.3359375,90.77465538553295,28.033705864265933
5105,-27.6158819838447,-55.54687500000006,99.86773712890312,420.50023696668416
5106,-39.8384399769991,-62.578125,97.51419214824789,6218.559808775533
5107,-36.79533013738012,-63.28125000000006,98.25036568944958,441.093565598555
5108,-34.590574976176626,-59.0625,87.02497177582615,2908.682651307053
5109,-38.3009224658677,-57.65625000000006,100.61561490718624,1.0
5110,-36.79533013738012,-64.6875,97.145830735978,11.397555364072458
5111,-27.95318688338115,-56.6015625,90.93679284508815,2328.125644072012
5112,-39.065494664452615,-68.203125,98.62596496529,1.0
5113,-33.510056066253014,-68.5546875,90.63626806456837,144.12610554010732
5114,-36.79533013738012,-64.6875,99.27235846122736,27.697298575294052
5115,-39.065494664452615,-68.203125,88.63203799913077,141.91594888023278
5116,-31.388166464348544,-69.25781250000006,96.81980529919599,1894.089739636209
5117,-27.27961273597809,-65.7421875,94.39602405112667,168.51859115575115
5118,-28.630989836924357,-55.8984375,88.39049764926168,821.9865861535774
5119,-32.089951256280315,-60.8203125,90.19665652160221,1.0
5120,-37.168899655999454,-70.6640625,86.82940155937045,4844.824610919585
5121,-38.3009224658677,-68.203125,93.30103732983181,171.53812674803407
5122,-23.31795706533424,-64.3359375,90.89169666204242,911.170653638754
5123,-33.152887928619876,-65.39062500000006,95.25416054252521,1975.4070105663895
5124,-32.089951256280315,-60.8203125,90.83959357067612,1.0
5125,-28.630989836924357,-60.1171875,90.87428155213854,9790.748754886117
5126,-27.27961273597809,-60.8203125,97.3688406333815,880.276441955989
5127,-31.388166464348544,-63.6328125,87.6481433955938,275.1359844852327
5128,-41.01449966573051,-63.6328125,99.74119459000347,1.0
5129,-31.388166464348544,-67.14843750000006,98.96732347159383,18308.187321278067
5130,-33.152887928619876,-61.875,96.29716770474256,2950.439689525941
5131,-34.953865257188454,-58.7109375,95.17826005966509,1.0
5132,-31.738394244764436,-64.6875,99.57098847709506,123.94331538064026
5133,-45.783967161775024,-69.02542372881356,89.5713800054912,4863.659901532835
5134,-43.40685848593699,-66.41129032258067,88.12608584964231,1845.3160491621215
5135,-29.313198964168336,-59.41406250000006,90.17112189269575,3041.299579546057
5136,-32.79716829582364,-59.41406250000006,98.09194547699133,304.8131502025914
5137,-31.03924001039789,-64.6875,87.43912367644154,1925.5306228559507
5138,-30.34518296958825,-57.65625000000006,95.0243471655098,196.0990109286396
5139,-24.953020787727496,-65.39062500000006,101.03107516236301,1.0
5140,-34.590574976176626,-68.203125,99.0184190695756,896.0083275756692
5141,-33.152887928619876,-68.90625,94.10294193026584,31532.696254700782
5142,-25.282603043311994,-58.0078125,87.88858772879699,87.56217627431049
5143,-30.34518296958825,-62.578125,98.65631688656464,351.0672266033337
5144,-39.065494664452615,-62.578125,95.26333826835372,1288.5331673943563
5145,-28.971532223711293,-59.0625,88.66745195016043,808.8323262147575
5146,-27.6158819838447,-59.0625,88.35019779218193,6127.180764911613
5147,-32.79716829582364,-60.8203125,99.84936527268535,2990.0656004440107
5148,-52.02972741646417,-71.91176470588232,96.31749535565201,1.0
5149,-28.971532223711293,-56.953125,98.62431050576825,49126.333324703315
5150,-34.953865257188454,-59.41406250000006,99.36503120687641,2934.6133727438937
5151,-35.318772903011535,-58.359375,94.8612754007886,8317.268977793296
5152,-28.971532223711293,-59.765625,94.0420606553649,913.7175000608089
5153,-34.953865257188454,-58.7109375,92.72600897734733,7798.1547563194745
5154,-31.738394244764436,-64.6875,91.09456572212167,1.0
5155,-34.590574976176626,-59.0625,92.78738937812639,138.77451309313483
5156,-34.590574976176626,-59.0625,97.78303371105085,9705.011855087256
5157,-33.510056066253014,-69.25781250000006,95.30685945213887,1.0
5158,-26.61009781073392,-54.4921875,99.57453628234254,1.0
5159,-37.54432510382695,-62.578125,92.91673139297608,3882.35335291087
5160,-31.388166464348544,-68.5546875,95.38320673729532,5557.124297386547
5161,-27.95318688338115,-56.6015625,95.7484464555677,1.0
5162,-24.953020787727496,-65.39062500000006,95.15573178448616,7598.3996990833475
5163,-33.86870460165652,-59.0625,96.8044791640801,1484.6735883084693
5164,-34.953865257188454,-58.7109375,90.14887549859552,522.9132168832599
5165,-23.969482317759685,-62.2265625,93.96468943725738,4946.887285191202
5166,-33.152887928619876,-64.6875,88.50626075943977,252.5952245246222
5167,-28.630989836924357,-58.7109375,92.05034657775184,1.0
5168,-34.590574976176626,-58.359375,93.58873536869505,53.85870690656842
5169,-27.95318688338115,-60.8203125,96.06448194157898,441.0901165345211
5170,-34.953865257188454,-58.7109375,100.45925550863838,650.5159507772045
5171,-31.738394244764436,-60.46875,95.28805596870386,4847.102422554173
5172,-41.01449966573051,-71.36718750000006,97.3742493513645,3907.9373062944037
5173,-27.6158819838447,-61.171875,93.8718648460509,846.9460775130184
5174,-31.388166464348544,-62.2265625,95.79069911019465,3824.3349978602587
5175,-27.27961273597809,-65.7421875,88.00170846181744,1.0
5176,-39.45089470914607,-62.2265625,90.3305370647033,1.0
5177,-38.68218745348943,-58.7109375,91.71792108090337,9675.633449222621
5178,-29.656013541178424,-67.5,93.35774834179611,1.0
5179,-34.953865257188454,-61.52343750000006,87.60944891341438,3.903261858010442
5180,-36.79533013738012,-56.953125,89.02210810482343,1843.9325878440736
5181,-33.510056066253014,-61.52343750000006,90.5753751009298,230.05098380383828
5182,-33.152887928619876,-60.46875,100.72668136640466,9703.884269852933
5183,-28.971532223711293,-58.359375,91.28086370090632,71.04156988215242
5184,-26.944358180475746,-66.09375,93.50309150630169,1.0
5185,-39.065494664452615,-68.203125,89.70192105370623,74.54414319918504
5186,-39.065494664452615,-67.5,95.43829185402893,843.7987907017164
5187,-34.590574976176626,-59.0625,90.6254270941112,180.48641540466755
5188,-31.388166464348544,-62.2265625,89.82278143887604,687.8232373002924
5189,-31.388166464348544,-58.7109375,94.02876010451646,9706.879418744507
5190,-34.953865257188454,-58.7109375,86.58860101084908,11930.118789781935
5191,-39.065494664452615,-68.203125,86.66393965159666,29.14737261816624
5192,-39.065494664452615,-68.203125,89.95214648343871,353.4522806903961
5193,-35.68533471265205,-58.0078125,87.47094533233297,816.1354032752938
5194,-34.590574976176626,-59.0625,88.56347674330652,19876.168568241977
5195,-26.61009781073392,-60.8203125,91.38059230109954,49173.45140474666
5196,-27.6158819838447,-54.84375,98.21476431582349,1.0
5197,-39.065494664452615,-67.5,94.8653585384531,2060.485466176578
5198,-34.22886632781257,-59.41406250000006,93.96931639552768,183.58174439838314
5199,-23.64331425576559,-65.39062500000006,90.79109302219842,1.0
5200,-26.944358180475746,-60.46875,100.20491256436388,1.0
5201,-34.953865257188454,-60.8203125,92.23402391280673,350.2451352272851
5202,-22.993394314297802,-63.984375,88.24837103316571,406.8096692604414
5203,-27.6158819838447,-55.54687500000006,95.53327524534632,1.0
5204,-33.510056066253014,-64.3359375,88.65097480651082,1486.5625727589797
5205,-34.953865257188454,-58.7109375,91.47393827897105,65.8366162646781
5206,-34.953865257188454,-68.5546875,93.88930838304752,826.4135059945638
5207,-28.630989836924357,-59.41406250000006,99.29422283953345,74.88896575137156
5208,-34.953865257188454,-58.7109375,93.67823823964916,1.0
5209,-28.971532223711293,-59.765625,96.79901690892152,226.68717700312297
5210,-31.388166464348544,-64.3359375,100.99770458262269,1.0
5211,-35.318772903011535,-60.46875,88.91667241548191,687.0671950519479
5212,-34.590574976176626,-58.359375,90.54843018223839,1.0
5213,-37.9216507842918,-61.52343750000006,92.19811102484076,447.69390089611124
5214,-34.953865257188454,-62.2265625,92.59938839582752,1.0
5215,-33.86870460165652,-68.90625,92.44025770419445,1210.7983333709662
5216,-26.944358180475746,-65.39062500000006,99.81697400990839,2943.7278973552025
5217,-31.738394244764436,-64.6875,96.9705121583002,1.0
5218,-29.656013541178424,-59.0625,95.39526050538296,364.9855018601119
5219,-29.313198964168336,-67.8515625,90.99658269616506,1.0
5220,-46.1781796469964,-68.0769230769231,98.54000558212168,863.0251583681343
5221,-31.738394244764436,-58.359375,100.5169316962322,27.092611898867247
5222,-39.065494664452615,-68.203125,98.50024749804902,611.4773358661014
5223,-34.590574976176626,-59.0625,50.007,489.6678180395811
5224,-36.423573642331164,-64.3359375,95.82541014790229,14937.063970851714
5225,-33.152887928619876,-68.90625,87.6945711407914,816.0772743034202
5226,-33.86870460165652,-63.28125000000006,90.36498418299357,848.5064954654449
5227,-32.79716829582364,-60.8203125,87.82472694468892,218.52154384410295
5228,-27.95318688338115,-55.1953125,95.3345249004832,19875.70138861841
5229,-34.953865257188454,-58.7109375,96.5707884803324,3697.39851906624
5230,-30.34518296958825,-60.46875,88.66074793034137,54.582055726516465
5231,-24.296477994805656,-64.6875,92.04048094895371,6150.175997247841
5232,-34.590574976176626,-58.359375,93.11027296224121,283.86888790982005
5233,-27.95318688338115,-59.41406250000006,91.8235533107137,4940.484025798139
5234,-41.01449966573051,-65.0390625,88.75915530023174,4917.108304628396
5235,-42.21036983965021,-71.92913385826773,92.55697571789409,1.0
5236,-39.45089470914607,-69.25781250000006,97.47661681666676,1866.38716847219
5237,-31.738394244764436,-63.984375,88.00287900345471,61.437964256960285
5238,-23.969482317759685,-65.0390625,88.14431288713618,70.40394352602085
5239,-39.8384399769991,-66.09375,91.61402192914063,68.90571775168073
5240,-32.089951256280315,-60.8203125,100.3471320720856,1984.9644568699007
5241,-43.40685848593699,-65.68548387096774,96.30835366118608,1.0
5242,-43.40685848593699,-65.68548387096774,96.45542845029662,1.0
5243,-37.9216507842918,-59.41406250000006,91.7189025553804,1920.7505568849704
5244,-30.69158768492234,-58.7109375,95.18475103525857,1.0
5245,-31.738394244764436,-61.171875,86.7500618586425,1.0
5246,-37.9216507842918,-59.41406250000006,95.82079693848145,1.0
5247,-31.03924001039789,-58.359375,99.90817824004495,186.3468948905484
5248,-27.95318688338115,-65.0390625,95.4653887193407,381.4929656285251
5249,-33.510056066253014,-61.52343750000006,99.28642305302624,1.0
5250,-41.01449966573051,-72.0703125,97.10941510593261,29849.806067573394
5251,-34.953865257188454,-58.7109375,88.75213177769336,1923.9369866231586
5252,-33.86870460165652,-66.796875,99.73409730394786,104.04602341953233
5253,-26.944358180475746,-65.39062500000006,87.93207376995211,98.15988481267769
5254,-34.590574976176626,-61.171875,94.29355904724436,322.2766027770849
5255,-53.956782484817865,-68.1958762886598,89.04772554708455,889.8579502652728
5256,-27.6158819838447,-60.46875,86.8050561431021,1.0
5257,-33.152887928619876,-61.875,92.60242287277575,1.0
5258,-38.68218745348943,-58.7109375,90.81116972478195,7913.165951515051
5259,-35.318772903011535,-63.28125000000006,93.56336536545156,16.425413133310315
5260,-34.953865257188454,-58.7109375,94.94148556165867,186.78245888035354
5261,-34.953865257188454,-58.7109375,87.57982135336236,8890.120574418625
5262,-31.738394244764436,-64.6875,88.7889347066287,1036.1353139625662
5263,-30.69158768492234,-60.8203125,94.66723594980245,129.86141786609727
5264,-36.79533013738012,-62.578125,91.44377719600287,1448.3633918569012
5265,-36.79533013738012,-61.875,97.17960838272298,1.0
5266,-38.3009224658677,-57.65625000000006,96.0655001386885,2397.339783372637
5267,-39.45089470914607,-71.36718750000006,98.86818303997728,404.1231604999914
5268,-33.152887928619876,-64.6875,96.65676877755196,4877.848925960178
5269,-33.152887928619876,-69.609375,92.71870065424095,21909.141457030044
5270,-36.423573642331164,-62.2265625,96.37235516737611,15445.574659005035
5271,-34.590574976176626,-58.359375,90.55683467684347,10905.378659652206
5272,-34.953865257188454,-58.7109375,90.95700563109706,455.36102825377884
5273,-36.423573642331164,-63.6328125,98.00615729624917,157.12189435678613
5274,-39.065494664452615,-68.203125,92.96148696223572,359.3490173952446
5275,-31.388166464348544,-63.6328125,98.15026212988467,1556.0679802420134
5276,-31.738394244764436,-62.578125,98.51902281003902,9784.877524819618
5277,-26.944358180475746,-65.39062500000006,99.04620192135545,1.0
5278,-33.86870460165652,-62.578125,99.96198039147929,13368.512627566732
5279,-24.953020787727496,-66.09375,92.7342225309201,4885.930957866611
5280,-32.79716829582364,-69.25781250000006,91.11940771170504,33434.39609439377
5281,-33.510056066253014,-66.4453125,95.01536060376937,9745.391756166066
5282,-30.69158768492234,-69.25781250000006,91.8546476643924,47.42471794956752
5283,-33.86870460165652,-59.0625,95.29430870428808,1.0
5284,-24.62431835216408,-65.7421875,96.84747853236617,1.0
5285,-24.953020787727496,-65.39062500000006,96.59722682741202,62.1976178210658
5286,-37.168899655999454,-60.8203125,91.90424342124541,878.3253223975377
5287,-31.738394244764436,-64.6875,89.34745775519679,4842.003837858005
5288,-27.27961273597809,-54.4921875,92.72750983240522,9866.579678218382
5289,-33.152887928619876,-61.171875,89.05326626902598,887.4756771093379
5290,-35.68533471265205,-62.2265625,99.53554987607181,1.0
5291,-28.630989836924357,-66.4453125,91.48353796625497,1.0
5292,-34.590574976176626,-59.0625,89.19711985569441,1.0
5293,-26.61009781073392,-60.8203125,87.28472597795216,161.82897974683763
5294,-25.282603043311994,-58.0078125,95.96775451791471,433.3230850404161
5295,-33.152887928619876,-60.46875,95.83297907921157,1.0
5296,-33.510056066253014,-66.4453125,91.40617194576066,139.86926721507163
5297,-34.590574976176626,-59.0625,88.01380466771839,1.0
5298,-34.953865257188454,-58.7109375,92.41975835116673,909.7708073909889
5299,-46.5718474134496,-71.7672413793104,91.02044854731407,357.7948971891995
5300,-33.152887928619876,-62.578125,96.43286150296187,421.03331562733626
5301,-31.388166464348544,-67.8515625,95.36384219569408,272.67789641825806
5302,-36.423573642331164,-64.3359375,91.75812972785046,23198.088496935135
5303,-30.000000000000014,-60.8203125,89.9395460069388,1.0
5304,-32.44286613851179,-65.39062500000006,100.93682699765185,479.5642514084447
5305,-26.276811557199977,-54.84375,93.07625162164459,2404.047317420375
5306,-24.296477994805656,-61.875,96.59532188046398,823.4983993808473
5307,-43.40685848593699,-65.68548387096774,89.02851990278069,16137.353299752122
5308,-37.54432510382695,-61.171875,93.55711191167876,183.48899400244918
5309,-34.953865257188454,-58.7109375,87.32845050544215,356.5797128398189
5310,-32.089951256280315,-62.2265625,93.85952001139759,1.0
5311,-27.95318688338115,-61.52343750000006,100.63098496491497,873.367879241806
5312,-27.6158819838447,-56.25,92.04587748817475,58.25588312693069
5313,-29.313198964168336,-60.1171875,87.50623531383297,1.0
5314,-33.510056066253014,-64.3359375,87.38149556739334,811.7247926712242
5315,-34.953865257188454,-58.7109375,92.10133564809844,660.8326574774807
5316,-34.953865257188454,-61.52343750000006,89.2645898715969,1.0
5317,-30.34518296958825,-61.171875,87.21157149943214,1855.1036200070353
5318,-42.21036983965021,-71.22047244094483,97.54458480131096,887.4936593721054
5319,-35.318772903011535,-65.39062500000006,93.14507998663888,1.0
5320,-33.510056066253014,-61.52343750000006,90.73618780382253,368.31076004777697
5321,-34.590574976176626,-63.984375,99.69601283368512,1940.36612650222
5322,-32.089951256280315,-60.8203125,88.68560539695976,630.5554793796362
5323,-29.313198964168336,-66.4453125,100.5278611428924,209.40419235435476
5324,-31.738394244764436,-68.90625,91.05601518945316,102.92606837941779
5325,-35.318772903011535,-58.359375,99.508339982947,874.7015220139806
5326,-23.969482317759685,-65.0390625,95.32192520287458,16913.52864272648
5327,-27.27961273597809,-65.7421875,98.58474663501484,1231.5952997191
5328,-25.282603043311994,-65.7421875,100.88560234974118,1.0
5329,-24.953020787727496,-65.39062500000006,90.7253293522031,350.4874656942804
5330,-37.9216507842918,-58.0078125,100.5942878094937,9822.74087555701
5331,-34.953865257188454,-58.7109375,92.12327120454164,1.0
5332,-32.79716829582364,-65.7421875,92.06502633304633,39891.41400465294
5333,-26.944358180475746,-61.171875,91.40298736171812,19875.55620901767
5334,-32.79716829582364,-60.8203125,94.40681903492909,1.0
5335,-32.79716829582364,-65.7421875,89.19330451609058,16826.33069816187
5336,-27.95318688338115,-62.2265625,94.594119011264,161.54515889336605
5337,-32.089951256280315,-59.41406250000006,94.4113433402831,6164.87046388034
5338,-32.089951256280315,-66.4453125,97.62136174911217,250.5354390437227
5339,-34.590574976176626,-61.171875,98.69021735921913,303.9901283543877
5340,-34.590574976176626,-59.0625,92.87346062618538,897.5057651616031
5341,-25.282603043311994,-66.4453125,90.90551321221714,3410.4453732661796
5342,-31.738394244764436,-62.578125,90.38349169714868,1.0
5343,-34.590574976176626,-59.0625,89.68405239998506,858.2189480400496
5344,-33.152887928619876,-68.90625,87.79560445877465,1.0
5345,-37.9216507842918,-57.3046875,91.43322304747254,136.12938170717786
5346,-34.953865257188454,-61.52343750000006,90.50039358704477,139.115938587824
5347,-27.6158819838447,-54.84375,100.66154526530066,367.5478686668646
5348,-26.276811557199977,-59.765625,94.65343929620461,118.65641396780366
5349,-34.590574976176626,-59.0625,91.50407158331817,1.0
5350,-24.62431835216408,-65.7421875,94.98977707918107,1.0
5351,-33.86870460165652,-60.46875,89.01207710086655,1.0
5352,-41.01449966573051,-65.0390625,92.92650464847077,369.9693113569944
5353,-33.86870460165652,-64.6875,95.67179379324087,21825.060797961647
5354,-31.738394244764436,-60.46875,93.6074710805285,1.0
5355,-34.590574976176626,-58.359375,92.30416854931592,19835.670527659382
5356,-32.44286613851179,-59.0625,101.0108398967762,2356.505733460454
5357,-33.510056066253014,-65.0390625,99.3849182397322,900.6188243554463
5358,-41.01449966573051,-63.6328125,95.62905938091876,908.0569330017119
5359,-31.738394244764436,-61.171875,94.8258813197273,4932.6389821438615
5360,-43.00863399423693,-65.16000000000003,95.58757729664228,1.0
5361,-39.065494664452615,-62.578125,89.76193013892528,440.2555790904485
5362,-27.95318688338115,-55.1953125,92.20638137833006,1850.7674401845836
5363,-26.276811557199977,-61.171875,87.5134265840694,852.16099701418
5364,-26.944358180475746,-60.46875,93.40421884124646,5137.980202791072
5365,-24.296477994805656,-65.39062500000006,94.43143401246259,1.0
5366,-26.944358180475746,-65.39062500000006,90.04513978074097,1579.455828737357
5367,-34.953865257188454,-58.7109375,100.63113063757883,678.9226352932166
5368,-26.276811557199977,-59.765625,99.84659813108131,185.25285354567225
5369,-31.388166464348544,-68.5546875,97.08471695385737,127.7360787017432
5370,-37.9216507842918,-69.25781250000006,94.28471695480766,884.6829016036972
5371,-24.296477994805656,-65.39062500000006,99.23090281194722,9823.631800979645
5372,-36.79533013738012,-56.953125,88.90407636719834,422.78160784089374
5373,-30.34518296958825,-59.0625,98.02954239009276,4924.53106442487
5374,-27.27961273597809,-61.52343750000006,88.81629394382628,219.26591854563588
5375,-34.953865257188454,-58.7109375,98.0863069196799,1.0
5376,-34.590574976176626,-59.0625,90.56183344937214,1.0
5377,-38.68218745348943,-58.7109375,99.3369197170703,1.0
5378,-34.953865257188454,-58.0078125,100.37662788994486,186.71611157527667
5379,-36.79533013738012,-64.6875,89.12845459329418,123.2436576318031
5380,-30.34518296958825,-59.0625,93.2082942973009,1931.1643829427203
5381,-27.95318688338115,-59.41406250000006,100.84707330025998,2844.0341388860743
5382,-35.318772903011535,-59.0625,93.52389165897102,1.0
5383,-36.79533013738012,-64.6875,99.13530362475421,1.0
5384,-53.956782484817865,-68.1958762886598,95.11190443205606,39.99574635407796
5385,-32.089951256280315,-61.52343750000006,91.91564331911738,814.6704998807592
5386,-31.738394244764436,-63.984375,90.69141010574273,1.0
5387,-35.68533471265205,-58.7109375,89.78240129767929,1.0
5388,-31.388166464348544,-62.2265625,97.61996311273663,19601.90385991122
5389,-40.22818472806108,-70.6640625,92.08011725111602,4841.528891780885
5390,-37.9216507842918,-57.3046875,93.94812218600552,1.0
5391,-32.089951256280315,-60.8203125,93.65964962357286,225.79093451876486
5392,-35.318772903011535,-59.0625,94.9426551594429,150.43611488547654
5393,-35.318772903011535,-58.359375,99.16551871097008,3905.178978716865
5394,-26.944358180475746,-59.765625,100.84391493427354,451.37459007274384
5395,-39.065494664452615,-66.796875,92.38965108372683,1.0
5396,-33.152887928619876,-68.90625,98.59719451277006,2575.3991121121667
5397,-37.168899655999454,-57.3046875,97.65680616640616,211.47333236426147
5398,-31.388166464348544,-68.5546875,94.88723509136365,25.155286329095453
5399,-39.065494664452615,-68.203125,100.5294950467143,179.83596863178508
5400,-31.738394244764436,-60.46875,89.75295754081395,426.001325095372
5401,-23.64331425576559,-64.6875,88.58211931005997,131.93756154599004
5402,-39.065494664452615,-62.578125,98.9926030483675,1.0
5403,-26.61009781073392,-54.4921875,92.85444325933341,213.86070226753864
5404,-31.388166464348544,-68.5546875,98.88849627920075,1.0
5405,-41.41118863809925,-71.71875,99.58364579060759,3240.918075150428
5406,-41.41118863809925,-71.01562500000006,87.87022921796805,1.0
5407,-33.86870460165652,-65.39062500000006,99.4318124371843,1.0
5408,-34.590574976176626,-59.0625,92.98974682665563,916.1088975207506
5409,-32.44286613851179,-63.28125000000006,93.93528973922531,3377.3675384821213
5410,-30.69158768492234,-60.8203125,95.67720576607573,4880.465906041873
5411,-31.388166464348544,-64.3359375,100.11860654883158,417.3495212066777
5412,-34.953865257188454,-59.41406250000006,87.06370305661224,1.0
5413,-35.318772903011535,-59.0625,93.42396942425246,2443.8444155420275
5414,-36.05358859962301,-58.359375,96.58727877582949,1860.879549480193
5415,-36.05358859962301,-59.765625,97.09232584303312,3.356515273304201
5416,-26.61009781073392,-54.4921875,96.65734565175119,9888.209607681343
5417,-32.79716829582364,-60.8203125,88.95434980346445,1.0
5418,-25.61308321640182,-58.359375,90.86750874227506,35310.50705826994
5419,-33.510056066253014,-63.6328125,91.6718889183516,7938.394420277153
5420,-32.44286613851179,-64.6875,98.24316335999373,1498.056260214234
5421,-39.065494664452615,-68.203125,90.60054483724474,16908.035153460965
5422,-31.388166464348544,-58.0078125,89.86254988317064,1948.0342762118
5423,-27.27961273597809,-61.52343750000006,100.54733319376022,1.0
5424,-27.6158819838447,-59.0625,86.70580261546873,307.0849399180462
5425,-35.318772903011535,-58.359375,101.061423585571,1.0
5426,-34.590574976176626,-60.46875,96.42850138163583,200.7784930256298
5427,-26.944358180475746,-60.46875,98.61177155761288,2744.476349226138
5428,-26.61009781073392,-60.8203125,90.80571922758374,196.02450493818048
5429,-34.953865257188454,-58.7109375,86.8961183113766,113.33977847165856
5430,-26.276811557199977,-58.359375,97.29698380500037,860.3222914562264
5431,-37.168899655999454,-62.2265625,98.69758101260038,9123.453122819621
5432,-34.953865257188454,-58.7109375,97.3321667921785,1.0
5433,-26.61009781073392,-65.7421875,89.05637164178324,194.58544784875167
5434,-26.61009781073392,-60.8203125,97.50698468944721,1.0
5435,-52.02972741646417,-69.26470588235298,97.71612788541498,1844.068734669623
5436,-31.738394244764436,-62.578125,96.15991575562342,1.0
5437,-31.738394244764436,-63.984375,97.67824219678143,1070.642456145921
5438,-36.79533013738012,-59.0625,98.87290337421689,55.59725901186892
5439,-41.41118863809925,-71.71875,95.48096099293502,1.0
5440,-52.02972741646417,-70.14705882352939,88.27113047883425,16871.331304617535
5441,-35.318772903011535,-59.0625,93.58813773588702,1.0
5442,-31.738394244764436,-61.875,88.10592096976912,296.6687207449528
5443,-26.61009781073392,-60.8203125,92.3890447593053,1.0
5444,-35.68533471265205,-58.7109375,92.3826168374284,397.1506144922778
5445,-33.510056066253014,-60.8203125,87.92534048831394,432.7046275173971
5446,-32.089951256280315,-60.8203125,91.52671664303529,102.0412293342802
5447,-39.065494664452615,-62.578125,88.60821965362715,1.0
5448,-27.27961273597809,-65.7421875,98.30141774778201,181.15077911486384
5449,-32.79716829582364,-60.8203125,100.42305362659607,1245.5862922236056
5450,-23.64331425576559,-64.6875,88.02318450309492,3837.075023353977
5451,-32.79716829582364,-69.25781250000006,100.51762816918384,644.4048410116118
5452,-25.61308321640182,-60.46875,94.1201575976323,855.0428867234714
5453,-27.27961273597809,-60.8203125,90.869709188296,1.0
5454,-27.27961273597809,-61.52343750000006,88.09370706055411,57.101858524733764
5455,-34.590574976176626,-58.359375,93.78598075329141,1.0
5456,-35.318772903011535,-60.46875,98.09098324931288,7.315614321828981
5457,-33.86870460165652,-61.171875,96.86933609445903,1.0
5458,-43.40685848593699,-71.49193548387098,87.68046275107893,514.874782610927
5459,-31.738394244764436,-62.578125,88.03226605268658,829.0866654437442
5460,-30.69158768492234,-69.25781250000006,92.32028440106495,19816.941763949428
5461,-38.3009224658677,-57.65625000000006,90.81440120709384,1.0
5462,-28.630989836924357,-59.41406250000006,90.0947871884788,904.6127155900307
5463,-43.40685848593699,-65.68548387096774,90.6295835318779,4894.340433017345
5464,-23.64331425576559,-63.28125000000006,98.2285236274585,826.7466043492653
5465,-44.20152985105139,-70.45081967213116,100.16432876657157,14.787549839888754
5466,-24.953020787727496,-65.39062500000006,92.35311168584275,24.665712505299183
5467,-39.065494664452615,-68.203125,99.79287117180719,1.0
5468,-33.152887928619876,-61.171875,91.15341752524623,80.81220725942383
5469,-54.72462840974654,-68.68421052631578,93.41778161386853,2888.312759376003
5470,-26.276811557199977,-58.359375,90.02670659646273,1.0
5471,-33.510056066253014,-62.2265625,95.88697533486565,1.0
5472,-43.804487962974946,-65.48780487804879,100.82152640756551,1886.0231947704435
5473,-33.152887928619876,-61.171875,95.33005655574232,3839.0984125385658
5474,-34.590574976176626,-59.0625,91.65866361282386,338.39466769875196
5475,-34.953865257188454,-58.7109375,95.99789834885632,1854.5593775509058
5476,-32.44286613851179,-61.171875,88.78769107234062,198.25622312019783
5477,-34.590574976176626,-59.0625,99.51244401954045,1.0
5478,-33.86870460165652,-61.171875,93.82342411162732,213.339261284959
5479,-39.065494664452615,-67.5,93.00543680576443,845.6086277815634
5480,-25.282603043311994,-66.4453125,95.06953875725873,19861.107101420228
5481,-30.34518296958825,-59.765625,95.64987846925735,1.0
5482,-41.41118863809925,-71.71875,88.01479631172695,445.6327221010491
5483,-39.065494664452615,-68.203125,96.51292327855016,111.54074842902777
5484,-32.44286613851179,-60.46875,90.19706200681834,447.50185017878033
5485,-34.590574976176626,-59.765625,96.9693467249084,1.0
5486,-30.34518296958825,-66.09375,98.52074713757018,90.73559529802085
5487,-27.95318688338115,-56.6015625,98.235820978286,4904.893058614186
5488,-32.44286613851179,-58.359375,94.57569148920804,820.7229043310554
5489,-31.738394244764436,-68.90625,94.08352067969214,327.12911412779386
5490,-33.86870460165652,-61.171875,89.0566829030389,54.738844717814956
5491,-26.276811557199977,-58.359375,97.80282784831523,71.12367844875206
5492,-46.1781796469964,-67.30769230769232,90.51283802148353,191.0814176639565
5493,-52.02972741646417,-70.14705882352939,93.72617256743426,5563.784048427892
5494,-34.953865257188454,-58.7109375,90.67188221387842,27794.932272503214
5495,-33.510056066253014,-69.25781250000006,88.94699362248636,298.7575218490304
5496,-31.03924001039789,-61.171875,95.72200746260644,206.24444691225796
5497,-36.79533013738012,-56.953125,87.74416551135215,6219.038740913225
5498,-34.953865257188454,-58.7109375,97.44242994738268,270.80708868775423
5499,-27.6158819838447,-54.84375,91.10284807523097,818.8836258334755
5500,-39.065494664452615,-62.578125,50.007,1.0
5501,-37.168899655999454,-60.8203125,93.94589473482455,2881.7753726008673
5502,-41.41118863809925,-71.71875,87.62811534540106,657.4416287906281
5503,-34.953865257188454,-58.7109375,90.56703398157028,4861.072353930939
5504,-34.590574976176626,-61.875,96.86773401149485,3823.91764189835
5505,-32.089951256280315,-60.8203125,87.87382900855535,1.0
5506,-40.620185190672686,-71.71875,98.7749027553336,1922.2882236892658
5507,-38.3009224658677,-58.359375,86.52975119465654,4535.200268404049
5508,-25.282603043311994,-66.4453125,90.24946894164205,136.3626723829603
5509,-24.62431835216408,-65.7421875,97.33794273564489,1.0
5510,-31.738394244764436,-61.875,91.08581465446461,1.0
5511,-36.79533013738012,-61.875,88.47115075856091,327.8930734872937
5512,-53.57223328098857,-68.4183673469388,91.69416570590258,145.71881428539078
5513,-27.6158819838447,-56.953125,90.50195324648226,821.648585888492
5514,-34.22886632781257,-65.0390625,98.8251228516576,1.0
5515,-31.738394244764436,-61.171875,91.04800978710591,7920.331086067001
5516,-44.20152985105139,-68.97540983606558,98.00534915677169,18.389233925797452
5517,-37.54432510382695,-57.65625000000006,99.56407332130787,1.0
5518,-37.54432510382695,-59.765625,92.77592563899431,391.2861838682903
5519,-32.79716829582364,-69.25781250000006,99.85444814873485,428.2307117673737
5520,-32.089951256280315,-60.8203125,91.94481198352095,1.0
5521,-30.000000000000014,-58.0078125,100.63176183210517,36.852773557301575
5522,-25.61308321640182,-60.46875,88.28143897962654,1.0
5523,-38.3009224658677,-58.359375,96.57704232455508,1933.1820491529847
5524,-36.79533013738012,-57.65625000000006,93.68230974243119,3103.638428403861
5525,-54.72462840974654,-67.73684210526318,92.0963774202208,353.8352810460109
5526,-54.72462840974654,-68.68421052631578,95.76966474547355,1916.315970432394
5527,-33.510056066253014,-61.52343750000006,96.82229770371879,2402.579883680614
5528,-35.68533471265205,-63.6328125,86.54871810626423,1.0
5529,-41.41118863809925,-71.71875,89.34858387874185,26684.980622970033
5530,-37.9216507842918,-61.52343750000006,96.95614168927608,4909.600499355507
5531,-29.313198964168336,-67.14843750000006,96.27649499238245,1.0
5532,-32.44286613851179,-61.875,100.65683536257421,1.0
5533,-27.6158819838447,-66.09375,97.60969953349597,1.0
5534,-42.21036983965021,-71.92913385826773,100.46233264164593,1.0
5535,-34.22886632781257,-59.41406250000006,96.80312059494446,2909.4369930673392
5536,-28.630989836924357,-55.8984375,90.85012946161419,368.75766151172843
5537,-34.953865257188454,-59.41406250000006,88.5234230564798,3841.334269849029
5538,-34.590574976176626,-60.46875,97.89631614514384,2898.1158741143713
5539,-31.738394244764436,-66.796875,95.94247427337618,869.1736767470616
5540,-27.27961273597809,-65.7421875,87.64881325462044,1479.9258484956474
5541,-34.953865257188454,-59.41406250000006,91.69147421546849,1.0
5542,-33.152887928619876,-61.171875,100.53907924762582,89.10239646978077
5543,-35.68533471265205,-60.8203125,93.78258419712003,900.9280315751864
5544,-33.152887928619876,-61.171875,92.75990105676249,1.0
5545,-37.9216507842918,-59.41406250000006,93.13254544284499,1.0
5546,-33.510056066253014,-62.2265625,89.84302937652195,6997.81279789625
5547,-33.510056066253014,-60.1171875,91.81847923240082,1452.213236940465
5548,-38.68218745348943,-58.7109375,91.83470692645805,28.356327249662616
5549,-32.089951256280315,-64.3359375,87.7134931847801,1499.9058738541264
5550,-27.6158819838447,-65.39062500000006,97.69783658394384,3921.635765617799
5551,-24.62431835216408,-65.7421875,92.52099814983131,82.57937632245141
5552,-35.318772903011535,-58.359375,98.51530350660653,1.0
5553,-34.590574976176626,-59.765625,98.93880178410163,16816.62097068899
5554,-34.953865257188454,-58.7109375,89.87635910042594,134.99093545361717
5555,-28.291548862929403,-56.25,96.14198058452489,1.0
5556,-27.6158819838447,-62.578125,93.35452793698117,413.983806374448
5557,-23.969482317759685,-65.0390625,99.38256572628633,3080.1605889243865
5558,-31.388166464348544,-58.0078125,89.91649432606364,1.0
5559,-33.86870460165652,-59.765625,96.44294916007327,33.74965443481345
5560,-31.738394244764436,-58.359375,95.39299805628549,1.0
5561,-32.44286613851179,-68.203125,90.81454330075488,40913.06470700759
5562,-39.065494664452615,-64.6875,88.98060674034863,1.0
5563,-31.388166464348544,-59.41406250000006,96.05565060632544,841.3559013942021
5564,-33.152887928619876,-63.28125000000006,97.30680923161125,14966.937967177872
5565,-36.05358859962301,-63.984375,91.07749868465746,1.0
5566,-32.089951256280315,-68.5546875,95.952799662589,29856.967796763798
5567,-34.590574976176626,-59.765625,92.20628072581174,19852.915707764092
5568,-38.3009224658677,-61.171875,96.95848433577784,9790.212888476399
5569,-41.41118863809925,-71.71875,89.73946808989852,1.0
5570,-27.6158819838447,-59.0625,99.53744544247299,897.3259691633051
5571,-39.45089470914607,-62.2265625,90.71244616961887,2985.01190483319
5572,-32.79716829582364,-60.8203125,91.80496428915163,37605.325867868756
5573,-29.656013541178424,-67.5,87.80249862024138,1.0
5574,-32.44286613851179,-59.0625,88.61595864024953,3044.798395996044
5575,-46.9649773399548,-67.69565217391306,94.01794083981142,125.55613763281993
5576,-32.79716829582364,-60.8203125,90.47195208112527,1.0
5577,-31.388166464348544,-64.3359375,98.71746457491221,257.6564673167273
5578,-34.590574976176626,-59.0625,86.90931723912348,4051.09514590024
5579,-28.971532223711293,-59.0625,91.97086811446204,358.9711159166992
5580,-26.276811557199977,-58.359375,91.35846670615474,750.4821326241365
5581,-27.6158819838447,-66.796875,87.07108727687609,42331.504782833086
5582,-27.6158819838447,-67.5,88.80948370996116,214.75892685772453
5583,-27.6158819838447,-56.25,92.47885981203332,879.4890275217009
5584,-27.6158819838447,-61.171875,93.66785632473992,164.6684794781823
5585,-34.590574976176626,-59.0625,92.34114133092947,205.40550287407865
5586,-27.95318688338115,-59.41406250000006,94.24743697342099,1845.1736981605284
5587,-31.388166464348544,-60.8203125,95.20648831098126,16894.823708898748
5588,-39.065494664452615,-68.203125,86.74282332810279,809.6476339395738
5589,-32.79716829582364,-65.7421875,93.22990394777645,3079.1777805904476
5590,-34.953865257188454,-59.41406250000006,100.62438685830651,1.0
5591,-27.95318688338115,-63.6328125,94.06620299055079,1.0
5592,-27.95318688338115,-55.8984375,96.43900282266894,434.91324314214137
5593,-24.953020787727496,-65.39062500000006,91.02881053251451,1.0
5594,-27.95318688338115,-65.0390625,97.78454169400457,11.97502341307609
5595,-30.34518296958825,-62.578125,97.77010067751209,488.9105153789395
5596,-27.95318688338115,-59.41406250000006,94.10066396321521,1.0
5597,-26.61009781073392,-58.0078125,100.78374218480506,27.278468796894234
5598,-27.27961273597809,-60.1171875,88.82727366459245,459.1515586141156
5599,-32.44286613851179,-58.359375,86.98800849670398,839.0888191415221
5600,-28.291548862929403,-63.984375,97.73280320276348,15440.451853172162
5601,-31.738394244764436,-64.6875,98.2848575502235,908.1218272174991
5602,-33.152887928619876,-68.90625,88.74684533116437,241.85887210296463
5603,-34.953865257188454,-58.7109375,90.45042189210898,16271.055220131844
5604,-24.953020787727496,-65.39062500000006,87.00911703827711,3856.7522091070555
5605,-36.423573642331164,-61.52343750000006,90.78876161709982,1.0
5606,-34.590574976176626,-59.0625,97.77307543795462,1.0
5607,-26.61009781073392,-65.7421875,94.04988787411635,1329.53114509553
5608,-38.68218745348943,-67.8515625,91.51608082731613,826.4040053910646
5609,-39.45089470914607,-67.8515625,91.86296439931428,3894.6530942802324
5610,-25.944479772370016,-65.0390625,50.007,2558.2936437183544
5611,-30.34518296958825,-68.90625,90.87274743370868,888.8699361012195
5612,-36.79533013738012,-64.6875,95.97736936206896,38078.30162550398
5613,-35.318772903011535,-59.0625,100.76057498679114,674.30920445387
5614,-27.95318688338115,-59.41406250000006,98.88986548187096,1.0
5615,-28.291548862929403,-58.359375,87.22004943706224,4938.892043347856
5616,-31.738394244764436,-63.984375,99.6715472010917,10.663948310597311
5617,-32.79716829582364,-61.52343750000006,97.91739921963543,3715.118469534045
5618,-34.590574976176626,-60.46875,97.87411047308603,23940.52093409506
5619,-31.738394244764436,-64.6875,93.13705374567257,1849.627297215146
5620,-32.44286613851179,-58.359375,92.2486050116157,860.9671786000241
5621,-35.318772903011535,-59.765625,90.9130487393274,349.87882237689763
5622,-24.953020787727496,-65.39062500000006,87.92045366132065,163.43439934823775
5623,-29.313198964168336,-59.41406250000006,90.05034200076827,146.5648980427011
5624,-34.953865257188454,-58.7109375,90.24710971126792,899.5420683755482
5625,-39.065494664452615,-68.203125,93.5340853867532,2927.9086033927856
5626,-33.152887928619876,-64.6875,97.4262216751074,1387.0330771158926
5627,-33.152887928619876,-60.46875,93.3777888066684,1.0
5628,-27.27961273597809,-65.7421875,87.79865874902518,418.3231895763281
5629,-32.44286613851179,-63.28125000000006,100.55168529857254,3910.210652962213
5630,-33.152887928619876,-60.46875,100.35984791151776,381.0809891269654
5631,-28.971532223711293,-56.25,97.94793949853374,727.1602699913137
5632,-30.000000000000014,-65.7421875,100.97874509171508,3147.477682555865
5633,-31.738394244764436,-61.875,94.45362509103879,964.7739057429508
5634,-24.296477994805656,-65.39062500000006,100.6150800103405,229.89860996900447
5635,-31.388166464348544,-68.5546875,88.07420483892415,9846.613846151886
5636,-28.291548862929403,-56.25,91.77407771293136,1.0
5637,-31.388166464348544,-64.3359375,90.01976787543532,42565.20399188608
5638,-27.27961273597809,-60.8203125,89.69871280770437,1.0
5639,-39.065494664452615,-68.203125,89.03155057119558,1.0
5640,-34.22886632781257,-65.7421875,95.61406623381009,9818.551509331206
5641,-34.953865257188454,-58.7109375,97.88861626959711,1.632320422503733
5642,-36.05358859962301,-59.765625,94.95771979770512,2243.286620701649
5643,-32.79716829582364,-58.7109375,89.10622892159304,4869.084571068855
5644,-26.61009781073392,-60.1171875,98.34572295756564,7899.261866976742
5645,-33.510056066253014,-69.25781250000006,95.81866141024508,40910.6460541508
5646,-33.86870460165652,-60.46875,92.10396101915266,65.88415955718479
5647,-35.318772903011535,-60.46875,96.38930492753525,1901.4919331464478
5648,-32.089951256280315,-60.8203125,90.38959862536022,1.0
5649,-27.27961273597809,-54.4921875,91.47348443281804,226.14811683472914
5650,-30.34518296958825,-58.359375,99.97564842082689,6395.429659185377
5651,-31.738394244764436,-64.6875,90.75248495717643,168.23883820852674
5652,-34.590574976176626,-58.359375,93.31961380347755,856.2486212636655
5653,-33.86870460165652,-65.39062500000006,99.5362585348586,438.25755251143244
5654,-31.738394244764436,-68.90625,96.87858348937654,908.7011865293183
5655,-52.02972741646417,-70.14705882352939,87.86628284271626,29908.990251180305
5656,-34.22886632781257,-59.41406250000006,89.11035499637829,1.0
5657,-28.971532223711293,-59.765625,86.67013777042239,839.8654981389278
5658,-26.944358180475746,-60.46875,95.7426178728456,8304.42068015855
5659,-27.6158819838447,-56.25,92.9799503194162,392.64821715116193
5660,-29.313198964168336,-67.14843750000006,88.95240665420714,1.0
5661,-27.6158819838447,-55.54687500000006,100.55352300844787,827.0314406499867
5662,-27.95318688338115,-56.6015625,94.22798287601164,115.66935339983127
5663,-30.34518296958825,-57.65625000000006,90.19665079963345,1.0
5664,-27.95318688338115,-61.52343750000006,93.78566568743824,6580.335109260539
5665,-39.065494664452615,-68.203125,96.46927138070791,542.1481080475712
5666,-26.276811557199977,-54.84375,88.0840437620379,16824.23459450854
5667,-33.152887928619876,-61.171875,90.54812922209638,4848.864692607374
5668,-32.089951256280315,-61.52343750000006,98.28194258587268,1670.5743525087466
5669,-48.92279516024732,-70.77272727272731,93.16246236280003,1.0
5670,-27.27961273597809,-65.7421875,94.48551403851154,272.99110284562425
5671,-32.089951256280315,-68.5546875,92.76118013002636,1.0
5672,-44.20152985105139,-71.92622950819668,87.58231717070916,11577.89431176834
5673,-38.3009224658677,-58.359375,89.3339954669298,1.0
5674,-36.79533013738012,-56.953125,92.94856053083008,55.43911167933197
5675,-29.656013541178424,-67.5,89.84627245427949,481.7518208752723
5676,-27.95318688338115,-64.3359375,87.67663094473049,25.730405555303353
5677,-34.953865257188454,-59.41406250000006,98.83908335311963,1.0
5678,-39.8384399769991,-63.28125000000006,100.8496856051529,863.9018637967074
5679,-33.510056066253014,-61.52343750000006,98.0699290022847,1.0
5680,-33.86870460165652,-65.39062500000006,98.98996736813243,1.0
5681,-30.34518296958825,-61.171875,90.19754888402657,175.02391709429173
5682,-35.68533471265205,-62.2265625,100.5878126625241,1941.6833463235403
5683,-27.95318688338115,-56.6015625,89.71195927734476,821.5500267108339
5684,-31.388166464348544,-67.14843750000006,100.4706999048073,261.22346473710405
5685,-32.089951256280315,-60.8203125,101.0232029856105,832.0152734044692
5686,-33.152887928619876,-68.90625,96.93686764858066,164.9750753758364
5687,-28.971532223711293,-56.25,100.84906424033618,16868.173977883198
5688,-27.27961273597809,-65.7421875,94.82828160006228,1.0
5689,-34.590574976176626,-64.6875,90.3857079349065,1274.7206345468664
5690,-30.69158768492234,-64.3359375,92.8227274039353,9825.126483555841
5691,-33.86870460165652,-61.875,95.18327532803028,4840.241813733751
5692,-27.6158819838447,-56.25,88.03505441584949,1.0
5693,-32.79716829582364,-62.2265625,95.61300289177525,68.35369310352952
5694,-33.152887928619876,-60.46875,100.84949851840754,1927.7354228474733
5695,-25.282603043311994,-58.0078125,89.62930004741362,1.0
5696,-31.388166464348544,-64.3359375,98.0615274039742,4872.507861832782
5697,-27.6158819838447,-65.39062500000006,99.82159839877204,1934.9051058879966
5698,-25.944479772370016,-59.41406250000006,100.37229209613608,2235.622763001542
5699,-53.956782484817865,-68.1958762886598,100.58155575351527,1.0
5700,-31.388166464348544,-68.5546875,94.10315428399164,1930.4837519095465
5701,-36.79533013738012,-61.875,100.80022050468746,1402.4299943536728
5702,-29.313198964168336,-59.41406250000006,97.5593861615971,4949.60665652381
5703,-34.953865257188454,-58.7109375,89.2845513430099,1.0
5704,-35.318772903011535,-58.359375,93.42483161779619,1.0
5705,-34.22886632781257,-62.9296875,97.0331234408608,176.15071548501004
5706,-32.79716829582364,-69.25781250000006,90.25500130861217,1.0
5707,-32.089951256280315,-61.52343750000006,95.88907765492029,824.9709841225015
5708,-31.388166464348544,-58.7109375,96.279627580029,12871.692203557732
5709,-39.8384399769991,-63.28125000000006,89.29701811192257,203.4739001211201
5710,-37.168899655999454,-57.3046875,94.76245179988821,6171.965315489198
5711,-43.40685848593699,-65.68548387096774,97.7526270961102,1.0
5712,-27.27961273597809,-55.1953125,93.75966649685735,1.0
5713,-34.953865257188454,-58.7109375,86.81889719720898,1.0
5714,-41.01449966573051,-65.7421875,86.71191785829781,110.5294495066394
5715,-27.95318688338115,-59.41406250000006,91.64715046369449,10523.66391994296
5716,-25.944479772370016,-54.4921875,100.11557701096811,1.0
5717,-35.318772903011535,-63.28125000000006,90.05507061322365,870.8919995935895
5718,-33.86870460165652,-65.39062500000006,95.79462233696668,329.3019726745566
5719,-37.54432510382695,-57.65625000000006,89.98435923819838,16903.72261066982
5720,-27.6158819838447,-60.46875,91.15567229145239,1.0
5721,-36.423573642331164,-64.3359375,98.90447358050982,1.0
5722,-28.291548862929403,-65.39062500000006,97.17539652487653,1.0
5723,-27.6158819838447,-54.84375,88.37340951207518,287.5295180680489
5724,-27.6158819838447,-54.84375,92.70060324269288,44.670104608240344
5725,-36.79533013738012,-56.953125,87.35378630776756,8405.45668580166
5726,-34.953865257188454,-60.1171875,93.48557136360924,869.4874003743197
5727,-33.152887928619876,-61.171875,96.2187435119521,878.2364106775921
5728,-31.738394244764436,-65.39062500000006,88.72118578601395,656.624047311753
5729,-38.68218745348943,-58.7109375,90.73153264962349,1.0
5730,-31.738394244764436,-58.359375,92.24612144431103,313.89421450491614
5731,-36.79533013738012,-56.953125,100.00851153097763,49377.557495857305
5732,-32.44286613851179,-65.39062500000006,101.00328413333467,5536.8928582879535
5733,-31.738394244764436,-61.875,87.59800782457285,9836.44956875527
5734,-32.44286613851179,-58.359375,97.60929640441084,4918.476654176202
5735,-31.03924001039789,-64.6875,91.8627409775372,1.0
5736,-35.318772903011535,-59.765625,92.16693723358718,1.0
5737,-33.152887928619876,-68.90625,97.51828285812051,1.0
5738,-28.971532223711293,-66.09375,99.9907623263609,78.28054693214983
5739,-39.065494664452615,-67.5,100.46431763695345,1.0
5740,-31.738394244764436,-61.171875,94.94034318272635,375.1519023713377
5741,-33.510056066253014,-66.4453125,91.6484975129069,1359.331928284037
5742,-39.065494664452615,-62.578125,97.98413055481022,9684.819440876274
5743,-34.590574976176626,-59.0625,90.29422001568547,2915.7026050110735
5744,-27.27961273597809,-61.52343750000006,94.74750666798695,16905.51978595181
5745,-41.01449966573051,-65.0390625,91.66987801443204,1.0
5746,-34.590574976176626,-59.0625,96.13106554347986,1.0
5747,-31.388166464348544,-64.3359375,90.18064243589588,967.5338456918417
5748,-27.6158819838447,-61.171875,89.64730715141694,59.74867496894592
5749,-36.423573642331164,-64.3359375,99.98775195552413,12.820659987827694
5750,-34.590574976176626,-59.765625,88.46981547429053,114.11587643085852
5751,-33.152887928619876,-59.0625,93.86717390085805,34.15020613029493
5752,-39.065494664452615,-68.203125,89.97125707054809,453.8668068402708
5753,-36.05358859962301,-60.46875,87.5052105949936,302.30914927678316
5754,-27.6158819838447,-56.25,87.4600457340014,455.88778040660844
5755,-31.03924001039789,-59.765625,89.44882992135662,1257.7564315013226
5756,-29.313198964168336,-62.9296875,99.1832820627218,197.0408921850008
5757,-35.318772903011535,-61.171875,90.64865581515735,9.949681689781132
5758,-24.62431835216408,-65.0390625,100.45834019393118,1.0
5759,-33.86870460165652,-66.796875,95.00684155431915,141.34268050696716
5760,-35.318772903011535,-58.359375,92.81710706974175,2755.199239589535
5761,-38.68218745348943,-58.7109375,94.9841795271513,2960.1566634774226
5762,-31.388166464348544,-62.2265625,94.03067447996395,1113.4937277843317
5763,-37.168899655999454,-62.9296875,97.57917425126703,1.0
5764,-27.27961273597809,-65.7421875,90.64887990952161,853.3713352786785
5765,-37.9216507842918,-65.0390625,91.58877410511461,836.7370023434506
5766,-27.27961273597809,-54.4921875,99.59978018309411,398.52180344565903
5767,-32.089951256280315,-68.5546875,100.40737207043773,816.9337891970573
5768,-36.423573642331164,-62.9296875,99.57509767796283,413.8488797336288
5769,-27.6158819838447,-56.953125,92.56434103770636,831.7330097003752
5770,-28.971532223711293,-67.5,97.87394757311762,1921.7884072066179
5771,-34.953865257188454,-58.7109375,93.4162402549178,1.0
5772,-34.953865257188454,-58.7109375,93.73902718067457,2918.1283490662736
5773,-34.590574976176626,-59.0625,89.79800941249803,1.0
5774,-34.953865257188454,-58.7109375,95.14735452703063,1.0
5775,-33.510056066253014,-66.4453125,89.58114819469122,31543.79519007276
5776,-29.313198964168336,-59.41406250000006,91.28367997812985,23925.240264086293
5777,-31.388166464348544,-60.8203125,99.00850590359607,1.0
5778,-27.95318688338115,-59.41406250000006,89.82367303766081,309.6951480716688
5779,-39.065494664452615,-62.578125,88.00521580227309,1.0
5780,-33.86870460165652,-61.171875,87.97184895541568,400.7190851433848
5781,-32.089951256280315,-65.0390625,100.33514734795618,4946.592211379589
5782,-32.44286613851179,-58.359375,93.88182634527988,19897.48886504765
5783,-41.41118863809925,-71.71875,92.41656570966738,897.5149086448049
5784,-27.6158819838447,-56.25,98.34196220927996,147.89745871000963
5785,-33.86870460165652,-60.46875,98.72261105790669,867.9429267499064
5786,-33.152887928619876,-68.90625,91.29178285102094,89.39515739025863
5787,-34.590574976176626,-63.984375,96.67315859663329,11184.335411029138
5788,-24.296477994805656,-65.39062500000006,97.74582302902665,8597.491702539146
5789,-38.3009224658677,-57.65625000000006,96.1011434082972,824.8249487537814
5790,-40.620185190672686,-71.71875,89.16238977094443,106.1467067911995
5791,-33.510056066253014,-58.7109375,99.31894365002502,65.03329092322852
5792,-34.953865257188454,-58.7109375,94.37160777278535,1.0
5793,-39.45089470914607,-66.4453125,90.64857408438316,4888.522191202926
5794,-34.953865257188454,-58.7109375,92.64945226916078,326.6550777610012
5795,-27.6158819838447,-56.25,87.48412840701556,106.58391623279094
5796,-33.86870460165652,-64.6875,88.86214540123603,371.7236951444817
5797,-34.22886632781257,-59.41406250000006,97.67055961028389,4900.321698058424
5798,-32.089951256280315,-60.8203125,50.007,1.0
5799,-35.318772903011535,-68.203125,92.52190219226894,7857.989284999559
5800,-40.620185190672686,-71.71875,94.11914652316787,9857.519334999406
5801,-39.45089470914607,-62.2265625,87.74885685595125,19841.975988024362
5802,-32.44286613851179,-61.875,100.74636074513315,212.36082365835836
5803,-27.27961273597809,-65.7421875,90.02773855579566,1.0
5804,-51.64299443168207,-69.4660194174757,90.92964676944284,177.08805952124663
5805,-37.54432510382695,-59.765625,90.92633221892572,116.8455076924035
5806,-27.27961273597809,-55.1953125,90.07370887752954,1.0
5807,-39.45089470914607,-67.8515625,50.007,871.7113471835592
5808,-38.3009224658677,-57.65625000000006,97.18192060737731,382.95517274530516
5809,-33.152887928619876,-61.875,100.66699668456639,8343.679610534215
5810,-33.86870460165652,-59.0625,90.00811512360225,1.0
5811,-32.089951256280315,-65.7421875,96.22787132271411,906.7088784579609
5812,-25.61308321640182,-64.6875,97.35133599571739,3000.2386751618287
5813,-31.388166464348544,-64.3359375,98.9101796275586,2976.6711194178233
5814,-36.423573642331164,-56.6015625,92.61118310350071,9798.02722923894
5815,-22.993394314297802,-63.984375,90.9132450814235,2188.5420857050854
5816,-31.388166464348544,-64.3359375,91.20257072219182,15766.34713444352
5817,-32.089951256280315,-67.8515625,96.94995536417349,116.46759856813927
5818,-33.510056066253014,-69.25781250000006,98.43247096684142,437.10864432052193
5819,-39.45089470914607,-67.8515625,89.52632621548437,1.0
5820,-31.388166464348544,-60.8203125,91.85125250403287,1.0
5821,-31.388166464348544,-60.8203125,99.72585235948281,1.0
5822,-35.318772903011535,-68.203125,98.2777710467975,1.0
5823,-32.44286613851179,-61.171875,100.89636526779671,21.60423727865347
5824,-28.630989836924357,-59.41406250000006,97.5180572639986,1.0
5825,-32.44286613851179,-61.171875,92.1777781456425,1.0
5826,-27.6158819838447,-59.765625,95.14007662994422,10911.214193830327
5827,-27.95318688338115,-59.41406250000006,96.19729205935792,1.0
5828,-32.79716829582364,-58.7109375,88.1183584186028,2405.206851312216
5829,-32.089951256280315,-60.8203125,94.4538477449302,1.0
5830,-39.45089470914607,-69.25781250000006,96.90188107268065,11917.0453274781
5831,-31.738394244764436,-64.6875,89.35304796575898,9832.999587302435
5832,-33.86870460165652,-61.875,97.8780308138937,916.3024802536161
5833,-34.590574976176626,-59.0625,95.03862227250791,1244.8088304515134
5834,-23.969482317759685,-65.0390625,100.48078457917036,1.0
5835,-34.953865257188454,-60.8203125,87.55939230617373,35946.83362209089
5836,-27.95318688338115,-59.41406250000006,90.44767207611162,9719.89184057401
5837,-43.00863399423693,-65.88000000000005,95.30139807708588,9845.019296426832
5838,-27.6158819838447,-59.0625,90.83082364813134,921.4117441287173
5839,-32.089951256280315,-60.8203125,96.9762149309728,134.4097760624408
5840,-26.61009781073392,-60.8203125,97.58226558660404,9837.435972902638
5841,-54.72462840974654,-68.68421052631578,88.4805374913434,62.581940795833525
5842,-33.152887928619876,-68.90625,93.98738192299945,829.108454532449
5843,-34.22886632781257,-63.6328125,93.91181713233233,1.0
5844,-25.944479772370016,-54.4921875,91.82689467402189,14858.343118452598
5845,-35.318772903011535,-59.0625,100.22373114132441,1.0
5846,-28.291548862929403,-58.359375,98.59700121763508,1.0
5847,-39.065494664452615,-67.5,96.72546889379785,824.7316327146618
5848,-28.291548862929403,-64.6875,96.97479435860679,3016.807214501501
5849,-27.95318688338115,-55.8984375,93.1936885713913,883.2664808044264
5850,-24.953020787727496,-65.39062500000006,100.03202780284124,1.0
5851,-32.79716829582364,-69.25781250000006,96.68739471050107,1.0
5852,-33.510056066253014,-58.7109375,97.17701109776726,2962.8025667358684
5853,-25.944479772370016,-54.4921875,99.10766406219912,36652.11401295763
5854,-35.68533471265205,-58.7109375,90.54135658675418,4864.626072827442
5855,-32.44286613851179,-61.171875,98.28355942763305,349.5130684085585
5856,-33.152887928619876,-61.171875,89.69152981486016,9890.080004555522
5857,-32.44286613851179,-65.39062500000006,91.47568136660172,230.6422394267802
5858,-32.089951256280315,-65.0390625,91.33601984411463,583.1398013296365
5859,-33.510056066253014,-60.8203125,100.81572439675716,383.98508074905556
5860,-27.6158819838447,-56.25,99.0309410065972,320.091302427833
5861,-27.95318688338115,-59.41406250000006,96.78315621019289,3454.037633087678
5862,-38.3009224658677,-61.875,97.15103769340386,602.465883137136
5863,-41.41118863809925,-71.71875,94.71793166848447,95.56796839089118
5864,-31.738394244764436,-63.28125000000006,100.41544711504434,18.916681724797378
5865,-30.000000000000014,-61.52343750000006,93.71952521051703,1.0
5866,-34.590574976176626,-58.359375,91.99175505877957,848.6945597749836
5867,-32.089951256280315,-62.9296875,89.30108670193296,1.0
5868,-24.296477994805656,-61.875,97.96352474813203,1.0
5869,-27.6158819838447,-56.25,97.25074665844741,916.2344166569409
5870,-34.953865257188454,-58.7109375,92.04805361495583,1418.8928967089978
5871,-34.953865257188454,-61.52343750000006,87.27584738442187,2933.1436229505052
5872,-24.62431835216408,-65.7421875,98.7698238227476,437.85719062716146
5873,-28.630989836924357,-60.1171875,86.79498087236246,9839.548037860954
5874,-28.971532223711293,-66.09375,96.82000633798707,16871.18119590099
5875,-34.953865257188454,-59.41406250000006,100.71043866263274,4854.343233379907
5876,-24.296477994805656,-65.39062500000006,92.83252580410023,898.7969872565685
5877,-26.944358180475746,-54.84375,90.12252239078381,78.55651313233703
5878,-36.423573642331164,-61.52343750000006,96.83706617541372,35318.77766706216
5879,-27.95318688338115,-59.41406250000006,98.4378190094716,39.83123246830625
5880,-34.953865257188454,-68.5546875,94.48327893037978,1.0
5881,-28.971532223711293,-59.765625,100.66941320386708,307.0801245561228
5882,-26.944358180475746,-61.171875,87.70284562949861,1.0
5883,-28.971532223711293,-56.25,93.8494802494236,32857.24108453992
5884,-34.953865257188454,-58.7109375,97.0349117051436,853.7034280288079
5885,-37.9216507842918,-58.0078125,99.12180031220736,823.601359851877
5886,-37.168899655999454,-57.3046875,89.49773450013296,918.1145763294282
5887,-32.089951256280315,-68.5546875,98.17515813871559,424.5083947212024
5888,-34.953865257188454,-59.41406250000006,94.5788290432114,1.0
5889,-28.291548862929403,-64.6875,92.22723056455732,876.5349301521504
5890,-30.69158768492234,-60.8203125,88.92007303452638,1924.3644030363043
5891,-39.065494664452615,-68.203125,99.16132969487585,246.64790572276704
5892,-23.969482317759685,-65.7421875,89.2312290741391,2963.6633695977903
5893,-26.61009781073392,-60.8203125,91.00195337267479,1.0
5894,-28.291548862929403,-61.171875,90.74654722213923,1.0
5895,-24.62431835216408,-65.7421875,99.25241272118983,1.0
5896,-27.95318688338115,-59.41406250000006,96.3685152278294,174.65334589036124
5897,-33.86870460165652,-61.171875,98.12420345619039,6271.453135674469
5898,-32.089951256280315,-60.8203125,90.28850513294327,4937.429804980459
5899,-39.065494664452615,-68.203125,95.65124187876776,190.67136848266358
5900,-37.168899655999454,-71.36718750000006,94.86088571114126,854.3585856622159
5901,-31.388166464348544,-62.2265625,98.67801615997891,1942.269036864403
5902,-29.656013541178424,-66.796875,99.79248646408686,1.0
5903,-31.738394244764436,-61.875,86.82077015131014,1.0
5904,-33.86870460165652,-59.765625,96.38769721249052,29888.63209939251
5905,-30.000000000000014,-67.14843750000006,87.70543774711794,881.5510939317875
5906,-34.590574976176626,-59.0625,94.52024530063763,35269.504980329184
5907,-32.089951256280315,-62.2265625,90.71533283197226,124.01018982901573
5908,-33.510056066253014,-62.2265625,90.96299675751489,1873.6785802840193
5909,-32.089951256280315,-58.7109375,91.5874259875763,1.0
5910,-30.69158768492234,-58.7109375,95.59712586977064,22.898540582892313
5911,-41.41118863809925,-71.71875,91.31583182972426,454.81545604843666
5912,-35.318772903011535,-57.65625000000006,97.2271949713757,99.36526381715606
5913,-27.6158819838447,-60.46875,92.34464046932992,1.0
5914,-38.3009224658677,-57.65625000000006,87.96169640820649,25.098286855880275
5915,-32.79716829582364,-60.8203125,97.92601051332284,1.0
5916,-39.065494664452615,-68.203125,90.69108369359115,1879.0468451231836
5917,-36.423573642331164,-61.52343750000006,92.76045681733662,414.5129830352823
5918,-32.089951256280315,-60.8203125,96.55409570163998,1.0
5919,-24.296477994805656,-65.39062500000006,91.29521275611087,1.0
5920,-30.000000000000014,-67.14843750000006,87.7791292430185,1.0
5921,-33.510056066253014,-66.4453125,91.8949735141431,876.8041144898752
5922,-34.590574976176626,-59.0625,100.38180394491779,1.0
5923,-29.656013541178424,-67.5,95.90598812130342,2945.774044586002
5924,-27.6158819838447,-61.171875,96.35068901214963,1.0
5925,-37.54432510382695,-62.578125,95.7631719267023,7.420904376871514
5926,-51.64299443168207,-69.4660194174757,89.73701186099869,9821.921682339304
5927,-33.152887928619876,-61.171875,92.54793587807039,1933.4564161206204
5928,-27.95318688338115,-64.3359375,97.47340102440623,1.0
5929,-30.000000000000014,-59.41406250000006,88.46333083184213,4909.981355595307
5930,-24.296477994805656,-65.39062500000006,90.58880974757685,416.38387110446826
5931,-39.45089470914607,-69.9609375,90.56896871571081,6244.6206816977165
5932,-27.27961273597809,-61.52343750000006,92.74944349426424,865.4704349700027
5933,-33.86870460165652,-64.6875,100.83919583913728,1426.2747479580514
5934,-30.000000000000014,-58.0078125,87.94849897134743,40969.175896777946
5935,-33.510056066253014,-62.2265625,94.06115988033088,1.0
5936,-34.953865257188454,-68.5546875,89.4990568202487,887.6594464584819
5937,-37.168899655999454,-57.3046875,100.7157795767941,349.7468557683604
5938,-28.291548862929403,-63.984375,88.64292308907334,1.0
5939,-23.64331425576559,-64.6875,92.33099981118505,1.0
5940,-27.6158819838447,-62.578125,97.29719256234391,1.0
5941,-39.065494664452615,-67.5,96.83245492415351,911.7038040692053
5942,-38.68218745348943,-62.2265625,92.6126473198158,833.3649495598925
5943,-34.22886632781257,-62.2265625,91.49302599445011,820.2331730754906
5944,-34.22886632781257,-60.8203125,92.242819488992,1.0
5945,-34.953865257188454,-60.8203125,90.43642543368517,368.0421528745428
5946,-27.95318688338115,-60.8203125,89.80500276489872,14945.874649771176
5947,-39.45089470914607,-69.9609375,93.51829363562999,212.51446974561202
5948,-32.089951256280315,-60.8203125,90.48203327070354,888.5935377067108
5949,-31.738394244764436,-61.171875,90.71311977803045,3816.686136201312
5950,-33.152887928619876,-61.875,96.13295404355263,3849.175369404209
5951,-25.282603043311994,-65.7421875,100.68853974660914,512.7354502640366
5952,-27.95318688338115,-66.4453125,95.33218618679554,7867.17065191941
5953,-35.318772903011535,-65.39062500000006,88.09552833148378,203.3235671346402
5954,-26.61009781073392,-60.8203125,88.07387241414051,9811.654370397742
5955,-34.22886632781257,-60.1171875,100.47061599673245,1.0
5956,-29.313198964168336,-67.14843750000006,90.84027900565114,47.79001876911347
5957,-31.738394244764436,-60.46875,88.3232483010709,1.0
5958,-30.69158768492234,-64.3359375,95.26431480841741,4101.713878331589
5959,-31.738394244764436,-68.90625,95.63272820795085,247.37622033266558
5960,-34.953865257188454,-58.7109375,96.00828404782608,1.0
5961,-30.69158768492234,-58.0078125,90.4699097799879,1.0
5962,-33.510056066253014,-58.7109375,86.92388400421513,9877.763564894218
5963,-32.79716829582364,-64.3359375,100.64369258943111,5303.9131380234985
5964,-34.953865257188454,-60.8203125,90.2930594635963,820.3300576329083
5965,-41.01449966573051,-70.6640625,96.41692146113752,880.1679617591464
5966,-34.953865257188454,-58.0078125,96.86268527006821,378.2730051244794
5967,-28.630989836924357,-66.4453125,95.42661764127575,203.7502177612111
5968,-24.62431835216408,-65.7421875,91.0423107437698,12524.172106249049
5969,-29.656013541178424,-62.578125,90.50948369277091,1.0
5970,-34.22886632781257,-63.6328125,95.24397526062336,250.6863753674354
5971,-25.282603043311994,-58.0078125,99.17323746385384,134.07694413376936
5972,-32.79716829582364,-60.1171875,100.41090201723362,426.8042118697424
5973,-34.22886632781257,-62.2265625,88.53156499303981,343.8978166597218
5974,-31.388166464348544,-64.3359375,89.20159182449973,507.7828832820735
5975,-35.68533471265205,-61.52343750000006,100.38546708889002,1.0
5976,-26.944358180475746,-54.84375,97.27897410855537,457.34004118624
5977,-26.276811557199977,-58.359375,99.42480156067013,1.0
5978,-34.953865257188454,-58.7109375,89.77607610467211,1.0
5979,-32.79716829582364,-60.8203125,95.09497356784581,1.0
5980,-34.953865257188454,-58.7109375,96.78271534643048,2995.947535924887
5981,-32.089951256280315,-59.41406250000006,96.4764312095925,272.0835253765146
5982,-29.313198964168336,-67.14843750000006,92.39800705548653,890.2393342804484
5983,-37.168899655999454,-64.3359375,86.93380499057086,2096.9679563728164
5984,-36.423573642331164,-61.52343750000006,95.02610906920185,1396.4956316156597
5985,-34.953865257188454,-58.7109375,90.31671766179734,370.48188274601046
5986,-30.000000000000014,-59.41406250000006,93.01920592774286,198.17688371497016
5987,-33.86870460165652,-59.765625,100.54902670838386,180.5182670646186
5988,-31.738394244764436,-64.6875,92.26377175304908,903.0570874324417
5989,-26.61009781073392,-54.4921875,98.78179715788934,419.9673835273295
5990,-39.45089470914607,-67.8515625,89.61030186399722,6601.985389611615
5991,-27.6158819838447,-62.578125,96.36498309151979,9686.892697765146
5992,-41.41118863809925,-71.71875,100.79638829118417,1.0
5993,-32.44286613851179,-63.28125000000006,88.47116148849297,1.0
5994,-27.95318688338115,-58.7109375,86.68683584717219,893.8319490946718
5995,-33.510056066253014,-66.4453125,92.77247084200414,75.29039070314482
5996,-38.68218745348943,-69.25781250000006,88.33165539467768,1.0
5997,-34.953865257188454,-58.0078125,97.43890863720817,9811.391398094203
5998,-36.79533013738012,-64.6875,99.92845219634101,1.0
5999,-34.953865257188454,-61.52343750000006,92.7789228853328,16189.223580452932
6000,-34.953865257188454,-58.7109375,90.3768151575886,1929.2260957721219
6001,-37.9216507842918,-61.52343750000006,92.78455279644606,2995.9610204029095
6002,-29.313198964168336,-60.1171875,97.10232566629065,1.0
6003,-32.79716829582364,-60.8203125,86.71246564504439,1.0
6004,-28.630989836924357,-62.9296875,95.12258132791908,537.9410760007307
6005,-53.57223328098857,-68.4183673469388,95.4762404236754,1.0
6006,-41.01449966573051,-63.6328125,95.84485387381511,80.79580093994653
6007,-24.953020787727496,-65.39062500000006,90.19803040143269,101.77944605623654
6008,-34.953865257188454,-58.7109375,96.97080462249663,1.0
6009,-39.45089470914607,-62.2265625,88.31307995647497,1.0
6010,-27.95318688338115,-59.41406250000006,89.7400579298089,3885.7782406595525
6011,-33.86870460165652,-69.609375,99.34256883825937,1.0
6012,-39.45089470914607,-68.5546875,97.30850577815129,1.0
6013,-24.62431835216408,-65.0390625,86.87623065508457,892.8317966532566
6014,-34.953865257188454,-58.7109375,90.26609872938053,31527.496849960222
6015,-30.69158768492234,-58.0078125,89.90220192361481,114.54354867658445
6016,-39.45089470914607,-62.9296875,90.50637790126605,1.0
6017,-45.783967161775024,-70.55084745762713,90.25735218587616,836.4479133427691
6018,-41.01449966573051,-63.6328125,87.87129509473944,9903.53910917928
6019,-32.79716829582364,-65.7421875,93.15143564012145,3850.2552892500808
6020,-38.3009224658677,-61.875,97.22765961490364,886.2923843373443
6021,-37.9216507842918,-70.6640625,95.37791823548501,93.394277342148
6022,-31.388166464348544,-68.5546875,96.3709720950882,809.189834897691
6023,-37.168899655999454,-57.3046875,88.15890178688282,1.0
6024,-24.953020787727496,-65.39062500000006,100.4714753769399,1392.1023014128339
6025,-34.22886632781257,-62.2265625,98.76229851376831,1959.7005122146127
6026,-28.971532223711293,-67.5,98.25318088169335,25361.025086237227
6027,-27.27961273597809,-60.1171875,98.52763413728646,21.847691674253007
6028,-26.276811557199977,-58.359375,100.22028677543872,1.0
6029,-34.953865257188454,-58.7109375,94.45014870132222,812.7547666850769
6030,-31.388166464348544,-62.2265625,89.75089543475133,1888.175272497586
6031,-34.953865257188454,-58.7109375,95.52900071716918,3900.4590155189144
6032,-25.944479772370016,-54.4921875,97.36463336762742,1.0
6033,-31.03924001039789,-58.359375,97.29762999910638,23.621999448202473
6034,-33.510056066253014,-68.5546875,94.10299270031679,456.21853177462185
6035,-36.05358859962301,-58.359375,87.96333347952302,113.74115054803104
6036,-31.388166464348544,-68.5546875,91.85377494267942,7946.574328879067
6037,-34.590574976176626,-59.0625,100.02836557634345,377.12126586893976
6038,-39.065494664452615,-68.203125,95.04861436625036,4474.942316102306
6039,-34.590574976176626,-61.171875,94.35999869006434,846.2320025478438
6040,-28.971532223711293,-66.09375,90.4854586399076,3311.4825605525407
6041,-24.296477994805656,-64.6875,91.81469035820582,116.49183643120263
6042,-38.3009224658677,-57.65625000000006,99.61989458423243,4951.60536229122
6043,-24.296477994805656,-65.39062500000006,96.27762578827556,40.40213290979406
6044,-38.68218745348943,-60.1171875,97.9816448654367,813.2236252936344
6045,-33.152887928619876,-60.46875,93.08148526280625,1.0
6046,-41.01449966573051,-65.0390625,95.73242562280997,380.7193110527677
6047,-36.423573642331164,-61.52343750000006,90.26617744787141,97.47654553147781
6048,-54.72462840974654,-68.68421052631578,96.84565734354257,30.102082989275857
6049,-31.388166464348544,-58.0078125,92.68439602007257,27451.15135394687
6050,-35.68533471265205,-64.3359375,92.90444368835263,1.0
6051,-32.089951256280315,-64.3359375,96.0206359168613,3876.078753582473
6052,-32.79716829582364,-62.9296875,100.27765333505059,35605.56080494074
6053,-34.590574976176626,-59.0625,87.8942572937463,1.0
6054,-38.68218745348943,-67.14843750000006,98.55462060093203,1858.2351322712561
6055,-51.64299443168207,-72.0873786407767,90.77678843463498,12.049407372002419
6056,-35.68533471265205,-63.6328125,92.9246744539762,1.0
6057,-32.089951256280315,-60.8203125,87.1613476509142,220.3504029742217
6058,-32.089951256280315,-60.8203125,90.88886109627484,16853.957977428665
6059,-35.318772903011535,-68.203125,93.81653260752961,1.0
6060,-28.971532223711293,-59.765625,87.77277484661533,853.1795688545784
6061,-27.27961273597809,-65.7421875,93.64092932567515,433.4157367173994
6062,-31.738394244764436,-68.90625,100.1303048118534,9623.805993288686
6063,-30.69158768492234,-66.4453125,88.52384899597689,1.0
6064,-30.69158768492234,-58.0078125,97.65563097780722,1422.641631783384
6065,-28.971532223711293,-66.09375,92.42037911956619,1405.8805218840164
6066,-24.953020787727496,-65.39062500000006,96.10904595741899,1159.6331950298606
6067,-24.296477994805656,-65.39062500000006,90.39315104784896,18329.515859916315
6068,-53.57223328098857,-68.4183673469388,89.25813195679328,4917.915101187801
6069,-32.089951256280315,-60.8203125,89.26989609343326,1.0
6070,-31.738394244764436,-61.171875,87.99487790020875,371.6676696185813
6071,-34.953865257188454,-58.7109375,89.57521742610668,213.0487074724034
6072,-28.630989836924357,-65.7421875,96.24494518361574,86.96823560301114
6073,-41.41118863809925,-71.71875,99.4054005730959,328.92324277646844
6074,-36.05358859962301,-61.875,98.39176683633384,192.69772491214712
6075,-26.61009781073392,-58.0078125,96.54958653682155,283.72031058222683
6076,-32.089951256280315,-60.8203125,88.59969607317808,34307.72992856863
6077,-38.68218745348943,-58.7109375,90.7354461825217,1.0
6078,-41.41118863809925,-71.71875,91.00219938380879,14867.375910878773
6079,-32.79716829582364,-69.25781250000006,90.28303162211236,390.31384863601875
6080,-34.590574976176626,-61.875,94.00490638888554,887.4650263020292
6081,-27.95318688338115,-66.4453125,94.31770768403788,4946.615362782777
6082,-53.956782484817865,-68.1958762886598,91.64504705866818,157.5965652543905
6083,-28.971532223711293,-66.09375,91.59961277098412,279.1721639767519
6084,-41.01449966573051,-63.6328125,98.61309521761652,230.1553246498105
6085,-34.590574976176626,-58.359375,98.01087667179215,178.70059906410341
6086,-34.22886632781257,-59.41406250000006,90.97618254654974,15199.359189229564
6087,-33.152887928619876,-63.984375,99.91623656047048,4941.546811065573
6088,-28.971532223711293,-66.796875,100.48833853225685,1.0
6089,-27.95318688338115,-59.41406250000006,91.22129581486737,1.0
6090,-28.630989836924357,-64.3359375,91.60894063039989,273.10066373079576
6091,-27.95318688338115,-56.6015625,93.86224544048916,1.0
6092,-35.68533471265205,-58.0078125,100.33942954648687,883.019583936431
6093,-31.388166464348544,-58.0078125,99.32543960559545,1.0
6094,-25.61308321640182,-58.359375,88.48132022862785,551.9600302917859
6095,-43.804487962974946,-65.48780487804879,92.17093917296333,1.0
6096,-39.065494664452615,-69.609375,94.58893874539042,95.40988065010305
6097,-39.8384399769991,-70.3125,93.82416275083392,1360.7640454807474
6098,-54.72462840974654,-68.68421052631578,89.67482915911017,398.05888508466893
6099,-27.95318688338115,-61.52343750000006,99.06487672672955,32676.680229688016
6100,-32.089951256280315,-68.5546875,96.43024175651766,9680.58733187291
6101,-35.318772903011535,-58.359375,98.75361253476254,155.53726423602907
6102,-34.953865257188454,-58.7109375,99.06409527877534,1.0
6103,-27.6158819838447,-56.25,97.43852400986955,6191.846615412461
6104,-36.79533013738012,-56.953125,92.85533829084511,11866.10355809241
6105,-28.630989836924357,-59.41406250000006,95.4347666262552,4907.964124404831
6106,-28.630989836924357,-59.41406250000006,89.26871758265067,1.0
6107,-33.510056066253014,-69.25781250000006,96.38224231987594,48013.25424906352
6108,-34.22886632781257,-65.7421875,89.49770593493601,19.474368922938343
6109,-33.86870460165652,-62.578125,96.67798762056631,1955.3379365883868
6110,-26.61009781073392,-54.4921875,90.06494078852069,10475.597118596077
6111,-38.68218745348943,-58.7109375,88.70686544817406,1.0
6112,-29.656013541178424,-58.359375,89.32835449039392,10546.400077429615
6113,-27.6158819838447,-66.09375,50.007,86.09693746707201
6114,-39.065494664452615,-68.203125,97.0387763341891,31778.81137662873
6115,-42.60980697763762,-71.78571428571428,97.22317267021353,49.15606619914595
6116,-38.3009224658677,-61.875,94.00380562836476,21096.617930118588
6117,-36.79533013738012,-62.578125,89.28080957975412,1.0
6118,-34.953865257188454,-64.3359375,88.19510681173283,1897.7457750077197
6119,-33.510056066253014,-62.9296875,87.0641523868425,658.7352378452193
6120,-26.61009781073392,-60.1171875,89.33397603459008,385.507331115641
6121,-32.089951256280315,-62.9296875,99.54773787120169,1.0
6122,-31.738394244764436,-63.28125000000006,90.19283234970933,1883.5675812781794
6123,-29.656013541178424,-66.796875,91.60668680392409,1.0
6124,-34.953865257188454,-58.7109375,88.52313045838707,819.6711615036564
6125,-32.79716829582364,-60.8203125,89.98741691325067,12.486020535598186
6126,-26.61009781073392,-65.7421875,94.06913020051556,22629.88228549425
6127,-28.630989836924357,-64.3359375,95.39300634463447,1.0
6128,-34.953865257188454,-58.7109375,90.23370510041757,1.0
6129,-26.276811557199977,-58.359375,87.79691662618013,1.0
6130,-37.9216507842918,-59.41406250000006,92.14602599502234,240.2699237307945
6131,-32.79716829582364,-60.8203125,90.11427350133252,1.0
6132,-32.79716829582364,-62.9296875,89.95734320520799,412.9494695061734
6133,-34.22886632781257,-65.7421875,100.57808201373425,9287.541216001971
6134,-37.168899655999454,-60.1171875,95.52170111322418,1908.5114875276965
6135,-31.388166464348544,-60.1171875,94.64116758093857,845.6030439853009
6136,-34.953865257188454,-58.7109375,92.5102590528975,1.0
6137,-33.510056066253014,-58.7109375,92.70417120589116,1723.3675828654846
6138,-30.000000000000014,-67.8515625,94.39916798171186,1.0
6139,-38.68218745348943,-58.7109375,96.71411380905825,3868.4960020421204
6140,-36.423573642331164,-62.9296875,96.79737578920883,8.312267049997251
6141,-34.953865257188454,-61.52343750000006,89.40605957574284,247.36073965062124
6142,-37.9216507842918,-60.1171875,93.77819402674466,142.8160036442051
6143,-38.3009224658677,-57.65625000000006,92.45405498178805,7893.9111982573895
6144,-34.953865257188454,-58.7109375,99.23920690302862,1.0
6145,-37.54432510382695,-60.46875,95.75012914304182,831.9132659521482
6146,-34.953865257188454,-58.7109375,94.27128184865552,1.0
6147,-34.953865257188454,-58.7109375,88.674401126159,1880.4823763931809
6148,-34.590574976176626,-60.46875,95.36175312222599,9896.900039744733
6149,-35.318772903011535,-59.0625,88.70163609512413,289.1289982843347
6150,-27.6158819838447,-55.54687500000006,91.35666883806974,406.3153919774449
6151,-39.065494664452615,-70.3125,89.05627074345387,15734.976722872922
6152,-38.3009224658677,-57.65625000000006,96.65066311592781,534.4364941772716
6153,-24.62431835216408,-65.7421875,89.81484930848369,405.3094890415719
6154,-37.168899655999454,-58.0078125,92.15815187463282,844.041712574124
6155,-27.6158819838447,-66.796875,99.62517613265418,1536.7116447525336
6156,-31.388166464348544,-64.3359375,89.79411304886374,1.0
6157,-35.318772903011535,-61.171875,93.89529286601037,4909.918349387309
6158,-27.6158819838447,-55.54687500000006,92.5617446010548,291.2636238872743
6159,-37.168899655999454,-70.6640625,87.02907290473577,1.0
6160,-37.54432510382695,-65.39062500000006,98.06402748327676,3867.034622588771
6161,-33.152887928619876,-68.90625,87.97244337204378,181.9826848224791
6162,-23.31795706533424,-64.3359375,93.38456590242974,1.0
6163,-30.69158768492234,-68.5546875,94.69732322786149,897.0620466744681
6164,-34.590574976176626,-61.171875,95.70491528456304,9744.122438038728
6165,-47.357576233198984,-68.28947368421052,96.6005275815833,9806.765372007792
6166,-34.590574976176626,-59.0625,90.31854780952101,24559.010675493926
6167,-29.656013541178424,-66.796875,86.74474169096736,8373.128327983648
6168,-34.590574976176626,-59.0625,97.1022695771403,1.0
6169,-33.510056066253014,-67.8515625,94.31927235563086,186.85074740941215
6170,-35.68533471265205,-58.0078125,98.72695472925285,4899.531283966072
6171,-27.27961273597809,-65.7421875,98.50316298189706,166.16061934898684
6172,-35.318772903011535,-58.359375,98.8342674503753,866.2437313799575
6173,-33.510056066253014,-66.4453125,93.54957600143618,870.8032376498703
6174,-43.40685848593699,-65.68548387096774,91.31037798800625,164.3447043171481
6175,-31.388166464348544,-62.2265625,98.04562305022061,9893.756570070127
6176,-34.590574976176626,-59.0625,93.03503565582066,437.14720145403317
6177,-40.620185190672686,-71.71875,89.54849089139358,358.8374949820775
6178,-26.944358180475746,-59.765625,99.00766951888416,47551.843086374756
6179,-41.01449966573051,-66.4453125,99.4183413573429,417.3315579736239
6180,-34.953865257188454,-58.7109375,93.2636164006025,1.0
6181,-26.276811557199977,-66.09375,88.07567385241488,457.193218861882
6182,-31.03924001039789,-64.6875,92.0989784117183,4881.224743210059
6183,-34.953865257188454,-58.7109375,98.22936594068948,3650.0878171790728
6184,-26.276811557199977,-66.09375,99.72318227670928,3886.014976097143
6185,-33.86870460165652,-61.171875,89.78507565583581,1892.931698419214
6186,-31.388166464348544,-60.8203125,87.94029283250983,13.758938964070525
6187,-34.590574976176626,-59.765625,99.34078844437761,8255.674188115523
6188,-25.282603043311994,-65.7421875,92.1221421619771,9836.368465064967
6189,-38.3009224658677,-57.65625000000006,94.41219813107207,1.0
6190,-46.1781796469964,-67.30769230769232,100.68253561756298,1.0
6191,-43.804487962974946,-65.48780487804879,87.93394921382362,31463.67337693816
6192,-35.318772903011535,-59.0625,96.00546145087417,8382.2151037147
6193,-27.6158819838447,-66.09375,88.05093906562655,9835.289852328655
6194,-35.318772903011535,-58.359375,91.9176829296836,9799.600614746423
6195,-24.296477994805656,-64.6875,98.23361285981625,809.004957474571
6196,-24.296477994805656,-65.39062500000006,92.77084288775536,909.1316658090915
6197,-31.388166464348544,-67.14843750000006,101.05329317767702,812.5199161766116
6198,-32.79716829582364,-60.8203125,94.67339688571099,1.0
6199,-35.68533471265205,-61.52343750000006,91.14910241254829,2893.6524527457773
6200,-34.953865257188454,-58.7109375,89.9633143086006,441.43235878145083
6201,-32.44286613851179,-63.28125000000006,91.55165783831775,910.3817214104301
6202,-30.000000000000014,-58.0078125,91.8746130922198,435.9483600321518
6203,-54.72462840974654,-68.68421052631578,87.96728902283158,413.8910241088784
6204,-32.089951256280315,-60.8203125,91.83119965866636,1.0
6205,-32.44286613851179,-61.875,93.23208629858489,45.82305632986813
6206,-27.6158819838447,-54.84375,97.09274149497811,1.0
6207,-36.423573642331164,-64.3359375,96.13255245886124,1.0
6208,-34.953865257188454,-58.7109375,96.89379456368883,29911.106423690886
6209,-28.630989836924357,-62.9296875,86.68836269112566,1.0
6210,-26.61009781073392,-60.8203125,89.93713406688018,33.46217316921892
6211,-34.953865257188454,-58.7109375,96.20741576451732,855.7650572924653
6212,-34.953865257188454,-65.0390625,93.53275032031604,874.4956648033092
6213,-30.000000000000014,-58.7109375,86.58188746917163,1.0
6214,-41.41118863809925,-69.609375,98.24404430372245,4047.65992868942
6215,-27.6158819838447,-56.25,97.76859018180505,3859.2829630218866
6216,-32.089951256280315,-60.1171875,94.51355483037908,1.0
6217,-41.01449966573051,-63.6328125,87.93237601379032,58.85058812943228
6218,-32.089951256280315,-60.8203125,97.68362930907186,16896.368355353807
6219,-34.590574976176626,-59.0625,95.03774749917139,4928.36676000307
6220,-32.089951256280315,-68.5546875,97.8984038813164,1853.489885549018
6221,-30.000000000000014,-58.0078125,97.48429619489211,1.0
6222,-51.64299443168207,-72.0873786407767,98.22115101097417,250.25175714645488
6223,-32.089951256280315,-62.2265625,94.05061154805783,825.848181933985
6224,-39.065494664452615,-68.203125,89.02575027843116,1.0
6225,-28.971532223711293,-67.5,96.34600357362098,321.5249962957865
6226,-28.291548862929403,-55.54687500000006,95.58475648097851,865.7440020747167
6227,-24.62431835216408,-65.7421875,97.3561527473308,109.5208958592924
6228,-34.953865257188454,-68.5546875,89.3840807178458,3825.5955751123133
6229,-31.738394244764436,-64.6875,89.68831217972671,5935.551734762688
6230,-38.3009224658677,-59.0625,99.54057101059342,104.58977048335674
6231,-32.79716829582364,-65.7421875,97.46041634833313,5889.681977724485
6232,-43.804487962974946,-66.21951219512192,99.82689611947201,1.0
6233,-27.95318688338115,-58.7109375,97.57835180837655,5817.489027028271
6234,-38.3009224658677,-57.65625000000006,95.23639429670456,1.0
6235,-35.68533471265205,-58.7109375,96.09331758116848,1.0
6236,-35.68533471265205,-61.52343750000006,99.51997765953327,904.7080416500611
6237,-37.9216507842918,-69.25781250000006,94.96523246156303,373.4082944254385
6238,-35.318772903011535,-58.359375,95.76482141259939,10445.952937198826
6239,-34.590574976176626,-59.0625,89.22157273767462,161.62888554974003
6240,-27.6158819838447,-66.09375,93.37948450506178,56.86877242083969
6241,-24.62431835216408,-65.7421875,97.00495237647387,432.06813093923256
6242,-39.45089470914607,-67.8515625,90.5078387500824,339.8879878915828
6243,-34.590574976176626,-61.171875,89.77202196976928,133.87894689211936
6244,-36.423573642331164,-62.9296875,91.05420518713024,1710.3901604240978
6245,-32.79716829582364,-62.2265625,90.1924444150806,2977.1179592211474
6246,-27.27961273597809,-61.52343750000006,89.90762403273008,7297.8064195296565
6247,-27.27961273597809,-55.1953125,92.64389603613832,29908.02678689966
6248,-34.953865257188454,-58.7109375,99.82062978799513,30.04024971022667
6249,-32.089951256280315,-60.8203125,93.88394549833014,1924.0543433191656
6250,-28.291548862929403,-66.09375,89.60278251751113,207.5836347758239
6251,-32.79716829582364,-60.8203125,88.09540735457814,1358.3010903550362
6252,-25.944479772370016,-58.0078125,96.71012772106418,381.64647783570734
6253,-33.86870460165652,-61.171875,92.02522106865885,40977.508684609
6254,-30.000000000000014,-67.14843750000006,98.50995140364012,2180.1751015594336
6255,-36.423573642331164,-62.9296875,96.17457553821566,20220.412560208588
6256,-31.03924001039789,-61.171875,98.11745548172104,5502.496012963125
6257,-32.44286613851179,-60.46875,90.5185869106633,9885.573170669762
6258,-23.64331425576559,-64.6875,96.6548183637016,4882.852656321935
6259,-26.276811557199977,-58.359375,90.43413000360141,347.37936319844385
6260,-31.738394244764436,-58.359375,100.31329601694897,10.578985074318279
6261,-32.79716829582364,-62.9296875,95.82500085905477,172.17643946473206
6262,-34.22886632781257,-60.8203125,91.19243674557788,1.0
6263,-30.69158768492234,-61.52343750000006,90.49251110595424,572.501997492844
6264,-34.953865257188454,-58.7109375,89.63922847473518,440.87375320021033
6265,-38.3009224658677,-68.203125,96.68805791252709,586.4722192360731
6266,-35.68533471265205,-58.0078125,89.94836291628123,29937.978204902927
6267,-24.953020787727496,-65.39062500000006,95.2090241480157,11877.347832073634
6268,-32.79716829582364,-62.9296875,90.44026864370348,1.0
6269,-26.944358180475746,-54.84375,96.211716705587,170.04998092377852
6270,-28.971532223711293,-56.953125,98.40425276170527,263.7918250864728
6271,-52.02972741646417,-69.26470588235298,97.83898913171211,157.69993883315857
6272,-27.6158819838447,-59.765625,97.6071827828781,4395.821041308225
6273,-32.79716829582364,-58.0078125,89.60038235030635,573.0663316660525
6274,-34.590574976176626,-60.46875,88.2678223111649,838.0853701582174
6275,-34.953865257188454,-58.7109375,96.75080521999435,7315.2858708384465
6276,-33.510056066253014,-60.8203125,91.81319819833327,4848.507321809602
6277,-23.64331425576559,-64.6875,92.75426285098773,1.0
6278,-31.388166464348544,-64.3359375,87.3844945427684,1915.650921377193
6279,-33.152887928619876,-62.578125,90.38607929096632,291.09973159788547
6280,-26.61009781073392,-58.7109375,87.42370442490004,66.68156841647382
6281,-31.388166464348544,-58.0078125,99.36811092395435,1.0
6282,-24.62431835216408,-65.0390625,90.2127556591767,404.5988342839078
6283,-26.276811557199977,-54.84375,94.64794681323087,150.16200706381056
6284,-32.089951256280315,-68.5546875,87.50597634770222,10.218479794873131
6285,-27.6158819838447,-65.39062500000006,96.28322403974036,1787.8128794085812
6286,-33.510056066253014,-58.7109375,91.17323238407381,3094.896789879139
6287,-34.953865257188454,-58.7109375,99.66124054574392,1.4176650588522697
6288,-36.423573642331164,-58.0078125,99.50375267787075,1.0
6289,-28.291548862929403,-66.09375,91.2025123031589,6525.353149897752
6290,-27.95318688338115,-66.4453125,99.71011640735162,1.0
6291,-26.944358180475746,-54.84375,101.04024533674604,16882.966154356214
6292,-34.590574976176626,-59.0625,98.5649343940323,891.1727520347303
6293,-34.953865257188454,-58.7109375,98.8572706107661,102.28229225768487
6294,-24.62431835216408,-65.7421875,90.27287404317491,3.6276995317321346
6295,-41.01449966573051,-72.0703125,94.93413349761201,1.0
6296,-25.282603043311994,-58.0078125,87.94467259642492,1.0
6297,-33.510056066253014,-66.4453125,88.36616386027309,1.0
6298,-34.953865257188454,-58.7109375,101.07507087142888,876.3962183612551
6299,-38.3009224658677,-57.65625000000006,91.21995952021122,1.0
6300,-34.953865257188454,-58.7109375,97.43620321319095,622.0669509624506
6301,-36.423573642331164,-57.3046875,98.27733442033751,855.3125572512674
6302,-31.388166464348544,-62.2265625,99.05306385582931,71.12259928455079
6303,-36.79533013738012,-56.953125,101.05897163099588,1.0
6304,-26.276811557199977,-54.84375,90.19240003656236,1.0
6305,-39.065494664452615,-68.203125,87.52725453414766,1.0
6306,-33.510056066253014,-64.3359375,92.44276741180713,2587.5279601241946
6307,-37.168899655999454,-71.36718750000006,88.89547091891096,97.25990662607705
6308,-32.44286613851179,-61.171875,87.17923987761785,4122.540632048684
6309,-34.590574976176626,-58.359375,91.69699591984944,282.290502177594
6310,-33.152887928619876,-61.171875,97.92567934072312,332.87523680561156
6311,-34.953865257188454,-58.0078125,94.77863972177546,456.81267068772775
6312,-26.61009781073392,-65.7421875,91.04063663345147,1912.2449366181618
6313,-25.944479772370016,-65.0390625,96.09647946810998,39.002266774035064
6314,-29.313198964168336,-67.14843750000006,90.09086493209495,1.0
6315,-27.6158819838447,-55.54687500000006,86.89842808820143,822.7458081628008
6316,-38.3009224658677,-57.65625000000006,97.65445207656425,108.99854666311707
6317,-28.630989836924357,-65.7421875,95.63415310837354,307.8822380922088
6318,-46.5718474134496,-71.7672413793104,97.62677174195741,909.6527589202051
6319,-31.388166464348544,-64.3359375,87.50533553860544,418.6054347044593
6320,-27.95318688338115,-59.41406250000006,98.7418704240578,884.153352000849
6321,-36.05358859962301,-59.0625,95.57043919390325,811.4080177672627
6322,-34.953865257188454,-61.52343750000006,94.73747690596761,2648.9665791170123
6323,-32.79716829582364,-58.7109375,95.64731269899977,1884.8820624582909
6324,-33.510056066253014,-61.52343750000006,99.14848944116623,680.6306719266628
6325,-34.953865257188454,-58.7109375,95.08537701285913,1391.6004920396265
6326,-28.630989836924357,-55.8984375,94.9969117683226,9674.851109329788
6327,-54.72462840974654,-68.68421052631578,100.97048425742351,283.57137219857907
6328,-46.1781796469964,-67.30769230769232,97.5515570212025,237.16624512541523
6329,-34.953865257188454,-68.5546875,92.90073735890347,3019.017382410022
6330,-28.291548862929403,-67.5,96.87385908826481,848.0813353192337
6331,-34.953865257188454,-58.7109375,92.11958250205531,1.0
6332,-26.276811557199977,-58.359375,90.0571989776386,9829.441341341559
6333,-24.62431835216408,-65.7421875,95.23191010663768,1.0
6334,-29.656013541178424,-67.5,100.1475217736503,2910.8295376333353
6335,-32.44286613851179,-58.359375,100.16290615935883,2972.5602466091796
6336,-38.3009224658677,-57.65625000000006,91.42526092844547,20898.930241735437
6337,-34.953865257188454,-58.7109375,94.19780728223004,1.0
6338,-35.318772903011535,-61.171875,89.87252239964955,861.7576556309226
6339,-32.089951256280315,-60.8203125,101.03354029653777,273.03181271187947
6340,-31.388166464348544,-60.8203125,100.84873540956153,113.78322689945568
6341,-31.738394244764436,-63.984375,96.02345537810208,1.0
6342,-53.57223328098857,-68.4183673469388,98.24280831211071,829.0535469457208
6343,-24.953020787727496,-65.39062500000006,96.98606133045516,387.87765277822547
6344,-38.3009224658677,-57.65625000000006,95.17732383361724,1.0
6345,-33.86870460165652,-62.578125,87.7288986897197,876.7053395710061
6346,-32.44286613851179,-66.09375,93.08786240743994,2493.7708748449627
6347,-34.953865257188454,-58.7109375,96.3988601494153,3062.9349841450253
6348,-32.79716829582364,-60.8203125,96.43884764546395,9898.435148724137
6349,-38.68218745348943,-68.5546875,91.88325953785875,230.08471397822163
6350,-39.065494664452615,-67.5,100.34670263289328,20883.409435024223
6351,-32.089951256280315,-60.8203125,89.35348111987618,8339.68957519509
6352,-30.34518296958825,-68.90625,93.78194941235112,69.10663533484725
6353,-34.22886632781257,-65.7421875,96.63333468539727,1.0
6354,-39.065494664452615,-60.46875,96.7243972046688,290.9885661061887
6355,-28.291548862929403,-56.25,96.01031075033343,218.8847886770592
6356,-34.590574976176626,-59.0625,90.55563204451492,841.5462664736558
6357,-34.590574976176626,-59.0625,89.21829758511701,848.8772582484594
6358,-34.953865257188454,-58.0078125,95.81844413431742,2920.2729518366045
6359,-27.6158819838447,-65.39062500000006,95.26812066924283,450.716712149531
6360,-34.953865257188454,-58.7109375,89.4989516879232,1.0
6361,-39.065494664452615,-62.578125,96.84097176772593,7877.699424049274
6362,-27.95318688338115,-59.41406250000006,93.09406798602978,86.46737816609509
6363,-28.971532223711293,-59.765625,96.29652547763217,29868.27046114398
6364,-45.783967161775024,-70.55084745762713,98.74555425168538,1.0
6365,-27.95318688338115,-59.41406250000006,89.38223093266497,24878.71512548817
6366,-37.9216507842918,-58.0078125,87.06470747130784,1.0
6367,-32.79716829582364,-60.8203125,97.85457674929498,1.0
6368,-29.313198964168336,-67.14843750000006,95.42193389962237,1.0
6369,-38.3009224658677,-57.65625000000006,96.76086637561181,1881.7061572117761
6370,-32.44286613851179,-63.28125000000006,98.75728368156742,6864.59818013773
6371,-33.152887928619876,-63.28125000000006,98.21821931801574,287.8526286024866
6372,-31.738394244764436,-65.39062500000006,100.59154578163228,15851.358465074034
6373,-34.22886632781257,-65.7421875,94.32351160479814,855.4872036684385
6374,-27.6158819838447,-54.84375,93.60134846715863,893.4554128926515
6375,-31.738394244764436,-59.0625,92.30576468891277,6185.755112908113
6376,-44.20152985105139,-71.92622950819668,89.18780040680453,69.49753511658594
6377,-29.656013541178424,-67.5,94.87361358559069,148.43002093004412
6378,-34.953865257188454,-63.6328125,90.57793942485478,9901.446107992548
6379,-31.388166464348544,-65.0390625,100.03705711755656,9875.492874633435
6380,-35.68533471265205,-60.1171875,95.03002160751134,31792.377766106627
6381,-27.6158819838447,-66.09375,95.17262373988447,9880.044296466445
6382,-44.20152985105139,-70.45081967213116,91.6162720506053,1.0
6383,-32.44286613851179,-61.171875,87.70782003773004,4920.490713462748
6384,-28.971532223711293,-59.765625,87.39372057035462,230.62863893157322
6385,-26.276811557199977,-58.359375,92.62157792010774,40886.31505043509
6386,-27.95318688338115,-65.0390625,88.21032607580194,374.10819573215025
6387,-33.152887928619876,-61.875,95.37962116017559,820.6218822141219
6388,-31.388166464348544,-63.6328125,99.39471753878698,634.1279864859029
6389,-37.168899655999454,-57.3046875,99.42362536055771,102.13882332692032
6390,-32.089951256280315,-60.8203125,96.16754432597666,1.0
6391,-29.313198964168336,-62.9296875,89.86819388362022,9847.854788322311
6392,-34.590574976176626,-61.171875,99.12710546192046,4803.286162817778
6393,-34.953865257188454,-58.7109375,99.47121781459012,1.0
6394,-27.95318688338115,-66.4453125,89.70866021486319,3636.904962463421
6395,-27.95318688338115,-66.4453125,97.2909985329831,889.4772392470029
6396,-24.953020787727496,-65.39062500000006,90.70093163980935,229.60111075003402
6397,-35.318772903011535,-68.203125,98.21560228233187,13.501492890942172
6398,-34.953865257188454,-60.8203125,101.05400047663376,7922.2928274540745
6399,-32.79716829582364,-65.0390625,87.367070440363,1862.712198495735
6400,-37.54432510382695,-56.953125,99.65234947459098,814.7928200118258
6401,-36.79533013738012,-64.6875,95.61734330704849,873.9123521716017
6402,-33.86870460165652,-60.46875,100.7502375597515,1.0
6403,-38.3009224658677,-57.65625000000006,93.24382307516662,377.44638150441335
6404,-28.291548862929403,-64.6875,98.89473508699533,1.0
6405,-27.27961273597809,-65.7421875,87.86924366118542,1.0
6406,-30.000000000000014,-62.2265625,91.33173247374654,966.2392519579081
6407,-25.61308321640182,-59.765625,87.9409588022304,11867.221444752635
6408,-33.152887928619876,-60.46875,100.77520190845094,221.63284417339435
6409,-41.01449966573051,-71.36718750000006,98.43545333146702,1.0
6410,-24.953020787727496,-65.39062500000006,98.97154464577214,911.3741087204365
6411,-27.27961273597809,-58.7109375,100.29924772973008,8875.97582770315
6412,-32.44286613851179,-61.171875,88.21842625318534,2910.369100162027
6413,-40.620185190672686,-71.71875,92.06628348314437,8388.580462333535
6414,-31.03924001039789,-58.359375,88.00330137720421,725.3820449892901
6415,-33.152887928619876,-68.90625,89.86349404659249,2931.4893158805176
6416,-24.953020787727496,-65.39062500000006,90.062451408295,1.0
6417,-27.6158819838447,-59.0625,93.30620161133945,139.5684733104197
6418,-52.02972741646417,-69.26470588235298,90.48233762396765,200.61836704655104
6419,-43.40685848593699,-65.68548387096774,88.45738801952183,453.58028598636054
6420,-22.993394314297802,-63.984375,89.35510636888493,16148.430501179664
6421,-41.81031489577862,-71.36718750000006,89.11002183159276,9682.61921483437
6422,-34.590574976176626,-59.0625,100.74634336304393,1.0
6423,-38.3009224658677,-57.65625000000006,97.58614242246003,1.0
6424,-32.44286613851179,-61.171875,100.6786601961411,153.42178731223999
6425,-33.152887928619876,-62.578125,92.86314065985093,61.5700337769576
6426,-32.79716829582364,-60.8203125,90.59548142176955,878.8868214479091
6427,-34.953865257188454,-59.41406250000006,98.14892551139826,9884.923024491354
6428,-27.6158819838447,-60.46875,91.21497449466517,24947.89590203746
6429,-24.62431835216408,-65.7421875,90.86735072134525,916.0173521252847
6430,-31.03924001039789,-62.578125,90.09609055338471,5876.938928522111
6431,-34.953865257188454,-58.7109375,88.88942422732629,585.9638510780511
6432,-28.291548862929403,-65.39062500000006,90.35272752566812,1.0
6433,-34.953865257188454,-59.41406250000006,91.62206849476517,580.5521511850766
6434,-44.20152985105139,-68.97540983606558,96.3873227140216,821.8137834891565
6435,-26.944358180475746,-65.39062500000006,87.87189312274462,2809.4055274458365
6436,-34.953865257188454,-59.41406250000006,89.8604285747581,1.0
6437,-32.44286613851179,-64.6875,98.31351082183274,169.2037196189204
6438,-38.3009224658677,-57.65625000000006,89.10573444921313,162.86878970903356
6439,-27.95318688338115,-59.41406250000006,91.43611575152485,24899.063774892107
6440,-34.953865257188454,-58.7109375,99.15184907441007,311.34009714181656
6441,-37.54432510382695,-60.46875,89.20276415703623,2950.5926430930926
6442,-41.41118863809925,-71.71875,88.18280089904793,2925.1673215154187
6443,-34.953865257188454,-58.7109375,93.54110198028448,28.584677398666447
6444,-32.79716829582364,-59.41406250000006,90.90662918129456,837.8653258637131
6445,-34.590574976176626,-60.46875,94.73766922840181,9840.839804654053
6446,-38.3009224658677,-57.65625000000006,98.23346477427816,380.04954963450916
6447,-33.86870460165652,-66.09375,88.98724542475567,19819.360393928404
6448,-24.62431835216408,-65.7421875,94.99319803081141,1.0
6449,-40.22818472806108,-64.3359375,93.86033660232252,1.0
6450,-34.953865257188454,-58.7109375,89.07126544396797,9826.017227838202
6451,-34.953865257188454,-58.7109375,95.63801201768425,6353.404651488623
6452,-28.630989836924357,-66.4453125,90.53673771854417,40941.19914630853
6453,-34.953865257188454,-61.52343750000006,93.59128138764503,1397.4047658240495
6454,-31.738394244764436,-58.359375,88.17580857761418,16876.46590225496
6455,-34.953865257188454,-68.5546875,93.16123215648771,4933.534426399764
6456,-26.944358180475746,-54.84375,90.95894578091291,6156.551309162664
6457,-34.953865257188454,-62.2265625,98.51839145306911,835.2567426133927
6458,-54.72462840974654,-67.73684210526318,87.7852275274121,189.99155137705873
6459,-25.282603043311994,-65.7421875,92.55196175356707,16843.85719632419
6460,-46.5718474134496,-67.88793103448273,93.14368580656185,283.2047781804453
6461,-32.089951256280315,-63.6328125,97.12335839297117,784.0792368097036
6462,-38.3009224658677,-57.65625000000006,94.89844631842932,316.50042645157237
6463,-36.05358859962301,-63.984375,96.28853974658297,831.1229145734635
6464,-33.510056066253014,-58.7109375,97.82581606198703,370.490763753656
6465,-35.318772903011535,-64.6875,99.11528726831054,1.0
6466,-38.68218745348943,-58.7109375,91.05483506939832,9764.327332603958
6467,-32.089951256280315,-64.3359375,94.35529121086398,312.407818602788
6468,-31.388166464348544,-64.3359375,98.7863596163339,854.1911698482671
6469,-34.953865257188454,-59.41406250000006,100.9548470995781,1.0
6470,-36.79533013738012,-63.28125000000006,99.52626668441977,1.0
6471,-35.318772903011535,-58.359375,91.85897333519462,2.072896844787289
6472,-36.423573642331164,-62.9296875,89.69063163050473,1879.673219104243
6473,-32.089951256280315,-58.7109375,93.6150019053418,1.0
6474,-37.168899655999454,-70.6640625,97.34789579695197,10849.027014207599
6475,-27.27961273597809,-60.1171875,93.66335776681584,1.0
6476,-33.510056066253014,-66.4453125,93.52044257944323,1.0
6477,-23.31795706533424,-65.7421875,98.75840685078943,1.0
6478,-31.388166464348544,-65.0390625,91.7113290635091,1.0
6479,-31.738394244764436,-64.6875,99.07943482017714,3189.846423300392
6480,-32.089951256280315,-68.5546875,92.37817458805252,9690.397998915681
6481,-34.953865257188454,-58.7109375,91.24057921133749,878.3052221046214
6482,-31.738394244764436,-60.46875,93.07607336223323,1.0
6483,-32.44286613851179,-63.28125000000006,97.62871990481332,54.41543389926661
6484,-28.971532223711293,-59.765625,88.83407483854202,381.53445856522944
6485,-31.738394244764436,-63.28125000000006,89.70581882260561,21789.87913573964
6486,-28.630989836924357,-56.6015625,100.47089110321568,4.771026036643821
6487,-26.276811557199977,-58.359375,89.45210153332643,2325.795134634478
6488,-34.22886632781257,-60.1171875,94.80149635633695,300.64349301648537
6489,-34.953865257188454,-59.41406250000006,94.972735623787,70.86820306590302
6490,-34.590574976176626,-59.765625,93.61853245727278,339.8160337469053
6491,-32.44286613851179,-58.359375,95.95147978841406,1.0
6492,-31.738394244764436,-61.875,90.06738926171413,4409.808909105162
6493,-38.3009224658677,-60.46875,94.57814693904626,1.0
6494,-33.152887928619876,-61.875,91.86933115671586,1976.6118987098785
6495,-32.79716829582364,-62.9296875,96.20715847277658,1.0
6496,-24.62431835216408,-66.4453125,89.03664968194688,22482.789881674256
6497,-31.388166464348544,-62.2265625,94.84804970971159,1.0
6498,-31.738394244764436,-61.171875,89.57065472269005,9771.641470785928
6499,-32.089951256280315,-65.7421875,90.59903367733115,4862.846682662555
6500,-33.86870460165652,-62.578125,89.9483006487661,28147.8078237145
6501,-33.152887928619876,-59.0625,89.5411631992982,385.53500100781804
6502,-34.22886632781257,-59.41406250000006,98.56946356156679,2084.50401273327
6503,-35.68533471265205,-67.8515625,90.69042705203081,172.75400747982795
6504,-36.79533013738012,-57.65625000000006,100.13051616164346,1.0
6505,-34.953865257188454,-58.7109375,100.70622914286614,309.2728999875221
6506,-42.60980697763762,-71.78571428571428,94.85371061330008,1.0
6507,-24.296477994805656,-65.39062500000006,89.0582003063675,35289.76893792442
6508,-27.95318688338115,-55.1953125,91.90417529305485,1.0
6509,-23.31795706533424,-64.3359375,98.14032181508007,854.4474987815809
6510,-34.590574976176626,-58.359375,91.79916532942028,890.0673855958594
6511,-39.065494664452615,-67.5,88.24723379646124,764.9042090317823
6512,-29.313198964168336,-68.5546875,94.63978532605415,999.6706060732415
6513,-39.8384399769991,-71.71875,98.86098498364767,1.0
6514,-25.944479772370016,-65.0390625,98.11262298722423,821.752513874408
6515,-40.620185190672686,-71.71875,89.44763414873023,56.94771273088917
6516,-31.388166464348544,-58.0078125,96.36941277167921,17045.118380113257
6517,-26.944358180475746,-60.46875,89.96752360060663,2992.0185285693487
6518,-32.79716829582364,-61.52343750000006,89.94292019225513,29899.30306923932
6519,-29.656013541178424,-67.5,99.29197859727925,1.0
6520,-30.34518296958825,-57.65625000000006,90.27994652765197,54.225868112541
6521,-31.03924001039789,-62.578125,90.42540329848622,1.0
6522,-36.423573642331164,-56.6015625,50.007,1.0
6523,-33.510056066253014,-68.5546875,99.24132187329103,1.0
6524,-31.03924001039789,-60.46875,98.06152275529456,1390.0971103277463
6525,-34.590574976176626,-64.6875,95.68833257117134,1.0
6526,-34.953865257188454,-58.7109375,97.46430318711788,448.9109292910832
6527,-30.000000000000014,-58.7109375,89.1678877249691,9807.101494844472
6528,-32.089951256280315,-60.8203125,93.14204433458069,1711.250199693706
6529,-27.27961273597809,-58.7109375,91.56191091329514,208.1321423143751
6530,-27.95318688338115,-59.41406250000006,88.34898212788188,175.35471236646202
6531,-34.953865257188454,-58.7109375,93.56534420410449,339.3875664925007
6532,-27.95318688338115,-59.41406250000006,100.02793239831973,1.0
6533,-33.152887928619876,-61.171875,87.5227288432291,897.2740592855203
6534,-34.953865257188454,-58.7109375,90.76485798884603,163.05419688198145
6535,-27.27961273597809,-66.4453125,89.8286556498759,7063.702310019761
6536,-33.510056066253014,-58.7109375,90.15651540292568,2959.252768811136
6537,-29.656013541178424,-67.5,99.83020725683149,874.8155923072308
6538,-43.40685848593699,-65.68548387096774,93.29039791543185,163.12727051286066
6539,-32.79716829582364,-61.52343750000006,93.26345894771005,1.0
6540,-36.79533013738012,-64.6875,97.60346165410293,3554.455801987533
6541,-33.510056066253014,-62.9296875,89.19751334807651,402.88683648904833
6542,-24.953020787727496,-64.6875,93.58262013248635,1.0
6543,-34.590574976176626,-59.0625,92.71949779804673,1.0
6544,-41.41118863809925,-65.39062500000006,95.2327792771385,1.0
6545,-34.22886632781257,-60.1171875,101.08353985782756,3693.631122610443
6546,-37.168899655999454,-64.3359375,97.72322912678307,1.0
6547,-39.065494664452615,-68.90625,92.24654960021913,601.1319521105854
6548,-28.630989836924357,-55.8984375,98.59771800692683,329.42191355686793
6549,-28.291548862929403,-56.25,89.39411124963924,845.2673457096035
6550,-34.590574976176626,-63.984375,87.37386082709007,9712.748325808458
6551,-32.089951256280315,-61.52343750000006,89.79552696449606,8373.744348964563
6552,-37.54432510382695,-59.0625,91.4033461020096,328.30321419666745
6553,-39.065494664452615,-67.5,93.93754680631835,1.0
6554,-31.738394244764436,-68.90625,95.50400297758756,269.70926100037417
6555,-28.971532223711293,-59.765625,99.86509474467631,870.6852350483512
6556,-36.05358859962301,-69.609375,93.92648363858693,824.3784193277476
6557,-30.000000000000014,-57.3046875,93.79589655490223,913.8498298863655
6558,-37.168899655999454,-60.8203125,87.68072647154379,1.0
6559,-32.089951256280315,-60.8203125,87.44286709882275,909.2591845096197
6560,-34.953865257188454,-59.41406250000006,94.55527757608137,1.0
6561,-26.944358180475746,-65.39062500000006,92.84014264033057,2923.461049935096
6562,-34.590574976176626,-59.0625,98.77254915292642,125.97982088488057
6563,-32.44286613851179,-61.875,89.27252655188633,1900.1501439656706
6564,-33.86870460165652,-60.46875,87.26810657117818,1.0
6565,-27.95318688338115,-65.7421875,93.00070289639831,227.70227586746907
6566,-35.318772903011535,-68.203125,90.14935850195317,1881.4029242562171
6567,-38.3009224658677,-61.171875,87.67097351211132,1.0
6568,-28.630989836924357,-65.7421875,97.1178542199752,4093.167125379222
6569,-26.944358180475746,-65.39062500000006,88.61717474213677,894.194158296329
6570,-24.296477994805656,-64.6875,95.40138297939285,852.869841992196
6571,-34.590574976176626,-59.0625,90.63016894663235,147.36969046891107
6572,-34.22886632781257,-59.41406250000006,89.42790799598238,394.8252505303897
6573,-33.510056066253014,-64.3359375,91.98051410889876,862.2285189910078
6574,-28.971532223711293,-66.09375,98.19728028963634,374.47719270067745
6575,-31.738394244764436,-59.0625,92.16158794495172,1855.481079851759
6576,-34.22886632781257,-64.3359375,97.47110442167227,286.96262311754964
6577,-32.79716829582364,-60.1171875,88.82631150305488,1.0
6578,-53.57223328098857,-68.4183673469388,97.76807519998519,1.0
6579,-27.6158819838447,-62.578125,90.14351777698113,1.0
6580,-34.953865257188454,-58.7109375,96.43683052363312,74.93954707057003
6581,-32.089951256280315,-64.3359375,94.77274113329533,2913.924354737566
6582,-32.089951256280315,-60.8203125,100.16298967078801,4060.569802546085
6583,-34.953865257188454,-58.7109375,92.09159036242714,1.0
6584,-34.953865257188454,-58.7109375,87.92775057830836,24892.29017722544
6585,-53.956782484817865,-68.1958762886598,87.06507810410635,435.46557381552367
6586,-27.6158819838447,-66.796875,98.58706578450332,12837.615730065578
6587,-26.944358180475746,-54.84375,94.15302429435812,1888.077995999987
6588,-34.953865257188454,-58.7109375,97.80144976415959,1948.505779524954
6589,-33.86870460165652,-62.578125,90.11665410139796,1.0
6590,-30.000000000000014,-58.0078125,91.47189314112067,1.0
6591,-26.276811557199977,-54.84375,87.3682785034642,1.0
6592,-26.61009781073392,-60.8203125,100.59883164644395,1924.1860814372594
6593,-39.065494664452615,-68.203125,96.29808860141817,133.89409632260794
6594,-27.95318688338115,-55.8984375,100.22823395496987,3870.751797797837
6595,-31.388166464348544,-67.14843750000006,90.44949606990575,125.75589241949572
6596,-28.630989836924357,-58.0078125,95.44861962451039,4902.7314889289755
6597,-31.738394244764436,-68.90625,96.45295244379056,1.0
6598,-26.276811557199977,-61.171875,91.10236817780363,1.0
6599,-33.152887928619876,-61.875,98.90547317716765,128.6258524987298
6600,-26.276811557199977,-66.09375,100.41634859830224,228.63021967520564
6601,-36.423573642331164,-59.41406250000006,99.4525107073333,140.20182459099544
6602,-28.971532223711293,-66.09375,97.31314658836536,3010.3489564308206
6603,-33.510056066253014,-67.8515625,90.58378895153182,1.0
6604,-39.065494664452615,-70.3125,90.63749505577574,143.92063395596907
6605,-34.953865257188454,-68.5546875,100.62261790496649,5736.439850050673
6606,-33.152887928619876,-59.765625,86.75541360154482,1.0
6607,-31.388166464348544,-65.0390625,96.99989604427294,18341.13191524747
6608,-31.388166464348544,-64.3359375,96.85709628904678,38047.42841315936
6609,-34.953865257188454,-59.41406250000006,95.61823486313247,1.0
6610,-54.72462840974654,-68.68421052631578,100.96322216194127,62.26202343122165
6611,-34.953865257188454,-61.52343750000006,91.02901206285316,175.25372878312038
6612,-33.510056066253014,-60.8203125,91.39689524906862,3582.9304481864215
6613,-34.953865257188454,-58.7109375,88.12563788167434,860.8683581149076
6614,-32.79716829582364,-69.25781250000006,92.90816345205243,907.1848409018115
6615,-25.944479772370016,-65.0390625,90.40184872323468,2964.935356720929
6616,-33.510056066253014,-60.1171875,91.44699532856124,1.0
6617,-42.60980697763762,-65.35714285714283,98.70394065689374,5204.676194477269
6618,-27.95318688338115,-60.8203125,100.26486103145145,1883.6601983391618
6619,-34.953865257188454,-58.7109375,89.57626450458422,843.0975981469809
6620,-28.291548862929403,-66.09375,91.87425596068894,9817.076200635041
6621,-33.510056066253014,-69.25781250000006,100.1547279417604,1863.1676573936286
6622,-26.944358180475746,-65.39062500000006,87.8601582671232,1.0
6623,-32.44286613851179,-62.578125,88.32766700959033,277.56287671439344
6624,-35.318772903011535,-58.359375,89.29812433278336,418.4366221155236
6625,-31.388166464348544,-60.1171875,95.2076877126552,1.0
6626,-34.953865257188454,-60.8203125,89.14877736953665,21909.001054383887
6627,-36.423573642331164,-64.3359375,100.68267020377058,1.0
6628,-39.8384399769991,-71.01562500000006,92.96583089053146,1852.1949275171485
6629,-28.971532223711293,-63.28125000000006,93.7995852886018,443.263603878135
6630,-32.089951256280315,-65.7421875,90.2476986862041,1.0
6631,-27.6158819838447,-56.25,93.33441016539595,14949.965665751115
6632,-54.72462840974654,-68.68421052631578,96.21088098107111,6994.092253534254
6633,-39.45089470914607,-62.2265625,97.47660452233193,575.8594198730649
6634,-33.510056066253014,-67.8515625,97.51292579280371,1.0
6635,-37.54432510382695,-57.65625000000006,94.95170076038467,1.0
6636,-33.152887928619876,-61.171875,99.7647314836284,161.92956542749548
6637,-34.590574976176626,-59.0625,98.442109175471,15.343371313863418
6638,-26.61009781073392,-58.0078125,97.55584854653034,444.2009477742906
6639,-35.318772903011535,-58.359375,87.76392298005275,26774.672269610557
6640,-27.6158819838447,-68.203125,86.63649985974683,840.814009309849
6641,-37.168899655999454,-57.3046875,89.88121418725986,9818.094477434266
6642,-36.05358859962301,-64.6875,96.23481047187501,913.41259731846
6643,-34.953865257188454,-58.7109375,92.44285533097536,380.14896848218046
6644,-24.953020787727496,-65.39062500000006,92.31340765119393,7645.529388209508
6645,-31.03924001039789,-64.6875,99.44851756377248,372.24873569434067
6646,-29.656013541178424,-60.46875,99.62337758762766,8386.684371548812
6647,-31.738394244764436,-64.6875,99.84210943054306,62.66027078377561
6648,-26.61009781073392,-58.7109375,91.05486844413059,1.0
6649,-41.01449966573051,-70.6640625,96.63583760660127,7736.16634605616
6650,-33.510056066253014,-62.2265625,90.51523545863505,852.7296574488016
6651,-31.03924001039789,-64.6875,89.6353883066175,9813.731199342432
6652,-32.089951256280315,-68.5546875,89.56292111494108,16893.908625999247
6653,-32.44286613851179,-63.28125000000006,91.42822955744766,1.0
6654,-34.22886632781257,-60.8203125,92.71909148134046,432.5455888789174
6655,-33.152887928619876,-62.578125,98.6498082383879,179.04601217414285
6656,-39.45089470914607,-67.8515625,88.74208651933176,889.488456258402
6657,-32.79716829582364,-60.1171875,97.2572513516835,4044.000245093948
6658,-53.956782484817865,-68.1958762886598,94.25531077132025,48.27931950689662
6659,-37.9216507842918,-59.41406250000006,90.71937710919636,823.4543874225603
6660,-28.291548862929403,-59.0625,93.66717129820303,1895.6499056436512
6661,-40.22818472806108,-71.36718750000006,90.87457856288606,1.0
6662,-27.27961273597809,-65.7421875,95.22053191323495,4881.427677064556
6663,-37.168899655999454,-71.36718750000006,92.77631589019907,870.6049752983754
6664,-31.738394244764436,-61.171875,89.31769833578444,19882.211786172127
6665,-38.68218745348943,-58.7109375,88.6922906811493,126.632563965613
6666,-38.3009224658677,-57.65625000000006,94.48731855466792,1.0
6667,-36.79533013738012,-64.6875,99.73345015900055,443.81392280651374
6668,-36.05358859962301,-59.0625,91.4553724051924,1.0
6669,-31.03924001039789,-64.6875,97.23125850901737,29569.43816498632
6670,-26.61009781073392,-65.7421875,96.16174154485164,1.0
6671,-32.089951256280315,-64.3359375,100.20171805346602,2941.1525653101685
6672,-27.95318688338115,-61.52343750000006,98.4969150476999,584.9126416150243
6673,-34.953865257188454,-58.7109375,94.78491414357343,169.6626459078718
6674,-31.388166464348544,-60.8203125,96.13710054351932,1.0
6675,-46.1781796469964,-67.30769230769232,99.6687490537428,885.9587294912866
6676,-34.590574976176626,-59.0625,92.27089062915441,850.6309922400084
6677,-37.168899655999454,-60.8203125,91.22197065741622,48.66291930825383
6678,-27.6158819838447,-65.39062500000006,86.7737954873421,11260.598104829878
6679,-38.3009224658677,-61.875,98.5823495014045,79.06576865044863
6680,-39.45089470914607,-65.7421875,98.19014687980841,325.09033152071703
6681,-32.79716829582364,-60.8203125,88.50971867965899,810.9896431619112
6682,-34.22886632781257,-59.41406250000006,94.93642388430209,1.0
6683,-35.68533471265205,-67.8515625,93.22817674467186,16342.755407124683
6684,-27.95318688338115,-60.8203125,88.7242938220093,178.4123633784676
6685,-33.152887928619876,-68.90625,100.84173600984029,1.0
6686,-32.089951256280315,-65.7421875,89.90530213122317,197.27853410543258
6687,-27.6158819838447,-59.0625,87.94433540692964,864.9567468465733
6688,-31.738394244764436,-64.6875,95.20228688595324,458.3812817330409
6689,-26.276811557199977,-66.09375,97.31044303809706,1774.5784303428536
6690,-24.62431835216408,-66.4453125,87.40457574246642,1.0
6691,-27.6158819838447,-64.6875,96.16259194996199,53.45022477716077
6692,-43.40685848593699,-65.68548387096774,94.268051706992,4902.314155591839
6693,-33.510056066253014,-63.6328125,88.49181291479618,1.0
6694,-43.40685848593699,-65.68548387096774,89.41612177407417,7747.118041578042
6695,-32.089951256280315,-60.1171875,94.80514631112301,1.0
6696,-31.03924001039789,-59.765625,90.82820651339841,5415.518957832487
6697,-33.152887928619876,-68.90625,100.30371081101967,158.077828457581
6698,-32.44286613851179,-65.39062500000006,98.4625454736451,876.437183700435
6699,-26.944358180475746,-54.84375,100.87992372836979,1.0
6700,-34.590574976176626,-59.0625,90.38709042804213,1.0
6701,-28.630989836924357,-66.4453125,100.7036455961609,1.0
6702,-34.590574976176626,-59.765625,92.73788380171796,1.0
6703,-34.590574976176626,-58.359375,91.50761845952287,89.92475128141817
6704,-27.6158819838447,-56.25,87.68237902820194,459.8694432662696
6705,-25.944479772370016,-65.0390625,87.71985780324384,854.0150551809513
6706,-36.05358859962301,-65.39062500000006,96.64975434372582,3896.191822690524
6707,-32.44286613851179,-58.359375,93.13603739925846,918.5387522491324
6708,-25.61308321640182,-57.65625000000006,90.03198381196341,873.1376436314736
6709,-54.72462840974654,-68.68421052631578,95.48649387616835,234.83258568999096
6710,-25.61308321640182,-58.359375,90.31411004686603,377.2196134540753
6711,-34.953865257188454,-58.7109375,94.9478678645761,241.34750518137858
6712,-51.64299443168207,-72.0873786407767,91.67912511429012,5979.47713071122
6713,-28.971532223711293,-59.0625,98.53635268132471,1.0
6714,-27.6158819838447,-59.765625,98.49254587110136,1.0
6715,-27.27961273597809,-60.1171875,93.431686335971,913.834331509704
6716,-31.03924001039789,-64.6875,91.5560383190311,1.0
6717,-26.944358180475746,-60.46875,91.72828932977063,9819.052191313047
6718,-34.953865257188454,-58.7109375,98.26275507452777,7901.121321779889
6719,-25.944479772370016,-62.9296875,91.23988549304501,1.0
6720,-33.152887928619876,-66.796875,89.84492171339154,1.0
6721,-54.72462840974654,-68.68421052631578,88.21217705808125,420.73580604978156
6722,-36.79533013738012,-56.953125,93.26945230107735,873.5816357836948
6723,-34.590574976176626,-61.171875,93.50447740602569,40.84197193449163
6724,-31.03924001039789,-63.28125000000006,98.79827865868778,1926.7703842279348
6725,-34.590574976176626,-59.0625,89.97539111835854,859.9018558955812
6726,-33.152887928619876,-61.171875,91.99870284994252,106.17968519321683
6727,-32.089951256280315,-60.8203125,98.30403334801143,1.0
6728,-27.6158819838447,-66.09375,98.53744758302479,2921.242430731027
6729,-39.065494664452615,-68.203125,92.05181001434762,1.0
6730,-32.44286613851179,-62.578125,93.1542291332493,5418.814947710187
6731,-27.95318688338115,-55.1953125,90.9178375190099,255.07152670594058
6732,-31.738394244764436,-64.6875,100.21778603095437,842.8448954268147
6733,-32.089951256280315,-60.8203125,88.72331040848776,9446.0391064647
6734,-37.168899655999454,-57.3046875,100.23698063530689,8313.15071272469
6735,-34.953865257188454,-58.0078125,96.53111924655727,173.95049227638071
6736,-35.68533471265205,-62.2265625,94.25709547430371,1.0
6737,-23.64331425576559,-64.6875,87.40792089000249,3451.3065666014904
6738,-32.089951256280315,-60.8203125,93.40498233270701,285.49557905516025
6739,-32.79716829582364,-62.2265625,92.39206439943503,1.0
6740,-24.296477994805656,-65.39062500000006,89.27906391664793,9893.503797425827
6741,-29.656013541178424,-66.796875,96.12771929751464,1.0
6742,-35.318772903011535,-58.359375,100.72181989858963,1.0
6743,-27.6158819838447,-61.875,94.71964620660479,1.0
6744,-33.510056066253014,-69.25781250000006,96.9810086961489,886.1006580408996
6745,-28.630989836924357,-66.4453125,87.9632052250378,980.3065991855052
6746,-23.64331425576559,-63.28125000000006,92.53811648347573,88.13907869014412
6747,-28.971532223711293,-59.0625,88.68890992146736,99.87950645355305
6748,-46.5718474134496,-71.7672413793104,95.46874851805735,126.58078884401144
6749,-36.423573642331164,-58.0078125,100.30583005371552,1406.4586013666508
6750,-43.00863399423693,-65.88000000000005,96.20882763319302,1.0
6751,-32.79716829582364,-60.8203125,88.09279128875625,16156.416223141034
6752,-27.27961273597809,-65.7421875,91.61248016962199,1.0
6753,-33.510056066253014,-64.3359375,94.547718180106,49398.825469070245
6754,-32.44286613851179,-61.171875,92.32520940253296,1.0
6755,-37.54432510382695,-56.953125,98.69012875954314,3173.4531695932305
6756,-26.944358180475746,-61.171875,98.40013103115488,1.0
6757,-32.79716829582364,-60.8203125,95.45417089250962,1.0
6758,-27.6158819838447,-56.953125,91.88817921280439,9689.331200144345
6759,-31.388166464348544,-65.0390625,90.34065803554141,7891.9674609042095
6760,-35.318772903011535,-68.203125,88.53109102922859,221.35740589218983
6761,-32.79716829582364,-64.3359375,91.615876257524,1871.2274071277727
6762,-31.738394244764436,-61.875,92.47193690958456,823.7102127964451
6763,-32.089951256280315,-68.5546875,96.41395932935106,7281.351636148631
6764,-32.44286613851179,-58.359375,96.15416379925351,93.39358714239097
6765,-36.05358859962301,-63.28125000000006,87.98892335499738,568.4343510139729
6766,-39.065494664452615,-68.203125,92.20817148456882,400.7750491056041
6767,-42.21036983965021,-65.5511811023622,89.52832538725738,147.8976939562595
6768,-36.05358859962301,-61.875,89.22564613092828,9826.023426386902
6769,-31.03924001039789,-58.359375,98.59386962232698,1.0
6770,-34.953865257188454,-58.7109375,87.55152520756928,1.0
6771,-32.44286613851179,-66.796875,92.56043727011755,842.684345169604
6772,-29.313198964168336,-59.41406250000006,89.36374522780723,919.7381287793735
6773,-37.54432510382695,-57.65625000000006,99.37026125423496,1.0
6774,-24.953020787727496,-65.39062500000006,94.64356271423213,202.3463867445413
6775,-39.065494664452615,-67.5,90.08403532594815,19839.927283696878
6776,-32.44286613851179,-58.359375,93.81342782597194,3.8103165167136614
6777,-34.590574976176626,-59.0625,97.21082657241587,1143.2235530231474
6778,-34.953865257188454,-61.52343750000006,100.55586455764838,2667.864648065439
6779,-39.065494664452615,-68.203125,89.9668995066364,321.29215815654516
6780,-34.590574976176626,-59.0625,99.47263725950731,16889.296853821186
6781,-34.590574976176626,-61.875,100.24589372036762,2415.492418371812
6782,-25.944479772370016,-54.4921875,99.95853061254391,344.5940888375551
6783,-33.152887928619876,-61.875,95.81049712918912,835.4418897562165
6784,-27.6158819838447,-56.953125,95.72598055058174,1652.03254960708
6785,-35.318772903011535,-68.203125,92.32525176606327,857.2954512411371
6786,-33.152887928619876,-64.6875,97.49308163708928,9729.009399923782
6787,-34.953865257188454,-58.7109375,94.25286147958522,152.30965789431485
6788,-24.953020787727496,-65.39062500000006,96.43748512748809,73.53637478961137
6789,-26.61009781073392,-60.8203125,92.69700870602847,1.0
6790,-34.953865257188454,-58.7109375,97.21096295660946,1.0
6791,-26.276811557199977,-58.359375,98.55045291858937,1.0
6792,-26.276811557199977,-59.765625,89.09984642680887,8409.222109304212
6793,-23.64331425576559,-63.28125000000006,98.6794950207425,1385.5665501013452
6794,-42.60980697763762,-71.78571428571428,94.38990530858946,936.9919780547186
6795,-35.318772903011535,-68.203125,98.85421223655634,878.7643015747703
6796,-31.738394244764436,-68.90625,92.73888267040275,6621.234826513038
6797,-30.69158768492234,-58.0078125,91.9700822719917,390.3753900861589
6798,-31.388166464348544,-58.0078125,99.93668039949318,8603.143799560168
6799,-35.68533471265205,-59.41406250000006,90.29601845418487,156.09081960030136
6800,-34.953865257188454,-61.52343750000006,98.84745971502716,15677.025262614698
6801,-27.95318688338115,-58.7109375,93.5332253388591,1856.8064686558896
6802,-27.95318688338115,-60.8203125,93.99105029797701,17.63255126476193
6803,-26.944358180475746,-61.171875,90.98488201824486,830.4216567275205
6804,-34.953865257188454,-61.52343750000006,94.88004170335952,668.4195146131378
6805,-35.68533471265205,-69.9609375,91.20148482099425,1.0
6806,-29.656013541178424,-59.765625,87.51047699472765,856.3896824917467
6807,-24.296477994805656,-65.39062500000006,90.51915001628268,93.03971575860949
6808,-26.61009781073392,-61.52343750000006,86.61908382695232,1.0
6809,-43.804487962974946,-71.34146341463418,100.81355101385215,19869.679994818056
6810,-30.69158768492234,-58.7109375,100.6530115308631,904.4354954261008
6811,-35.68533471265205,-62.9296875,92.2066398577012,9710.261035716063
6812,-34.590574976176626,-59.0625,97.16877477233182,1335.0654993000471
6813,-31.738394244764436,-61.171875,91.48249098895336,152.45021819021366
6814,-28.291548862929403,-64.6875,96.34506675922374,456.41641779784857
6815,-27.27961273597809,-60.1171875,98.25839163302452,1328.0618792692658
6816,-34.590574976176626,-61.171875,100.41118872338038,24912.979644720333
6817,-35.68533471265205,-59.41406250000006,92.2811020374745,13.041145036443503
6818,-34.590574976176626,-58.359375,97.91892643550625,9689.792193136785
6819,-33.152887928619876,-60.46875,90.45412427631989,14927.988475970187
6820,-24.953020787727496,-65.39062500000006,100.96606757657108,1195.6975828220839
6821,-43.804487962974946,-65.48780487804879,87.29596058360187,16307.308426352347
6822,-36.423573642331164,-61.52343750000006,95.33058429839637,212.93855950514896
6823,-30.69158768492234,-60.8203125,96.17450321045514,20860.4856591393
6824,-46.9649773399548,-67.69565217391306,96.59199100593972,1872.7189379988836
6825,-34.22886632781257,-60.1171875,88.74956014723247,1.0
6826,-33.86870460165652,-61.171875,100.30643649334381,10041.109535448055
6827,-35.318772903011535,-59.0625,89.521104726578,398.9426644924314
6828,-36.79533013738012,-60.46875,95.61919977364153,349.7582520675441
6829,-34.953865257188454,-63.6328125,89.99078889265161,832.6989847828728
6830,-27.6158819838447,-67.5,90.96868666899226,1.0
6831,-31.388166464348544,-63.6328125,94.48370860496078,367.7631938031483
6832,-39.8384399769991,-68.90625,92.53114322951366,4950.434750165067
6833,-28.630989836924357,-59.41406250000006,89.2670226438389,1.0
6834,-31.738394244764436,-63.984375,89.39687589996915,38.235602118272325
6835,-32.089951256280315,-60.1171875,92.54515180316523,1.0
6836,-32.44286613851179,-65.39062500000006,97.55901863774494,244.17935650216234
6837,-34.590574976176626,-62.578125,99.6619710204519,2142.88010118254
6838,-41.01449966573051,-63.6328125,88.20373710893732,4415.981033954286
6839,-28.971532223711293,-59.0625,92.1764338822983,19820.387842594646
6840,-27.27961273597809,-59.41406250000006,88.44636099750967,872.8950481626601
6841,-27.95318688338115,-55.1953125,86.97560988493429,14.294352507851084
6842,-39.065494664452615,-68.203125,96.20793543532088,14930.290450412374
6843,-34.590574976176626,-58.359375,95.31463304097336,3465.9944794183557
6844,-30.69158768492234,-69.25781250000006,89.30089001968284,840.3120030100797
6845,-36.79533013738012,-56.953125,90.11008991577404,1845.1716242949358
6846,-38.3009224658677,-63.28125000000006,87.22398662454414,14935.817179443859
6847,-37.9216507842918,-65.0390625,98.70952948261879,1909.7865495708038
6848,-39.45089470914607,-67.8515625,100.76689277658869,169.29856874319773
6849,-29.313198964168336,-59.41406250000006,88.96676928817259,1912.2323864883924
6850,-35.318772903011535,-58.359375,90.08504847387589,1.0
6851,-32.44286613851179,-58.359375,99.20768444843372,195.98340160325182
6852,-37.54432510382695,-57.65625000000006,100.119911174448,225.42888204899918
6853,-34.953865257188454,-58.7109375,92.56698247371096,1.0
6854,-35.68533471265205,-58.7109375,87.68661362880594,1.0
6855,-34.953865257188454,-63.6328125,87.51237626715472,1.0
6856,-27.95318688338115,-59.41406250000006,94.89345552675617,916.9912667429813
6857,-33.510056066253014,-65.7421875,92.1733593973667,4780.136055723415
6858,-51.64299443168207,-69.4660194174757,87.3457601148761,39863.05007084885
6859,-41.01449966573051,-65.7421875,95.03093177879857,136.74171438611046
6860,-24.953020787727496,-65.39062500000006,86.79095090529141,864.1694969392396
6861,-27.6158819838447,-54.84375,97.98141374071116,16883.463324105018
6862,-27.6158819838447,-65.39062500000006,90.95854932267966,1.0
6863,-34.953865257188454,-58.7109375,87.52581442166483,1930.0403881640314
6864,-37.168899655999454,-70.6640625,95.106298976196,2949.9085084728367
6865,-28.291548862929403,-55.54687500000006,92.24388019130474,1.0
6866,-33.152887928619876,-68.90625,100.75555757186571,8123.8114993986
6867,-37.54432510382695,-58.359375,94.44930682327087,4877.537064271976
6868,-34.953865257188454,-58.0078125,90.5549977130011,1.0
6869,-33.510056066253014,-66.4453125,96.90360035669062,1.0
6870,-33.86870460165652,-59.765625,90.5137230999015,1.0
6871,-33.152887928619876,-66.796875,99.76285976080963,119.5544154623689
6872,-30.69158768492234,-58.0078125,91.90672409388606,449.49257738898245
6873,-33.510056066253014,-58.7109375,94.5356188125446,661.2272696147918
6874,-34.953865257188454,-58.7109375,87.6858477037412,31.36304159529532
6875,-38.68218745348943,-68.5546875,92.66260214482212,11884.66083594608
6876,-34.590574976176626,-59.0625,98.67106633565938,169.13332515745677
6877,-35.318772903011535,-58.359375,98.26174704562378,1.0
6878,-27.6158819838447,-55.54687500000006,90.00838374235626,73.98321616312805
6879,-32.44286613851179,-58.359375,90.02724299902297,648.1842723741644
6880,-23.64331425576559,-64.6875,98.44053647526086,228.23741601344693
6881,-29.313198964168336,-67.14843750000006,100.18313486470282,39.44685907273742
6882,-34.953865257188454,-58.7109375,88.3728321359418,1.0
6883,-53.956782484817865,-68.1958762886598,93.01622823783312,4902.046882459652
6884,-26.944358180475746,-61.171875,91.35995903544293,43983.62701111583
6885,-32.089951256280315,-65.0390625,99.24161099949163,112.35538619079958
6886,-36.423573642331164,-60.1171875,88.19466390782215,188.8917482831354
6887,-28.291548862929403,-64.6875,89.86705956244205,882.0102643815403
6888,-33.510056066253014,-61.52343750000006,97.494032613293,1933.1099144732818
6889,-34.953865257188454,-58.0078125,87.69702968005747,204.28712534490165
6890,-34.590574976176626,-61.171875,93.66284490871503,9896.126863336018
6891,-27.95318688338115,-56.6015625,92.89798722676532,826.5195350157674
6892,-31.738394244764436,-68.90625,91.32037547044868,326.6714039811895
6893,-36.05358859962301,-63.984375,92.19805565609497,909.3908074038945
6894,-33.510056066253014,-62.2265625,94.23225840851666,20464.834762115894
6895,-22.993394314297802,-63.984375,89.28086483094445,4071.864866932608
6896,-35.318772903011535,-58.359375,94.86457875605508,1.0
6897,-24.62431835216408,-61.52343750000006,98.25842669996655,115.9782938590067
6898,-35.318772903011535,-60.46875,97.59786403443886,370.5714400559515
6899,-28.291548862929403,-64.6875,89.19033256010687,92.6888472502509
6900,-43.00863399423693,-71.64000000000004,89.13395264081548,1862.7095047105197
6901,-31.738394244764436,-64.6875,90.47818337021089,4930.7844062064905
6902,-31.388166464348544,-64.3359375,91.70650143599599,2320.410453967725
6903,-27.6158819838447,-58.359375,92.40248173393385,39910.721120803246
6904,-31.03924001039789,-64.6875,96.47039125447533,37.75192539269226
6905,-38.68218745348943,-58.7109375,87.78059964235574,9689.923282393254
6906,-54.72462840974654,-68.68421052631578,87.43916149294623,3053.440427016259
6907,-31.738394244764436,-64.6875,92.15890289431523,160.1343285802244
6908,-32.44286613851179,-63.28125000000006,96.72480338847372,2370.164469484815
6909,-34.953865257188454,-58.7109375,89.66964360117382,1.0
6910,-39.065494664452615,-68.203125,95.90251426520979,3891.9621575925694
6911,-34.22886632781257,-65.7421875,90.38877547293762,661.0468891371653
6912,-31.738394244764436,-58.359375,99.47110008833279,63.59408643476904
6913,-32.089951256280315,-61.52343750000006,99.62541983875687,918.0964297618418
6914,-34.953865257188454,-58.7109375,90.84023261329392,904.5594452040546
6915,-22.669609871750396,-63.6328125,90.06917852913466,1.0
6916,-34.590574976176626,-59.765625,92.44442325738807,1.0
6917,-31.738394244764436,-68.90625,90.18206367044762,286.78577223207776
6918,-36.423573642331164,-64.3359375,96.36386655862198,835.6108164319061
6919,-26.61009781073392,-54.4921875,98.57488917662579,9706.954885774589
6920,-33.86870460165652,-59.765625,96.3741832917706,15812.012563720977
6921,-32.79716829582364,-62.2265625,98.54859592146057,623.9142246037438
6922,-34.590574976176626,-59.0625,92.23368702735918,2942.931160214447
6923,-25.944479772370016,-54.4921875,89.2196360528447,300.2986912018103
6924,-33.86870460165652,-62.578125,97.29808289767898,2897.090345703495
6925,-33.510056066253014,-60.1171875,91.69769541754877,1.0
6926,-33.510056066253014,-60.1171875,96.3476546271625,173.27772997795216
6927,-34.22886632781257,-60.1171875,90.50463836184736,897.4913342781906
6928,-34.953865257188454,-58.7109375,88.16011290070162,1.0
6929,-36.79533013738012,-64.6875,100.99471163932553,1948.6133333636471
6930,-30.000000000000014,-62.2265625,89.21823623063747,5561.010906275415
6931,-37.168899655999454,-60.1171875,100.94172977667533,214.80679336161654
6932,-32.79716829582364,-58.7109375,100.79986427761936,320.8490395406979
6933,-26.276811557199977,-58.359375,98.08028579032333,6953.7706973469885
6934,-25.61308321640182,-57.65625000000006,96.17324884806305,3501.848485232185
6935,-31.388166464348544,-64.3359375,94.95045845380051,58.174100117294195
6936,-36.05358859962301,-63.28125000000006,99.17332547256974,105.06968355325202
6937,-34.953865257188454,-58.7109375,90.73870727667871,1391.3071410348143
6938,-36.05358859962301,-60.46875,93.2844938622199,829.5736849298985
6939,-33.152887928619876,-62.578125,95.56838085235526,1.0
6940,-32.44286613851179,-65.39062500000006,92.44275206689157,86.68378322536353
6941,-27.6158819838447,-59.0625,92.68270445927038,9870.393095442609
6942,-31.388166464348544,-64.3359375,91.26712023162561,1506.0531618808257
6943,-32.089951256280315,-59.41406250000006,94.74983851654163,37444.03601425984
6944,-26.61009781073392,-58.0078125,98.94217409969832,3059.086234076852
6945,-28.630989836924357,-64.3359375,89.76424690503839,18256.17628231883
6946,-34.22886632781257,-61.52343750000006,100.24796535206359,1.0
6947,-34.953865257188454,-58.0078125,96.60716991491056,3169.555509550198
6948,-54.72462840974654,-68.68421052631578,98.53207311949991,1.0
6949,-40.620185190672686,-71.71875,94.63100374324647,1205.000807411638
6950,-34.590574976176626,-59.0625,97.86092851407864,367.999950362068
6951,-32.089951256280315,-60.8203125,86.96192321826105,137.32828611912365
6952,-34.590574976176626,-59.0625,98.45702672958828,8295.24688534468
6953,-36.05358859962301,-63.28125000000006,87.52396596729511,7579.900606372381
6954,-27.27961273597809,-61.52343750000006,99.5325987443547,1.0
6955,-32.089951256280315,-61.52343750000006,100.9868289443406,873.851719168118
6956,-37.54432510382695,-59.0625,90.798578864657,168.49646826395104
6957,-31.738394244764436,-61.171875,89.85841054239606,244.05968728289196
6958,-33.86870460165652,-65.39062500000006,97.66808433318658,5010.9583948296
6959,-33.86870460165652,-60.46875,90.3159121102603,86.56579664464489
6960,-27.95318688338115,-59.41406250000006,99.16529894170934,18988.187403830503
6961,-31.738394244764436,-64.6875,88.48545424665025,1.0
6962,-31.388166464348544,-64.3359375,88.83336988095584,1020.009311087374
6963,-24.62431835216408,-65.7421875,100.82369671650395,1241.3230203711746
6964,-24.296477994805656,-64.6875,96.38506051078795,11.111349390687428
6965,-37.54432510382695,-68.90625,98.88728105319592,106.08347566347754
6966,-30.000000000000014,-58.7109375,91.19007674462051,5473.625399902147
6967,-33.152887928619876,-61.875,96.42358472583635,2990.4369450906215
6968,-31.03924001039789,-66.09375,95.19333780655555,111.77125891209354
6969,-41.01449966573051,-63.6328125,95.32498792783983,678.1728642502602
6970,-29.656013541178424,-66.796875,96.51168866189401,1.0
6971,-32.089951256280315,-60.8203125,94.91428279964157,1.0
6972,-38.68218745348943,-70.6640625,92.70590924147358,401.68799563730556
6973,-37.54432510382695,-57.65625000000006,90.56384031345705,1.0
6974,-27.95318688338115,-58.0078125,97.71151911871685,6124.37351030968
6975,-36.423573642331164,-56.6015625,90.02931433199056,1931.431216506464
6976,-32.44286613851179,-59.0625,96.65475112378031,19572.799944834587
6977,-32.79716829582364,-62.2265625,90.1049478665556,1696.1925015759457
6978,-27.6158819838447,-65.39062500000006,95.6581327539748,17519.16625730743
6979,-26.61009781073392,-66.4453125,97.42127967633004,821.2687149522967
6980,-34.953865257188454,-58.7109375,89.94834444717729,864.972106954673
6981,-32.79716829582364,-60.1171875,87.83122130817227,31858.940153116106
6982,-32.089951256280315,-58.0078125,88.9089144112054,905.0462844423047
6983,-34.953865257188454,-58.7109375,95.3670597119777,1.0
6984,-35.68533471265205,-64.3359375,98.92537970227544,1953.787006094902
6985,-27.6158819838447,-55.54687500000006,87.5993346564645,9898.932026049257
6986,-34.590574976176626,-64.6875,97.24679627914209,4101.667874523792
6987,-27.6158819838447,-64.6875,91.41665427878536,849.3047109614871
6988,-35.318772903011535,-59.0625,93.44961841312075,1219.6774950185886
6989,-34.953865257188454,-63.6328125,100.15840744351183,39946.94516540091
6990,-42.60980697763762,-71.78571428571428,91.28894281611994,1.0
6991,-26.276811557199977,-63.984375,93.24880728310217,1120.4279975606682
6992,-25.61308321640182,-59.765625,86.87402661861329,51.95419466502258
6993,-30.34518296958825,-59.0625,88.16566876578717,903.0968643517917
6994,-29.656013541178424,-65.39062500000006,90.37552912670115,872.0526147287839
6995,-29.313198964168336,-67.14843750000006,87.33334564455474,1.0
6996,-39.065494664452615,-62.578125,95.74947045326152,1.0
6997,-29.313198964168336,-60.1171875,92.66668261977023,885.4449277994329
6998,-30.000000000000014,-60.1171875,94.50938437686767,1.0
6999,-35.318772903011535,-58.359375,89.44186387958855,28.10911983127823
7000,-32.44286613851179,-62.578125,90.82270073946437,5538.173299686154
7001,-35.68533471265205,-58.7109375,96.23919302533842,109.14761455705606
7002,-25.944479772370016,-54.4921875,100.64735163430315,406.2499969787379
7003,-32.79716829582364,-60.8203125,87.68342232380878,17887.439201788166
7004,-24.62431835216408,-65.0390625,99.54016614145206,1.0
7005,-25.944479772370016,-60.8203125,94.93677590791143,200.7320414547064
7006,-39.065494664452615,-62.578125,94.74522396896567,870.9378952707352
7007,-27.6158819838447,-61.171875,93.78071771695937,2952.046961341097
7008,-33.152887928619876,-60.46875,87.97784519248863,9879.0821638925
7009,-32.089951256280315,-61.52343750000006,88.29028005686106,12523.80162625974
7010,-31.388166464348544,-60.1171875,95.29191222559744,3618.5464586948146
7011,-39.065494664452615,-67.5,91.41137152166226,1.0
7012,-24.296477994805656,-65.39062500000006,99.97214906646234,1.0
7013,-34.953865257188454,-60.8203125,92.37501963405934,192.0761191669539
7014,-43.40685848593699,-65.68548387096774,89.06159898268442,1.0
7015,-33.510056066253014,-60.8203125,96.98050700922012,1902.0484804798575
7016,-41.01449966573051,-70.6640625,90.78934133184897,959.6670527481748
7017,-25.282603043311994,-58.0078125,94.164208054167,1.0
7018,-32.089951256280315,-60.8203125,96.73454922834249,5644.823002256507
7019,-29.656013541178424,-66.796875,99.69892008804003,6.592959222547176
7020,-34.953865257188454,-58.7109375,98.05533198941677,283.4662022862009
7021,-47.357576233198984,-68.28947368421052,96.42179777687869,1134.5012898324558
7022,-29.656013541178424,-67.5,96.46945854551213,276.7859913659251
7023,-34.953865257188454,-65.0390625,100.40059947712602,305.0193890486079
7024,-27.95318688338115,-55.1953125,90.82130442579825,1.0
7025,-33.510056066253014,-58.7109375,50.007,218.21155564083773
7026,-32.44286613851179,-58.359375,90.51867817983418,3027.7391586017025
7027,-45.783967161775024,-69.02542372881356,89.93953342388704,12495.575365941368
7028,-34.22886632781257,-58.7109375,96.20968663327027,238.9123991292089
7029,-31.388166464348544,-58.7109375,95.78476976777537,262.9108496258168
7030,-27.27961273597809,-65.7421875,95.18180410095147,1872.118171983133
7031,-27.6158819838447,-56.25,86.96342584406655,18922.78036571406
7032,-28.630989836924357,-59.41406250000006,97.17427099065415,30.570048500209538
7033,-29.313198964168336,-60.1171875,91.1797405497892,302.29906175307127
7034,-37.9216507842918,-60.1171875,96.25713094002813,4113.061750429453
7035,-33.510056066253014,-60.1171875,94.63673385064835,874.0319090740488
7036,-33.152887928619876,-61.171875,91.43737423860239,1.0
7037,-27.27961273597809,-65.7421875,88.95606089758581,891.280668454414
7038,-38.3009224658677,-68.203125,88.35865178916931,1.0
7039,-34.953865257188454,-58.7109375,98.65848370954745,451.38073684558697
7040,-26.276811557199977,-66.09375,99.99029810480432,627.0535622995061
7041,-34.953865257188454,-58.7109375,96.02767262401088,9702.718379437993
7042,-33.510056066253014,-66.4453125,88.49435847892313,354.17296354856484
7043,-26.61009781073392,-65.7421875,92.30782638861997,46.77690424294942
7044,-32.44286613851179,-59.0625,97.17644606790721,1.0
7045,-32.79716829582364,-61.52343750000006,97.8655941168838,9682.14821586292
7046,-27.95318688338115,-67.14843750000006,88.71691069464208,1.0
7047,-41.41118863809925,-71.71875,50.007,268.3408985215797
7048,-37.9216507842918,-61.52343750000006,96.94290136258319,1.0
7049,-34.953865257188454,-59.41406250000006,91.64079533118762,3336.9658486370736
7050,-32.44286613851179,-58.359375,90.33149850817964,378.3688843106387
7051,-32.089951256280315,-61.52343750000006,86.84662611375815,143.81217165317676
7052,-34.953865257188454,-68.5546875,94.38994907381826,158.53818821248817
7053,-33.510056066253014,-65.0390625,98.95075212411659,7021.53070289915
7054,-25.944479772370016,-62.9296875,100.54967142423334,820.5624762251981
7055,-33.152887928619876,-63.984375,94.77220018217062,1930.897603349173
7056,-36.79533013738012,-64.6875,93.99662010995942,9855.07241045334
7057,-32.44286613851179,-58.359375,88.21771724412713,9879.541506145446
7058,-25.282603043311994,-58.0078125,94.5204604977977,111.00312760468503
7059,-36.05358859962301,-62.578125,91.98385264932561,19994.18097249837
7060,-28.291548862929403,-65.39062500000006,95.38388214117654,1.0
7061,-29.656013541178424,-66.796875,92.11218635606691,181.8134580374147
7062,-27.6158819838447,-54.84375,90.17957345451265,9848.622846812215
7063,-31.388166464348544,-64.3359375,88.36687644859236,40.48664490479308
7064,-35.318772903011535,-58.359375,91.06832766814036,38.45065103416475
7065,-33.152887928619876,-61.875,88.39215896759744,77.11840079293371
7066,-28.291548862929403,-64.6875,89.46913908424075,876.53693431974
7067,-38.68218745348943,-58.7109375,100.92791594802374,297.9901241068814
7068,-38.68218745348943,-58.7109375,92.92738529531276,2047.3762439232596
7069,-38.3009224658677,-57.65625000000006,94.26165644776484,9844.001737295459
7070,-28.971532223711293,-59.765625,99.2852311259726,1293.0174610404215
7071,-32.44286613851179,-61.875,101.03274815369976,1.0
7072,-51.64299443168207,-69.4660194174757,95.02298185411146,16815.132467676933
7073,-35.68533471265205,-60.8203125,98.36643026475221,27.208553513899794
7074,-24.62431835216408,-65.7421875,91.22386357707967,1.0
7075,-25.944479772370016,-54.4921875,90.94963748462253,1.0
7076,-32.44286613851179,-58.359375,92.31778766719842,829.7511987577738
7077,-39.065494664452615,-62.578125,96.36566425322206,1.0
7078,-33.510056066253014,-68.5546875,96.50672509063574,1.0
7079,-32.79716829582364,-59.41406250000006,91.07248031107359,73.72583426203693
7080,-26.944358180475746,-54.84375,88.93949592957293,49.67047319501092
7081,-34.953865257188454,-63.6328125,95.76489593343065,868.8168259001175
7082,-37.168899655999454,-60.8203125,88.8690556778002,4892.261402189065
7083,-31.738394244764436,-61.171875,94.9605884111169,2987.7320969012626
7084,-35.68533471265205,-58.7109375,96.67030473972476,24.579615311446435
7085,-43.40685848593699,-65.68548387096774,96.77502320805374,2.099605298013911
7086,-28.291548862929403,-64.6875,97.5075811261907,26063.383859327772
7087,-33.152887928619876,-61.171875,99.27393026497906,1.0
7088,-30.69158768492234,-67.8515625,93.77585336103876,9739.79207426953
7089,-36.423573642331164,-65.7421875,97.19412776219463,1.0
7090,-33.86870460165652,-62.578125,95.56509861224107,19850.172509392047
7091,-34.590574976176626,-59.0625,89.58725898864287,130.7420923353859
