,Unnamed: 0,Latitude in degrees,Longitude in degrees,Frequency(MHz),EIRP
0,0,41.41118863809925,2.109375,104.4,3462.4373547453465
1,1,36.79533013738011,-4.21875,104.55791336446862,5.0
2,2,38.3009224658677,-0.703125,107.58028827529466,4582.114008534341
3,3,39.45089470914606,-3.8671875,105.44419775310965,1323.0267634029003
4,4,42.60980697763761,-2.5,105.22921632138001,783.6634092833983
5,5,42.60980697763761,-2.5,106.41130998931521,1338.2523395569106
6,6,43.00863399423693,-3.240000000000009,107.56650126374,5833.0726275360985
7,7,37.54432510382694,-1.4062500000000568,106.67101381575787,826.7148374813896
8,8,39.45089470914606,-3.164062500000057,107.58330991151648,815.7675711605737
9,9,38.3009224658677,-6.328125,105.58477102166914,79717.86920694674
10,10,43.00863399423693,-6.840000000000032,106.76773905056909,3418.082492885639
11,11,36.42357364233115,-5.9765625,107.29561805693876,562.1961833519995
12,12,37.54432510382694,-3.515625000000057,105.76235970093447,1585.9834272992605
13,13,42.2103698396502,-8.149606299212564,105.17706907438165,465.1553957965818
14,14,42.2103698396502,1.062992125984252,106.9188030477871,67.74726406856703
15,15,42.2103698396502,1.062992125984252,105.99586575462232,895.2380971846327
16,16,41.81031489577859,-5.9765625,107.75236171387408,13228.915018271531
17,17,40.228184728061095,-3.8671875,107.50358960287768,14583.431506991728
18,18,41.01449966573052,1.7578124999999998,107.05683288381968,359.6643239676761
19,19,41.81031489577859,2.4609375,105.7735485873677,718.3435095474676
20,20,39.45089470914606,-1.0546875000000568,105.80346403817174,23.223411809599146
21,21,42.60980697763761,-3.2142857142857224,106.8151629522058,99687.59995874242
22,22,41.81031489577859,2.4609375,105.80525012363353,59491.16787189002
23,23,41.41118863809925,2.109375,105.55393494586129,1412.7512062113567
24,24,41.01449966573052,-3.164062500000057,104.95523496039296,4221.208651983308
25,25,37.921650784291785,-1.7578125,104.4,1609.0354261889556
26,26,42.2103698396502,-8.858267716535408,106.02517886955515,838.0929367503726
27,27,40.228184728061095,-4.5703125,107.21848434380676,5.0
28,28,39.45089470914606,-5.9765625,107.35671927214226,585.0019638380013
29,29,43.00863399423693,-3.960000000000037,106.74932363355735,1488.394691127768
30,30,39.45089470914606,-1.0546875000000568,105.35678857216153,1496.6101393801428
31,31,42.60980697763761,-1.0714285714285552,105.52165701983634,435.6977900196959
32,32,43.00863399423693,-2.519999999999982,106.35845592578654,19624.841315508387
33,33,36.79533013738011,-4.21875,104.4,5.0
34,34,36.79533013738011,-2.109375,105.78877969131102,668.3850544705101
35,35,37.54432510382694,-7.031250000000057,105.41811565217978,1536.5675853373873
36,36,41.81031489577859,-5.9765625,107.0355046945398,1555.2764190662065
37,37,42.60980697763761,-8.928571428571445,106.05408108946693,1410.1477795709766
38,38,38.68218745348943,-1.0546875000000568,104.93961864091945,187.6154044345101
39,39,41.01449966573052,-5.9765625,105.49057059074313,5.0
40,40,42.60980697763761,-4.64285714285711,106.30415242636282,1372.146653306523
41,41,40.62018519067267,-2.812500000000057,107.23865129800501,1212.488024628635
42,42,43.00863399423693,-4.680000000000007,106.39639119547243,5.0
43,43,37.16889965599944,-2.4609375,104.79625938140894,1579.226713157479
44,44,42.2103698396502,-1.0629921259842945,104.98489264570897,585.7474616190024
45,45,38.68218745348943,-6.6796875,106.04867570341777,1467.369988819953
46,46,41.81031489577859,-3.8671875,106.522158684003,4584.844636237724
47,47,40.228184728061095,-3.8671875,105.14866824913749,5.0
48,48,40.228184728061095,-1.0546875000000568,105.20400705566492,5.0
49,49,42.2103698396502,1.062992125984252,107.22418893728708,3596.1593253721426
50,50,36.42357364233115,-5.9765625,106.33008104859078,1293.6137860122078
51,51,37.921650784291785,-1.7578125,107.57483080999012,1562.7690259132246
52,52,36.79533013738011,-4.21875,106.75644981052048,4593.539045808072
53,53,37.16889965599944,-3.8671875,105.95322849237432,4203.518198053623
54,54,39.45089470914606,-3.8671875,105.82895131146795,39489.613681270166
55,55,37.16889965599944,-1.7578125,104.92737565481302,733.4448078680371
56,56,42.60980697763761,0.3571428571428571,106.58666123363457,646.6888335720515
57,57,42.2103698396502,3.188976377952756,105.04826819997182,488.3016775185404
58,58,43.00863399423693,-3.960000000000037,105.74464845345852,5.0
59,59,41.81031489577859,-2.4609375,104.62354491830092,800.5098498903665
60,60,41.41118863809925,-4.921875,106.03637636801423,192.06870516719604
61,61,41.81031489577859,1.0546875,105.96975049803976,9598.174390616254
62,62,37.54432510382694,-4.21875,107.18881680575309,819.8647986009944
63,63,41.41118863809925,1.40625,106.94908750922912,837.5113164983184
64,64,41.81031489577859,1.7578124999999998,105.2326043440315,393.28890275203446
65,65,40.228184728061095,-3.164062500000057,105.77970184651289,5.0
66,66,42.60980697763761,-3.2142857142857224,106.93427009075947,5.0
67,67,37.921650784291785,-1.0546875000000568,107.24845834472691,527.5250970668443
68,68,43.00863399423693,-2.519999999999982,107.12827907839895,5.0
69,69,36.42357364233115,-4.5703125,104.70939547961123,1285.083648812323
70,70,37.921650784291785,-3.164062500000057,104.4,7742.92373760465
71,71,42.2103698396502,-8.858267716535408,106.59532781739395,7773.836043115658
72,72,43.00863399423693,-9.0,107.24053771694449,1441.2894814735685
73,73,37.54432510382694,-6.328125,105.02953406465154,22.17984575325604
74,74,38.3009224658677,-7.031250000000057,105.23166331893466,5810.5746904343705
75,75,38.3009224658677,-0.703125,106.98795481516831,7824.437487539282
76,76,37.921650784291785,-3.164062500000057,106.54969035258384,5.0
77,77,43.00863399423693,-2.519999999999982,105.22627874879439,1675.8465923752556
78,78,41.41118863809925,1.40625,104.97143470491643,216.62207327350075
79,79,42.60980697763761,-6.785714285714278,106.6024722316231,4201.63538214749
80,80,37.54432510382694,-1.4062500000000568,107.19986245951206,99785.11992649258
81,81,39.45089470914606,-0.3515625,106.3304331734963,5.0
82,82,41.81031489577859,-1.0546875000000568,104.88282384475774,9253.741559093063
83,83,43.00863399423693,-2.519999999999982,107.24202136414799,1332.316597991975
84,84,41.81031489577859,-4.5703125,107.59944777225901,49800.41626021698
85,85,41.81031489577859,-2.4609375,105.41479591858095,603.738062338828
86,86,38.3009224658677,-0.703125,107.38030707643897,5566.099421388836
87,87,39.065494664452594,-3.515625000000057,106.17191882647046,5.0
88,88,37.16889965599944,-4.5703125,104.70934902281712,342.55106059309287
89,89,40.62018519067267,0.703125,106.68054707481163,5.0
90,90,42.60980697763761,-5.357142857142833,105.57059507352025,59230.34188226784
91,91,38.3009224658677,-4.21875,106.6457000553389,4359.806344371347
92,92,37.921650784291785,-5.9765625,106.22070194197973,5646.91022850347
93,93,39.83843997699909,-6.328125,105.44652969373665,19516.81231351728
94,94,37.921650784291785,-3.8671875,106.41733186175935,5.0
95,95,40.62018519067267,-2.812500000000057,105.38507862959538,458.51168475178025
96,96,40.228184728061095,-3.8671875,104.87375574234872,5.0
97,97,41.01449966573052,1.7578124999999998,107.73362093316759,21.04675756339517
98,98,43.00863399423693,-6.1200000000000045,105.96919715382482,69.01357758321267
99,99,42.60980697763761,-7.5,107.77527582192889,611.2318132640266
100,100,43.00863399423693,-5.400000000000034,107.60587075776768,170.24434564138377
101,101,39.065494664452594,-3.515625000000057,105.01746913934475,5.0
102,102,41.81031489577859,-3.164062500000057,105.81904895743676,5.0
103,103,40.228184728061095,-5.9765625,106.92014660946444,5.0
104,104,37.16889965599944,-2.4609375,105.45727111036076,49715.56585506288
105,105,42.2103698396502,-2.4803149606299257,105.28173565089523,3438.4778447495296
106,106,41.01449966573052,0.3515625,105.54787832536552,39726.87998806336
107,107,38.3009224658677,-0.703125,107.07339725921732,557.5267428254278
108,108,42.2103698396502,-6.023622047244089,106.83434386917874,195.5706756596136
109,109,43.00863399423693,-2.519999999999982,105.53387523350659,3748.91004656812
110,110,41.81031489577859,2.4609375,104.4,319.242254903303
111,111,42.60980697763761,-1.7857142857143344,105.34530427784918,249.8448993716638
112,112,36.79533013738011,-4.921875,107.4331427323113,77.12367114462333
113,113,37.54432510382694,-7.031250000000057,105.34832357462815,5.0
114,114,39.065494664452594,-4.921875,104.4,138.99652347142325
115,115,37.16889965599944,-5.9765625,104.4,394.3092778543778
116,116,37.921650784291785,-1.0546875000000568,107.52513910806988,1486.024320066605
117,117,42.2103698396502,1.7716535433070868,105.71520980595442,5.0
118,118,37.16889965599944,-4.5703125,105.9958128636614,20.307700036202547
119,119,40.228184728061095,-3.164062500000057,104.86042575988016,4272.075291184559
120,120,37.54432510382694,-7.031250000000057,107.06516817229304,5.0
121,121,37.16889965599944,-3.8671875,105.73272355129727,361.5751491054811
122,122,41.81031489577859,-2.4609375,107.60287876576709,5836.607274504097
123,123,42.60980697763761,-7.5,106.98544647883149,5.0
124,124,42.2103698396502,-6.023622047244089,107.59485251705831,5.0
125,125,41.01449966573052,1.7578124999999998,106.5917177445742,639.451213158799
126,126,37.54432510382694,-5.625,107.7714147208126,257.6861963687178
127,127,37.54432510382694,-1.4062500000000568,104.4,783.6872085157156
128,128,43.00863399423693,-8.279999999999973,106.19749874117032,4214.4864808799
129,129,40.228184728061095,-5.273437500000057,104.95551561320532,5.0
130,130,41.01449966573052,1.0546875,106.59719425861185,815.3080090602974
131,131,42.2103698396502,-6.732283464566933,105.51679477243655,677.8019807629832
132,132,42.60980697763761,-5.357142857142833,106.1724843595746,5.0
133,133,41.41118863809925,0.0,105.13566863797533,1336.4102454377987
134,134,36.79533013738011,-4.21875,104.9419075608128,183.35971630816687
135,135,41.81031489577859,-2.4609375,106.75503080986726,645.4794402286403
136,136,40.228184728061095,-3.8671875,106.08274440486616,5.0
137,137,38.68218745348943,-0.3515625,106.93605738133704,593.8161274676991
138,138,41.41118863809925,2.109375,107.29058194966522,268.1303430081926
139,139,36.42357364233115,-5.9765625,105.5209386908568,4419.475845838125
140,140,36.79533013738011,-2.812500000000057,106.83728114089003,5.0
141,141,42.2103698396502,-2.4803149606299257,105.48506075983921,518.8788978647491
142,142,40.62018519067267,-2.109375,107.1745696396725,591.7082233061374
143,143,41.81031489577859,-7.382812500000057,106.00899557682654,1638.6792483163908
144,144,41.81031489577859,2.4609375,105.39715248121685,803.5828142085292
145,145,43.00863399423693,-4.680000000000007,106.16138212719004,1465.729316943115
146,146,39.45089470914606,-1.0546875000000568,105.11510354907045,3579.8157512914304
147,147,40.228184728061095,0.3515625,106.69828070996921,5798.140850434961
148,148,43.00863399423693,-3.240000000000009,106.72433570787378,287.2730586548984
149,149,41.81031489577859,1.7578124999999998,106.69339107787162,737.2626026892958
150,150,37.16889965599944,-2.4609375,106.0785268380814,4615.091507269774
151,151,42.2103698396502,-3.897637795275557,107.24158083420939,79558.86792122226
152,152,42.60980697763761,-2.5,106.18450614567945,7878.975093836281
153,153,40.62018519067267,-4.21875,104.87544899520832,432.6705201717152
154,154,36.42357364233115,-5.273437500000057,105.78419526232852,5.0
155,155,42.2103698396502,-3.18897637795277,104.90354872744464,648.3290686800656
156,156,38.68218745348943,-3.8671875,105.4445759497079,2058.913509899781
157,157,37.921650784291785,-5.273437500000057,106.85829977132084,654.1382268279247
158,158,42.2103698396502,-3.897637795275557,106.88988100784692,636.9693273425099
159,159,38.3009224658677,-1.4062500000000568,106.31625523227905,4594.371592089612
160,160,41.41118863809925,2.109375,106.06653774859018,410.0222321165665
161,161,39.065494664452594,-6.328125,105.12236328885346,5760.420736990313
162,162,39.065494664452594,-4.921875,105.21896841016424,497.29485314535646
163,163,40.228184728061095,-3.8671875,106.55928681268503,324.3538144759572
164,164,42.60980697763761,0.3571428571428571,104.88504106475602,583.5857047552254
165,165,37.54432510382694,-2.812500000000057,104.78119536024614,3463.5862055751672
166,166,41.81031489577859,-2.4609375,105.49439911815956,5.0
167,167,42.2103698396502,1.7716535433070868,106.55096282358147,5.0
168,168,43.00863399423693,-3.960000000000037,106.83721897520704,29462.49567457442
169,169,39.45089470914606,-6.6796875,105.48270458059864,5.0
170,170,38.68218745348943,-1.7578125,104.4,791.5855936008347
171,171,43.00863399423693,-7.560000000000002,107.18256213085654,812.7758573612342
172,172,40.228184728061095,-4.5703125,106.43692642018344,648.7532061866905
173,173,42.2103698396502,-6.023622047244089,106.60474309471267,1398.4957118033817
174,174,39.065494664452594,-1.4062500000000568,104.8696137974891,70.20404937180342
175,175,42.2103698396502,0.3543307086614173,106.49315894487786,764.035037916454
176,176,38.68218745348943,-0.3515625,106.84048415279265,433.9616203579266
177,177,41.41118863809925,-4.921875,106.64986516428124,1449.1354644051517
178,178,36.79533013738011,-4.21875,104.8060059679501,5.0
179,179,42.60980697763761,-3.2142857142857224,104.94159613585448,797.3464091639325
180,180,41.41118863809925,0.0,106.58087064907897,5.0
181,181,42.60980697763761,-6.785714285714278,107.83583360399703,196.27982492116425
182,182,36.79533013738011,-6.328125,107.33049745243136,41.49286213647304
183,183,37.16889965599944,-5.9765625,105.25438141064247,5.0
184,184,42.2103698396502,-1.0629921259842945,106.18320144526596,4456.219471013698
185,185,38.68218745348943,0.3515625,106.72045963754734,214.5250054987068
186,186,37.54432510382694,-5.625,105.60325810899063,11663.356665649431
187,187,39.83843997699909,2.8125,107.2924237103043,39801.96724209026
188,188,40.228184728061095,-3.8671875,107.75184809904056,798.0469262938452
189,189,42.2103698396502,-3.18897637795277,105.99380562979796,5.0
190,190,42.60980697763761,1.7857142857142856,106.16002734493671,438.3049343282789
191,191,37.16889965599944,-3.8671875,106.67983360172708,3744.44520422204
192,192,37.16889965599944,-3.8671875,106.84064713883421,425.2154653386309
193,193,39.065494664452594,-5.625,105.48275786474686,5.0
194,194,41.41118863809925,0.0,104.8097066400589,771.5744160497625
195,195,41.41118863809925,1.40625,106.91171011609615,5530.591170395602
196,196,38.3009224658677,-1.4062500000000568,106.4714635392495,3730.07104514276
197,197,37.16889965599944,-3.8671875,106.6404381797892,5.0
198,198,37.16889965599944,-4.5703125,104.54411387418278,1482.3447147135262
199,199,37.921650784291785,-1.7578125,106.8780250454051,46.12734192296554
200,200,39.065494664452594,-2.109375,106.79862404842783,40.19568274649154
201,201,43.00863399423693,-1.8000000000000114,104.61515566704476,7633.060823236593
202,202,42.60980697763761,-1.7857142857143344,104.4,121.44968326993698
203,203,37.16889965599944,-3.8671875,104.56505866514858,156.51799482959058
204,204,39.45089470914606,-1.0546875000000568,105.54479823670756,5.0
205,205,43.00863399423693,-8.279999999999973,107.81109180656796,7578.891535058116
206,206,42.60980697763761,-8.928571428571445,104.85164708952507,3703.552852150328
207,207,38.68218745348943,-6.6796875,105.39386599644308,1346.3767406336117
208,208,43.00863399423693,-9.0,105.46698884162294,3366.6280472836443
209,209,42.60980697763761,-1.7857142857143344,105.96471424070496,5.0
210,210,40.228184728061095,-0.3515625,104.94286621625373,591.5110275568913
211,211,38.68218745348943,-0.3515625,106.5945564042064,383.7194581897255
212,212,39.065494664452594,-0.703125,107.63659529259972,5.0
213,213,42.2103698396502,-6.732283464566933,106.25594258630397,642.3635159848345
214,214,38.3009224658677,-4.921875,106.99077660836252,9590.00493274074
215,215,42.2103698396502,-3.897637795275557,106.51644910879193,5.0
216,216,41.81031489577859,-2.4609375,107.00052875342463,229.3839149898166
217,217,38.3009224658677,-0.703125,106.938091849727,12.64753528388486
218,218,39.065494664452594,-0.703125,106.6098047913281,91.691555729811
219,219,37.54432510382694,-1.4062500000000568,106.93893257023667,9412.97951723005
220,220,39.065494664452594,-0.703125,106.00833523531284,609.333260202426
221,221,39.83843997699909,-4.921875,106.39553021989963,606.0969881339407
222,222,42.60980697763761,1.7857142857142856,107.28658561782213,3448.691166281894
223,223,41.41118863809925,2.109375,105.34675889964262,5.0
224,224,41.81031489577859,0.3515625,106.8772686519945,644.4389334639603
225,225,42.2103698396502,-3.18897637795277,106.11340784812451,539.6865649065145
226,226,36.42357364233115,-5.273437500000057,106.56180156554029,902.8531204950772
227,227,41.41118863809925,-3.515625000000057,106.45271912058296,119457.72139785816
228,228,37.16889965599944,-4.5703125,105.58906741396585,3519.3192248945616
229,229,39.065494664452594,-6.328125,106.6915651021689,480.9472729591355
230,230,37.921650784291785,-1.0546875000000568,106.13816579645166,4476.547019266386
231,231,40.228184728061095,0.3515625,107.14579461064795,5.0
232,232,39.83843997699909,-3.515625000000057,105.9620366977497,5.0
233,233,40.62018519067267,-3.515625000000057,104.4,5.0
234,234,42.2103698396502,2.4803149606299213,107.2894701643118,355.8065548508533
235,235,38.3009224658677,-1.4062500000000568,106.20644546734998,687.077511628689
236,236,41.81031489577859,1.7578124999999998,106.20057743991252,1309.8683979865089
237,237,43.00863399423693,-6.1200000000000045,107.5656273155248,9444.214654984256
238,238,39.065494664452594,-1.4062500000000568,104.95874308107975,685.748454736535
239,239,42.2103698396502,0.3543307086614173,104.4,670.0605733077361
240,240,36.79533013738011,-4.21875,105.50571667849299,5.0
241,241,36.79533013738011,-3.515625000000057,105.16101376082707,5.0
242,242,37.16889965599944,-1.7578125,104.4,761.2876616490453
243,243,41.41118863809925,2.109375,106.18400778001579,554.6704313117709
244,244,43.00863399423693,-7.560000000000002,106.70806640820868,4604.854536979787
245,245,36.79533013738011,-5.625,107.59938678560069,5.0
246,246,41.01449966573052,1.7578124999999998,107.31223654655325,5.0
247,247,36.79533013738011,-2.109375,105.80334872044135,574.5311880458516
248,248,36.79533013738011,-2.812500000000057,105.20575298133265,89.96609165092605
249,249,37.54432510382694,-1.4062500000000568,104.91917060302569,5.0
250,250,41.81031489577859,3.1640625,105.25191693934303,1637.4589230918566
251,251,41.41118863809925,-4.921875,107.85897423304736,5.0
252,252,37.54432510382694,-1.4062500000000568,107.30530866897259,1289.490293347966
253,253,41.81031489577859,-2.4609375,105.44865963177678,202.49546815129813
254,254,42.60980697763761,-1.0714285714285552,107.36816483757731,5.0
255,255,39.83843997699909,3.515625,106.40061147451675,447.8205510194004
256,256,36.79533013738011,-4.921875,107.29786355147081,3774.003501000741
257,257,38.68218745348943,-0.3515625,106.937899917669,470.3913650623399
258,258,39.83843997699909,-4.21875,105.27544113590073,3370.6388023074965
259,259,42.60980697763761,-8.928571428571445,105.2200539148253,5.0
260,260,39.45089470914606,-1.0546875000000568,105.78395612730245,3545.765396094378
261,261,36.42357364233115,-4.5703125,107.79746837745667,88.55794569883683
262,262,42.60980697763761,-3.2142857142857224,105.18405234198326,1496.1957208329102
263,263,40.228184728061095,-3.8671875,106.44723601506026,788.0272347628497
264,264,37.16889965599944,-5.9765625,104.63209700898702,14585.954949535202
265,265,38.3009224658677,-0.703125,105.56852446530627,461.6661817169377
266,266,38.68218745348943,-0.3515625,107.45886612226215,5.0
267,267,38.68218745348943,-0.3515625,107.01930691369563,5.0
268,268,41.41118863809925,1.40625,105.9088057404121,4468.883320242992
269,269,41.81031489577859,2.4609375,105.42738745437626,712.9635731560675
270,270,37.54432510382694,-7.031250000000057,106.87129142071538,3565.446705400923
271,271,37.54432510382694,-7.031250000000057,105.36769898783135,82.0813565405256
272,272,37.16889965599944,-6.6796875,107.46335193726999,367.8732098757681
273,273,37.16889965599944,-1.7578125,104.90055721346344,5.0
274,274,40.228184728061095,-5.273437500000057,104.7658470597972,39509.45758707391
275,275,40.62018519067267,-0.703125,105.16224232682258,1467.6911332737145
276,276,37.921650784291785,-1.0546875000000568,104.88261548243474,19378.82805118377
277,277,39.065494664452594,-0.703125,105.56466432535362,162.32654406129652
278,278,38.68218745348943,-0.3515625,106.15346565960716,1298.899164062777
279,279,37.921650784291785,-1.0546875000000568,107.49197805606788,1499.5079762594864
280,280,37.16889965599944,-4.5703125,105.19061820772113,296.7622601327592
281,281,41.41118863809925,0.0,104.95386733638018,5577.396892009864
282,282,41.41118863809925,2.109375,107.30484388219645,24449.718224790468
283,283,42.60980697763761,1.7857142857142856,107.21911626361398,7804.724315203413
284,284,39.83843997699909,-3.515625000000057,105.47901873083144,1680.7570177338162
285,285,43.00863399423693,-4.680000000000007,106.51456281939072,193.23646673488528
286,286,41.01449966573052,-0.3515625,104.9801222119978,203.95800506593977
287,287,40.228184728061095,-3.164062500000057,105.45443081661,39574.24224692486
288,288,41.81031489577859,2.4609375,106.99555885926648,5.0
289,289,39.45089470914606,-6.6796875,107.24702254911463,1611.877774089863
290,290,43.00863399423693,-6.1200000000000045,107.60056017218571,1582.539502994196
291,291,43.00863399423693,-4.680000000000007,106.7098344068296,1332.4931797028685
292,292,37.54432510382694,-4.921875,107.11216805633096,79644.02698253839
293,293,41.41118863809925,1.40625,107.15770646998625,282.1179211077842
294,294,42.60980697763761,-3.928571428571445,104.42512255833054,354.6709811183512
295,295,40.228184728061095,-3.8671875,107.79110584824063,5.0
296,296,37.921650784291785,-3.8671875,105.03441696248049,563.1184903943115
297,297,42.2103698396502,-7.440944881889777,104.42356083457265,150.83919982514564
298,298,39.45089470914606,-0.3515625,107.55751328111522,363.4903317977976
299,299,43.00863399423693,-1.8000000000000114,105.44368829274691,4553.998666701976
300,300,43.00863399423693,-3.240000000000009,105.4041671241433,19444.90271293121
301,301,40.228184728061095,-3.8671875,104.85201611138781,5.0
302,302,40.228184728061095,-3.164062500000057,105.18219650535298,434.575496095566
303,303,39.065494664452594,-3.515625000000057,107.15143775978389,14336.312490820796
304,304,38.3009224658677,-1.4062500000000568,106.72160865515927,5.0
305,305,36.42357364233115,-5.273437500000057,104.95744974778367,5.0
306,306,40.228184728061095,-3.8671875,105.50696871503968,5.0
307,307,41.81031489577859,-2.4609375,104.57211683243695,841.850361172845
308,308,37.921650784291785,-1.0546875000000568,105.4380315963719,5.0
309,309,41.81031489577859,1.0546875,107.73328660889274,39737.801713312
310,310,41.01449966573052,-5.9765625,106.53197592258334,570.2806796578218
311,311,43.00863399423693,-2.519999999999982,106.5821305812113,670.5037137414502
312,312,43.00863399423693,-6.1200000000000045,106.93981944253166,113.67502043001596
313,313,36.79533013738011,-2.812500000000057,104.53574819413328,614.6206051631149
314,314,37.54432510382694,-2.812500000000057,106.13839124524903,1449.8727448693514
315,315,38.68218745348943,-0.3515625,104.98607205536375,3373.8822658545937
316,316,41.01449966573052,0.3515625,105.85054874310808,3395.301276896255
317,317,42.2103698396502,0.3543307086614173,106.56497971439371,810.1728661764612
318,318,42.60980697763761,-2.5,104.87605221322269,9354.358363289191
319,319,42.2103698396502,-2.4803149606299257,105.97458829022123,4364.594864847661
320,320,40.228184728061095,-0.3515625,104.61584587037035,3420.6132476524394
321,321,38.3009224658677,-3.515625000000057,104.4,5.0
322,322,38.68218745348943,0.3515625,106.1532685987395,5.0
323,323,41.81031489577859,1.7578124999999998,107.29680956284743,25.318923171359533
324,324,36.79533013738011,-2.812500000000057,106.10728130276934,1454.6906143580943
325,325,38.3009224658677,-0.703125,107.74351159944172,505.32808185702
326,326,39.83843997699909,2.8125,106.77918931556283,489.2509193061984
327,327,39.45089470914606,-1.0546875000000568,106.13909438574,7800.454284943765
328,328,41.01449966573052,1.0546875,105.87156401868813,7975.18408455101
329,329,42.2103698396502,-3.18897637795277,106.63505743348011,9423.635659544145
330,330,41.41118863809925,1.40625,105.78963354457491,287.27972136998983
331,331,37.921650784291785,-6.6796875,104.4,1537.081811574662
332,332,43.00863399423693,-7.560000000000002,107.14522846706143,178.1757159663102
333,333,42.60980697763761,-6.785714285714278,106.60938811415451,5.0
334,334,43.00863399423693,-3.960000000000037,105.2229972907042,5.0
335,335,43.00863399423693,-3.960000000000037,104.4,360.18690557778024
336,336,37.54432510382694,-1.4062500000000568,107.76881676343028,539.6361011226529
337,337,38.68218745348943,-0.3515625,106.19017333336959,4514.023128955527
338,338,40.62018519067267,0.703125,106.6561795299259,5.0
339,339,42.60980697763761,-8.928571428571445,104.78984401614588,1668.364535283857
340,340,40.62018519067267,-3.515625000000057,107.19521910808903,725.2516040782218
341,341,40.62018519067267,0.703125,106.15082025787488,220.3044071506476
342,342,42.2103698396502,0.3543307086614173,107.66610642604748,654.5963596427424
343,343,41.01449966573052,1.7578124999999998,107.3345617720729,251.2878187794579
344,344,41.41118863809925,-2.109375,105.73434931146741,843.4397863212314
345,345,39.45089470914606,-0.3515625,105.82962781198184,546.7432669262264
346,346,39.065494664452594,-4.21875,106.01779589198429,5.0
347,347,43.00863399423693,-3.960000000000037,104.90080701853486,5.0
348,348,41.41118863809925,2.109375,104.779123052723,753.1235075851914
349,349,39.065494664452594,0.0,105.33964000543034,9326.351861696696
350,350,40.228184728061095,0.3515625,104.903044921301,364.9649876711418
351,351,37.54432510382694,-1.4062500000000568,104.63459999948805,1662.6016856085269
352,352,39.065494664452594,-0.703125,107.7326814077304,1440.1401819091325
353,353,42.60980697763761,-1.7857142857143344,107.23679336409894,19330.993787816456
354,354,43.00863399423693,-2.519999999999982,106.16182999002986,4404.024731478096
355,355,39.065494664452594,-2.109375,105.78356584112434,789.5336024458709
356,356,43.00863399423693,-6.1200000000000045,107.7591726629408,1435.259782064932
357,357,39.83843997699909,-0.703125,106.085154520204,9268.424276180542
358,358,36.79533013738011,-4.21875,106.0424389505313,483.9703837596345
359,359,39.83843997699909,-4.21875,106.37591883725266,320.63892346010226
360,360,41.41118863809925,-4.921875,106.78097788199474,5.0
361,361,39.065494664452594,-1.4062500000000568,106.06985446896422,4465.49020913983
362,362,41.01449966573052,-1.7578125,107.59474774901291,3770.301655992067
363,363,40.228184728061095,-1.7578125,107.75985074448681,5.0
364,364,36.79533013738011,-4.21875,104.88212907983673,808.2824058956779
365,365,41.41118863809925,-4.921875,107.16727929256305,601.8584141326517
366,366,36.79533013738011,-2.812500000000057,106.55744442539687,5.0
367,367,37.16889965599944,-3.164062500000057,106.41060384491853,59466.34074777
368,368,42.2103698396502,3.188976377952756,104.59951898445551,31.126308547041678
369,369,43.00863399423693,-2.519999999999982,105.20684796054375,5.0
370,370,42.60980697763761,-8.928571428571445,105.5441477772677,841.1820276530698
371,371,43.00863399423693,-6.840000000000032,105.61973446555645,1680.1576160452055
372,372,42.60980697763761,2.5,105.26859430189393,5.0
373,373,38.68218745348943,-1.0546875000000568,106.90675587924916,1440.3086132529763
374,374,43.00863399423693,-2.519999999999982,105.02072528854912,726.782217079679
375,375,41.81031489577859,-2.4609375,104.82901544220829,5.0
376,376,37.54432510382694,-2.109375,105.78141045319228,5.0
377,377,43.00863399423693,-6.1200000000000045,106.1158969467218,792.0372628107182
378,378,37.54432510382694,-6.328125,106.37181315448052,242.03040357367152
379,379,41.81031489577859,2.4609375,105.86523439169342,19526.972321975445
380,380,42.60980697763761,-6.071428571428555,105.55735390956538,4379.297678226105
381,381,38.68218745348943,-0.3515625,106.55666325113886,59988.36050911703
382,382,39.065494664452594,-7.031250000000057,104.7994953163293,147.28110836653988
383,383,37.16889965599944,-5.9765625,104.5893340443741,39794.93065017104
384,384,38.3009224658677,-0.703125,106.38147894580806,541.9700725768055
385,385,37.921650784291785,-1.0546875000000568,105.86401729697153,374.16210431096056
386,386,41.81031489577859,2.4609375,106.87066100516162,5.0
387,387,42.2103698396502,0.3543307086614173,107.77131063221383,5.0
388,388,38.3009224658677,-0.703125,105.79428948106194,1539.941011199203
389,389,37.921650784291785,-1.0546875000000568,104.8066579146261,590.7893934838531
390,390,36.42357364233115,-4.5703125,106.19474767685685,61.66811573566713
391,391,41.01449966573052,0.3515625,107.33243771612389,1306.4005431422215
392,392,41.41118863809925,2.109375,107.5854648196424,129.68619868892682
393,393,37.921650784291785,-1.7578125,104.80574847926732,809.6985586513294
394,394,41.41118863809925,0.0,107.77998996747847,404.3532207237388
395,395,36.79533013738011,-4.921875,106.03207081575239,4432.397980015266
396,396,37.54432510382694,-1.4062500000000568,104.86351197886432,4400.881344764974
397,397,41.01449966573052,1.7578124999999998,104.41460799524033,626.3067305192307
398,398,38.3009224658677,-0.703125,105.96015158360022,382.68567802935263
399,399,38.3009224658677,-0.703125,105.63553899514159,413.00782689589767
400,400,42.60980697763761,-8.214285714285722,107.35172517845683,4235.559270809861
401,401,37.16889965599944,-3.164062500000057,104.87144602933935,324.2153250552754
402,402,40.228184728061095,-6.6796875,106.12818507639305,16.569136045019285
403,403,37.54432510382694,-4.21875,106.47963769842974,5.0
404,404,41.81031489577859,-2.4609375,105.564823170129,606.8169905594021
405,405,37.16889965599944,-3.8671875,106.32841474940017,635.0513754249282
406,406,41.41118863809925,-4.921875,107.2722888259207,5464.6182783246295
407,407,43.00863399423693,-7.560000000000002,105.3077475550157,48.02412927870844
408,408,37.16889965599944,-3.164062500000057,104.83507126275649,450.0877736105967
409,409,42.60980697763761,1.0714285714285714,104.59635591341167,4265.25676036715
410,410,41.81031489577859,-2.4609375,104.89770552302366,4433.185702685337
411,411,36.79533013738011,-4.21875,106.76018935318311,456.7075700332288
412,412,36.79533013738011,-4.21875,107.34090823617802,592.9748298821546
413,413,39.83843997699909,-4.21875,106.96938759297106,259.9237562165972
414,414,39.065494664452594,-6.328125,104.64532220852554,19359.98016291089
415,415,41.01449966573052,-4.5703125,104.4,5.0
416,416,41.81031489577859,2.4609375,107.20854397147355,19394.606922996623
417,417,41.81031489577859,-1.7578125,107.53478886853314,1515.5673794889865
418,418,38.68218745348943,-3.8671875,105.95117932581327,725.4660066669022
419,419,38.3009224658677,-0.703125,104.57911628264063,5.0
420,420,37.921650784291785,-1.0546875000000568,106.03259591045862,623.098685549858
421,421,37.921650784291785,-1.0546875000000568,107.31469738516356,499.0199420443927
422,422,42.60980697763761,1.0714285714285714,106.15381573964933,5.0
423,423,40.62018519067267,-2.812500000000057,106.36115751619504,1433.4017312932856
424,424,43.00863399423693,-3.240000000000009,107.36293405306738,39844.43049058345
425,425,40.228184728061095,-0.3515625,106.36217283359689,781.4569222541265
426,426,41.01449966573052,-5.9765625,104.4,1607.997360298791
427,427,37.16889965599944,-4.5703125,105.5189841578886,5.0
428,428,41.41118863809925,1.40625,104.7699769421028,517.1593409117448
429,429,42.60980697763761,-6.071428571428555,106.24468182068932,5.0
430,430,42.60980697763761,-2.5,105.53256214564955,1302.8858952676378
431,431,37.921650784291785,-5.9765625,106.17975969947241,19531.796684857887
432,432,39.45089470914606,-0.3515625,105.44744293515542,1449.4660585286008
433,433,42.60980697763761,-8.928571428571445,104.4,5.0
434,434,43.00863399423693,-1.8000000000000114,106.13831007369018,392.6214002557258
435,435,38.68218745348943,-0.3515625,107.05079671782433,760.3795250677804
436,436,43.00863399423693,-2.519999999999982,106.74348617518339,490.7166750075174
437,437,37.54432510382694,-4.921875,104.99168566105385,4543.760633505372
438,438,38.3009224658677,-7.031250000000057,104.4,4334.39385600566
439,439,43.00863399423693,-1.8000000000000114,104.93641067042103,1299.9986489056707
440,440,43.00863399423693,-1.8000000000000114,106.91851255506845,436.3110264251875
441,441,36.42357364233115,-4.5703125,105.0855633737556,136.0866785896635
442,442,41.41118863809925,2.109375,105.76718108861586,5.0
443,443,41.41118863809925,2.109375,105.74631707020245,393.2192294497971
444,444,37.54432510382694,-6.328125,106.40247710016769,508.9399601643333
445,445,36.79533013738011,-4.21875,104.60900160663071,1491.4968241361605
446,446,36.42357364233115,-5.273437500000057,107.45976890284498,1438.6393326563878
447,447,38.3009224658677,-0.703125,105.97425133733061,5.0
448,448,41.41118863809925,2.109375,105.45887391358174,476.1807819355349
449,449,43.00863399423693,-1.8000000000000114,106.40245373647954,5.0
450,450,37.921650784291785,-1.7578125,105.09723145032888,5.0
451,451,39.83843997699909,-7.031250000000057,107.6303142444758,4473.778314283809
452,452,41.01449966573052,1.7578124999999998,107.67961000732583,5.0
453,453,37.16889965599944,-3.164062500000057,106.75336767860051,519.9315413537186
454,454,42.60980697763761,-7.5,107.82477220129542,5.0
455,455,40.62018519067267,-3.515625000000057,107.95977604976764,7716.771641271264
456,456,43.00863399423693,-7.560000000000002,104.88474979594447,772.0418546986712
457,457,40.62018519067267,0.0,105.45568422812539,74.21726486842829
458,458,43.00863399423693,-3.240000000000009,104.98754029128965,672.1666659937621
459,459,42.60980697763761,-6.071428571428555,104.83635270221383,1658.0717393951506
460,460,42.60980697763761,-6.071428571428555,107.21108797679665,29757.049503595896
461,461,39.065494664452594,-0.703125,104.89178954135585,45.976878512670446
462,462,38.3009224658677,-0.703125,104.4,7825.843749435194
463,463,39.83843997699909,-1.4062500000000568,106.64165864637583,19410.68598627676
464,464,36.79533013738011,-2.812500000000057,104.54928625314615,9527.868778118856
465,465,41.41118863809925,2.109375,104.44468363415629,1370.57266846447
466,466,41.81031489577859,2.4609375,105.50762388786411,1353.833304203048
467,467,37.16889965599944,-6.6796875,104.4,490.7219364796757
468,468,42.2103698396502,-6.732283464566933,106.50363031171686,3383.598982762844
469,469,36.79533013738011,-2.812500000000057,107.77090832572564,724.9573621268783
470,470,43.00863399423693,-7.560000000000002,106.97138223449056,1496.3302094763028
471,471,36.42357364233115,-5.9765625,106.70754578468127,536.8934612478907
472,472,43.00863399423693,-3.960000000000037,105.42379641485357,1658.1019770115545
473,473,37.16889965599944,-4.5703125,107.84723438974837,4442.542339591943
474,474,40.228184728061095,-3.8671875,107.27773715781682,5.0
475,475,36.42357364233115,-4.5703125,105.81820993090338,4535.878402115887
476,476,43.00863399423693,-2.519999999999982,104.54183690663638,741.4209148711747
477,477,39.83843997699909,2.8125,106.08809868250272,5523.465609885292
478,478,36.79533013738011,-2.109375,104.87323369938802,542.0941302210948
479,479,40.228184728061095,-3.8671875,104.92788503353829,446.5202248315428
480,480,39.065494664452594,-7.031250000000057,105.80005393183681,9508.30605071258
481,481,38.68218745348943,-0.3515625,106.15603438763532,125.324479360812
482,482,41.01449966573052,-3.8671875,105.81705290478837,5516.361328549461
483,483,39.065494664452594,1.40625,106.58144966474455,638.5049647760957
484,484,39.83843997699909,-0.703125,107.66345352310292,693.5050725289266
485,485,37.16889965599944,-3.8671875,107.822763791459,273.3080852152001
486,486,43.00863399423693,-3.960000000000037,107.54709023174601,801.3053071066518
487,487,41.81031489577859,1.7578124999999998,105.95493752449923,316.5492639412479
488,488,36.79533013738011,-4.21875,106.61340584589391,5.0
489,489,37.16889965599944,-4.5703125,105.45990107447251,179.11948040173624
490,490,41.01449966573052,-3.164062500000057,105.90484859314653,5.0
491,491,39.45089470914606,-0.3515625,106.14449452715644,59366.36754698296
492,492,41.81031489577859,1.7578124999999998,104.5697950339699,39657.02284537352
493,493,42.2103698396502,1.7716535433070868,104.55651753401348,475.9905567097179
494,494,41.01449966573052,-0.3515625,106.92338432421909,1648.748472772328
495,495,41.41118863809925,1.40625,107.56459303489304,369.73879846226
496,496,39.83843997699909,-1.4062500000000568,105.1610823063839,1477.3428159890807
497,497,43.00863399423693,-2.519999999999982,104.77038671093248,4232.420010188221
498,498,36.42357364233115,-5.273437500000057,104.53947645612683,24389.179969973804
499,499,36.42357364233115,-5.273437500000057,104.60788841755756,485.23862179767457
500,500,38.68218745348943,-0.3515625,104.4,3629.553252043591
501,501,40.228184728061095,-3.8671875,106.22220844907599,163.44236275823667
502,502,41.81031489577859,-4.5703125,105.53169889900836,79672.9596433857
503,503,37.54432510382694,-6.328125,106.0212970873626,5.0
504,504,38.68218745348943,-1.0546875000000568,107.85471900103424,1275.1539633918574
505,505,42.60980697763761,-1.7857142857143344,106.36532527579443,1442.667759014589
506,506,37.16889965599944,-2.4609375,107.0819603443901,1528.0735086206787
507,507,37.54432510382694,-4.921875,105.1595365847281,5.0
508,508,36.79533013738011,-4.21875,106.5889906370314,19533.1772180261
509,509,38.3009224658677,-1.4062500000000568,104.82919625702026,5.0
510,510,39.45089470914606,-1.0546875000000568,107.04740221764472,1332.6842900004792
511,511,41.01449966573052,1.0546875,105.18519488675595,51.73639336333849
512,512,36.79533013738011,-4.921875,105.97812511641534,270.0749507281451
513,513,37.54432510382694,-1.4062500000000568,104.67686050925947,752.6898317470344
514,514,43.00863399423693,-3.960000000000037,104.4,516.2932756593915
515,515,43.00863399423693,-6.1200000000000045,105.4610576618063,5.0
516,516,41.41118863809925,2.109375,107.21772878831362,5.0
517,517,37.54432510382694,-7.031250000000057,105.63350453491825,518.0331146127177
518,518,36.42357364233115,-4.5703125,107.85033571427843,3422.4826816740665
519,519,42.60980697763761,-2.5,106.14722985012942,9262.355831112623
520,520,39.45089470914606,-5.273437500000057,106.07274095482528,5.0
521,521,41.41118863809925,-6.328125,104.56766418411583,472.2390303990217
522,522,36.42357364233115,-5.9765625,106.23940859232623,5.0
523,523,37.54432510382694,-2.109375,104.4,5.0
524,524,37.54432510382694,-2.109375,105.57343192100485,1449.289349705061
525,525,40.62018519067267,0.0,104.60687946382886,1271.9239245491497
526,526,41.01449966573052,0.3515625,104.8407008684782,5.0
527,527,41.81031489577859,1.7578124999999998,104.9572657375082,80.49879077012965
528,528,43.00863399423693,-3.240000000000009,106.1280847244185,5.0
529,529,37.54432510382694,-1.4062500000000568,106.90982947513349,4558.141369319208
530,530,37.54432510382694,-6.328125,104.93855669767206,59200.86909084436
531,531,36.05358859962301,-5.625,106.74485642864559,5.0
532,532,36.05358859962301,-5.625,107.80260494585657,74.46152566826555
533,533,39.83843997699909,2.8125,104.4,6287.341275252635
534,534,37.921650784291785,-3.8671875,104.68606731230608,11546.830096661766
535,535,36.79533013738011,-4.21875,104.59889803308403,520.7444435415168
536,536,37.54432510382694,-1.4062500000000568,105.46510490724229,5.0
537,537,42.2103698396502,-3.18897637795277,104.4,5.0
538,538,41.01449966573052,-4.5703125,107.77905604976502,802.9652210974273
539,539,42.60980697763761,-3.928571428571445,106.07341045032165,471.8571850535597
540,540,36.79533013738011,-3.515625000000057,105.03948404094085,5.0
541,541,39.45089470914606,-1.0546875000000568,105.2797272037687,819.9774291321264
542,542,42.2103698396502,-6.023622047244089,106.72320888517713,5.0
543,543,38.68218745348943,-3.8671875,106.62333908933654,3661.980706018384
544,544,39.45089470914606,-0.3515625,105.38786931289492,268.0511966578048
545,545,41.41118863809925,1.40625,106.84159579950963,5.0
546,546,42.60980697763761,-6.785714285714278,106.93538963886908,829.3038576757385
547,547,38.68218745348943,-3.8671875,106.54245795490525,480.6157373062476
548,548,40.228184728061095,-3.8671875,106.23646532205527,49916.33366686432
549,549,37.921650784291785,-3.164062500000057,107.82557019636808,748.5570258303796
550,550,40.228184728061095,-3.8671875,106.58146216810884,187.4887706051568
551,551,37.54432510382694,-1.4062500000000568,105.55468698139886,1592.093783682041
552,552,39.83843997699909,0.0,106.83811702196805,177.81109995734664
553,553,39.83843997699909,-6.328125,105.8136021469733,9352.682590005044
554,554,37.16889965599944,-5.9765625,105.52549303967713,438.6226417941807
555,555,41.41118863809925,-1.4062500000000568,105.07295363132963,758.9259858791338
556,556,42.60980697763761,-3.2142857142857224,104.4,5.0
557,557,43.00863399423693,-6.1200000000000045,107.85235440177347,532.6202299449935
558,558,38.3009224658677,-0.703125,107.3521515829943,4529.630661092739
559,559,39.45089470914606,-0.3515625,107.64027629664315,4234.834048427153
560,560,38.68218745348943,-0.3515625,106.95945215470711,55.97835245365322
561,561,42.2103698396502,-8.149606299212564,106.67265710814881,60.52514862394374
562,562,42.60980697763761,-3.2142857142857224,107.59866197155799,4363.463391941308
563,563,43.00863399423693,-7.560000000000002,106.07578906929584,15932.807947008512
564,564,41.41118863809925,1.40625,105.74655386520915,5.0
565,565,39.45089470914606,-6.6796875,107.55128381413682,576.3963014146357
566,566,41.41118863809925,-4.21875,107.41182905742942,348.1689271488772
567,567,41.01449966573052,-6.6796875,105.22887454802803,7579.200709423276
568,568,37.16889965599944,-3.164062500000057,104.45556606579204,5.0
569,569,41.41118863809925,0.703125,106.85496114974144,21.906371178945275
570,570,40.228184728061095,-4.5703125,107.50664076687832,3384.1597827993883
571,571,37.921650784291785,-1.7578125,105.42873242751327,5.0
572,572,41.41118863809925,-2.812500000000057,106.58611863823832,654.076615397083
573,573,39.45089470914606,-0.3515625,106.10757929936038,561.8546220239331
574,574,37.54432510382694,-1.4062500000000568,105.53514803504572,340.2838221125132
575,575,36.79533013738011,-4.21875,107.62162192797854,474.9244147377219
576,576,42.60980697763761,-2.5,104.91576742554244,722.4822434024776
577,577,36.79533013738011,-5.625,107.24127415344068,5.0
578,578,40.62018519067267,-3.515625000000057,106.16296721048295,799.3918211593354
579,579,42.2103698396502,-1.0629921259842945,107.53178565348388,4232.445238960086
580,580,41.01449966573052,-1.7578125,107.36103745482971,3445.390194817116
581,581,36.42357364233115,-5.273437500000057,107.31627081828834,5.0
582,582,40.62018519067267,-3.515625000000057,106.1511115187298,5.0
583,583,41.81031489577859,-1.7578125,105.09715960476154,169.24279264247792
584,584,39.065494664452594,-4.921875,107.2997417398698,409.17240232749134
585,585,42.2103698396502,-3.18897637795277,104.96689046500127,500.31375573318667
586,586,43.00863399423693,-2.519999999999982,104.4,1503.0907874109876
587,587,42.60980697763761,-3.928571428571445,106.03405091772237,5.0
588,588,42.60980697763761,-3.928571428571445,107.01845516818615,5.0
589,589,42.60980697763761,-2.5,106.38879731320104,470.0566740880226
590,590,42.60980697763761,-3.2142857142857224,107.5879304189745,1555.3598697035293
591,591,39.065494664452594,-2.109375,104.65287664233745,5.0
592,592,42.2103698396502,1.062992125984252,104.58586170253008,1388.797594076977
593,593,41.41118863809925,0.703125,106.65066031006556,147.68735744692444
594,594,37.16889965599944,-3.8671875,105.31213824986708,7824.320854658479
595,595,40.62018519067267,0.703125,107.6130790881776,8427.464156398883
596,596,38.68218745348943,-5.9765625,105.71389256433534,244.43121615946364
597,597,42.2103698396502,0.3543307086614173,104.7044887692544,70.63542556011647
598,598,42.2103698396502,2.4803149606299213,107.84228787977491,505.5228154192403
599,599,43.00863399423693,-3.960000000000037,104.792969075107,97.85101190452512
600,600,42.60980697763761,-1.0714285714285552,105.99981653947152,1481.205242856803
601,601,41.81031489577859,1.7578124999999998,105.48148525104199,4460.12290817224
602,602,42.2103698396502,0.3543307086614173,104.81835507457356,1483.3248201169788
603,603,42.60980697763761,0.3571428571428571,105.84948577544267,4441.206330399062
604,604,42.60980697763761,-5.357142857142833,105.27473304502607,479.3497651858002
605,605,41.01449966573052,-1.0546875000000568,104.89145578406257,5.0
606,606,42.2103698396502,-8.149606299212564,104.9859240054727,1677.4172604746248
607,607,41.41118863809925,2.109375,106.33048620144598,407.6222378255137
608,608,40.228184728061095,0.3515625,104.4,1477.8744945695294
609,609,38.68218745348943,-1.0546875000000568,104.59007077005097,175.6208517984398
610,610,43.00863399423693,-3.960000000000037,104.85015121841764,5.0
611,611,37.921650784291785,-1.0546875000000568,106.75911723202883,99502.52976965542
612,612,39.065494664452594,1.40625,105.99853420997212,5.0
613,613,43.00863399423693,-1.8000000000000114,106.2098334746522,79425.48874660357
614,614,37.16889965599944,-5.9765625,105.65210603886845,59317.82019824126
615,615,37.16889965599944,-1.7578125,107.83210346756547,3713.28982917034
616,616,43.00863399423693,-3.240000000000009,106.31963596114782,1442.4193198403711
617,617,41.81031489577859,1.7578124999999998,106.78387174300259,810.0191350575326
618,618,37.921650784291785,-1.0546875000000568,104.61855400927614,5859.202444907848
619,619,38.3009224658677,-0.703125,107.28765611943197,224.1633564176894
620,620,42.2103698396502,1.062992125984252,105.35842110552302,608.6239857158171
621,621,42.2103698396502,-8.149606299212564,106.02780934435985,1322.6190880152549
622,622,41.41118863809925,2.109375,105.47299214081855,505.3152566486934
623,623,40.62018519067267,-4.21875,107.59046953591557,535.1169002412724
624,624,39.45089470914606,-0.3515625,104.4,329.6522916299125
625,625,41.41118863809925,2.109375,106.13938026653766,785.193115597069
626,626,41.01449966573052,-1.0546875000000568,104.43582338862466,5616.009679516857
627,627,38.3009224658677,-0.703125,107.05960226369368,5.0
628,628,43.00863399423693,-4.680000000000007,106.97823893250774,19414.42317681243
629,629,42.2103698396502,-2.4803149606299257,105.89838619466731,1531.192021993603
630,630,38.3009224658677,-4.21875,107.30250389298081,4429.319066294417
631,631,37.16889965599944,-3.8671875,107.8367766104653,770.4877257204969
632,632,40.228184728061095,-5.273437500000057,106.53347625399307,3599.4555398513185
633,633,40.228184728061095,-3.8671875,104.55915448141208,5.0
634,634,42.60980697763761,-7.5,105.53850040830244,4375.327239780769
635,635,41.01449966573052,-5.273437500000057,107.30523248879408,5.0
636,636,40.228184728061095,-3.8671875,107.24509492327023,7885.248345091913
637,637,42.2103698396502,-3.18897637795277,104.91810299627086,99464.9582450106
638,638,41.81031489577859,1.0546875,104.8270193516004,236.11573193416385
639,639,41.41118863809925,2.109375,107.296143486661,19.82117069003604
640,640,43.00863399423693,-6.840000000000032,107.25235451682916,3486.7997968131385
641,641,41.81031489577859,-2.4609375,106.72903523076853,130.12065987074874
642,642,42.2103698396502,-8.149606299212564,107.60691197948934,5850.757787140118
643,643,41.81031489577859,-1.7578125,105.78975315542968,5.0
644,644,42.60980697763761,-5.357142857142833,105.40523170381492,5.0
645,645,37.16889965599944,-4.5703125,104.62354651801698,59402.354721462616
646,646,39.45089470914606,-5.9765625,105.16501935981016,1485.5595494398146
647,647,38.68218745348943,-1.7578125,106.62115415174353,5558.257083831079
648,648,37.921650784291785,-1.0546875000000568,107.39942188199696,314.2718295630414
649,649,40.62018519067267,-1.4062500000000568,107.18093925138453,1493.4743659816754
650,650,43.00863399423693,-1.8000000000000114,104.94080634801409,840.0746102033588
651,651,40.228184728061095,-3.8671875,104.56783496039614,1274.0207302055037
652,652,39.83843997699909,-0.703125,105.29877938369286,1511.5753575174158
653,653,38.3009224658677,-0.703125,106.65199319597757,805.5425236777476
654,654,41.01449966573052,1.7578124999999998,106.28882544692179,537.998891297945
655,655,42.60980697763761,-3.928571428571445,104.65959499235167,189.2540500099722
656,656,41.81031489577859,2.4609375,107.33173111386846,3512.413717768565
657,657,41.41118863809925,1.40625,105.5765829956419,61.024528263918384
658,658,39.065494664452594,-0.703125,104.94280402554082,1540.967601809336
659,659,39.83843997699909,-4.21875,106.14848631848379,79.25908922159907
660,660,41.41118863809925,1.40625,107.56826232086594,1340.3953610154217
661,661,36.42357364233115,-4.5703125,106.15217839164507,2786.055545977857
662,662,39.45089470914606,-1.0546875000000568,106.93636066793707,41.503421537185964
663,663,42.2103698396502,-3.897637795275557,104.4,5.0
664,664,42.60980697763761,-8.928571428571445,105.90825722816123,5.0
665,665,42.60980697763761,-2.5,105.77441404864479,1282.5400270448445
666,666,42.2103698396502,-3.18897637795277,104.9762129241196,5598.340409801476
667,667,42.60980697763761,-1.7857142857143344,107.73012311156268,5.0
668,668,42.2103698396502,1.7716535433070868,104.4,1666.0465505918903
669,669,41.81031489577859,2.4609375,105.75779827005978,358.14925528322823
670,670,42.2103698396502,0.3543307086614173,106.67810733859186,628.460973436367
671,671,37.16889965599944,-3.8671875,106.53851799442742,14447.49501217978
672,672,43.00863399423693,-1.8000000000000114,106.03822922705208,334.00881086422385
673,673,40.228184728061095,-3.8671875,106.7372559831845,604.3368326069354
674,674,41.01449966573052,0.3515625,107.08882001987033,5.0
675,675,36.42357364233115,-5.273437500000057,106.61051096849373,5.0
676,676,42.60980697763761,-7.5,107.75016266712647,144.4937832036389
677,677,41.41118863809925,-2.109375,104.76899018355849,5.0
678,678,36.79533013738011,-2.109375,104.94335559549184,1358.4857173023645
679,679,37.54432510382694,-1.4062500000000568,104.92126339442731,533.12701739098
680,680,37.54432510382694,-6.328125,104.53593894857806,755.7743517003298
681,681,42.2103698396502,-1.0629921259842945,105.3948636777114,5.0
682,682,42.60980697763761,-0.3571428571428896,104.4,240.9312665741251
683,683,38.68218745348943,-5.273437500000057,107.50984336594803,1455.5910118510526
684,684,36.79533013738011,-4.921875,106.9962981439359,39641.6074544628
685,685,39.83843997699909,3.515625,105.43476042660329,5.0
686,686,39.83843997699909,-4.21875,106.29589357599255,7892.745460379946
687,687,41.81031489577859,1.7578124999999998,105.68918708448828,808.3259675929628
688,688,37.921650784291785,-3.8671875,107.56100940221238,784.6220813843827
689,689,42.2103698396502,1.7716535433070868,107.23340405101264,668.2370866109246
690,690,41.81031489577859,-2.4609375,107.85366255384064,5.0
691,691,41.01449966573052,1.7578124999999998,107.51690185163878,5.0
692,692,40.228184728061095,-5.9765625,105.97522927069468,1267.3230887494378
693,693,42.2103698396502,-3.18897637795277,105.5499430198368,357.2193069060039
694,694,42.60980697763761,-6.785714285714278,105.35647480409001,9540.061524298606
695,695,39.45089470914606,-1.0546875000000568,104.95389790933545,496.9030136911899
696,696,41.81031489577859,2.4609375,105.56280621104673,5.0
697,697,39.83843997699909,-2.109375,105.99696674373413,1607.8942885036129
698,698,42.60980697763761,-2.5,106.64389433439749,234.2716107959796
699,699,40.62018519067267,-4.921875,105.74118837343605,714.3071171947238
700,700,40.228184728061095,-3.8671875,107.19552567716676,1557.3621566939528
701,701,43.00863399423693,-3.240000000000009,106.003524106162,9295.436723068438
702,702,41.41118863809925,0.0,106.73850803103007,3700.3401871952233
703,703,42.60980697763761,-3.2142857142857224,106.21143232711928,1493.1072365501789
704,704,43.00863399423693,-2.519999999999982,104.81879296120951,1502.8991619535586
705,705,36.42357364233115,-4.5703125,105.53832577745504,23758.218438844648
706,706,41.81031489577859,-2.4609375,104.60465219350517,240.65251556985243
707,707,37.54432510382694,-7.031250000000057,104.53920113368798,5.0
708,708,42.2103698396502,-1.7716535433071383,106.07096694853023,179.00572490251704
709,709,38.68218745348943,-1.0546875000000568,104.60971676763947,39.37916353166519
710,710,37.921650784291785,-5.9765625,105.27953867036553,1449.6361921926757
711,711,39.45089470914606,-4.5703125,106.61207101622868,1365.4771040049754
712,712,40.62018519067267,0.0,106.14755350108946,838.6473542501855
713,713,41.01449966573052,0.3515625,106.18480747107238,5.0
714,714,41.41118863809925,0.703125,106.08566413407777,1649.9670343733524
715,715,36.79533013738011,-4.921875,105.40160315422358,312.20837866409335
716,716,37.54432510382694,-4.21875,107.30956997569659,1459.2763641349138
717,717,36.79533013738011,-2.812500000000057,105.58905986159706,771.1968065816196
718,718,42.60980697763761,-3.928571428571445,105.33821992356872,361.7966864558142
719,719,38.3009224658677,-0.703125,104.91234118619909,5.0
720,720,36.79533013738011,-4.21875,107.3557373206789,5.0
721,721,42.2103698396502,1.062992125984252,105.69648571352982,4520.303822023167
722,722,43.00863399423693,-2.519999999999982,105.95786735126038,9556.31055074728
723,723,38.3009224658677,-0.703125,105.77374477171074,1413.5864744700873
724,724,39.83843997699909,-4.21875,106.1490489171294,5.0
725,725,37.54432510382694,-2.109375,105.86457274646739,488.5577368112188
726,726,42.60980697763761,-3.2142857142857224,105.40232584153142,1650.449268786979
727,727,37.921650784291785,-1.0546875000000568,104.60844364334513,3601.876729559101
728,728,42.2103698396502,-8.858267716535408,106.11641999654294,5.0
729,729,42.60980697763761,-1.7857142857143344,104.88982688832367,5.0
730,730,42.60980697763761,-1.7857142857143344,107.06955940991548,1600.168192236747
731,731,37.54432510382694,-6.328125,106.62611932912785,397.6058502191096
732,732,38.68218745348943,-6.6796875,105.2615837073815,133.87839940527317
733,733,40.228184728061095,-3.8671875,107.76133347295139,5.0
734,734,41.41118863809925,1.40625,107.83692823706444,741.4261725406226
735,735,37.16889965599944,-5.9765625,106.59575011330077,5625.034559853739
736,736,41.41118863809925,-4.21875,105.81761572124498,29735.581491341723
737,737,37.54432510382694,-6.328125,106.68648961455473,787.9602939426468
738,738,41.01449966573052,-5.9765625,107.19952353540812,694.1741934518784
739,739,41.41118863809925,2.109375,104.59144773486527,5.0
740,740,41.01449966573052,-1.0546875000000568,105.584289451707,757.1049647053708
741,741,41.81031489577859,-7.382812500000057,105.44633884654333,448.2366993530968
742,742,38.3009224658677,-0.703125,106.86089793239329,1285.9464732139454
743,743,40.228184728061095,0.3515625,105.11180071741457,464.23346781749234
744,744,42.2103698396502,-5.314960629921245,106.13766681593707,97.25064337058042
745,745,37.16889965599944,-3.8671875,104.92719910177745,5.0
746,746,41.41118863809925,-4.921875,106.07318374198456,289.9666335591793
747,747,40.228184728061095,-2.4609375,106.67705624894411,5.0
748,748,37.16889965599944,-3.164062500000057,105.8066456024128,5.0
749,749,39.065494664452594,0.0,104.56986044124639,69630.73789987648
750,750,42.60980697763761,-6.071428571428555,107.61735043236024,565.5058077965573
751,751,36.79533013738011,-4.21875,107.37667660343813,726.0139323027237
752,752,39.065494664452594,1.40625,105.04237915441978,7625.845478679951
753,753,41.81031489577859,-0.3515625,104.40969395732965,99683.82434466408
754,754,42.60980697763761,-3.2142857142857224,107.45361577689044,818.9936536026946
755,755,37.921650784291785,-1.0546875000000568,105.3997113219638,4310.147973756923
756,756,39.45089470914606,-0.3515625,107.3708339457257,321.016813664857
757,757,40.228184728061095,-3.8671875,104.8312441953697,266.2720951073416
758,758,37.16889965599944,-3.8671875,107.16501626483692,489.7949091977003
759,759,37.921650784291785,-1.0546875000000568,104.93584868567196,1481.5745799851522
760,760,42.60980697763761,-2.5,106.16307608211059,1510.5555896687451
761,761,41.81031489577859,-3.8671875,105.40704885634406,290.7956402616892
762,762,42.2103698396502,-2.4803149606299257,105.98996388154274,5.0
763,763,38.3009224658677,-0.703125,104.82510633635097,1361.5408898580108
764,764,43.00863399423693,-4.680000000000007,105.12952915214765,5.0
765,765,39.83843997699909,-4.21875,105.41952337218498,811.272682042476
766,766,37.921650784291785,-5.273437500000057,104.4,1544.163098891057
767,767,37.16889965599944,-5.9765625,105.0007036551473,1565.677553223927
768,768,41.41118863809925,0.703125,104.4,3392.149474337837
769,769,37.54432510382694,-4.921875,105.9838168236957,7613.761009973155
770,770,42.60980697763761,-7.5,104.84824526320394,667.6527145830262
771,771,37.54432510382694,-1.4062500000000568,107.26262383609163,1654.369461260436
772,772,42.60980697763761,-3.928571428571445,104.9283358378801,1321.9690071226037
773,773,41.41118863809925,-2.812500000000057,104.4,5.0
774,774,37.921650784291785,-1.0546875000000568,107.61402349795304,5.0
775,775,42.60980697763761,-2.5,106.77522733204302,211.5131593394384
776,776,42.2103698396502,-6.023622047244089,107.63967585064157,563.5492940529404
777,777,38.3009224658677,-1.4062500000000568,104.86124303231612,1315.7840577442769
778,778,38.3009224658677,-2.109375,105.49514126402377,5606.374114572978
779,779,39.065494664452594,-2.109375,107.31264946780433,5.0
780,780,38.68218745348943,-0.3515625,104.63266815300686,5.0
781,781,40.228184728061095,-3.164062500000057,105.4540005239323,39578.391076402055
782,782,42.2103698396502,-2.4803149606299257,105.94311819526534,5.0
783,783,41.41118863809925,0.703125,104.52293465306555,628.3927605498395
784,784,42.2103698396502,1.062992125984252,105.81279802229626,824.2043386854216
785,785,37.16889965599944,-2.4609375,105.45006263691899,743.3921292938905
786,786,39.83843997699909,-1.4062500000000568,106.11372284257409,5.0
787,787,41.41118863809925,-1.4062500000000568,106.4410162680846,5.0
788,788,41.01449966573052,-1.0546875000000568,104.91135417265004,5.0
789,789,36.79533013738011,-4.21875,105.36816510789781,824.24814708564
790,790,42.60980697763761,-2.5,104.58410979289185,748.8244383887388
791,791,39.83843997699909,-0.703125,104.79541575441063,80.31273354941143
792,792,40.228184728061095,-6.6796875,106.78910282348036,1377.6344135133995
793,793,39.45089470914606,-1.0546875000000568,106.7573555515791,4393.944107190423
794,794,43.00863399423693,-6.840000000000032,104.63727187106605,5.0
795,795,37.16889965599944,-5.9765625,105.03612963077424,664.3078003783704
796,796,36.79533013738011,-4.921875,105.55880687180282,1531.8586347221346
797,797,39.83843997699909,-4.921875,107.28441247228545,128.27557510562866
798,798,38.68218745348943,-0.3515625,104.65099760851987,271.5070028392142
799,799,37.16889965599944,-1.7578125,107.4578980870094,1305.405813695509
800,800,38.3009224658677,-6.328125,107.33787192870562,9261.933542858334
801,801,42.60980697763761,-2.5,106.73776052582764,4282.015382413119
802,802,39.83843997699909,-3.515625000000057,107.79623794140365,819.7540020693099
803,803,39.45089470914606,-1.0546875000000568,105.43206428892877,1654.2872509516487
804,804,41.01449966573052,1.7578124999999998,105.58537969909754,418.8515331375311
805,805,38.3009224658677,-0.703125,105.22217991302381,1387.1847565439573
806,806,36.79533013738011,-4.921875,106.08090683658979,605.8815187948874
807,807,36.79533013738011,-6.328125,104.90190128367482,5.0
808,808,41.01449966573052,-4.5703125,106.0001553554989,1569.049477092191
809,809,42.60980697763761,-6.785714285714278,107.38251565782798,770.9887084024477
810,810,36.42357364233115,-5.273437500000057,104.74759561451015,402.83677581027126
811,811,37.54432510382694,-2.109375,104.535525165855,9454.766650073128
812,812,42.60980697763761,-3.928571428571445,106.694201994183,5.0
813,813,37.16889965599944,-1.7578125,104.56052345520708,292.17404630302593
814,814,37.16889965599944,-6.6796875,104.73180502134315,5.0
815,815,40.228184728061095,-3.8671875,106.38594850471482,3496.064460908741
816,816,39.45089470914606,-6.6796875,106.74861886155568,1570.154262793238
817,817,41.41118863809925,-2.109375,107.20673002535048,332.40940855409707
818,818,43.00863399423693,-3.240000000000009,105.71868463964111,1491.0179496164803
819,819,41.81031489577859,-0.3515625,105.77931818131964,477.4205267809317
820,820,37.921650784291785,-1.0546875000000568,106.95932501653135,3414.290705109071
821,821,43.00863399423693,-9.0,105.26568933413864,583.9400323183315
822,822,41.81031489577859,-0.3515625,105.79102659774756,507.3072511346613
823,823,41.41118863809925,-2.109375,104.89309193828724,19423.028866065524
824,824,40.228184728061095,-3.8671875,106.855073656223,124.57507630244386
825,825,37.16889965599944,-1.7578125,107.16891238391429,5.0
826,826,41.41118863809925,0.703125,107.24864104132625,822.337864640563
827,827,41.41118863809925,0.703125,107.35088792497153,39780.99496342848
828,828,38.3009224658677,-0.703125,107.24779601840531,444.3233717638443
829,829,41.01449966573052,-3.8671875,106.16918749183128,5.0
830,830,42.2103698396502,-6.023622047244089,106.75347784977417,352.9493921324332
831,831,41.01449966573052,-3.8671875,106.34714600994825,678.5753577275003
832,832,42.60980697763761,-3.2142857142857224,106.00374265868936,5.0
833,833,42.2103698396502,0.3543307086614173,107.1352104512439,1438.4669438198805
834,834,40.62018519067267,-1.4062500000000568,106.7599702832779,99816.16342851592
835,835,41.01449966573052,1.0546875,104.75036455525719,579.4701697812574
836,836,37.16889965599944,-1.7578125,105.46634889250262,392.78243332490064
837,837,41.41118863809925,1.40625,105.85809131805769,486.13817870776927
838,838,39.83843997699909,-2.109375,106.47047919002118,5.0
839,839,39.065494664452594,-6.328125,106.03181535819527,7779.547654268425
840,840,43.00863399423693,-7.560000000000002,107.05125041064237,511.9631747369509
841,841,38.68218745348943,-6.6796875,106.74612452863344,461.5782057604021
842,842,42.2103698396502,0.3543307086614173,106.95048136243221,1443.2192575778386
843,843,36.79533013738011,-2.812500000000057,107.01321141059657,561.7199991943328
844,844,42.60980697763761,-2.5,106.84868076002314,1408.9343416431238
845,845,41.01449966573052,0.3515625,106.99431826679253,5.0
846,846,43.00863399423693,-1.8000000000000114,106.59507400249552,4323.936434043876
847,847,36.05358859962301,-5.625,106.17563650823156,19590.403286789544
848,848,40.228184728061095,0.3515625,105.5140958443013,1410.526124263003
849,849,39.45089470914606,-5.273437500000057,106.05907894487488,29600.26094517394
850,850,43.00863399423693,-2.519999999999982,106.30982449696799,5.0
851,851,38.3009224658677,-0.703125,107.2825000944118,626.427047972691
852,852,42.2103698396502,-8.149606299212564,106.13446507416191,1270.0005966961537
853,853,37.16889965599944,-3.8671875,105.49294304828749,817.2054759288328
854,854,42.2103698396502,-8.149606299212564,105.15275363306434,487.5236794789642
855,855,42.2103698396502,1.7716535433070868,107.29155412168163,349.7963368133282
856,856,43.00863399423693,-4.680000000000007,106.08759499221829,5.0
857,857,40.62018519067267,0.0,105.73866364246227,469.7492347178304
858,858,39.83843997699909,-5.625,105.7479949708154,5.0
859,859,43.00863399423693,-2.519999999999982,105.38762136027351,1666.6882028527757
860,860,37.921650784291785,-1.7578125,106.40437007739916,15.979158870205437
861,861,41.01449966573052,-3.8671875,104.57003535722647,5.0
862,862,40.228184728061095,-3.8671875,104.96418929045021,763.4934834671933
863,863,41.01449966573052,-5.9765625,104.802154415289,841.8812648611587
864,864,41.41118863809925,-2.109375,106.72085571594667,7598.695599343458
865,865,39.83843997699909,-6.328125,104.4,808.5095967048403
866,866,42.60980697763761,-2.5,106.32728782272171,368.8988035259831
867,867,42.2103698396502,1.062992125984252,107.29063962053014,4205.7356412953495
868,868,37.54432510382694,-1.4062500000000568,104.83003655790944,741.388657871959
869,869,36.79533013738011,-4.21875,106.3569563990462,5.0
870,870,41.41118863809925,2.109375,104.4,788.1534301014838
871,871,41.81031489577859,1.0546875,106.44052706091675,9406.99470400392
872,872,39.065494664452594,-1.4062500000000568,107.35673126116441,478.1070468572111
873,873,41.01449966573052,0.3515625,107.19354512968263,241.94824513937647
874,874,43.00863399423693,-6.1200000000000045,104.91354119172647,5.0
875,875,42.60980697763761,-2.5,106.38842845818947,5.0
876,876,38.3009224658677,-3.515625000000057,104.82547604827522,544.7820204199377
877,877,39.065494664452594,-0.703125,106.34381824544712,842.7043798997677
878,878,43.00863399423693,-6.1200000000000045,106.16662494849689,5.0
879,879,42.2103698396502,-6.732283464566933,105.1688735235257,19563.28950614269
880,880,42.2103698396502,-5.314960629921245,107.70332483349407,3405.3745020474857
881,881,38.68218745348943,-3.8671875,107.80753376342746,826.1431845100954
882,882,43.00863399423693,-6.840000000000032,105.5009387882175,4486.319805311345
883,883,42.60980697763761,-8.214285714285722,107.29025921069872,5.0
884,884,37.921650784291785,-1.0546875000000568,104.56126504847924,625.3712758858824
885,885,42.2103698396502,1.062992125984252,105.40225434841332,1354.6486881576582
886,886,39.065494664452594,-0.703125,106.17228986508685,4488.68388666313
887,887,42.2103698396502,-3.897637795275557,105.17737270365635,3630.918947225725
888,888,42.60980697763761,-8.928571428571445,107.3215433269215,192.21520729343956
889,889,42.2103698396502,-3.18897637795277,104.98831490304674,19601.308835989064
890,890,38.3009224658677,-1.4062500000000568,105.157099302186,5.0
891,891,37.54432510382694,-1.4062500000000568,104.4,7649.964676833506
892,892,37.54432510382694,-4.21875,107.28502404953005,39837.12459030323
893,893,41.41118863809925,-2.812500000000057,107.18057183905574,5.0
894,894,38.68218745348943,-5.273437500000057,105.09259243154445,1629.8811518789676
895,895,42.2103698396502,-8.149606299212564,106.04908508540498,5.0
896,896,41.81031489577859,2.4609375,105.34156153580402,494.7675332102313
897,897,37.16889965599944,-3.8671875,106.04778562439552,697.5061655056566
898,898,43.00863399423693,-7.560000000000002,104.4,815.2095138297245
899,899,43.00863399423693,-1.8000000000000114,105.29467710901007,19458.0263223828
900,900,42.2103698396502,-8.149606299212564,105.46899004786611,1480.806768541284
901,901,43.00863399423693,-6.1200000000000045,106.14300710249653,633.4893332447053
902,902,42.2103698396502,1.062992125984252,104.4,4279.263434048433
903,903,39.83843997699909,-1.4062500000000568,107.79411167556263,29422.239852321534
904,904,41.01449966573052,1.7578124999999998,107.01560585998439,5.0
905,905,37.16889965599944,-3.8671875,106.5546455287736,59554.55284257099
906,906,37.54432510382694,-5.625,106.63519991659774,5.0
907,907,41.41118863809925,0.703125,105.44930816821639,4331.257433371851
908,908,42.2103698396502,-1.0629921259842945,105.25576786392683,200.64887572259903
909,909,41.41118863809925,-6.328125,106.37233965651383,5.0
910,910,39.45089470914606,-6.6796875,106.60637554509663,557.7373318894943
911,911,41.81031489577859,1.0546875,104.8990839838573,1396.135589861374
912,912,39.065494664452594,0.0,106.95769222524517,450.01566757268535
913,913,41.01449966573052,0.3515625,104.92033565042362,5.0
914,914,39.83843997699909,0.0,106.92972381760066,1233.0779322952262
915,915,41.01449966573052,1.7578124999999998,106.34118735368126,9326.211491585913
916,916,41.81031489577859,3.1640625,107.09335009711457,454.155133330484
917,917,36.79533013738011,-4.21875,107.3834114111799,35.353831722555896
918,918,37.921650784291785,-5.273437500000057,106.67137615697683,562.7147145051845
919,919,42.60980697763761,-3.2142857142857224,104.72693061816018,5.0
920,920,37.16889965599944,-6.6796875,107.18957661815901,4398.579709193427
921,921,40.62018519067267,-4.21875,106.1490413188712,4463.169958052694
922,922,37.16889965599944,-3.8671875,106.72969182601705,828.6605729892271
923,923,37.921650784291785,-1.0546875000000568,107.2951122969841,388.5838936780805
924,924,41.01449966573052,1.7578124999999998,106.37244584192358,3760.771269866642
925,925,43.00863399423693,-6.1200000000000045,104.97134496440135,767.737858698634
926,926,41.81031489577859,1.0546875,106.93672376865301,4458.66214141135
927,927,40.228184728061095,-3.164062500000057,107.82598362895638,1358.7354940374216
928,928,39.065494664452594,-4.921875,107.25253690753132,3638.3684970131726
929,929,42.2103698396502,-1.0629921259842945,105.76798438363058,1116.7885156464577
930,930,42.60980697763761,-3.2142857142857224,106.59050059811273,510.71122001440233
931,931,37.54432510382694,-2.812500000000057,106.69162966553465,29749.45085941219
932,932,36.42357364233115,-5.273437500000057,106.67402852193914,742.9155583350582
933,933,40.228184728061095,-3.8671875,107.60881912257557,1279.824452692101
934,934,42.2103698396502,0.3543307086614173,104.80040125174244,46.084407806179634
935,935,41.81031489577859,1.7578124999999998,104.91171067221951,1341.3548268101663
936,936,43.00863399423693,-6.840000000000032,106.01453219268463,798.6818388439098
937,937,37.16889965599944,-1.7578125,105.12368167890229,5.0
938,938,42.60980697763761,-6.071428571428555,106.77470483042235,5.0
939,939,39.83843997699909,-3.515625000000057,105.53305062820839,1277.6393053256018
940,940,41.81031489577859,1.7578124999999998,105.9957779522418,3473.498454103262
941,941,39.83843997699909,2.8125,107.79684306852938,710.5235022817062
942,942,39.065494664452594,-0.703125,105.77034160315499,62.31636038230816
943,943,37.54432510382694,-4.21875,105.03925297024526,1463.663387256869
944,944,42.2103698396502,-8.149606299212564,104.9833217427687,5.0
945,945,43.00863399423693,-7.560000000000002,104.52582343133861,561.3547637466323
946,946,42.60980697763761,-3.2142857142857224,104.98025541017864,5.0
947,947,37.16889965599944,-3.8671875,104.4,5.0
948,948,37.16889965599944,-5.9765625,104.50281181744678,5.0
949,949,39.45089470914606,-4.5703125,104.4,460.5406434355076
950,950,39.45089470914606,-3.164062500000057,104.4,5.0
951,951,38.68218745348943,-6.6796875,105.14015395629862,480.8151220092226
952,952,42.2103698396502,0.3543307086614173,107.17663936345193,689.1379711535518
953,953,37.16889965599944,-1.7578125,107.82385792911485,637.176749788856
954,954,41.01449966573052,1.0546875,105.96458448249061,453.3664465840845
955,955,41.41118863809925,-4.921875,106.63457144168474,4604.481699040406
956,956,40.228184728061095,-3.8671875,104.81367743545245,5.0
957,957,43.00863399423693,-3.960000000000037,105.38404821968673,678.145759697835
958,958,42.60980697763761,-1.7857142857143344,106.85415580427942,5.0
959,959,38.3009224658677,-0.703125,105.5084075462663,5.0
960,960,43.00863399423693,-1.8000000000000114,104.4,802.8115741954839
961,961,39.45089470914606,-2.4609375,105.09576315579268,788.4604162888428
962,962,42.2103698396502,-3.18897637795277,105.40861064899916,7696.129016083465
963,963,41.41118863809925,-4.921875,105.1357851202039,773.5655195021741
964,964,41.81031489577859,2.4609375,105.4096930523131,39450.45402418326
965,965,41.41118863809925,1.40625,106.77982405177836,5.0
966,966,38.3009224658677,-2.109375,104.4,5.0
967,967,41.81031489577859,-8.0859375,105.06669983283412,5.0
968,968,39.83843997699909,-4.921875,107.2327039407569,5.0
969,969,40.62018519067267,-6.328125,104.8701552573307,743.2013700537502
970,970,38.68218745348943,-6.6796875,107.67638366128203,1400.9703393664734
971,971,36.79533013738011,-4.21875,106.33675143709848,5.0
972,972,38.3009224658677,-0.703125,104.6293295085668,23773.18787598376
973,973,42.2103698396502,-7.440944881889777,107.32927675061192,5484.300882701082
974,974,43.00863399423693,-5.400000000000034,105.03823047440173,242.68864144436557
975,975,41.81031489577859,0.3515625,104.82429690257752,5.0
976,976,39.45089470914606,-5.273437500000057,107.73296169357698,5.0
977,977,43.00863399423693,-3.240000000000009,106.11456068639663,5.0
978,978,40.62018519067267,-2.109375,105.6675215176189,5.0
979,979,39.45089470914606,-4.5703125,105.19848769917944,701.672822454525
980,980,41.81031489577859,-0.3515625,104.79653316548128,111.5800393225408
981,981,37.921650784291785,-3.8671875,105.88988128606499,401.59228348585646
982,982,42.60980697763761,-7.5,107.80685350328594,79565.88589449474
983,983,43.00863399423693,-2.519999999999982,106.05366139328515,1516.9074290719404
984,984,38.3009224658677,-1.4062500000000568,106.09003245975421,24721.50128395095
985,985,40.62018519067267,-2.109375,107.84102251967671,5.0
986,986,38.68218745348943,-1.0546875000000568,104.4,452.1875728005301
987,987,41.01449966573052,1.7578124999999998,105.45531065696316,767.8197483956094
988,988,42.2103698396502,-3.18897637795277,106.64575943694634,5.0
989,989,37.54432510382694,-4.921875,106.91597393374637,5.0
990,990,37.921650784291785,-1.0546875000000568,107.26144456773255,1475.3712625925632
991,991,38.68218745348943,-0.3515625,105.72996976954161,1389.740349758881
992,992,41.81031489577859,1.7578124999999998,105.70616054258348,504.580700985003
993,993,39.45089470914606,-6.6796875,107.57351038801912,648.7890757053382
994,994,41.41118863809925,1.40625,105.47902849410836,513.0921586814865
995,995,42.60980697763761,1.0714285714285714,105.60808258292967,5.0
996,996,37.16889965599944,-1.7578125,104.98600202751376,342.7901012026212
997,997,42.60980697763761,-3.2142857142857224,106.1353341531887,5.0
998,998,36.79533013738011,-4.21875,107.54271783384826,5.0
999,999,41.01449966573052,-5.273437500000057,106.16981711827087,29695.360642277
1000,1000,42.2103698396502,1.062992125984252,106.96488051249531,1219.9470595771731
1001,1001,40.228184728061095,-3.164062500000057,105.56214980624064,1649.6026324417846
1002,1002,37.16889965599944,-5.9765625,105.85422797330705,291.1166865776348
1003,1003,38.3009224658677,-0.703125,107.59041890099205,472.3180735023753
1004,1004,37.921650784291785,-1.0546875000000568,106.60691351163527,88.53384691597802
1005,1005,39.065494664452594,-0.703125,106.56511362240421,5.0
1006,1006,38.68218745348943,-0.3515625,104.87966063964748,5.0
1007,1007,37.54432510382694,-1.4062500000000568,105.74708916058552,3742.708262907166
1008,1008,42.2103698396502,-2.4803149606299257,106.58063330795264,1496.6526073777993
1009,1009,40.62018519067267,-4.21875,104.79745447158724,753.5499662978483
1010,1010,42.2103698396502,-6.732283464566933,107.05652961777433,622.1727431581949
1011,1011,36.42357364233115,-4.5703125,106.98178347475881,9614.384515509166
1012,1012,36.79533013738011,-4.21875,104.88402746400489,5.0
1013,1013,43.00863399423693,-3.960000000000037,105.37173314177794,201.33601878243184
1014,1014,38.68218745348943,-0.3515625,106.88558398864714,380.4096981003542
1015,1015,36.79533013738011,-6.328125,107.27714124197676,3622.611070195687
1016,1016,42.2103698396502,1.062992125984252,107.50791323257967,99498.45273783746
1017,1017,39.83843997699909,-4.921875,107.55896722303665,98.20981912215136
1018,1018,37.16889965599944,-1.7578125,104.4,7636.810791104466
1019,1019,43.00863399423693,-4.680000000000007,107.64399717826277,4510.421193596259
1020,1020,38.68218745348943,-0.3515625,105.49896962845588,56.85345626850595
1021,1021,41.81031489577859,-8.0859375,105.54543493540427,483.6298582187437
1022,1022,36.79533013738011,-6.328125,105.39902702761732,502.539898845195
1023,1023,36.42357364233115,-5.9765625,107.05498350914908,59360.3098906944
1024,1024,36.79533013738011,-4.21875,106.39353111132445,5.0
1025,1025,40.62018519067267,0.703125,106.0824922329757,3755.7933520297374
1026,1026,37.54432510382694,-1.4062500000000568,107.54437685383051,339.74542933766173
1027,1027,37.54432510382694,-2.109375,106.14133276324552,1656.2282946199566
1028,1028,41.81031489577859,-2.4609375,106.76199256243089,521.4460001299185
1029,1029,37.54432510382694,-4.21875,104.56112407279014,811.0299213756152
1030,1030,43.00863399423693,-4.680000000000007,107.36867710202739,4532.369915124479
1031,1031,39.45089470914606,-4.5703125,104.4,4218.466517507281
1032,1032,42.2103698396502,-6.023622047244089,104.4,5864.240120348796
1033,1033,42.60980697763761,-5.357142857142833,107.00067200651715,5.0
1034,1034,43.00863399423693,-2.519999999999982,106.09529730153011,1540.0586092238052
1035,1035,38.68218745348943,-0.3515625,105.98423088873048,5.0
1036,1036,41.41118863809925,0.0,107.00254870158885,513.7789862184761
1037,1037,38.3009224658677,-1.4062500000000568,107.76599090982731,756.5848863989041
1038,1038,43.00863399423693,-2.519999999999982,104.84117283204094,489.8603129791893
1039,1039,41.81031489577859,-3.164062500000057,106.1517850282807,703.5930104922043
1040,1040,40.228184728061095,-3.164062500000057,104.4,99741.9317537194
1041,1041,37.921650784291785,-1.0546875000000568,107.3814466983056,5.0
1042,1042,41.81031489577859,-2.4609375,105.36461411251234,1490.39892267452
1043,1043,39.065494664452594,0.0,104.77934895645335,477.5370931133848
1044,1044,37.16889965599944,-4.5703125,106.33983606828502,5.0
1045,1045,39.45089470914606,-0.3515625,107.21213220008725,5.0
1046,1046,42.2103698396502,-4.606299212598401,104.4,27354.29766178793
1047,1047,43.00863399423693,-6.1200000000000045,107.07621486070082,7721.090250395743
1048,1048,37.16889965599944,-5.9765625,105.4701697535397,9392.945213290925
1049,1049,43.00863399423693,-6.1200000000000045,104.78216793215422,89771.03784134642
1050,1050,37.16889965599944,-5.9765625,107.59223898775954,14.647682553888052
1051,1051,40.228184728061095,-3.8671875,105.1638477978285,394.61813474336856
1052,1052,36.79533013738011,-4.21875,105.50899562909865,1471.7344201849933
1053,1053,37.921650784291785,-1.0546875000000568,105.54255799255742,638.106232573477
1054,1054,36.05358859962301,-5.625,104.68737626332016,518.4806980339466
1055,1055,41.41118863809925,1.40625,106.45513259327197,400.7439659256871
1056,1056,37.921650784291785,-4.5703125,106.24945201129816,839.2311886110865
1057,1057,41.41118863809925,-1.4062500000000568,106.51725190030652,805.9709238114092
1058,1058,40.62018519067267,-5.625,104.4,5.0
1059,1059,39.065494664452594,1.40625,104.90846604783286,616.0462892490854
1060,1060,37.16889965599944,-5.9765625,105.78619489650723,765.5154450133246
1061,1061,36.42357364233115,-5.273437500000057,106.40628758139057,796.2665587930013
1062,1062,37.921650784291785,-4.5703125,107.73847856753946,19.27529193931906
1063,1063,41.01449966573052,1.0546875,107.24909000264643,2240.8701031040946
1064,1064,41.01449966573052,1.7578124999999998,105.14920318783923,5.0
1065,1065,38.3009224658677,-0.703125,105.53204016400142,393.0492185585268
1066,1066,42.2103698396502,-3.897637795275557,107.37417547632165,3604.995041654584
1067,1067,42.60980697763761,-7.5,106.12006689938943,784.5733524495183
1068,1068,41.41118863809925,1.40625,104.45463864825075,151.133380480175
1069,1069,41.81031489577859,2.4609375,107.29667596318902,1548.7446477244655
1070,1070,41.81031489577859,-8.0859375,106.79773349779364,790.9704423518535
1071,1071,42.2103698396502,-3.897637795275557,105.73551767586012,3732.5960266320817
1072,1072,43.00863399423693,-3.960000000000037,104.4,1668.6618103526068
1073,1073,43.00863399423693,-6.840000000000032,105.66254386228228,1294.8422133289089
1074,1074,36.42357364233115,-4.5703125,107.33640149156246,646.1073617839277
1075,1075,41.01449966573052,1.7578124999999998,106.41635208809682,5.0
1076,1076,41.41118863809925,-4.921875,104.97114877555332,151.57394371314737
1077,1077,38.68218745348943,-1.7578125,106.1619578124525,519.7790162336596
1078,1078,42.2103698396502,-7.440944881889777,106.98979117098756,1212.1217166226202
1079,1079,36.79533013738011,-4.21875,107.1869480436763,692.7962633067593
1080,1080,37.921650784291785,-1.7578125,104.62859259329508,220.92213514146945
1081,1081,42.60980697763761,0.3571428571428571,106.02866966488534,5.0
1082,1082,41.01449966573052,1.0546875,107.74865959060499,660.8500998402317
1083,1083,37.16889965599944,-5.9765625,105.43508288174904,214.31431480178517
1084,1084,36.79533013738011,-4.21875,104.57705785790978,1667.4142649238102
1085,1085,40.62018519067267,0.0,105.44936371350154,5.0
1086,1086,39.45089470914606,-1.0546875000000568,106.98667843521733,822.858512716632
1087,1087,42.60980697763761,-1.7857142857143344,107.64825133349716,19618.52933037481
1088,1088,36.42357364233115,-4.5703125,106.40772253391346,5.0
1089,1089,42.2103698396502,-5.314960629921245,105.50699596727684,615.8810655271006
1090,1090,36.79533013738011,-4.21875,107.1246096752013,5.0
1091,1091,39.065494664452594,-0.703125,104.76901543510287,1341.4479630581577
1092,1092,39.45089470914606,-1.0546875000000568,105.52602606315833,760.1386777877999
1093,1093,40.228184728061095,-4.5703125,105.36490726992446,498.320288658048
1094,1094,42.2103698396502,-6.023622047244089,105.18269851742421,706.8214268403453
1095,1095,42.2103698396502,0.3543307086614173,105.268072871126,9242.358976065672
1096,1096,42.2103698396502,-6.732283464566933,106.63054695758814,5.0
1097,1097,42.2103698396502,1.7716535433070868,105.39015261767872,5.0
1098,1098,37.921650784291785,-1.7578125,104.56617819265358,5789.713002450381
1099,1099,41.41118863809925,1.40625,104.64643647311831,808.7573405171745
1100,1100,43.00863399423693,-3.240000000000009,104.90726513256742,7897.109496445965
1101,1101,36.79533013738011,-2.109375,105.71857184279037,907.324336679077
1102,1102,37.16889965599944,-5.273437500000057,107.16291184411077,4284.627027820815
1103,1103,36.79533013738011,-5.625,106.68553711583303,539.1162606723123
1104,1104,36.05358859962301,-5.625,105.7178075635689,3363.3977577080414
1105,1105,42.2103698396502,0.3543307086614173,105.96363351171904,9479.256194851752
1106,1106,41.41118863809925,-2.812500000000057,106.85355600017994,799.6242315673549
1107,1107,37.921650784291785,-6.6796875,106.42698732466961,5.0
1108,1108,38.68218745348943,-0.3515625,106.23512339543392,170.85242558852207
1109,1109,42.60980697763761,-2.5,105.65898474946476,5.0
1110,1110,37.54432510382694,-6.328125,106.61022726179093,114.18744970509424
1111,1111,42.2103698396502,-6.023622047244089,105.9980597667281,268.0063272761609
1112,1112,42.2103698396502,-6.732283464566933,105.18082860555843,768.5548848793237
1113,1113,40.228184728061095,-3.8671875,104.62930032522883,828.6444176718486
1114,1114,39.45089470914606,-5.9765625,104.8233673880168,533.312437481922
1115,1115,39.83843997699909,-2.812500000000057,105.27160276333781,1310.7411394664664
1116,1116,42.60980697763761,1.0714285714285714,104.78443706850305,5.0
1117,1117,37.16889965599944,-5.9765625,104.4,5.0
1118,1118,41.81031489577859,0.3515625,104.4,5.0
1119,1119,42.60980697763761,-3.928571428571445,107.55311652056906,700.7873477531462
1120,1120,37.16889965599944,-4.5703125,105.72194915367476,29.315327966916914
1121,1121,36.79533013738011,-2.812500000000057,105.56297080133179,208.2668075553212
1122,1122,37.54432510382694,-1.4062500000000568,104.55418211341204,485.4225237932834
1123,1123,37.54432510382694,-7.031250000000057,106.92955372233416,4303.442047914925
1124,1124,39.065494664452594,-0.703125,106.33693495174481,5.0
1125,1125,39.83843997699909,0.0,105.7715830163243,1412.361848741176
1126,1126,43.00863399423693,-1.8000000000000114,106.35948636388234,1470.7094794313412
1127,1127,41.01449966573052,0.3515625,105.36580086278096,3751.796084839909
1128,1128,41.41118863809925,2.109375,107.25661297444789,19365.721428997407
1129,1129,42.2103698396502,-0.3543307086613936,104.76271809519339,5.0
1130,1130,38.3009224658677,-1.4062500000000568,105.71038618147972,5.0
1131,1131,40.62018519067267,-2.109375,105.10353970699644,7825.676945650068
1132,1132,43.00863399423693,-1.8000000000000114,107.74358257799776,591.8675790220375
1133,1133,42.2103698396502,-6.732283464566933,105.39519885132152,785.8493200071848
1134,1134,38.68218745348943,-1.0546875000000568,105.49532767594192,1453.2051481003791
1135,1135,43.00863399423693,-2.519999999999982,104.56971744817044,1501.2036563442175
1136,1136,37.54432510382694,-1.4062500000000568,106.77290302673755,19336.370634725983
1137,1137,40.62018519067267,-2.812500000000057,107.22380177712905,99767.61123137768
1138,1138,40.62018519067267,-5.625,105.5218902639137,1624.1695850177543
1139,1139,39.45089470914606,-5.9765625,107.00561367738995,218.4342199560619
1140,1140,37.54432510382694,-4.921875,106.07357927926799,7723.492564401896
1141,1141,41.41118863809925,0.703125,106.14386135252796,5.0
1142,1142,38.68218745348943,-1.7578125,105.65070426275396,73.44302739726872
1143,1143,39.83843997699909,-4.921875,107.34427657110471,9254.027152144878
1144,1144,41.81031489577859,1.0546875,104.49811765295748,138.29521224599762
1145,1145,37.16889965599944,-5.9765625,106.12205126986098,46.50646588079295
1146,1146,37.921650784291785,-1.0546875000000568,106.03755628197123,5.0
1147,1147,39.065494664452594,-0.703125,104.44976396205475,5749.724509251029
1148,1148,37.54432510382694,-1.4062500000000568,104.4,667.8342517978215
1149,1149,37.16889965599944,-6.6796875,106.06767936853,1488.7145960398311
1150,1150,38.3009224658677,-6.328125,105.79709215489392,94.06690240727792
1151,1151,37.54432510382694,-2.812500000000057,106.16772612382448,3428.51166768552
1152,1152,38.68218745348943,-0.3515625,107.48857407178308,3444.1533845467216
1153,1153,38.68218745348943,-1.7578125,105.13665317571696,283.97378921838305
1154,1154,39.45089470914606,-0.3515625,106.68843718719758,504.3865273827286
1155,1155,38.3009224658677,-0.703125,106.93116367422157,18.198542931933748
1156,1156,42.60980697763761,-2.5,104.55388857464891,59285.349628437325
1157,1157,37.16889965599944,-5.9765625,106.04203990397234,1401.061299431942
1158,1158,37.16889965599944,-5.9765625,106.08038367960717,19417.636198817218
1159,1159,43.00863399423693,-6.1200000000000045,106.1320092966922,260.1811250032715
1160,1160,37.54432510382694,-4.21875,107.2694315302302,3618.353454750818
1161,1161,42.60980697763761,-3.928571428571445,105.48334208359154,3490.742057015704
1162,1162,41.81031489577859,-0.3515625,106.18835175306008,1538.8768526553172
1163,1163,38.3009224658677,-0.703125,105.48782297068114,39653.26912257242
1164,1164,42.60980697763761,-1.7857142857143344,106.22428924728776,473.0645906986488
1165,1165,37.54432510382694,-5.625,106.219700928318,5.0
1166,1166,37.54432510382694,-3.515625000000057,107.138831682355,1479.1853277842388
1167,1167,40.228184728061095,-5.9765625,106.33745339047611,1651.5583042968012
1168,1168,43.00863399423693,-9.0,107.28498880398531,804.996452688323
1169,1169,41.81031489577859,2.4609375,107.81008495457729,10.780164212925868
1170,1170,39.45089470914606,-0.3515625,106.37964644608317,675.8766144025774
1171,1171,36.42357364233115,-5.273437500000057,104.94533260437413,282.9193211481138
1172,1172,39.065494664452594,-6.328125,107.72955313567259,535.0804602519262
1173,1173,42.2103698396502,-0.3543307086613936,105.46732378958643,1399.9121614008425
1174,1174,39.065494664452594,-4.21875,104.9277477371596,2661.2535899065897
1175,1175,40.228184728061095,-3.164062500000057,106.57701921851357,76.39716681579739
1176,1176,37.921650784291785,-1.7578125,104.61703358195737,494.58929278672485
1177,1177,42.60980697763761,-7.5,106.94624711861087,171.79239840550883
1178,1178,37.921650784291785,-5.9765625,106.4227721655378,5.0
1179,1179,40.228184728061095,-3.164062500000057,107.19868894798411,3630.263548465
1180,1180,36.79533013738011,-2.812500000000057,105.59577949444603,9424.74959990282
1181,1181,41.41118863809925,0.703125,105.52146183085425,430.41184491634414
1182,1182,39.065494664452594,-6.328125,106.7895147791918,3374.6924590226336
1183,1183,36.79533013738011,-4.921875,107.56443028580966,9248.410318056742
1184,1184,42.60980697763761,-8.214285714285722,106.50246245001892,5546.306336580205
1185,1185,36.79533013738011,-4.21875,106.10348404310763,5.0
1186,1186,38.68218745348943,-1.0546875000000568,105.14280391180452,29676.44437122095
1187,1187,43.00863399423693,-2.519999999999982,106.52242006456761,442.196923450753
1188,1188,41.81031489577859,-7.382812500000057,104.91165071149915,352.7825367492736
1189,1189,38.3009224658677,-6.328125,107.28119024075065,5.0
1190,1190,43.00863399423693,-2.519999999999982,105.5715818407865,642.4424620815594
1191,1191,39.83843997699909,-1.4062500000000568,105.55658781385759,5.0
1192,1192,41.41118863809925,0.703125,104.89975572539541,118.53352493402784
1193,1193,39.45089470914606,-0.3515625,105.52388390747085,295.1943856118355
1194,1194,43.00863399423693,-3.960000000000037,107.82785039174561,4269.897903844238
1195,1195,37.16889965599944,-5.9765625,106.98765412989137,7655.616540671193
1196,1196,36.42357364233115,-5.273437500000057,105.8068487870759,257.8070806082593
1197,1197,36.79533013738011,-2.109375,107.54941379617182,5743.245906297084
1198,1198,38.3009224658677,-0.703125,106.58523422233858,5720.266057977842
1199,1199,42.60980697763761,-3.928571428571445,106.99681381097986,3481.129228383913
1200,1200,37.921650784291785,-6.6796875,105.7159426386387,5.0
1201,1201,43.00863399423693,-6.1200000000000045,107.75410183621695,1534.8883838187066
1202,1202,43.00863399423693,-6.1200000000000045,107.583096813827,19721.429642586358
1203,1203,41.81031489577859,-2.4609375,104.9071285129331,1511.5993553621995
1204,1204,40.62018519067267,-4.21875,106.8784387049415,333.09285760325395
1205,1205,37.921650784291785,-3.8671875,107.37719911708972,668.7871489937717
1206,1206,38.68218745348943,-1.0546875000000568,107.32019853753,1401.4277844048129
1207,1207,41.01449966573052,-5.273437500000057,104.73226661037768,687.0585861496293
1208,1208,41.81031489577859,1.7578124999999998,105.60982428605332,5.0
1209,1209,36.05358859962301,-5.625,106.15553707265707,282.5947022438578
1210,1210,41.01449966573052,1.7578124999999998,105.42811403777293,3903.253831485018
1211,1211,41.01449966573052,-4.5703125,106.76178349677113,5785.846879214449
1212,1212,42.60980697763761,-1.7857142857143344,106.5523306831571,5.0
1213,1213,37.921650784291785,-1.0546875000000568,107.64120240172689,29504.072252944963
1214,1214,38.68218745348943,-0.3515625,104.4,325.87632124616607
1215,1215,42.2103698396502,-6.732283464566933,106.17698611417008,1451.070077357621
1216,1216,43.00863399423693,-1.8000000000000114,104.50333538575451,3379.040196649865
1217,1217,38.68218745348943,-1.7578125,105.22922539895157,4304.326067249103
1218,1218,39.065494664452594,-0.703125,106.11073723659487,23701.59103473296
1219,1219,41.81031489577859,1.7578124999999998,106.56456802311152,284.8041726310783
1220,1220,36.79533013738011,-4.21875,104.58428539573126,5740.243916151787
1221,1221,42.60980697763761,-2.5,106.1091946721208,5.0
1222,1222,41.01449966573052,1.7578124999999998,104.97179176050571,1578.932728617002
1223,1223,36.79533013738011,-4.21875,107.00119087211002,2145.81358734226
1224,1224,41.01449966573052,1.0546875,105.89298971663813,1497.1835913136504
1225,1225,39.065494664452594,-2.812500000000057,106.16022954476418,128.28282995362923
1226,1226,41.41118863809925,-2.109375,104.57262562746446,7616.685793888788
1227,1227,41.81031489577859,1.7578124999999998,106.06211936914956,5.0
1228,1228,36.42357364233115,-5.273437500000057,105.79219401979053,5.0
1229,1229,41.01449966573052,0.3515625,106.31866929427117,1616.1122666280414
1230,1230,37.16889965599944,-3.8671875,106.78923053630791,622.8783612265086
1231,1231,42.2103698396502,-6.023622047244089,106.37190492267784,5592.883790688403
1232,1232,42.2103698396502,-8.149606299212564,104.91352125883307,454.4875587301039
1233,1233,43.00863399423693,-5.400000000000034,105.16141243331917,5.0
1234,1234,39.065494664452594,-0.703125,104.4,4574.638521507839
1235,1235,41.41118863809925,2.109375,104.97333674130131,757.1723185900819
1236,1236,37.54432510382694,-1.4062500000000568,106.8442162234863,5.0
1237,1237,40.62018519067267,0.703125,106.0711478281846,1624.847507446376
1238,1238,36.79533013738011,-2.109375,106.39783599648368,688.0520300231287
1239,1239,42.2103698396502,1.7716535433070868,105.46367945817288,1277.500638695782
1240,1240,37.16889965599944,-6.6796875,107.28598634236941,596.2196489502402
1241,1241,37.921650784291785,-1.7578125,107.79091711596304,4489.302703071277
1242,1242,37.921650784291785,-3.8671875,107.75133082329292,4498.723618852633
1243,1243,37.54432510382694,-2.109375,106.13509700363464,1591.9440286978836
1244,1244,37.921650784291785,-5.9765625,104.4,5.0
1245,1245,39.065494664452594,1.40625,105.68515216847885,4601.251250354388
1246,1246,42.60980697763761,-3.2142857142857224,106.9611347707663,1477.102884647636
1247,1247,43.00863399423693,-5.400000000000034,104.91420258475434,1554.9423325166536
1248,1248,37.16889965599944,-1.7578125,104.99654099202556,414.1004033519077
1249,1249,39.45089470914606,-0.3515625,107.75285931342557,7715.965176222828
1250,1250,37.921650784291785,-1.0546875000000568,107.33036319285642,1639.7730924002026
1251,1251,40.62018519067267,-4.921875,105.17237040569448,5.0
1252,1252,42.60980697763761,-6.071428571428555,106.18344924517163,499.0746761267464
1253,1253,42.60980697763761,-3.928571428571445,106.9167988338062,7829.005164167776
1254,1254,38.68218745348943,-1.0546875000000568,105.54053897401637,5.0
1255,1255,41.01449966573052,1.7578124999999998,105.7206644428625,39506.83203615785
1256,1256,42.2103698396502,-8.858267716535408,105.22191162045816,1501.4908316856863
1257,1257,40.62018519067267,-3.515625000000057,107.82699174657071,1358.4876672252108
1258,1258,43.00863399423693,-2.519999999999982,105.83206069624703,175.40213835347262
1259,1259,39.83843997699909,-1.4062500000000568,106.31777882857672,119.1842709552509
1260,1260,41.81031489577859,1.0546875,104.90782483124083,19635.45745872221
1261,1261,37.921650784291785,-1.0546875000000568,107.38685793679461,246.97577723747057
1262,1262,41.81031489577859,-4.5703125,106.5504378220999,3567.526125635924
1263,1263,41.01449966573052,-3.164062500000057,106.73378142085768,472.2717483309261
1264,1264,43.00863399423693,-7.560000000000002,105.75648727661785,5.0
1265,1265,43.00863399423693,-2.519999999999982,105.78907641532972,5.0
1266,1266,41.41118863809925,-4.21875,104.97767795591716,748.664328187897
1267,1267,40.62018519067267,-5.625,106.04105562345103,59250.02022498015
1268,1268,39.45089470914606,-3.164062500000057,107.57410211032293,428.4075246596711
1269,1269,41.81031489577859,2.4609375,104.52257090580049,399.14552089479946
1270,1270,38.68218745348943,-0.3515625,106.71348243462047,365.3108860405492
1271,1271,37.54432510382694,-1.4062500000000568,105.53465326026041,705.2977221991373
1272,1272,37.921650784291785,-1.7578125,104.83894520233558,559.2172548687652
1273,1273,43.00863399423693,-3.960000000000037,106.10517069582235,7726.075066785695
1274,1274,40.62018519067267,-5.625,106.64182874022562,677.8239833400497
1275,1275,42.60980697763761,-8.214285714285722,104.56420871370649,681.9150333248435
1276,1276,42.2103698396502,-3.18897637795277,106.74275352071206,5.0
1277,1277,36.42357364233115,-4.5703125,107.79404080873284,59564.411260223365
1278,1278,42.60980697763761,-2.5,104.59549340843753,122.23465070887129
1279,1279,40.62018519067267,-1.4062500000000568,106.70917511106617,5.0
1280,1280,39.45089470914606,-0.3515625,104.4,1453.561395481033
1281,1281,38.68218745348943,-0.3515625,104.67333318388616,842.1311437059724
1282,1282,39.83843997699909,-6.328125,105.73073813786125,512.5483792742574
1283,1283,43.00863399423693,-8.279999999999973,107.55016499492926,525.4349737162562
1284,1284,41.81031489577859,-2.4609375,106.80710783996427,3643.609517345224
1285,1285,40.228184728061095,-3.8671875,106.76354866781638,5.0
1286,1286,43.00863399423693,-1.079999999999984,106.68442838949181,4395.994593222355
1287,1287,41.41118863809925,1.40625,107.29834319243523,1410.4714438267242
1288,1288,43.00863399423693,-5.400000000000034,104.4,519.5418259637974
1289,1289,43.00863399423693,-2.519999999999982,107.23389307907355,590.9715797732098
1290,1290,41.41118863809925,-2.812500000000057,106.69298781637323,139.47210956387713
1291,1291,42.60980697763761,-3.2142857142857224,104.58899115753196,3381.342024536934
1292,1292,39.83843997699909,-4.921875,106.9990379465514,691.2726889817982
1293,1293,38.68218745348943,-1.0546875000000568,106.90983192481809,305.2975293310668
1294,1294,37.921650784291785,-1.0546875000000568,106.4017979890374,843.3815591474174
1295,1295,42.2103698396502,-8.858267716535408,104.9861104019103,99693.87206638728
1296,1296,42.60980697763761,-1.7857142857143344,105.40987700469636,549.3371194281798
1297,1297,42.60980697763761,-8.214285714285722,105.34880020995884,9589.310797773547
1298,1298,39.065494664452594,-3.515625000000057,107.77239642202156,367.7004157981418
1299,1299,38.3009224658677,-7.031250000000057,107.5647312962383,5.0
1300,1300,43.00863399423693,-5.400000000000034,106.732909428483,5.0
1301,1301,36.79533013738011,-4.921875,106.02718811118051,519.0395892318548
1302,1302,43.00863399423693,-3.240000000000009,106.61412748650207,43.882149630304646
1303,1303,40.228184728061095,-3.164062500000057,105.07567584547732,5.0
1304,1304,38.3009224658677,-6.328125,107.79472149437214,9507.454454219253
1305,1305,37.16889965599944,-5.9765625,105.4769546595088,5511.147043807343
1306,1306,38.3009224658677,-3.515625000000057,107.35391384108337,2247.6156134450275
1307,1307,37.921650784291785,-1.0546875000000568,106.02892150932742,5.0
1308,1308,41.41118863809925,0.0,105.55911305842994,5.0
1309,1309,37.54432510382694,-6.328125,107.83896653196437,5.0
1310,1310,43.00863399423693,-1.8000000000000114,104.4,1635.7558757637255
1311,1311,37.16889965599944,-3.8671875,106.35283088090662,14422.446453371023
1312,1312,40.228184728061095,-1.0546875000000568,105.99748854636661,540.6934996944635
1313,1313,37.54432510382694,-5.625,107.60297405198003,5.0
1314,1314,41.01449966573052,-3.8671875,104.96165407930025,690.3913638616766
1315,1315,39.065494664452594,-1.4062500000000568,105.13385315609924,377.553420438838
1316,1316,40.228184728061095,-3.8671875,104.93785125833409,438.8109209930553
1317,1317,38.3009224658677,-0.703125,104.4,1328.426570241017
1318,1318,43.00863399423693,-1.8000000000000114,107.78982289576611,1619.8622831475898
1319,1319,43.00863399423693,-3.240000000000009,104.55901820036678,5.0
1320,1320,42.2103698396502,-3.18897637795277,104.4,5.0
1321,1321,42.60980697763761,-2.5,105.24775274894542,99608.6508698651
1322,1322,37.16889965599944,-5.9765625,105.12085177431796,77.69794188911197
1323,1323,42.2103698396502,-6.732283464566933,106.77859917629664,5.0
1324,1324,36.42357364233115,-5.273437500000057,104.54586259968949,5.0
1325,1325,41.41118863809925,0.0,105.46492691413177,5.0
1326,1326,42.2103698396502,1.062992125984252,106.97201528757486,469.8744033516081
1327,1327,37.921650784291785,-1.0546875000000568,105.28826562133457,3914.428803218768
1328,1328,39.065494664452594,-0.703125,104.79244191153579,357.95763208892384
1329,1329,40.62018519067267,-1.4062500000000568,106.84809301824032,565.6518352621486
1330,1330,39.83843997699909,2.8125,107.76754574047479,1490.790131807766
1331,1331,38.3009224658677,-2.109375,106.76370202617183,683.992943414475
1332,1332,42.2103698396502,-6.023622047244089,107.585793326469,5786.2797910760855
1333,1333,36.05358859962301,-5.625,104.874384632722,5858.170747200484
1334,1334,36.42357364233115,-5.273437500000057,106.17008959881657,5.0
1335,1335,39.065494664452594,-0.703125,104.96245134898146,3587.751697287688
1336,1336,42.2103698396502,-8.858267716535408,105.9433205643299,595.9183806219544
1337,1337,38.68218745348943,-1.7578125,106.70126887392547,79479.81052891152
1338,1338,43.00863399423693,-2.519999999999982,107.33298959325164,637.0629834883733
1339,1339,43.00863399423693,-6.1200000000000045,106.78558867265205,69559.49097833208
1340,1340,42.2103698396502,-1.0629921259842945,104.68994415376832,3400.8832147010426
1341,1341,41.01449966573052,-1.0546875000000568,107.04029791705868,118.70156201153584
1342,1342,37.16889965599944,-6.6796875,104.4,737.9434071567161
1343,1343,38.3009224658677,-1.4062500000000568,104.60447189522667,99475.4514901866
1344,1344,38.3009224658677,-0.703125,107.34368326547562,5724.959661857722
1345,1345,41.01449966573052,1.7578124999999998,106.58198703676877,5.0
1346,1346,41.41118863809925,0.703125,104.89852585559159,1582.916066719916
1347,1347,41.41118863809925,2.109375,104.5888550948526,369.1537946362348
1348,1348,36.42357364233115,-4.5703125,107.80648064060112,5.0
1349,1349,43.00863399423693,-3.960000000000037,106.2810088108736,491.2163193476144
1350,1350,37.16889965599944,-6.6796875,107.60305234662168,82.93058970343067
1351,1351,39.83843997699909,-2.812500000000057,107.24433736129967,4380.721643742956
1352,1352,41.01449966573052,-5.9765625,104.78721225928783,347.84952985374247
1353,1353,38.3009224658677,-1.4062500000000568,106.00273549036315,4476.223050730488
1354,1354,40.62018519067267,-4.21875,105.3413589116453,5.0
1355,1355,37.16889965599944,-5.9765625,106.37911099600485,271.63160235772824
1356,1356,37.16889965599944,-3.8671875,105.16114548001174,99.4874575713736
1357,1357,41.01449966573052,1.7578124999999998,104.63339271488837,79.86482112883175
1358,1358,41.81031489577859,1.7578124999999998,106.21729597185943,5.0
1359,1359,39.45089470914606,-5.9765625,104.93151208295879,5.0
1360,1360,37.16889965599944,-1.7578125,106.54647414786696,769.3152578104025
1361,1361,42.2103698396502,-8.149606299212564,105.63601913719867,229.12606098366825
1362,1362,39.45089470914606,-0.3515625,105.38592741209973,516.6615242580898
1363,1363,39.065494664452594,-6.328125,107.35567191280049,442.5451948142134
1364,1364,38.3009224658677,-0.703125,106.02465788722934,7662.2433486029
1365,1365,42.60980697763761,-3.2142857142857224,104.77080060961421,9367.87036583862
1366,1366,38.3009224658677,-3.515625000000057,105.76649661804156,654.847609492211
1367,1367,37.16889965599944,-2.4609375,105.78076905441914,329.31985949747946
1368,1368,42.2103698396502,1.062992125984252,106.77549096702406,5.0
1369,1369,42.2103698396502,-3.897637795275557,104.4,29548.924024914413
1370,1370,36.42357364233115,-5.9765625,105.14650431049459,5.0
1371,1371,42.2103698396502,1.062992125984252,105.51113219950791,245.36890933247528
1372,1372,37.54432510382694,-1.4062500000000568,104.4,246.4430966545522
1373,1373,40.62018519067267,-3.515625000000057,106.92885063120026,304.1269237157737
1374,1374,42.2103698396502,-3.18897637795277,106.06354116267718,5.0
1375,1375,37.16889965599944,-5.9765625,105.53422115237608,3628.466344408126
1376,1376,41.01449966573052,-5.273437500000057,104.49686765400119,5.0
1377,1377,40.228184728061095,-3.8671875,106.12743785504048,1369.0533640338165
1378,1378,41.41118863809925,1.40625,104.52837427379444,5.0
1379,1379,39.45089470914606,-5.9765625,107.8446498577701,5.0
1380,1380,42.60980697763761,-1.7857142857143344,104.6008628237439,9427.29323909785
1381,1381,41.41118863809925,-4.21875,106.11746917236083,5.0
1382,1382,36.79533013738011,-2.109375,107.46858697627887,4406.994656309547
1383,1383,42.2103698396502,-1.0629921259842945,104.4,749.3474372179423
1384,1384,39.065494664452594,-0.703125,105.50639442317042,5.0
1385,1385,41.81031489577859,-2.4609375,107.2565895888754,29639.203951972904
1386,1386,37.921650784291785,-2.4609375,106.76275122163696,114.45640587545772
1387,1387,42.60980697763761,-3.2142857142857224,107.36597337808524,5758.081856106129
1388,1388,36.42357364233115,-5.9765625,107.62415780980051,5.0
1389,1389,41.01449966573052,-3.8671875,104.69043026411329,5668.766711711858
1390,1390,42.2103698396502,-3.897637795275557,106.0557398556456,5.0
1391,1391,43.00863399423693,-2.519999999999982,107.33405702560384,689.2714888669875
1392,1392,42.60980697763761,-1.0714285714285552,107.41233186215628,3519.268962349332
1393,1393,40.228184728061095,-3.8671875,106.96101081021465,19424.930498624308
1394,1394,41.41118863809925,0.0,106.41426232740552,9424.02225165856
1395,1395,37.54432510382694,-4.21875,106.00540498129772,4389.059665422763
1396,1396,41.01449966573052,1.7578124999999998,104.47464151025191,7857.834853865452
1397,1397,42.2103698396502,-2.4803149606299257,104.59035248813164,5.0
1398,1398,39.45089470914606,-0.3515625,105.79268920222275,210.59091902445164
1399,1399,38.3009224658677,-7.031250000000057,106.25189279820704,222.9469342668516
1400,1400,42.60980697763761,-1.7857142857143344,105.11736643121323,442.8872679849033
1401,1401,42.60980697763761,-1.7857142857143344,104.77019050421674,472.6354403837876
1402,1402,43.00863399423693,-4.680000000000007,107.31841510792448,749.2092799118632
1403,1403,38.3009224658677,-0.703125,106.33855215240783,5.0
1404,1404,38.68218745348943,-6.6796875,105.52847380054116,1537.6529404883686
1405,1405,40.62018519067267,-7.031250000000057,104.94612163853614,5.0
1406,1406,37.54432510382694,-2.109375,106.5510943887789,278.0606892092684
1407,1407,37.921650784291785,-1.0546875000000568,105.3951453929687,673.845193216581
1408,1408,39.83843997699909,-0.703125,106.58148491281408,3734.163697957481
1409,1409,37.16889965599944,-6.6796875,105.98650983368394,1681.9607877856463
1410,1410,42.2103698396502,-8.149606299212564,105.41647947218188,1400.857146585052
1411,1411,42.60980697763761,-7.5,106.39491896466463,5.0
1412,1412,41.81031489577859,1.0546875,106.15454576561335,753.7629628027896
1413,1413,43.00863399423693,-3.240000000000009,106.6160714070217,5.0
1414,1414,40.228184728061095,-3.8671875,107.12463111882316,443.45280831876994
1415,1415,36.79533013738011,-4.21875,104.4,509.5690819715176
1416,1416,43.00863399423693,-3.960000000000037,106.17682257566382,5.0
1417,1417,42.60980697763761,-4.64285714285711,105.11389008748762,184.2576580820271
1418,1418,41.01449966573052,-3.8671875,107.33251920299226,29648.088252564343
1419,1419,36.79533013738011,-4.921875,106.69448414825908,29559.06422206992
1420,1420,41.81031489577859,-3.164062500000057,104.4,386.5801800630946
1421,1421,40.228184728061095,-5.9765625,104.80455583596591,5.0
1422,1422,43.00863399423693,-3.960000000000037,107.20863825833332,5.0
1423,1423,42.60980697763761,-2.5,104.4,470.6185288861032
1424,1424,36.42357364233115,-4.5703125,107.52703931704188,24542.08049134976
1425,1425,36.79533013738011,-2.812500000000057,105.71463465702965,5.0
1426,1426,43.00863399423693,-9.0,104.74098244321841,3472.094165806158
1427,1427,36.79533013738011,-3.515625000000057,107.16345464035754,5.0
1428,1428,39.065494664452594,-2.812500000000057,105.14653649381997,59497.4762467619
1429,1429,37.16889965599944,-6.6796875,106.13539931341906,451.2311689623433
1430,1430,41.01449966573052,-3.164062500000057,104.4,3565.3709856735773
1431,1431,40.228184728061095,-3.8671875,107.00190348278673,361.4355211711234
1432,1432,40.62018519067267,-4.21875,106.41157445658587,1347.3940300193583
1433,1433,38.68218745348943,-5.9765625,107.29358728583762,5.0
1434,1434,42.60980697763761,-3.2142857142857224,106.95514770361865,5.0
1435,1435,43.00863399423693,-6.1200000000000045,105.91388526474402,19519.67940469655
1436,1436,41.81031489577859,-5.273437500000057,106.6646516294431,9545.51699000538
1437,1437,38.68218745348943,-0.3515625,106.05805830870727,7846.334587894954
1438,1438,42.2103698396502,-8.858267716535408,105.78307945567889,1340.704430922965
1439,1439,38.68218745348943,-3.164062500000057,104.62919715009099,4263.739144919536
1440,1440,36.42357364233115,-5.9765625,107.55234067625545,5.0
1441,1441,42.60980697763761,1.7857142857142856,107.7053004922194,341.2855383176793
1442,1442,38.68218745348943,-3.8671875,105.93066208161191,286.8278812736324
1443,1443,41.01449966573052,-5.273437500000057,106.31226752584436,1371.2638401589377
1444,1444,37.16889965599944,-6.6796875,104.82382565306968,395.9570765362504
1445,1445,42.2103698396502,0.3543307086614173,106.05097470042806,5.0
1446,1446,38.68218745348943,-0.3515625,104.40200880516812,845.415109616516
1447,1447,37.54432510382694,-2.109375,106.81256808597712,4331.225888775779
1448,1448,36.79533013738011,-4.21875,106.01097830929825,452.15834832795576
1449,1449,38.68218745348943,-1.0546875000000568,105.97990379172144,5.0
1450,1450,40.62018519067267,-2.109375,106.0347186369412,5.0
1451,1451,39.45089470914606,-0.3515625,106.5573672178163,89.97835517590055
1452,1452,37.16889965599944,-6.6796875,106.1185130211412,251.17295057848136
1453,1453,39.83843997699909,-4.21875,105.4705676613814,1392.6597308012206
1454,1454,43.00863399423693,-6.1200000000000045,105.18317536956829,1267.42327554911
1455,1455,36.79533013738011,-4.921875,106.65381558022146,1552.1164660794066
1456,1456,38.68218745348943,-1.0546875000000568,105.79778950701083,412.85851835261207
1457,1457,38.68218745348943,-1.7578125,106.13441620446748,4437.313239841022
1458,1458,42.2103698396502,-7.440944881889777,105.25209864228027,5.0
1459,1459,39.065494664452594,-0.703125,105.73574205219312,611.1102665615836
1460,1460,41.41118863809925,-3.515625000000057,105.77898151250413,3769.9675185590354
1461,1461,39.065494664452594,-0.703125,106.00765905429533,5.0
1462,1462,42.60980697763761,-7.5,106.94927854175906,5.0
1463,1463,39.065494664452594,-0.703125,106.45234811361593,7786.080405419365
1464,1464,36.05358859962301,-5.625,104.91843743155184,362.3099564910058
1465,1465,43.00863399423693,-3.240000000000009,104.4,1515.57837129973
1466,1466,36.42357364233115,-5.273437500000057,106.4737580453701,5.0
1467,1467,41.41118863809925,-0.703125,106.80904706580763,1534.0625676858904
1468,1468,37.16889965599944,-5.9765625,105.07562125769167,293.0215712563953
1469,1469,37.921650784291785,-1.7578125,104.57841416454418,5.0
1470,1470,39.83843997699909,-4.921875,105.17509606161094,1293.9589345005334
1471,1471,38.3009224658677,-0.703125,104.8929177603848,98.5540904813424
1472,1472,37.16889965599944,-5.9765625,107.50980115076507,460.7238590644418
1473,1473,41.41118863809925,-1.4062500000000568,106.01985246055605,5.0
1474,1474,41.81031489577859,-1.7578125,105.19015909483956,5.0
1475,1475,38.68218745348943,-5.9765625,107.6157364211144,246.2133289787409
1476,1476,37.54432510382694,-7.031250000000057,106.75449043434057,5.0
1477,1477,37.921650784291785,-5.273437500000057,105.12246836430317,9447.387527429635
1478,1478,37.921650784291785,-1.0546875000000568,106.14595496023657,5.0
1479,1479,41.01449966573052,1.7578124999999998,104.4,638.2117143731385
1480,1480,37.54432510382694,-5.625,106.94743406206949,5.0
1481,1481,42.60980697763761,-5.357142857142833,106.87822031703567,271.26987423135
1482,1482,40.228184728061095,-1.7578125,104.94045652360956,11475.457927316653
1483,1483,43.00863399423693,-9.0,107.55188844136461,5.0
1484,1484,41.81031489577859,-2.4609375,105.29336427816824,39659.9745734328
1485,1485,41.41118863809925,2.109375,106.81615978876277,8.136774750913917
1486,1486,41.41118863809925,-2.812500000000057,106.81500742203109,2042.6547721732964
1487,1487,38.68218745348943,-0.3515625,105.39441359560288,753.0898267547137
1488,1488,41.41118863809925,-4.921875,107.00577986939399,7798.732441399106
1489,1489,41.01449966573052,-4.5703125,106.44357602691709,766.4691122205779
1490,1490,42.2103698396502,-3.897637795275557,105.27582724035449,730.9286729215855
1491,1491,41.41118863809925,2.109375,106.07604148506199,5.0
1492,1492,42.2103698396502,-6.023622047244089,105.55250904319524,5.0
1493,1493,43.00863399423693,-2.519999999999982,106.09772913795723,9528.85577623008
1494,1494,39.45089470914606,-2.4609375,107.58413243280113,323.33390623653736
1495,1495,38.68218745348943,-5.273437500000057,106.05266748772897,433.7952015032935
1496,1496,39.45089470914606,-0.3515625,105.97196965817666,3442.7056297321296
1497,1497,41.01449966573052,-0.3515625,105.10312545116126,351.7051078091076
1498,1498,41.41118863809925,-6.328125,106.09643334824155,29489.75742003385
1499,1499,37.54432510382694,-1.4062500000000568,104.9031120691438,1677.3478982471158
1500,1500,40.228184728061095,-3.8671875,105.29574028541829,969.9937447235466
1501,1501,40.62018519067267,-5.625,107.14905005495231,7741.6844967588095
1502,1502,43.00863399423693,-6.1200000000000045,104.49903458318704,5.0
1503,1503,41.41118863809925,0.0,104.93562806237146,140.5451641368982
1504,1504,41.41118863809925,-6.328125,106.5295824568743,603.7871039833655
1505,1505,41.41118863809925,-2.109375,107.33068525481688,62.84816567170268
1506,1506,39.83843997699909,-2.812500000000057,104.82813151904733,2573.551453706211
1507,1507,40.228184728061095,-3.8671875,107.53534704364766,9567.970526284502
1508,1508,39.45089470914606,-1.0546875000000568,106.80360447097705,528.3205689878035
1509,1509,37.921650784291785,-5.273437500000057,105.45810404855736,360.25141836745763
1510,1510,37.54432510382694,-6.328125,104.64006114971795,39511.483241513495
1511,1511,38.3009224658677,-2.812500000000057,106.00666792527701,566.8753317973892
1512,1512,36.79533013738011,-2.812500000000057,106.07384367228462,647.699720333516
1513,1513,43.00863399423693,-6.840000000000032,104.4,384.8312525674484
1514,1514,42.2103698396502,3.188976377952756,107.37090618280263,9429.00477309958
1515,1515,43.00863399423693,-8.279999999999973,105.15032899841295,793.8316291294364
1516,1516,39.065494664452594,-0.703125,107.85024323818824,3461.418221323509
1517,1517,37.16889965599944,-3.8671875,104.89921505227034,4302.78650753048
1518,1518,42.2103698396502,-3.18897637795277,106.57700930771568,359.5190852743427
1519,1519,36.79533013738011,-5.625,106.43598060901711,546.4696979789628
1520,1520,43.00863399423693,-3.240000000000009,107.79105924686813,5583.075185201143
1521,1521,36.79533013738011,-4.921875,106.1273115404301,414.80420605083214
1522,1522,41.41118863809925,1.40625,105.5602987520887,3714.2213444510303
1523,1523,42.60980697763761,-8.928571428571445,106.57976250184595,19604.559862036447
1524,1524,40.62018519067267,-4.21875,104.4,1334.0517893463416
1525,1525,42.2103698396502,-1.0629921259842945,104.63254656959609,2055.856903732401
1526,1526,41.81031489577859,2.4609375,107.04772204156272,4228.748329531995
1527,1527,41.81031489577859,-5.273437500000057,105.41380052441146,5529.319330206219
1528,1528,37.921650784291785,-1.0546875000000568,105.28928726807706,475.8040957264574
1529,1529,40.228184728061095,-3.164062500000057,105.651370293168,5.0
1530,1530,41.81031489577859,-4.5703125,106.72782700067374,488.2816914921257
1531,1531,39.45089470914606,-1.0546875000000568,105.20266164540885,1485.31216089588
1532,1532,38.3009224658677,-3.515625000000057,106.78063716314885,576.9298392459007
1533,1533,41.81031489577859,1.7578124999999998,104.93326375410047,2912.287953678272
1534,1534,41.01449966573052,0.3515625,105.87400699075184,398.6034098484386
1535,1535,42.60980697763761,-4.64285714285711,106.01658327753225,1368.567022677818
1536,1536,42.2103698396502,1.062992125984252,107.04122860329096,5.0
1537,1537,38.68218745348943,-1.0546875000000568,106.79999680455587,2939.497288633903
1538,1538,42.2103698396502,1.062992125984252,105.42849149092588,751.2952590542368
1539,1539,40.228184728061095,-3.8671875,105.88835338932361,5.0
1540,1540,38.3009224658677,-6.328125,107.52196917560953,230.54678140553577
1541,1541,42.60980697763761,-7.5,106.77532615961796,2888.5506262932463
1542,1542,39.83843997699909,-4.921875,104.4,635.9093199915128
1543,1543,42.2103698396502,-1.0629921259842945,104.4,34.57558148831953
1544,1544,36.79533013738011,-2.812500000000057,106.44089988109553,39709.87658186763
1545,1545,40.62018519067267,-4.21875,107.8294990657325,1609.1098162816452
1546,1546,37.921650784291785,-1.0546875000000568,106.66428851263747,29713.65216890551
1547,1547,39.83843997699909,0.0,104.4,534.4193902864652
1548,1548,43.00863399423693,-3.960000000000037,106.43851779118906,622.1918864329461
1549,1549,39.065494664452594,-5.625,104.4,9262.220158326236
1550,1550,36.79533013738011,-3.515625000000057,106.90565515384715,713.537263944946
1551,1551,39.45089470914606,-2.4609375,104.4,1585.6300441504627
1552,1552,37.54432510382694,-4.921875,105.07460294934899,127.91645797671184
1553,1553,37.16889965599944,-5.273437500000057,107.77427615543681,570.302517847394
1554,1554,42.2103698396502,-6.023622047244089,105.99457103013302,5.0
1555,1555,42.2103698396502,-8.149606299212564,107.82970510166456,8.616267673171333
1556,1556,39.45089470914606,-1.0546875000000568,104.4,5.0
1557,1557,41.01449966573052,0.3515625,107.53132741685603,5.0
1558,1558,37.54432510382694,-2.109375,106.72536475338482,59317.99592325853
1559,1559,37.16889965599944,-3.8671875,107.30912376027217,102.55689396246278
1560,1560,41.41118863809925,1.40625,105.48215277550402,1454.0535497802512
1561,1561,42.2103698396502,-3.897637795275557,107.3738755038779,4603.964056076756
1562,1562,37.921650784291785,-1.7578125,107.26981328959235,760.3741846772738
1563,1563,41.81031489577859,1.7578124999999998,105.52887155417552,5.0
1564,1564,37.54432510382694,-4.921875,106.54931535819627,1647.9871203494972
1565,1565,41.01449966573052,1.7578124999999998,104.5818111544152,1265.34623176716
1566,1566,38.68218745348943,-5.9765625,104.55303305246792,1657.366187764875
1567,1567,42.60980697763761,-8.928571428571445,106.69482785096791,3521.6890444667665
1568,1568,39.065494664452594,0.0,104.71447999178778,59233.37861185252
1569,1569,41.01449966573052,-4.5703125,106.93782557380939,802.2582430139751
1570,1570,39.83843997699909,-0.703125,105.79294207442445,358.98207574125087
1571,1571,42.60980697763761,-1.0714285714285552,106.62854559035728,1409.6258814247535
1572,1572,38.3009224658677,-0.703125,106.13695730338593,5.0
1573,1573,37.54432510382694,-1.4062500000000568,106.36450474080445,9254.194046110912
1574,1574,42.2103698396502,-7.440944881889777,105.05712685189489,5.0
1575,1575,42.60980697763761,-8.928571428571445,104.80395445589579,323.34588726720114
1576,1576,43.00863399423693,-6.1200000000000045,106.84670553049082,4346.249574923775
1577,1577,39.065494664452594,-2.109375,106.0604802923877,954.8624988688514
1578,1578,39.45089470914606,-1.0546875000000568,104.52794978121331,473.2112293390118
1579,1579,40.228184728061095,-1.0546875000000568,105.5920354193489,619.1475623289633
1580,1580,42.2103698396502,-5.314960629921245,104.60217597957289,5678.23489951871
1581,1581,41.41118863809925,-4.21875,105.392373049599,354.7549749248324
1582,1582,39.45089470914606,-5.273437500000057,105.57084723665933,7562.664188854466
1583,1583,40.62018519067267,-2.109375,106.22421744818995,5.0
1584,1584,36.42357364233115,-4.5703125,105.16425458649023,3577.8190831826937
1585,1585,42.60980697763761,-3.2142857142857224,107.1861044804183,5568.600770338314
1586,1586,38.68218745348943,-0.3515625,107.65100633006406,5.0
1587,1587,41.41118863809925,-1.4062500000000568,105.50445305291376,540.3473339378735
1588,1588,41.01449966573052,1.7578124999999998,106.1681288078253,5.0
1589,1589,38.3009224658677,-2.812500000000057,105.47856348638938,1583.6107309854997
1590,1590,38.68218745348943,-0.3515625,107.50934621446675,732.3707498017902
1591,1591,36.42357364233115,-4.5703125,105.89392167037532,1370.300317167232
1592,1592,42.60980697763761,-3.928571428571445,104.94004231508302,5.0
1593,1593,42.60980697763761,-8.214285714285722,104.42480288801362,23.507409587955653
1594,1594,38.3009224658677,-1.4062500000000568,106.82415960940644,5.0
1595,1595,39.83843997699909,-2.812500000000057,107.3189014419138,308.43027078104944
1596,1596,41.81031489577859,1.7578124999999998,104.55147273648753,776.9871274262944
1597,1597,43.00863399423693,-2.519999999999982,106.83300950500087,5731.292130714296
1598,1598,43.00863399423693,-1.8000000000000114,104.4,1464.876773727071
1599,1599,37.16889965599944,-3.8671875,105.26799560179248,549.5822549951565
1600,1600,42.2103698396502,1.7716535433070868,105.91676571274625,29536.44279868151
1601,1601,41.81031489577859,-2.4609375,106.75255409054922,1621.4396116979096
1602,1602,42.2103698396502,-6.023622047244089,105.14661976429257,15842.219029698656
1603,1603,41.41118863809925,1.40625,105.02742327958885,718.1798472652906
1604,1604,43.00863399423693,-2.519999999999982,105.3120617452874,145.30133733193122
1605,1605,40.228184728061095,-3.8671875,105.54774173211224,5.0
1606,1606,43.00863399423693,-2.519999999999982,107.32747112189107,1641.907523507719
1607,1607,37.921650784291785,-1.0546875000000568,104.6197129360945,5.0
1608,1608,42.2103698396502,-3.897637795275557,105.75667153227083,258.6046325052471
1609,1609,40.228184728061095,-3.164062500000057,105.6524679569755,727.1096258286398
1610,1610,37.16889965599944,-5.9765625,106.02683768777504,785.5310199714555
1611,1611,39.065494664452594,-0.703125,105.68516235992018,1266.339116469232
1612,1612,40.228184728061095,-3.8671875,104.93378900858349,5.0
1613,1613,41.81031489577859,-2.4609375,105.57138295326122,447.79473222477344
1614,1614,41.81031489577859,-0.3515625,106.91390373818084,1316.0482469993967
1615,1615,38.68218745348943,-4.5703125,105.53011775780305,39798.23342090116
1616,1616,36.05358859962301,-5.625,107.61509172916395,1646.534842989974
1617,1617,38.68218745348943,-7.382812500000057,106.05881137317162,9616.8226191814
1618,1618,39.83843997699909,3.515625,104.4,3461.7164787669017
1619,1619,38.3009224658677,-0.703125,106.76719940022103,835.4572175177644
1620,1620,41.01449966573052,-0.3515625,107.26630582215259,5.0
1621,1621,43.00863399423693,-3.240000000000009,107.76344197013694,1464.1531914286645
1622,1622,39.83843997699909,-5.625,105.0912679536065,1334.5581054196075
1623,1623,36.79533013738011,-2.812500000000057,106.33935891278367,1271.982962797268
1624,1624,42.2103698396502,0.3543307086614173,106.70556892266983,649.0483809944076
1625,1625,38.68218745348943,-1.0546875000000568,104.8531876492397,720.1341301768123
1626,1626,42.2103698396502,-8.858267716535408,104.90037598085192,340.3906100806908
1627,1627,40.228184728061095,-3.8671875,106.60562651963468,703.0462381858856
1628,1628,42.60980697763761,-8.928571428571445,105.19599985692837,5.0
1629,1629,41.01449966573052,-4.5703125,106.03336409412015,4229.598964643899
1630,1630,38.3009224658677,-0.703125,107.63996408789731,5.0
1631,1631,41.41118863809925,0.703125,105.96269778126525,5.0
1632,1632,38.68218745348943,-6.6796875,106.38562929608253,551.1361687494033
1633,1633,37.921650784291785,-1.0546875000000568,107.2713643597512,1439.081076702942
1634,1634,36.79533013738011,-5.625,104.98734859340055,553.825925349224
1635,1635,42.2103698396502,-3.897637795275557,107.3311215617616,191.40136671407203
1636,1636,41.41118863809925,-2.109375,107.17056549884076,774.1095944958415
1637,1637,42.60980697763761,-2.5,104.8201050901071,372.8282663745896
1638,1638,36.42357364233115,-4.5703125,104.9518107402724,19369.047765831037
1639,1639,36.79533013738011,-5.625,105.27525141912574,9617.41796232158
1640,1640,40.228184728061095,-3.164062500000057,106.99377826284632,672.0652290911935
1641,1641,37.54432510382694,-2.109375,105.21754540360836,323.45217937351543
1642,1642,40.228184728061095,-3.8671875,106.6709061876053,1674.967768459884
1643,1643,39.065494664452594,0.0,105.15605922348139,5.0
1644,1644,42.60980697763761,0.3571428571428571,106.40855973174251,621.5859506027766
1645,1645,38.3009224658677,-0.703125,105.00157457632591,345.2482417252107
1646,1646,42.60980697763761,-3.928571428571445,107.20532029048593,9587.073495304492
1647,1647,37.54432510382694,-4.21875,106.73070729215823,5.0
1648,1648,37.921650784291785,-1.7578125,104.92144250294714,764.3141231866582
1649,1649,38.3009224658677,-6.328125,106.17041809883692,1847.893687764434
1650,1650,43.00863399423693,-4.680000000000007,107.03492499519926,640.3290103398167
1651,1651,41.81031489577859,-6.6796875,107.81173095636007,5.0
1652,1652,41.81031489577859,0.3515625,106.37465785643764,49544.820336576944
1653,1653,41.41118863809925,1.40625,106.90715935797587,700.6646980540763
1654,1654,43.00863399423693,-1.079999999999984,104.49746831650408,1307.0467456856684
1655,1655,36.79533013738011,-4.21875,107.65430519137718,87.72234770191105
1656,1656,39.83843997699909,2.8125,105.7765326338991,637.5494539658239
1657,1657,41.81031489577859,-5.9765625,106.43890502426362,538.158218850886
1658,1658,41.41118863809925,-2.812500000000057,107.02440578635175,5.0
1659,1659,41.01449966573052,-5.273437500000057,104.4,5.0
1660,1660,39.45089470914606,-3.164062500000057,104.90500659759175,4586.008163071567
1661,1661,40.228184728061095,-3.8671875,106.62052857764093,96.01310918633268
1662,1662,37.16889965599944,-1.7578125,107.80932822273819,5.0
1663,1663,40.62018519067267,-2.109375,107.37684343948851,676.7096379864097
1664,1664,36.42357364233115,-4.5703125,106.84710674134102,3513.7334328340794
1665,1665,37.54432510382694,-1.4062500000000568,106.3086346696491,5.0
1666,1666,42.2103698396502,-8.149606299212564,107.33556202813737,808.1919520543056
1667,1667,36.79533013738011,-4.921875,106.72603149639646,5.0
1668,1668,42.60980697763761,-6.785714285714278,106.93051496857092,5.0
1669,1669,37.54432510382694,-5.625,104.82674195378429,5.0
1670,1670,41.41118863809925,-6.328125,104.4,4549.499902641064
1671,1671,37.16889965599944,-5.9765625,106.63236916010298,5.0
1672,1672,37.16889965599944,-6.6796875,107.23928158584565,5.0
1673,1673,37.921650784291785,-1.0546875000000568,104.4,554.1607045594703
1674,1674,37.921650784291785,-1.0546875000000568,105.48182241740592,5512.933525982628
1675,1675,41.81031489577859,-5.9765625,106.99866541678442,154.35122438254913
1676,1676,43.00863399423693,-1.8000000000000114,105.01782632111521,524.5578643171066
1677,1677,41.41118863809925,-1.4062500000000568,106.93624113354353,5.0
1678,1678,42.2103698396502,0.3543307086614173,107.53055845814963,574.60387482857
1679,1679,38.68218745348943,-0.3515625,105.43107861787917,809.664408681218
1680,1680,41.41118863809925,0.703125,106.8153952825717,797.4006083471031
1681,1681,36.42357364233115,-5.273437500000057,105.01251225432699,335.18440314511423
1682,1682,39.065494664452594,-2.109375,107.21867432603183,291.5542849803419
1683,1683,37.54432510382694,-4.921875,104.81446811191444,5.0
1684,1684,42.60980697763761,-3.2142857142857224,106.87757623287952,423.9544738759943
1685,1685,37.54432510382694,-1.4062500000000568,106.97539703173555,5.0
1686,1686,37.16889965599944,-1.7578125,105.41385149028183,3496.6107203013607
1687,1687,40.62018519067267,-4.21875,107.19842182204381,39675.302977930885
1688,1688,39.45089470914606,-1.0546875000000568,105.53717373558872,39807.097703291896
1689,1689,37.921650784291785,-5.273437500000057,107.60875789433572,5843.063027589917
1690,1690,42.2103698396502,0.3543307086614173,107.95936717846314,1266.9644142191598
1691,1691,40.228184728061095,0.3515625,105.45047527297716,1566.4382587976538
1692,1692,41.41118863809925,-2.109375,106.15379949715323,213.2291194791204
1693,1693,42.60980697763761,-2.5,107.09653285272692,1356.6755137872813
1694,1694,41.41118863809925,2.109375,106.68912417269117,586.6208062174594
1695,1695,43.00863399423693,-2.519999999999982,107.11276849084388,634.8415070126341
1696,1696,43.00863399423693,-6.1200000000000045,106.9197789593791,3426.411426956078
1697,1697,42.60980697763761,-3.2142857142857224,104.64041143933163,204.73877662745997
1698,1698,36.79533013738011,-2.812500000000057,107.56248777376456,298.02753253449663
1699,1699,40.228184728061095,-0.3515625,105.00814619509227,9646.142483861164
1700,1700,36.79533013738011,-2.109375,104.48198701664114,5.0
1701,1701,41.01449966573052,1.7578124999999998,104.77839355833899,641.4561030013485
1702,1702,41.81031489577859,-3.8671875,104.92309933762519,9475.793883347156
1703,1703,40.228184728061095,-6.6796875,105.48075947261418,1295.605567096307
1704,1704,41.01449966573052,-5.9765625,104.4,752.5957093477887
1705,1705,42.60980697763761,-8.214285714285722,104.9547442963111,121.6439673657844
1706,1706,39.065494664452594,-2.109375,105.31857585728751,363.2031066541686
1707,1707,42.2103698396502,-7.440944881889777,107.22912693523757,5639.094528271123
1708,1708,39.45089470914606,-0.3515625,104.62161427980072,776.0242244185117
1709,1709,39.065494664452594,-0.703125,104.81218686345632,694.6878336162855
1710,1710,42.60980697763761,-2.5,106.56322668633655,5.0
